aicairuming	爱才如命	ACCEPT
aidabuli	爱答不理	ACCEPT
aiganwanyan	哀感顽艳	ACCEPT
aimenaihu	挨门挨户	ACCEPT
airenliwu	爱人利物	ACCEPT
airenyide	爱人以德	ACCEPT
ananjingjing	安安静静	ACCEPT
ananwenwen	安安稳稳	ACCEPT
ananxinxin	安安心心	ACCEPT
anbangzhiguo	安邦治国	ACCEPT
anbingshujia	按兵束甲	ACCEPT
anbuwangwei	安不忘危	ACCEPT
ancangshaji	暗藏杀机	ACCEPT
anchaoxiongyong	暗潮汹涌	ACCEPT
anchepulun	安车蒲轮	ACCEPT
andanwuguang	暗淡无光	ACCEPT
andanwuguang	黯淡无光	ACCEPT
anduchencang	暗度陈仓	ACCEPT
andulaoxing	案牍劳形	ACCEPT
andurugu	安堵如故	ACCEPT
anguzhibian	岸谷之变	ACCEPT
anjiannanfang	暗箭难防	ACCEPT
anjianshangren	暗箭伤人	ACCEPT
anneirangwai	安内攘外	ACCEPT
anpinlejian	安贫乐贱	ACCEPT
anranwushi	安然无事	ACCEPT
anruotaishan	安若泰山	ACCEPT
anrutaishan	安如泰山	ACCEPT
antongkuanqu	暗通款曲	ACCEPT
anxiangwannian	安享晚年	ACCEPT
anyupanshi	安于盘石	ACCEPT
anzhenerwo	安枕而卧	ACCEPT
anzhenwuyou	安枕无忧	ACCEPT
anzhiruoming	安之若命	ACCEPT
anzhongmosuo	暗中摸索	ACCEPT
aobukezhang	傲不可长	ACCEPT
aogulinlin	傲骨嶙嶙	ACCEPT
aoxuelingshuang	傲雪凌霜	ACCEPT
ayufengcheng	阿谀奉承	ACCEPT
ayufengying	阿谀逢迎	ACCEPT
babaiguhan	八百孤寒	ACCEPT
babenseyuan	拔本塞源	ACCEPT
babirulin	把臂入林	ACCEPT
badaoxiangzhu	拔刀相助	ACCEPT
badouzhicai	八斗之才	ACCEPT
baibaijingjing	白白净净	ACCEPT
baibanwunai	百般无奈	ACCEPT
baibaxiongdi	拜把兄弟	ACCEPT
baibingcongsheng	百病丛生	ACCEPT
baibuxuanzhong	败不旋踵	ACCEPT
baidubuqin	百毒不侵	ACCEPT
baierheshan	百二河山	ACCEPT
baifeijuju	百废具举	ACCEPT
baifeikoushe	白费口舌	ACCEPT
baiguanyeshi	稗官野史	ACCEPT
baihongguanri	白虹贯日	ACCEPT
baihuanufang	百花怒放	ACCEPT
baihuazhengyan	百花争艳	ACCEPT
baijubaijie	百举百捷	ACCEPT
baijunzhijiang	败军之将	ACCEPT
baikanbuyan	百看不厌	ACCEPT
bailongyufu	白龙鱼服	ACCEPT
baimafeima	白马非马	ACCEPT
baimiyishu	百密一疏	ACCEPT
bainianyiyu	百年一遇	ACCEPT
bainianzhihao	百年之好	ACCEPT
bainiaochaofeng	百鸟朝凤	ACCEPT
baiquanfeisheng	百犬吠声	ACCEPT
bairenchengjin	百忍成金	ACCEPT
bairiqingtian	白日青天	ACCEPT
bairishengtian	白日升天	ACCEPT
baishanheishui	白山黑水	ACCEPT
baishenmoshu	百身莫赎	ACCEPT
baishoubeimian	白首北面	ACCEPT
baishouxingjia	白手兴家	ACCEPT
baishouzhixin	白首之心	ACCEPT
baisushanghua	败俗伤化	ACCEPT
baitoudaolao	白头到老	ACCEPT
baitouruxin	白头如新	ACCEPT
baitouxiangshou	白头相守	ACCEPT
baiwuyiyong	百无一用	ACCEPT
baixiabaiquan	百下百全	ACCEPT
baixingergui	败兴而归	ACCEPT
baiyiqingxiang	白衣卿相	ACCEPT
baiyuwuxia	白玉无瑕	ACCEPT
baizhebuhui	百折不回	ACCEPT
baizhebuqu	百折不屈	ACCEPT
baizheqianhui	百折千回	ACCEPT
baizhuanqianhui	百转千回	ACCEPT
baizoumaicheng	败走麦城	ACCEPT
baizuzhichong	百足之虫	ACCEPT
bakuiquzhi	拔葵去织	ACCEPT
bamianlaifeng	八面来风	ACCEPT
bamianweifeng	八面威风	ACCEPT
banbiheshan	半壁河山	ACCEPT
banbulunyu	半部论语	ACCEPT
bangbingchengzhu	蚌病成珠	ACCEPT
bangguanzheqing	傍观者清	ACCEPT
bangguotiancui	邦国殄瘁	ACCEPT
banmennongfu	班门弄斧	ACCEPT
banshengbanshu	半生半熟	ACCEPT
bansibanlv	半丝半缕	ACCEPT
bansibuhuo	半死不活	ACCEPT
banyesangeng	半夜三更	ACCEPT
banzhebanyan	半遮半掩	ACCEPT
baobianbuyi	褒贬不一	ACCEPT
baobumaosi	抱布贸丝	ACCEPT
baochengshouzhen	抱诚守真	ACCEPT
baodabuping	抱打不平	ACCEPT
baojiaobaohui	包教包会	ACCEPT
baojingfengyu	饱经风雨	ACCEPT
baojingshigu	饱经世故	ACCEPT
baojingximin	保境息民	ACCEPT
baoshankonghui	宝山空回	ACCEPT
baosiliupi	豹死留皮	ACCEPT
baotaichiying	保泰持盈	ACCEPT
baotouhuanyan	豹头环眼	ACCEPT
baoxuezhishi	饱学之士	ACCEPT
baoyuzhisi	鲍鱼之肆	ACCEPT
baozinongsun	抱子弄孙	ACCEPT
bashishiwu	拔十失五	ACCEPT
baxianguohai	八仙过海	ACCEPT
baxinzhuhuo	把薪助火	ACCEPT
beibizhiyin	北鄙之音	ACCEPT
beichangjianxin	备尝艰辛	ACCEPT
beicizhongbi	卑辞重币	ACCEPT
beicongzhonglai	悲从中来	ACCEPT
beidaojianxing	倍道兼行	ACCEPT
beiduolifen	备多力分	ACCEPT
beigekangkai	悲歌慷慨	ACCEPT
beigongfeishi	卑宫菲食	ACCEPT
beiguanyanshi	悲观厌世	ACCEPT
beimensuoyao	北门锁钥	ACCEPT
beimianchengchen	北面称臣	ACCEPT
beipanlangji	杯盘狼籍	ACCEPT
beiribingxing	倍日并行	ACCEPT
beishanmianshui	背山面水	ACCEPT
beiweichongshu	备位充数	ACCEPT
beixijiaojia	悲喜交加	ACCEPT
beizhenanyuan	北辙南辕	ACCEPT
bengubangning	本固邦宁	ACCEPT
benxiangbentu	本乡本土	ACCEPT
benzouhuhao	奔走呼号	ACCEPT
biancaiwuai	辩才无碍	ACCEPT
bianchenbujing	边尘不惊	ACCEPT
biandongbuju	变动不居	ACCEPT
bianfaweixin	变法维新	ACCEPT
bianhuanwuchang	变幻无常	ACCEPT
bianhuanwuqiong	变幻无穷	ACCEPT
bianhuawuqiong	变化无穷	ACCEPT
biankoulici	辩口利辞	ACCEPT
bianyicongshi	便宜从事	ACCEPT
biaobenjianzhi	标本兼治	ACCEPT
biaobingshice	彪炳史册	ACCEPT
biaolixiangying	表里相应	ACCEPT
bibodangyang	碧波荡漾	ACCEPT
bibukeque	必不可缺	ACCEPT
biduolishao	弊多利少	ACCEPT
biejuhuiyan	别具慧眼	ACCEPT
bierbuda	避而不答	ACCEPT
bierbutan	避而不谈	ACCEPT
bierbuzhou	比而不周	ACCEPT
bierhouyi	毙而后已	ACCEPT
bieyoufengwei	别有风味	ACCEPT
bifakouzhu	笔伐口诛	ACCEPT
bigengbuchuo	笔耕不辍	ACCEPT
bihanmobao	笔酣墨饱	ACCEPT
bihuaxiuyue	闭花羞月	ACCEPT
bihudushu	闭户读书	ACCEPT
bijianjizhong	比肩继踵	ACCEPT
bijiewoying	彼竭我盈	ACCEPT
bikongruxi	碧空如洗	ACCEPT
bilirousheng	髀里肉生	ACCEPT
bilulanlv	筚路褴褛	ACCEPT
biluohuangquan	碧落黄泉	ACCEPT
bimenbuchu	闭门不出	ACCEPT
bimenxieke	闭门谢客	ACCEPT
bimenzishou	闭门自守	ACCEPT
bimoguansi	笔墨官司	ACCEPT
bimozhiyan	笔墨纸砚	ACCEPT
bingduojiangguang	兵多将广	ACCEPT
binggexiangjian	兵戈相见	ACCEPT
binggongbanshi	秉公办事	ACCEPT
binggongzhifa	秉公执法	ACCEPT
binghuyuchi	冰壶玉尺	ACCEPT
binglaijiangdang	兵来将挡	ACCEPT
bingqiangjiangyong	兵强将勇	ACCEPT
bingqingyurun	冰清玉润	ACCEPT
bingrenxiangjie	兵刃相接	ACCEPT
bingwuchangshi	兵无常势	ACCEPT
bingwuerzhi	并无二致	ACCEPT
bingxingguidao	兵行诡道	ACCEPT
bingxingnanyi	禀性难移	ACCEPT
bingyaozhiben	秉要执本	ACCEPT
bingzhuyetan	秉烛夜谈	ACCEPT
bingzhuyeyou	秉烛夜游	ACCEPT
biqiangjiruo	避强击弱	ACCEPT
birenermu	避人耳目	ACCEPT
biroufusheng	髀肉复生	ACCEPT
bishijixu	避实击虚	ACCEPT
bixialiuqing	笔下留情	ACCEPT
bixuedanxin	碧血丹心	ACCEPT
biyilianzhi	比翼连枝	ACCEPT
biyouzhilu	必由之路	ACCEPT
bizhengzhidi	必争之地	ACCEPT
bojiqunshu	博极群书	ACCEPT
bolanbujing	波澜不惊	ACCEPT
bolanqunshu	博览群书	ACCEPT
boluanjishi	拨乱济时	ACCEPT
boluanzhubao	拨乱诛暴	ACCEPT
bonongshifei	拨弄是非	ACCEPT
boshijizhong	博施济众	ACCEPT
boxueqiawen	博学洽闻	ACCEPT
buanshishi	不谙世事	ACCEPT
buanyushi	不安于室	ACCEPT
buanyuwei	不安于位	ACCEPT
bubianshifei	不辨是非	ACCEPT
bubudenggao	步步登高	ACCEPT
bucezhihuo	不测之祸	ACCEPT
buchahaoli	不差毫厘	ACCEPT
buchengqihou	不成气候	ACCEPT
buchibulong	不痴不聋	ACCEPT
buchizuihou	不耻最后	ACCEPT
bucixinlao	不辞辛劳	ACCEPT
bucizhitu	不此之图	ACCEPT
bucizhiwei	不次之位	ACCEPT
budaishigui	不待蓍龟	ACCEPT
budeshanzhong	不得善终	ACCEPT
bufaqili	不乏其例	ACCEPT
bufaqiren	不乏其人	ACCEPT
bufazhitu	不法之徒	ACCEPT
bufeijianghe	不废江河	ACCEPT
bugaiqile	不改其乐	ACCEPT
buganbuga	不尴不尬	ACCEPT
buganzaoci	不敢造次	ACCEPT
bugaoerbie	不告而别	ACCEPT
bugouyanxiao	不苟言笑	ACCEPT
bugusihuo	不顾死活	ACCEPT
buhuozhinian	不惑之年	ACCEPT
buhuxixing	不护细行	ACCEPT
bujianzongying	不见踪影	ACCEPT
bujiaobuzao	不骄不躁	ACCEPT
bujiaoerzhu	不教而诛	ACCEPT
bujiezhichou	不解之仇	ACCEPT
bujiezhimi	不解之谜	ACCEPT
bujiezhiyuan	不解之缘	ACCEPT
bujihouguo	不计后果	ACCEPT
bujinbufa	不矜不伐	ACCEPT
bujinbugu	不今不古	ACCEPT
bujinqingli	不近情理	ACCEPT
bujinxixing	不矜细行	ACCEPT
bujinzetui	不进则退	ACCEPT
bujiqianxian	不计前嫌	ACCEPT
bujuxixing	不拘细行	ACCEPT
bukanhuishou	不堪回首	ACCEPT
bukanqiyou	不堪其忧	ACCEPT
bukanruer	不堪入耳	ACCEPT
bukanzhongfu	不堪重负	ACCEPT
bukedongyao	不可动摇	ACCEPT
bukejiuyao	不可救药	ACCEPT
bukepianfei	不可偏废	ACCEPT
bukeqiji	不可企及	ACCEPT
bukeshengji	不可胜纪	ACCEPT
bukeshengji	不可胜计	ACCEPT
bukeshengji	不可胜记	ACCEPT
bukeshengsuan	不可胜算	ACCEPT
bukexianliang	不可限量	ACCEPT
bukezhuomo	不可捉摸	ACCEPT
bulaoercheng	不劳而成	ACCEPT
bulengbure	不冷不热	ACCEPT
buliuqingmian	不留情面	ACCEPT
buliuyudi	不留余地	ACCEPT
bulufengmang	不露锋芒	ACCEPT
buluhenji	不露痕迹	ACCEPT
bumanbuzhi	不蔓不枝	ACCEPT
bumingzeyi	不鸣则已	ACCEPT
bumouertong	不谋而同	ACCEPT
bunanbunv	不男不女	ACCEPT
buningweishi	不宁唯是	ACCEPT
buqianshi	不欺暗室	ACCEPT
buqiertong	不期而同	ACCEPT
buqihouchen	步其后尘	ACCEPT
buqingbubai	不清不白	ACCEPT
buqingzidao	不请自到	ACCEPT
buqiuwenda	不求闻达	ACCEPT
burenbuyi	不仁不义	ACCEPT
burenzudu	不忍卒读	ACCEPT
burongfenshuo	不容分说	ACCEPT
burushiming	不辱使命	ACCEPT
bushangbuxia	不上不下	ACCEPT
bushanyanci	不善言辞	ACCEPT
bushengbumie	不生不灭	ACCEPT
bushezhouye	不舍昼夜	ACCEPT
bushizhici	不实之词	ACCEPT
bushizhousu	不食周粟	ACCEPT
busijinqu	不思进取	ACCEPT
butongliusu	不同流俗	ACCEPT
buwenbuhuo	不瘟不火	ACCEPT
buwenbuwen	不问不闻	ACCEPT
buwenbuwu	不文不武	ACCEPT
buxianbudan	不咸不淡	ACCEPT
buxiaozisun	不肖子孙	ACCEPT
buxigongben	不惜工本	ACCEPT
buyaoeryu	不药而愈	ACCEPT
buyinbuyang	不阴不阳	ACCEPT
buyindaoquan	不饮盗泉	ACCEPT
buyiqingxiang	布衣卿相	ACCEPT
buyishushi	布衣蔬食	ACCEPT
buyiweichi	不以为耻	ACCEPT
buyiyizi	不易一字	ACCEPT
buyizhidian	不易之典	ACCEPT
buyizhijiao	布衣之交	ACCEPT
buyuanwanli	不远万里	ACCEPT
buyuzhiyu	不虞之誉	ACCEPT
buzhanersheng	不战而胜	ACCEPT
buzhigaodi	不知高低	ACCEPT
buzhijiji	不知纪极	ACCEPT
buzhilianchi	不知廉耻	ACCEPT
buzhishenqian	不知深浅	ACCEPT
buzhisuochu	不知所出	ACCEPT
buzhiyici	不置一词	ACCEPT
buzhiyiqian	不值一钱	ACCEPT
buzhiyiti	不值一提	ACCEPT
buzuweiju	不足为据	ACCEPT
buzuweiping	不足为凭	ACCEPT
buzuyumou	不足与谋	ACCEPT
caibozhiqian	才薄智浅	ACCEPT
caibulubai	财不露白	ACCEPT
caidejianbei	才德兼备	ACCEPT
caikuilichu	财匮力绌	ACCEPT
caimeixingling	猜枚行令	ACCEPT
caiqihengyi	才气横溢	ACCEPT
caiqiwushuang	才气无双	ACCEPT
caiqizongheng	才气纵横	ACCEPT
caiquanxingling	猜拳行令	ACCEPT
caishuyiguang	才疏意广	ACCEPT
caisiminjie	才思敏捷	ACCEPT
caiwanggaoya	才望高雅	ACCEPT
caiyunhengtong	财运亨通	ACCEPT
canbaoburen	残暴不仁	ACCEPT
canerbufei	残而不废	ACCEPT
canfenglusu	餐风露宿	ACCEPT
canfengmuyu	餐风沐雨	ACCEPT
canfengsuyu	餐风宿雨	ACCEPT
canfengyinlu	餐风饮露	ACCEPT
cangcuiyudi	苍翠欲滴	ACCEPT
cangenglengzhi	残羹冷炙	ACCEPT
cangerbulu	藏而不露	ACCEPT
canghaihengliu	沧海横流	ACCEPT
cangyanbaifa	苍颜白发	ACCEPT
cangzhimingshan	藏之名山	ACCEPT
canlanhuihuang	灿烂辉煌	ACCEPT
canminyicheng	残民以逞	ACCEPT
canpianduanjian	残篇断简	ACCEPT
canrankeguan	粲然可观	ACCEPT
canruoqunxing	灿若群星	ACCEPT
canshanshengshui	残山剩水	ACCEPT
cansongyinjian	餐松饮涧	ACCEPT
cantouyanwei	蚕头燕尾	ACCEPT
canxiayinxie	餐霞饮瀣	ACCEPT
canyunwoshi	餐云卧石	ACCEPT
caomangyingxiong	草莽英雄	ACCEPT
caozhangyingfei	草长莺飞	ACCEPT
cazhimofen	擦脂抹粉	ACCEPT
cemayangbian	策马扬鞭	ACCEPT
cemingweizhi	策名委质	ACCEPT
cemuershi	侧目而视	ACCEPT
cengbucanran	曾不惨然	ACCEPT
cengcengdiedie	层层叠叠	ACCEPT
chafanwuxin	茶饭无心	ACCEPT
chaihengbinluan	钗横鬓乱	ACCEPT
chaimifuqi	柴米夫妻	ACCEPT
chaitiangaiwu	柴天改物	ACCEPT
chajianyuanyu	察见渊鱼	ACCEPT
chanchanmianmian	缠缠绵绵	ACCEPT
changchunbulao	长春不老	ACCEPT
changciyiwang	长此以往	ACCEPT
changdanwoxin	尝胆卧薪	ACCEPT
changduanbuqi	长短不齐	ACCEPT
changgedangku	长歌当哭	ACCEPT
changhonghuabi	苌弘化碧	ACCEPT
changjiuzhiji	长久之计	ACCEPT
changnianleiyue	常年累月	ACCEPT
changpiandalun	长篇大论	ACCEPT
changranruoshi	怅然若失	ACCEPT
changshazuomi	唱沙作米	ACCEPT
changshengbushuai	长盛不衰	ACCEPT
changshengjiangjun	常胜将军	ACCEPT
chanshangjiaoxia	谄上骄下	ACCEPT
chanyanningyu	谗言佞语	ACCEPT
chaochaonaonao	吵吵闹闹	ACCEPT
chaofanrusheng	超凡入圣	ACCEPT
chaofantuosu	超凡脱俗	ACCEPT
chaolinyizhi	巢林一枝	ACCEPT
chaomaichaomai	炒买炒卖	ACCEPT
chaoqunchuzhong	超群出众	ACCEPT
chaoranwuwai	超然物外	ACCEPT
chaoranyuanju	超然远举	ACCEPT
chaoyijuechen	超逸绝尘	ACCEPT
chaozhangguogu	朝章国故	ACCEPT
chawushiju	查无实据	ACCEPT
chayanguanse	察颜观色	ACCEPT
chayujiuhou	茶余酒后	ACCEPT
chazhimofen	搽脂抹粉	ACCEPT
chechedidi	彻彻底底	ACCEPT
chedonglaxi	扯东拉西	ACCEPT
chefanmabi	车烦马毙	ACCEPT
chehuirenwang	车毁人亡	ACCEPT
chengbangjiedui	成帮结队	ACCEPT
chengbeixugong	城北徐公	ACCEPT
chengchangzhufu	撑肠拄腹	ACCEPT
chengchengkenken	诚诚恳恳	ACCEPT
chengengtufan	尘羹涂饭	ACCEPT
chengequanshan	惩恶劝善	ACCEPT
chengfozuozu	成佛作祖	ACCEPT
chengfuzuozu	成佛作祖	ACCEPT
chenggudaogua	称孤道寡	ACCEPT
chenghuanxixia	承欢膝下	ACCEPT
chenghuqihou	瞠乎其后	ACCEPT
chenghusheshu	城狐社鼠	ACCEPT
chengjiansixi	乘间伺隙	ACCEPT
chengmenlixue	程门立雪	ACCEPT
chengmingchengjia	成名成家	ACCEPT
chengqianghaosheng	逞强好胜	ACCEPT
chengqibubei	乘其不备	ACCEPT
chengqibuyi	乘其不意	ACCEPT
chengqidaojue	称奇道绝	ACCEPT
chengqunjiehuo	成群结伙	ACCEPT
chengredatie	乘热打铁	ACCEPT
chengrenquyi	成仁取义	ACCEPT
chengshataili	澄沙汰砾	ACCEPT
chengshengzhubei	乘胜逐北	ACCEPT
chengshibushuo	成事不说	ACCEPT
chengucijin	陈古刺今	ACCEPT
chengwangbaikou	成王败寇	ACCEPT
chengwangchengba	称王称霸	ACCEPT
chengxiazhimeng	城下之盟	ACCEPT
chengxierru	乘隙而入	ACCEPT
chengxingerlai	乘兴而来	ACCEPT
chengxinruyi	逞心如意	ACCEPT
chengxiongdaodi	称兄道弟	ACCEPT
chengxudiechu	乘虚迭出	ACCEPT
chengzaisiyan	诚哉斯言	ACCEPT
chengzhuzaixiong	成竹在胸	ACCEPT
chenqianglandiao	陈腔滥调	ACCEPT
chentufeiyang	尘土飞扬	ACCEPT
chenxinrushui	臣心如水	ACCEPT
chenyuduncuo	沉郁顿挫	ACCEPT
chenzhafanqi	沉渣泛起	ACCEPT
cheyenanmian	彻夜难眠	ACCEPT
cheyeweimian	彻夜未眠	ACCEPT
chibaichunhong	齿白唇红	ACCEPT
chibaohezu	吃饱喝足	ACCEPT
chichengjiangchang	驰骋疆场	ACCEPT
chicunzhidi	尺寸之地	ACCEPT
chicunzhigong	尺寸之功	ACCEPT
chigeshima	持戈试马	ACCEPT
chikangyancai	吃糠咽菜	ACCEPT
chilibawai	吃里扒外	ACCEPT
chilipawai	吃里爬外	ACCEPT
chimibuwu	痴迷不悟	ACCEPT
chimingzhongwai	驰名中外	ACCEPT
chinanyuannv	痴男怨女	ACCEPT
chirubianbei	齿如编贝	ACCEPT
chishenluoti	赤身裸体	ACCEPT
chixinbaoguo	赤心报国	ACCEPT
chiyibujue	迟疑不决	ACCEPT
chiyingbaotai	持盈保泰	ACCEPT
chizhiyougu	持之有故	ACCEPT
chizhongzhiwu	池中之物	ACCEPT
chongchongdiedie	重重叠叠	ACCEPT
chongguiyuhao	重归于好	ACCEPT
chongjianguangming	重见光明	ACCEPT
chonglunhongyi	崇论宏议	ACCEPT
chongrubujing	宠辱不惊	ACCEPT
chongrujiewang	宠辱皆忘	ACCEPT
chongruruojing	宠辱若惊	ACCEPT
chongshanfuling	重山复岭	ACCEPT
chongxileisheng	重熙累盛	ACCEPT
chongyandiezhang	重岩叠嶂	ACCEPT
chongyiqingli	重义轻利	ACCEPT
chongyuzhixue	虫鱼之学	ACCEPT
chongzhenqigu	重振旗鼓	ACCEPT
choudaoduanshui	抽刀断水	ACCEPT
chouduoyechang	愁多夜长	ACCEPT
choujinbopi	抽筋剥皮	ACCEPT
choumeisuoyan	愁眉锁眼	ACCEPT
chourenguangzuo	稠人广坐	ACCEPT
chourongmanmian	愁容满面	ACCEPT
choushengyuanbo	丑声远播	ACCEPT
choutaibaichu	丑态百出	ACCEPT
choutaibilu	丑态毕露	ACCEPT
chouxuruma	愁绪如麻	ACCEPT
chouyuncanwu	愁云惨雾	ACCEPT
chuandaoshouye	传道授业	ACCEPT
chuanebaichu	舛讹百出	ACCEPT
chuangjianguoma	窗间过马	ACCEPT
chuangranleixia	怆然泪下	ACCEPT
chuangyechuitong	创业垂统	ACCEPT
chuangyeweijian	创业维艰	ACCEPT
chuanhongdailv	穿红戴绿	ACCEPT
chuanjingsongbao	传经送宝	ACCEPT
chuanweijiahua	传为佳话	ACCEPT
chuanweimeitan	传为美谈	ACCEPT
chuanxierding	传檄而定	ACCEPT
chuchudongren	楚楚动人	ACCEPT
chuchushutu	出处殊涂	ACCEPT
chudibuyi	出敌不意	ACCEPT
chuguailouchou	出乖露丑	ACCEPT
chuguailuchou	出乖露丑	ACCEPT
chuichuilaoyi	垂垂老矣	ACCEPT
chuigongerzhi	垂拱而治	ACCEPT
chuilatanchang	吹拉弹唱	ACCEPT
chuishoukede	垂手可得	ACCEPT
chujiangruxiang	出将入相	ACCEPT
chujingshanghuai	触景伤怀	ACCEPT
chuleierchang	触类而长	ACCEPT
chumenhezhe	出门合辙	ACCEPT
chunhanliaoqiao	春寒料峭	ACCEPT
chunhejingming	春和景明	ACCEPT
chunhongchibai	唇红齿白	ACCEPT
chunhuidadi	春回大地	ACCEPT
chunjiaokouzao	唇焦口燥	ACCEPT
chunjiumeiren	醇酒美人	ACCEPT
chunluqiushuang	春露秋霜	ACCEPT
chunqiubifa	春秋笔法	ACCEPT
chunquqiulai	春去秋来	ACCEPT
chunshengxiazhang	春生夏长	ACCEPT
chunshumuyun	春树暮云	ACCEPT
chunwaqiuchan	春蛙秋蝉	ACCEPT
chunxindangyang	春心荡漾	ACCEPT
chunyiangran	春意盎然	ACCEPT
chunyilanshan	春意阑珊	ACCEPT
chunyinqiushe	春蚓秋蛇	ACCEPT
chunyuruyou	春雨如油	ACCEPT
chuoshuyinshui	啜菽饮水	ACCEPT
chuoyueduozi	绰约多姿	ACCEPT
chushengniudu	初生牛犊	ACCEPT
chushibuli	出师不利	ACCEPT
chushitisheng	初试啼声	ACCEPT
chushiwuming	出师无名	ACCEPT
chushuangrudui	出双入对	ACCEPT
chusirusheng	出死入生	ACCEPT
chutouloumian	出头露面	ACCEPT
chutoulumian	出头露面	ACCEPT
chuxiehuangting	初写黄庭	ACCEPT
chuyigongxin	出以公心	ACCEPT
chuyitoudi	出一头地	ACCEPT
chuzhitairan	处之泰然	ACCEPT
chuzhiyouming	黜陟幽明	ACCEPT
cibudayi	辞不达意	ACCEPT
cidaojianhong	刺刀见红	ACCEPT
cifubiqi	此伏彼起	ACCEPT
cihuadianshan	词华典赡	ACCEPT
cimingwushuang	慈明无双	ACCEPT
ciqingcijing	此情此景	ACCEPT
ciqiongliji	词穷理极	ACCEPT
cizhongsanmei	此中三昧	ACCEPT
cizunjubei	辞尊居卑	ACCEPT
congcongmangmang	匆匆忙忙	ACCEPT
congguzhijin	从古至今	ACCEPT
congkuanfaluo	从宽发落	ACCEPT
congmingzhengzhi	聪明正直	ACCEPT
congqingfaluo	从轻发落	ACCEPT
congrongjiuyi	从容就义	ACCEPT
congrongziruo	从容自若	ACCEPT
congshanjunling	丛山峻岭	ACCEPT
congshanrudeng	从善如登	ACCEPT
congshizhizhong	从始至终	ACCEPT
congtouchewei	从头彻尾	ACCEPT
congtouzhiwei	从头至尾	ACCEPT
congzhongyuli	从中渔利	ACCEPT
cufuluantou	粗服乱头	ACCEPT
cuierbujian	脆而不坚	ACCEPT
cuikulaxiu	摧枯拉朽	ACCEPT
cuimeizheyao	摧眉折腰	ACCEPT
cuirenleixia	催人泪下	ACCEPT
cuixiankuoqing	摧陷廓清	ACCEPT
cuizhehaoqiang	摧折豪强	ACCEPT
cunbuqianli	寸步千里	ACCEPT
cunerbulun	存而不论	ACCEPT
cungeshewu	村歌社舞	ACCEPT
cunhuyixin	存乎一心	ACCEPT
cuntubizheng	寸土必争	ACCEPT
cuntuburang	寸土不让	ACCEPT
cuntuchijin	寸土尺金	ACCEPT
cunwanganwei	存亡安危	ACCEPT
cunwangxujue	存亡续绝	ACCEPT
cunxinbuliang	存心不良	ACCEPT
cunyousuochang	寸有所长	ACCEPT
cuoguyanghui	挫骨扬灰	ACCEPT
cuoshiliangji	错失良机	ACCEPT
cuotuoguangyin	蹉跎光阴	ACCEPT
cuotuosuiyue	蹉跎岁月	ACCEPT
cuowubaichu	错误百出	ACCEPT
cuozhishidang	措置失当	ACCEPT
cushengcuqi	粗声粗气	ACCEPT
cushoucujiao	粗手粗脚	ACCEPT
cuxichangtan	促膝长谈	ACCEPT
cuyidanshi	粗衣淡食	ACCEPT
cuzhongyouxi	粗中有细	ACCEPT
dacaodaban	大操大办	ACCEPT
dachuzhuoyan	大处着眼	ACCEPT
dadaozhijian	大道至简	ACCEPT
dadihuichun	大地回春	ACCEPT
dadongganhuo	大动肝火	ACCEPT
daendade	大恩大德	ACCEPT
daeryanzhi	大而言之	ACCEPT
dafacibei	大发慈悲	ACCEPT
dafahengcai	大发横财	ACCEPT
dafangjueci	大放厥辞	ACCEPT
dafaxiaolian	大法小廉	ACCEPT
dafengdalang	大风大浪	ACCEPT
daguanxiangui	达官显贵	ACCEPT
dahaoheshan	大好河山	ACCEPT
daihuzhishou	怠忽职守	ACCEPT
dairenshuoxiang	代人说项	ACCEPT
daitianlvdi	戴天履地	ACCEPT
daiwuxuri	殆无虚日	ACCEPT
daiziguizhong	待字闺中	ACCEPT
daizuiligong	戴罪立功	ACCEPT
dajiafengfan	大家风范	ACCEPT
dajiangnanbei	大江南北	ACCEPT
dakaishajie	大开杀戒	ACCEPT
dalangtaosha	大浪淘沙	ACCEPT
daluzhuilun	大辂椎轮	ACCEPT
damajindao	大马金刀	ACCEPT
damiuburan	大谬不然	ACCEPT
danboningjing	淡泊宁静	ACCEPT
dandanerfa	旦旦而伐	ACCEPT
dandaxinxi	胆大心细	ACCEPT
danerwuwei	淡而无味	ACCEPT
dangjuzhemi	当局者迷	ACCEPT
dangniuzuoma	当牛做马	ACCEPT
dangtoubanghe	当头棒喝	ACCEPT
dangtouyibang	当头一棒	ACCEPT
dangxiliju	荡析离居	ACCEPT
dangxingerwang	当刑而王	ACCEPT
danjingjieli	殚精竭力	ACCEPT
danpomingli	淡泊名利	ACCEPT
dansaoemei	淡扫蛾眉	ACCEPT
danshutieqi	丹书铁契	ACCEPT
danshutiequan	丹书铁券	ACCEPT
dansihujiang	箪食壶浆	ACCEPT
dansijilv	殚思极虑	ACCEPT
dansipiaoyin	箪食瓢饮	ACCEPT
danwuxufa	弹无虚发	ACCEPT
danxiaopashi	胆小怕事	ACCEPT
danxihuofu	旦夕祸福	ACCEPT
daodewenzhang	道德文章	ACCEPT
daoerbujing	道而不径	ACCEPT
daogaodezhong	道高德重	ACCEPT
daohezhitong	道合志同	ACCEPT
daojuxungui	蹈矩循规	ACCEPT
daoluyimu	道路以目	ACCEPT
daoshanqinghai	倒山倾海	ACCEPT
daoyiyoudao	盗亦有道	ACCEPT
daoyizhijiao	道义之交	ACCEPT
daqiaoruozhuo	大巧若拙	ACCEPT
daqingmaqu	打情骂趣	ACCEPT
daqipangbo	大气磅礴	ACCEPT
daquandulan	大权独揽	ACCEPT
daquanpangluo	大权旁落	ACCEPT
darendaliang	大人大量	ACCEPT
darendayi	大仁大义	ACCEPT
darenzhiming	达人知命	ACCEPT
dashafengjing	大煞风景	ACCEPT
dashidafei	大是大非	ACCEPT
dashihuaxiao	大事化小	ACCEPT
dashiyiqu	大势已去	ACCEPT
dashuteshu	大书特书	ACCEPT
dasilaohu	打死老虎	ACCEPT
datiechenre	打铁趁热	ACCEPT
datingguangzhong	大廷广众	ACCEPT
datixiaozuo	大题小做	ACCEPT
daxiangwuxing	大象无形	ACCEPT
daxidabei	大喜大悲	ACCEPT
dayinxisheng	大音希声	ACCEPT
dayiqiqu	大异其趣	ACCEPT
dayoujingting	大有径庭	ACCEPT
dayoukeguan	大有可观	ACCEPT
dayuqingpen	大雨倾盆	ACCEPT
dazhanhongtu	大展宏图	ACCEPT
dazhanshenshou	大展身手	ACCEPT
dazhidayong	大智大勇	ACCEPT
dazhiruoqu	大直若屈	ACCEPT
dazuowenzhang	大做文章	ACCEPT
debubushi	得不补失	ACCEPT
delongwangshu	得陇望蜀	ACCEPT
denggaobifu	登高必赋	ACCEPT
denghuohuihuang	灯火辉煌	ACCEPT
denghuolanshan	灯火阑珊	ACCEPT
dengliangqiguan	等量齐观	ACCEPT
dengmixiaguo	等米下锅	ACCEPT
dengxianshizhi	等闲视之	ACCEPT
deqisuozai	得其所哉	ACCEPT
derensili	得人死力	ACCEPT
deshenghuichao	得胜回朝	ACCEPT
deweicengyou	得未曾有	ACCEPT
deyiyangyang	得意扬扬	ACCEPT
deyizhibi	得意之笔	ACCEPT
diandaoweizhi	点到为止	ACCEPT
dianguangshihuo	电光石火	ACCEPT
dianshanleiming	电闪雷鸣	ACCEPT
diantouchengshi	点头称是	ACCEPT
diaochanmanzuo	貂蝉满座	ACCEPT
diaochongxiaoji	雕虫小计	ACCEPT
diaoerlangdang	吊儿郎当	ACCEPT
diaolonghuafeng	雕龙画凤	ACCEPT
diaozhangzhuoju	雕章琢句	ACCEPT
diaozhangzuoju	雕章琢句	ACCEPT
diaozuanguguai	刁钻古怪	ACCEPT
diaozuankebo	刁钻刻薄	ACCEPT
diashengdiaqi	嗲声嗲气	ACCEPT
dibengshancui	地崩山摧	ACCEPT
diechuangjiawu	叠床架屋	ACCEPT
diedangqifu	跌宕起伏	ACCEPT
diguangrenxi	地广人希	ACCEPT
dijielixing	砥节砺行	ACCEPT
dijiminpin	地瘠民贫	ACCEPT
dijiutianchang	地久天长	ACCEPT
dikaitongchou	敌忾同仇	ACCEPT
dilaotianhuang	地老天荒	ACCEPT
dilieshanbeng	地裂山崩	ACCEPT
dingdingyouming	鼎鼎有名	ACCEPT
dingfengmaoyu	顶风冒雨	ACCEPT
dingguoanbang	定国安邦	ACCEPT
dingluanfushuai	定乱扶衰	ACCEPT
dingqingfuwei	定倾扶危	ACCEPT
dingxingegu	鼎新革故	ACCEPT
dingzhenxuma	顶针续麻	ACCEPT
dingzuerli	鼎足而立	ACCEPT
dingzuersan	鼎足而三	ACCEPT
dingzusanfen	鼎足三分	ACCEPT
dipingtiancheng	地平天成	ACCEPT
direnyideng	低人一等	ACCEPT
dishengxiaqi	低声下气	ACCEPT
dishuichengbing	滴水成冰	ACCEPT
dishuichenghe	滴水成河	ACCEPT
disimansheng	底死谩生	ACCEPT
ditouhayao	低头哈腰	ACCEPT
diuhunluopo	丢魂落魄	ACCEPT
dizhuzhiyi	地主之谊	ACCEPT
dizhuzhongliu	砥柱中流	ACCEPT
dongbuxicou	东补西凑	ACCEPT
dongchaqiuhao	洞察秋毫	ACCEPT
dongchexila	东扯西拉	ACCEPT
dongdangbuan	动荡不安	ACCEPT
dongduoxicang	东躲西藏	ACCEPT
dongjiaxishe	东家西舍	ACCEPT
dongjingyouchang	动静有常	ACCEPT
dongliangzhicai	栋梁之才	ACCEPT
dongliangzhicai	栋梁之材	ACCEPT
dongnanzhimei	东南之美	ACCEPT
dongnuanxialiang	冬暖夏凉	ACCEPT
dongpiaoxidang	东飘西荡	ACCEPT
dongpojingxin	动魄惊心	ACCEPT
dongqiangchuzi	东墙处子	ACCEPT
dongqiuxiage	冬裘夏葛	ACCEPT
dongrenxinxian	动人心弦	ACCEPT
dongrutuotu	动如脱兔	ACCEPT
dongshixiaopin	东施效颦	ACCEPT
dongtianfudi	洞天福地	ACCEPT
dongxinanshuo	东西南朔	ACCEPT
dongyouxidang	东游西荡	ACCEPT
dongyouxiguang	东游西逛	ACCEPT
dongzhecuibeng	栋折榱崩	ACCEPT
dongzhiyiqing	动之以情	ACCEPT
doujiuxueshi	斗酒学士	ACCEPT
doujizougou	斗鸡走狗	ACCEPT
doujueyiyu	斗绝一隅	ACCEPT
doumichibu	斗米尺布	ACCEPT
doupouguafen	豆剖瓜分	ACCEPT
douzheshexing	斗折蛇行	ACCEPT
douzhidouyong	斗智斗勇	ACCEPT
douzhuanxingyi	斗转星移	ACCEPT
duananrushen	断案如神	ACCEPT
duanbingjiezhan	短兵接战	ACCEPT
duanduanzhengzheng	端端正正	ACCEPT
duanfawenshen	断发文身	ACCEPT
duangengpiaoping	断梗飘萍	ACCEPT
duanjingtuiyuan	断井颓垣	ACCEPT
duanjinshaoliang	短斤少两	ACCEPT
duanlanchaobao	断烂朝报	ACCEPT
duannikecha	端倪可察	ACCEPT
duantoujiangjun	断头将军	ACCEPT
duanyipima	短衣匹马	ACCEPT
dubutianxia	独步天下	ACCEPT
dudeliangli	度德量力	ACCEPT
duhuozhongshao	妒火中烧	ACCEPT
duikehuihao	对客挥毫	ACCEPT
duizhengfayao	对症发药	ACCEPT
duizhengzhiyao	对症之药	ACCEPT
dujuhuiyan	独具慧眼	ACCEPT
dujuyige	独具一格	ACCEPT
dulandaquan	独揽大权	ACCEPT
dumenxieke	杜门谢客	ACCEPT
dumunanzhi	独木难支	ACCEPT
dunjikongmen	遁迹空门	ACCEPT
dunshishuoli	敦诗说礼	ACCEPT
dunzuchuixiong	顿足捶胸	ACCEPT
duocaiduozi	多采多姿	ACCEPT
duoduanguayao	多端寡要	ACCEPT
duofeichunshe	多费唇舌	ACCEPT
duoguanqixia	多管齐下	ACCEPT
duokuangerchu	夺眶而出	ACCEPT
duolinianren	多历年稔	ACCEPT
duoliniansuo	多历年所	ACCEPT
duowenqiangji	多闻强记	ACCEPT
dushanwushen	独善吾身	ACCEPT
dushemengshou	毒蛇猛兽	ACCEPT
dushuyizhi	独竖一帜	ACCEPT
dushuzhongzi	读书种子	ACCEPT
duwangdulai	独往独来	ACCEPT
duwushangqing	睹物伤情	ACCEPT
duxianjineng	妒贤嫉能	ACCEPT
duzhihaoxue	笃志好学	ACCEPT
edangbizhou	阿党比周	ACCEPT
eeyangshan	遏恶扬善	ACCEPT
ehuqinyang	饿虎擒羊	ACCEPT
ehutunyang	饿虎吞羊	ACCEPT
emibayin	遏密八音	ACCEPT
enenaiai	恩恩爱爱	ACCEPT
enenyuanyuan	恩恩怨怨	ACCEPT
enuoduozi	婀娜多姿	ACCEPT
enweibingshi	恩威并施	ACCEPT
enzhongrushan	恩重如山	ACCEPT
erbinsimo	耳鬓斯磨	ACCEPT
erlongxizhu	二龙戏珠	ACCEPT
ermubisai	耳目闭塞	ACCEPT
ernvqingchang	儿女情长	ACCEPT
ersanqide	二三其德	ACCEPT
ershizhitan	耳食之谈	ACCEPT
ershizhiyan	耳食之言	ACCEPT
ershuweinve	二竖为虐	ACCEPT
ersunmantang	儿孙满堂	ACCEPT
ertingbafang	耳听八方	ACCEPT
erxingzhihao	二姓之好	ACCEPT
eshengeqi	恶声恶气	ACCEPT
ewantanxi	扼腕叹息	ACCEPT
eyaneyu	恶言恶语	ACCEPT
eyuchanmei	阿谀谄媚	ACCEPT
eyuxiangjia	恶语相加	ACCEPT
eyuxiangxiang	恶语相向	ACCEPT
fabuegui	法不阿贵	ACCEPT
fabuzezhong	法不责众	ACCEPT
facejueke	发策决科	ACCEPT
fafanqili	发凡起例	ACCEPT
fajiazhifu	发家致富	ACCEPT
faliwubian	法力无边	ACCEPT
fancizhongzhong	凡此种种	ACCEPT
fanerbujiao	犯而不校	ACCEPT
fanfanzhibei	泛泛之辈	ACCEPT
fanfanzhitan	泛泛之谈	ACCEPT
fangcunbuluan	方寸不乱	ACCEPT
fangcunzhidi	方寸之地	ACCEPT
fangdanfengliu	放诞风流	ACCEPT
fangeyiji	反戈一击	ACCEPT
fanggezongjiu	放歌纵酒	ACCEPT
fanghuguishan	放虎归山	ACCEPT
fangongdaosuan	反攻倒算	ACCEPT
fangongzixing	反躬自省	ACCEPT
fangyileiju	方以类聚	ACCEPT
fangyuankeshi	方员可施	ACCEPT
fangzongbuji	放纵不羁	ACCEPT
fangzongbuju	放纵不拘	ACCEPT
fanhuasijin	繁花似锦	ACCEPT
fanlaizhangkou	饭来张口	ACCEPT
fanlianwuqing	翻脸无情	ACCEPT
fanmuweichou	反目为仇	ACCEPT
fanpuguizhen	反朴归真	ACCEPT
fanpuguizhen	返朴归真	ACCEPT
fanranhuiwu	幡然悔悟	ACCEPT
fanranxingwu	幡然醒悟	ACCEPT
fanranxingwu	翻然醒悟	ACCEPT
fanrongfuqiang	繁荣富强	ACCEPT
fanshandaohai	翻山倒海	ACCEPT
fanshuyinshui	饭蔬饮水	ACCEPT
fantairouyan	凡胎肉眼	ACCEPT
fantaizhuoti	凡胎浊体	ACCEPT
fanyanjijian	犯颜极谏	ACCEPT
fanyankujian	犯颜苦谏	ACCEPT
fanyansuici	烦言碎辞	ACCEPT
fanyanzhijian	犯颜直谏	ACCEPT
fanzhaohuiguang	返照回光	ACCEPT
fanzhuweike	反主为客	ACCEPT
farenshensheng	发人深省	ACCEPT
fawukedai	法无可贷	ACCEPT
faxianbuling	发宪布令	ACCEPT
faxingzhifu	伐性之斧	ACCEPT
fazifeifu	发自肺腑	ACCEPT
fazongzhishi	发踪指使	ACCEPT
fazuidiaomin	伐罪吊民	ACCEPT
feibangzhimu	诽谤之木	ACCEPT
feichizhongwu	非池中物	ACCEPT
feidongshounian	肥冬瘦年	ACCEPT
feiduanliuchang	飞短流长	ACCEPT
feiefuhuo	飞蛾赴火	ACCEPT
feifanyingtian	沸反盈天	ACCEPT
feifeiqizhu	吠非其主	ACCEPT
feifenzhicai	非分之财	ACCEPT
feifenzhixiang	非分之想	ACCEPT
feigechuanshu	飞鸽传书	ACCEPT
feigeliudan	飞阁流丹	ACCEPT
feigongzhijie	匪躬之节	ACCEPT
feihuangtengda	飞黄腾达	ACCEPT
feijinxinxue	费尽心血	ACCEPT
feijinzhouzhe	费尽周折	ACCEPT
feiliwushi	非礼勿视	ACCEPT
feiranerfan	废然而反	ACCEPT
feishazoushi	飞沙走石	ACCEPT
feishengzhongwai	蜚声中外	ACCEPT
feishizhixin	匪石之心	ACCEPT
feishuertan	废书而叹	ACCEPT
feitongerxi	非同儿戏	ACCEPT
feitongyiban	非同一般	ACCEPT
feitoudamian	肥头大面	ACCEPT
feiwomoshu	非我莫属	ACCEPT
feiwozulei	非我族类	ACCEPT
feixiongrumeng	飞熊入梦	ACCEPT
feiyingzougou	飞鹰走狗	ACCEPT
feizaihenghuo	飞灾横祸	ACCEPT
feizhujianyu	飞珠溅玉	ACCEPT
fenbingbashou	分兵把守	ACCEPT
fenbuyusheng	愤不欲生	ACCEPT
fenfanfuza	纷繁复杂	ACCEPT
fenfayouwei	奋发有为	ACCEPT
fenfenbuping	忿忿不平	ACCEPT
fenfengpiliu	分风劈流	ACCEPT
fenfenmiaomiao	分分秒秒	ACCEPT
fengchenlulu	风尘碌碌	ACCEPT
fengchuilangda	风吹浪打	ACCEPT
fengchuiyulin	风吹雨淋	ACCEPT
fengcifazui	奉辞伐罪	ACCEPT
fengdupianpian	风度翩翩	ACCEPT
fengfengbubu	缝缝补补	ACCEPT
fengfengguangguang	风风光光	ACCEPT
fengguanxiapei	凤冠霞帔	ACCEPT
fenghuanwubin	风鬟雾鬓	ACCEPT
fenghuoliantian	烽火连天	ACCEPT
fengjingbushu	风景不殊	ACCEPT
fengjingruhua	风景如画	ACCEPT
fengjuancanyun	风卷残云	ACCEPT
fengliurenwu	风流人物	ACCEPT
fengmaojidan	凤毛鸡胆	ACCEPT
fengmingxingshi	奉命行事	ACCEPT
fengqiangzhenma	风樯阵马	ACCEPT
fengqingyuelang	风清月朗	ACCEPT
fengrushenming	奉如神明	ACCEPT
fengtangtoubai	冯唐头白	ACCEPT
fengtangyilao	冯唐易老	ACCEPT
fengtuminqing	风土民情	ACCEPT
fengweikaimo	奉为楷模	ACCEPT
fengweizhibao	奉为至宝	ACCEPT
fengxinggushi	奉行故事	ACCEPT
fengxuandianche	风旋电掣	ACCEPT
fengyanfengyu	风言风语	ACCEPT
fengyongerlai	蜂拥而来	ACCEPT
fengyongershang	蜂拥而上	ACCEPT
fengyujiancheng	风雨兼程	ACCEPT
fengyunbianse	风云变色	ACCEPT
fengyunjihui	风云际会	ACCEPT
fengyuntubian	风云突变	ACCEPT
fengzhongcanzhu	风中残烛	ACCEPT
fengziyeli	丰姿冶丽	ACCEPT
fenhaobucha	分毫不差	ACCEPT
fenhaobuqu	分毫不取	ACCEPT
fenhuawajie	分化瓦解	ACCEPT
fenjinheji	分进合击	ACCEPT
fenjiubihe	分久必合	ACCEPT
fenmianzhuchun	粉面朱唇	ACCEPT
fenneizhishi	分内之事	ACCEPT
fenqitianying	愤气填膺	ACCEPT
fenranzuose	忿然作色	ACCEPT
fenruzhihuo	焚如之祸	ACCEPT
fenxiangdingli	焚香顶礼	ACCEPT
fenyongdangxian	奋勇当先	ACCEPT
fenyongzhengxian	奋勇争先	ACCEPT
foxingchanxin	佛性禅心	ACCEPT
foxinshekou	佛心蛇口	ACCEPT
fuchezhigui	覆车之轨	ACCEPT
fudizuoxiao	伏低做小	ACCEPT
fufenhelang	傅粉何郎	ACCEPT
fuguachenli	浮瓜沉李	ACCEPT
fuguibiren	富贵逼人	ACCEPT
fuguibuyin	富贵不淫	ACCEPT
fuguifuyun	富贵浮云	ACCEPT
fuguironghua	富贵荣华	ACCEPT
fuhuaduoluo	腐化堕落	ACCEPT
fuhualangrui	浮花浪蕊	ACCEPT
fuhuishuangxiu	福慧双修	ACCEPT
fuhuxianglong	伏虎降龙	ACCEPT
fujiatianxia	富甲天下	ACCEPT
fulaoxiangqin	父老乡亲	ACCEPT
fulushuangquan	福禄双全	ACCEPT
fumuzhibang	父母之邦	ACCEPT
furenzhijian	妇人之见	ACCEPT
furudonghai	福如东海	ACCEPT
furuningzhi	肤如凝脂	ACCEPT
fushanhuoyin	福善祸淫	ACCEPT
fushengruomeng	浮生若梦	ACCEPT
fushizhangmin	辅世长民	ACCEPT
fushouchenchen	俯首称臣	ACCEPT
fushoujiuqin	俯首就擒	ACCEPT
fushoukangning	福寿康宁	ACCEPT
fushoushuangquan	福寿双全	ACCEPT
fushoutieer	俯首贴耳	ACCEPT
fushouwujiang	福寿无疆	ACCEPT
fushouzhisu	肤受之诉	ACCEPT
fushouzhiyan	肤受之言	ACCEPT
fuweidingqing	扶危定倾	ACCEPT
fuweijipin	扶危济贫	ACCEPT
fuweijiukun	扶危救困	ACCEPT
fuxinzhiji	腹心之疾	ACCEPT
fuxinziwen	抚心自问	ACCEPT
fuxiuergui	拂袖而归	ACCEPT
fuyidabai	浮一大白	ACCEPT
fuyuanliaokuo	幅员辽阔	ACCEPT
fuyuchunqiu	富于春秋	ACCEPT
fuyunbiri	浮云蔽日	ACCEPT
fuzhangdaxiao	抚掌大笑	ACCEPT
fuzhengquxie	扶正祛邪	ACCEPT
fuzhiliushui	付之流水	ACCEPT
fuzhixinling	福至心灵	ACCEPT
fuzimingbi	复子明辟	ACCEPT
fuzizidao	夫子自道	ACCEPT
gaiecongshan	改恶从善	ACCEPT
gaiminghuanxing	改名换姓	ACCEPT
gaimingyixing	改名易姓	ACCEPT
gaiqiyizhi	改旗易帜	ACCEPT
gaishiwushuang	盖世无双	ACCEPT
gaishiyingxiong	盖世英雄	ACCEPT
gaishizhicai	盖世之才	ACCEPT
gaitianhuandi	改天换地	ACCEPT
gandantudi	肝胆涂地	ACCEPT
gangeraorang	干戈扰攘	ACCEPT
gangrouxiangji	刚柔相济	ACCEPT
gangzhibue	刚直不阿	ACCEPT
gankaijiang	感慨激昂	ACCEPT
gankaiwanduan	感慨万端	ACCEPT
gankaiwanqian	感慨万千	ACCEPT
gankaixizhi	感慨系之	ACCEPT
gankuyugong	甘苦与共	ACCEPT
gannuganyan	敢怒敢言	ACCEPT
ganshixiaoyi	旰食宵衣	ACCEPT
ganxinshouji	甘心首疾	ACCEPT
ganzuogandang	敢作敢当	ACCEPT
ganzuoganwei	敢做敢为	ACCEPT
gaocaijizu	高材疾足	ACCEPT
gaodiguijian	高低贵贱	ACCEPT
gaofengjinjie	高风劲节	ACCEPT
gaoguanhoujue	高官厚爵	ACCEPT
gaoliangnianshao	膏粱年少	ACCEPT
gaomusihui	槁木死灰	ACCEPT
gaorenyichou	高人一筹	ACCEPT
gaoshanjunling	高山峻岭	ACCEPT
gaoshanliushui	高山流水	ACCEPT
gaoshanyangzhi	高山仰止	ACCEPT
gaoshizhicai	高世之才	ACCEPT
gaoshourulin	高手如林	ACCEPT
gaoxiaqishou	高下其手	ACCEPT
gaoyuzhidi	膏腴之地	ACCEPT
gaozhenerwo	高枕而卧	ACCEPT
gaozudizi	高足弟子	ACCEPT
gebuxiangrang	各不相让	ACCEPT
gecongqilei	各从其类	ACCEPT
gegejipo	各个击破	ACCEPT
gehuaiguitai	各怀鬼胎	ACCEPT
gejiagehu	各家各户	ACCEPT
gejinqize	各尽其责	ACCEPT
gejiucongxin	革旧从新	ACCEPT
gelingfengsao	各领风骚	ACCEPT
genggengzhongxin	耿耿忠心	ACCEPT
gengminggaixing	更名改姓	ACCEPT
gengshangcenglou	更上层楼	ACCEPT
genshenzhimao	根深枝茂	ACCEPT
gesanchawu	隔三岔五	ACCEPT
geserendeng	各色人等	ACCEPT
geshanshengchang	各擅胜场	ACCEPT
geshizhigan	隔世之感	ACCEPT
gesiqishi	各司其事	ACCEPT
getaiwuxie	歌台舞榭	ACCEPT
geweiqizhu	各为其主	ACCEPT
gexianshentong	各显神通	ACCEPT
geyousuochang	各有所长	ACCEPT
gezhiyiduan	各执一端	ACCEPT
gongchenglvedi	攻城掠地	ACCEPT
gongchengxingman	功成行满	ACCEPT
gongchengyezhan	攻城野战	ACCEPT
gongcheyanjia	宫车晏驾	ACCEPT
gongfengqisheng	躬逢其盛	ACCEPT
gonggaitiandi	功盖天地	ACCEPT
gonggaozhenzhu	功高震主	ACCEPT
gonggongjingjing	恭恭敬敬	ACCEPT
gonggongzhengzheng	工工整整	ACCEPT
gongmingfugui	功名富贵	ACCEPT
gongmodaiyan	功莫大焉	ACCEPT
gongpingwusi	公平无私	ACCEPT
gongqibubei	攻其不备	ACCEPT
gongshoutongmeng	攻守同盟	ACCEPT
gongshouzuikui	功首罪魁	ACCEPT
gongsifenming	公私分明	ACCEPT
gongsuishentui	功遂身退	ACCEPT
gongwanluche	共挽鹿车	ACCEPT
gongwubuke	攻无不克	ACCEPT
gongwubuqu	攻无不取	ACCEPT
gongxianshizu	躬先士卒	ACCEPT
gongxingshijian	躬行实践	ACCEPT
gongxinweishang	攻心为上	ACCEPT
gongyingbeishe	弓影杯蛇	ACCEPT
gongyingfubei	弓影浮杯	ACCEPT
gongzaiqianqiu	功在千秋	ACCEPT
gongzhedaojin	弓折刀尽	ACCEPT
gongzhengbue	公正不阿	ACCEPT
gongzhenglianming	公正廉明	ACCEPT
gongzhengwusi	公正无私	ACCEPT
gongzhongtiguo	公忠体国	ACCEPT
gougouyingying	狗苟蝇营	ACCEPT
gouhunshepo	勾魂摄魄	ACCEPT
gouquanxingming	苟全性命	ACCEPT
gouxindoujiao	钩心斗角	ACCEPT
guadiemianmian	瓜瓞绵绵	ACCEPT
guaduqianchang	挂肚牵肠	ACCEPT
guafendoupou	瓜分豆剖	ACCEPT
guaguanguiqu	挂冠归去	ACCEPT
guaiguaiqiqi	怪怪奇奇	ACCEPT
guaililuanshen	怪力乱神	ACCEPT
guaiqiangguaitiao	怪腔怪调	ACCEPT
guaishilinxun	怪石嶙峋	ACCEPT
gualianxianchi	寡廉鲜耻	ACCEPT
guamuxiangdai	刮目相待	ACCEPT
guamuxiangjian	刮目相见	ACCEPT
guanbaozhijiao	管鲍之交	ACCEPT
guanbuyifang	官不易方	ACCEPT
guancharuwei	观察入微	ACCEPT
guangcaizhaoren	光彩照人	ACCEPT
guangfujiuwu	光复旧物	ACCEPT
guanghuicanlan	光辉灿烂	ACCEPT
guangjieshanyuan	广结善缘	ACCEPT
guangkaimenlu	广开门路	ACCEPT
guangkejianren	光可鉴人	ACCEPT
guangmangsishe	光芒四射	ACCEPT
guangtuzhongmin	广土众民	ACCEPT
guangweirenzhi	广为人知	ACCEPT
guangxianliangli	光鲜亮丽	ACCEPT
guangyanwanzhang	光焰万丈	ACCEPT
guangzhongboshou	广种薄收	ACCEPT
guankuilice	管窥蠡测	ACCEPT
guanmenbihu	关门闭户	ACCEPT
guanninggexi	管宁割席	ACCEPT
guanshantiaodi	关山迢递	ACCEPT
guantongronghui	贯通融会	ACCEPT
guanwangzhilai	观往知来	ACCEPT
guanxiusuchen	贯朽粟陈	ACCEPT
guanzheruyun	观者如云	ACCEPT
guawenshaojian	寡闻少见	ACCEPT
gubiaoaoshi	孤标傲世	ACCEPT
gubuzifeng	固步自封	ACCEPT
guchenniezi	孤臣孽子	ACCEPT
guchunnongshe	鼓唇弄舌	ACCEPT
gudaorechang	古道热肠	ACCEPT
gudichongyou	故地重游	ACCEPT
guerguamu	孤儿寡母	ACCEPT
gugongzhichen	股肱之臣	ACCEPT
gugongzhili	股肱之力	ACCEPT
gugudandan	孤孤单单	ACCEPT
guguozhisi	故国之思	ACCEPT
guhouzhanqian	顾后瞻前	ACCEPT
guigenjiudi	归根究柢	ACCEPT
guiguijuju	规规矩矩	ACCEPT
guikushenhao	鬼哭神嚎	ACCEPT
guimafangniu	归马放牛	ACCEPT
guirenshanwang	贵人善忘	ACCEPT
guizipiaoxiang	桂子飘香	ACCEPT
gujianqingshen	故剑情深	ACCEPT
gujichongshi	故技重施	ACCEPT
gujichongyan	故技重演	ACCEPT
gujingcanxing	顾景惭形	ACCEPT
gujunshenru	孤军深入	ACCEPT
gujunzuozhan	孤军作战	ACCEPT
gukuwuyi	孤苦无依	ACCEPT
gulvchongchong	顾虑重重	ACCEPT
guocongshenmi	过从甚密	ACCEPT
guoerburu	过而不入	ACCEPT
guofuminan	国富民安	ACCEPT
guofuminqiang	国富民强	ACCEPT
guohenjiachou	国恨家仇	ACCEPT
guohezuzi	过河卒子	ACCEPT
guohuacunshen	过化存神	ACCEPT
guojiangbuguo	国将不国	ACCEPT
guomuchengsong	过目成诵	ACCEPT
guomunanwang	过目难忘	ACCEPT
guonandangtou	国难当头	ACCEPT
guoruqiyan	果如其言	ACCEPT
guoshiwushuang	国士无双	ACCEPT
guoshudiluo	果熟蒂落	ACCEPT
gupanshenfei	顾盼神飞	ACCEPT
gupanshenghui	顾盼生辉	ACCEPT
gupanshengzi	顾盼生姿	ACCEPT
gupanzihao	顾盼自豪	ACCEPT
gurouzhiqing	骨肉之情	ACCEPT
gushengxianxian	古圣先贤	ACCEPT
gutengroufei	骨腾肉飞	ACCEPT
gutunanli	故土难离	ACCEPT
guwangtingzhi	姑妄听之	ACCEPT
guwurenxin	鼓舞人心	ACCEPT
guxizhinian	古稀之年	ACCEPT
guyiyouzhi	古已有之	ACCEPT
guyuexuantian	鼓乐喧天	ACCEPT
guzhangzhishang	股掌之上	ACCEPT
guzhennanmian	孤枕难眠	ACCEPT
guzuoxuanxu	故作玄虚	ACCEPT
haibuyangbo	海不扬波	ACCEPT
haidilaoyue	海底捞月	ACCEPT
haidilaozhen	海底捞针	ACCEPT
haijiaotianya	海角天涯	ACCEPT
hairenhaiji	害人害己	ACCEPT
haitianyise	海天一色	ACCEPT
haiwaiqitan	海外奇谈	ACCEPT
haiwutianchou	海屋添筹	ACCEPT
hanbaoyufang	含苞欲放	ACCEPT
handanxuebu	邯郸学步	ACCEPT
handonglayue	寒冬腊月	ACCEPT
hanfenglinlie	寒风凛冽	ACCEPT
hangeburu	扞格不入	ACCEPT
hangounawu	含垢纳污	ACCEPT
hangwuchushen	行伍出身	ACCEPT
hanhuqici	含糊其辞	ACCEPT
hanlaishuwang	寒来暑往	ACCEPT
hanranrumeng	酣然入梦	ACCEPT
hanshupifu	撼树蚍蜉	ACCEPT
hanshuyijie	寒暑易节	ACCEPT
hantouhannao	憨头憨脑	ACCEPT
hanxiaojiuquan	含笑九泉	ACCEPT
hanyuanmobai	含冤莫白	ACCEPT
haobuxianggan	毫不相干	ACCEPT
haofangbuji	豪放不羁	ACCEPT
haofaweishang	毫发未伤	ACCEPT
haofawusun	毫发无损	ACCEPT
haohaoshangshang	浩浩汤汤	ACCEPT
haojingbuchang	好景不常	ACCEPT
haolisihu	毫厘丝忽	ACCEPT
haomengbuchang	好梦不长	ACCEPT
haomoushanduan	好谋善断	ACCEPT
haoqichangcun	浩气长存	ACCEPT
haoqingmanhuai	豪情满怀	ACCEPT
haoqingwanzhang	豪情万丈	ACCEPT
haoranzhengqi	浩然正气	ACCEPT
haoranzhiqi	浩然之气	ACCEPT
haoshanwue	好善恶恶	ACCEPT
haoshengwusha	好生恶杀	ACCEPT
haotaodaku	号啕大哭	ACCEPT
haowuguji	毫无顾忌	ACCEPT
haoxuebujuan	好学不倦	ACCEPT
haoyanxiangquan	好言相劝	ACCEPT
haoyongdouhen	好勇斗狠	ACCEPT
haoyuedangkong	皓月当空	ACCEPT
hebuchutu	河不出图	ACCEPT
hedantongxin	合胆同心	ACCEPT
hedeheneng	何德何能	ACCEPT
hedongshihou	河东狮吼	ACCEPT
heerbuchang	和而不唱	ACCEPT
heerweiyi	合二为一	ACCEPT
hefatongyan	鹤发童颜	ACCEPT
hehemumu	和和睦睦	ACCEPT
heheyanyan	赫赫炎炎	ACCEPT
hehezhangong	赫赫战功	ACCEPT
heibaixiangjian	黑白相间	ACCEPT
heiyunyacheng	黑云压城	ACCEPT
hejiahuanle	阖家欢乐	ACCEPT
hejiatuanyuan	阖家团圆	ACCEPT
hejiubifen	合久必分	ACCEPT
helihuating	鹤唳华亭	ACCEPT
hengdaolima	横刀立马	ACCEPT
henggeyuema	横戈跃马	ACCEPT
henghaerjiang	哼哈二将	ACCEPT
hengheshashu	恒河沙数	ACCEPT
hengjiazhihui	亨嘉之会	ACCEPT
hengmeilengdui	横眉冷对	ACCEPT
hengshuofushi	横槊赋诗	ACCEPT
hengxingbufa	横行不法	ACCEPT
hengxingwuji	横行无忌	ACCEPT
hengxingyishi	横行一时	ACCEPT
henianheyue	何年何月	ACCEPT
hepuhuanzhu	合浦还珠	ACCEPT
heqinghaiyan	河清海晏	ACCEPT
heyiershui	和衣而睡	ACCEPT
heyutianyan	河鱼天雁	ACCEPT
hezeeryu	涸泽而渔	ACCEPT
hezheyayun	合辙押韵	ACCEPT
hezhonggongji	和衷共济	ACCEPT
hezonglianheng	合纵连横	ACCEPT
hezuguachi	何足挂齿	ACCEPT
hezuizhiyou	何罪之有	ACCEPT
hongguangmanmian	红光满面	ACCEPT
hongguzhizhi	鸿鹄之志	ACCEPT
honghonghuohuo	红红火火	ACCEPT
hongnixuezhao	鸿泥雪爪	ACCEPT
hongpianjuzhi	鸿篇巨制	ACCEPT
hongshuihengliu	洪水横流	ACCEPT
hongtudazhan	鸿图大展	ACCEPT
hongtudazhi	宏图大志	ACCEPT
hongxiutianxiang	红袖添香	ACCEPT
hongyanchuanshu	鸿雁传书	ACCEPT
hongyikuanhou	弘毅宽厚	ACCEPT
hongzhuangsuguo	红装素裹	ACCEPT
houfazhiren	后发制人	ACCEPT
houjifaren	后继乏人	ACCEPT
houmaoshenqing	厚貌深情	ACCEPT
houtailaoban	后台老板	ACCEPT
huafanweijian	化繁为简	ACCEPT
huafengsanzhu	华封三祝	ACCEPT
huafunianzhou	画符念咒	ACCEPT
huafuweiqi	化腐为奇	ACCEPT
huagongweisi	化公为私	ACCEPT
huahuacaocao	花花草草	ACCEPT
huaijinwoyu	怀瑾握瑜	ACCEPT
huaizhuyunyu	怀珠韫玉	ACCEPT
huakaihualuo	花开花落	ACCEPT
hualingweizheng	化零为整	ACCEPT
huaminchengsu	化民成俗	ACCEPT
huamufushu	花木扶疏	ACCEPT
huanfeiyanshou	环肥燕瘦	ACCEPT
huangbuzelu	慌不择路	ACCEPT
huangdanbuji	荒诞不稽	ACCEPT
huangenhaodang	皇恩浩荡	ACCEPT
huangexiaoyu	欢歌笑语	ACCEPT
huanggongjiulu	黄公酒垆	ACCEPT
huanghuangbuan	惶惶不安	ACCEPT
huanghuanghuhu	恍恍惚惚	ACCEPT
huanghuangmangmang	慌慌忙忙	ACCEPT
huanghuangzhangzhang	慌慌张张	ACCEPT
huangjiaoyewai	荒郊野外	ACCEPT
huangkouxiaoer	黄口小儿	ACCEPT
huangliangyimeng	黄粱一梦	ACCEPT
huangquecichan	黄雀伺蝉	ACCEPT
huangquexianhuan	黄雀衔环	ACCEPT
huangquezaihou	黄雀在后	ACCEPT
huangruogeshi	恍若隔世	ACCEPT
huangshantuling	荒山秃岭	ACCEPT
huangtanglashui	黄汤辣水	ACCEPT
huangtongbaisou	黄童白叟	ACCEPT
huangyinwudao	荒淫无道	ACCEPT
huangyinwudu	荒淫无度	ACCEPT
huanhaichenfu	宦海沉浮	ACCEPT
huanhaifuchen	宦海浮沉	ACCEPT
huanhuanlele	欢欢乐乐	ACCEPT
huaniaochongyu	花鸟虫鱼	ACCEPT
huanjiazhibing	擐甲执兵	ACCEPT
huannanyugong	患难与共	ACCEPT
huanshengleidong	欢声雷动	ACCEPT
huaqianyuexia	花前月下	ACCEPT
huatingheli	华亭鹤唳	ACCEPT
huatouhuanao	滑头滑脑	ACCEPT
huawaizhimin	化外之民	ACCEPT
huaxinnianhua	花信年华	ACCEPT
huayangbaichu	花样百出	ACCEPT
huayangfanxin	花样翻新	ACCEPT
huayanhuayu	话言话语	ACCEPT
huayaohumei	花妖狐魅	ACCEPT
huayefenjiang	画野分疆	ACCEPT
huayishiqing	画意诗情	ACCEPT
huazhaoyueye	花朝月夜	ACCEPT
hufuqishe	胡服骑射	ACCEPT
huhaizhishi	湖海之士	ACCEPT
huhushengwei	虎虎生威	ACCEPT
huichuanzhuanduo	回船转舵	ACCEPT
huidaohuiyin	诲盗诲淫	ACCEPT
huihaoluozhi	挥毫落纸	ACCEPT
huijitaoguang	晦迹韬光	ACCEPT
huikuodadu	恢廓大度	ACCEPT
huilugongxing	贿赂公行	ACCEPT
huimouyixiao	回眸一笑	ACCEPT
huishandaohai	回山倒海	ACCEPT
huishenghuiying	绘声绘影	ACCEPT
huishimieji	毁尸灭迹	ACCEPT
huitianfali	回天乏力	ACCEPT
huitianyundou	回天运斗	ACCEPT
huitianzhili	回天之力	ACCEPT
huitoushian	回头是岸	ACCEPT
huitoutumian	灰头土面	ACCEPT
huixinlanzhi	蕙心兰质	ACCEPT
huiyanshizhu	慧眼识珠	ACCEPT
huiyewenren	慧业文人	ACCEPT
huiyinghuisheng	绘影绘声	ACCEPT
huiyubuyi	毁誉不一	ACCEPT
huizhibuji	悔之不及	ACCEPT
huizhilanxin	蕙质兰心	ACCEPT
huizhimoji	悔之莫及	ACCEPT
huizhiwanyi	悔之晚矣	ACCEPT
hukoubaya	虎口拔牙	ACCEPT
hukoutuoxian	虎口脱险	ACCEPT
hulianzhiqi	瑚琏之器	ACCEPT
huluopingyang	虎落平阳	ACCEPT
huminghumie	忽明忽灭	ACCEPT
hunbushouzhai	魂不守宅	ACCEPT
hundingchensheng	昏定晨省	ACCEPT
hunfeiposang	魂飞魄丧	ACCEPT
hunhundundun	混混沌沌	ACCEPT
hunkuiwuneng	昏聩无能	ACCEPT
hunmibusheng	昏迷不省	ACCEPT
hunqianmengrao	魂牵梦绕	ACCEPT
hunshenjieshu	浑身解数	ACCEPT
hunshenshidan	浑身是胆	ACCEPT
hunshuimoyu	混水摸鱼	ACCEPT
huntianandi	昏天暗地	ACCEPT
hunzuoyitan	混作一谈	ACCEPT
huocongtianjiang	祸从天降	ACCEPT
huodadadu	豁达大度	ACCEPT
huofuwumen	祸福无门	ACCEPT
huofuxiangyi	祸福相依	ACCEPT
huofuxiangyi	祸福相倚	ACCEPT
huofuyifu	祸福倚伏	ACCEPT
huoguangchongtian	火光冲天	ACCEPT
huoguangzhutian	火光烛天	ACCEPT
huojihuoliao	火急火燎	ACCEPT
huojungongche	获隽公车	ACCEPT
huoqixiaoqiang	祸起萧墙	ACCEPT
huoranguantong	豁然贯通	ACCEPT
huoshangnongbing	火上弄冰	ACCEPT
huoshangtianyou	火上添油	ACCEPT
huoyifeiqian	获益匪浅	ACCEPT
huqiugaoxiu	狐裘羔袖	ACCEPT
husishouqiu	狐死首丘	ACCEPT
hutouhunao	虎头虎脑	ACCEPT
huweibiaoli	互为表里	ACCEPT
huyuelongteng	虎跃龙腾	ACCEPT
huzhongriyue	壶中日月	ACCEPT
jiabanjiadian	加班加点	ACCEPT
jiabingbuxiang	佳兵不祥	ACCEPT
jiacaiwanguan	家财万贯	ACCEPT
jiachangliduan	家长里短	ACCEPT
jiachuanhusong	家传户诵	ACCEPT
jiadaoxiaokang	家道小康	ACCEPT
jialeiqianjin	家累千金	ACCEPT
jianbukezhang	渐不可长	ACCEPT
jianbuxufa	箭不虚发	ACCEPT
jianchengqianjin	兼程前进	ACCEPT
jianchijijian	坚持己见	ACCEPT
jianchoubinggu	兼筹并顾	ACCEPT
jianchuanlipao	坚船利炮	ACCEPT
jiandanqinxin	剑胆琴心	ACCEPT
jiandesiqi	见德思齐	ACCEPT
jiandieqingshen	鹣鲽情深	ACCEPT
jianfengshiduo	见风驶舵	ACCEPT
jiangbenliumo	降本流末	ACCEPT
jiangdongfulao	江东父老	ACCEPT
jianglangcaijin	江郎才尽	ACCEPT
jiangmenhuzi	将门虎子	ACCEPT
jiangshunqimei	将顺其美	ACCEPT
jianguanbujing	见惯不惊	ACCEPT
jiangxinduju	匠心独具	ACCEPT
jiangxinjiangyi	将信将疑	ACCEPT
jiangxinxiumu	讲信修睦	ACCEPT
jiangyuliangcai	将遇良才	ACCEPT
jianjialiren	坚甲利刃	ACCEPT
jianjiandandan	简简单单	ACCEPT
jianjiankangkang	健健康康	ACCEPT
jianjilvji	剑及履及	ACCEPT
jianjisensen	剑戟森森	ACCEPT
jianjixingshi	见机行事	ACCEPT
jiankangchangshou	健康长寿	ACCEPT
jiankoubuyan	缄口不言	ACCEPT
jiankubeichang	艰苦备尝	ACCEPT
jiankuxingbei	见哭兴悲	ACCEPT
jiankuzhuojue	艰苦卓绝	ACCEPT
jianlengjianjiao	见棱见角	ACCEPT
jianmaiguimai	贱买贵卖	ACCEPT
jiannankunku	艰难困苦	ACCEPT
jiannanquzhe	艰难曲折	ACCEPT
jianrongbingxu	兼容并蓄	ACCEPT
jianruyuxia	箭如雨下	ACCEPT
jiansibujiu	见死不救	ACCEPT
jiansuoweijian	见所未见	ACCEPT
jiantingzeming	兼听则明	ACCEPT
jianweishouming	见危授命	ACCEPT
jianweizhiming	见危致命	ACCEPT
jianwuxufa	箭无虚发	ACCEPT
jianxiancengchu	间见层出	ACCEPT
jianxiansiqi	见贤思齐	ACCEPT
jianxiaodafang	见笑大方	ACCEPT
jianxinbuyi	坚信不疑	ACCEPT
jianxingchengfo	见性成佛	ACCEPT
jianyinlulve	奸淫掳掠	ACCEPT
jianzaidixin	简在帝心	ACCEPT
jianzaixianshang	箭在弦上	ACCEPT
jianzhijianren	见智见仁	ACCEPT
jianzuiboshe	尖嘴薄舌	ACCEPT
jianzuihousai	尖嘴猴腮	ACCEPT
jiaoaozida	骄傲自大	ACCEPT
jiaoaoziman	骄傲自满	ACCEPT
jiaobinghanjiang	骄兵悍将	ACCEPT
jiaodechaoqin	较德焯勤	ACCEPT
jiaodimoyou	脚底抹油	ACCEPT
jiaoechuichuang	嚼腭搥床	ACCEPT
jiaofujianshi	剿抚兼施	ACCEPT
jiaohandaoshou	郊寒岛瘦	ACCEPT
jiaohufenmen	角户分门	ACCEPT
jiaojiaoluoluo	角角落落	ACCEPT
jiaokouchengzan	交口称赞	ACCEPT
jiaokouzanyu	交口赞誉	ACCEPT
jiaolijiechu	角立杰出	ACCEPT
jiaopengjieyou	交朋结友	ACCEPT
jiaopinenrou	娇皮嫩肉	ACCEPT
jiaorouzaozuo	挢揉造作	ACCEPT
jiaoruojinglong	矫若惊龙	ACCEPT
jiaoruoyoulong	矫若游龙	ACCEPT
jiaosheyinyi	骄奢淫佚	ACCEPT
jiaoshuyuren	教书育人	ACCEPT
jiaoutiancheng	佳偶天成	ACCEPT
jiaoxianghuiying	交相辉映	ACCEPT
jiaoxiaolinglong	娇小玲珑	ACCEPT
jiaoyanyudi	娇艳欲滴	ACCEPT
jiaoziyoufang	教子有方	ACCEPT
jiapinqinlao	家贫亲老	ACCEPT
jiaqiangdaibang	夹枪带棒	ACCEPT
jiaqiangdaigun	夹枪带棍	ACCEPT
jiaqingjiayi	假情假意	ACCEPT
jiatubili	家徒壁立	ACCEPT
jiaxizhenzuo	假戏真做	ACCEPT
jiaxueyuanyuan	家学渊源	ACCEPT
jiayanshanzhuang	嘉言善状	ACCEPT
jiayaomeijiu	佳肴美酒	ACCEPT
jiayishiri	假以时日	ACCEPT
jiayoudaqi	加油打气	ACCEPT
jiayumingjin	戛玉鸣金	ACCEPT
jiazeinanfang	家贼难防	ACCEPT
jiazhihudao	家至户到	ACCEPT
jibujidai	急不及待	ACCEPT
jibukewei	疾不可为	ACCEPT
jibuzelu	急不择路	ACCEPT
jichanmigu	积谗糜骨	ACCEPT
jidaijiejue	亟待解决	ACCEPT
jidongrenxin	激动人心	ACCEPT
jieaobuxun	桀骜不逊	ACCEPT
jiebaiwuxia	洁白无瑕	ACCEPT
jieduanzhongliu	截断众流	ACCEPT
jiefafuqi	结发夫妻	ACCEPT
jiefanglinju	街坊邻居	ACCEPT
jiefengxichen	接风洗尘	ACCEPT
jieganerqi	揭竿而起	ACCEPT
jiehuaxianfo	借花献佛	ACCEPT
jiejiaxiubing	解甲休兵	ACCEPT
jiejieshishi	结结实实	ACCEPT
jiejifenggong	洁己奉公	ACCEPT
jiejinsuoneng	竭尽所能	ACCEPT
jiejiuxiaochou	借酒消愁	ACCEPT
jiejiyongren	戒急用忍	ACCEPT
jielaizhishi	嗟来之食	ACCEPT
jielingxiling	解铃系铃	ACCEPT
jienangxiangzhu	解囊相助	ACCEPT
jiequaoya	诘屈聱牙	ACCEPT
jiequaoya	诘屈謷牙	ACCEPT
jieruchou	疾恶如仇	ACCEPT
jieshenziai	洁身自爱	ACCEPT
jietanxiangshuo	街谈巷说	ACCEPT
jietiezhanding	截铁斩钉	ACCEPT
jiexuanzhiji	疥癣之疾	ACCEPT
jieyituishi	解衣推食	ACCEPT
jieyongyumin	节用裕民	ACCEPT
jiezhongerzhi	接踵而至	ACCEPT
jiezuxiande	捷足先得	ACCEPT
jifengbaoyu	疾风暴雨	ACCEPT
jifengjincao	疾风劲草	ACCEPT
jifengzhouyu	急风骤雨	ACCEPT
jifengzhouyu	疾风骤雨	ACCEPT
jifuzhiqin	肌肤之亲	ACCEPT
jigaoyichou	技高一筹	ACCEPT
jigonghaoli	急功好利	ACCEPT
jiguanfanxian	急管繁弦	ACCEPT
jiguangpianyu	吉光片羽	ACCEPT
jiguansuanjin	机关算尽	ACCEPT
jihuixiaogu	积毁销骨	ACCEPT
jihuogongxin	急火攻心	ACCEPT
jijianganchu	计将安出	ACCEPT
jijiaozhishi	犄角之势	ACCEPT
jijiduoshi	济济多士	ACCEPT
jijingdiaonian	急景凋年	ACCEPT
jijiwuming	藉藉无名	ACCEPT
jijizhongliu	击楫中流	ACCEPT
jilaochengbing	积劳成病	ACCEPT
jilinqianyi	戢鳞潜翼	ACCEPT
jiliuyongjin	急流勇进	ACCEPT
jiliuyongjin	激流勇进	ACCEPT
jiliuyongtui	急流勇退	ACCEPT
jimingerqi	鸡鸣而起	ACCEPT
jiminggoufei	鸡鸣狗吠	ACCEPT
jimingquanfei	鸡鸣犬吠	ACCEPT
jimuyuantiao	极目远眺	ACCEPT
jinbentuimo	进本退末	ACCEPT
jinchengjiejie	尽诚竭节	ACCEPT
jinchengqianli	金城千里	ACCEPT
jinchibohai	金翅擘海	ACCEPT
jindexiuye	进德修业	ACCEPT
jinduojinshao	尽多尽少	ACCEPT
jinfengsongshuang	金风送爽	ACCEPT
jinfengyulu	金风玉露	ACCEPT
jingbingjianzheng	精兵简政	ACCEPT
jingcaifencheng	精彩纷呈	ACCEPT
jingcaifengyi	惊才风逸	ACCEPT
jingcaijuelun	精彩绝伦	ACCEPT
jingcaijueyan	惊才绝艳	ACCEPT
jingchaibuqun	荆钗布裙	ACCEPT
jingguanqibian	静观其变	ACCEPT
jinghongyipie	惊鸿一瞥	ACCEPT
jinghuangshicuo	惊惶失措	ACCEPT
jinghuangwucuo	惊慌无措	ACCEPT
jinghunweiding	惊魂未定	ACCEPT
jingjicongsheng	荆棘丛生	ACCEPT
jingjimantu	荆棘满途	ACCEPT
jingjingzhanzhan	兢兢战战	ACCEPT
jingjinmeiyu	精金美玉	ACCEPT
jingjinyongmeng	精进勇猛	ACCEPT
jingkongbuan	惊恐不安	ACCEPT
jinglaociyou	敬老慈幼	ACCEPT
jingmeijuelun	精美绝伦	ACCEPT
jingmingxingxiu	经明行修	ACCEPT
jingpeimozuo	敬陪末座	ACCEPT
jingruchuzi	静如处子	ACCEPT
jingrushangbin	敬如上宾	ACCEPT
jingshijimin	经世济民	ACCEPT
jingshirenshi	经师人师	ACCEPT
jingshizhicai	经世之才	ACCEPT
jingshizhiyong	经世致用	ACCEPT
jingshouminshi	敬授民时	ACCEPT
jingtianaimin	敬天爱民	ACCEPT
jingtianweidi	经天纬地	ACCEPT
jinguangshanshan	金光闪闪	ACCEPT
jinguihuanjiu	金龟换酒	ACCEPT
jinguishishi	金匮石室	ACCEPT
jinguqiming	金鼓齐鸣	ACCEPT
jingweifenming	泾渭分明	ACCEPT
jingweitianhai	精卫填海	ACCEPT
jingweiwanduan	经纬万端	ACCEPT
jingwenweiwu	经文纬武	ACCEPT
jingxiaoshenwei	敬小慎微	ACCEPT
jingxijiaoji	惊喜交集	ACCEPT
jingxingzhisui	径行直遂	ACCEPT
jingyanzhitan	经验之谈	ACCEPT
jingyingtitou	晶莹剔透	ACCEPT
jingzhongbaoguo	精忠报国	ACCEPT
jingzhongchangming	警钟长鸣	ACCEPT
jinhuaitandang	襟怀坦荡	ACCEPT
jinjinchuchu	进进出出	ACCEPT
jinjiushouliao	矜纠收缭	ACCEPT
jinkouyuya	金口玉牙	ACCEPT
jinkouyuyan	金口玉言	ACCEPT
jinkouyuyin	金口玉音	ACCEPT
jinkuishishi	金匮石室	ACCEPT
jinmeijinshan	尽美尽善	ACCEPT
jinmozhehei	近墨者黑	ACCEPT
jinpilijie	筋疲力竭	ACCEPT
jinqisuoneng	尽其所能	ACCEPT
jinqizaiwo	尽其在我	ACCEPT
jinrurenyi	尽如人意	ACCEPT
jinsenianhua	锦瑟年华	ACCEPT
jinshebikou	金舌弊口	ACCEPT
jinshiweikai	金石为开	ACCEPT
jinshixifei	今是昔非	ACCEPT
jinshizhijiao	金石之交	ACCEPT
jinsijinzhong	进思尽忠	ACCEPT
jintaijiyan	尽态极妍	ACCEPT
jintuichuchu	进退出处	ACCEPT
jintuiweigu	进退唯谷	ACCEPT
jinxiaoshenwei	谨小慎微	ACCEPT
jinxihexi	今夕何夕	ACCEPT
jinxinxiuchang	锦心绣肠	ACCEPT
jinxiuheshan	锦绣河山	ACCEPT
jinxiushanhe	锦绣山河	ACCEPT
jinyangzhijia	晋阳之甲	ACCEPT
jinyanshenxing	谨言慎行	ACCEPT
jinyincaibao	金银财宝	ACCEPT
jinyinzishou	金印紫绶	ACCEPT
jinyishenmian	仅以身免	ACCEPT
jinyuliangyuan	金玉良缘	ACCEPT
jinzhongbaoguo	尽忠报国	ACCEPT
jinzhongjieli	尽忠竭力	ACCEPT
jinzhongzhishou	尽忠职守	ACCEPT
jinzhuibushe	紧追不舍	ACCEPT
jinzhuzhechi	近朱者赤	ACCEPT
jinzizhaopai	金字招牌	ACCEPT
jipinjiruo	积贫积弱	ACCEPT
jiqingjizhong	畸轻畸重	ACCEPT
jiqizhizhui	急起直追	ACCEPT
jiquanbuwen	鸡犬不闻	ACCEPT
jiquanjiexian	鸡犬皆仙	ACCEPT
jiquanxiangwen	鸡犬相闻	ACCEPT
jiquaoya	佶屈聱牙	ACCEPT
jirensuoji	急人所急	ACCEPT
jirentianxiang	吉人天相	ACCEPT
jirierdai	计日而待	ACCEPT
jirikeqi	计日可期	ACCEPT
jirileijiu	积日累久	ACCEPT
jiriliangchen	吉日良辰	ACCEPT
jishachengta	积沙成塔	ACCEPT
jishanchengde	积善成德	ACCEPT
jishangxinlai	计上心来	ACCEPT
jishanzhijie	箕山之节	ACCEPT
jishianmin	济世安民	ACCEPT
jishijiuren	济世救人	ACCEPT
jishiqiongli	即事穷理	ACCEPT
jishizhicai	济世之才	ACCEPT
jishoutongxin	疾首痛心	ACCEPT
jishuichengyuan	积水成渊	ACCEPT
jiuguosanxun	酒过三巡	ACCEPT
jiujingshachang	久经沙场	ACCEPT
jiujiuwufu	赳赳武夫	ACCEPT
jiujurenxia	久居人下	ACCEPT
jiukujiunan	救苦救难	ACCEPT
jiuliubinke	九流宾客	ACCEPT
jiulvdenghong	酒绿灯红	ACCEPT
jiuniuerhu	九牛二虎	ACCEPT
jiuqixuntian	酒气熏天	ACCEPT
jiuquanzhixia	九泉之下	ACCEPT
jiuquhuichang	九曲回肠	ACCEPT
jiurouxiongdi	酒肉兄弟	ACCEPT
jiurushigai	九儒十丐	ACCEPT
jiushichongti	旧事重提	ACCEPT
jiutoushenmu	臼头深目	ACCEPT
jiuwangtucun	救亡图存	ACCEPT
jiuwuzhizun	九五之尊	ACCEPT
jiuzaixuhuan	救灾恤患	ACCEPT
jiuzhanquechao	鸠占鹊巢	ACCEPT
jiwuqiongli	即物穷理	ACCEPT
jixiangruyi	吉祥如意	ACCEPT
jixinggaozhao	吉星高照	ACCEPT
jixionghuofu	吉凶祸福	ACCEPT
jixiongweibu	吉凶未卜	ACCEPT
jiyanchuanshu	寄雁传书	ACCEPT
jiyiqigao	几易其稿	ACCEPT
jiyuanqiaohe	机缘巧合	ACCEPT
jiyuchenzhou	积羽沉舟	ACCEPT
jiyuyifen	激于义愤	ACCEPT
jizhongyaohai	击中要害	ACCEPT
jizouxiande	疾走先得	ACCEPT
juanqixigu	卷旗息鼓	ACCEPT
juanquxunguo	捐躯殉国	ACCEPT
judabuyi	居大不易	ACCEPT
juelufengsheng	绝路逢生	ACCEPT
juemiaohaoci	绝妙好词	ACCEPT
juerenjueshi	觉人觉世	ACCEPT
juerenqiyi	绝仁弃义	ACCEPT
jueshengqizhi	绝圣弃智	ACCEPT
jueyicixiong	决一雌雄	ACCEPT
jueyishengfu	决一胜负	ACCEPT
jueyisizhan	决一死战	ACCEPT
jugongbingqi	鞠躬屏气	ACCEPT
jugongzhiwei	居功至伟	ACCEPT
juguanshoufa	居官守法	ACCEPT
jujiehuiguo	具结悔过	ACCEPT
julangjinhu	拒狼进虎	ACCEPT
julaoheku	菊老荷枯	ACCEPT
junchenzuoshi	君臣佐使	ACCEPT
junfacongshi	军法从事	ACCEPT
junfayanxing	峻法严刑	ACCEPT
juntianguangyue	钧天广乐	ACCEPT
junziguqiong	君子固穷	ACCEPT
juwenchenglei	聚蚊成雷	ACCEPT
juwuqiuan	居无求安	ACCEPT
juwuyice	举无遗策	ACCEPT
juxianrenneng	举贤任能	ACCEPT
juximiyi	巨细靡遗	ACCEPT
juxiwuyi	巨细无遗	ACCEPT
juzhiziruo	举止自若	ACCEPT
juzhongruoqing	举重若轻	ACCEPT
juzhongyuqing	居重驭轻	ACCEPT
kaidangyikang	慨当以慷	ACCEPT
kaiguochengjia	开国承家	ACCEPT
kaihuaichangyin	开怀畅饮	ACCEPT
kaihuaidaxiao	开怀大笑	ACCEPT
kaihuajieshi	开花结实	ACCEPT
kaijiangpitu	开疆辟土	ACCEPT
kaijiangtajing	开疆拓境	ACCEPT
kaijiangtayu	开疆拓宇	ACCEPT
kaijichuangye	开基创业	ACCEPT
kaikaixinxin	开开心心	ACCEPT
kaikoubikou	开口闭口	ACCEPT
kairanyingyun	慨然应允	ACCEPT
kaiwuchengwu	开物成务	ACCEPT
kanfengshichuan	看风驶船	ACCEPT
kangkaibeige	慷慨悲歌	ACCEPT
kangkaichenci	慷慨陈词	ACCEPT
kangkaichenci	慷慨陈辞	ACCEPT
kangkaijiuyi	慷慨就义	ACCEPT
kanglongyouhui	亢龙有悔	ACCEPT
kangxinxigu	抗心希古	ACCEPT
kanjingshengqing	看景生情	ACCEPT
kankankeke	坎坎坷坷	ACCEPT
kanzhuchengbi	看朱成碧	ACCEPT
kebanchushen	科班出身	ACCEPT
kebaoguaen	刻薄寡恩	ACCEPT
kechengzhixi	可乘之隙	ACCEPT
kedizhisheng	克敌制胜	ACCEPT
kehuaruwei	刻画入微	ACCEPT
kejianyiban	可见一斑	ACCEPT
kejinzhishou	恪尽职守	ACCEPT
kejishenxing	克己慎行	ACCEPT
kekepengpeng	磕磕碰碰	ACCEPT
kekeqiqi	客客气气	ACCEPT
kekuzili	刻苦自励	ACCEPT
kenghuiweileng	坑灰未冷	ACCEPT
kengqiangyouli	铿锵有力	ACCEPT
keranchangshi	溘然长逝	ACCEPT
keranershi	溘然而逝	ACCEPT
kesitaxiang	客死他乡	ACCEPT
kesuizhubian	客随主便	ACCEPT
ketouxianzu	科头跣足	ACCEPT
kezaozhicai	可造之才	ACCEPT
kongguyoulan	空谷幽兰	ACCEPT
kongmengzhidao	孔孟之道	ACCEPT
kongqianweiyou	空前未有	ACCEPT
kongrongrangli	孔融让梨	ACCEPT
kongwuyiwu	空无一物	ACCEPT
kongxibunuan	孔席不暖	ACCEPT
kouchuanxinshou	口传心授	ACCEPT
kouerzhixue	口耳之学	ACCEPT
koufuxinfu	口服心服	ACCEPT
koujizhongliu	扣楫中流	ACCEPT
koukouxiangchuan	口口相传	ACCEPT
koukuaixinzhi	口快心直	ACCEPT
kouruxuanhe	口如悬河	ACCEPT
koushikenrang	叩石垦壤	ACCEPT
kouzhixinkuai	口直心快	ACCEPT
kuafuzhuiri	夸父追日	ACCEPT
kuafuzhuri	夸父逐日	ACCEPT
kuaibuyanxi	脍不厌细	ACCEPT
kuaikuaihuohuo	快快活活	ACCEPT
kuaikuailele	快快乐乐	ACCEPT
kuairenkuaiyu	快人快语	ACCEPT
kuaishoukuaijiao	快手快脚	ACCEPT
kuaiyankuaiyu	快言快语	ACCEPT
kuangfangbuji	狂放不羁	ACCEPT
kuangfengjulang	狂风巨浪	ACCEPT
kuangfenglangdie	狂蜂浪蝶	ACCEPT
kuangfengnuhao	狂风怒号	ACCEPT
kuangshiqicai	旷世奇才	ACCEPT
kuangshiyicai	旷世逸才	ACCEPT
kuanmengxiangji	宽猛相济	ACCEPT
kuazhoulianjun	跨州连郡	ACCEPT
kuhaiwubian	苦海无边	ACCEPT
kuipinzhiliang	馈贫之粮	ACCEPT
kuiranbudong	岿然不动	ACCEPT
kuiranertan	喟然而叹	ACCEPT
kuiwenfenwu	揆文奋武	ACCEPT
kujintianlai	苦尽甜来	ACCEPT
kulasuantian	苦辣酸甜	ACCEPT
kulebujun	苦乐不均	ACCEPT
kunerbuxue	困而不学	ACCEPT
kunnanchongchong	困难重重	ACCEPT
kunshanzhiyu	昆山之玉	ACCEPT
kunyuqiushuang	琨玉秋霜	ACCEPT
kunzhimianxing	困知勉行	ACCEPT
kuobugaotan	阔步高谈	ACCEPT
kuokaidaji	廓开大计	ACCEPT
kushenjiaosi	苦身焦思	ACCEPT
kushufengchun	枯树逢春	ACCEPT
kutianhandi	哭天喊地	ACCEPT
kutiankudi	哭天哭地	ACCEPT
kutianqiangdi	哭天抢地	ACCEPT
kuxinjiaosi	苦心焦思	ACCEPT
kuyuqifeng	苦雨凄风	ACCEPT
kuzaofawei	枯燥乏味	ACCEPT
kuzhibaiye	枯枝败叶	ACCEPT
labangjiehuo	拉帮结伙	ACCEPT
labangjiepai	拉帮结派	ACCEPT
laiqingquyi	来情去意	ACCEPT
laiqucongcong	来去匆匆	ACCEPT
laiquziru	来去自如	ACCEPT
lairiwuduo	来日无多	ACCEPT
laishixiongxiong	来势汹汹	ACCEPT
laizhebushan	来者不善	ACCEPT
lalazaza	拉拉杂杂	ACCEPT
langlangqiankun	朗朗乾坤	ACCEPT
langlangshangkou	琅琅上口	ACCEPT
languiqifang	兰桂齐芳	ACCEPT
lanlansansan	懒懒散散	ACCEPT
lantianshengyu	蓝田生玉	ACCEPT
lanxinhuixing	兰心蕙性	ACCEPT
lanzhihuixin	兰质蕙心	ACCEPT
laodiaochongtan	老调重谈	ACCEPT
laoerbusi	老而不死	ACCEPT
laoermijian	老而弥坚	ACCEPT
laokugonggao	劳苦功高	ACCEPT
laolaoshaoshao	老老少少	ACCEPT
laolaoshishi	老老实实	ACCEPT
laoleizongheng	老泪纵横	ACCEPT
laoruobingcan	老弱病残	ACCEPT
laoruocanbing	老弱残兵	ACCEPT
laoruofuru	老弱妇孺	ACCEPT
laosaomanfu	牢骚满腹	ACCEPT
laosengruding	老僧入定	ACCEPT
laoshidongzhong	劳师动众	ACCEPT
laoshixiyuan	劳师袭远	ACCEPT
laoxinjiaosi	劳心焦思	ACCEPT
laoxiuchengnu	老羞成怒	ACCEPT
laoxiuwuneng	老朽无能	ACCEPT
laoyousuozhong	老有所终	ACCEPT
laozhijiangzhi	老之将至	ACCEPT
lashoucuihua	辣手摧花	ACCEPT
lebusishu	乐不思蜀	ACCEPT
lecibujuan	乐此不倦	ACCEPT
leerwangfan	乐而忘返	ACCEPT
leileiluoluo	磊磊落落	ACCEPT
leilifengfei	雷厉风飞	ACCEPT
leiluanzhiwei	累卵之危	ACCEPT
leimingdianshan	雷鸣电闪	ACCEPT
leiruquanyong	泪如泉涌	ACCEPT
lengjiaofenming	棱角分明	ACCEPT
lengnuanzizhi	冷暖自知	ACCEPT
lengshuijiaotou	冷水浇头	ACCEPT
lengtoukenao	楞头磕脑	ACCEPT
lengtoulengnao	楞头楞脑	ACCEPT
letiananming	乐天安命	ACCEPT
lianchengyiqi	连成一气	ACCEPT
lianetaoguang	敛锷韬光	ACCEPT
liangbuguchui	两部鼓吹	ACCEPT
lianggushencang	良贾深藏	ACCEPT
liangjianhekou	两肩荷口	ACCEPT
liangjiaoshuchu	两脚书橱	ACCEPT
liangjinyuanjue	粮尽援绝	ACCEPT
liangliangqiangqiang	踉踉跄跄	ACCEPT
liangliangsansan	两两三三	ACCEPT
liangliduode	量力度德	ACCEPT
liangyeyanmu	两叶掩目	ACCEPT
liangyouyiye	良有以也	ACCEPT
lianjiefenggong	廉洁奉公	ACCEPT
lianmianbuduan	连绵不断	ACCEPT
lianmianqifu	连绵起伏	ACCEPT
lianrenchengwei	连衽成帷	ACCEPT
lianrilianye	连日连夜	ACCEPT
lianshibutian	炼石补天	ACCEPT
liantaihaoxi	连台好戏	ACCEPT
lianzhanjiejie	连战皆捷	ACCEPT
lianzhoukuajun	连州跨郡	ACCEPT
lianzhuhebi	连珠合璧	ACCEPT
liaodirushen	料敌如神	ACCEPT
liaodizhisheng	料敌制胜	ACCEPT
liaofacuiku	燎发摧枯	ACCEPT
liaoqiaochunhan	料峭春寒	ACCEPT
liaoranyuxin	了然于心	ACCEPT
liaoruozhizhang	了若指掌	ACCEPT
liaoyiziyu	聊以自娱	ACCEPT
liaoyuanzhihuo	燎原之火	ACCEPT
libeigongban	力倍功半	ACCEPT
libenjiaomo	离本徼末	ACCEPT
libunengji	力不能及	ACCEPT
libunengzhi	力不能支	ACCEPT
lichoubiexu	离愁别绪	ACCEPT
licicunzhao	立此存照	ACCEPT
lidanpigan	沥胆披肝	ACCEPT
liechangguozu	裂裳裹足	ACCEPT
liehuopengyou	烈火烹油	ACCEPT
lieriyanyan	烈日炎炎	ACCEPT
lieshangyichuang	裂裳衣疮	ACCEPT
lieshimunian	烈士暮年	ACCEPT
lietufenmao	裂土分茅	ACCEPT
liguangnanfeng	李广难封	ACCEPT
liguoanbang	立国安邦	ACCEPT
lihebeihuan	离合悲欢	ACCEPT
lihuaiyuebeng	礼坏乐崩	ACCEPT
lijingtuzhi	历精图治	ACCEPT
lijingtuzhi	厉精图治	ACCEPT
lijinjianxin	历尽艰辛	ACCEPT
lijiuchangxin	历久常新	ACCEPT
likuixinxu	理亏心虚	ACCEPT
liliweiju	栗栗危惧	ACCEPT
limenyilu	礼门义路	ACCEPT
liminbaixing	黎民百姓	ACCEPT
liminganshen	立命安身	ACCEPT
linenggangding	力能扛鼎	ACCEPT
linfengduiyue	临风对月	ACCEPT
lingdingguku	伶仃孤苦	ACCEPT
lingdingguku	零丁孤苦	ACCEPT
linggucangsang	陵谷沧桑	ACCEPT
linglingluoluo	零零落落	ACCEPT
linglingsansan	零零散散	ACCEPT
linglingsuisui	零零碎碎	ACCEPT
lingpangaozhi	另攀高枝	ACCEPT
lingqibasui	零七八碎	ACCEPT
lingrenzuoou	令人作呕	ACCEPT
lingyangguajiao	羚羊挂角	ACCEPT
lingyankandai	另眼看待	ACCEPT
lingyanxiangdai	另眼相待	ACCEPT
lingyunzhizhi	凌云之志	ACCEPT
linhanjiansu	林寒涧肃	ACCEPT
linjiyingbian	临机应变	ACCEPT
linnvkuiqiang	邻女窥墙	ACCEPT
linrushuangxue	凛如霜雪	ACCEPT
linshenlvbo	临深履薄	ACCEPT
linweibuju	临危不惧	ACCEPT
linxiaqingfeng	林下清风	ACCEPT
linyaleima	临崖勒马	ACCEPT
linyuanxianyu	临渊羡鱼	ACCEPT
linzhenmodao	临阵磨刀	ACCEPT
linzhentuotao	临阵脱逃	ACCEPT
linzhichengxiang	麟趾呈祥	ACCEPT
liqiguguai	离奇古怪	ACCEPT
liqunsuoju	离群索居	ACCEPT
lirenliji	利人利己	ACCEPT
lisuobiran	理所必然	ACCEPT
litingsaoxue	犁庭扫穴	ACCEPT
litongwaiguo	里通外国	ACCEPT
litouzhibei	力透纸背	ACCEPT
liuchaojinfen	六朝金粉	ACCEPT
liuchizhigu	六尺之孤	ACCEPT
liuchuxingwang	六畜兴旺	ACCEPT
liugenqingjing	六根清净	ACCEPT
liuguangyishi	流光易逝	ACCEPT
liujiesanshi	六街三市	ACCEPT
liulianwangfan	留连忘返	ACCEPT
liuliboyue	流离播越	ACCEPT
liuluotianya	流落天涯	ACCEPT
liulvtaohong	柳绿桃红	ACCEPT
liumenqiaosuo	溜门撬锁	ACCEPT
liuniansishui	流年似水	ACCEPT
liushenbuan	六神不安	ACCEPT
liushuitaohua	流水桃花	ACCEPT
liuxuepiaolu	流血漂卤	ACCEPT
liuxueqianli	流血千里	ACCEPT
liuyanfeiyu	流言飞语	ACCEPT
liuyaolianlian	柳腰莲脸	ACCEPT
liuyuefeishuang	六月飞霜	ACCEPT
lixiangbiejing	离乡别井	ACCEPT
lixihuanben	离析涣奔	ACCEPT
lixinlide	离心离德	ACCEPT
liyijunzhan	利益均沾	ACCEPT
liyonghousheng	利用厚生	ACCEPT
lizhengcizhi	理正词直	ACCEPT
lizhuizhidi	立锥之地	ACCEPT
lizuweiwen	立足未稳	ACCEPT
longhuahubian	龙化虎变	ACCEPT
longjinghumeng	龙精虎猛	ACCEPT
longluorenxin	笼络人心	ACCEPT
longmeifengmu	龙眉凤目	ACCEPT
longpanhuju	龙蟠虎踞	ACCEPT
longshefeidong	龙蛇飞动	ACCEPT
longshengjiuzhong	龙生九种	ACCEPT
longtenghuzhi	龙腾虎掷	ACCEPT
longxianghuxiao	龙骧虎啸	ACCEPT
longxianghuyue	龙翔虎跃	ACCEPT
longyushangbin	龙驭上宾	ACCEPT
longzilongsun	龙子龙孙	ACCEPT
luanfengheming	鸾凤和鸣	ACCEPT
luankanlanfa	乱砍滥伐	ACCEPT
luantuluanhua	乱涂乱画	ACCEPT
luanzuoyituan	乱作一团	ACCEPT
luduanrenxi	路断人稀	ACCEPT
luluwuwen	碌碌无闻	ACCEPT
lumangmielie	卤莽灭裂	ACCEPT
lundaojingbang	论道经邦	ACCEPT
lunlieshifei	论列是非	ACCEPT
lunyinfuyu	纶音佛语	ACCEPT
lunzipaibei	论资排辈	ACCEPT
luoguxuantian	锣鼓喧天	ACCEPT
luohuangerzou	落荒而走	ACCEPT
luopobuji	落魄不羁	ACCEPT
luorenkoushi	落人口实	ACCEPT
luoyangzhigui	洛阳纸贵	ACCEPT
luoyingbinfen	落英缤纷	ACCEPT
lushanmianmu	庐山面目	ACCEPT
lusufengcan	露宿风餐	ACCEPT
luwangshuanglai	露往霜来	ACCEPT
luwushiyi	路无拾遗	ACCEPT
lvanhongxi	绿暗红稀	ACCEPT
lvbinzhuyan	绿鬓朱颜	ACCEPT
lvcisanfan	屡次三番	ACCEPT
lvebiaocunxin	略表寸心	ACCEPT
lverenzhimei	掠人之美	ACCEPT
lvexunyichou	略逊一筹	ACCEPT
lvfeihongshou	绿肥红瘦	ACCEPT
lvjianqigong	屡建奇功	ACCEPT
lvjinlvtui	旅进旅退	ACCEPT
lvliguoren	膂力过人	ACCEPT
lvlinhaohan	绿林好汉	ACCEPT
lvnianmayue	驴年马月	ACCEPT
lvshuangjianbing	履霜坚冰	ACCEPT
lvshuiqingshan	绿水青山	ACCEPT
lvtuzhibin	率土之滨	ACCEPT
lvwubuzhou	虑无不周	ACCEPT
lvxinsishun	履信思顺	ACCEPT
lvzhanlvsheng	屡战屡胜	ACCEPT
mafangnanshan	马放南山	ACCEPT
maguxianshou	麻姑献寿	ACCEPT
maiguoqiurong	卖国求荣	ACCEPT
maijianmaigui	买贱卖贵	ACCEPT
maimazhaobing	买马招兵	ACCEPT
maimingyinxing	埋名隐姓	ACCEPT
maiqiyuzi	卖妻鬻子	ACCEPT
maishangzhuxia	买上嘱下	ACCEPT
maisuiliangqi	麦穗两歧	ACCEPT
maiwenweisheng	卖文为生	ACCEPT
maixiuliangqi	麦秀两岐	ACCEPT
maixiushuli	麦秀黍离	ACCEPT
mancanghuidao	慢藏诲盗	ACCEPT
mangmangcangcang	莽莽苍苍	ACCEPT
mangmanglulu	忙忙碌碌	ACCEPT
mangmangrenhai	茫茫人海	ACCEPT
mangpaoyudai	蟒袍玉带	ACCEPT
mangranbujie	茫然不解	ACCEPT
mangranruoshi	茫然若失	ACCEPT
mangrenxiama	盲人瞎马	ACCEPT
mangwusuozhi	茫无所知	ACCEPT
manmantengteng	慢慢腾腾	ACCEPT
manqiangrexue	满腔热血	ACCEPT
manrenermu	瞒人耳目	ACCEPT
mantianjiaojia	漫天叫价	ACCEPT
mantianxingdou	满天星斗	ACCEPT
manwumude	漫无目的	ACCEPT
manxinhuanxi	满心欢喜	ACCEPT
manzhikongyan	满纸空言	ACCEPT
maobujingren	貌不惊人	ACCEPT
maocitujie	茅茨土阶	ACCEPT
maogusongran	毛骨竦然	ACCEPT
maojiangyanfu	毛将焉附	ACCEPT
maolinxiuzhu	茂林修竹	ACCEPT
maolusangu	茅庐三顾	ACCEPT
maomaocaocao	毛毛糙糙	ACCEPT
maoshiqingfei	貌是情非	ACCEPT
maoshouzhichou	贸首之仇	ACCEPT
maosuizijian	毛遂自荐	ACCEPT
maowucaichuan	茅屋采椽	ACCEPT
meigaoyandi	眉高眼低	ACCEPT
meijiezhihuo	眉睫之祸	ACCEPT
meikaierdu	梅开二度	ACCEPT
meilanzhuju	梅兰竹菊	ACCEPT
meimuqingxiu	眉目清秀	ACCEPT
meimuruhua	眉目如画	ACCEPT
meiqihezi	梅妻鹤子	ACCEPT
meiqinzhixian	美芹之献	ACCEPT
meirenchimu	美人迟暮	ACCEPT
meirimeiyue	没日没月	ACCEPT
meiruguanyu	美如冠玉	ACCEPT
meishenmeiqian	没深没浅	ACCEPT
meitoumeinao	没头没脑	ACCEPT
meiweijiayao	美味佳肴	ACCEPT
meixiayukuang	每下愈况	ACCEPT
meixinmeigan	没心没肝	ACCEPT
mengbishenghua	梦笔生花	ACCEPT
menglimengdong	懵里懵懂	ACCEPT
mengmenglonglong	朦朦胧胧	ACCEPT
mengmusanqian	孟母三迁	ACCEPT
mengranwuzhi	懵然无知	ACCEPT
mengxiangchengzhen	梦想成真	ACCEPT
mengzhongshuomeng	梦中说梦	ACCEPT
menshengguli	门生故吏	ACCEPT
menshenlijing	扪参历井	ACCEPT
mentinglengluo	门庭冷落	ACCEPT
menxinzisheng	扪心自省	ACCEPT
mianbijiunian	面壁九年	ACCEPT
mianbozhili	绵薄之力	ACCEPT
mianfuyuchen	面缚舆榇	ACCEPT
mianhongmianchi	面红面赤	ACCEPT
mianmaoyixin	面貌一新	ACCEPT
mianmianxiangdu	面面相睹	ACCEPT
mianmianyuandao	面面圆到	ACCEPT
mianmujiefei	面目皆非	ACCEPT
mianmuzhengning	面目狰狞	ACCEPT
mianrufufen	面如傅粉	ACCEPT
mianruguanyu	面如冠玉	ACCEPT
mianrusihui	面如死灰	ACCEPT
miansimengxiang	眠思梦想	ACCEPT
mianzhetingzheng	面折廷争	ACCEPT
miaochubuchuan	妙处不传	ACCEPT
miaomeihuayan	描眉画眼	ACCEPT
miaorukuangshi	邈如旷世	ACCEPT
miaoshououde	妙手偶得	ACCEPT
miaowuyingzong	渺无影踪	ACCEPT
miaowuyinxun	渺无音讯	ACCEPT
miaoyujiefan	妙语解烦	ACCEPT
mierzhifan	迷而知返	ACCEPT
mieyingzhuifeng	灭景追风	ACCEPT
militiaoyou	蜜里调油	ACCEPT
miluojingu	密锣紧鼓	ACCEPT
mimicongcong	密密丛丛	ACCEPT
mimimangmang	迷迷茫茫	ACCEPT
mimizhiyue	靡靡之乐	ACCEPT
minbukanming	民不堪命	ACCEPT
minerhaoxue	敏而好学	ACCEPT
minfuguoqiang	民富国强	ACCEPT
mingaominzhi	民膏民脂	ACCEPT
mingbuxude	名不虚得	ACCEPT
mingchuihoushi	名垂后世	ACCEPT
mingchuiqiangu	名垂千古	ACCEPT
mingdeweixin	明德惟馨	ACCEPT
mingfachifa	明罚敕法	ACCEPT
mingfashenling	明法审令	ACCEPT
minggongjuqing	名公巨卿	ACCEPT
mingguergong	鸣鼓而攻	ACCEPT
minghuozhizhang	明火执杖	ACCEPT
mingjingzhishui	明镜止水	ACCEPT
minglingjinzhi	明令禁止	ACCEPT
mingmabiaojia	明码标价	ACCEPT
mingqianganjian	明枪暗箭	ACCEPT
mingshandachuan	名山大川	ACCEPT
mingshanshengshui	名山胜水	ACCEPT
mingshengdazao	名声大噪	ACCEPT
mingshifengliu	名士风流	ACCEPT
mingshixiangfu	名实相符	ACCEPT
mingshizhicai	命世之才	ACCEPT
mingsikuxiang	冥思苦想	ACCEPT
minguijunqing	民贵君轻	ACCEPT
mingwanbuhua	冥顽不化	ACCEPT
mingwenxiaer	名闻遐迩	ACCEPT
mingxinjianxing	明心见性	ACCEPT
mingyueqingfeng	明月清风	ACCEPT
mingyunduochuan	命运多舛	ACCEPT
mingyuqiaomu	鸣于乔木	ACCEPT
mingzhenyishi	名震一时	ACCEPT
mingzhongyishi	名重一时	ACCEPT
minkangwufu	民康物阜	ACCEPT
minweibangben	民惟邦本	ACCEPT
minxinsuoxiang	民心所向	ACCEPT
miranchengfeng	靡然成风	ACCEPT
mirenyanmu	迷人眼目	ACCEPT
misuodizhi	靡所底止	ACCEPT
mitugaoyang	迷途羔羊	ACCEPT
miutuozhiji	谬托知己	ACCEPT
miyanbobian	米盐博辩	ACCEPT
mobuxiangguan	漠不相关	ACCEPT
mochiwuyuan	没齿无怨	ACCEPT
mociweishen	莫此为甚	ACCEPT
moganshuihe	莫敢谁何	ACCEPT
mojianjigu	摩肩击毂	ACCEPT
mojiweigan	墨迹未干	ACCEPT
mokenaihe	莫可奈何	ACCEPT
molengliangduan	模棱两端	ACCEPT
momalibing	秣马厉兵	ACCEPT
momohanqing	脉脉含情	ACCEPT
momohuhu	模模糊糊	ACCEPT
moniyuxin	莫逆于心	ACCEPT
moquancazhang	磨拳擦掌	ACCEPT
moranhuishou	蓦然回首	ACCEPT
motubuqian	墨突不黔	ACCEPT
moumoweiwo	谋谟帷幄	ACCEPT
moushizairen	谋事在人	ACCEPT
mouweibugui	谋为不轨	ACCEPT
moyashunxue	磨牙吮血	ACCEPT
mozhiyujing	莫之与京	ACCEPT
mozhuanduifeng	磨砖对缝	ACCEPT
mubenshuiyuan	木本水源	ACCEPT
muburendu	目不忍睹	ACCEPT
mubuxieshi	目不邪视	ACCEPT
mucizixiao	母慈子孝	ACCEPT
muguangjiongjiong	目光炯炯	ACCEPT
muguangruju	目光如炬	ACCEPT
muguangyuanda	目光远大	ACCEPT
muhanshenzui	目酣神醉	ACCEPT
mumuxiangqu	目目相觑	ACCEPT
muqichenchen	暮气沉沉	ACCEPT
muquzhaolai	暮去朝来	ACCEPT
muruoxuanzhu	目若悬珠	ACCEPT
musesihe	暮色四合	ACCEPT
mutianxidi	幕天席地	ACCEPT
muwuguofa	目无国法	ACCEPT
muwuwangfa	目无王法	ACCEPT
muwuxiachen	目无下尘	ACCEPT
muwuzunzhang	目无尊长	ACCEPT
muyizigui	母以子贵	ACCEPT
naishengnaiqi	奶声奶气	ACCEPT
naixinwangshi	乃心王室	ACCEPT
najianruliu	纳谏如流	ACCEPT
nanchuanbeima	南船北马	ACCEPT
nandehutu	难得糊涂	ACCEPT
nanfenbozhong	难分伯仲	ACCEPT
nanfengaoxia	难分高下	ACCEPT
nanfengbujing	南风不竞	ACCEPT
nangenanshe	难割难舍	ACCEPT
nangengnvzhi	男耕女织	ACCEPT
nangkuosihai	囊括四海	ACCEPT
nangzhongzhiwu	囊中之物	ACCEPT
nanhunnvpin	男婚女聘	ACCEPT
nanjinyitui	难进易退	ACCEPT
nankeyimeng	南柯一梦	ACCEPT
nanlaibeiwang	南来北往	ACCEPT
nanmianchenggu	南面称孤	ACCEPT
nannannvnv	男男女女	ACCEPT
nannvyoubie	男女有别	ACCEPT
nanyimingzhuang	难以名状	ACCEPT
nanyiyanbiao	难以言表	ACCEPT
nanyiyanzhuang	难以言状	ACCEPT
naonaohonghong	闹闹哄哄	ACCEPT
naozhongqujing	闹中取静	ACCEPT
naqiangnadiao	拿腔拿调	ACCEPT
neiguzhiyou	内顾之忧	ACCEPT
neirouwaigang	内柔外刚	ACCEPT
neishengwaiwang	内圣外王	ACCEPT
neishifanting	内视反听	ACCEPT
neiwaihuying	内外呼应	ACCEPT
neiwaijiagong	内外夹攻	ACCEPT
neiwaijiaokun	内外交困	ACCEPT
neiwaiyoubie	内外有别	ACCEPT
neiyuanwaifang	内圆外方	ACCEPT
nenggongqiaojiang	能工巧匠	ACCEPT
nengqunengshen	能曲能伸	ACCEPT
nengshennengqu	能伸能屈	ACCEPT
nengshuoshandao	能说善道	ACCEPT
nengwennengwu	能文能武	ACCEPT
nengyankuaishuo	能言快说	ACCEPT
nengyanshandao	能言善道	ACCEPT
nengzhengshanzhan	能征善战	ACCEPT
nengzheweishi	能者为师	ACCEPT
neyanminxing	讷言敏行	ACCEPT
niangaodeshao	年高德邵	ACCEPT
nianguobanbai	年过半百	ACCEPT
nianhuaweixiao	拈花微笑	ACCEPT
nianlaoseshuai	年老色衰	ACCEPT
nianlaotishuai	年老体衰	ACCEPT
nianniansuisui	年年岁岁	ACCEPT
nianqingpazhong	拈轻怕重	ACCEPT
nianqingqicheng	年轻气盛	ACCEPT
nianshenrijiu	年深日久	ACCEPT
nianshenyuejiu	年深月久	ACCEPT
nianyouwuzhi	年幼无知	ACCEPT
nianyuhuajia	年逾花甲	ACCEPT
nianzhuangqirui	年壮气锐	ACCEPT
niaoniaonuonuo	袅袅娜娜	ACCEPT
nichangwohe	你唱我和	ACCEPT
nierzhongyan	逆耳忠言	ACCEPT
ningzhebuwan	宁折不弯	ACCEPT
niqushunshou	逆取顺守	ACCEPT
niudaoxiaoshi	牛刀小试	ACCEPT
niujiaoshusheng	牛角书生	ACCEPT
niumaburu	牛马不如	ACCEPT
niumaoxiyu	牛毛细雨	ACCEPT
niuniezuotai	扭捏作态	ACCEPT
niunizuotai	忸怩作态	ACCEPT
niutoumamian	牛头马面	ACCEPT
nixinmiezhi	溺心灭质	ACCEPT
niyujiuwen	溺于旧闻	ACCEPT
nongqiaofanzhuo	弄巧反拙	ACCEPT
nongqingmiyi	浓情蜜意	ACCEPT
nongwazhixi	弄瓦之喜	ACCEPT
nongzhuangdanmo	浓妆淡抹	ACCEPT
nuanyibaoshi	暖衣饱食	ACCEPT
nuhuozhongshao	怒火中烧	ACCEPT
nuqitianxiong	怒气填胸	ACCEPT
nuyanmeigu	奴颜媚骨	ACCEPT
nvelaoshouxin	虐老兽心	ACCEPT
nvmaolangcai	女貌郎才	ACCEPT
nvzhonghaojie	女中豪杰	ACCEPT
nvzhongzhangfu	女中丈夫	ACCEPT
oufengmeiyu	欧风美雨	ACCEPT
ouluwangji	鸥鹭忘机	ACCEPT
paichuyiji	排除异己	ACCEPT
paihuaibuqian	徘徊不前	ACCEPT
paishouchengkuai	拍手称快	ACCEPT
pangzhengboyin	旁征博引	ACCEPT
pangzhimojie	旁枝末节	ACCEPT
panlingeyin	泮林革音	ACCEPT
panlongfufeng	攀龙附凤	ACCEPT
panlongzhipi	盘龙之癖	ACCEPT
panruohonggou	判若鸿沟	ACCEPT
panshizhigu	磐石之固	ACCEPT
paobiekuaili	炰鳖脍鲤	ACCEPT
paodingjieniu	庖丁解牛	ACCEPT
paogenjiudi	刨根究底	ACCEPT
paomamaijie	跑马卖解	ACCEPT
pashanyueling	爬山越岭	ACCEPT
penboerchu	喷薄而出	ACCEPT
pengxiaowanli	鹏霄万里	ACCEPT
piananyiyu	偏安一隅	ACCEPT
piancizhiju	片词只句	ACCEPT
pianjiabuliu	片甲不留	ACCEPT
pianruojinghong	翩若惊鸿	ACCEPT
pianwabuliu	片瓦不留	ACCEPT
pianwawucun	片瓦无存	ACCEPT
pianyanzhizi	片言只字	ACCEPT
piaofengzhouyu	飘风骤雨	ACCEPT
piaopiaoliangliang	漂漂亮亮	ACCEPT
piaopiaoyuxian	飘飘欲仙	ACCEPT
piaoyangguohai	漂洋过海	ACCEPT
pibozhanlang	劈波斩浪	ACCEPT
picaorouhou	皮糙肉厚	ACCEPT
pifayingguan	披发缨冠	ACCEPT
pifuhuaibi	匹夫怀璧	ACCEPT
pifuzhiyong	匹夫之勇	ACCEPT
piguashangzhen	披挂上阵	ACCEPT
pihehuaiyu	被褐怀玉	ACCEPT
pihonggualv	披红挂绿	ACCEPT
pijianzhirui	披坚执锐	ACCEPT
pikangdaoxu	批亢捣虚	ACCEPT
pilichunqiu	皮里春秋	ACCEPT
pinbingjiaogong	贫病交攻	ACCEPT
pinfuxuanshu	贫富悬殊	ACCEPT
pinganwuyang	平安无恙	ACCEPT
pingdanwuwei	平淡无味	ACCEPT
pingfanzhaoxue	平反昭雪	ACCEPT
pingkongyizao	凭空臆造	ACCEPT
pingpinganan	平平安安	ACCEPT
pingpingfanfan	平平凡凡	ACCEPT
pingpingguanguan	瓶瓶罐罐	ACCEPT
pingpingjingjing	平平静静	ACCEPT
pingpingwenwen	平平稳稳	ACCEPT
pingpingyongyong	平平庸庸	ACCEPT
pingtoulunjiao	评头论脚	ACCEPT
pingtouzhenglian	平头正脸	ACCEPT
pingxinjingqi	平心静气	ACCEPT
pingxuyufeng	凭虚御风	ACCEPT
pingyijinmin	平易近民	ACCEPT
pinjianbuyi	贫贱不移	ACCEPT
pinmaofeifan	品貌非凡	ACCEPT
pinzhudiaoxian	品竹调弦	ACCEPT
pipabiebao	琵琶别抱	ACCEPT
pitiangaidi	劈天盖地	ACCEPT
piwangtailai	否往泰来	ACCEPT
pixiangzhitan	皮相之谈	ACCEPT
pofushengming	颇负盛名	ACCEPT
poguazhinian	破瓜之年	ACCEPT
pojiawangguo	破家亡国	ACCEPT
pojingnanyuan	破镜难圆	ACCEPT
pojunshajiang	破军杀将	ACCEPT
polangchengfeng	破浪乘风	ACCEPT
pomenerchu	破门而出	ACCEPT
popolanlan	破破烂烂	ACCEPT
potonglantie	破铜烂铁	ACCEPT
potuerchu	破土而出	ACCEPT
poyilanshan	破衣烂衫	ACCEPT
pupushishi	朴朴实实	ACCEPT
pusadimei	菩萨低眉	ACCEPT
pusaxinchang	菩萨心肠	ACCEPT
puyuhunjin	璞玉浑金	ACCEPT
qianchawancuo	千差万错	ACCEPT
qianchekejian	前车可鉴	ACCEPT
qianchengjinxiu	前程锦绣	ACCEPT
qianchengsijin	前程似锦	ACCEPT
qianchuangbaikong	千疮百孔	ACCEPT
qiancizaoju	遣词造句	ACCEPT
qianduanwanxu	千端万绪	ACCEPT
qianduliulang	前度刘郎	ACCEPT
qianeryijian	浅而易见	ACCEPT
qianfengyisu	迁风移俗	ACCEPT
qianfusuozhi	千夫所指	ACCEPT
qiangehouwu	前歌后舞	ACCEPT
qiangganruozhi	强干弱枝	ACCEPT
qianglindanyu	枪林弹雨	ACCEPT
qiangongjinmie	前功尽灭	ACCEPT
qiangouwanhe	千沟万壑	ACCEPT
qiangtoumashang	墙头马上	ACCEPT
qiangujuechang	千古绝唱	ACCEPT
qianguweiyou	前古未有	ACCEPT
qiangziquzhu	强自取柱	ACCEPT
qianhuhouyong	前呼后拥	ACCEPT
qianhuibaizhuan	千回百转	ACCEPT
qianhuwanhuan	千呼万唤	ACCEPT
qianjiehouxiang	前街后巷	ACCEPT
qianjingjisi	潜精积思	ACCEPT
qianjinyike	千金一刻	ACCEPT
qianjinyixiao	千金一笑	ACCEPT
qianjinzhongdan	千斤重担	ACCEPT
qianjunzhizhong	千钧之重	ACCEPT
qiankesaoren	迁客骚人	ACCEPT
qianlichungeng	千里莼羹	ACCEPT
qianlitongfeng	千里同风	ACCEPT
qianliwuyan	千里无烟	ACCEPT
qianlongwuyong	潜龙勿用	ACCEPT
qianlvjiqiong	黔驴技穷	ACCEPT
qiannanwanxian	千难万险	ACCEPT
qiannvlihun	倩女离魂	ACCEPT
qianqianjunzi	谦谦君子	ACCEPT
qianqiuwangu	千秋万古	ACCEPT
qianqiuwanshi	千秋万世	ACCEPT
qianqiuwansui	千秋万岁	ACCEPT
qianqiuwanzai	千秋万载	ACCEPT
qianrensuozhi	千人所指	ACCEPT
qianrenyimian	千人一面	ACCEPT
qianshangaiguo	迁善改过	ACCEPT
qianshanwanhe	千山万壑	ACCEPT
qianshanyingu	堑山堙谷	ACCEPT
qiansiwanxiang	千思万想	ACCEPT
qiantaiwanzhuang	千态万状	ACCEPT
qiantudaoge	前徒倒戈	ACCEPT
qianxiandaqiao	牵线搭桥	ACCEPT
qianxujingshen	谦虚敬慎	ACCEPT
qianxujinshen	谦虚谨慎	ACCEPT
qianyanjingxiu	千岩竞秀	ACCEPT
qianyanwangxing	前言往行	ACCEPT
qianyindichang	浅吟低唱	ACCEPT
qianyuqiaomu	迁于乔木	ACCEPT
qianyuwanyan	千语万言	ACCEPT
qianzainanyu	千载难遇	ACCEPT
qianzaiyishi	千载一时	ACCEPT
qianzhanhougu	前瞻后顾	ACCEPT
qianzhendichang	浅斟低唱	ACCEPT
qianzhendizhuo	浅斟低酌	ACCEPT
qiaogubosui	敲骨剥髓	ACCEPT
qiaojinjiyu	敲金击玉	ACCEPT
qiaoluodagu	敲锣打鼓	ACCEPT
qiaoquhaoduo	巧取豪夺	ACCEPT
qiaoranbule	愀然不乐	ACCEPT
qiaoshanzhenhu	敲山振虎	ACCEPT
qiaoshouqipan	翘首企盼	ACCEPT
qiaoshouyiwang	翘首以望	ACCEPT
qiaosongzhishou	乔松之寿	ACCEPT
qiaoyanruhuang	巧言如簧	ACCEPT
qiatouquwei	掐头去尾	ACCEPT
qiazhiyisuan	掐指一算	ACCEPT
qibicongrong	弃笔从戎	ACCEPT
qibuchengshi	七步成诗	ACCEPT
qibuchengzhang	七步成章	ACCEPT
qicaiyineng	奇才异能	ACCEPT
qichizhiqu	七尺之躯	ACCEPT
qidongyeyu	齐东野语	ACCEPT
qiechitonghen	切齿痛恨	ACCEPT
qieqieshishi	切切实实	ACCEPT
qierlaoxiao	妻儿老小	ACCEPT
qifengdishou	棋逢敌手	ACCEPT
qifenghanyu	凄风寒雨	ACCEPT
qifenglengyu	凄风冷雨	ACCEPT
qifengxiuyu	栖风宿雨	ACCEPT
qifudiedang	起伏跌宕	ACCEPT
qihuayaocao	琪花瑶草	ACCEPT
qihuayihui	奇花异卉	ACCEPT
qihuzhishi	骑虎之势	ACCEPT
qijiuyingxin	弃旧迎新	ACCEPT
qijiyinqiao	奇技淫巧	ACCEPT
qijunwuguo	欺君误国	ACCEPT
qijuwushi	起居无时	ACCEPT
qiliangdengguan	齐量等观	ACCEPT
qilingbasan	七零八散	ACCEPT
qiluwangyang	歧路亡羊	ACCEPT
qimeijuan	齐眉举案	ACCEPT
qimingtouan	弃明投暗	ACCEPT
qimizheluan	旗靡辙乱	ACCEPT
qinbuanxi	寝不安席	ACCEPT
qinchidaifa	噙齿戴发	ACCEPT
qingcaihaoshi	轻财好施	ACCEPT
qingcaizhongshi	轻财重士	ACCEPT
qingchadanfan	清茶淡饭	ACCEPT
qingchangzhiduan	情长纸短	ACCEPT
qingchaochudong	倾巢出动	ACCEPT
qingchengqingguo	倾城倾国	ACCEPT
qingciliju	清词丽句	ACCEPT
qingcuiyudi	青翠欲滴	ACCEPT
qingdenggufo	青灯古佛	ACCEPT
qingdenghuangjuan	青灯黄卷	ACCEPT
qingfenglangyue	清风朗月	ACCEPT
qinggairugu	倾盖如故	ACCEPT
qinggemanwu	轻歌曼舞	ACCEPT
qinggemiaowu	清歌妙舞	ACCEPT
qingguijielv	清规戒律	ACCEPT
qingguolengzao	清锅冷灶	ACCEPT
qingjingjiaorong	情景交融	ACCEPT
qingjingwuwei	清净无为	ACCEPT
qingjingwuwei	清静无为	ACCEPT
qingjinquanli	倾尽全力	ACCEPT
qingjishengzhi	情急生智	ACCEPT
qinglimenhu	清理门户	ACCEPT
qinglizhizhong	情理之中	ACCEPT
qingnangxiangshou	倾囊相授	ACCEPT
qingnangxiangzhu	倾囊相助	ACCEPT
qingpingshijie	清平世界	ACCEPT
qingqingbaibai	清清白白	ACCEPT
qingqingchuchu	清清楚楚	ACCEPT
qingqingshuangshuang	清清爽爽	ACCEPT
qingruhongmao	轻如鸿毛	ACCEPT
qingshengzhongyi	轻生重义	ACCEPT
qingshensihai	情深似海	ACCEPT
qingshenyichang	情深意长	ACCEPT
qingshenyichang	情深谊长	ACCEPT
qingshenyiqie	情深意切	ACCEPT
qingshenyizhong	情深义重	ACCEPT
qingshenyizhong	情深意重	ACCEPT
qingshiliuming	青史留名	ACCEPT
qingwenbingmao	情文并茂	ACCEPT
qingxinjunyi	清新俊逸	ACCEPT
qingyanxiangkan	青眼相看	ACCEPT
qingyanyoujia	青眼有加	ACCEPT
qingyingxiuche	清莹秀澈	ACCEPT
qingzhenglianjie	清正廉洁	ACCEPT
qingzhenyizhi	情真意挚	ACCEPT
qingzheziqing	清者自清	ACCEPT
qingzhilvye	青枝绿叶	ACCEPT
qingzhuangshangzhen	轻装上阵	ACCEPT
qingzuruibing	轻卒锐兵	ACCEPT
qinjinzhihao	秦晋之好	ACCEPT
qinmaoshishi	亲冒矢石	ACCEPT
qinrenshanlin	亲仁善邻	ACCEPT
qinsezhihao	琴瑟之好	ACCEPT
qinshangchengqin	亲上成亲	ACCEPT
qinshibuan	寝食不安	ACCEPT
qinshiqilu	秦失其鹿	ACCEPT
qinshouemei	螓首蛾眉	ACCEPT
qintiaowenjun	琴挑文君	ACCEPT
qinxuehaowen	勤学好问	ACCEPT
qiongerhougong	穷而后工	ACCEPT
qiongjiwuliao	穷极无聊	ACCEPT
qiongkoumozhui	穷寇莫追	ACCEPT
qiongkouwuzhui	穷寇勿追	ACCEPT
qiongnianleiyue	穷年累月	ACCEPT
qiongshanpirang	穷山僻壤	ACCEPT
qiongtuliaodao	穷途潦倒	ACCEPT
qiongtuzhiku	穷途之哭	ACCEPT
qiongxingjinxiang	穷形尽相	ACCEPT
qiongxiongeji	穷凶恶极	ACCEPT
qiongzhuimengda	穷追猛打	ACCEPT
qiqiaolinglong	七窍玲珑	ACCEPT
qiqiaomaohuo	七窍冒火	ACCEPT
qiqifufu	起起伏伏	ACCEPT
qiqiguaiguai	奇奇怪怪	ACCEPT
qiqiluoluo	起起落落	ACCEPT
qiqinqizong	七擒七纵	ACCEPT
qiqizhengzheng	齐齐整整	ACCEPT
qiqubingjia	齐驱并驾	ACCEPT
qiranleixia	凄然泪下	ACCEPT
qirenyoutian	杞人忧天	ACCEPT
qirenzhifu	齐人之福	ACCEPT
qirenziqi	欺人自欺	ACCEPT
qiruanpaying	欺软怕硬	ACCEPT
qirubixi	弃如敝屣	ACCEPT
qiruoyousi	气若游丝	ACCEPT
qishangmanxia	欺上瞒下	ACCEPT
qishanpae	欺善怕恶	ACCEPT
qishanyishui	奇山异水	ACCEPT
qishenhangu	凄神寒骨	ACCEPT
qishinanfu	其实难副	ACCEPT
qishipangbo	气势磅礴	ACCEPT
qishiruhong	气势如虹	ACCEPT
qishuhangxia	泣数行下	ACCEPT
qitunshanhe	气吞山河	ACCEPT
qiucairuoke	求才若渴	ACCEPT
qiufengtuanshan	秋风团扇	ACCEPT
qiufengwanshan	秋风纨扇	ACCEPT
qiugaomafei	秋高马肥	ACCEPT
qiuguoyugong	求过于供	ACCEPT
qiuhaobufan	秋毫不犯	ACCEPT
qiuhaozhimo	秋毫之末	ACCEPT
qiuquanzhihui	求全之毁	ACCEPT
qiushanjianjuan	秋扇见捐	ACCEPT
qiushenbaifo	求神拜佛	ACCEPT
qiushenwenbu	求神问卜	ACCEPT
qiushoudongcang	秋收冬藏	ACCEPT
qiushousangmian	囚首丧面	ACCEPT
qiuyifansun	求益反损	ACCEPT
qiuyuechunfeng	秋月春风	ACCEPT
qiuzhenwushi	求真务实	ACCEPT
qiuzhiruoke	求知若渴	ACCEPT
qiweiwuqiong	其味无穷	ACCEPT
qiweixiangtou	气味相投	ACCEPT
qiwenjiuwu	弃文就武	ACCEPT
qixialuyong	弃瑕录用	ACCEPT
qixiangwanqian	气象万千	ACCEPT
qixiangyixin	气象一新	ACCEPT
qixiazhanjin	泣下沾襟	ACCEPT
qixingyizhuang	奇形异状	ACCEPT
qiyanbayu	七言八语	ACCEPT
qiyanxiaozhang	气焰嚣张	ACCEPT
qiyubufan	器宇不凡	ACCEPT
qiyubufan	气宇不凡	ACCEPT
qiyuxuanang	器宇轩昂	ACCEPT
qizaomohei	起早摸黑	ACCEPT
qizhibugu	弃之不顾	ACCEPT
quanbaifengyi	劝百讽一	ACCEPT
quanpantuochu	全盘托出	ACCEPT
quanqingtianxia	权倾天下	ACCEPT
quanshanjiee	劝善戒恶	ACCEPT
quanshenyuanhai	全身远害	ACCEPT
quanshiquanzhong	全始全终	ACCEPT
quanwushichu	全无是处	ACCEPT
quanyajiaocuo	犬牙交错	ACCEPT
qubingyannian	祛病延年	ACCEPT
qucuqujing	去粗取精	ACCEPT
quechishaochuan	缺吃少穿	ACCEPT
quehububa	确乎不拔	ACCEPT
queqiaoxianghui	鹊桥相会	ACCEPT
quhuoqiushen	屈蠖求伸	ACCEPT
qujingtongyou	曲径通幽	ACCEPT
qujingyonghong	取精用宏	ACCEPT
quluanwuwang	取乱侮亡	ACCEPT
qumeifengjia	曲眉丰颊	ACCEPT
qunerbudang	群而不党	ACCEPT
qunmoluanwu	群魔乱舞	ACCEPT
qunqingdingfei	群情鼎沸	ACCEPT
qunqingjifen	群情激奋	ACCEPT
qunqingjifen	群情激愤	ACCEPT
qunqingzhezhou	群轻折轴	ACCEPT
qunqixiaoyou	群起效尤	ACCEPT
qunxianbizhi	群贤毕至	ACCEPT
quqingpibai	取青媲白	ACCEPT
ququzhezhe	曲曲折折	ACCEPT
qushuiliushang	曲水流觞	ACCEPT
qutaiqushen	去太去甚	ACCEPT
qutianchiwu	去天尺五	ACCEPT
quweicunzhen	去伪存真	ACCEPT
quwurensheng	阒无人声	ACCEPT
quyichengren	取义成仁	ACCEPT
quyifengcheng	曲意奉承	ACCEPT
quyiyinghe	曲意迎合	ACCEPT
quzheliqi	曲折离奇	ACCEPT
quzhibujin	取之不尽	ACCEPT
quzhongrensan	曲终人散	ACCEPT
rangyijinglao	让逸竞劳	ACCEPT
rangzaotuili	让枣推梨	ACCEPT
rankangzizhao	燃糠自照	ACCEPT
ranshenluanzhi	染神乱志	ACCEPT
raoliangzhiyin	绕梁之音	ACCEPT
raoyouquwei	饶有趣味	ACCEPT
raoyouxingwei	饶有兴味	ACCEPT
raoyouxingzhi	饶有兴致	ACCEPT
rehuoshangshen	惹祸上身	ACCEPT
renaofeifan	热闹非凡	ACCEPT
renbaiqishen	人百其身	ACCEPT
rencaibeichu	人才辈出	ACCEPT
renduozuiza	人多嘴杂	ACCEPT
reneyingguan	稔恶盈贯	ACCEPT
renfeicaomu	人非草木	ACCEPT
renfeitumu	人非土木	ACCEPT
renfeiwushi	人非物是	ACCEPT
rengeyouzhi	人各有志	ACCEPT
renhuanmajiao	人欢马叫	ACCEPT
renjianxianjing	人间仙境	ACCEPT
renjianyanhuo	人间烟火	ACCEPT
renjinjiezhi	人尽皆知	ACCEPT
renmiantaohua	人面桃花	ACCEPT
renmurenyang	人模人样	ACCEPT
rennijini	人溺己溺	ACCEPT
renqiangmazhuang	人强马壮	ACCEPT
renqinglengnuan	人情冷暖	ACCEPT
renqingxiongxiong	人情汹汹	ACCEPT
renqiongzhiduan	人穷智短	ACCEPT
renrenpingdeng	人人平等	ACCEPT
renrenzhenzhen	认认真真	ACCEPT
renrenziwei	人人自危	ACCEPT
renshengongfen	人神共愤	ACCEPT
renshiquanfei	人事全非	ACCEPT
rentouzandong	人头攒动	ACCEPT
renwaiyouren	人外有人	ACCEPT
renwangjiapo	人亡家破	ACCEPT
renwangzhengxi	人亡政息	ACCEPT
renweiwangqing	人微望轻	ACCEPT
renwenhuicui	人文荟萃	ACCEPT
renwoshifei	人我是非	ACCEPT
renxiaoguida	人小鬼大	ACCEPT
renxinfudong	人心浮动	ACCEPT
renxinhaili	忍心害理	ACCEPT
renxinpoce	人心叵测	ACCEPT
renxinsibian	人心思变	ACCEPT
renxinsuogui	人心所归	ACCEPT
renxinweiwei	人心惟危	ACCEPT
renxinxiangbei	人心向背	ACCEPT
renyinglvjie	刃迎缕解	ACCEPT
renzangbinghuo	人赃并获	ACCEPT
renzhejianren	仁者见仁	ACCEPT
renzhongzhilong	人中之龙	ACCEPT
renzuguizong	认祖归宗	ACCEPT
rerenaonao	热热闹闹	ACCEPT
riboxishan	日薄西山	ACCEPT
rijiunianshen	日久年深	ACCEPT
rijiutianchang	日久天长	ACCEPT
rijiuyuejiang	日就月将	ACCEPT
rileiyueji	日累月积	ACCEPT
riliwanji	日理万机	ACCEPT
ririyeye	日日夜夜	ACCEPT
rishenyiri	日甚一日	ACCEPT
risiyexiang	日思夜想	ACCEPT
riwangyuelai	日往月来	ACCEPT
riyijiye	日以继夜	ACCEPT
riyuexingchen	日月星辰	ACCEPT
rizhongzeze	日中则昃	ACCEPT
rongguloujin	荣古陋今	ACCEPT
rongmakongzong	戎马倥偬	ACCEPT
rongmayisheng	戎马一生	ACCEPT
rouchangbaijie	柔肠百结	ACCEPT
rouchangbaizhuan	柔肠百转	ACCEPT
rouqingchuotai	柔情绰态	ACCEPT
rouqingmiyi	柔情蜜意	ACCEPT
rouqingwanzhong	柔情万种	ACCEPT
roushengxiyu	柔声细语	ACCEPT
roushizhebi	肉食者鄙	ACCEPT
routanqianyang	肉袒牵羊	ACCEPT
rouyuannenger	柔远能迩	ACCEPT
rouzhongyougang	柔中有刚	ACCEPT
ruanruowuli	软弱无力	ACCEPT
ruanruowuneng	软弱无能	ACCEPT
ruchirukuang	如痴如狂	ACCEPT
rucieryi	如此而已	ACCEPT
ruhuasiyue	如花似月	ACCEPT
ruiyijinqu	锐意进取	ACCEPT
ruleiguaner	如雷灌耳	ACCEPT
rulvpingdi	如履平地	ACCEPT
rumangzaibei	如芒在背	ACCEPT
rumengchuxing	如梦初醒	ACCEPT
rumuchunfeng	如沐春风	ACCEPT
rumuzhibin	入幕之宾	ACCEPT
ruoaozhigui	若敖之鬼	ACCEPT
ruocunruowang	若存若亡	ACCEPT
ruoliufufeng	弱柳扶风	ACCEPT
ruomingruoan	若明若暗	ACCEPT
ruosheyuanbing	若涉渊冰	ACCEPT
ruqierzhi	如期而至	ACCEPT
rurifangsheng	如日方升	ACCEPT
rurifangzhong	如日方中	ACCEPT
rushufenghuan	如数奉还	ACCEPT
ruyafengliu	儒雅风流	ACCEPT
ruyuyinshui	如鱼饮水	ACCEPT
ruzhizhuzhang	如指诸掌	ACCEPT
ruzhuzhongyuan	入主中原	ACCEPT
ruzuiruchi	如醉如痴	ACCEPT
ruzuochunfeng	如坐春风	ACCEPT
ruzuoyoushou	如左右手	ACCEPT
sadouchengbing	撒豆成兵	ACCEPT
sancanbuji	三餐不继	ACCEPT
sanchaoyuanlao	三朝元老	ACCEPT
sancunzhishe	三寸之舌	ACCEPT
sanfansici	三番四次	ACCEPT
sanfansifu	三翻四复	ACCEPT
sanghuquanshu	桑户棬枢	ACCEPT
sangongliuyuan	三宫六院	ACCEPT
sangtianbihai	桑田碧海	ACCEPT
sangtiancanghai	桑田沧海	ACCEPT
sangzhongzhixi	桑中之喜	ACCEPT
sanhuwangqin	三户亡秦	ACCEPT
sanjiangwuhu	三江五湖	ACCEPT
sanlaosishao	三老四少	ACCEPT
sanliujiudeng	三六九等	ACCEPT
sannianwuzai	三年五载	ACCEPT
sansanwuwu	三三五五	ACCEPT
sanshanwuyue	三山五岳	ACCEPT
sanweiyiti	三位一体	ACCEPT
sanxingzaitian	三星在天	ACCEPT
sanxinliangyi	三心两意	ACCEPT
sanyangkaitai	三阳开泰	ACCEPT
sanyuanjidi	三元及第	ACCEPT
sanzhiwulv	三纸无驴	ACCEPT
sanzhixianggong	三旨相公	ACCEPT
saodichumen	扫地出门	ACCEPT
saorenmoke	骚人墨客	ACCEPT
saoshouchichu	搔首踟蹰	ACCEPT
saotayidai	扫榻以待	ACCEPT
saoxueliting	扫穴犁庭	ACCEPT
sashuangyingzi	飒爽英姿	ACCEPT
saxingengshi	洒心更始	ACCEPT
sejishikong	色即是空	ACCEPT
selidanbo	色厉胆薄	ACCEPT
senluowanxiang	森罗万象	ACCEPT
seshuaiaichi	色衰爱弛	ACCEPT
seyishuangjue	色艺双绝	ACCEPT
shahuimaqiang	杀回马枪	ACCEPT
shajiqudan	杀鸡取蛋	ACCEPT
shalitaojin	沙里淘金	ACCEPT
shanbengdilie	山崩地裂	ACCEPT
shanbenghaixiao	山崩海啸	ACCEPT
shanfanjiujian	删繁就简	ACCEPT
shanfengdianhuo	扇风点火	ACCEPT
shangaoluyuan	山高路远	ACCEPT
shangaoshuidi	山高水低	ACCEPT
shangbuyijian	赏不遗贱	ACCEPT
shangchunbeiqiu	伤春悲秋	ACCEPT
shangcuanxiatiao	上蹿下跳	ACCEPT
shangfafenming	赏罚分明	ACCEPT
shangfayanming	赏罚严明	ACCEPT
shanghaoxiashen	上好下甚	ACCEPT
shangqingxiada	上情下达	ACCEPT
shangshanfae	赏善罚恶	ACCEPT
shangshangxiaxia	上上下下	ACCEPT
shanguangshuise	山光水色	ACCEPT
shangxiatongxin	上下同心	ACCEPT
shangxiayixin	上下一心	ACCEPT
shangxinleshi	赏心乐事	ACCEPT
shangxuzhongkui	尚虚中馈	ACCEPT
shangyiyiguo	上医医国	ACCEPT
shangzhixiayu	上智下愚	ACCEPT
shanhebiaoli	山河表里	ACCEPT
shanheposui	山河破碎	ACCEPT
shanhuhaixiao	山呼海啸	ACCEPT
shanhuiluzhuan	山回路转	ACCEPT
shanmodayan	善莫大焉	ACCEPT
shanqizheduo	善骑者堕	ACCEPT
shanshanfaguang	闪闪发光	ACCEPT
shanshanwue	善善恶恶	ACCEPT
shanshuixianglian	山水相连	ACCEPT
shanshuoqici	闪烁其辞	ACCEPT
shantirenyi	善体人意	ACCEPT
shanyaoluyuan	山遥路远	ACCEPT
shanyurenjiao	善与人交	ACCEPT
shanzaofeisheng	掞藻飞声	ACCEPT
shanzhongzaixiang	山中宰相	ACCEPT
shanzuoweifu	擅作威福	ACCEPT
shanzuozhuzhang	擅作主张	ACCEPT
shaochiduocan	少吃多餐	ACCEPT
shaoqinzhuhe	烧琴煮鹤	ACCEPT
shaoshengyichou	稍胜一筹	ACCEPT
shaosiguayu	少私寡欲	ACCEPT
shaouxiangji	沙鸥翔集	ACCEPT
shaoxunyichou	稍逊一筹	ACCEPT
shaoyanguayu	少言寡语	ACCEPT
shaqiqiujiang	杀妻求将	ACCEPT
sharenyingye	杀人盈野	ACCEPT
sharenzhesi	杀人者死	ACCEPT
shashenbaoguo	杀身报国	ACCEPT
shaxuejiemeng	歃血结盟	ACCEPT
shebichengqu	涉笔成趣	ACCEPT
shejicongren	舍己从人	ACCEPT
shejinqiuyuan	舍近求远	ACCEPT
shenbuyouzhu	身不由主	ACCEPT
shencangbulu	深藏不露	ACCEPT
shencanzhijian	身残志坚	ACCEPT
shendangshishi	身当矢石	ACCEPT
shendanlibo	身单力薄	ACCEPT
shendanmiaoyao	神丹妙药	ACCEPT
shendaoshejiao	神道设教	ACCEPT
shengbanyingtao	生搬硬套	ACCEPT
shengburusi	生不如死	ACCEPT
shengcaizhidao	生财之道	ACCEPT
shengchirifan	生齿日繁	ACCEPT
shengengudi	深根固柢	ACCEPT
shengengudi	深根固蒂	ACCEPT
shengerzhizhi	生而知之	ACCEPT
shengfanshengcai	剩饭剩菜	ACCEPT
shengguansijie	生关死劫	ACCEPT
shengjibishuai	盛极必衰	ACCEPT
shengjibofa	生机勃发	ACCEPT
shengjipengbo	生机蓬勃	ACCEPT
shengjunxianxiang	圣君贤相	ACCEPT
shenglayingche	生拉硬扯	ACCEPT
shengmingyouguan	生命攸关	ACCEPT
shengmingyuanbo	声名远播	ACCEPT
shengmingzhilei	盛名之累	ACCEPT
shengmintutan	生民涂炭	ACCEPT
shengnanyunv	生男育女	ACCEPT
shengougaolei	深沟高垒	ACCEPT
shengqingtongyin	笙磬同音	ACCEPT
shengqixiangqiu	声气相求	ACCEPT
shengquanzaiwo	胜券在握	ACCEPT
shengruhongzhong	声如洪钟	ACCEPT
shengsehuoli	声色货利	ACCEPT
shengsejuli	声色俱厉	ACCEPT
shengshancaizhu	升山采珠	ACCEPT
shengshengbuyi	生生不已	ACCEPT
shengshengshishi	生生世世	ACCEPT
shengshihaoda	声势浩大	ACCEPT
shengsibuyu	生死不渝	ACCEPT
shengsiweibu	生死未卜	ACCEPT
shengsixiangyi	生死相依	ACCEPT
shengsiyugong	生死与共	ACCEPT
shengsizhijiao	生死之交	ACCEPT
shengyannanzai	盛筵难再	ACCEPT
shengzhenhuanyu	声震寰宇	ACCEPT
shenhuaijueji	身怀绝技	ACCEPT
shenhunbuding	神魂不定	ACCEPT
shenhuqishen	神乎其神	ACCEPT
shenjiabaibei	身价百倍	ACCEPT
shenjiaorougui	身娇肉贵	ACCEPT
shenjiaxingming	身家性命	ACCEPT
shenjujianchu	深居简出	ACCEPT
shenlaizhibi	神来之笔	ACCEPT
shenqiangtizhuang	身强体壮	ACCEPT
shenqimoce	神奇莫测	ACCEPT
shenqingziruo	神情自若	ACCEPT
shenqishizu	神气十足	ACCEPT
shenrugusui	深入骨髓	ACCEPT
shenseziruo	神色自若	ACCEPT
shenshandaze	深山大泽	ACCEPT
shenshanqionggu	深山穷谷	ACCEPT
shenshidushi	审时度势	ACCEPT
shenshiguishe	神施鬼设	ACCEPT
shensimingbian	慎思明辨	ACCEPT
shensuoziru	伸缩自如	ACCEPT
shentaiziruo	神态自若	ACCEPT
shentifafu	身体发肤	ACCEPT
shenwenzhouna	深文周纳	ACCEPT
shenwutongji	深恶痛疾	ACCEPT
shenwuzexing	身无择行	ACCEPT
shenxianzhongren	神仙中人	ACCEPT
shenzhaidayuan	深宅大院	ACCEPT
shenzhiyoushen	慎之又慎	ACCEPT
shenzhongrushi	慎终如始	ACCEPT
shenzhouchixian	神州赤县	ACCEPT
shenzhouluchen	神州陆沉	ACCEPT
sheshenweiguo	舍身为国	ACCEPT
shewoqishui	舍我其谁	ACCEPT
shexiexinchang	蛇蝎心肠	ACCEPT
shexinfukou	蛇心佛口	ACCEPT
shezhanqunru	舌战群儒	ACCEPT
shibiancongyi	识变从宜	ACCEPT
shibuganwei	食不甘味	ACCEPT
shibujueshu	史不绝书	ACCEPT
shibukedang	势不可挡	ACCEPT
shibushigu	事不师古	ACCEPT
shibuwoyu	时不我与	ACCEPT
shibuwoyu	时不我予	ACCEPT
shibuxiayan	食不下咽	ACCEPT
shibuyanjing	食不厌精	ACCEPT
shicairuming	视财如命	ACCEPT
shicaiziao	恃才自傲	ACCEPT
shichangbajiu	十常八九	ACCEPT
shichongerjiao	恃宠而骄	ACCEPT
shichuwunai	事出无奈	ACCEPT
shichuyouyin	事出有因	ACCEPT
shidanligu	势单力孤	ACCEPT
shidaorenxin	世道人心	ACCEPT
shidaozunyan	师道尊严	ACCEPT
shidonglayue	十冬腊月	ACCEPT
shiewuni	十恶五逆	ACCEPT
shifeidiandao	是非颠倒	ACCEPT
shifengqishi	适逢其时	ACCEPT
shifensheduan	豕分蛇断	ACCEPT
shiguainongqiao	使乖弄巧	ACCEPT
shiguangrenran	时光荏苒	ACCEPT
shigulibao	势孤力薄	ACCEPT
shiguweihan	尸骨未寒	ACCEPT
shihangjuxia	十行俱下	ACCEPT
shihuanzeyuan	事缓则圆	ACCEPT
shijiershang	拾级而上	ACCEPT
shijingzhitu	市井之徒	ACCEPT
shijiumazuo	使酒骂座	ACCEPT
shilaobingpi	师老兵疲	ACCEPT
shiliaobuji	始料不及	ACCEPT
shilichuanjia	诗礼传家	ACCEPT
shiluanzhongqi	始乱终弃	ACCEPT
shimaojiantu	食毛践土	ACCEPT
shimianmaifu	十面埋伏	ACCEPT
shinianchuangxia	十年窗下	ACCEPT
shinianhanchuang	十年寒窗	ACCEPT
shinianjiuhan	十年九旱	ACCEPT
shinianshengju	十年生聚	ACCEPT
shiqianglingruo	恃强凌弱	ACCEPT
shiqingchaoye	势倾朝野	ACCEPT
shirihesang	时日曷丧	ACCEPT
shirujichu	视如己出	ACCEPT
shirushuihuo	势如水火	ACCEPT
shiruxuanqing	室如悬磬	ACCEPT
shiruzhenbao	视如珍宝	ACCEPT
shishengtongku	失声痛哭	ACCEPT
shishifeifei	是是非非	ACCEPT
shishijinkui	石室金匮	ACCEPT
shishijiukong	十室九空	ACCEPT
shishinanliao	世事难料	ACCEPT
shishiruyi	事事如意	ACCEPT
shishiruyu	矢石如雨	ACCEPT
shishiwuwu	十十五五	ACCEPT
shisibuqu	誓死不屈	ACCEPT
shisibuyu	誓死不渝	ACCEPT
shisirusheng	视死如生	ACCEPT
shisuizhiwei	食髓知味	ACCEPT
shisuobizhi	势所必至	ACCEPT
shisuonanmian	势所难免	ACCEPT
shitongshengsi	誓同生死	ACCEPT
shiwaitaoyuan	世外桃源	ACCEPT
shiwangriqian	事往日迁	ACCEPT
shiweimintian	食为民天	ACCEPT
shiwudaxiao	事无大小	ACCEPT
shiwuqiubao	食无求饱	ACCEPT
shixinziyong	师心自用	ACCEPT
shiyangjianglang	使羊将狼	ACCEPT
shiyibuque	拾遗补阙	ACCEPT
shiyishishu	时异势殊	ACCEPT
shiyishiyi	世易时移	ACCEPT
shiyishiyi	时移世易	ACCEPT
shiyishiyi	时移势易	ACCEPT
shiyiyanzhi	诗以言志	ACCEPT
shiyizhici	事已至此	ACCEPT
shiyunbuji	时运不齐	ACCEPT
shiyunbuqi	时运不齐	ACCEPT
shiyuyouli	实与有力	ACCEPT
shizhibuyi	矢志不移	ACCEPT
shizhibuyu	矢志不渝	ACCEPT
shizhidongyu	失之东隅	ACCEPT
shizhilianxin	十指连心	ACCEPT
shizhongbuxie	始终不懈	ACCEPT
shoubinanshan	寿比南山	ACCEPT
shoudaobingchu	手到病除	ACCEPT
shoufangziru	收放自如	ACCEPT
shouguruchai	瘦骨如柴	ACCEPT
shouhuichengming	收回成命	ACCEPT
shouhuimusong	手挥目送	ACCEPT
shoujiyankuai	手疾眼快	ACCEPT
shoupianshangdang	受骗上当	ACCEPT
shouqidaoluo	手起刀落	ACCEPT
shourenyiyu	授人以渔	ACCEPT
shoushanfuhai	寿山福海	ACCEPT
shoushanzhidi	首善之地	ACCEPT
shoushumoleng	首鼠模棱	ACCEPT
shouweihuying	首尾呼应	ACCEPT
shouxiaoshenwei	收效甚微	ACCEPT
shouyangboshi	瘦羊博士	ACCEPT
shouyongbujin	受用不尽	ACCEPT
shouzhiwukui	受之无愧	ACCEPT
shouzhiyoukui	受之有愧	ACCEPT
shouzhiyuren	受制于人	ACCEPT
shouzupianzhi	手足胼胝	ACCEPT
shouzuqingshen	手足情深	ACCEPT
shuaituguixin	率土归心	ACCEPT
shuaiyiweichang	率以为常	ACCEPT
shuangluzhibing	霜露之病	ACCEPT
shuangsushuangqi	双宿双栖	ACCEPT
shudagenshen	树大根深	ACCEPT
shudubeihu	叔度陂湖	ACCEPT
shuerbuzuo	述而不作	ACCEPT
shuidilaozhen	水底捞针	ACCEPT
shuiguoyabei	水过鸭背	ACCEPT
shuijiebingqing	水洁冰清	ACCEPT
shuilaituyan	水来土掩	ACCEPT
shuiliuhuaxie	水流花谢	ACCEPT
shuilubingjin	水陆并进	ACCEPT
shuimanjinshan	水漫金山	ACCEPT
shuimiwujiao	水米无交	ACCEPT
shuipobujin	水泼不进	ACCEPT
shuiseshanguang	水色山光	ACCEPT
shuixiangzeguo	水乡泽国	ACCEPT
shuiyuejinghua	水月镜花	ACCEPT
shujinhuoluo	舒筋活络	ACCEPT
shujinhuoxue	舒筋活血	ACCEPT
shujiuhandong	数九寒冬	ACCEPT
shunfengerhu	顺风而呼	ACCEPT
shunkoukaihe	顺口开河	ACCEPT
shunliuerxia	顺流而下	ACCEPT
shunshundangdang	顺顺当当	ACCEPT
shunshunlili	顺顺利利	ACCEPT
shunxinruyi	顺心如意	ACCEPT
shuogudaojin	说古道今	ACCEPT
shuohaoshuodai	说好说歹	ACCEPT
shuoshuoxiaoxiao	说说笑笑	ACCEPT
shuqiegoutou	鼠窃狗偷	ACCEPT
shuqingshuzhong	孰轻孰重	ACCEPT
shuquanfeiri	蜀犬吠日	ACCEPT
shushenglanglang	书声琅琅	ACCEPT
shushenzihao	束身自好	ACCEPT
shushishufei	孰是孰非	ACCEPT
shushizhenliu	漱石枕流	ACCEPT
shuwanghanlai	暑往寒来	ACCEPT
shuwozhiyan	恕我直言	ACCEPT
shuzhiyingcai	淑质英才	ACCEPT
shuzhuangdaban	梳妆打扮	ACCEPT
shuzichengming	竖子成名	ACCEPT
sibieshengli	死别生离	ACCEPT
sibuxuanzhong	死不旋踵	ACCEPT
sibuzuxi	死不足惜	ACCEPT
sichubenbo	四处奔波	ACCEPT
sifangzhizhi	四方之志	ACCEPT
sihaidingfei	四海鼎沸	ACCEPT
sihaiyijia	四海一家	ACCEPT
sihezhiqing	俟河之清	ACCEPT
silaixiangqu	思来想去	ACCEPT
siliqiusheng	死里求生	ACCEPT
simananzhui	驷马难追	ACCEPT
simaqingshan	司马青衫	ACCEPT
simianchuge	四面楚歌	ACCEPT
sipolianpi	撕破脸皮	ACCEPT
siqubajie	四衢八街	ACCEPT
siruquanyong	思如泉涌	ACCEPT
sishengyouming	死生有命	ACCEPT
sishudizi	私淑弟子	ACCEPT
sishuiliunian	似水流年	ACCEPT
sishuiyitan	死水一潭	ACCEPT
sishuwujing	四书五经	ACCEPT
sisifangfang	四四方方	ACCEPT
sisirukou	丝丝入扣	ACCEPT
siwensaodi	斯文扫地	ACCEPT
sixiangshoushou	私相授受	ACCEPT
sixingwuji	肆行无忌	ACCEPT
sixintadi	死心踏地	ACCEPT
sixinzanian	私心杂念	ACCEPT
sixuwanqian	思绪万千	ACCEPT
siyiwangwei	肆意妄为	ACCEPT
sizhanzhidi	四战之地	ACCEPT
sizhibaihai	四肢百骸	ACCEPT
songbochengshan	耸膊成山	ACCEPT
songsongkuakua	松松垮垮	ACCEPT
songwangyinglai	送往迎来	ACCEPT
soukuoyikong	搜括一空	ACCEPT
suansuantiantian	酸酸甜甜	ACCEPT
suanwuyice	算无遗策	ACCEPT
sufushengming	素负盛名	ACCEPT
suibibudeng	岁比不登	ACCEPT
suibozhulang	随波逐浪	ACCEPT
suifengzhuanduo	随风转舵	ACCEPT
suihansanyou	岁寒三友	ACCEPT
suiqiongluanyu	碎琼乱玉	ACCEPT
suisuibianbian	随随便便	ACCEPT
suisuiniannian	岁岁年年	ACCEPT
suixiangrusu	随乡入俗	ACCEPT
suiyuebuju	岁月不居	ACCEPT
suiyuecuotuo	岁月蹉跎	ACCEPT
suizhuhebi	随珠和璧	ACCEPT
suizhujingyu	随珠荆玉	ACCEPT
sunbingzhejiang	损兵折将	ACCEPT
sunjiliren	损己利人	ACCEPT
sunkangyingxue	孙康映雪	ACCEPT
sunpangdouzhi	孙庞斗智	ACCEPT
sunrenhaiji	损人害己	ACCEPT
sunshangyixia	损上益下	ACCEPT
suodangwudi	所当无敌	ACCEPT
suoranfawei	索然乏味	ACCEPT
suotousuonao	缩头缩脑	ACCEPT
suotousuowei	缩头缩尾	ACCEPT
suoxiangkejie	所向克捷	ACCEPT
suoxiangwuqian	所向无前	ACCEPT
suoyangrufu	缩阳入腹	ACCEPT
suyezaigong	夙夜在公	ACCEPT
tailaipiji	泰来否极	ACCEPT
taishanbeidou	泰山北斗	ACCEPT
taishanyading	泰山压顶	ACCEPT
taitaipingping	太太平平	ACCEPT
tanbaicongkuan	坦白从宽	ACCEPT
tanchengxiangdai	坦诚相待	ACCEPT
tandaqiuyang	贪大求洋	ACCEPT
tanfudongchuang	坦腹东床	ACCEPT
tangbidangche	螳臂挡车	ACCEPT
tanghuangguanmian	堂皇冠冕	ACCEPT
tanglangbuchan	螳螂捕蝉	ACCEPT
tangtanghuanghuang	堂堂皇皇	ACCEPT
tangtangshuishui	汤汤水水	ACCEPT
tangtangzhizhen	堂堂之阵	ACCEPT
tanhunlunjia	谈婚论嫁	ACCEPT
tantandangdang	坦坦荡荡	ACCEPT
tantanguanguan	坛坛罐罐	ACCEPT
tantebuding	忐忑不定	ACCEPT
tanxiaoziru	谈笑自如	ACCEPT
tanxionglubei	袒胸露背	ACCEPT
tanxiongluru	袒胸露乳	ACCEPT
taohongliulv	桃红柳绿	ACCEPT
taohujishi	桃弧棘矢	ACCEPT
taopeimozuo	叨陪末座	ACCEPT
taoshaqujin	淘沙取金	ACCEPT
taozhiyaoyao	桃之夭夭	ACCEPT
tashanzhishi	他山之石	ACCEPT
tashanzhishi	它山之石	ACCEPT
tengyunjiawu	腾云驾雾	ACCEPT
tianbujianian	天不假年	ACCEPT
tianciliangji	天赐良机	ACCEPT
tianciliangyuan	天赐良缘	ACCEPT
tiancujiayou	添醋加油	ACCEPT
tiandaleipi	天打雷劈	ACCEPT
tiandaohaohuan	天道好还	ACCEPT
tiangaodihou	天高地厚	ACCEPT
tiangaoqishuang	天高气爽	ACCEPT
tiangaoyundan	天高云淡	ACCEPT
tianguancifu	天官赐福	ACCEPT
tianhuangguizhou	天潢贵胄	ACCEPT
tianhundian	天昏地暗	ACCEPT
tianjiazhinian	天假之年	ACCEPT
tianlangqiqing	天朗气清	ACCEPT
tianliburong	天理不容	ACCEPT
tianlixunhuan	天理循环	ACCEPT
tianlizhaozhao	天理昭昭	ACCEPT
tiannianbusui	天年不遂	ACCEPT
tiannurenyuan	天怒人怨	ACCEPT
tianshangrenjian	天上人间	ACCEPT
tianshidili	天时地利	ACCEPT
tiansuirenyuan	天随人愿	ACCEPT
tiantianmimi	甜甜蜜蜜	ACCEPT
tianwaiyoutian	天外有天	ACCEPT
tianwuerri	天无二日	ACCEPT
tianxiadubu	天下独步	ACCEPT
tianxiaguixin	天下归心	ACCEPT
tianxiaweigong	天下为公	ACCEPT
tianxiaweijia	天下为家	ACCEPT
tianxiawudi	天下无敌	ACCEPT
tianxiawushuang	天下无双	ACCEPT
tianyabilin	天涯比邻	ACCEPT
tianyadijiao	天涯地角	ACCEPT
tianyazhichi	天涯咫尺	ACCEPT
tianyuanzhibie	天渊之别	ACCEPT
tianzaocaomei	天造草昧	ACCEPT
tianzhenwuxie	天真无邪	ACCEPT
tianzhijiaozi	天之骄子	ACCEPT
tianzhijieye	添枝接叶	ACCEPT
tianzhudimie	天诛地灭	ACCEPT
tiaohedingnai	调和鼎鼐	ACCEPT
tiaoheyinyang	调和阴阳	ACCEPT
tiaotiaojianjian	挑挑拣拣	ACCEPT
tiaozhunongfen	调朱弄粉	ACCEPT
tiebandingding	铁板钉钉	ACCEPT
tiebanyikuai	铁板一块	ACCEPT
tiechumozhen	铁杵磨针	ACCEPT
tiehuayingou	铁画银钩	ACCEPT
tilingruyu	涕零如雨	ACCEPT
tingfengshiyu	听风是雨	ACCEPT
tingqizaiqu	停妻再娶	ACCEPT
tingtailouxie	亭台楼榭	ACCEPT
tishanhanghai	梯山航海	ACCEPT
titangbuqun	倜傥不群	ACCEPT
titoulinglong	剔透玲珑	ACCEPT
tongbukeren	痛不可忍	ACCEPT
tongdudayi	通都大邑	ACCEPT
tongexiangji	同恶相济	ACCEPT
tongexiangqiu	同恶相求	ACCEPT
tongfengbaoxin	通风报信	ACCEPT
tonggongyiti	同功一体	ACCEPT
tonghuiqianfei	痛悔前非	ACCEPT
tongjiazhihao	通家之好	ACCEPT
tongjinghuoluo	通经活络	ACCEPT
tongjintiegu	铜筋铁骨	ACCEPT
tongkushisheng	痛哭失声	ACCEPT
tongmingxianglian	同命相连	ACCEPT
tongnantongnv	童男童女	ACCEPT
tongpanchouhua	通盘筹划	ACCEPT
tongqilianzhi	同气连枝	ACCEPT
tongqixiangqiu	同气相求	ACCEPT
tongqudadao	通衢大道	ACCEPT
tongrieryan	同日而言	ACCEPT
tongrugusui	痛入骨髓	ACCEPT
tongshanghuigong	通商惠工	ACCEPT
tongshenggongsi	同生共死	ACCEPT
tongshengtongqi	同声同气	ACCEPT
tongshengxiangying	同声相应	ACCEPT
tongwentongzhong	同文同种	ACCEPT
tongxingongji	同心共济	ACCEPT
tongxinheli	同心合力	ACCEPT
tongxinluli	同心戮力	ACCEPT
tongxinxiede	同心协德	ACCEPT
tongyangxiangguan	痛痒相关	ACCEPT
tongyidadou	通邑大都	ACCEPT
tongyinhuanglong	痛饮黄龙	ACCEPT
tongyunmibu	彤云密布	ACCEPT
tongzhutiejiao	铜铸铁浇	ACCEPT
toubajiaoyi	头把交椅	ACCEPT
touhequrong	偷合取容	ACCEPT
touhunnaozhang	头昏脑涨	ACCEPT
toujianshuahua	偷奸耍滑	ACCEPT
toukuaijilian	头会箕敛	ACCEPT
toumeiqurong	偷媚取容	ACCEPT
touqinkaoyou	投亲靠友	ACCEPT
toushancuanhai	投山窜海	ACCEPT
toushangantou	头上安头	ACCEPT
toutengnaore	头疼脑热	ACCEPT
toutongnaore	头痛脑热	ACCEPT
tuantuanyuanyuan	团团圆圆	ACCEPT
tucaihaiming	图财害命	ACCEPT
tufashangma	土法上马	ACCEPT
tuhuannaihe	徒唤奈何	ACCEPT
tuhunaihe	徒呼奈何	ACCEPT
tuichenzhixin	推陈致新	ACCEPT
tuichongbeizhi	推崇备至	ACCEPT
tuijijiren	推己及人	ACCEPT
tuisibuguo	退思补过	ACCEPT
tuiwanggucun	推亡固存	ACCEPT
tukouxiaoyin	瘏口哓音	ACCEPT
tukuiyanmai	兔葵燕麦	ACCEPT
tulongchugou	土龙刍狗	ACCEPT
tulongzhiji	屠龙之技	ACCEPT
tumoubugui	图谋不轨	ACCEPT
tundaotuhuo	吞刀吐火	ACCEPT
tunshengrenqi	吞声忍气	ACCEPT
tunzhouzhiyu	吞舟之鱼	ACCEPT
tuogujiming	托孤寄命	ACCEPT
tuokouchengzhang	脱口成章	ACCEPT
tuotuodangdang	妥妥当当	ACCEPT
tuqihuluo	兔起鹘落	ACCEPT
tuqiongbixian	图穷匕现	ACCEPT
tuqiyangmei	吐气扬眉	ACCEPT
tutanshengling	涂炭生灵	ACCEPT
tuwenbingmao	图文并茂	ACCEPT
tuyouqibiao	徒有其表	ACCEPT
tuzouwufei	兔走乌飞	ACCEPT
waifangneiyuan	外方内圆	ACCEPT
wailixieshuo	歪理邪说	ACCEPT
waiqiniuba	歪七扭八	ACCEPT
waiqinneishu	外亲内疏	ACCEPT
wairouneigang	外柔内刚	ACCEPT
waizhongneiqing	外重内轻	ACCEPT
wanbiguizhao	完璧归赵	ACCEPT
wanererxiao	莞尔而笑	ACCEPT
wanfumodi	万夫莫敌	ACCEPT
wangbuxuanzhong	亡不旋踵	ACCEPT
wangcanfeiqin	忘餐废寝	ACCEPT
wangchenbuji	望尘不及	ACCEPT
wangchuanqiushui	望穿秋水	ACCEPT
wangfeixinji	枉费心机	ACCEPT
wangfengpimi	望风披靡	ACCEPT
wangfengxixin	望峰息心	ACCEPT
wanggulaijin	往古来今	ACCEPT
wangguozhiyin	亡国之音	ACCEPT
wangloutunzhou	网漏吞舟	ACCEPT
wangmentouzhi	望门投止	ACCEPT
wangmingtianya	亡命天涯	ACCEPT
wangnianzhihao	忘年之好	ACCEPT
wangpomaigua	王婆卖瓜	ACCEPT
wangqixiangbei	望其项背	ACCEPT
wangsungongzi	王孙公子	ACCEPT
wangubuhua	顽固不化	ACCEPT
wangwenwenqie	望闻问切	ACCEPT
wangyanghaobo	汪洋浩博	ACCEPT
wangyangzisi	汪洋恣肆	ACCEPT
wangzhanbiwei	忘战必危	ACCEPT
wangzhisuocuo	罔知所措	ACCEPT
wanhezhengliu	万壑争流	ACCEPT
wanjiebuzhong	晚节不终	ACCEPT
wankuqianxin	万苦千辛	ACCEPT
wanlaiwusheng	万籁无声	ACCEPT
wanlichangkong	万里长空	ACCEPT
wanlvqiansi	万缕千丝	ACCEPT
wanqiangbuqu	顽强不屈	ACCEPT
wanshenghouxue	晚生后学	ACCEPT
wanshidiantou	顽石点头	ACCEPT
wanshijubei	万事俱备	ACCEPT
wanshiwanwu	万事万物	ACCEPT
wanwanbuke	万万不可	ACCEPT
wanwanzhengzheng	完完整整	ACCEPT
wanzhangshenyuan	万丈深渊	ACCEPT
wanzhongzhumu	万众瞩目	ACCEPT
wanzhuandongting	婉转动听	ACCEPT
wanzhuanemei	宛转蛾眉	ACCEPT
wanzhuanyouyang	宛转悠扬	ACCEPT
weibuqijiao	位不期骄	ACCEPT
weicaishiju	唯才是举	ACCEPT
weichengdaguan	蔚成大观	ACCEPT
weidingzhitian	未定之天	ACCEPT
weidiruhu	畏敌如虎	ACCEPT
weifengsaodi	威风扫地	ACCEPT
weifusixing	微服私行	ACCEPT
weigaoquanzhong	位高权重	ACCEPT
weiguojuanqu	为国捐躯	ACCEPT
weiguoweimin	为国为民	ACCEPT
weihufuyi	为虎傅翼	ACCEPT
weijicunwang	危急存亡	ACCEPT
weijingweiyi	惟精惟一	ACCEPT
weijinzhiji	为今之计	ACCEPT
weilishishi	惟利是视	ACCEPT
weilishitu	惟利是图	ACCEPT
weimiaoweixiao	唯妙唯肖	ACCEPT
weimibuzhen	委靡不振	ACCEPT
weimingshicong	惟命是从	ACCEPT
weiminqingming	为民请命	ACCEPT
weiqiuweiji	为裘为箕	ACCEPT
weirenchushi	为人处世	ACCEPT
weirenchushi	为人处事	ACCEPT
weiribuzu	惟日不足	ACCEPT
weirujiaola	味如嚼蜡	ACCEPT
weiruoleiluan	危若累卵	ACCEPT
weishehuazu	为蛇画足	ACCEPT
weishengbaozhu	尾生抱柱	ACCEPT
weishibuke	未始不可	ACCEPT
weishishangzao	为时尚早	ACCEPT
weishubushao	为数不少	ACCEPT
weitongjuela	味同嚼蜡	ACCEPT
weiweidaolai	娓娓道来	ACCEPT
weiweihuaide	畏威怀德	ACCEPT
weiweijiuzhao	围魏救赵	ACCEPT
weiweizhuangguan	蔚为壮观	ACCEPT
weiwoduzun	惟我独尊	ACCEPT
weiwujingwen	纬武经文	ACCEPT
weiwuxiongzhuang	威武雄壮	ACCEPT
weixibuqian	畏葸不前	ACCEPT
weixinzhilun	违心之论	ACCEPT
weiyuanquyu	为渊驱鱼	ACCEPT
weizhenbafang	威震八方	ACCEPT
weizhuidujie	围追堵截	ACCEPT
weiziyaohuang	魏紫姚黄	ACCEPT
weizunzhehui	为尊者讳	ACCEPT
wencaifengliu	文采风流	ACCEPT
wenchangwenduan	问长问短	ACCEPT
wenchenwujiang	文臣武将	ACCEPT
wendingzhongyuan	问鼎中原	ACCEPT
wendongwenxi	问东问西	ACCEPT
wenfengerqi	闻风而起	ACCEPT
wenfengertao	闻风而逃	ACCEPT
wenfengxiangying	闻风响应	ACCEPT
wenfengyuanyang	闻风远扬	ACCEPT
wenlibutong	文理不通	ACCEPT
wenmingzhongwai	闻名中外	ACCEPT
wenqingbingmao	文情并茂	ACCEPT
wenqingmaimai	温情脉脉	ACCEPT
wenrenmoke	文人墨客	ACCEPT
wenrenmoshi	文人墨士	ACCEPT
wenrenyashi	文人雅士	ACCEPT
wenroudunhou	温柔敦厚	ACCEPT
wenrutaishan	稳如泰山	ACCEPT
wensiquanyong	文思泉涌	ACCEPT
wentaowulve	文韬武略	ACCEPT
wentianwuxi	文恬武嬉	ACCEPT
wenwendangdang	稳稳当当	ACCEPT
wenwenjingjing	文文静静	ACCEPT
wenwenruya	温文儒雅	ACCEPT
wenwuzhidao	文武之道	ACCEPT
wenxiangruanyu	温香软玉	ACCEPT
wenzhangshandou	文章山斗	ACCEPT
wochuangbuqi	卧床不起	ACCEPT
wojianyoulian	我见犹怜	ACCEPT
woshouyanhe	握手言和	ACCEPT
woshouyanhuan	握手言欢	ACCEPT
woyeqianli	沃野千里	ACCEPT
wubaimajiao	乌白马角	ACCEPT
wubenzhimu	无本之木	ACCEPT
wubianwuyan	无边无沿	ACCEPT
wubinongwen	舞笔弄文	ACCEPT
wubiyingsi	舞弊营私	ACCEPT
wubuyushi	无补于事	ACCEPT
wucaibanlan	五彩斑斓	ACCEPT
wuchitongzi	五尺童子	ACCEPT
wuchizhitong	五尺之僮	ACCEPT
wuchizhitong	五尺之童	ACCEPT
wuchizhiyou	无耻之尤	ACCEPT
wucongtanqi	无从谈起	ACCEPT
wudaidangfeng	吴带当风	ACCEPT
wudangwupai	无党无派	ACCEPT
wudaonongqiang	舞刀弄枪	ACCEPT
wudeercheng	无德而称	ACCEPT
wudengheihuo	乌灯黑火	ACCEPT
wudujuquan	五毒俱全	ACCEPT
wufakexiang	无法可想	ACCEPT
wufangzachu	五方杂处	ACCEPT
wufengzuolang	无风作浪	ACCEPT
wufuwujun	无父无君	ACCEPT
wuguandati	无关大体	ACCEPT
wuguanhongzhi	无关宏旨	ACCEPT
wugubufen	五谷不分	ACCEPT
wuguzaliang	五谷杂粮	ACCEPT
wuhuaizai	呜乎哀哉	ACCEPT
wuhuanxingyi	物换星移	ACCEPT
wuhuatianbao	物华天宝	ACCEPT
wujiangzhixiu	无疆之休	ACCEPT
wujiawushi	无家无室	ACCEPT
wujiliushou	五脊六兽	ACCEPT
wujiuwuyu	无咎无誉	ACCEPT
wujizhizhong	乌集之众	ACCEPT
wukebianbo	无可辩驳	ACCEPT
wukebini	无可比拟	ACCEPT
wukefouren	无可否认	ACCEPT
wukehoufei	无可厚非	ACCEPT
wukehuiyan	无可讳言	ACCEPT
wukeruhe	无可如何	ACCEPT
wukezhengbian	无可争辩	ACCEPT
wukongburu	无空不入	ACCEPT
wukuiyuxin	无愧于心	ACCEPT
wuleihongding	五雷轰顶	ACCEPT
wulihuitian	无力回天	ACCEPT
wuliketu	无利可图	ACCEPT
wuliwuzhong	五里雾中	ACCEPT
wumianzhiwang	无冕之王	ACCEPT
wumingshubei	无名鼠辈	ACCEPT
wumingzhihuo	无名之火	ACCEPT
wumingzhipu	无名之朴	ACCEPT
wumisandao	五迷三道	ACCEPT
wunizhuoshui	污泥浊水	ACCEPT
wupingwuju	无凭无据	ACCEPT
wuqibazao	污七八糟	ACCEPT
wuqinwugu	无亲无故	ACCEPT
wurennengdi	无人能敌	ACCEPT
wuruzhihe	无如之何	ACCEPT
wusewuzhu	五色无主	ACCEPT
wushangdati	无伤大体	ACCEPT
wushangeshan	舞衫歌扇	ACCEPT
wushangqilei	物伤其类	ACCEPT
wushanyunyu	巫山云雨	ACCEPT
wushengwuse	无声无色	ACCEPT
wushiqichang	五世其昌	ACCEPT
wushiwuzhong	无始无终	ACCEPT
wusiwuwei	无私无畏	ACCEPT
wusuobubei	无所不备	ACCEPT
wusuobuji	无所不及	ACCEPT
wusuobuke	无所不可	ACCEPT
wusuoburong	无所不容	ACCEPT
wusuobutong	无所不通	ACCEPT
wusuobuyou	无所不有	ACCEPT
wusuodunxing	无所遁形	ACCEPT
wusuoguji	无所顾忌	ACCEPT
wusuokefou	无所可否	ACCEPT
wusuoweiju	无所畏惧	ACCEPT
wutianheidi	乌天黑地	ACCEPT
wutouchuwei	吴头楚尾	ACCEPT
wutouwuwei	无头无尾	ACCEPT
wuwangbufu	无往不复	ACCEPT
wuwangbusheng	无往不胜	ACCEPT
wuwangzhizai	无妄之灾	ACCEPT
wuweierzhi	无为而治	ACCEPT
wuweizihua	无为自化	ACCEPT
wuwennongfa	舞文弄法	ACCEPT
wuwoliangwang	物我两忘	ACCEPT
wuxiaameng	吴下阿蒙	ACCEPT
wuxiaguji	无暇顾及	ACCEPT
wuxikecheng	无隙可乘	ACCEPT
wuxingwuying	无形无影	ACCEPT
wuxinlianzhan	无心恋战	ACCEPT
wuyanchangcheng	五言长城	ACCEPT
wuyichaoqun	武艺超群	ACCEPT
wuyifeiteng	物议沸腾	ACCEPT
wuyingwuxing	无影无形	ACCEPT
wuyiweiji	无以为继	ACCEPT
wuyixingmian	无一幸免	ACCEPT
wuyonghuiyan	毋庸讳言	ACCEPT
wuyongzhiyi	无庸置疑	ACCEPT
wuyongzhiyi	毋庸置疑	ACCEPT
wuyuanwuchou	无冤无仇	ACCEPT
wuyuanzhishui	无源之水	ACCEPT
wuyuhengliu	物欲横流	ACCEPT
wuyunjiekong	五蕴皆空	ACCEPT
wuyunmibu	乌云密布	ACCEPT
wuyuweibi	无与为比	ACCEPT
wuyuzegang	无欲则刚	ACCEPT
wuzairenwang	物在人亡	ACCEPT
xiabichengpian	下笔成篇	ACCEPT
xiabichengwen	下笔成文	ACCEPT
xiabichengzhang	下笔成章	ACCEPT
xiabiqianyan	下笔千言	ACCEPT
xiacheyishi	下车伊始	ACCEPT
xiachongyubing	夏虫语冰	ACCEPT
xiaerwenming	遐迩闻名	ACCEPT
xiaganyidan	侠肝义胆	ACCEPT
xiaguangwandao	霞光万道	ACCEPT
xiamakanhua	下马看花	ACCEPT
xianchenburan	纤尘不染	ACCEPT
xianchenuma	鲜车怒马	ACCEPT
xianfengdaogu	仙风道骨	ACCEPT
xiangcaomeiren	香草美人	ACCEPT
xiangchawuji	相差无几	ACCEPT
xiangchebaoma	香车宝马	ACCEPT
xiangcheyunxiao	响彻云霄	ACCEPT
xiangfanxiangcheng	相反相成	ACCEPT
xiangfengshiyu	祥风时雨	ACCEPT
xiangfuerxing	相辅而行	ACCEPT
xianghuagongyang	香花供养	ACCEPT
xiangjianheji	相煎何急	ACCEPT
xiangjiantaiji	相煎太急	ACCEPT
xiangmaotangtang	相貌堂堂	ACCEPT
xiangonghousi	先公后私	ACCEPT
xiangqushenyuan	相去甚远	ACCEPT
xiangquwuji	相去无几	ACCEPT
xiangrenweiguo	相忍为国	ACCEPT
xiangshengxiangke	相生相克	ACCEPT
xiangshierdong	相时而动	ACCEPT
xiangweibiaoli	相为表里	ACCEPT
xiangxiangduhe	香象渡河	ACCEPT
xiangxiaoyujian	香消玉减	ACCEPT
xiangxingshise	相形失色	ACCEPT
xiangxuyishi	相呴以湿	ACCEPT
xiangyanchengsu	相沿成俗	ACCEPT
xiangyaochumo	降妖除魔	ACCEPT
xiangyazhita	象牙之塔	ACCEPT
xiangyingchenghui	相映成辉	ACCEPT
xiangzhihenwan	相知恨晚	ACCEPT
xiangzhuangwujian	项庄舞剑	ACCEPT
xianheyishi	显赫一时	ACCEPT
xianketifou	献可替否	ACCEPT
xiankeyouzhong	鲜克有终	ACCEPT
xianliangfangzheng	贤良方正	ACCEPT
xianlianguachi	鲜廉寡耻	ACCEPT
xianlutoujiao	显露头角	ACCEPT
xianmuliangqi	贤母良妻	ACCEPT
xianqingyiqu	闲情逸趣	ACCEPT
xianrenhouji	先人后己	ACCEPT
xianshanlouge	仙山楼阁	ACCEPT
xianshenlingyu	陷身囹圄	ACCEPT
xianshixianbao	现世现报	ACCEPT
xiantingxinbu	闲庭信步	ACCEPT
xianwaiyouyin	弦外有音	ACCEPT
xianxuexianmai	现学现卖	ACCEPT
xianyanduomu	鲜艳夺目	ACCEPT
xianyihounan	先易后难	ACCEPT
xianyinuma	鲜衣怒马	ACCEPT
xianyuciling	娴于辞令	ACCEPT
xianzarendeng	闲杂人等	ACCEPT
xianziyimao	仙姿佚貌	ACCEPT
xianzujiannan	险阻艰难	ACCEPT
xiaobenjingying	小本经营	ACCEPT
xiaodiaodaiya	笑掉大牙	ACCEPT
xiaoerbuda	笑而不答	ACCEPT
xiaofengcanyue	晓风残月	ACCEPT
xiaoguicaosui	萧规曹随	ACCEPT
xiaoguoguamin	小国寡民	ACCEPT
xiaohanzhigu	崤函之固	ACCEPT
xiaojidaigong	消极怠工	ACCEPT
xiaokouchangkai	笑口常开	ACCEPT
xiaomianyecha	笑面夜叉	ACCEPT
xiaoqiyiying	小器易盈	ACCEPT
xiaorangzhibie	霄壤之别	ACCEPT
xiaorongmanmian	笑容满面	ACCEPT
xiaoshaojiucheng	箫韶九成	ACCEPT
xiaoshiliaoliao	小时了了	ACCEPT
xiaoxiaobuyan	小小不言	ACCEPT
xiaoxingyesu	晓行夜宿	ACCEPT
xiaoxiyingxu	消息盈虚	ACCEPT
xiaoyilihai	晓以利害	ACCEPT
xiaoyoumingqi	小有名气	ACCEPT
xiaozhiyili	晓之以理	ACCEPT
xiaozixiansun	孝子贤孙	ACCEPT
xiasanhuasi	瞎三话四	ACCEPT
xiaxueshangda	下学上达	ACCEPT
xibuxianuan	席不暇暖	ACCEPT
xicaiyuqin	戏彩娱亲	ACCEPT
xiebushengzheng	邪不胜正	ACCEPT
xiebuyazheng	邪不压正	ACCEPT
xiefengxiyu	斜风细雨	ACCEPT
xieguanqinlou	谢馆秦楼	ACCEPT
xiehouxiangyu	邂逅相遇	ACCEPT
xiejiabaoshu	谢家宝树	ACCEPT
xiejiadaikou	携家带口	ACCEPT
xiejiaguitian	卸甲归田	ACCEPT
xieliyinyang	燮理阴阳	ACCEPT
xiemowaidao	邪魔外道	ACCEPT
xietinglanyu	谢庭兰玉	ACCEPT
xiexinluli	协心戮力	ACCEPT
xiexintongli	协心同力	ACCEPT
xifugelv	西服革履	ACCEPT
xiguerchui	析骨而炊	ACCEPT
xihaiyicuan	析骸以爨	ACCEPT
xijijingchu	息迹静处	ACCEPT
xijinqianhua	洗尽铅华	ACCEPT
xijuanbahuang	席卷八荒	ACCEPT
xijuantianxia	席卷天下	ACCEPT
ximenpengxiang	席门蓬巷	ACCEPT
ximorujin	惜墨如金	ACCEPT
xinchaoqifu	心潮起伏	ACCEPT
xinchengzeling	心诚则灵	ACCEPT
xincimianruan	心慈面软	ACCEPT
xincunjiaoxing	心存侥幸	ACCEPT
xincunjiedi	心存芥蒂	ACCEPT
xindaoshenzhi	心到神知	ACCEPT
xinerhaogu	信而好古	ACCEPT
xinfudahuan	心腹大患	ACCEPT
xinfuqizao	心浮气躁	ACCEPT
xinfuzhiji	心腹之疾	ACCEPT
xinfuzhijiao	心腹之交	ACCEPT
xingchengyusi	行成于思	ACCEPT
xingcuobuyong	刑措不用	ACCEPT
xinggeshijin	形格势禁	ACCEPT
xinghuoliaoyuan	星火燎原	ACCEPT
xingjikeyi	形迹可疑	ACCEPT
xingjinerfan	兴尽而返	ACCEPT
xingjiyouchi	行己有耻	ACCEPT
xinglichuhai	兴利除害	ACCEPT
xinglieruhuo	性烈如火	ACCEPT
xingmianyunan	幸免于难	ACCEPT
xingrongkugao	形容枯槁	ACCEPT
xingrongqiaocui	形容憔悴	ACCEPT
xingrugaomu	形如槁木	ACCEPT
xingruogouzhi	行若狗彘	ACCEPT
xingshanjide	行善积德	ACCEPT
xingshenmingshei	姓甚名谁	ACCEPT
xingshenmingshui	姓甚名谁	ACCEPT
xingshidongzhong	行师动众	ACCEPT
xingtonggouzhi	行同狗彘	ACCEPT
xingweiangran	兴味盎然	ACCEPT
xingweisuoran	兴味索然	ACCEPT
xingxianjiaoxing	行险徼幸	ACCEPT
xingxingdiandian	星星点点	ACCEPT
xingxiongzuoe	行凶作恶	ACCEPT
xingyidouzhuan	星移斗转	ACCEPT
xingyiwuhuan	星移物换	ACCEPT
xingyuzhiren	刑余之人	ACCEPT
xingzhisuozhi	兴之所至	ACCEPT
xingzhiyounian	行之有年	ACCEPT
xingzhubimo	形诸笔墨	ACCEPT
xingzhuzuowo	行住坐卧	ACCEPT
xinhuaibugui	心怀不轨	ACCEPT
xinhuaiguitai	心怀鬼胎	ACCEPT
xinhuaipoce	心怀叵测	ACCEPT
xinjiaorufen	心焦如焚	ACCEPT
xinjingdanhan	心惊胆寒	ACCEPT
xinjingdanluo	心惊胆落	ACCEPT
xinjingdantiao	心惊胆跳	ACCEPT
xinjingdanzhan	心惊胆颤	ACCEPT
xinjingrushui	心静如水	ACCEPT
xinjingyaodang	心旌摇荡	ACCEPT
xinjingyaoye	心旌摇曳	ACCEPT
xinjinhuochuan	薪尽火传	ACCEPT
xinjirufen	心急如焚	ACCEPT
xinlaorizhuo	心劳日拙	ACCEPT
xinmayoujiang	信马由缰	ACCEPT
xinmingyanliang	心明眼亮	ACCEPT
xinmoshouzhui	心摹手追	ACCEPT
xinranmingbi	欣然命笔	ACCEPT
xinranzide	欣然自得	ACCEPT
xinrenguijia	辛壬癸甲	ACCEPT
xinrugaomu	心如槁木	ACCEPT
xinrukujing	心如枯井	ACCEPT
xinshangbifa	信赏必罚	ACCEPT
xinshenbuding	心神不定	ACCEPT
xinshounianlai	信手拈来	ACCEPT
xinshouxiangying	心手相应	ACCEPT
xinshubuzheng	心术不正	ACCEPT
xintouzhuanglu	心头撞鹿	ACCEPT
xinwuzanian	心无杂念	ACCEPT
xinxiangdaozhu	馨香祷祝	ACCEPT
xinxiangwangzhi	心向往之	ACCEPT
xinxiyukuang	欣喜欲狂	ACCEPT
xinyoulingxi	心有灵犀	ACCEPT
xiongcaidalve	雄材大略	ACCEPT
xiongcaiweilve	雄才伟略	ACCEPT
xionghuaidazhi	胸怀大志	ACCEPT
xionghuzhishi	熊虎之士	ACCEPT
xiongjingniaoshen	熊经鸟伸	ACCEPT
xiongjuhuzhi	熊据虎跱	ACCEPT
xiongshenyajian	雄深雅健	ACCEPT
xiongwendashou	雄文大手	ACCEPT
xiongwudianmo	胸无点墨	ACCEPT
xiongxinbaodan	熊心豹胆	ACCEPT
xiongxinzhuangzhi	雄心壮志	ACCEPT
xiongyongpengpai	汹涌澎湃	ACCEPT
xiongyoudigong	兄友弟恭	ACCEPT
xiongzhongdiji	兄终弟及	ACCEPT
xiongziyingfa	雄姿英发	ACCEPT
xishizhenbao	稀世珍宝	ACCEPT
xishizhibao	稀世之宝	ACCEPT
xishoufenggong	洗手奉公	ACCEPT
xisuobifu	悉索敝赋	ACCEPT
xiuhuabiyue	羞花闭月	ACCEPT
xiuhuazhentou	绣花枕头	ACCEPT
xiumunandiao	朽木难雕	ACCEPT
xiuqiaobulu	修桥补路	ACCEPT
xiuqiyugong	休戚与共	ACCEPT
xiuqizhiping	修齐治平	ACCEPT
xiushenyangxing	修身养性	ACCEPT
xiuwuzhixin	羞恶之心	ACCEPT
xiuzhenyangxing	修真养性	ACCEPT
xixihaha	嘻嘻哈哈	ACCEPT
xixiluoluo	稀稀落落	ACCEPT
xixindilv	洗心涤虑	ACCEPT
xixingerqian	膝行而前	ACCEPT
xixingpufu	膝行蒲伏	ACCEPT
xixixiangtong	息息相通	ACCEPT
xizhichengyan	希旨承颜	ACCEPT
xizhiruwei	细致入微	ACCEPT
xizipengxin	西子捧心	ACCEPT
xizirujin	惜字如金	ACCEPT
xuanganzhuankun	旋干转坤	ACCEPT
xuanhezhushui	悬河注水	ACCEPT
xuanliduozi	绚丽多姿	ACCEPT
xuanxianrenneng	选贤任能	ACCEPT
xuanxianyuneng	选贤与能	ACCEPT
xuanyajuebi	悬崖绝壁	ACCEPT
xuanyaleima	悬崖勒马	ACCEPT
xuanyasashou	悬崖撒手	ACCEPT
xudunianhua	虚度年华	ACCEPT
xuefaweini	削发为尼	ACCEPT
xuefaweiseng	削发为僧	ACCEPT
xueguanzhongxi	学贯中西	ACCEPT
xuehaishenchou	血海深仇	ACCEPT
xuejiannaodai	削尖脑袋	ACCEPT
xuejiutianren	学究天人	ACCEPT
xueliuruzhu	血流如注	ACCEPT
xuemuweili	削木为吏	ACCEPT
xuerouzhiqu	血肉之躯	ACCEPT
xueshiyuanbo	学识渊博	ACCEPT
xuetieruni	削铁如泥	ACCEPT
xueyouzhuanchang	学有专长	ACCEPT
xueyuefenghua	雪月风花	ACCEPT
xueyuxingfeng	血雨腥风	ACCEPT
xuezhaixuehuan	血债血还	ACCEPT
xuezhaofengnian	雪兆丰年	ACCEPT
xuhuangyiqiang	虚晃一枪	ACCEPT
xumouyijiu	蓄谋已久	ACCEPT
xungenjiudi	寻根究底	ACCEPT
xunhuamiliu	寻花觅柳	ACCEPT
xunhuanwangfu	循环往复	ACCEPT
xunmingheshi	循名核实	ACCEPT
xunqingwangfa	徇情枉法	ACCEPT
xunsimihuo	寻死觅活	ACCEPT
xunxunmimi	寻寻觅觅	ACCEPT
xunzhangzhaiju	寻章摘句	ACCEPT
xuwupiaomiao	虚无飘渺	ACCEPT
xuxuduoduo	许许多多	ACCEPT
xuyubuli	须臾不离	ACCEPT
yabaikouqing	牙白口清	ACCEPT
yadaoyiqie	压倒一切	ACCEPT
yamiaozhuzhang	揠苗助长	ACCEPT
yananzhendu	宴安酖毒	ACCEPT
yananzhendu	燕安酖毒	ACCEPT
yanbierguo	掩鼻而过	ACCEPT
yanbitouxiang	掩鼻偷香	ACCEPT
yanbiyouju	言必有据	ACCEPT
yanbohaomiao	烟波浩淼	ACCEPT
yanbohaomiao	烟波浩渺	ACCEPT
yanbuerjia	言不二价	ACCEPT
yanchaomushang	燕巢幕上	ACCEPT
yanchubixing	言出必行	ACCEPT
yanerxinhun	燕尔新婚	ACCEPT
yangaoyuding	眼高于顶	ACCEPT
yangbukuitian	仰不愧天	ACCEPT
yangfengguya	扬风扢雅	ACCEPT
yangjichiyu	殃及池鱼	ACCEPT
yangliuyiyi	杨柳依依	ACCEPT
yangmeituqi	扬眉吐气	ACCEPT
yangmianchaotian	仰面朝天	ACCEPT
yangtangzhifei	扬汤止沸	ACCEPT
yangtianchangtan	仰天长叹	ACCEPT
yangtianchangxiao	仰天长啸	ACCEPT
yanguliujin	颜骨柳筋	ACCEPT
yanguoliusheng	雁过留声	ACCEPT
yangweizhongyong	洋为中用	ACCEPT
yangxuxuanyu	羊续悬鱼	ACCEPT
yangyangbule	怏怏不乐	ACCEPT
yangyangdaguan	洋洋大观	ACCEPT
yangyangdaguo	泱泱大国	ACCEPT
yanhanhuxu	燕颔虎须	ACCEPT
yanhongchazi	嫣红姹紫	ACCEPT
yanhuaerre	眼花耳热	ACCEPT
yanhuangzisun	炎黄子孙	ACCEPT
yanjinliugu	颜筋柳骨	ACCEPT
yankutugan	咽苦吐甘	ACCEPT
yankutungan	咽苦吞甘	ACCEPT
yanmeixiangcheng	盐梅相成	ACCEPT
yanmeizhiji	盐梅之寄	ACCEPT
yanquyulai	雁去鱼来	ACCEPT
yanrenrenshu	言人人殊	ACCEPT
yanruotaoli	艳若桃李	ACCEPT
yantanjuzhi	言谈举止	ACCEPT
yantatiming	雁塔题名	ACCEPT
yanwubujin	言无不尽	ACCEPT
yanwuxiuwen	偃武修文	ACCEPT
yanxiaohuomie	烟消火灭	ACCEPT
yanxiaoyanyan	言笑晏晏	ACCEPT
yanxiaoziruo	言笑自若	ACCEPT
yanxingjunfa	严刑峻法	ACCEPT
yanxingjuzhi	言行举止	ACCEPT
yanxingxianggu	言行相顾	ACCEPT
yanxuezhishi	岩穴之士	ACCEPT
yanyandaibi	奄奄待毙	ACCEPT
yanyanggaozhao	艳阳高照	ACCEPT
yanyouweijin	言犹未尽	ACCEPT
yanyudaoduan	言语道断	ACCEPT
yanyunguoyan	烟云过眼	ACCEPT
yanzaofeisheng	掞藻飞声	ACCEPT
yanzhewuzui	言者无罪	ACCEPT
yanzhichengli	言之成理	ACCEPT
yanzhiyouli	言之有理	ACCEPT
yaochungushe	摇唇鼓舌	ACCEPT
yaodianfeilong	药店飞龙	ACCEPT
yaoeryanzhi	要而言之	ACCEPT
yaogongqingshang	邀功请赏	ACCEPT
yaoshiwangxiao	药石罔效	ACCEPT
yaosuanbeitong	腰酸背痛	ACCEPT
yaotaonongli	夭桃秾李	ACCEPT
yaotianshunri	尧天舜日	ACCEPT
yaotiaoshunv	窈窕淑女	ACCEPT
yaotouhuangnao	摇头晃脑	ACCEPT
yaoweiqiushi	摇尾求食	ACCEPT
yaowurenyan	杳无人烟	ACCEPT
yaowuxinxi	杳无信息	ACCEPT
yaowuyinxun	杳无音讯	ACCEPT
yaoxianghuying	遥相呼应	ACCEPT
yaoyaoxiangdui	遥遥相对	ACCEPT
yaoyeshengzi	摇曳生姿	ACCEPT
yaquewusheng	鸦鹊无声	ACCEPT
yayaxueyu	牙牙学语	ACCEPT
yazizhiyuan	睚眦之怨	ACCEPT
yebangengshen	夜半更深	ACCEPT
yebansangeng	夜半三更	ACCEPT
yebuchengmei	夜不成寐	ACCEPT
yecaoxianhua	野草闲花	ACCEPT
yechangmengduo	夜长梦多	ACCEPT
yegonghaolong	叶公好龙	ACCEPT
yelangzida	夜郎自大	ACCEPT
yeluozhiqiu	叶落知秋	ACCEPT
yerenxianpu	野人献曝	ACCEPT
yewuyixian	野无遗贤	ACCEPT
yexinbobo	野心勃勃	ACCEPT
yeyuduichuang	夜雨对床	ACCEPT
yibanwuer	一般无二	ACCEPT
yibenchuzhong	一本初衷	ACCEPT
yibiaofeifan	一表非凡	ACCEPT
yibiaorencai	一表人才	ACCEPT
yibingzhigong	一秉至公	ACCEPT
yibiqianli	一碧千里	ACCEPT
yibiruxi	一碧如洗	ACCEPT
yibiwanqing	一碧万顷	ACCEPT
yibiyihua	一笔一画	ACCEPT
yibizhili	一臂之力	ACCEPT
yibugaiti	衣不盖体	ACCEPT
yibujiedai	衣不解带	ACCEPT
yibujike	以不济可	ACCEPT
yibuliushen	一不留神	ACCEPT
yibushengcai	义不生财	ACCEPT
yibuyiqu	一步一趋	ACCEPT
yicaifencheng	异彩纷呈	ACCEPT
yicaoyimu	一草一木	ACCEPT
yichengdingju	已成定局	ACCEPT
yichengxiangdai	以诚相待	ACCEPT
yichouwandai	遗臭万代	ACCEPT
yichuidingyin	一槌定音	ACCEPT
yicichonghao	以次充好	ACCEPT
yicileitui	依此类推	ACCEPT
yicunchixin	一寸赤心	ACCEPT
yicundanxin	一寸丹心	ACCEPT
yidaiwenzong	一代文宗	ACCEPT
yidaobisui	意到笔随	ACCEPT
yidayidang	一搭一档	ACCEPT
yidebaode	以德报德	ACCEPT
yidefuren	以德服人	ACCEPT
yideyixin	一德一心	ACCEPT
yidierchu	易地而处	ACCEPT
yidingbuyi	一定不易	ACCEPT
yidingzhigui	一定之规	ACCEPT
yiduanxieshuo	异端邪说	ACCEPT
yiduoweisheng	倚多为胜	ACCEPT
yiduweikuai	一睹为快	ACCEPT
yierbujue	议而不决	ACCEPT
yieyangshan	抑恶扬善	ACCEPT
yifangbuce	以防不测	ACCEPT
yifanqianjin	一饭千金	ACCEPT
yifanzhide	一饭之德	ACCEPT
yifapaozhi	依法炮制	ACCEPT
yifaweijiao	以法为教	ACCEPT
yifeichongtian	一飞冲天	ACCEPT
yifochushi	一佛出世	ACCEPT
yifurushi	亦复如是	ACCEPT
yifuzhiyong	一夫之勇	ACCEPT
yigaodanda	艺高胆大	ACCEPT
yigenhuanye	移根换叶	ACCEPT
yigongweishou	以攻为守	ACCEPT
yiguadizhong	以寡敌众	ACCEPT
yiguajizhong	以寡击众	ACCEPT
yiguanbanzhi	一官半职	ACCEPT
yiguanhouxiao	以观后效	ACCEPT
yiguanwenwu	衣冠文物	ACCEPT
yigunaoer	一股脑儿	ACCEPT
yigunaor	一股脑儿	ACCEPT
yiguqianjin	一顾千金	ACCEPT
yiguyijin	宜古宜今	ACCEPT
yihaobaihao	一好百好	ACCEPT
yihongershang	一哄而上	ACCEPT
yihuangliangshe	一簧两舌	ACCEPT
yijiajuanshu	一家眷属	ACCEPT
yijianzhidi	一箭之地	ACCEPT
yijiayishi	宜家宜室	ACCEPT
yijiazhixue	一家之学	ACCEPT
yijiazhiyan	一家之言	ACCEPT
yijiduoren	以己度人	ACCEPT
yijieshusheng	一介书生	ACCEPT
yijiewufu	一介武夫	ACCEPT
yijimeihua	驿寄梅花	ACCEPT
yijingtixian	仪静体闲	ACCEPT
yijinweitui	以进为退	ACCEPT
yijinyexing	衣锦夜行	ACCEPT
yijizhisi	一己之私	ACCEPT
yijuebuqi	一蹶不起	ACCEPT
yijuesunmou	贻厥孙谋	ACCEPT
yijuliangquan	一举两全	ACCEPT
yijuqianli	一举千里	ACCEPT
yikoutongsheng	一口同声	ACCEPT
yikoutongyin	一口同音	ACCEPT
yikoutongyin	异口同音	ACCEPT
yikuangtianxia	一匡天下	ACCEPT
yikuweile	以苦为乐	ACCEPT
yilaiyiwang	一来一往	ACCEPT
yilaoyishao	遗老遗少	ACCEPT
yilifuren	以力服人	ACCEPT
yilifuren	以理服人	ACCEPT
yiluanshenmi	意乱神迷	ACCEPT
yimaixiangchuan	一脉相传	ACCEPT
yimaixiangtong	一脉相通	ACCEPT
yimakedai	倚马可待	ACCEPT
yimaxinyuan	意马心猿	ACCEPT
yimeizhici	溢美之辞	ACCEPT
yimianzhiya	一面之雅	ACCEPT
yimianzhiyuan	一面之缘	ACCEPT
yimingguixi	一命归西	ACCEPT
yimoxiangru	以沫相濡	ACCEPT
yinaitongbao	一奶同胞	ACCEPT
yingdaruliu	应答如流	ACCEPT
yingfeiyanwu	莺飞燕舞	ACCEPT
yingfendianyu	蝇粪点玉	ACCEPT
yinglushoutu	膺箓受图	ACCEPT
yingminggaishi	英名盖世	ACCEPT
yingqianleiwan	盈千累万	ACCEPT
yingshilanggu	鹰视狼顾	ACCEPT
yingshuyanshuo	郢书燕说	ACCEPT
yingsiwubi	营私舞弊	ACCEPT
yingtianshunren	应天顺人	ACCEPT
yingtouxiaokai	蝇头小楷	ACCEPT
yingxianerdao	应弦而倒	ACCEPT
yingxiongbeichu	英雄辈出	ACCEPT
yingxionghaojie	英雄豪杰	ACCEPT
yingxiongmolu	英雄末路	ACCEPT
yingxiongqiduan	英雄气短	ACCEPT
yingyingchuochuo	影影绰绰	ACCEPT
yingyingyanyan	莺莺燕燕	ACCEPT
yingyupankong	硬语盘空	ACCEPT
yingzhixingdan	影只形单	ACCEPT
yingzibofa	英姿勃发	ACCEPT
yinhuozifen	引火自焚	ACCEPT
yinianyidu	一年一度	ACCEPT
yinjiuzegong	引咎责躬	ACCEPT
yinleishouruo	印累绶若	ACCEPT
yinrenzhiyi	因人制宜	ACCEPT
yinrongwanzai	音容宛在	ACCEPT
yinrongxiaomao	音容笑貌	ACCEPT
yinruodiguo	隐若敌国	ACCEPT
yinshengyangshuai	阴盛阳衰	ACCEPT
yinshinannv	饮食男女	ACCEPT
yinshiqiju	饮食起居	ACCEPT
yinshizhiyi	因事制宜	ACCEPT
yinshizuodui	吟诗作对	ACCEPT
yintianbiri	隐天蔽日	ACCEPT
yinwenliangjue	音问两绝	ACCEPT
yinxungouqie	因循苟且	ACCEPT
yinyiweichi	引以为耻	ACCEPT
yinyiweihao	引以为豪	ACCEPT
yinyuanjihui	因缘际会	ACCEPT
yinyulianmian	阴雨连绵	ACCEPT
yinyunmibu	阴云密布	ACCEPT
yinyushiyi	引喻失义	ACCEPT
yinzifengqi	荫子封妻	ACCEPT
yipianbingxin	一片冰心	ACCEPT
yipiandanxin	一片丹心	ACCEPT
yipiankuxin	一片苦心	ACCEPT
yipianlangji	一片狼藉	ACCEPT
yipouhuangtu	一抔黄土	ACCEPT
yiqianglingruo	倚强凌弱	ACCEPT
yiqinbuzhuo	以勤补拙	ACCEPT
yiqingyuexing	怡情悦性	ACCEPT
yiqiuyihe	一丘一壑	ACCEPT
yiqiuzhihao	一丘之貉	ACCEPT
yiqiyangyang	意气洋洋	ACCEPT
yiqiziru	意气自如	ACCEPT
yiqubufan	一去不返	ACCEPT
yiquhengsheng	逸趣横生	ACCEPT
yiqunzhicai	逸群之才	ACCEPT
yiranzile	怡然自乐	ACCEPT
yiranziruo	怡然自若	ACCEPT
yirengqijiu	一仍其旧	ACCEPT
yirenweijian	以人为鉴	ACCEPT
yirenweijing	以人为镜	ACCEPT
yiriwanji	一日万机	ACCEPT
yisaoerguang	一扫而光	ACCEPT
yishanbangshui	倚山傍水	ACCEPT
yishanbuzheng	衣衫不整	ACCEPT
yishanlanlv	衣衫褴褛	ACCEPT
yishantianhai	移山填海	ACCEPT
yishazhisha	以杀止杀	ACCEPT
yishenxunguo	以身殉国	ACCEPT
yishenxunzhi	以身殉职	ACCEPT
yishenzhengqi	一身正气	ACCEPT
yishijiubi	医时救弊	ACCEPT
yishiliangming	一尸两命	ACCEPT
yishilingren	倚势凌人	ACCEPT
yishitoushui	以石投水	ACCEPT
yishiweijing	以史为镜	ACCEPT
yishiwugong	疑事无功	ACCEPT
yishiyaren	以势压人	ACCEPT
yishiyijia	宜室宜家	ACCEPT
yishiyiyou	亦师亦友	ACCEPT
yishizhixiong	一世之雄	ACCEPT
yishizhixiu	一时之秀	ACCEPT
yishizhixuan	一时之选	ACCEPT
yishoujiae	以手加额	ACCEPT
yishouqijian	以售其奸	ACCEPT
yishouyannian	益寿延年	ACCEPT
yishouyizu	一手一足	ACCEPT
yishubaihuo	一树百获	ACCEPT
yishuizhige	一水之隔	ACCEPT
yisihaigong	以私害公	ACCEPT
yisiyisheng	一死一生	ACCEPT
yisunjusun	一损俱损	ACCEPT
yitaguazi	一塌刮子	ACCEPT
yitahutu	一塌胡涂	ACCEPT
yitaiwanfang	仪态万方	ACCEPT
yitianbadi	倚天拔地	ACCEPT
yitianyiri	移天易日	ACCEPT
yitongtianxia	一统天下	ACCEPT
yituanluanma	一团乱麻	ACCEPT
yituanmoshi	疑团莫释	ACCEPT
yituiweijin	以退为进	ACCEPT
yituozaituo	一拖再拖	ACCEPT
yiwangwubian	一望无边	ACCEPT
yiwansinian	亿万斯年	ACCEPT
yiwenhuiyou	以文会友	ACCEPT
yiwenqushi	逸闻趣事	ACCEPT
yiwobuqi	一卧不起	ACCEPT
yiwubuzhi	一物不知	ACCEPT
yiwuchangwu	一无长物	ACCEPT
yiwurongji	贻误戎机	ACCEPT
yiwusuocheng	一无所成	ACCEPT
yiwusuode	一无所得	ACCEPT
yiwusuoneng	一无所能	ACCEPT
yiwuzaiwu	一误再误	ACCEPT
yixiangbinying	衣香鬓影	ACCEPT
yixiaojianda	以小见大	ACCEPT
yixiaoqianjin	一笑千金	ACCEPT
yixiaozuozhong	移孝作忠	ACCEPT
yixieqianli	一泻千里	ACCEPT
yixiewanli	一泻万里	ACCEPT
yixikejian	依稀可见	ACCEPT
yixincanban	疑信参半	ACCEPT
yixinchuanxin	以心传心	ACCEPT
yixinglanshan	意兴阑珊	ACCEPT
yixinliangyong	一心两用	ACCEPT
yixintonggong	一心同功	ACCEPT
yixinwuer	一心无二	ACCEPT
yixishangcun	一息尚存	ACCEPT
yixuexixue	以血洗血	ACCEPT
yiyanbanci	一言半辞	ACCEPT
yiyanbanyu	一言半语	ACCEPT
yiyanbizhi	一言蔽之	ACCEPT
yiyangduncuo	抑扬顿挫	ACCEPT
yiyanghulu	依样葫芦	ACCEPT
yiyanquren	以言取人	ACCEPT
yiyejiri	以夜继日	ACCEPT
yiyepianzhou	一叶扁舟	ACCEPT
yiyidangshi	以一当十	ACCEPT
yiyigongyi	以夷攻夷	ACCEPT
yiyimingzhu	薏苡明珠	ACCEPT
yiyishenghui	熠熠生辉	ACCEPT
yiyixibie	依依惜别	ACCEPT
yiyongzhifu	一勇之夫	ACCEPT
yiyuanbaode	以怨报德	ACCEPT
yiyunchongchong	疑云重重	ACCEPT
yiyusanfan	一隅三反	ACCEPT
yiyuzhidi	一隅之地	ACCEPT
yizaibixian	意在笔先	ACCEPT
yizaipeigong	意在沛公	ACCEPT
yizhangyichi	一张一弛	ACCEPT
yizhanyangzhan	以战养战	ACCEPT
yizhaobanshi	一招半式	ACCEPT
yizhaoyishi	一招一式	ACCEPT
yizhaozhifen	一朝之忿	ACCEPT
yizhengciyan	义正词严	ACCEPT
yizhenhuangliang	一枕黄粱	ACCEPT
yizhenyixian	一针一线	ACCEPT
yizhibaoyuan	以直报怨	ACCEPT
yizhiyusi	一至于斯	ACCEPT
yizhongtiannian	以终天年	ACCEPT
yizhuanduoneng	一专多能	ACCEPT
yizhuangyixie	亦庄亦谐	ACCEPT
yiziershi	易子而食	ACCEPT
yiziyiju	一字一句	ACCEPT
yizuoyiqi	一坐一起	ACCEPT
yongbaoqingchun	永葆青春	ACCEPT
yongbingzichong	拥兵自重	ACCEPT
yongchaofengyue	咏嘲风月	ACCEPT
yongchuiqingshi	永垂青史	ACCEPT
yongerwumou	勇而无谋	ACCEPT
yongguansanjun	勇冠三军	ACCEPT
yongmengjingjin	勇猛精进	ACCEPT
yongrongdianya	雍容典雅	ACCEPT
yongronghuagui	雍容华贵	ACCEPT
yongrongyabu	雍容雅步	ACCEPT
yongshexingcang	用舍行藏	ACCEPT
yongzhebuju	勇者不惧	ACCEPT
yongzhongjiaojiao	庸中佼佼	ACCEPT
youaiguanzhan	有碍观瞻	ACCEPT
youankecha	有案可查	ACCEPT
youankeji	有案可稽	ACCEPT
youbiyoufang	游必有方	ACCEPT
youcifushuo	游辞浮说	ACCEPT
youcijibi	由此及彼	ACCEPT
youdangbielun	又当别论	ACCEPT
youdanyoushi	有胆有识	ACCEPT
youdishenru	诱敌深入	ACCEPT
youfenchengji	忧愤成疾	ACCEPT
youfenglaiyi	有凤来仪	ACCEPT
youguoaimin	忧国爱民	ACCEPT
youguofenggong	忧国奉公	ACCEPT
youguowangshen	忧国忘身	ACCEPT
youguoyoumin	忧国忧民	ACCEPT
youhuanyusheng	忧患余生	ACCEPT
youjikexun	有迹可循	ACCEPT
youjinbuzhi	有禁不止	ACCEPT
youkounanbian	有口难辩	ACCEPT
youkounanyan	有口难言	ACCEPT
youkouwuxing	有口无行	ACCEPT
youkunanyan	有苦难言	ACCEPT
youlaiwuhui	有来无回	ACCEPT
youlaiyijiu	由来已久	ACCEPT
youlaiyouwang	有来有往	ACCEPT
youlingbuxing	有令不行	ACCEPT
youliyouju	有理有据	ACCEPT
youmengyiguan	优孟衣冠	ACCEPT
youmuchenghuai	游目骋怀	ACCEPT
youmuyouyang	有模有样	ACCEPT
younvhuaichun	有女怀春	ACCEPT
youpingyouju	有凭有据	ACCEPT
youpoyouli	有破有立	ACCEPT
youqianrushen	由浅入深	ACCEPT
youranzide	悠然自得	ACCEPT
yourusiwen	有辱斯文	ACCEPT
youshangfenghua	有伤风化	ACCEPT
youshangheqi	有伤和气	ACCEPT
youshiyouzu	有始有卒	ACCEPT
youshizhizhong	由始至终	ACCEPT
youtoufenmian	油头粉面	ACCEPT
youtouhuanao	油头滑脑	ACCEPT
youwenbida	有问必答	ACCEPT
youxianzide	悠闲自得	ACCEPT
youxianzizai	悠闲自在	ACCEPT
youxikecheng	有隙可乘	ACCEPT
youxinrufen	忧心如焚	ACCEPT
youxinwuli	有心无力	ACCEPT
youxirenjian	游戏人间	ACCEPT
youxueyourou	有血有肉	ACCEPT
youyanzaixian	有言在先	ACCEPT
youyouwanshi	悠悠万事	ACCEPT
youyouyuyu	犹犹豫豫	ACCEPT
youyouzizai	悠游自在	ACCEPT
youyubuqian	犹豫不前	ACCEPT
youzaiyouzai	优哉游哉	ACCEPT
youzaiyouzai	悠哉游哉	ACCEPT
youzhangkexun	有章可循	ACCEPT
youzhiwuquan	有职无权	ACCEPT
yuanduzhongyang	远渡重洋	ACCEPT
yuanfeiyuyue	鸢飞鱼跃	ACCEPT
yuangechongyang	远隔重洋	ACCEPT
yuanjiaojingong	远交近攻	ACCEPT
yuanmujingzhen	圆木警枕	ACCEPT
yuanqianyimian	缘悭一面	ACCEPT
yuanqidashang	元气大伤	ACCEPT
yuanqinjinlin	远亲近邻	ACCEPT
yuanshechongyang	远涉重洋	ACCEPT
yuantouhuoshui	源头活水	ACCEPT
yuanxindingzui	原心定罪	ACCEPT
yuanyuanbenben	元元本本	ACCEPT
yuanyuanbenben	源源本本	ACCEPT
yuanyuanbujue	源源不绝	ACCEPT
yuanyuanxiangbao	冤冤相报	ACCEPT
yuanzhieran	远至迩安	ACCEPT
yuanzoutaxiang	远走他乡	ACCEPT
yubingyunong	寓兵于农	ACCEPT
yubuyanxia	瑜不掩瑕	ACCEPT
yucanhuachou	玉惨花愁	ACCEPT
yuchengqishi	玉成其事	ACCEPT
yuchuanchisu	鱼传尺素	ACCEPT
yudafengchui	雨打风吹	ACCEPT
yueheifenggao	月黑风高	ACCEPT
yuelichange	月里嫦娥	ACCEPT
yuemawangong	跃马弯弓	ACCEPT
yuemayangbian	跃马扬鞭	ACCEPT
yuemingfengqing	月明风清	ACCEPT
yuemingxingxi	月明星稀	ACCEPT
yuemuyuxin	悦目娱心	ACCEPT
yuequanfeixue	粤犬吠雪	ACCEPT
yueruojigu	粤若稽古	ACCEPT
yueyirixin	月异日新	ACCEPT
yueyuanhuahao	月圆花好	ACCEPT
yuezhiyuanting	岳峙渊渟	ACCEPT
yufuyufu	愚夫愚妇	ACCEPT
yuguanerxing	鱼贯而行	ACCEPT
yugubingji	玉骨冰肌	ACCEPT
yuguoqishi	誉过其实	ACCEPT
yuhuachengxian	羽化成仙	ACCEPT
yuhuadengxian	羽化登仙	ACCEPT
yujiazhizui	欲加之罪	ACCEPT
yujiesongzhen	玉洁松贞	ACCEPT
yukuwulei	欲哭无泪	ACCEPT
yulingzhihun	欲令智昏	ACCEPT
yumantianxia	誉满天下	ACCEPT
yumaofengman	羽毛丰满	ACCEPT
yumaoweifeng	羽毛未丰	ACCEPT
yumiaojuelun	语妙绝伦	ACCEPT
yumingengshi	与民更始	ACCEPT
yumintongle	与民同乐	ACCEPT
yuminzhengli	与民争利	ACCEPT
yunbeihaisi	云悲海思	ACCEPT
yunchoujuesheng	运筹决胜	ACCEPT
yunchouyanmou	运筹演谋	ACCEPT
yunchuangwuge	云窗雾阁	ACCEPT
yundanfengqing	云淡风轻	ACCEPT
yunguotiankong	云过天空	ACCEPT
yunkaiwusan	云开雾散	ACCEPT
yunlongfenghu	云龙风虎	ACCEPT
yunnizhicha	云泥之差	ACCEPT
yunqilongxiang	云起龙骧	ACCEPT
yunyanguoyan	云烟过眼	ACCEPT
yunyousifang	云游四方	ACCEPT
yunyunhuhu	晕晕乎乎	ACCEPT
yunyuwushan	云雨巫山	ACCEPT
yunzhengxiawei	云蒸霞蔚	ACCEPT
yunzhijuezhong	允执厥中	ACCEPT
yunzhiqizhong	允执其中	ACCEPT
yunzhongbaihe	云中白鹤	ACCEPT
yunzhuanshilai	运转时来	ACCEPT
yuquyuduo	予取予夺	ACCEPT
yuquyuqiu	予取予求	ACCEPT
yurouxiangli	鱼肉乡里	ACCEPT
yurunzhuyuan	玉润珠圆	ACCEPT
yuruyucheng	玉汝于成	ACCEPT
yushanguanjin	羽扇纶巾	ACCEPT
yushuijiaqiao	遇水架桥	ACCEPT
yushuiqingshen	鱼水情深	ACCEPT
yushuishenqing	鱼水深情	ACCEPT
yushuohuanxiu	欲说还休	ACCEPT
yushuqiongzhi	玉树琼枝	ACCEPT
yusifengpian	雨丝风片	ACCEPT
yusubuda	欲速不达	ACCEPT
yutihengchen	玉体横陈	ACCEPT
yuweiwuqiong	余味无穷	ACCEPT
yuwengdeli	渔翁得利	ACCEPT
yuwengzhili	渔翁之利	ACCEPT
yuwofengcan	雨卧风餐	ACCEPT
yuwuquanci	语无诠次	ACCEPT
yuxinbugan	于心不甘	ACCEPT
yuxinheren	于心何忍	ACCEPT
yuxinwukui	于心无愧	ACCEPT
yuxuefenzhan	浴血奋战	ACCEPT
yuyangpigu	渔阳鼙鼓	ACCEPT
yuyangxianyi	欲扬先抑	ACCEPT
yuyanwangfan	鱼雁往返	ACCEPT
yuyifanbi	欲益反弊	ACCEPT
yuyiweifeng	羽翼未丰	ACCEPT
yuyiyicheng	羽翼已成	ACCEPT
yuyoujiaofu	鱼游燋釜	ACCEPT
yuyuelongmen	鱼跃龙门	ACCEPT
yuzilulu	余子碌碌	ACCEPT
yuzixielao	与子偕老	ACCEPT
zaiciyiju	在此一举	ACCEPT
zaijienantao	在劫难逃	ACCEPT
zaisuobuxi	在所不惜	ACCEPT
zaizaozhien	再造之恩	ACCEPT
zangpirenwu	臧否人物	ACCEPT
zaocidianpei	造次颠沛	ACCEPT
zaofengbuou	遭逢不偶	ACCEPT
zaoguishuce	凿龟数策	ACCEPT
zaohuanongren	造化弄人	ACCEPT
zaojiabuzao	遭家不造	ACCEPT
zaokangzhiqi	糟糠之妻	ACCEPT
zaoyaohuozhong	造谣惑众	ACCEPT
zaoyaozhongshang	造谣中伤	ACCEPT
zaxuepangshou	杂学旁收	ACCEPT
zebeihoushi	泽被后世	ACCEPT
zeimeizeiyan	贼眉贼眼	ACCEPT
zeixinbusi	贼心不死	ACCEPT
zengaifenming	憎爱分明	ACCEPT
zengguangjianwen	增广见闻	ACCEPT
zengshensharen	曾参杀人	ACCEPT
zezechengzan	啧啧称赞	ACCEPT
zezechenqi	啧啧称奇	ACCEPT
zhabaiyangshu	诈败佯输	ACCEPT
zhaijiemuyu	斋戒沐浴	ACCEPT
zhaixinrenhou	宅心仁厚	ACCEPT
zhaizhongtuda	宅中图大	ACCEPT
zhamouqiji	诈谋奇计	ACCEPT
zhanbuxuanzhong	战不旋踵	ACCEPT
zhangchanghuamei	张敞画眉	ACCEPT
zhangguanlidai	张冠李戴	ACCEPT
zhangsanlisi	张三李四	ACCEPT
zhangshangguanwen	掌上观文	ACCEPT
zhangtaiyangliu	章台杨柳	ACCEPT
zhangyouzunbei	长幼尊卑	ACCEPT
zhanjinshajue	斩尽杀绝	ACCEPT
zhanmujiegan	斩木揭竿	ACCEPT
zhanpidaigu	粘皮带骨	ACCEPT
zhanshanweiwang	占山为王	ACCEPT
zhanwubuke	战无不克	ACCEPT
zhanzhanzihao	沾沾自好	ACCEPT
zhaofaxizhi	朝发夕至	ACCEPT
zhaohuanmule	朝欢暮乐	ACCEPT
zhaojiuwanwu	朝九晚五	ACCEPT
zhaojunmaima	招军买马	ACCEPT
zhaoliangmuchen	朝梁暮陈	ACCEPT
zhaoqinmuchu	朝秦暮楚	ACCEPT
zhaosixisi	朝斯夕斯	ACCEPT
zhaowenxisi	朝闻夕死	ACCEPT
zhayayanglong	诈哑佯聋	ACCEPT
zhechongqianli	折冲千里	ACCEPT
zhechongyannan	折冲厌难	ACCEPT
zhechongyuwu	折冲御侮	ACCEPT
zhefengdangyu	遮风挡雨	ACCEPT
zhenbianshibi	针砭时弊	ACCEPT
zhenbigaohu	振臂高呼	ACCEPT
zhenbijishu	振笔疾书	ACCEPT
zhencaishiliao	真材实料	ACCEPT
zhendingziruo	镇定自若	ACCEPT
zhenfenrenxin	振奋人心	ACCEPT
zhengbenqingyuan	正本清源	ACCEPT
zhengchuduomen	政出多门	ACCEPT
zhengechangdan	枕戈尝胆	ACCEPT
zhengeqixue	枕戈泣血	ACCEPT
zhengfangdouyan	争芳斗艳	ACCEPT
zhengfayancang	正法眼藏	ACCEPT
zhengjunjingwu	整军经武	ACCEPT
zhengqiangdouhen	争强斗狠	ACCEPT
zhengqiangdousheng	争强斗胜	ACCEPT
zhengqidouyan	争奇斗艳	ACCEPT
zhengqilinran	正气凛然	ACCEPT
zhengrongkuayao	争荣夸耀	ACCEPT
zhengselichao	正色立朝	ACCEPT
zhengshengyayin	正声雅音	ACCEPT
zhengshizhiyin	正始之音	ACCEPT
zhengweizhiyin	郑卫之音	ACCEPT
zhengyoujichu	政由己出	ACCEPT
zhengzhengdangdang	正正当当	ACCEPT
zhengzhengjingjing	正正经经	ACCEPT
zhengzhengtiegu	铮铮铁骨	ACCEPT
zhengzhengzhiqi	正正之旗	ACCEPT
zhenhanrenxin	震撼人心	ACCEPT
zhenlongtianzi	真龙天子	ACCEPT
zhenmingshixing	真名实姓	ACCEPT
zhenmingtianzi	真命天子	ACCEPT
zhenqingliulu	真情流露	ACCEPT
zhenqingshigan	真情实感	ACCEPT
zhenqinyishou	珍禽异兽	ACCEPT
zhenshisouliu	枕石嗽流	ACCEPT
zhenxinchengyi	真心诚意	ACCEPT
zhenzhenjiajia	真真假假	ACCEPT
zhenzhenqieqie	真真切切	ACCEPT
zhenzhenshishi	真真实实	ACCEPT
zhenzhenyouci	振振有辞	ACCEPT
zhenzhenzhengzheng	真真正正	ACCEPT
zherenermu	遮人耳目	ACCEPT
zheyiselu	赭衣塞路	ACCEPT
zhibilinci	栉比鳞次	ACCEPT
zhibubuqian	止步不前	ACCEPT
zhibukeman	志不可满	ACCEPT
zhicungaoyuan	志存高远	ACCEPT
zhicuojiugai	知错就改	ACCEPT
zhidacaishu	志大才疏	ACCEPT
zhidangyingsi	植党营私	ACCEPT
zhidawuwai	至大无外	ACCEPT
zhidonghuaxi	指东画西	ACCEPT
zhientubao	知恩图报	ACCEPT
zhifenjiejie	支分节解	ACCEPT
zhigenzhidi	知根知底	ACCEPT
zhigesanma	止戈散马	ACCEPT
zhigeweiwu	止戈为武	ACCEPT
zhiguanchongyao	至关重要	ACCEPT
zhiguoanbang	治国安邦	ACCEPT
zhihuiruoding	指挥若定	ACCEPT
zhijiexingfang	志洁行芳	ACCEPT
zhikesimei	止渴思梅	ACCEPT
zhilizuoyue	制礼作乐	ACCEPT
zhimanyide	志满意得	ACCEPT
zhimingdangshi	知名当世	ACCEPT
zhimingzhinian	知命之年	ACCEPT
zhinanerjin	知难而进	ACCEPT
zhinanershang	知难而上	ACCEPT
zhiqingurou	至亲骨肉	ACCEPT
zhiqinhaoyou	至亲好友	ACCEPT
zhiqinzhiai	至亲至爱	ACCEPT
zhiquxiangtou	志趣相投	ACCEPT
zhirenbuhui	直认不讳	ACCEPT
zhirenwuji	至人无己	ACCEPT
zhirenwumeng	至人无梦	ACCEPT
zhirenzhiming	知人之明	ACCEPT
zhishanzhimei	至善至美	ACCEPT
zhishouzhetian	只手遮天	ACCEPT
zhishudali	知书达礼	ACCEPT
zhishujijian	直抒己见	ACCEPT
zhishushili	知书识礼	ACCEPT
zhisibuhui	至死不悔	ACCEPT
zhisibuyu	之死不渝	ACCEPT
zhisibuyu	至死不渝	ACCEPT
zhitianhuadi	指天画地	ACCEPT
zhitianshiri	指天誓日	ACCEPT
zhiwozuiwo	知我罪我	ACCEPT
zhiwubuyan	知无不言	ACCEPT
zhixiaowunei	至小无内	ACCEPT
zhixingheyi	知行合一	ACCEPT
zhiyanwuyin	直言无隐	ACCEPT
zhiyibianhuo	质疑辨惑	ACCEPT
zhiyijinyi	至矣尽矣	ACCEPT
zhiyongjianbei	智勇兼备	ACCEPT
zhiyongshuangquan	智勇双全	ACCEPT
zhiyuzhishan	止于至善	ACCEPT
zhizaibide	志在必得	ACCEPT
zhizaiqianli	志在千里	ACCEPT
zhizhejianzhi	智者见智	ACCEPT
zhizhibudai	知止不殆	ACCEPT
zhizhibugu	置之不顾	ACCEPT
zhizhishenshao	知之甚少	ACCEPT
zhizhouwanwu	智周万物	ACCEPT
zhizhuduwai	置诸度外	ACCEPT
zhiziweiti	只字未提	ACCEPT
zhizuburu	知足不辱	ACCEPT
zhizuzhizhi	知足知止	ACCEPT
zhongchengjuanshu	终成眷属	ACCEPT
zhongchenxiaozi	忠臣孝子	ACCEPT
zhongganyidan	忠肝义胆	ACCEPT
zhonggaoshandao	忠告善道	ACCEPT
zhongguabudi	众寡不敌	ACCEPT
zhongguzhuanyu	钟鼓馔玉	ACCEPT
zhonghouguayan	重厚寡言	ACCEPT
zhonghoulaoshi	忠厚老实	ACCEPT
zhongnanjiejing	终南捷径	ACCEPT
zhongqitiannian	终其天年	ACCEPT
zhongshaochengduo	众少成多	ACCEPT
zhongshennanwang	终身难忘	ACCEPT
zhongshizenghua	踵事增华	ACCEPT
zhongwaichiming	中外驰名	ACCEPT
zhongwanggaoming	重望高名	ACCEPT
zhongxiaoliangquan	忠孝两全	ACCEPT
zhongxihebi	中西合璧	ACCEPT
zhongxinchidan	忠心赤胆	ACCEPT
zhongxinggongyue	众星拱月	ACCEPT
zhongyanzhizhi	终焉之志	ACCEPT
zhongyutaishan	重于泰山	ACCEPT
zhongyuzhishou	忠于职守	ACCEPT
zhongzhenbuer	忠贞不二	ACCEPT
zhongzhenbuqu	忠贞不屈	ACCEPT
zhongzhuotongyin	众啄同音	ACCEPT
zhongzuiduxing	众醉独醒	ACCEPT
zhougongtubu	周公吐哺	ACCEPT
zhouxingxibu	肘行膝步	ACCEPT
zhouyejiancheng	昼夜兼程	ACCEPT
zhouyejianxing	昼夜兼行	ACCEPT
zhouyezhihuan	肘腋之患	ACCEPT
zhouzhongdiguo	舟中敌国	ACCEPT
zhuangfubuwei	壮夫不为	ACCEPT
zhuangjingziqiang	庄敬自强	ACCEPT
zhuangshengmengdie	庄生梦蝶	ACCEPT
zhuangzhilingyun	壮志凌云	ACCEPT
zhuanhengbahu	专横跋扈	ACCEPT
zhuanhuoweifu	转祸为福	ACCEPT
zhuanshouweigong	转守为攻	ACCEPT
zhuanwanmojiao	转弯抹角	ACCEPT
zhuanxinyizhi	专心一志	ACCEPT
zhuanyouweixi	转忧为喜	ACCEPT
zhuanyunancheng	专欲难成	ACCEPT
zhubaopingan	竹报平安	ACCEPT
zhubaosongmao	竹苞松茂	ACCEPT
zhuchaoyinfeng	筑巢引凤	ACCEPT
zhuchunhaochi	朱唇皓齿	ACCEPT
zhudingxiangwu	铸鼎象物	ACCEPT
zhuemozuo	诸恶莫作	ACCEPT
zhuguanwuduan	主观武断	ACCEPT
zhuifengzhuying	追风逐影	ACCEPT
zhuihunduoming	追魂夺命	ACCEPT
zhuixinqixue	锥心泣血	ACCEPT
zhujuzhuzi	逐句逐字	ACCEPT
zhulianjiuzu	株连九族	ACCEPT
zhuluzhongyuan	逐鹿中原	ACCEPT
zhunzhunjiaodao	谆谆教导	ACCEPT
zhunzhunjiaohui	谆谆教诲	ACCEPT
zhuoguyujin	酌古御今	ACCEPT
zhuozhuangchengzhang	茁壮成长	ACCEPT
zhurenxiashi	助人下石	ACCEPT
zhuruchensi	主辱臣死	ACCEPT
zhushaoguoyi	主少国疑	ACCEPT
zhushifangeng	筑室反耕	ACCEPT
zhutianweinve	助天为虐	ACCEPT
zhuxiaoqingda	柱小倾大	ACCEPT
zhuzhouweinve	助纣为虐	ACCEPT
zhuzuodengshen	著作等身	ACCEPT
zichanzixiao	自产自销	ACCEPT
zichengyiti	自成一体	ACCEPT
zihuaichangcheng	自坏长城	ACCEPT
zihuichangcheng	自毁长城	ACCEPT
zilazichang	自拉自唱	ACCEPT
zimaizikua	自卖自夸	ACCEPT
ziqiuduofu	自求多福	ACCEPT
zishuozihua	自说自话	ACCEPT
zisunhoudai	子孙后代	ACCEPT
zisunmantang	子孙满堂	ACCEPT
zitanfuru	自叹弗如	ACCEPT
ziweifuyin	子为父隐	ACCEPT
ziwenzida	自问自答	ACCEPT
ziwobiaobang	自我标榜	ACCEPT
zixunduanjian	自寻短见	ACCEPT
zizijuju	字字句句	ACCEPT
zizixixi	仔仔细细	ACCEPT
zonghemingshi	综核名实	ACCEPT
zonghengbaihe	纵横捭阖	ACCEPT
zongqingshengse	纵情声色	ACCEPT
zoujiachuanhu	走家串户	ACCEPT
zoujiechuanxiang	走街串巷	ACCEPT
zouloufengsheng	走漏风声	ACCEPT
zouweishangce	走为上策	ACCEPT
zouweishangji	走为上计	ACCEPT
zouweishangzhao	走为上着	ACCEPT
zouxiangchuanhu	走乡串户	ACCEPT
zuiburongzhu	罪不容诛	ACCEPT
zuierxiaoguo	蕞尔小国	ACCEPT
zuieshenzhong	罪恶深重	ACCEPT
zuiezhaozhu	罪恶昭著	ACCEPT
zuigaiwansi	罪该万死	ACCEPT
zuimodayan	罪莫大焉	ACCEPT
zuinieshenzhong	罪孽深重	ACCEPT
zuiwengzhiyi	醉翁之意	ACCEPT
zunerwushi	遵而勿失	ACCEPT
zunjishoufa	遵纪守法	ACCEPT
zunshizhongdao	尊师重道	ACCEPT
zunshizhongjiao	尊师重教	ACCEPT
zuobeizhaonan	坐北朝南	ACCEPT
zuobishangguan	作壁上观	ACCEPT
zuoeduoduan	作恶多端	ACCEPT
zuofazibi	作法自毙	ACCEPT
zuofeijinshi	昨非今是	ACCEPT
zuofuyoubi	左辅右弼	ACCEPT
zuohuaibuluan	坐怀不乱	ACCEPT
zuokunchoucheng	坐困愁城	ACCEPT
zuokunshoudou	作困兽斗	ACCEPT
zuoshibuguan	坐视不管	ACCEPT
zuotiyouqie	左提右挈	ACCEPT
zuotuyoushu	左图右书	ACCEPT
zuowobuan	坐卧不安	ACCEPT
zuowuxuxi	坐无虚席	ACCEPT
zuoyanqixing	坐言起行	ACCEPT
zuozeixinxu	作贼心虚	ACCEPT
zushandaihe	阻山带河	ACCEPT
zushizubing	足食足兵	ACCEPT
baiduojuju	百堕俱举	REJECT
bujinrenyi	不尽人意	REJECT
dazuowenzhang	大作文章	REJECT
diusanlasi	丢三拉四	REJECT
gangzhibua	刚直不阿	REJECT
gongzhuyuzhong	公诸于众	REJECT
jiehuaxianfu	借花献佛	REJECT
kuadaqici	夸大其辞	REJECT
liugenqingjing	六根清静	REJECT
mingfuqishi	名符其实	REJECT
momingqimiao	莫明其妙	REJECT
momowuming	默默无名	REJECT
moshouchengui	墨守陈规	REJECT
piaoyangguohai	飘洋过海	REJECT
puduzhongsheng	普渡众生	REJECT
putiangaidi	扑天盖地	REJECT
qiliguguai	奇离古怪	REJECT
qingdenggufu	青灯古佛	REJECT
reshishengfei	惹事生非	REJECT
rubufuzhi	入不敷支	REJECT
shangcuanxiatiao	上窜下跳	REJECT
tingluzouxian	铤鹿走险	REJECT
xiaoshengniji	消声匿迹	REJECT
xiaotidazuo	小题大作	REJECT
xuwupiaomiao	虚无缥渺	REJECT
yijianzhongqing	一见锺情	REJECT
yimianzhici	一面之辞	REJECT
youyuanwufen	有缘无份	REJECT
zhuoerbuqun	卓而不群	REJECT
