# code	word	v1_freq	reason
wusuoweiju	无所畏惧	25308	标准成语
laolaoshishi	老老实实	25084	固定叠字熟语
kaikaixinxin	开开心心	25074	固定叠字熟语
kuaikuailele	快快乐乐	24321	固定叠字熟语
mengxiangchengzhen	梦想成真	24192	标准成语
pingpinganan	平平安安	23994	固定叠字熟语
honghonghuohuo	红红火火	23801	固定叠字熟语
ananjingjing	安安静静	23648	固定叠字熟语
zhiguanchongyao	至关重要	23266	固定四字熟语
suisuibianbian	随随便便	23097	固定叠字熟语
wuyongzhiyi	毋庸置疑	23008	标准成语
jianjiandandan	简简单单	22868	固定叠字熟语
yinianyidu	一年一度	22178	固定成语
bukanhuishou	不堪回首	22160	标准成语
renrenzhenzhen	认认真真	21963	固定叠字熟语
xixihaha	嘻嘻哈哈	21778	叠字成语
huanghuanghuhu	恍恍惚惚	21718	叠字成语
qingqingchuchu	清清楚楚	21666	固定叠字熟语
jidongrenxin	激动人心	21480	标准成语
jianjiankangkang	健健康康	21288	固定叠字熟语
shiwaitaoyuan	世外桃源	21204	标准成语
banyesangeng	半夜三更	21095	标准成语
xinyoulingxi	心有灵犀	20925	标准成语
yibizhili	一臂之力	20831	标准成语
wukehoufei	无可厚非	20471	标准成语
qianchengsijin	前程似锦	20436	标准成语
buzhiyiti	不值一提	20275	标准成语
jixiangruyi	吉祥如意	20243	标准成语
shuwozhiyan	恕我直言	20232	固定成语
changpiandalun	长篇大论	20176	标准成语
qiazhiyisuan	掐指一算	20141	固定熟语
shunshunlili	顺顺利利	20139	固定叠字熟语
diedangqifu	跌宕起伏	20083	标准成语
piaoyangguohai	漂洋过海	20007	标准成语
congcongmangmang	匆匆忙忙	19994	固定叠字熟语
jinrurenyi	尽如人意	19901	标准成语
fajiazhifu	发家致富	19724	标准成语
youliyouju	有理有据	19643	固定成语
yukuwulei	欲哭无泪	19515	标准成语
zhenfenrenxin	振奋人心	19424	固定成语
tianzhenwuxie	天真无邪	19416	标准成语
ririyeye	日日夜夜	19392	固定叠字熟语
shanshanfaguang	闪闪发光	19296	固定四字熟语
shibukedang	势不可挡	19189	标准成语
zhaojiuwanwu	朝九晚五	18973	固定熟语
jinjinchuchu	进进出出	18941	固定叠字熟语
dajiangnanbei	大江南北	18888	标准成语
tianshidili	天时地利	18818	标准成语
youxueyourou	有血有肉	18802	标准成语
jiabanjiadian	加班加点	18763	固定熟语
shangshangxiaxia	上上下下	18746	固定叠字熟语
mangmanglulu	忙忙碌碌	18741	固定叠字熟语
zhenzhenqieqie	真真切切	18735	固定叠字熟语
renjianyanhuo	人间烟火	18730	固定四字熟语
xuxuduoduo	许许多多	18716	固定叠字熟语
xiongxinzhuangzhi	雄心壮志	18704	标准成语
mangmangrenhai	茫茫人海	18674	固定四字熟语
dafengdalang	大风大浪	18647	标准成语
zhongchengjuanshu	终成眷属	18647	固定成语
qiqiguaiguai	奇奇怪怪	18644	固定叠字熟语
douzhidouyong	斗智斗勇	18643	标准成语
suansuantiantian	酸酸甜甜	18639	固定叠字熟语
tianhundian	天昏地暗	18588	标准成语
zhuozhuangchengzhang	茁壮成长	18575	标准成语
wanshijubei	万事俱备	18554	标准成语
shoubinanshan	寿比南山	18552	标准成语
piaopiaoliangliang	漂漂亮亮	18551	固定叠字熟语
yaosuanbeitong	腰酸背痛	18399	固定熟语
lengnuanzizhi	冷暖自知	18378	成语
zhenqingshigan	真情实感	18369	固定熟语
qianchuangbaikong	千疮百孔	18338	成语
yanyanggaozhao	艳阳高照	18323	固定熟语
bulengbure	不冷不热	18300	成语
youguoyoumin	忧国忧民	18218	成语
guangcaizhaoren	光彩照人	18085	成语
furudonghai	福如东海	18020	成语
gankaiwanqian	感慨万千	17977	成语
yishenzhengqi	一身正气	17937	成语
jiankangchangshou	健康长寿	17904	固定祝语
huitoushian	回头是岸	17882	成语
fazifeifu	发自肺腑	17835	成语
pingxinjingqi	平心静气	17824	成语
tianxiawudi	天下无敌	17811	固定熟语
fengjingruhua	风景如画	17795	成语
kaihuaidaxiao	开怀大笑	17731	成语
lebusishu	乐不思蜀	17731	成语
yundanfengqing	云淡风轻	17641	成语
riliwanji	日理万机	17613	成语
wulihuitian	无力回天	17590	成语
jingyanzhitan	经验之谈	17552	成语
qirenyoutian	杞人忧天	17524	成语
chunyiangran	春意盎然	17507	成语
yiqubufan	一去不返	17441	成语
qingzheziqing	清者自清	17435	成语
congshizhizhong	从始至终	17426	成语
shencangbulu	深藏不露	17424	成语
dilaotianhuang	地老天荒	17401	成语
qiaoluodagu	敲锣打鼓	17391	固定熟语
dianshanleiming	电闪雷鸣	17382	成语
tiantianmimi	甜甜蜜蜜	17354	固定叠词
baidubuqin	百毒不侵	17336	固定熟语
zuoshibuguan	坐视不管	17320	成语
shencanzhijian	身残志坚	17302	成语
jiezhongerzhi	接踵而至	17280	成语
wusuoguji	无所顾忌	17260	成语
shichuyouyin	事出有因	17233	成语
baikanbuyan	百看不厌	17230	成语
chaofantuosu	超凡脱俗	17218	成语
tanchengxiangdai	坦诚相待	17216	固定熟语
jingyingtitou	晶莹剔透	17161	成语
anbangzhiguo	安邦治国	17154	成语
rerenaonao	热热闹闹	17153	固定叠词
qinglizhizhong	情理之中	17147	成语
feifenzhixiang	非分之想	17139	成语
yongbaoqingchun	永葆青春	17114	固定熟语
gudichongyou	故地重游	17102	成语
xiaokouchangkai	笑口常开	17099	固定熟语
denghuolanshan	灯火阑珊	17040	成语
laishixiongxiong	来势汹汹	17021	成语
laoleizongheng	老泪纵横	17004	成语
qingqingbaibai	清清白白	16986	固定叠词
kejianyiban	可见一斑	16961	成语
chunxindangyang	春心荡漾	16955	固定熟语
ziqiuduofu	自求多福	16949	成语
huimouyixiao	回眸一笑	16943	固定熟语
yiyishenghui	熠熠生辉	16896	成语
jiaoshuyuren	教书育人	16889	固定熟语
banmennongfu	班门弄斧	16888	典故成语
yuxuefenzhan	浴血奋战	16862	成语
chongguiyuhao	重归于好	16840	固定熟语
ananwenwen	安安稳稳	16831	AABB熟语
zhenhanrenxin	震撼人心	16826	固定熟语
ciqingcijing	此情此景	16809	固定熟语
dangjuzhemi	当局者迷	16780	成语
nannannvnv	男男女女	16767	AABB熟语
xinshounianlai	信手拈来	16761	成语
laoruobingcan	老弱病残	16760	固定熟语
bukanzhongfu	不堪重负	16737	成语
zhefengdangyu	遮风挡雨	16734	固定熟语
youxinwuli	有心无力	16731	成语
huakaihualuo	花开花落	16706	固定熟语
fengdupianpian	风度翩翩	16703	成语
jingcaijuelun	精彩绝伦	16686	成语
renzhejianren	仁者见仁	16676	成语
kunnanchongchong	困难重重	16664	成语
yanzhiyouli	言之有理	16664	成语
dijiutianchang	地久天长	16658	成语
chibaohezu	吃饱喝足	16646	固定熟语
shenshidushi	审时度势	16635	成语
xizhiruwei	细致入微	16627	成语
qianglindanyu	枪林弹雨	16622	成语
zhizhejianzhi	智者见智	16616	成语
yexinbobo	野心勃勃	16610	成语
woshouyanhe	握手言和	16589	成语
baitoudaolao	白头到老	16578	固定熟语
zhenqingliulu	真情流露	16546	固定熟语
manxinhuanxi	满心欢喜	16511	固定熟语
jinyanshenxing	谨言慎行	16507	成语
yiziyiju	一字一句	16504	固定熟语
yibuliushen	一不留神	16497	固定熟语
feitongyiban	非同一般	16492	固定熟语
maosuizijian	毛遂自荐	16479	典故成语
wochuangbuqi	卧床不起	16477	固定熟语
busijinqu	不思进取	16455	成语
shizhibuyu	矢志不渝	16428	成语
zisunhoudai	子孙后代	16409	固定熟语
nianniansuisui	年年岁岁	16379	固定熟语
laiqucongcong	来去匆匆	16364	固定熟语
bolanbujing	波澜不惊	16353	成语
weiweidaolai	娓娓道来	16345	成语
zhenxinchengyi	真心诚意	16343	固定熟语
tongmingxianglian	同命相连	16321	成语
jiayoudaqi	加油打气	16314	固定熟语
sixuwanqian	思绪万千	16314	固定熟语
moranhuishou	蓦然回首	16309	成语
weiwuxiongzhuang	威武雄壮	16301	成语
yangmeituqi	扬眉吐气	16279	成语
jiejiuxiaochou	借酒消愁	16277	固定熟语
zhizhishenshao	知之甚少	16252	固定熟语
jinmozhehei	近墨者黑	16251	成语
fulaoxiangqin	父老乡亲	16239	固定熟语
diandaoweizhi	点到为止	16229	成语
shaochiduocan	少吃多餐	16213	固定熟语
gaishiyingxiong	盖世英雄	16212	固定熟语
hairenhaiji	害人害己	16204	固定熟语
guangxianliangli	光鲜亮丽	16171	固定熟语
zhenzhenjiajia	真真假假	16167	AABB熟语
yingxionghaojie	英雄豪杰	16098	固定熟语
qianlvjiqiong	黔驴技穷	16089	典故成语
renrenpingdeng	人人平等	16025	固定熟语
dongnuanxialiang	冬暖夏凉	16006	成语
chaochaonaonao	吵吵闹闹	16000	AABB熟语
shiguangrenran	时光荏苒	15998	成语
nanyiyanbiao	难以言表	15988	成语
burushiming	不辱使命	15974	成语
tuantuanyuanyuan	团团圆圆	15961	AABB熟语
shunxinruyi	顺心如意	15950	固定熟语
weirenchushi	为人处事	15942	成语
zhigenzhidi	知根知底	15915	固定熟语
tianshangrenjian	天上人间	15899	固定熟语
jinguangshanshan	金光闪闪	15890	固定熟语
zhenzhenzhengzheng	真真正正	15890	AABB熟语
qingzhuangshangzhen	轻装上阵	15883	成语
nandehutu	难得糊涂	15879	成语
zhixingheyi	知行合一	15878	固定熟语
sichubenbo	四处奔波	15867	成语
bushanyanci	不善言辞	15859	固定熟语
sanweiyiti	三位一体	15858	成语
beixijiaojia	悲喜交加	15855	成语
chuchudongren	楚楚动人	15844	成语
wukuiyuxin	无愧于心	15832	固定熟语
zuiwengzhiyi	醉翁之意	15818	成语
bainianyiyu	百年一遇	15782	固定熟语
changranruoshi	怅然若失	15778	成语
dazuowenzhang	大作文章	15773	成语变体
tantandangdang	坦坦荡荡	15764	叠字熟语
tiangaodihou	天高地厚	15764	成语
hejiahuanle	阖家欢乐	15759	固定祝福熟语
henianheyue	何年何月	15723	成语
xinjirufen	心急如焚	15722	成语
wuyunmibu	乌云密布	15653	成语
zhuzhouweinve	助纣为虐	15647	成语
chechedidi	彻彻底底	15645	叠字熟语
yueheifenggao	月黑风高	15631	成语
jiankuzhuojue	艰苦卓绝	15618	成语
huannanyugong	患难与共	15616	成语
enenaiai	恩恩爱爱	15588	叠字熟语
enuoduozi	婀娜多姿	15586	成语
chengxiongdaodi	称兄道弟	15585	成语
dahaoheshan	大好河山	15566	成语
guiguijuju	规规矩矩	15523	叠字熟语
huaqianyuexia	花前月下	15509	成语
baibaijingjing	白白净净	15492	叠字熟语
zhicuojiugai	知错就改	15469	成语
shishiruyi	事事如意	15450	固定祝福熟语
feihuangtengda	飞黄腾达	15447	成语
xinchengzeling	心诚则灵	15444	俗语熟语
shishifeifei	是是非非	15437	成语
changciyiwang	长此以往	15417	成语
kekepengpeng	磕磕碰碰	15410	叠字熟语
ziwenzida	自问自答	15382	成语
faliwubian	法力无边	15364	成语
mianbozhili	绵薄之力	15355	成语
dizhuzhiyi	地主之谊	15351	成语
kengqiangyouli	铿锵有力	15347	成语
shengshengshishi	生生世世	15338	叠字成语
songsongkuakua	松松垮垮	15269	叠字熟语
congguzhijin	从古至今	15252	熟语
zishuozihua	自说自话	15249	成语
jinzhuzhechi	近朱者赤	15248	成语
suisuiniannian	岁岁年年	15218	叠字成语
yisaoerguang	一扫而光	15216	成语
risiyexiang	日思夜想	15214	成语
hedeheneng	何德何能	15177	成语
jianglangcaijin	江郎才尽	15148	成语
nianqingqicheng	年轻气盛	15146	成语
rencaibeichu	人才辈出	15144	成语
shewoqishui	舍我其谁	15131	成语
zizixixi	仔仔细细	15131	叠字熟语
momohuhu	模模糊糊	15111	叠字熟语
fanhuasijin	繁花似锦	15089	成语
ananxinxin	安安心心	15081	叠字熟语
changjiuzhiji	长久之计	15069	成语
gaoshanliushui	高山流水	15068	成语
jingcaifencheng	精彩纷呈	15067	成语
bunanbunv	不男不女	15061	成语
fengyujiancheng	风雨兼程	15032	成语
zaisuobuxi	在所不惜	15027	成语
quzhongrensan	曲终人散	15019	成语
qingshensihai	情深似海	15013	成语
xunxunmimi	寻寻觅觅	15004	叠字成语
weiguojuanqu	为国捐躯	15000	成语
yunyunhuhu	晕晕乎乎	15000	叠字熟语
rumuchunfeng	如沐春风	14988	成语
minglingjinzhi	明令禁止	14977	成语
xunhuanwangfu	循环往复	14975	成语
shoufangziru	收放自如	14969	成语
tongfengbaoxin	通风报信	14962	成语
tanhunlunjia	谈婚论嫁	14951	成语
yinyulianmian	阴雨连绵	14936	成语
weirenchushi	为人处世	14924	成语
geyousuochang	各有所长	14922	成语
qiruanpaying	欺软怕硬	14895	成语
direnyideng	低人一等	14890	成语
qiqiluoluo	起起落落	14889	叠字熟语
wuguzaliang	五谷杂粮	14870	固定熟语
zunjishoufa	遵纪守法	14831	成语
baobianbuyi	褒贬不一	14817	成语
jingzhongbaoguo	精忠报国	14802	典故成语
meiweijiayao	美味佳肴	14784	固定熟语
rengeyouzhi	人各有志	14783	成语
dafacibei	大发慈悲	14772	成语
buzhilianchi	不知廉耻	14760	成语
rentouzandong	人头攒动	14760	成语
congtouzhiwei	从头至尾	14757	成语
jiyuanqiaohe	机缘巧合	14757	成语
huanghuangzhangzhang	慌慌张张	14750	叠字熟语
dangtouyibang	当头一棒	14739	成语
jiejinsuoneng	竭尽所能	14739	成语
shishinanliao	世事难料	14732	固定熟语
youyuanwufen	有缘无份	14730	固定熟语
jiachangliduan	家长里短	14729	成语
wangchuanqiushui	望穿秋水	14724	成语
xiaoyoumingqi	小有名气	14690	成语
renjianxianjing	人间仙境	14659	成语
bierbutan	避而不谈	14637	成语
tianliburong	天理不容	14637	成语
bujinrenyi	不尽人意	14621	成语
cuxichangtan	促膝长谈	14619	成语
bukedongyao	不可动摇	14613	成语
shenlaizhibi	神来之笔	14606	成语
zhiwubuyan	知无不言	14588	成语
jiefengxichen	接风洗尘	14583	成语
jinghunweiding	惊魂未定	14583	成语
ernvqingchang	儿女情长	14573	成语
yaotouhuangnao	摇头晃脑	14563	成语
heerweiyi	合二为一	14550	成语
jinyincaibao	金银财宝	14549	固定熟语
youlaiyouwang	有来有往	14538	固定熟语
simianchuge	四面楚歌	14526	典故成语
manqiangrexue	满腔热血	14525	成语
wurennengdi	无人能敌	14514	固定熟语
lvshuiqingshan	绿水青山	14508	固定熟语
yuzixielao	与子偕老	14507	典故熟语
shanmodayan	善莫大焉	14506	典故熟语
shengshihaoda	声势浩大	14504	成语
fengfengbubu	缝缝补补	14503	叠字熟语
tiandaleipi	天打雷劈	14487	成语
yichengxiangdai	以诚相待	14470	成语
xueyuxingfeng	血雨腥风	14466	成语
yanxingjuzhi	言行举止	14451	固定熟语
buyiweichi	不以为耻	14443	成语
bugouyanxiao	不苟言笑	14441	成语
langlangqiankun	朗朗乾坤	14434	成语
tuwenbingmao	图文并茂	14416	成语
mingmabiaojia	明码标价	14412	固定熟语
gongzhuyuzhong	公诸于众	14408	成语
zhongyutaishan	重于泰山	14391	成语
labangjiepai	拉帮结派	14389	成语
youxianzizai	悠闲自在	14388	固定熟语
mingfuqishi	名符其实	14373	成语
xumouyijiu	蓄谋已久	14358	成语
cuirenleixia	催人泪下	14348	成语
youyouyuyu	犹犹豫豫	14332	叠字熟语
qiuzhenwushi	求真务实	14322	固定熟语
qiqifufu	起起伏伏	14313	叠字熟语
renaofeifan	热闹非凡	14313	成语
pingpingguanguan	瓶瓶罐罐	14303	叠字熟语
ruqierzhi	如期而至	14284	成语
huntianandi	昏天暗地	14282	成语
dandaxinxi	胆大心细	14278	成语
meitoumeinao	没头没脑	14265	成语
bolanqunshu	博览群书	14245	成语
yidefuren	以德服人	14229	成语
fenfenmiaomiao	分分秒秒	14210	叠字熟语
yituozaituo	一拖再拖	14208	成语
renqinglengnuan	人情冷暖	14198	成语
tanbaicongkuan	坦白从宽	14195	固定熟语
zaiciyiju	在此一举	14187	成语
gaiminghuanxing	改名换姓	14179	成语
zhencaishiliao	真材实料	14179	固定熟语
fengyanfengyu	风言风语	14165	成语
yuanqidashang	元气大伤	14161	固定熟语
picaorouhou	皮糙肉厚	14151	固定熟语
yizhenyixian	一针一线	14151	成语
wuyuhengliu	物欲横流	14136	成语
xinshubuzheng	心术不正	14118	成语
danpomingli	淡泊名利	14114	成语
cuoshiliangji	错失良机	14106	成语
hunqianmengrao	魂牵梦绕	14097	成语
hanhuqici	含糊其辞	14087	成语
gubuzifeng	固步自封	14050	成语
sihaiyijia	四海一家	14032	固定熟语
youlaiyijiu	由来已久	14008	成语
zhibubuqian	止步不前	14003	成语
chanchanmianmian	缠缠绵绵	13989	AABB熟语
yuanyuanxiangbao	冤冤相报	13965	成语
yimianzhiyuan	一面之缘	13957	成语
youranzide	悠然自得	13952	成语
huangliangyimeng	黄粱一梦	13912	成语
sanliujiudeng	三六九等	13911	成语
dayuqingpen	大雨倾盆	13897	成语
renrenziwei	人人自危	13896	成语
wangubuhua	顽固不化	13886	成语
bujiaobuzao	不骄不躁	13871	成语
jinxiaoshenwei	谨小慎微	13856	成语
shenqiangtizhuang	身强体壮	13846	成语
xiangqushenyuan	相去甚远	13831	成语
wanzhongzhumu	万众瞩目	13827	成语
jianzaixianshang	箭在弦上	13825	成语
shangchunbeiqiu	伤春悲秋	13816	成语
renjinjiezhi	人尽皆知	13803	成语
dashidafei	大是大非	13794	成语
jianxinbuyi	坚信不疑	13791	成语
zhenmingtianzi	真命天子	13791	成语
lengjiaofenming	棱角分明	13784	成语
qianhuwanhuan	千呼万唤	13763	成语
sishuiliunian	似水流年	13763	成语
jiaoxianghuiying	交相辉映	13732	成语
chunhongchibai	唇红齿白	13711	成语
guangmangsishe	光芒四射	13700	成语
bujiezhiyuan	不解之缘	13694	成语
gugudandan	孤孤单单	13685	AABB熟语
shangcuanxiatiao	上蹿下跳	13685	成语
mingyunduochuan	命运多舛	13682	成语
kekeqiqi	客客气气	13673	AABB熟语
mengmenglonglong	朦朦胧胧	13634	AABB熟语
aidabuli	爱答不理	13630	成语
wenrenmoke	文人墨客	13613	成语
youmuyouyang	有模有样	13603	成语
shouzhiyoukui	受之有愧	13594	成语
renwaiyouren	人外有人	13581	成语
shouxiaoshenwei	收效甚微	13570	成语
ersunmantang	儿孙满堂	13568	成语
shimianmaifu	十面埋伏	13565	典故成语
qianfusuozhi	千夫所指	13562	成语
sishuwujing	四书五经	13560	固定熟语
qishipangbo	气势磅礴	13547	成语
yaowuyinxun	杳无音讯	13543	成语
dalangtaosha	大浪淘沙	13537	成语
huojihuoliao	火急火燎	13531	成语
tumoubugui	图谋不轨	13529	成语
wenrutaishan	稳如泰山	13528	成语
guancharuwei	观察入微	13489	成语
nvzhonghaojie	女中豪杰	13489	成语
eyuxiangxiang	恶语相向	13456	成语
xingxingdiandian	星星点点	13442	叠字熟语
qiongzhuimengda	穷追猛打	13427	成语
xiaorongmanmian	笑容满面	13421	固定熟语
shuoshuoxiaoxiao	说说笑笑	13414	叠字熟语
xinxiangwangzhi	心向往之	13407	成语
linglingsuisui	零零碎碎	13406	叠字熟语
kankankeke	坎坎坷坷	13404	叠字熟语
cheyenanmian	彻夜难眠	13400	固定熟语
qunmoluanwu	群魔乱舞	13400	成语
tangtangshuishui	汤汤水水	13400	叠字熟语
bieyoufengwei	别有风味	13382	固定熟语
weiguoweimin	为国为民	13378	成语
bujianzongying	不见踪影	13370	成语
dongdangbuan	动荡不安	13365	成语
bufazhitu	不法之徒	13363	成语
youwenbida	有问必答	13360	固定熟语
bucixinlao	不辞辛劳	13348	成语
xincunjiaoxing	心存侥幸	13340	成语
wenwendangdang	稳稳当当	13322	叠字熟语
tengyunjiawu	腾云驾雾	13319	成语
guzhennanmian	孤枕难眠	13308	固定熟语
zichanzixiao	自产自销	13294	固定熟语
bainiaochaofeng	百鸟朝凤	13293	成语
piaoyangguohai	飘洋过海	13292	成语
jiannankunku	艰难困苦	13290	成语
shuzhuangdaban	梳妆打扮	13278	固定熟语
dongrutuotu	动如脱兔	13271	成语
wanwanbuke	万万不可	13270	固定熟语
huiyanshizhu	慧眼识珠	13267	成语
shiyizhici	事已至此	13267	固定熟语
saodichumen	扫地出门	13259	成语
yuanzoutaxiang	远走他乡	13253	成语
zhongshennanwang	终身难忘	13250	固定熟语
chongrubujing	宠辱不惊	13245	成语
shenhuaijueji	身怀绝技	13245	固定熟语
bujinzetui	不进则退	13231	成语
qiatouquwei	掐头去尾	13216	成语
rumengchuxing	如梦初醒	13211	成语
hongguangmanmian	红光满面	13205	固定熟语
jiaxizhenzuo	假戏真做	13205	成语
wuxiaguji	无暇顾及	13205	固定熟语
nengwennengwu	能文能武	13184	成语
wanshiwanwu	万事万物	13183	固定熟语
bizhengzhidi	必争之地	13182	成语
dashiyiqu	大势已去	13182	成语
baojiaobaohui	包教包会	13180	固定熟语
zhientubao	知恩图报	13169	成语
siyiwangwei	肆意妄为	13163	成语
cheyeweimian	彻夜未眠	13161	固定熟语
fanranxingwu	幡然醒悟	13159	成语
gegejipo	各个击破	13156	成语
xinjingrushui	心静如水	13118	固定熟语
yichengdingju	已成定局	13116	固定熟语
qianxiandaqiao	牵线搭桥	13109	成语
huangjiaoyewai	荒郊野外	13106	固定熟语
yifeichongtian	一飞冲天	13090	成语
zaijienantao	在劫难逃	13088	成语
lingrenzuoou	令人作呕	13069	成语
zhizaibide	志在必得	13067	成语
langlangshangkou	琅琅上口	13063	成语
reshishengfei	惹事生非	13062	成语
zhendingziruo	镇定自若	13062	成语
mimimangmang	迷迷茫茫	13045	叠字熟语
yangtianchangxiao	仰天长啸	13039	成语
shengfanshengcai	剩饭剩菜	13033	固定熟语
haowuguji	毫无顾忌	13030	固定熟语
bujihouguo	不计后果	13028	固定熟语
guwurenxin	鼓舞人心	13013	成语
xianxuexianmai	现学现卖	13010	固定熟语
xueshiyuanbo	学识渊博	13002	固定熟语
ruiyijinqu	锐意进取	13001	成语
kebanchushen	科班出身	12980	成语
youkunanyan	有苦难言	12967	成语
renshengongfen	人神共愤	12952	成语
tianwaiyoutian	天外有天	12941	成语
zoujiechuanxiang	走街串巷	12934	成语
jiehuaxianfo	借花献佛	12932	成语
xiongyongpengpai	汹涌澎湃	12928	成语
yibiyihua	一笔一画	12924	成语
badaoxiangzhu	拔刀相助	12879	成语
zimaizikua	自卖自夸	12866	成语
shunliuerxia	顺流而下	12852	成语
fanlaizhangkou	饭来张口	12844	成语
xuerouzhiqu	血肉之躯	12829	成语
hejiatuanyuan	阖家团圆	12826	固定熟语
jiaoaoziman	骄傲自满	12822	成语
jianxiansiqi	见贤思齐	12815	成语
jiuniuerhu	九牛二虎	12807	成语
gonggongjingjing	恭恭敬敬	12806	AABB熟语
wuweierzhi	无为而治	12786	成语
yelangzida	夜郎自大	12776	成语
shentifafu	身体发肤	12768	成语
zhizaiqianli	志在千里	12768	成语
kuiranbudong	岿然不动	12767	成语
yechangmengduo	夜长梦多	12752	成语
jingzhongchangming	警钟长鸣	12748	成语
qingzhenglianjie	清正廉洁	12735	固定熟语
xionghuaidazhi	胸怀大志	12734	成语
huishimieji	毁尸灭迹	12730	成语
qieqieshishi	切切实实	12726	AABB熟语
xizirujin	惜字如金	12724	成语
zhiquxiangtou	志趣相投	12724	成语
touhunnaozhang	头昏脑涨	12714	成语
yantanjuzhi	言谈举止	12714	成语
xiaodiaodaiya	笑掉大牙	12713	成语
ruanruowuli	软弱无力	12689	成语
fengfengguangguang	风风光光	12677	AABB熟语
xinfuqizao	心浮气躁	12677	成语
beicongzhonglai	悲从中来	12673	成语
kejinzhishou	恪尽职守	12673	成语
bushangbuxia	不上不下	12657	成语
xinwuzanian	心无杂念	12657	成语
yibiaorencai	一表人才	12646	成语
shiqianglingruo	恃强凌弱	12622	成语
lianmianbuduan	连绵不断	12613	成语
feiliwushi	非礼勿视	12612	成语
renmiantaohua	人面桃花	12612	成语
anduchencang	暗度陈仓	12597	成语
binglaijiangdang	兵来将挡	12591	成语
xingshanjide	行善积德	12577	成语
dongduoxicang	东躲西藏	12570	成语
kaikoubikou	开口闭口	12553	成语
wanwanzhengzheng	完完整整	12553	AABB熟语
dujuhuiyan	独具慧眼	12548	成语
mianmuzhengning	面目狰狞	12526	成语
tiangaoyundan	天高云淡	12520	成语
tianzhudimie	天诛地灭	12507	成语
linweibuju	临危不惧	12496	成语
lunzipaibei	论资排辈	12468	成语
juzhongruoqing	举重若轻	12462	成语
chushengniudu	初生牛犊	12443	成语
yilifuren	以理服人	12434	成语
shunshundangdang	顺顺当当	12423	叠字熟语
nannvyoubie	男女有别	12419	成语
qinglimenhu	清理门户	12405	成语
bukanruer	不堪入耳	12392	成语
fushouchenchen	俯首称臣	12384	成语
handonglayue	寒冬腊月	12366	成语
shengbanyingtao	生搬硬套	12363	成语
daendade	大恩大德	12330	成语
xiebuyazheng	邪不压正	12330	成语
xuefaweini	削发为尼	12301	成语
wangpomaigua	王婆卖瓜	12284	成语
kuhaiwubian	苦海无边	12272	成语
qianxujinshen	谦虚谨慎	12257	成语
yiyangduncuo	抑扬顿挫	12252	成语
yaotiaoshunv	窈窕淑女	12248	成语
piaopiaoyuxian	飘飘欲仙	12218	成语
dazuowenzhang	大做文章	12204	成语
bushezhouye	不舍昼夜	12194	成语
xiangchawuji	相差无几	12174	成语
lvfeihongshou	绿肥红瘦	12147	成语
yituiweijin	以退为进	12145	成语
dazhanhongtu	大展宏图	12142	成语
dashafengjing	大煞风景	12141	成语
yangyangdaguo	泱泱大国	12141	成语
zhicungaoyuan	志存高远	12133	成语
jiacaiwanguan	家财万贯	12118	成语
wuyuzegang	无欲则刚	12112	固定熟语
yijiduoren	以己度人	12111	成语
shourenyiyu	授人以渔	12105	固定熟语
qujingtongyou	曲径通幽	12100	成语
wusuobuyou	无所不有	12095	成语
chengwangchengba	称王称霸	12087	成语
buhuozhinian	不惑之年	12077	成语
yinrongxiaomao	音容笑貌	12077	成语
jianzuihousai	尖嘴猴腮	12075	成语
qianqianjunzi	谦谦君子	12067	成语
jinghongyipie	惊鸿一瞥	12056	固定熟语
wanbiguizhao	完璧归赵	12056	成语
jiujingshachang	久经沙场	12042	固定熟语
hejiubifen	合久必分	12023	固定熟语
yitongtianxia	一统天下	11998	成语
xiaojidaigong	消极怠工	11991	固定熟语
shuilaituyan	水来土掩	11987	固定熟语
daxidabei	大喜大悲	11986	成语
tianlangqiqing	天朗气清	11984	成语
xiantingxinbu	闲庭信步	11981	成语
hanxiaojiuquan	含笑九泉	11978	成语
quzhibujin	取之不尽	11977	成语
cuotuosuiyue	蹉跎岁月	11976	成语
dongzhiyiqing	动之以情	11976	固定熟语
fenjiubihe	分久必合	11963	固定熟语
zhenzhenshishi	真真实实	11963	叠字熟语
fenfayouwei	奋发有为	11950	成语
chuandaoshouye	传道授业	11943	固定熟语
luoguxuantian	锣鼓喧天	11936	成语
yixiaojianda	以小见大	11929	成语
yangtianchangtan	仰天长叹	11921	成语
caisiminjie	才思敏捷	11908	成语
taozhiyaoyao	桃之夭夭	11908	成语
wanzhangshenyuan	万丈深渊	11908	成语
renxiaoguida	人小鬼大	11903	俗语
wumianzhiwang	无冕之王	11903	固定熟语
buluhenji	不露痕迹	11902	成语
haofawusun	毫发无损	11900	成语
shuqingshuzhong	孰轻孰重	11899	成语
yixieqianli	一泻千里	11899	成语
dongrenxinxian	动人心弦	11890	标准成语,全拼正确
zaohuanongren	造化弄人	11888	固定四字熟语,整体不可拆
simananzhui	驷马难追	11880	标准成语,全拼正确
suiyuecuotuo	岁月蹉跎	11880	固定四字熟语(蹉跎岁月倒序常用体)
feishazoushi	飞沙走石	11860	标准成语,全拼正确
wukebini	无可比拟	11858	标准成语,全拼正确
zuoeduoduan	作恶多端	11820	标准成语,全拼正确
daqipangbo	大气磅礴	11811	标准成语,全拼正确
nenggongqiaojiang	能工巧匠	11804	标准成语,全拼正确
jinpilijie	筋疲力竭	11793	标准成语(筋疲力尽异形),全拼正确
jiangdongfulao	江东父老	11788	典故成语,全拼正确
jianjixingshi	见机行事	11779	标准成语,全拼正确
lashoucuihua	辣手摧花	11768	固定四字熟语,整体比喻义,全拼正确
baizhuanqianhui	百转千回	11766	成语(千回百转常用倒序体),全拼正确
hehemumu	和和睦睦	11766	AABB 固定叠词熟语,全拼正确
jinzizhaopai	金字招牌	11754	固定熟语
qingshenyizhong	情深意重	11754	成语
fenfenbuping	忿忿不平	11752	成语
shenjujianchu	深居简出	11745	成语
shichongerjiao	恃宠而骄	11737	成语
wuyixingmian	无一幸免	11717	成语
renxinpoce	人心叵测	11710	成语
biyouzhilu	必由之路	11697	成语
haobuxianggan	毫不相干	11697	固定熟语
baiwuyiyong	百无一用	11691	成语
jigaoyichou	技高一筹	11682	成语
chentufeiyang	尘土飞扬	11681	固定熟语
weizhuidujie	围追堵截	11669	成语
feiwomoshu	非我莫属	11651	成语
shiluanzhongqi	始乱终弃	11651	成语
xianzarendeng	闲杂人等	11651	固定熟语
nianguobanbai	年过半百	11646	固定熟语
ertingbafang	耳听八方	11644	成语
koukouxiangchuan	口口相传	11639	固定熟语
kuangfangbuji	狂放不羁	11625	成语
fenfanfuza	纷繁复杂	11617	成语
hanfenglinlie	寒风凛冽	11606	固定熟语
haoyanxiangquan	好言相劝	11596	固定熟语
kongguyoulan	空谷幽兰	11596	成语
yituanluanma	一团乱麻	11596	固定熟语
kuzaofawei	枯燥乏味	11594	固定熟语
dishengxiaqi	低声下气	11590	成语
yinshizuodui	吟诗作对	11579	固定熟语
yipiankuxin	一片苦心	11579	固定熟语
yijiazhiyan	一家之言	11578	成语
gongsifenming	公私分明	11571	固定熟语
dakaishajie	大开杀戒	11561	成语
buanshishi	不谙世事	11557	成语
yaoxianghuying	遥相呼应	11555	成语
linglingsansan	零零散散	11550	叠字熟语
riyijiye	日以继夜	11549	成语
ziwobiaobang	自我标榜	11545	成语
tongnantongnv	童男童女	11544	固定熟语
dujuyige	独具一格	11535	成语
shejinqiuyuan	舍近求远	11533	成语
buganzaoci	不敢造次	11528	固定熟语
chengwangbaikou	成王败寇	11528	成语
ganzuogandang	敢作敢当	11528	成语
muguangruju	目光如炬	11528	成语
chunhuidadi	春回大地	11519	标准四字成语
dangtoubanghe	当头棒喝	11514	典故成语(禅宗)
xiangyaochumo	降妖除魔	11507	固定四字熟语,整体使用
dongshixiaopin	东施效颦	11488	典故成语(庄子)
zaokangzhiqi	糟糠之妻	11488	典故成语(后汉书)
xinshenbuding	心神不定	11467	标准四字成语
wuyuanwuchou	无冤无仇	11464	固定四字成语
xianyinuma	鲜衣怒马	11464	典故成语
danxiaopashi	胆小怕事	11454	标准四字成语
nuhuozhongshao	怒火中烧	11454	标准四字成语
shengmingyuanbo	声名远播	11449	固定四字成语
laiquziru	来去自如	11444	标准四字成语
haoranzhengqi	浩然正气	11443	典故成语(孟子浩然之气)
jizhongyaohai	击中要害	11432	标准四字成语
zuinieshenzhong	罪孽深重	11423	标准四字成语
fengliurenwu	风流人物	11416	标准四字成语
feigechuanshu	飞鸽传书	11399	固定四字熟语,整体使用
shenhuqishen	神乎其神	11399	标准四字成语
yishiyiyou	亦师亦友	11384	固定熟语
heibaixiangjian	黑白相间	11383	成语
xuanyaleima	悬崖勒马	11371	成语
chuichuilaoyi	垂垂老矣	11369	固定熟语
potuerchu	破土而出	11359	成语
rucieryi	如此而已	11353	成语
kutianhandi	哭天喊地	11342	成语变体
zizijuju	字字句句	11334	AABB熟语
dubutianxia	独步天下	11332	成语
eyuxiangjia	恶语相加	11332	固定熟语
yinyiweihao	引以为豪	11332	成语
sipolianpi	撕破脸皮	11318	成语
wangqixiangbei	望其项背	11307	成语
qingjinquanli	倾尽全力	11295	固定熟语
jiefanglinju	街坊邻居	11286	固定熟语
dazhanshenshou	大展身手	11276	成语
momowuming	默默无名	11268	成语变体
fushengruomeng	浮生若梦	11263	成语
kulasuantian	苦辣酸甜	11263	成语变体
yuxinheren	于心何忍	11263	成语
zhiyongshuangquan	智勇双全	11251	成语
ququzhezhe	曲曲折折	11232	AABB熟语
bukezhuomo	不可捉摸	11228	成语
daiziguizhong	待字闺中	11224	成语
buliuqingmian	不留情面	11223	成语
wucongtanqi	无从谈起	11223	成语
fabuzezhong	法不责众	11219	成语
youshizhizhong	由始至终	11212	成语变体
qiushenbaifo	求神拜佛	11209	成语
wendongwenxi	问东问西	11193	成语
yongronghuagui	雍容华贵	11189	成语
haijiaotianya	海角天涯	11175	成语变体
rulvpingdi	如履平地	11168	成语
yishanbuzheng	衣衫不整	11166	成语
andanwuguang	黯淡无光	11151	成语
potonglantie	破铜烂铁	11146	成语
lijinjianxin	历尽艰辛	11145	成语
haotaodaku	号啕大哭	11144	成语
zuobeizhaonan	坐北朝南	11130	成语
baihongguanri	白虹贯日	11127	成语
jiejieshishi	结结实实	11120	AABB熟语
jiliuyongjin	激流勇进	11120	成语
renmurenyang	人模人样	11120	成语
shangcuanxiatiao	上窜下跳	11120	成语变体
xinjingdanzhan	心惊胆颤	11119	成语变体
dashihuaxiao	大事化小	11115	成语
wusiwuwei	无私无畏	11108	成语
pianjiabuliu	片甲不留	11107	成语
yadaoyiqie	压倒一切	11102	成语
lanlansansan	懒懒散散	11099	AABB熟语
jidaijiejue	亟待解决	11094	固定熟语
yigunaoer	一股脑儿	11092	固定熟语
yigunaor	一股脑儿	11092	固定熟语
silaixiangqu	思来想去	11087	成语
yixikejian	依稀可见	11079	成语
jingweifenming	泾渭分明	11071	成语
minxinsuoxiang	民心所向	11071	固定熟语
kongmengzhidao	孔孟之道	11063	固定熟语
mingshandachuan	名山大川	11063	成语
shizhilianxin	十指连心	11045	成语
xianfengdaogu	仙风道骨	11045	成语
jingmeijuelun	精美绝伦	11041	成语
nianyouwuzhi	年幼无知	11024	成语
fenneizhishi	分内之事	11022	固定熟语
douzhuanxingyi	斗转星移	11008	成语
haoqingwanzhang	豪情万丈	11006	成语
youjikexun	有迹可循	10994	成语
haoqichangcun	浩气长存	10993	固定熟语
yinshiqiju	饮食起居	10987	固定熟语
yangjichiyu	殃及池鱼	10972	成语
heiyunyacheng	黑云压城	10968	成语
jihuogongxin	急火攻心	10968	固定熟语
jingruchuzi	静如处子	10968	成语
moushizairen	谋事在人	10968	成语
jiansibujiu	见死不救	10951	成语
shiliaobuji	始料不及	10951	成语
zhengqilinran	正气凛然	10950	成语
paishouchengkuai	拍手称快	10940	成语
jiaoyanyudi	娇艳欲滴	10937	成语
wudujuquan	五毒俱全	10912	成语
budeshanzhong	不得善终	10907	固定熟语
wuleihongding	五雷轰顶	10904	成语
enenyuanyuan	恩恩怨怨	10897	固定叠词
jinzhuibushe	紧追不舍	10897	成语
dajiafengfan	大家风范	10893	固定熟语
yanwubujin	言无不尽	10890	成语
bumingzeyi	不鸣则已	10888	成语
fangzongbuji	放纵不羁	10888	成语
yushuohuanxiu	欲说还休	10888	成语
qiannanwanxian	千难万险	10884	成语
zhunzhunjiaohui	谆谆教诲	10873	成语
farenshensheng	发人深省	10864	成语
hunshenjieshu	浑身解数	10864	成语
xiangshengxiangke	相生相克	10864	成语
yanzhichengli	言之成理	10864	成语
pingdanwuwei	平淡无味	10857	成语
feijinzhouzhe	费尽周折	10832	成语
xiuqiyugong	休戚与共	10828	成语
popolanlan	破破烂烂	10825	固定叠词
mingsikuxiang	冥思苦想	10810	成语
hongguzhizhi	鸿鹄之志	10806	典故成语,code 正确全拼
duokuangerchu	夺眶而出	10797	标准成语,code 正确
zhiziweiti	只字未提	10791	标准成语,code 正确
youdishenru	诱敌深入	10787	标准军事成语,code 正确
tianyazhichi	天涯咫尺	10775	标准成语(咫尺天涯对文),code 正确
bujiqianxian	不计前嫌	10763	标准成语,code 正确
huizhiwanyi	悔之晚矣	10756	标准成语,code 正确
chuzhitairan	处之泰然	10755	标准成语,code 正确
weishishangzao	为时尚早	10755	标准成语,code 正确
zuohuaibuluan	坐怀不乱	10755	典故成语,code 正确
yuwengdeli	渔翁得利	10752	标准成语,code 正确
bansibuhuo	半死不活	10750	标准成语,code 正确
jieganerqi	揭竿而起	10745	典故成语,code 正确
yicichonghao	以次充好	10724	标准成语,code 正确
bigengbuchuo	笔耕不辍	10691	成语
yayaxueyu	牙牙学语	10683	成语
duanduanzhengzheng	端端正正	10671	叠词熟语
qizaomohei	起早摸黑	10671	成语
xingmianyunan	幸免于难	10670	成语
yanchubixing	言出必行	10665	固定熟语
duoguanqixia	多管齐下	10656	成语
shenzhiyoushen	慎之又慎	10656	固定熟语
huizhilanxin	蕙质兰心	10634	成语
hutouhunao	虎头虎脑	10634	成语
yuemingxingxi	月明星稀	10634	成语
gujunzuozhan	孤军作战	10628	成语
houfazhiren	后发制人	10616	成语
guonandangtou	国难当头	10606	固定熟语
wusuodunxing	无所遁形	10596	成语
jiaojiaoluoluo	角角落落	10585	叠词熟语
pangzhengboyin	旁征博引	10583	成语
xudunianhua	虚度年华	10583	固定熟语
shaoyanguayu	少言寡语	10571	成语
buzhanersheng	不战而胜	10568	成语
xiaotidazuo	小题大作	10568	成语
tiaotiaojianjian	挑挑拣拣	10560	叠词熟语
zunshizhongdao	尊师重道	10560	成语
qiushoudongcang	秋收冬藏	10550	固定熟语
weigaoquanzhong	位高权重	10545	固定熟语
zichengyiti	自成一体	10545	成语
buxianbudan	不咸不淡	10543	成语
jiaoxiaolinglong	娇小玲珑	10543	成语
luantuluanhua	乱涂乱画	10543	固定熟语
qianqiuwanzai	千秋万载	10543	成语
tanglangbuchan	螳螂捕蝉	10543	成语
wojianyoulian	我见犹怜	10543	成语
yumintongle	与民同乐	10543	典故熟语
liaoranyuxin	了然于心	10538	固定四字熟语,拼音正确
burenbuyi	不仁不义	10523	标准四字成语,拼音正确
shushishufei	孰是孰非	10523	标准四字成语,拼音正确
chuilatanchang	吹拉弹唱	10520	固定四字并列熟语,整体使用
chunhanliaoqiao	春寒料峭	10520	标准四字成语,拼音正确
lianjiefenggong	廉洁奉公	10503	标准四字成语,拼音正确
chunquqiulai	春去秋来	10448	标准四字成语,拼音正确
huangquezaihou	黄雀在后	10448	独立成语条目,拼音正确
shibuxiayan	食不下咽	10448	标准四字成语,拼音正确
bukejiuyao	不可救药	10443	成语
huoyifeiqian	获益匪浅	10438	成语
liqunsuoju	离群索居	10419	成语
huayangbaichu	花样百出	10418	成语
chengzhuzaixiong	成竹在胸	10411	成语
nanlaibeiwang	南来北往	10395	成语
sisifangfang	四四方方	10382	叠字固定
zhishudali	知书达礼	10382	成语
zhinanerjin	知难而进	10377	成语
gejiagehu	各家各户	10369	固定熟语
caiyunhengtong	财运亨通	10350	固定祝语
hedongshihou	河东狮吼	10350	成语
qianhuibaizhuan	千回百转	10350	成语
shexiexinchang	蛇蝎心肠	10350	成语
ayufengcheng	阿谀奉承	10348	成语
leiruquanyong	泪如泉涌	10337	成语
changshengbushuai	长盛不衰	10332	成语
liangliangqiangqiang	踉踉跄跄	10332	叠字成语
cengcengdiedie	层层叠叠	10331	叠字成语
qingcuiyudi	青翠欲滴	10326	标准四字成语,code 正确全拼
cuikulaxiu	摧枯拉朽	10323	典故成语,code 正确
zhenbigaohu	振臂高呼	10316	固定四字成语,code 正确
bianhuanwuchang	变幻无常	10315	标准四字成语,code 正确
xuwupiaomiao	虚无飘渺	10304	标准四字成语(缥缈异体),code 正确
diashengdiaqi	嗲声嗲气	10279	ABAC 固定四字熟语,整体不可拆,code 正确
wukebianbo	无可辩驳	10279	标准四字成语,code 正确
xiushenyangxing	修身养性	10278	标准四字成语,code 正确
chongzhenqigu	重振旗鼓	10268	标准四字成语,code 正确
wuliketu	无利可图	10250	标准四字成语,code 正确
zhengzhengtiegu	铮铮铁骨	10248	固定四字熟语,整体不可拆,code 正确
zhinanershang	知难而上	10248	标准四字成语,code 正确
liugenqingjing	六根清净	10234	佛教典故成语,code 正确
huhushengwei	虎虎生威	10217	固定四字熟语,整体不可拆,code 正确
kuadaqici	夸大其辞	10216	标准四字成语(夸大其词异体),code 正确
xinhuaibugui	心怀不轨	10214	标准四字成语,code 正确
xinhuaiguitai	心怀鬼胎	10214	标准四字成语,code 正确
bimozhiyan	笔墨纸砚	10198	固定四字并列熟语(文房四宝),整体不可拆,code 正确
jiukujiunan	救苦救难	10192	标准四字成语,code 正确
yitaiwanfang	仪态万方	10192	标准四字成语,code 正确
youxianzide	悠闲自得	10192	标准四字成语,code 正确
linzhentuotao	临阵脱逃	10191	标准四字成语,code 正确
yuanduzhongyang	远渡重洋	10173	标准四字成语,code 正确
tianxiaweigong	天下为公	10168	典故成语,code 正确
labangjiehuo	拉帮结伙	10163	标准四字成语,code 正确
andanwuguang	暗淡无光	10162	标准四字成语,code 正确
xinghuoliaoyuan	星火燎原	10157	典故成语,code 正确
youyanzaixian	有言在先	10144	固定熟语
cuoguyanghui	挫骨扬灰	10142	成语
naishengnaiqi	奶声奶气	10142	固定熟语
quzheliqi	曲折离奇	10142	成语
shengcaizhidao	生财之道	10142	成语
zhenbianshibi	针砭时弊	10121	成语
shangxiayixin	上下一心	10119	成语
furuningzhi	肤如凝脂	10116	成语
xiuhuazhentou	绣花枕头	10112	成语
youaiguanzhan	有碍观瞻	10112	成语
zhishouzhetian	只手遮天	10109	成语
bibodangyang	碧波荡漾	10096	成语
jiebaiwuxia	洁白无瑕	10091	成语
wuxinlianzhan	无心恋战	10091	固定熟语
xiaofengcanyue	晓风残月	10091	成语
danerwuwei	淡而无味	10088	成语
dongliangzhicai	栋梁之才	10088	成语
bugaoerbie	不告而别	10082	成语
yiyepianzhou	一叶扁舟	10082	成语
wailixieshuo	歪理邪说	10079	成语
riyuexingchen	日月星辰	10051	固定熟语
dashuteshu	大书特书	10034	成语
dangniuzuoma	当牛做马	10032	成语
shensuoziru	伸缩自如	10032	成语
xingshenmingshei	姓甚名谁	10032	成语
xingshenmingshui	姓甚名谁	10032	成语
yinshinannv	饮食男女	10032	固定熟语
bujiezhimi	不解之谜	10019	成语
nianlaotishuai	年老体衰	10019	成语
gexianshentong	各显神通	10003	成语
weijicunwang	危急存亡	9999	成语
pinfuxuanshu	贫富悬殊	9997	成语
pusaxinchang	菩萨心肠	9992	成语
wangmingtianya	亡命天涯	9992	成语
yinshengyangshuai	阴盛阳衰	9992	成语
shishengtongku	失声痛哭	9991	固定熟语
zhunzhunjiaodao	谆谆教导	9976	成语
zhonghoulaoshi	忠厚老实	9963	固定熟语
fengchuiyulin	风吹雨淋	9962	成语
shezhanqunru	舌战群儒	9962	成语
weishubushao	为数不少	9948	固定熟语
baimiyishu	百密一疏	9936	成语
gaoshanyangzhi	高山仰止	9925	成语
taitaipingping	太太平平	9922	固定熟语
jiantingzeming	兼听则明	9918	成语
bingzhuyetan	秉烛夜谈	9916	成语
kuangfenglangdie	狂蜂浪蝶	9916	成语
qingshenyizhong	情深义重	9916	成语
yidebaode	以德报德	9916	成语
yuyangxianyi	欲扬先抑	9916	成语
danxihuofu	旦夕祸福	9906	成语
shouqidaoluo	手起刀落	9861	固定熟语
wugubufen	五谷不分	9861	成语
youzaiyouzai	优哉游哉	9831	成语
chutoulumian	出头露面	9829	成语
zhengbenqingyuan	正本清源	9829	成语
gukuwuyi	孤苦无依	9827	成语
tuijijiren	推己及人	9827	成语
gongwubuke	攻无不克	9824	成语
jingshizhiyong	经世致用	9796	成语
fengjuancanyun	风卷残云	9795	成语
huangruogeshi	恍若隔世	9795	成语
toutengnaore	头疼脑热	9795	固定熟语
xiebushengzheng	邪不胜正	9795	成语
yisunjusun	一损俱损	9791	成语
yiguanhouxiao	以观后效	9772	成语
shouzhiyuren	受制于人	9745	成语
youqianrushen	由浅入深	9744	成语
dadaozhijian	大道至简	9742	固定熟语
kuairenkuaiyu	快人快语	9742	成语
huafanweijian	化繁为简	9739	成语
chuanweijiahua	传为佳话	9737	固定熟语
fuyuanliaokuo	幅员辽阔	9737	成语
tianciliangji	天赐良机	9734	成语
xiaozhiyili	晓之以理	9734	成语
queqiaoxianghui	鹊桥相会	9723	典故熟语
taohongliulv	桃红柳绿	9723	成语
yingyingyanyan	莺莺燕燕	9723	成语
wuhuatianbao	物华天宝	9720	成语
haofangbuji	豪放不羁	9709	成语
yixinglanshan	意兴阑珊	9709	成语
jiliuyongtui	急流勇退	9682	成语
qingchaochudong	倾巢出动	9668	成语
gesanchawu	隔三岔五	9667	成语
qiqizhengzheng	齐齐整整	9667	叠字熟语
wupingwuju	无凭无据	9667	成语
yushuijiaqiao	遇水架桥	9656	典故熟语
luoyingbinfen	落英缤纷	9641	成语
shenzhongrushi	慎终如始	9637	成语
fuguironghua	富贵荣华	9635	成语
wucaibanlan	五彩斑斓	9604	成语
jinxihexi	今夕何夕	9592	成语
naozhongqujing	闹中取静	9578	成语
tuyouqibiao	徒有其表	9578	成语
yimianzhici	一面之辞	9578	成语
laizhebushan	来者不善	9553	成语
qitunshanhe	气吞山河	9553	成语
zhangguanlidai	张冠李戴	9547	成语
bukexianliang	不可限量	9536	成语
jieshenziai	洁身自爱	9533	成语
jishangxinlai	计上心来	9533	成语
raoyouxingzhi	饶有兴致	9533	成语
wenqingmaimai	温情脉脉	9533	成语
youxirenjian	游戏人间	9533	成语
chongjianguangming	重见光明	9531	成语
yanguoliusheng	雁过留声	9530	成语
yingxiongbeichu	英雄辈出	9515	成语
yishanlanlv	衣衫褴褛	9509	成语
bukeqiji	不可企及	9496	成语
fanranhuiwu	幡然悔悟	9496	成语
biaobenjianzhi	标本兼治	9480	成语
xueliuruzhu	血流如注	9480	成语
youshangfenghua	有伤风化	9464	成语
xiangcheyunxiao	响彻云霄	9449	成语
fengyongershang	蜂拥而上	9442	成语
nankeyimeng	南柯一梦	9428	成语
pingpingjingjing	平平静静	9428	固定叠词
jiushichongti	旧事重提	9424	成语
xiangmaotangtang	相貌堂堂	9424	成语
qingguijielv	清规戒律	9421	成语
chushuangrudui	出双入对	9392	成语
jinkouyuyan	金口玉言	9392	成语
shanbengdilie	山崩地裂	9392	成语
yunkaiwusan	云开雾散	9392	成语
cangenglengzhi	残羹冷炙	9388	成语
jingweitianhai	精卫填海	9388	成语
nangengnvzhi	男耕女织	9380	成语
buchengqihou	不成气候	9370	成语
renzuguizong	认祖归宗	9370	固定熟语
buyinbuyang	不阴不阳	9349	成语
yangtangzhifei	扬汤止沸	9349	成语
zhuanwanmojiao	转弯抹角	9349	成语
yicileitui	依此类推	9347	固定熟语
qingnangxiangshou	倾囊相授	9337	成语
chilibawai	吃里扒外	9319	成语
gaoshanjunling	高山峻岭	9319	成语
shijiershang	拾级而上	9319	成语
zhengzhengjingjing	正正经经	9319	AABB熟语
datixiaozuo	大题小做	9301	成语
taishanyading	泰山压顶	9301	成语
jianchijijian	坚持己见	9299	成语
rehuoshangshen	惹祸上身	9288	固定熟语
sangongliuyuan	三宫六院	9288	成语
zhaixinrenhou	宅心仁厚	9282	成语
shirujichu	视如己出	9264	成语
xijinqianhua	洗尽铅华	9264	固定熟语
yipianbingxin	一片冰心	9264	成语
bumanbuzhi	不蔓不枝	9263	成语
chinanyuannv	痴男怨女	9259	成语
shizhidongyu	失之东隅	9259	成语
yudafengchui	雨打风吹	9259	成语
huanghuangbuan	惶惶不安	9253	成语
chengchengkenken	诚诚恳恳	9242	AABB熟语
eyaneyu	恶言恶语	9242	成语
linyuanxianyu	临渊羡鱼	9242	成语
yebansangeng	夜半三更	9242	成语
zhubaopingan	竹报平安	9242	成语
zhaofaxizhi	朝发夕至	9233	成语
choutaibaichu	丑态百出	9221	成语
jiansuoweijian	见所未见	9221	成语
gehuaiguitai	各怀鬼胎	9216	成语
qiyubufan	气宇不凡	9216	成语
momingqimiao	莫明其妙	9205	成语变体
pingpingwenwen	平平稳稳	9205	AABB熟语
puduzhongsheng	普渡众生	9205	成语变体
wenroudunhou	温柔敦厚	9205	成语
yinyunmibu	阴云密布	9205	成语
qiancizaoju	遣词造句	9197	成语
bibukeque	必不可缺	9164	成语
yizhangyichi	一张一弛	9163	成语
lichoubiexu	离愁别绪	9160	成语
yixishangcun	一息尚存	9153	成语
xinmayoujiang	信马由缰	9150	成语
zunshizhongjiao	尊师重教	9137	成语
yiyixibie	依依惜别	9119	成语
bimenbuchu	闭门不出	9115	成语
jiaokouchengzan	交口称赞	9098	成语
zixunduanjian	自寻短见	9093	成语
tianzhijiaozi	天之骄子	9087	成语
zhangsanlisi	张三李四	9087	成语
qixiangwanqian	气象万千	9086	成语
buyaoeryu	不药而愈	9084	成语
jiangxinjiangyi	将信将疑	9084	成语
kongwuyiwu	空无一物	9084	成语
yizhibaoyuan	以直报怨	9083	成语
yuhuadengxian	羽化登仙	9083	成语
zouweishangce	走为上策	9083	成语
fengyongerlai	蜂拥而来	9060	成语
hongxiutianxiang	红袖添香	9050	典故熟语
renduozuiza	人多嘴杂	9050	成语
huoqixiaoqiang	祸起萧墙	9043	成语
shengsiyugong	生死与共	9031	成语
chushibuli	出师不利	9012	成语
fenhaobucha	分毫不差	9006	成语
qiaoquhaoduo	巧取豪夺	8988	成语
daguanxiangui	达官显贵	8964	成语
gangzhibua	刚直不阿	8964	成语
yingtianshunren	应天顺人	8964	成语
huluopingyang	虎落平阳	8942	成语
fanfanzhibei	泛泛之辈	8913	成语
nongzhuangdanmo	浓妆淡抹	8913	成语
qiongshanpirang	穷山僻壤	8913	成语
xinmingyanliang	心明眼亮	8913	成语
youlaiwuhui	有来无回	8913	熟语
wukezhengbian	无可争辩	8908	成语
gulvchongchong	顾虑重重	8906	成语
qifudiedang	起伏跌宕	8905	成语
qianhuhouyong	前呼后拥	8897	成语
dishuichengbing	滴水成冰	8895	成语
sanfansici	三番四次	8895	成语
youzaiyouzai	悠哉游哉	8895	成语
wukefouren	无可否认	8890	成语
yizhaoyishi	一招一式	8864	成语
yifangbuce	以防不测	8863	成语
quweicunzhen	去伪存真	8861	成语
fengtuminqing	风土民情	8858	成语
gongqibubei	攻其不备	8858	成语
cemayangbian	策马扬鞭	8848	成语
chehuirenwang	车毁人亡	8848	成语
qishangmanxia	欺上瞒下	8837	成语
penboerchu	喷薄而出	8836	成语
leimingdianshan	雷鸣电闪	8835	成语
qinxuehaowen	勤学好问	8835	成语
handanxuebu	邯郸学步	8832	成语
jinqisuoneng	尽其所能	8798	成语
qiangujuechang	千古绝唱	8798	成语
shangfafenming	赏罚分明	8798	成语
wenmingzhongwai	闻名中外	8788	成语
mingshengdazao	名声大噪	8777	成语
yicaifencheng	异彩纷呈	8756	成语
xiongyoudigong	兄友弟恭	8750	成语
wunizhuoshui	污泥浊水	8743	成语
chikangyancai	吃糠咽菜	8731	熟语
cuimeizheyao	摧眉折腰	8731	成语
getaiwuxie	歌台舞榭	8731	成语
guomunanwang	过目难忘	8731	成语
huanhuanlele	欢欢乐乐	8731	叠词熟语
liuniansishui	流年似水	8731	成语
meimuruhua	眉目如画	8731	成语
meiruguanyu	美如冠玉	8731	成语
qifenglengyu	凄风冷雨	8731	成语
rouqingwanzhong	柔情万种	8731	熟语
ruoliufufeng	弱柳扶风	8731	成语
xiejiadaikou	携家带口	8731	成语
shanfanjiujian	删繁就简	8720	成语
shiguweihan	尸骨未寒	8720	固定熟语
daqiaoruozhuo	大巧若拙	8717	成语
dongliangzhicai	栋梁之材	8717	成语
yuanyuanbujue	源源不绝	8717	成语
shangxiatongxin	上下同心	8710	成语
xuanxianrenneng	选贤任能	8710	成语
jiaoziyoufang	教子有方	8703	成语
shangxinleshi	赏心乐事	8703	成语
gongzhongtiguo	公忠体国	8700	成语
jiehuaxianfu	借花献佛	8700	成语
hengmeilengdui	横眉冷对	8692	成语
kuangshiqicai	旷世奇才	8692	成语
waiqiniuba	歪七扭八	8692	成语
zhengqidouyan	争奇斗艳	8692	成语
zouloufengsheng	走漏风声	8692	成语
weiweijiuzhao	围魏救赵	8669	成语
weiweizhuangguan	蔚为壮观	8604	成语
lirenliji	利人利己	8595	成语
yiwenhuiyou	以文会友	8595	成语
lieshimunian	烈士暮年	8580	成语
dulandaquan	独揽大权	8566	成语
changshengjiangjun	常胜将军	8557	成语
lvlinhaohan	绿林好汉	8557	成语
muyizigui	母以子贵	8557	成语
wangsungongzi	王孙公子	8557	成语
qunqingjifen	群情激奋	8555	成语
jiaoaozida	骄傲自大	8544	成语
rongmakongzong	戎马倥偬	8544	成语
ruyuyinshui	如鱼饮水	8542	成语
huofuxiangyi	祸福相依	8535	成语
kutianqiangdi	哭天抢地	8535	成语
meirenchimu	美人迟暮	8535	成语
muwuzunzhang	目无尊长	8535	成语
qianchengjinxiu	前程锦绣	8535	成语
qiaoshouqipan	翘首企盼	8535	成语
qishanpae	欺善怕恶	8535	成语
sisirukou	丝丝入扣	8535	标准四字成语,拼音正确
yamiaozhuzhang	揠苗助长	8535	典故成语,拼音正确
gaitianhuandi	改天换地	8531	标准四字成语,拼音正确
qinggemanwu	轻歌曼舞	8520	标准四字成语,拼音正确
wuwangbusheng	无往不胜	8508	标准四字成语,拼音正确
lvexunyichou	略逊一筹	8499	标准四字成语,拼音正确
dachuzhuoyan	大处着眼	8476	标准四字成语,拼音正确
zaoyaozhongshang	造谣中伤	8475	标准四字成语,拼音正确
rouqingmiyi	柔情蜜意	8470	标准四字成语,拼音正确
wairouneigang	外柔内刚	8470	标准四字成语,拼音正确
yuhuachengxian	羽化成仙	8470	标准四字成语,拼音正确
kangkaichenci	慷慨陈词	8462	标准四字成语,拼音正确
banzhebanyan	半遮半掩	8457	固定四字熟语,拼音正确
gudaorechang	古道热肠	8449	标准四字成语,拼音正确
hunshuimoyu	混水摸鱼	8449	标准四字成语,拼音正确
hongpianjuzhi	鸿篇巨制	8447	标准四字成语,拼音正确
chiyibujue	迟疑不决	8442	标准四字成语,拼音正确
yijizhisi	一己之私	8423	标准四字成语,拼音正确
guangweirenzhi	广为人知	8407	固定四字熟语,拼音正确
guofuminqiang	国富民强	8407	标准四字成语,拼音正确
yanxiaoyanyan	言笑晏晏	8407	诗经典故成语,拼音正确
yirenweijing	以人为镜	8393	标准四字成语,拼音正确
wuyiweiji	无以为继	8370	标准四字成语,拼音正确
kedizhisheng	克敌制胜	8367	标准四字成语,拼音正确
chimingzhongwai	驰名中外	8365	固定四字熟语,拼音正确
xiangchebaoma	香车宝马	8363	标准四字成语,拼音正确
ruanruowuneng	软弱无能	8358	标准四字成语,拼音正确
erlongxizhu	二龙戏珠	8337	标准四字成语,拼音正确
huangexiaoyu	欢歌笑语	8333	固定四字熟语,拼音正确
momohanqing	脉脉含情	8333	标准四字成语,拼音正确
yicaoyimu	一草一木	8327	标准四字成语,拼音正确
bingzhuyeyou	秉烛夜游	8323	标准四字成语,拼音正确
fanpuguizhen	返朴归真	8323	返璞归真变体成语,拼音正确
nongqingmiyi	浓情蜜意	8323	标准四字成语,拼音正确
qiweixiangtou	气味相投	8323	标准四字成语,拼音正确
shuangsushuangqi	双宿双栖	8323	标准四字成语,拼音正确
xiejiaguitian	卸甲归田	8323	解甲归田变体成语,拼音正确
yixinliangyong	一心两用	8323	标准四字成语,拼音正确
youtoufenmian	油头粉面	8323	标准四字成语,拼音正确
xinfudahuan	心腹大患	8322	成语
anzhenwuyou	安枕无忧	8313	成语
dingfengmaoyu	顶风冒雨	8313	固定熟语
qingruhongmao	轻如鸿毛	8313	成语
qiuzhiruoke	求知若渴	8313	成语
xiefengxiyu	斜风细雨	8313	成语
xuhuangyiqiang	虚晃一枪	8313	成语
yishiyaren	以势压人	8313	成语
jiguansuanjin	机关算尽	8297	成语
xianyanduomu	鲜艳夺目	8292	成语
jiuwangtucun	救亡图存	8262	成语
gupanshengzi	顾盼生姿	8248	成语
weitongjuela	味同嚼蜡	8248	成语
xiangzhuangwujian	项庄舞剑	8248	典故成语
yiqiuzhihao	一丘之貉	8248	成语
youkounanyan	有口难言	8245	成语
shengsejuli	声色俱厉	8234	成语
chunqiubifa	春秋笔法	8228	成语
wuqinwugu	无亲无故	8228	成语
licicunzhao	立此存照	8220	成语
yuantouhuoshui	源头活水	8220	成语
mingchuiqiangu	名垂千古	8215	成语
danwuxufa	弹无虚发	8199	成语
xingzhisuozhi	兴之所至	8184	成语
chunhejingming	春和景明	8128	成语
jianrongbingxu	兼容并蓄	8128	成语
nierzhongyan	逆耳忠言	8128	成语
ewantanxi	扼腕叹息	8098	成语
yihongershang	一哄而上	8098	成语
enweibingshi	恩威并施	8097	成语
yijieshusheng	一介书生	8097	成语
yuwengzhili	渔翁之利	8097	成语
anjiannanfang	暗箭难防	8091	成语
hanbaoyufang	含苞欲放	8091	成语
henghaerjiang	哼哈二将	8091	典故熟语
huangbuzelu	慌不择路	8091	成语
jiazeinanfang	家贼难防	8091	成语
minerhaoxue	敏而好学	8091	成语
yaoyeshengzi	摇曳生姿	8091	四字成语
yinyuanjihui	因缘际会	8091	成语,拼音正确
zhongzhenbuer	忠贞不二	8091	固定四字熟语
guangkejianren	光可鉴人	8078	成语
qingdenggufo	青灯古佛	8067	固定四字熟语
shibuyanjing	食不厌精	8049	成语
cangcuiyudi	苍翠欲滴	8033	成语
renxinxiangbei	人心向背	8033	成语
qiyanxiaozhang	气焰嚣张	8027	成语
wenchangwenduan	问长问短	8009	成语
yiyidangshi	以一当十	7994	成语
mengmusanqian	孟母三迁	7978	典故成语
zhongyuzhishou	忠于职守	7975	成语
anzhongmosuo	暗中摸索	7972	典故成语
jishachengta	积沙成塔	7972	成语(聚沙成塔变体亦收)
kuaiyankuaiyu	快言快语	7972	成语
nianqingpazhong	拈轻怕重	7972	成语
ningzhebuwan	宁折不弯	7972	成语
suihansanyou	岁寒三友	7972	成语
shengquanzaiwo	胜券在握	7961	成语
huitianzhili	回天之力	7959	成语
nanyimingzhuang	难以名状	7959	成语
xiongwudianmo	胸无点墨	7959	成语
zhongganyidan	忠肝义胆	7959	成语
zhongxihebi	中西合璧	7948	成语
hengxingwuji	横行无忌	7920	成语
jugongzhiwei	居功至伟	7896	成语
mingyueqingfeng	明月清风	7896	清风明月之变体,固定四字熟语
paomamaijie	跑马卖解	7896	典故熟语(走江湖卖艺)
qingdenggufu	青灯古佛	7896	固定四字熟语(清苦修行)
shidaorenxin	世道人心	7896	固定四字成语
shibuganwei	食不甘味	7887	标准四字成语
mianmaoyixin	面貌一新	7876	标准四字成语
geserendeng	各色人等	7873	固定四字熟语(各种各样的人)
baizoumaicheng	败走麦城	7868	典故成语(关羽败走麦城)
xincunjiedi	心存芥蒂	7854	固定四字熟语(怀有嫌隙)
sunbingzhejiang	损兵折将	7845	标准四字成语
buwenbuhuo	不瘟不火	7836	固定四字熟语(不温不火本字)
jiaqingjiayi	假情假意	7836	固定四字熟语(假仁假义类)
kesuizhubian	客随主便	7836	固定俗语/熟语
nengshennengqu	能伸能屈	7836	能屈能伸之变体成语
rouchangbaijie	柔肠百结	7836	标准四字成语
shanfengdianhuo	扇风点火	7836	煽风点火之变体成语(扇读shan)
shouweihuying	首尾呼应	7836	标准四字成语
tangbidangche	螳臂挡车	7836	螳臂当车之变体成语
wumisandao	五迷三道	7836	方言固定熟语(迷糊)
xuetieruni	削铁如泥	7836	标准四字成语
xiachongyubing	夏虫语冰	7836	庄子成语
pifuzhiyong	匹夫之勇	7832	标准四字成语
zonghengbaihe	纵横捭阖	7824	标准四字成语
liulianwangfan	留连忘返	7807	流连忘返之变体成语
feiwozulei	非我族类	7806	固定四字成语(非我族类其心必异)
jiguangpianyu	吉光片羽	7806	标准四字成语
sanchaoyuanlao	三朝元老	7806	固定四字熟语
shouguruchai	瘦骨如柴	7806	骨瘦如柴之变体成语
geweiqizhu	各为其主	7803	固定四字成语
qingchengqingguo	倾城倾国	7791	倾国倾城之变体成语
yijianzhongqing	一见锺情	7791	一见钟情成语(锺为钟异体)
fancizhongzhong	凡此种种	7762	固定四字熟语
manwumude	漫无目的	7762	标准四字成语
qunqingjifen	群情激愤	7756	固定四字熟语
yuminzhengli	与民争利	7756	典故熟语(汉书)
jingjicongsheng	荆棘丛生	7729	固定四字成语(困难重重)
kaihuaichangyin	开怀畅饮	7729	固定四字熟语
liugenqingjing	六根清静	7729	六根清净之变体成语
yilaoyishao	遗老遗少	7715	标准成语
jinshiweikai	金石为开	7700	成语(精诚所至金石为开)
jiriliangchen	吉日良辰	7700	成语(良辰吉日变体)
pingpingfanfan	平平凡凡	7700	AABB固定叠词熟语
shuimanjinshan	水漫金山	7700	典故成语(白蛇传)
weimingshicong	惟命是从	7700	成语
wentaowulve	文韬武略	7700	成语
yizaipeigong	意在沛公	7700	典故成语(项庄舞剑意在沛公)
yushuiqingshen	鱼水情深	7700	成语
guxizhinian	古稀之年	7698	成语
gejinqize	各尽其责	7683	成语
weilishitu	惟利是图	7683	成语
gualianxianchi	寡廉鲜耻	7674	成语
baifeikoushe	白费口舌	7660	成语
fengguanxiapei	凤冠霞帔	7660	固定四字熟语
haoyuedangkong	皓月当空	7660	成语
maobujingren	貌不惊人	7660	成语
pianruojinghong	翩若惊鸿	7660	成语
yiguanbanzhi	一官半职	7660	成语
yipiandanxin	一片丹心	7660	成语
youpingyouju	有凭有据	7660	成语
zhaoqinmuchu	朝秦暮楚	7660	成语
haoranzhiqi	浩然之气	7652	成语(孟子)
yimaixiangchuan	一脉相传	7652	成语
lixinlide	离心离德	7644	成语
dengxianshizhi	等闲视之	7623	成语
gongzhengwusi	公正无私	7621	成语
chaofanrusheng	超凡入圣	7615	成语
haoqingmanhuai	豪情满怀	7592	成语
qinbuanxi	寝不安席	7592	成语
biaobingshice	彪炳史册	7585	成语
jipinjiruo	积贫积弱	7582	成语
hanlaishuwang	寒来暑往	7576	成语
chujiangruxiang	出将入相	7575	成语
bianhuanwuqiong	变幻无穷	7564	成语
zhuluzhongyuan	逐鹿中原	7556	成语
ancangshaji	暗藏杀机	7552	成语
bubianshifei	不辨是非	7552	成语
buganbuga	不尴不尬	7552	成语
caibulubai	财不露白	7552	固定四字俗语
huanfeiyanshou	环肥燕瘦	7552	成语
kanglongyouhui	亢龙有悔	7552	典故成语(易经),全拼正确
qinggairugu	倾盖如故	7552	典故成语(史记),全拼正确
qiqiaolinglong	七窍玲珑	7552	标准成语,全拼正确
shenqishizu	神气十足	7552	标准成语,全拼正确
shibuwoyu	时不我与	7552	典故成语(论语),全拼正确
suotousuonao	缩头缩脑	7552	标准成语,全拼正确
yinleishouruo	印累绶若	7552	典故成语(汉书)
anranwushi	安然无事	7486	固定成语
jirentianxiang	吉人天相	7486	固定成语
kezaozhicai	可造之才	7482	固定成语(可造之才)
laozhijiangzhi	老之将至	7482	典故成语(论语)
zhiyuzhishan	止于至善	7482	典故成语(大学)
daoluyimu	道路以目	7477	典故成语(国语)
guaililuanshen	怪力乱神	7477	典故成语(论语)
xixiluoluo	稀稀落落	7477	固定叠词熟语
yishiyijia	宜室宜家	7477	典故成语(诗经)
jiuquanzhixia	九泉之下	7475	固定成语
suyezaigong	夙夜在公	7474	典故成语(诗经)
manmantengteng	慢慢腾腾	7426	固定叠词熟语
zhanjinshajue	斩尽杀绝	7422	固定成语
yibanwuer	一般无二	7411	固定成语
yingyingchuochuo	影影绰绰	7411	固定叠词成语
qianrenyimian	千人一面	7393	固定成语
qianqiuwansui	千秋万岁	7387	固定成语
wuwoliangwang	物我两忘	7386	固定成语
gujunshenru	孤军深入	7384	固定成语
neiwaijiagong	内外夹攻	7379	固定成语
chenghuanxixia	承欢膝下	7351	典故成语
linenggangding	力能扛鼎	7351	典故成语
luorenkoushi	落人口实	7351	固定四字熟语
gaorenyichou	高人一筹	7320	标准成语
xianchenburan	纤尘不染	7320	标准成语
xinhuaipoce	心怀叵测	7320	成语(居心叵测变体)
yishenxunzhi	以身殉职	7319	标准成语
zhouyejiancheng	昼夜兼程	7314	成语(日夜兼程变体)
yizhengciyan	义正词严	7312	成语(义正辞严变体)
dumunanzhi	独木难支	7288	标准成语
gonggongzhengzheng	工工整整	7288	AABB约定俗成
qucuqujing	去粗取精	7283	标准成语
dacaodaban	大操大办	7276	固定四字熟语
pibozhanlang	劈波斩浪	7276	标准成语
neiwaiyoubie	内外有别	7264	固定四字熟语
gongshoutongmeng	攻守同盟	7259	标准成语
qinshibuan	寝食不安	7253	标准成语,全拼正确
yinyiweichi	引以为耻	7253	固定四字成语(对应引以为荣/引以为戒),全拼正确
chengmingchengjia	成名成家	7251	标准成语,全拼正确
congrongziruo	从容自若	7251	标准成语,全拼正确
fushoushuangquan	福寿双全	7251	标准成语,全拼正确
fuzhixinling	福至心灵	7251	标准成语,全拼正确
jixinggaozhao	吉星高照	7251	标准成语,全拼正确
fangeyiji	反戈一击	7250	标准成语,全拼正确
feichizhongwu	非池中物	7250	典故成语,全拼正确
muguangjiongjiong	目光炯炯	7250	标准成语,全拼正确
zhenlongtianzi	真龙天子	7250	整体不可拆的固定四字熟语,全拼正确
gengshangcenglou	更上层楼	7247	标准成语,全拼正确
huoguangchongtian	火光冲天	7240	标准成语,全拼正确
shengjibofa	生机勃发	7240	固定四字熟语,整体不可拆,全拼正确
sixiangshoushou	私相授受	7240	标准成语,全拼正确
youcijibi	由此及彼	7240	标准成语,全拼正确
bikongruxi	碧空如洗	7233	标准成语,全拼正确
biyilianzhi	比翼连枝	7233	标准成语,全拼正确
danboningjing	淡泊宁静	7233	固定四字成语,全拼正确
furenzhijian	妇人之见	7233	标准成语,全拼正确
hongtudazhi	宏图大志	7233	标准成语,全拼正确
huishenghuiying	绘声绘影	7233	标准成语,全拼正确
jiaodimoyou	脚底抹油	7233	整体不可拆的固定四字熟语,全拼正确
jiaoutiancheng	佳偶天成	7233	标准成语,全拼正确
meimuqingxiu	眉目清秀	7233	标准成语,全拼正确
miaoshououde	妙手偶得	7233	标准成语,全拼正确
weirujiaola	味如嚼蜡	7233	标准成语,全拼正确
xiaozixiansun	孝子贤孙	7233	标准成语,全拼正确
xuejiannaodai	削尖脑袋	7233	整体不可拆的固定四字熟语,全拼正确
yishiliangming	一尸两命	7233	固定四字熟语,整体不可拆
jiejiyongren	戒急用忍	7198	固定四字熟语(戒急躁用忍耐)
dayinxisheng	大音希声	7187	老子典故四字成语
heqinghaiyan	河清海晏	7167	典故成语(海内清平)
zhongxinggongyue	众星拱月	7167	标准成语(众星环绕月亮)
bufaqiren	不乏其人	7161	标准成语(这样的人不少)
hezhonggongji	和衷共济	7161	标准成语(同心协力)
yanhuangzisun	炎黄子孙	7161	固定四字熟语(中华民族后代)
baixingergui	败兴而归	7130	标准成语(扫兴而返)
shensimingbian	慎思明辨	7130	中庸典故成语(慎重思考明确辨别)
choutaibilu	丑态毕露	7107	标准成语(丑恶表现完全暴露)
daxiangwuxing	大象无形	7107	老子典故四字成语
gouhunshepo	勾魂摄魄	7107	标准成语(摄人心魄)
paodingjieniu	庖丁解牛	7107	庄子典故成语
yikuweile	以苦为乐	7107	标准成语(以吃苦为乐)
binggongbanshi	秉公办事	7099	标准成语(公正办事)
jiuwuzhizun	九五之尊	7099	固定四字典故熟语(帝位)
nanfenbozhong	难分伯仲	7099	标准成语(不相上下)
nangzhongzhiwu	囊中之物	7099	标准成语(轻易可得之物)
nengzhengshanzhan	能征善战	7097	标准成语(善于作战)
xingjikeyi	形迹可疑	7097	标准成语(举动可疑)
zhenqinyishou	珍禽异兽	7090	标准成语(珍奇的鸟兽)
yongchuiqingshi	永垂青史	7088	标准成语(永载史册)
qierlaoxiao	妻儿老小	7083	固定并列熟语(全家老小)
shenjiabaibei	身价百倍	7062	标准成语(身价大增)
tashanzhishi	它山之石	7062	诗经典故成语(他山之石)
jinxiuheshan	锦绣河山	7048	标准四字成语,全拼正确
quechishaochuan	缺吃少穿	7048	标准四字成语,全拼正确
maolinxiuzhu	茂林修竹	7047	典故成语(兰亭集序),全拼正确
yanzhewuzui	言者无罪	7012	成语(言者无罪闻者足戒),码对
fanrongfuqiang	繁荣富强	6992	固定四字熟语,码对
jiannanquzhe	艰难曲折	6991	成语,码对
airenyide	爱人以德	6989	成语(礼记),码对
anxiangwannian	安享晚年	6989	固定四字熟语,码对
ayufengying	阿谀逢迎	6989	成语,码对
baimafeima	白马非马	6989	典故成语(公孙龙),码对
congzhongyuli	从中渔利	6989	成语,码对
qidongyeyu	齐东野语	6989	成语(孟子),码对
qingzhilvye	青枝绿叶	6989	固定四字熟语,码对
qinjinzhihao	秦晋之好	6989	典故成语,码对
quyifengcheng	曲意奉承	6989	成语(曲意逢迎/奉承),码对
shanshuixianglian	山水相连	6989	固定四字熟语,码对
shidaozunyan	师道尊严	6989	成语,码对
wenwenruya	温文儒雅	6989	成语,码对
wushanyunyu	巫山云雨	6989	典故成语,码对
yuyuelongmen	鱼跃龙门	6977	成语,码对
shengburusi	生不如死	6971	成语,码对
gankuyugong	甘苦与共	6959	成语,码对
bimenxieke	闭门谢客	6942	成语,码对
tuotuodangdang	妥妥当当	6942	固定AABB叠词,码对
xinchaoqifu	心潮起伏	6942	成语,码对
zuowobuan	坐卧不安	6942	成语,码对
baizhebuhui	百折不回	6933	成语(百折不挠变体),码对
dadihuichun	大地回春	6927	成语,码对
daoyiyoudao	盗亦有道	6927	典故成语(庄子·胠箧),code 正确全拼
duhuozhongshao	妒火中烧	6927	成语(妒火中烧),code 正确
kuzhibaiye	枯枝败叶	6927	标准成语,code 正确
laoshidongzhong	劳师动众	6927	标准成语,code 正确
muqichenchen	暮气沉沉	6927	标准成语,code 正确
qinshouemei	螓首蛾眉	6927	典故成语(诗经·卫风),code 正确
sannianwuzai	三年五载	6927	标准成语,code 正确
shaoxunyichou	稍逊一筹	6927	固定成语(略逊一筹变体),code 正确
wubuyushi	无补于事	6927	标准成语(于事无补同义),code 正确
yongmengjingjin	勇猛精进	6927	成语(佛典语),code 正确
youkounanbian	有口难辩	6927	成语(有口难辩),code 正确
dongtianfudi	洞天福地	6920	标准成语,code 正确
xiongzhongdiji	兄终弟及	6920	典故成语(史记),code 正确
guanghuicanlan	光辉灿烂	6919	标准成语,code 正确
zhuanhengbahu	专横跋扈	6919	标准成语(横 heng),code 正确
kouzhixinkuai	口直心快	6907	成语(心直口快异形),code 正确
sanshanwuyue	三山五岳	6907	标准成语,code 正确
aoxuelingshuang	傲雪凌霜	6868	标准成语,code 正确
canfengyinlu	餐风饮露	6868	标准成语,code 正确
chilipawai	吃里爬外	6868	标准成语,code 正确
chuangjianguoma	窗间过马	6868	典故成语(喻光阴易逝),code 正确
dunzuchuixiong	顿足捶胸	6868	标准成语,code 正确
fanlianwuqing	翻脸无情	6868	标准成语,code 正确
fudizuoxiao	伏低做小	6868	成语(元曲习语),code 正确
guojiangbuguo	国将不国	6868	标准成语,code 正确
haidilaoyue	海底捞月	6868	标准成语,code 正确
jingcaijueyan	惊才绝艳	6868	成语(惊才绝艳),code 正确
jishanchengde	积善成德	6868	典故成语(荀子·劝学),code 正确
kaidangyikang	慨当以慷	6868	典故成语(曹操短歌行),code 正确
laoermijian	老而弥坚	6868	标准成语,code 正确
laolaoshaoshao	老老少少	6868	整体不可拆的 AABB 固定熟语,code 正确
liuyuefeishuang	六月飞霜	6868	典故成语(冤狱感天)
mangranruoshi	茫然若失	6868	标准成语
mingwanbuhua	冥顽不化	6868	成语(冥顽不灵变体)
qingshenyiqie	情深意切	6868	成语(情真意切变体)
qiruoyousi	气若游丝	6868	标准成语
sanxinliangyi	三心两意	6868	成语(三心二意变体)
shengjibishuai	盛极必衰	6868	标准成语
shenjiaorougui	身娇肉贵	6868	熟语成语
shouzhiwukui	受之无愧	6868	标准成语
tianyadijiao	天涯地角	6868	成语(天涯海角变体)
tingfengshiyu	听风是雨	6868	熟语成语
tongshengtongqi	同声同气	6868	成语(出易经)
wujiliushou	五脊六兽	6868	熟语成语
yiduweikuai	一睹为快	6868	标准成语
yiranzile	怡然自乐	6868	成语(出桃花源记)
yiwusuocheng	一无所成	6868	标准成语
yizhaobanshi	一招半式	6868	熟语成语
zhiqinzhiai	至亲至爱	6868	固定熟语成语
zhongguzhuanyu	钟鼓馔玉	6868	典故成语(出将进酒)
zhulianjiuzu	株连九族	6868	固定熟语成语
nengyanshandao	能言善道	6824	成语(能说会道系)
xingrongkugao	形容枯槁	6824	成语(出屈原)
sixinzanian	私心杂念	6820	标准成语
yiduanxieshuo	异端邪说	6820	标准成语
yipianlangji	一片狼藉	6818	标准成语
shoudaobingchu	手到病除	6803	成语(药到病除系)
baihuazhengyan	百花争艳	6801	标准成语
wuyonghuiyan	毋庸讳言	6801	标准成语
yingsiwubi	营私舞弊	6801	标准成语
tiebanyikuai	铁板一块	6799	标准成语
yizhuanduoneng	一专多能	6799	固定熟语成语
fuhuaduoluo	腐化堕落	6796	标准成语
gankaiwanduan	感慨万端	6796	成语(感慨万千系)
huodadadu	豁达大度	6795	标准成语
qiangouwanhe	千沟万壑	6795	标准成语
yaoyaoxiangdui	遥遥相对	6782	成语(遥遥相望系)
feishengzhongwai	蜚声中外	6778	固定成语
renwenhuicui	人文荟萃	6764	成语(人才荟萃系)
tantanguanguan	坛坛罐罐	6749	固定叠字熟语
deweicengyou	得未曾有	6722	典故成语(前所未有系)
liguangnanfeng	李广难封	6722	典故成语(出滕王阁序)
beimensuoyao	北门锁钥	6691	典故成语
dudeliangli	度德量力	6691	成语
tanxiaoziru	谈笑自如	6691	成语
yingzibofa	英姿勃发	6691	成语
yishouyannian	益寿延年	6691	成语
haojingbuchang	好景不常	6690	成语
ganzuoganwei	敢做敢为	6675	成语(敢作敢为异形)
qingnangxiangzhu	倾囊相助	6675	成语
yidierchu	易地而处	6675	成语
chuishoukede	垂手可得	6655	成语(唾手可得异形)
cuowubaichu	错误百出	6655	成语
hunshenshidan	浑身是胆	6655	成语
kangkaibeige	慷慨悲歌	6655	成语
senluowanxiang	森罗万象	6655	成语
shengerzhizhi	生而知之	6655	成语
wutouwuwei	无头无尾	6655	成语
tongkushisheng	痛哭失声	6647	成语
jianchuanlipao	坚船利炮	6633	成语
shishijiukong	十室九空	6633	成语
tiangaoqishuang	天高气爽	6633	成语(秋高气爽变体)
tianxiawushuang	天下无双	6633	成语
zhengchuduomen	政出多门	6633	成语
shouhuichengming	收回成命	6616	成语
gangzhibue	刚直不阿	6607	成语
luoyangzhigui	洛阳纸贵	6607	成语
shentaiziruo	神态自若	6607	成语
bishijixu	避实击虚	6602	成语
luanzuoyituan	乱作一团	6602	成语
weicaishiju	唯才是举	6602	成语
chutouloumian	出头露面	6569	成语(抛头露面异形)
canghaihengliu	沧海横流	6556	成语
shiwudaxiao	事无大小	6551	成语(出师表)
xiaoshengniji	消声匿迹	6551	成语(销声匿迹异形)
fenhuawajie	分化瓦解	6534	成语
chuanjingsongbao	传经送宝	6528	熟语成语
guanmenbihu	关门闭户	6528	成语
lizhuizhidi	立锥之地	6528	成语
nanfengaoxia	难分高下	6528	熟语
rumangzaibei	如芒在背	6528	成语
shaoshengyichou	稍胜一筹	6528	成语(略胜一筹变体)
tongqixiangqiu	同气相求	6528	成语
yishiweijing	以史为镜	6528	成语(以史为鉴)
guaishilinxun	怪石嶙峋	6516	成语
qianqiuwanshi	千秋万世	6516	成语(千秋万代)
wanqiangbuqu	顽强不屈	6516	成语
zhongzhenbuqu	忠贞不屈	6516	成语
baoxuezhishi	饱学之士	6514	成语
fengyunjihui	风云际会	6514	成语
hezeeryu	涸泽而渔	6514	成语(竭泽而渔)
xiangonghousi	先公后私	6514	成语
bianhuawuqiong	变化无穷	6473	标准成语
jiqizhizhui	急起直追	6473	标准成语
mingxinjianxing	明心见性	6473	佛家成语
jieruchou	疾恶如仇	6464	标准成语,拼音ji-e-ru-chou正确
bushengbumie	不生不灭	6463	佛家成语
chizhongzhiwu	池中之物	6463	标准成语
chourongmanmian	愁容满面	6463	成语
cuntuburang	寸土不让	6463	标准成语
cuzhongyouxi	粗中有细	6463	标准成语
hengdaolima	横刀立马	6463	标准成语
shidanligu	势单力孤	6463	标准成语
tashanzhishi	他山之石	6463	标准成语
yiwusuode	一无所得	6463	标准成语
burenzudu	不忍卒读	6442	标准成语
chengxingerlai	乘兴而来	6442	标准成语
ditouhayao	低头哈腰	6442	标准成语
kanzhuchengbi	看朱成碧	6442	标准成语(李白诗典故)
niudaoxiaoshi	牛刀小试	6442	标准成语(小试牛刀同形)
shihuanzeyuan	事缓则圆	6442	标准成语
wushangqilei	物伤其类	6442	标准成语
xiaoshiliaoliao	小时了了	6442	标准成语(世说新语典故)
yingxiongmolu	英雄末路	6442	标准成语
yipouhuangtu	一抔黄土	6442	典故成语(指坟墓)
yizhuangyixie	亦庄亦谐	6442	标准成语
yuquyuqiu	予取予求	6442	标准成语
zezechenqi	啧啧称奇	6442	固定四字熟语
zhayayanglong	诈哑佯聋	6442	标准成语
zhishushili	知书识礼	6442	成语(知书达礼变体)
zitanfuru	自叹弗如	6442	标准成语
zuozeixinxu	作贼心虚	6442	标准成语
yichuidingyin	一槌定音	6412	成语(一锤定音变体)
zhidacaishu	志大才疏	6412	标准成语
wangyangzisi	汪洋恣肆	6394	标准成语
fenyongdangxian	奋勇当先	6380	标准成语
jingkongbuan	惊恐不安	6380	标准成语
kouchuanxinshou	口传心授	6380	标准成语
qishinanfu	其实难副	6380	成语(盛名之下其实难副)
jinhuaitandang	襟怀坦荡	6369	标准成语
qingjingjiaorong	情景交融	6359	标准成语,全拼正确
fushouwujiang	福寿无疆	6343	固定四字成语,有出处,全拼正确
gaishiwushuang	盖世无双	6343	标准成语,全拼正确
gushengxianxian	古圣先贤	6343	固定四字熟语/成语,全拼正确
jinfengyulu	金风玉露	6343	典故成语(秦观),全拼正确
lairiwuduo	来日无多	6343	固定四字成语,全拼正确
rongmayisheng	戎马一生	6343	标准成语,全拼正确
wencaifengliu	文采风流	6343	典故成语(杜甫),全拼正确
yangliuyiyi	杨柳依依	6343	诗经出典固定四字熟语,全拼正确
yuemingfengqing	月明风清	6343	标准成语,全拼正确
yushuishenqing	鱼水深情	6343	标准成语,全拼正确
zhengweizhiyin	郑卫之音	6343	典故成语,全拼正确
leileiluoluo	磊磊落落	6312	固定四字叠音成语,全拼正确
xiaoerbuda	笑而不答	6312	典故成语(李白),全拼正确
xuefaweiseng	削发为僧	6312	固定四字成语,全拼正确
yiqiuyihe	一丘一壑	6312	典故成语,全拼正确
xungenjiudi	寻根究底	6306	标准成语,全拼正确
tongshengxiangying	同声相应	6295	易经典故成语,全拼正确
chuyigongxin	出以公心	6267	固定四字成语,全拼正确
youdanyoushi	有胆有识	6267	标准成语
youjinbuzhi	有禁不止	6267	成语读音正确
youlingbuxing	有令不行	6267	成语读音正确
zhihuiruoding	指挥若定	6267	标准成语
changgedangku	长歌当哭	6265	标准成语
qianyindichang	浅吟低唱	6265	固定四字熟语
neishengwaiwang	内圣外王	6242	典故成语
shanzuozhuzhang	擅作主张	6235	约定俗成成语
zouweishangji	走为上计	6235	典故成语(三十六计),整体固定
xianrenhouji	先人后己	6215	典故成语(《礼记》),整体固定
shenzhaidayuan	深宅大院	6204	固定四字成语,整体不可拆
buxiaozisun	不肖子孙	6191	固定成语,整体不可拆
shizhibuyi	矢志不移	6191	固定成语
chudibuyi	出敌不意	6186	成语(出其不意变体,词典收录)
fangongzixing	反躬自省	6186	典故成语
rijiutianchang	日久天长	6186	固定成语
shenrugusui	深入骨髓	6186	典故成语(《史记》)
yunzhengxiawei	云蒸霞蔚	6186	典故成语
gujichongshi	故技重施	6117	固定成语
jingshijimin	经世济民	6117	典故成语
paichuyiji	排除异己	6117	固定成语
wushiwuzhong	无始无终	6117	固定成语
wuyongzhiyi	无庸置疑	6117	固定成语(毋庸置疑异形)
xiongziyingfa	雄姿英发	6117	典故成语(苏轼词)
zaoyaohuozhong	造谣惑众	6117	固定成语
ruzhuzhongyuan	入主中原	6105	典故成语,整体固定
gongchenglvedi	攻城掠地	6100	成语(攻城略地变体)
shanheposui	山河破碎	6032	成语
xianyihounan	先易后难	6032	成语
xianheyishi	显赫一时	5944	成语
guyiyouzhi	古已有之	5940	固定四字熟语
anjianshangren	暗箭伤人	5930	成语
baishanheishui	白山黑水	5930	成语
baitouruxin	白头如新	5930	成语
banshengbanshu	半生半熟	5930	固定四字熟语
beiguanyanshi	悲观厌世	5930	成语
changnianleiyue	常年累月	5930	成语(长年累月变体)
dengmixiaguo	等米下锅	5930	成语
diantouchengshi	点头称是	5930	成语
diaozuanguguai	刁钻古怪	5930	成语
diusanlasi	丢三拉四	5930	成语(丢三落四变体)
fazongzhishi	发踪指使	5930	成语
fuyidabai	浮一大白	5930	成语
gutunanli	故土难离	5930	成语
hantouhannao	憨头憨脑	5930	固定四字熟语
hefatongyan	鹤发童颜	5930	成语
huangenhaodang	皇恩浩荡	5930	成语
huanghuangmangmang	慌慌忙忙	5930	固定四字熟语
huocongtianjiang	祸从天降	5930	成语
jiandanqinxin	剑胆琴心	5930	成语
jiaqiangdaibang	夹枪带棒	5930	成语
jiefafuqi	结发夫妻	5930	固定四字熟语
jiuguosanxun	酒过三巡	5930	成语
linglingluoluo	零零落落	5930	固定四字熟语
mitugaoyang	迷途羔羊	5930	固定四字熟语,整体不可拆
muwuwangfa	目无王法	5930	标准四字成语
nanyiyanzhuang	难以言状	5930	标准四字成语
naqiangnadiao	拿腔拿调	5930	固定四字熟语,成语词典收录
neiguzhiyou	内顾之忧	5930	标准四字成语
panlongfufeng	攀龙附凤	5930	标准典故成语
paogenjiudi	刨根究底	5930	标准四字成语
pojingnanyuan	破镜难圆	5930	固定四字成语(破镜重圆系)
pomenerchu	破门而出	5930	标准四字成语
qingfenglangyue	清风朗月	5930	标准四字成语
qingyanyoujia	青眼有加	5930	标准典故成语
qiyubufan	器宇不凡	5930	标准四字成语
shanhuhaixiao	山呼海啸	5930	标准四字成语
shenwutongji	深恶痛疾	5930	标准四字成语,code 读音正确
shiguainongqiao	使乖弄巧	5930	标准四字成语
shinianhanchuang	十年寒窗	5930	标准典故成语
shouzuqingshen	手足情深	5930	固定四字熟语,成语词典收录
tianxiaguixin	天下归心	5930	标准典故成语
wuyunjiekong	五蕴皆空	5930	佛教典故成语(心经),code 正确
xiangzhihenwan	相知恨晚	5930	标准成语,code 正确
yangmianchaotian	仰面朝天	5930	标准成语,code 正确
yinrongwanzai	音容宛在	5930	标准成语,code 正确
yiyuanbaode	以怨报德	5930	标准成语,code 正确
yuanqianyimian	缘悭一面	5930	标准成语,code 正确
yushanguanjin	羽扇纶巾	5930	典故成语,code 纶=guan 正确
zhanwubuke	战无不克	5930	标准成语,code 正确
anneirangwai	安内攘外	5923	典故成语,code 正确
bengubangning	本固邦宁	5923	尚书典故成语,code 正确
jibujidai	急不及待	5923	标准成语,code 正确
anruotaishan	安若泰山	5922	标准成语(如泰山异形),code 正确
anrutaishan	安如泰山	5922	标准成语,code 正确
baiduojuju	百堕俱举	5922	典故成语,code 正确
bairiqingtian	白日青天	5922	标准成语,code 正确
bairishengtian	白日升天	5922	标准成语,code 正确
baishouzhixin	白首之心	5922	滕王阁序典故成语,code 正确
baiyiqingxiang	白衣卿相	5922	典故成语,code 正确
baotaichiying	保泰持盈	5922	典故成语,code 正确
bonongshifei	拨弄是非	5922	标准成语,code 正确
bubudenggao	步步登高	5922	标准成语,code 正确
buqihouchen	步其后尘	5922	标准成语,code 正确
cengbucanran	曾不惨然	5922	典故成语,code 正确
chengshataili	澄沙汰砾	5922	典故成语,code 正确
choujinbopi	抽筋剥皮	5922	标准成语,code 正确
chuguailuchou	出乖露丑	5922	标准成语,code 正确
congshanrudeng	从善如登	5922	典故成语,code 正确
diaozhangzuoju	雕章琢句	5922	标准成语,code 正确
dongnanzhimei	东南之美	5922	典故成语,code 正确
dongxinanshuo	东西南朔	5922	典故成语,code 正确
fangyuankeshi	方员可施	5922	典故成语,code 正确
fengtangyilao	冯唐易老	5922	滕王阁序典故成语,code 正确
fengziyeli	丰姿冶丽	5922	典故成语,code 正确
fufenhelang	傅粉何郎	5922	典故成语,code 正确
fuhuishuangxiu	福慧双修	5922	佛教典故成语,code 正确
fulushuangquan	福禄双全	5922	标准四字成语,code 全拼正确
fushoukangning	福寿康宁	5922	词典收录成语,code 正确
fuyuchunqiu	富于春秋	5922	典故成语(指年少),code 正确
fuzhiliushui	付之流水	5922	标准成语,code 正确
gaishizhicai	盖世之才	5922	词典收录成语,code 正确
gaofengjinjie	高风劲节	5922	词典收录成语,code 正确
gaoguanhoujue	高官厚爵	5922	词典收录成语,code 正确
gaoshizhicai	高世之才	5922	词典收录成语,code 正确
genggengzhongxin	耿耿忠心	5922	词典收录成语,code 正确
gongzaiqianqiu	功在千秋	5922	固定四字成语,code 正确
gongzhenglianming	公正廉明	5922	词典收录成语,code 正确
guangjieshanyuan	广结善缘	5922	标准成语,code 正确
guhouzhanqian	顾后瞻前	5922	词典收录成语,code 正确
guizipiaoxiang	桂子飘香	5922	词典收录成语,code 正确
gujingcanxing	顾景惭形	5922	词典收录成语,code 正确
guofuminan	国富民安	5922	词典收录成语,code 正确
guoruqiyan	果如其言	5922	词典收录成语,code 正确
guoshiwushuang	国士无双	5922	典故成语,code 正确
gupanshenghui	顾盼生辉	5922	词典收录成语,code 正确
gupanzihao	顾盼自豪	5922	词典收录成语(顾盼自雄类),code 正确
heheyanyan	赫赫炎炎	5922	词典收录成语,code 正确
hehezhangong	赫赫战功	5922	词典收录成语,code 正确
hongyikuanhou	弘毅宽厚	5922	词典收录成语,code 正确
huafengsanzhu	华封三祝	5922	典故成语,code 正确
huaizhuyunyu	怀珠韫玉	5922	词典收录成语,code 正确
huangquecichan	黄雀伺蝉	5922	典故成语,伺读 si,code 正确
huaxinnianhua	花信年华	5922	标准成语,code 正确
hundingchensheng	昏定晨省	5922	标准成语,省读 xing,code 正确
hunmibusheng	昏迷不省	5922	词典收录成语,省读 xing,code 正确
jianzaidixin	简在帝心	5922	典故成语,code 正确
jiaodechaoqin	较德焯勤	5922	词典收录成语,code 正确
jichanmigu	积谗糜骨	5922	词典收录成语,code 正确
jiejiaxiubing	解甲休兵	5922	词典收录成语,code 正确
jiequaoya	诘屈聱牙	5922	标准成语,code 正确
jifengjincao	疾风劲草	5922	标准成语,劲读 jing,code 正确
jijingdiaonian	急景凋年	5922	词典收录成语,code 正确
jinchengqianli	金城千里	5922	典故成语,code 正确
jinchibohai	金翅擘海	5922	词典收录成语,擘读 bo,code 正确
jingguanqibian	静观其变	5922	标准成语,code 正确
jinglaociyou	敬老慈幼	5922	词典收录成语,code 正确
jingrushangbin	敬如上宾	5922	词典收录成语,code 正确
jingtianaimin	敬天爱民	5922	词典收录成语,code 正确
jinkuishishi	金匮石室	5922	典故成语,code 正确
jinqizaiwo	尽其在我	5922	词典收录成语,code 正确
jinshixifei	今是昔非	5922	词典收录成语,code 正确
jinyangzhijia	晋阳之甲	5922	典故成语,code 正确
jirikeqi	计日可期	5922	词典收录成语,code 正确
juguanshoufa	居官守法	5922	词典收录成语,code 正确
juwuqiuan	居无求安	5922	典故成语,code 正确
kaijiangtajing	开疆拓境	5922	词典收录成语,code 正确
kaijiangtayu	开疆拓宇	5922	词典收录成语,code 正确
kongrongrangli	孔融让梨	5922	典故熟语,整体不可拆,code 正确
lantianshengyu	蓝田生玉	5922	典故成语,code 正确
lanzhihuixin	兰质蕙心	5922	标准成语,code 正确
lianmianqifu	连绵起伏	5922	标准成语,code 正确
lianzhuhebi	连珠合璧	5922	词典收录成语,code 正确
libenjiaomo	离本徼末	5922	词典收录成语,徼读 jiao,code 正确
lijingtuzhi	厉精图治	5922	词典收录成语(励精图治异形),code 正确
lingyunzhizhi	凌云之志	5922	标准成语,code 正确
linyaleima	临崖勒马	5922	词典收录成语,code 正确
liulvtaohong	柳绿桃红	5922	标准成语,code 正确
liyonghousheng	利用厚生	5922	典故成语,code 正确
longhuahubian	龙化虎变	5922	词典收录成语,code 正确
longxianghuxiao	龙骧虎啸	5922	词典收录成语,code 正确
longxianghuyue	龙翔虎跃	5922	词典收录成语,code 正确
longzilongsun	龙子龙孙	5922	固定四字熟语(帝王子孙),整体不可拆,code 正确
lunlieshifei	论列是非	5922	标准四字成语(评论是非),code 正确
lunyinfuyu	纶音佛语	5922	典故成语,纶音读 lún yīn,code 正确
mafangnanshan	马放南山	5922	典故成语(天下太平),code 正确
mantianxingdou	满天星斗	5922	标准四字成语,code 正确
maoshiqingfei	貌是情非	5922	标准四字成语,code 正确
meikaierdu	梅开二度	5922	固定四字熟语(源自二度梅),整体不可拆,code 正确
meilanzhuju	梅兰竹菊	5922	固定四字并列熟语(四君子),同 花草树木 类,code 正确
mingdeweixin	明德惟馨	5922	尚书典故成语,code 正确
mubenshuiyuan	木本水源	5922	典故成语,code 正确
mucizixiao	母慈子孝	5922	标准四字成语,code 正确
niumaoxiyu	牛毛细雨	5922	标准四字成语(比喻义),code 正确
oufengmeiyu	欧风美雨	5922	标准四字成语,code 正确
paobiekuaili	炰鳖脍鲤	5922	诗经典故成语,code 正确
pilichunqiu	皮里春秋	5922	典故成语,code 正确
pingpingyongyong	平平庸庸	5922	AABB 固定叠词(同 老老实实 类),code 正确
pingyijinmin	平易近民	5922	史记典故成语,code 正确
pupushishi	朴朴实实	5922	AABB 固定叠词(同 老老实实 类),code 正确
qiaogubosui	敲骨剥髓	5922	标准四字成语,code 正确
qiaosongzhishou	乔松之寿	5922	典故成语(王乔赤松),code 正确
qirenzhifu	齐人之福	5922	孟子典故固定熟语,整体不可拆,code 正确
quanwushichu	全无是处	5922	标准四字成语(一无是处 变体),code 正确
quyiyinghe	曲意迎合	5922	标准四字成语,code 正确
renwoshifei	人我是非	5922	标准四字成语(佛教语),code 正确
sanghuquanshu	桑户棬枢	5922	庄子典故成语,code 正确
sangtianbihai	桑田碧海	5922	典故成语(沧海桑田 同族),code 正确
sangtiancanghai	桑田沧海	5922	典故成语,code 正确
sangzhongzhixi	桑中之喜	5922	诗经典故成语,code 正确
sanxingzaitian	三星在天	5922	诗经典故成语,code 正确
sejishikong	色即是空	5922	佛典固定四字熟语,整体不可拆,code 正确
shangaoluyuan	山高路远	5922	标准四字成语,code 正确
shanhebiaoli	山河表里	5922	典故成语(表里山河 变体),code 正确
shanhuiluzhuan	山回路转	5922	典故成语(岑参诗),code 正确
shanyaoluyuan	山遥路远	5922	元曲典故成语,code 正确
shaouxiangji	沙鸥翔集	5922	岳阳楼记典故成语,code 正确
shengjunxianxiang	圣君贤相	5922	标准四字成语,code 正确
shexinfukou	蛇心佛口	5922	标准四字成语(佛口蛇心 变体),code 正确
shishijinkui	石室金匮	5922	典故成语(金匮石室 变体),code 正确
shixinziyong	师心自用	5922	标准四字成语,code 正确
shiyunbuqi	时运不齐	5922	滕王阁序典故成语,code 正确
shoushanfuhai	寿山福海	5922	典故成语(祝寿语,有出处非可类推模板),code 正确
shuijiebingqing	水洁冰清	5922	标准四字成语(冰清玉洁 同族),code 正确
shuiyuejinghua	水月镜花	5922	典故成语(镜花水月 变体),code 正确
siruquanyong	思如泉涌	5922	标准四字成语,code 正确
sunkangyingxue	孙康映雪	5922	典故成语(映雪读书),code 正确
tianciliangyuan	天赐良缘	5922	固定四字成语
tianguancifu	天官赐福	5922	典故固定四字熟语
tianlixunhuan	天理循环	5922	成语
tianlizhaozhao	天理昭昭	5922	成语
tiansuirenyuan	天随人愿	5922	成语
tianwuerri	天无二日	5922	成语
tingluzouxian	铤鹿走险	5922	成语(铤而走险异体),拼音正确
wangyanghaobo	汪洋浩博	5922	成语,拼音正确
wanzhuanyouyang	宛转悠扬	5922	成语,拼音正确
weilishishi	惟利是视	5922	成语,拼音正确
weiziyaohuang	魏紫姚黄	5922	典故成语,拼音正确
wenchenwujiang	文臣武将	5922	固定四字成语
wenfengxiangying	闻风响应	5922	成语,拼音正确
wenfengyuanyang	闻风远扬	5922	成语,拼音正确
wenrenmoshi	文人墨士	5922	固定四字熟语(文人墨客同族),拼音正确
wenrenyashi	文人雅士	5922	固定四字熟语,拼音正确
wensiquanyong	文思泉涌	5922	比喻性固定成语
wenwenjingjing	文文静静	5922	AABB固定叠词
wenwuzhidao	文武之道	5922	典故成语
wenzhangshandou	文章山斗	5922	典故成语,拼音正确
wujizhizhong	乌集之众	5922	成语,拼音正确
wuyichaoqun	武艺超群	5922	成语,拼音正确
wuzairenwang	物在人亡	5922	成语,拼音正确
xiangweibiaoli	相为表里	5922	成语,拼音正确
xiangxiangduhe	香象渡河	5922	典故成语,拼音正确
xiangyingchenghui	相映成辉	5922	成语
xiejiabaoshu	谢家宝树	5922	典故成语,拼音正确
xietinglanyu	谢庭兰玉	5922	典故成语,拼音正确
xionghuzhishi	熊虎之士	5922	成语,拼音正确
xiuqizhiping	修齐治平	5922	典故成语,拼音正确
xuanganzhuankun	旋干转坤	5922	成语,拼音正确
xueyuefenghua	雪月风花	5922	成语,拼音正确
xuezhaofengnian	雪兆丰年	5922	成语,拼音正确
yananzhendu	宴安酖毒	5922	典故成语,拼音正确
yananzhendu	燕安酖毒	5922	典故成语异写,拼音正确
yangfengguya	扬风扢雅	5922	成语,拼音正确
yanxiaoziruo	言笑自若	5922	成语,拼音正确
yanzaofeisheng	掞藻飞声	5922	成语,拼音正确
yaotianshunri	尧天舜日	5922	典故成语,拼音正确
yegonghaolong	叶公好龙	5922	典故成语,拼音正确
yibujike	以不济可	5922	典故成语,拼音正确
yongrongdianya	雍容典雅	5922	成语,拼音正确
yongrongyabu	雍容雅步	5922	成语,拼音正确
youbiyoufang	游必有方	5922	典故成语(论语),拼音正确
yuanyuanbenben	元元本本	5922	成语,拼音正确
yuchengqishi	玉成其事	5922	成语,拼音正确
yuelichange	月里嫦娥	5922	典故成语,拼音正确
yueyirixin	月异日新	5922	成语(日新月异异序),拼音正确
yueyuanhuahao	月圆花好	5922	成语,拼音正确
yujiesongzhen	玉洁松贞	5922	成语,拼音正确
yunlongfenghu	云龙风虎	5922	典故成语,拼音正确
yunqilongxiang	云起龙骧	5922	成语,拼音正确
yunyousifang	云游四方	5922	成语,拼音正确
yunzhongbaihe	云中白鹤	5922	典故成语,拼音正确
yurunzhuyuan	玉润珠圆	5922	成语,拼音正确
yuruyucheng	玉汝于成	5922	典故成语,拼音正确
yushuqiongzhi	玉树琼枝	5922	成语,拼音正确
yuyoujiaofu	鱼游燋釜	5922	典故成语,拼音正确
zhangtaiyangliu	章台杨柳	5922	典故成语,拼音正确
zhanshanweiwang	占山为王	5922	成语,拼音正确
zhengshengyayin	正声雅音	5922	成语,拼音正确
zhengzhengzhiqi	正正之旗	5922	典故成语,拼音正确
zhenshisouliu	枕石嗽流	5922	典故成语,拼音正确
zhifenjiejie	支分节解	5922	成语,拼音正确
zhuangjingziqiang	庄敬自强	5922	典故成语(礼记),拼音正确
zhuangshengmengdie	庄生梦蝶	5922	典故成语,拼音正确
zisunmantang	子孙满堂	5922	固定四字成语,拼音正确
baxianguohai	八仙过海	5899	典故成语,拼音正确
dingzuerli	鼎足而立	5899	典故成语,三方对峙
gangrouxiangji	刚柔相济	5899	标准成语
guomuchengsong	过目成诵	5899	标准成语
jiuquhuichang	九曲回肠	5899	标准成语
lvjianqigong	屡建奇功	5899	标准成语
riboxishan	日薄西山	5899	典故成语
rubufuzhi	入不敷支	5899	成语(入不敷出变体)
tongxinheli	同心合力	5899	成语(同心协力变体)
wusuobutong	无所不通	5899	标准成语
xuanliduozi	绚丽多姿	5899	标准成语
chaoranwuwai	超然物外	5895	标准成语
dibengshancui	地崩山摧	5895	典故成语(蜀道难)
jiankoubuyan	缄口不言	5895	标准成语
jishijiuren	济世救人	5895	标准成语
jueyicixiong	决一雌雄	5895	典故成语
laoxiuchengnu	老羞成怒	5895	标准成语
litouzhibei	力透纸背	5895	典故成语
maojiangyanfu	毛将焉附	5895	典故成语(独立词条)
mentinglengluo	门庭冷落	5895	标准成语
qushuiliushang	曲水流觞	5895	典故四字成语
ruchirukuang	如痴如狂	5895	标准成语
shenqingziruo	神情自若	5895	标准成语
shifeidiandao	是非颠倒	5895	标准成语
waifangneiyuan	外方内圆	5895	成语词条(与外圆内方对举)
zhishanzhimei	至善至美	5895	标准成语
jingbingjianzheng	精兵简政	5879	标准成语
toujianshuahua	偷奸耍滑	5812	固定四字熟语,整体不可拆
dianguangshihuo	电光石火	5771	标准成语
fuhualangrui	浮花浪蕊	5771	典故成语
jinguqiming	金鼓齐鸣	5771	典故成语
jueyishengfu	决一胜负	5771	标准成语
miaomeihuayan	描眉画眼	5771	固定四字成语
qiuhaozhimo	秋毫之末	5771	典故成语
qiushenwenbu	求神问卜	5771	标准成语
renwangzhengxi	人亡政息	5771	典故成语
rouchangbaizhuan	柔肠百转	5771	标准成语
shushenzihao	束身自好	5771	标准成语
tongqilianzhi	同气连枝	5771	典故成语
weiyuanquyu	为渊驱鱼	5771	典故成语
xinjingyaoye	心旌摇曳	5771	标准成语
yiqianglingruo	倚强凌弱	5771	标准成语
zuoyanqixing	坐言起行	5771	典故成语
xishizhenbao	稀世珍宝	5720	固定四字熟语
hukoutuoxian	虎口脱险	5715	典故成语
andulaoxing	案牍劳形	5686	典故成语(陋室铭)
bixialiuqing	笔下留情	5686	标准成语
raoyouquwei	饶有趣味	5686	固定成语(饶有)
zhuzuodengshen	著作等身	5686	典故成语
huaniaochongyu	花鸟虫鱼	5669	固定四字并列熟语
huayangfanxin	花样翻新	5669	标准成语
lianshibutian	炼石补天	5669	典故成语(女娲)
yigongweishou	以攻为守	5669	标准成语
yishantianhai	移山填海	5669	标准成语
yiyanbanyu	一言半语	5669	标准成语
zuobishangguan	作壁上观	5669	典故成语
chuanxierding	传檄而定	5663	典故成语
huahuacaocao	花花草草	5663	固定AABB叠词
hunhundundun	混混沌沌	5663	固定AABB叠词
jifengzhouyu	疾风骤雨	5663	标准成语
qingpingshijie	清平世界	5663	标准成语
shibujueshu	史不绝书	5663	标准成语
tuisibuguo	退思补过	5663	典故成语(左传)
wuyuanzhishui	无源之水	5663	标准成语
yujiazhizui	欲加之罪	5663	典故成语
zeixinbusi	贼心不死	5663	标准成语
bierbuda	避而不答	5633	标准成语
hezheyayun	合辙押韵	5633	标准成语
paihuaibuqian	徘徊不前	5633	标准成语
shujinhuoluo	舒筋活络	5633	中医固定成语
weijinzhiji	为今之计	5633	标准成语
chengqibubei	乘其不备	5606	标准成语
wuhuanxingyi	物换星移	5606	标准成语
aimenaihu	挨门挨户	5581	标准成语
cunyousuochang	寸有所长	5581	典故成语(尺短寸长)
fangcunzhidi	方寸之地	5581	标准成语
hongyanchuanshu	鸿雁传书	5581	典故成语
zhiqinhaoyou	至亲好友	5581	固定四字熟语
bansibanlv	半丝半缕	5577	典故成语(朱子家训)
caozhangyingfei	草长莺飞	5577	标准成语
chongchongdiedie	重重叠叠	5577	固定AABB叠词
fenyongzhengxian	奋勇争先	5577	标准成语,拼音正确
jijizhongliu	击楫中流	5577	典故成语,拼音正确
weixibuqian	畏葸不前	5577	标准成语,拼音正确
youyubuqian	犹豫不前	5577	成语,拼音正确
zoujiachuanhu	走家串户	5577	成语,拼音正确
mingwenxiaer	名闻遐迩	5567	标准成语,拼音正确
chengxiazhimeng	城下之盟	5527	典故成语,拼音正确
fujiatianxia	富甲天下	5526	成语,拼音正确
litongwaiguo	里通外国	5526	成语,拼音正确
binggongzhifa	秉公执法	5498	成语,拼音正确
renfeicaomu	人非草木	5498	成语(人非草木孰能无情),拼音正确
gebuxiangrang	各不相让	5489	成语,拼音正确
shengsiweibu	生死未卜	5457	成语,拼音正确
woyeqianli	沃野千里	5457	成语,拼音正确
zhuangzhilingyun	壮志凌云	5457	成语,拼音正确
bukepianfei	不可偏废	5433	成语,拼音正确
caidejianbei	才德兼备	5433	成语,拼音正确
chengmenlixue	程门立雪	5433	典故成语,拼音正确
cuntubizheng	寸土必争	5433	成语,拼音正确
jiaxueyuanyuan	家学渊源	5433	成语,拼音正确
jinghuangshicuo	惊惶失措	5433	成语,拼音正确
laoyousuozhong	老有所终	5433	成语(礼记),拼音正确
ximorujin	惜墨如金	5433	成语,拼音正确
yijuebuqi	一蹶不起	5433	成语(一蹶不振变体),拼音正确
yiyanbizhi	一言蔽之	5433	成语(一言以蔽之),拼音正确
yiziershi	易子而食	5433	典故成语,拼音正确
biandongbuju	变动不居	5393	成语(易经),拼音正确
binggexiangjian	兵戈相见	5393	成语,拼音正确
buliuyudi	不留余地	5393	成语,拼音正确
deyizhibi	得意之笔	5393	成语,拼音正确
diaoerlangdang	吊儿郎当	5393	成语,拼音正确
fenjinheji	分进合击	5393	军事成语,拼音正确
gankaixizhi	感慨系之	5393	成语(兰亭序),拼音正确
huagongweisi	化公为私	5393	成语,拼音正确
jiexuanzhiji	疥癣之疾	5393	成语,拼音正确
kechengzhixi	可乘之隙	5393	成语,拼音正确
mokenaihe	莫可奈何	5393	四字成语(无可奈何异形),拼音正确
pijianzhirui	披坚执锐	5393	典故成语,拼音正确
shenjiaxingming	身家性命	5393	四字成语,拼音正确
shisibuqu	誓死不屈	5393	四字成语,拼音正确
tongdudayi	通都大邑	5393	四字成语,拼音正确
touqinkaoyou	投亲靠友	5393	四字成语,拼音正确
weifengsaodi	威风扫地	5393	四字成语,拼音正确
weiminqingming	为民请命	5393	四字成语,拼音正确
wubenzhimu	无本之木	5393	四字成语,拼音正确
xinggeshijin	形格势禁	5393	四字成语,拼音正确
xunsimihuo	寻死觅活	5393	四字成语,拼音正确
yaogongqingshang	邀功请赏	5393	四字成语,拼音正确
yieyangshan	抑恶扬善	5393	四字成语,拼音正确
yiwubuzhi	一物不知	5393	典故成语,拼音正确
yunzhiqizhong	允执其中	5393	论语典故成语,拼音正确
zhanbuxuanzhong	战不旋踵	5393	四字成语,拼音正确
yusubuda	欲速不达	5385	成语(欲速则不达四字式),拼音正确
boshijizhong	博施济众	5375	典故成语(论语),拼音正确
chengfuzuozu	成佛作祖	5375	佛教典故成语,拼音正确
congshanjunling	丛山峻岭	5375	标准四字成语,拼音正确
guangtuzhongmin	广土众民	5375	典故成语(孟子),拼音正确
jinyuliangyuan	金玉良缘	5375	固定成语(红楼梦),拼音正确
languiqifang	兰桂齐芳	5375	典故成语,拼音正确
longjinghumeng	龙精虎猛	5375	标准四字成语,拼音正确
qiuyuechunfeng	秋月春风	5375	典故成语,拼音正确
yizaibixian	意在笔先	5375	书论典故成语,拼音正确
zhengzhengdangdang	正正当当	5375	AABB 固定叠词熟语,整体不可拆
bugusihuo	不顾死活	5369	固定四字成语,拼音正确
maomaocaocao	毛毛糙糙	5369	AABB 固定叠词熟语,整体不可拆
shengjipengbo	生机蓬勃	5369	固定四字成语,拼音正确
xixixiangtong	息息相通	5369	标准四字成语,拼音正确
bukeshengji	不可胜计	5354	标准四字成语,拼音正确
jinyishenmian	仅以身免	5354	典故成语(史记),拼音正确
yanxingjunfa	严刑峻法	5354	标准四字成语,拼音正确
birenermu	避人耳目	5311	标准四字成语,拼音正确
duocaiduozi	多采多姿	5311	固定四字成语,拼音正确
liminbaixing	黎民百姓	5311	固定四字熟语,整体不可拆
neiwaijiaokun	内外交困	5311	标准四字成语,拼音正确
qingjingwuwei	清静无为	5311	道家典故成语,拼音正确
bijiewoying	彼竭我盈	5286	典故成语(曹刿论战)
buqiuwenda	不求闻达	5286	成语,不追求显达
buzhishenqian	不知深浅	5286	成语
buzuyumou	不足与谋	5286	成语
chenxinrushui	臣心如水	5286	典故成语(臣门如市臣心如水)
chunyilanshan	春意阑珊	5286	成语,春意将尽
cibudayi	辞不达意	5286	成语(辞=词变体)
delongwangshu	得陇望蜀	5286	典故成语(后汉书)
fanghuguishan	放虎归山	5286	成语
helihuating	鹤唳华亭	5286	典故成语(世说新语)
huangkouxiaoer	黄口小儿	5286	成语,喻无知少年
jiangyuliangcai	将遇良才	5286	成语
jihuixiaogu	积毁销骨	5286	典故成语(史记)
jirierdai	计日而待	5286	成语(出师表可计日而待)
militiaoyou	蜜里调油	5286	成语,形容亲密
nongwazhixi	弄瓦之喜	5286	成语,生女之喜
piananyiyu	偏安一隅	5286	成语
qiongkoumozhui	穷寇莫追	5286	成语(孙子兵法穷寇勿追)
qiyuxuanang	器宇轩昂	5286	成语(气宇轩昂变体)
quanpantuochu	全盘托出	5286	成语
saoshouchichu	搔首踟蹰	5286	典故成语(诗经)
shoujiyankuai	手疾眼快	5286	成语
shuzhiyingcai	淑质英才	5286	成语,美质英才
siqubajie	四衢八街	5286	成语,街道纵横
tuzouwufei	兔走乌飞	5286	成语,喻光阴飞逝
xiaoguoguamin	小国寡民	5286	成语(老子)
yanchaomushang	燕巢幕上	5286	典故成语(左传燕巢于幕)
yanjinliugu	颜筋柳骨	5286	成语,喻书法遒劲
yijinyexing	衣锦夜行	5286	成语(衣绣夜行变体)
yongzhebuju	勇者不惧	5286	论语固定四字熟语
yuxinwukui	于心无愧	5286	标准四字成语
zhouxingxibu	肘行膝步	5286	典故四字成语
benzouhuhao	奔走呼号	5228	标准四字成语
hufuqishe	胡服骑射	5218	典故成语
gaiqiyizhi	改旗易帜	5167	标准四字成语,code 全拼正确
huangyinwudu	荒淫无度	5167	标准四字成语,code 正确
huanhaichenfu	宦海沉浮	5167	固定四字熟语/成语,code 正确
jueyisizhan	决一死战	5167	标准四字成语,code 正确
yiguadizhong	以寡敌众	5167	标准四字成语,code 正确
yuyiweifeng	羽翼未丰	5167	标准四字成语,code 正确
zhirenzhiming	知人之明	5167	标准四字成语,code 正确
anzhiruoming	安之若命	5163	典故成语(《庄子》),code 正确
baizuzhichong	百足之虫	5163	成语词典独立词条,code 正确
cangerbulu	藏而不露	5163	标准四字成语,code 正确
congqingfaluo	从轻发落	5163	标准四字成语,code 正确
dengliangqiguan	等量齐观	5163	标准四字成语,code 正确
duanjinshaoliang	短斤少两	5163	固定四字熟语(=缺斤少两),code 正确
erxingzhihao	二姓之好	5163	典故成语(《礼记》),code 正确
fengmingxingshi	奉命行事	5163	固定四字成语,code 正确
hualingweizheng	化零为整	5163	标准四字成语,code 正确
huofuxiangyi	祸福相倚	5163	典故成语(《老子》),code 正确
jimuyuantiao	极目远眺	5163	标准四字成语,code 正确
jinsenianhua	锦瑟年华	5163	典故成语(李商隐),code 正确
jixionghuofu	吉凶祸福	5163	固定四字并列熟语,code 正确
judabuyi	居大不易	5163	典故成语(白居易),code 正确
laoruofuru	老弱妇孺	5163	固定四字并列熟语,code 正确
leerwangfan	乐而忘返	5163	标准四字成语,code 正确
libunengji	力不能及	5163	四字成语,code 正确
liqiguguai	离奇古怪	5163	四字成语,code 正确
miaowuyinxun	渺无音讯	5163	标准四字成语,code 正确
miluojingu	密锣紧鼓	5163	四字成语(紧锣密鼓异形),code 正确
moquancazhang	磨拳擦掌	5163	四字成语(摩拳擦掌异形),code 正确
qianduliulang	前度刘郎	5163	典故成语(刘禹锡),code 正确
qianjinyixiao	千金一笑	5163	典故成语,code 正确
qianrensuozhi	千人所指	5163	典故成语(《汉书》),code 正确
qibicongrong	弃笔从戎	5163	四字成语(投笔从戎异形),code 正确
qiechitonghen	切齿痛恨	5163	标准四字成语,code 正确
qishanyishui	奇山异水	5163	典故成语(吴均),code 正确
renzhongzhilong	人中之龙	5163	成语·人中之龙
tanxionglubei	袒胸露背	5163	成语·袒胸露背
tongexiangji	同恶相济	5163	成语·同恶相济
wenlibutong	文理不通	5163	成语·文理不通
woshouyanhuan	握手言欢	5163	成语·握手言欢
xiaganyidan	侠肝义胆	5163	成语·侠肝义胆
xinjingdanhan	心惊胆寒	5163	成语·心惊胆寒
xuanyajuebi	悬崖绝壁	5163	成语·悬崖绝壁
yibiwanqing	一碧万顷	5163	成语·一碧万顷
yiwusuoneng	一无所能	5163	成语·一无所能
yuanjiaojingong	远交近攻	5163	成语·远交近攻
zezechengzan	啧啧称赞	5163	成语·啧啧称赞
zhaijiemuyu	斋戒沐浴	5163	固定熟语·斋戒沐浴
zhougongtubu	周公吐哺	5163	成语·周公吐哺
guocongshenmi	过从甚密	5114	成语·过从甚密
bushizhici	不实之词	5073	成语·不实之词
jingtianweidi	经天纬地	5073	成语·经天纬地
yijiewufu	一介武夫	5073	成语·一介武夫
xiuwuzhixin	羞恶之心	5072	固定熟语·羞恶之心(孟子四端)
guangzhongboshou	广种薄收	5063	成语·广种薄收
bianfaweixin	变法维新	4961	成语·变法维新
bushizhousu	不食周粟	4961	成语·不食周粟
daquandulan	大权独揽	4961	成语·大权独揽
minbukanming	民不堪命	4961	成语·民不堪命
shenseziruo	神色自若	4961	成语·神色自若
yongbingzichong	拥兵自重	4961	成语·拥兵自重
shuixiangzeguo	水乡泽国	4949	固定四字熟语(河湖遍布之地)
baodabuping	抱打不平	4842	成语(现汉与打抱不平并收)
kuaikuaihuohuo	快快活活	4842	AABB固定叠词
qibuchengshi	七步成诗	4842	典故成语(曹植)
shiyishiyi	时移世易	4842	成语(时移世易)
youyouzizai	悠游自在	4842	成语(悠游自在/优游自在)
zhuanshouweigong	转守为攻	4842	成语
chenggudaogua	称孤道寡	4804	成语
jishianmin	济世安民	4804	成语
junfacongshi	军法从事	4804	成语(按军法处置)
jianwuxufa	箭无虚发	4747	成语
shangyiyiguo	上医医国	4747	典故成语(国语)
xingweisuoran	兴味索然	4747	成语
yumaofengman	羽毛丰满	4747	成语
gongmingfugui	功名富贵	4734	固定四字熟语,整体表功名利禄
huawaizhimin	化外之民	4734	典故成语,指教化之外的人
quanyajiaocuo	犬牙交错	4734	标准成语,全拼正确
xuehaishenchou	血海深仇	4734	标准成语,全拼正确
baibuxuanzhong	败不旋踵	4652	典故成语,全拼正确
bakuiquzhi	拔葵去织	4652	典故成语(汉书),全拼正确
baoyuzhisi	鲍鱼之肆	4652	典故成语,全拼正确
binghuyuchi	冰壶玉尺	4652	标准成语,全拼正确
canruoqunxing	灿若群星	4652	成语条目,全拼正确
chengqibuyi	乘其不意	4652	标准成语,全拼正确
chengxierru	乘隙而入	4652	标准成语,全拼正确
chongruruojing	宠辱若惊	4652	典故成语(老子),全拼正确
chuleierchang	触类而长	4652	典故成语(易经),全拼正确
cuierbujian	脆而不坚	4652	成语条目,全拼正确
dijielixing	砥节砺行	4652	标准成语,全拼正确
fanyankujian	犯颜苦谏	4652	标准成语,全拼正确
fanyanzhijian	犯颜直谏	4652	标准成语,全拼正确
feizaihenghuo	飞灾横祸	4652	标准成语,全拼正确
fengchuilangda	风吹浪打	4652	标准成语,全拼正确
guanbaozhijiao	管鲍之交	4652	典故成语,全拼正确
hengxingyishi	横行一时	4652	标准成语,全拼正确
huyuelongteng	虎跃龙腾	4652	成语条目(龙腾虎跃倒序),全拼正确
jianguanbujing	见惯不惊	4652	标准成语,全拼正确
jianlengjianjiao	见棱见角	4652	成语条目,全拼正确
jiaopengjieyou	交朋结友	4652	标准成语,全拼正确
jiayishiri	假以时日	4652	固定四字熟语,全拼正确
jieyongyumin	节用裕民	4652	典故成语(荀子),全拼正确
jiguanfanxian	急管繁弦	4652	标准成语,全拼正确
jiminggoufei	鸡鸣狗吠	4652	标准成语,全拼正确
jimingquanfei	鸡鸣犬吠	4652	标准成语,全拼正确
jinfengsongshuang	金风送爽	4652	标准成语,全拼正确
jiqingjizhong	畸轻畸重	4652	标准成语,全拼正确
jiquanxiangwen	鸡犬相闻	4652	典故成语(桃花源记),全拼正确
jirensuoji	急人所急	4652	标准成语,全拼正确
jishuichengyuan	积水成渊	4652	典故成语(荀子),全拼正确
jiyuchenzhou	积羽沉舟	4652	典故成语,全拼正确
kairanyingyun	慨然应允	4652	标准成语,全拼正确
keranershi	溘然而逝	4652	标准成语,全拼正确
kuafuzhuri	夸父逐日	4652	典故成语,全拼正确
liangjinyuanjue	粮尽援绝	4652	标准成语,全拼正确
lidanpigan	沥胆披肝	4652	标准成语,全拼正确
limenyilu	礼门义路	4652	典故成语(孟子),全拼正确
linshenlvbo	临深履薄	4652	典故成语,全拼正确
lvcisanfan	屡次三番	4652	标准成语,全拼正确
lvjinlvtui	旅进旅退	4652	标准成语,全拼正确
maiguoqiurong	卖国求荣	4652	标准成语,全拼正确
mangranbujie	茫然不解	4652	成语条目,全拼正确
menxinzisheng	扪心自省	4652	成语条目,全拼正确
musesihe	暮色四合	4652	固定四字熟语/成语条目,全拼正确
muwuxiachen	目无下尘	4652	典故成语(红楼梦),全拼正确
nianyuhuajia	年逾花甲	4652	标准成语,全拼正确
pianwawucun	片瓦无存	4652	标准成语,全拼正确
pihehuaiyu	被褐怀玉	4652	典故成语(老子),全拼正确
qianjinzhongdan	千斤重担	4652	固定四字熟语/成语条目,全拼正确
qianjunzhizhong	千钧之重	4652	标准成语,全拼正确
qianshanwanhe	千山万壑	4652	标准成语,全拼正确
qiongtuzhiku	穷途之哭	4652	典故成语(阮籍),全拼正确
quanqingtianxia	权倾天下	4652	标准成语,全拼正确
qunqingzhezhou	群轻折轴	4652	典故成语,全拼正确
renhuanmajiao	人欢马叫	4652	标准成语,全拼正确
rennijini	人溺己溺	4652	典故成语(孟子),全拼正确
ruzuochunfeng	如坐春风	4652	典故成语,全拼正确
sansanwuwu	三三五五	4652	成语条目(李白诗),全拼正确
sanzhixianggong	三旨相公	4652	典故成语,全拼正确
shangqingxiada	上情下达	4652	标准成语,全拼正确
shanshuoqici	闪烁其辞	4652	标准成语,全拼正确
shebichengqu	涉笔成趣	4652	标准成语,全拼正确
shengqixiangqiu	声气相求	4652	标准成语,全拼正确
shengsixiangyi	生死相依	4652	标准成语,全拼正确
sheshenweiguo	舍身为国	4652	成语条目,全拼正确
shiyuyouli	实与有力	4652	典故成语,全拼正确
shizhongbuxie	始终不懈	4652	成语条目,全拼正确
shuqiegoutou	鼠窃狗偷	4652	标准成语,全拼正确
suiqiongluanyu	碎琼乱玉	4652	标准成语,全拼正确
sunrenhaiji	损人害己	4652	标准成语,全拼正确
tandaqiuyang	贪大求洋	4652	标准成语,全拼正确
tianyuanzhibie	天渊之别	4652	标准成语,全拼正确
wangloutunzhou	网漏吞舟	4652	典故成语(网漏吞舟之鱼)
wangwenwenqie	望闻问切	4652	中医四诊固定四字熟语
weiwoduzun	惟我独尊	4652	成语(唯我独尊异体)
wenfengerqi	闻风而起	4652	成语
wusewuzhu	五色无主	4652	成语(惊慌失色)
xiaoxingyesu	晓行夜宿	4652	成语
xinranmingbi	欣然命笔	4652	成语
xunqingwangfa	徇情枉法	4652	成语
yangyangdaguan	洋洋大观	4652	成语
yaoshiwangxiao	药石罔效	4652	成语(药石无效)
yikuangtianxia	一匡天下	4652	典故成语(管仲)
yingqianleiwan	盈千累万	4652	成语
yishizhixuan	一时之选	4652	成语(当代杰出人物)
yizhenhuangliang	一枕黄粱	4652	成语(黄粱美梦)
youxikecheng	有隙可乘	4652	成语(有机可乘异体)
youzhangkexun	有章可循	4652	固定四字熟语,整体不可拆
zhiguoanbang	治国安邦	4652	成语(安邦治国)
zhongxinchidan	忠心赤胆	4652	成语(赤胆忠心异体)
zhuchaoyinfeng	筑巢引凤	4652	成语
baibaxiongdi	拜把兄弟	4643	词典固定词,拜把兄弟整体不可拆
gujichongyan	故技重演	4643	标准成语 故技重演
jifengbaoyu	疾风暴雨	4643	标准成语 疾风暴雨
jingxijiaoji	惊喜交集	4643	标准成语 惊喜交集
lalazaza	拉拉杂杂	4643	AABB 固定词(拉杂→拉拉杂杂),同 老老实实
mingqianganjian	明枪暗箭	4643	标准成语 明枪暗箭
wuqibazao	污七八糟	4643	标准成语 污七八糟(乌七八糟)
gelingfengsao	各领风骚	4640	固定成语 各领风骚
chuanweimeitan	传为美谈	4536	标准成语 传为美谈
denghuohuihuang	灯火辉煌	4536	标准成语 灯火辉煌
guerguamu	孤儿寡母	4536	标准成语 孤儿寡母
jienangxiangzhu	解囊相助	4536	标准成语 解囊相助
sashuangyingzi	飒爽英姿	4536	标准成语 飒爽英姿
chichengjiangchang	驰骋疆场	4495	固定成语 驰骋疆场
guikushenhao	鬼哭神嚎	4495	标准成语 鬼哭神嚎
houtailaoban	后台老板	4495	固定熟语,后台老板整体喻指幕后操纵者
liaoyuanzhihuo	燎原之火	4495	标准成语 燎原之火
muburendu	目不忍睹	4495	标准成语 目不忍睹
ruzuiruchi	如醉如痴	4495	标准成语 如醉如痴
shangshanfae	赏善罚恶	4495	标准成语 赏善罚恶
sizhanzhidi	四战之地	4495	典故成语 四战之地
taishanbeidou	泰山北斗	4495	标准成语 泰山北斗
wanfumodi	万夫莫敌	4495	标准成语 万夫莫敌
xiemowaidao	邪魔外道	4495	标准成语 邪魔外道
xishizhibao	稀世之宝	4495	标准成语 稀世之宝
xisuobifu	悉索敝赋	4495	典故成语 悉索敝赋
yanbohaomiao	烟波浩渺	4495	标准成语 烟波浩渺
zaizaozhien	再造之恩	4495	标准成语 再造之恩
zhangyouzunbei	长幼尊卑	4495	固定成语 长幼尊卑
hezuguachi	何足挂齿	4487	标准成语 何足挂齿
jielaizhishi	嗟来之食	4487	典故成语 嗟来之食
niutoumamian	牛头马面	4487	标准成语 牛头马面
qingqingshuangshuang	清清爽爽	4487	AABB 固定词 清清爽爽,同 平平安安
sishuiyitan	死水一潭	4487	固定成语 死水一潭(一潭死水)
xiaobenjingying	小本经营	4487	固定成语 小本经营
zhenmingshixing	真名实姓	4487	固定成语 真名实姓
pingfanzhaoxue	平反昭雪	4480	标准四字成语,code 正确
shuerbuzuo	述而不作	4480	典故成语(论语),code 正确
suoxiangwuqian	所向无前	4480	标准四字成语,code 正确
xianliangfangzheng	贤良方正	4480	标准四字成语,code 正确
xueguanzhongxi	学贯中西	4480	标准四字成语,code 正确
yishuizhige	一水之隔	4480	固定四字成语,code 正确
zhisibuyu	至死不渝	4480	标准四字成语,code 正确
anyupanshi	安于盘石	4422	典故成语(荀子),code 正确
badouzhicai	八斗之才	4422	典故成语,code 正确
baitouxiangshou	白头相守	4422	固定四字成语,code 正确
bamianlaifeng	八面来风	4422	固定四字成语,code 正确
bangguanzheqing	傍观者清	4422	成语(旁观者清异写),code 正确
beipanlangji	杯盘狼籍	4422	成语「杯盘狼藉」异写,code 正确
beizhenanyuan	北辙南辕	4422	成语(南辕北辙倒装),code 正确
bianchenbujing	边尘不惊	4422	典故成语,code 正确
bifakouzhu	笔伐口诛	4422	成语(口诛笔伐倒装),code 正确
bihuaxiuyue	闭花羞月	4422	成语(闭月羞花变体),code 正确
bingwuchangshi	兵无常势	4422	典故成语(孙子),code 正确
bingxingnanyi	禀性难移	4422	标准四字成语,code 正确
buchizuihou	不耻最后	4422	典故成语,code 正确
bufeijianghe	不废江河	4422	典故成语(杜甫),code 正确
bugaiqile	不改其乐	4422	典故成语(论语),code 正确
bukanqiyou	不堪其忧	4422	典故成语(论语),code 正确
buqingbubai	不清不白	4422	标准四字成语,code 正确
buqingzidao	不请自到	4422	成语(不请自来变体),code 正确
buwenbuwen	不问不闻	4422	成语(不闻不问倒装),code 正确
buyindaoquan	不饮盗泉	4422	典故成语,code 正确
buzhigaodi	不知高低	4422	标准四字成语,code 正确
canfengmuyu	餐风沐雨	4422	标准四字成语,code 正确
cemuershi	侧目而视	4422	标准四字成语,code 正确
chaimifuqi	柴米夫妻	4422	固定四字熟语,code 正确
chaitiangaiwu	柴天改物	4422	典故成语,code 正确
changduanbuqi	长短不齐	4422	固定四字成语,code 正确
chayanguanse	察颜观色	4422	成语「察言观色」异写,code 正确
chengbangjiedui	成帮结队	4422	成语(成群结队变体),code 正确
chengbeixugong	城北徐公	4422	典故成语,code 正确
chengredatie	乘热打铁	4422	成语(趁热打铁变体),code 正确
chengzaisiyan	诚哉斯言	4422	固定四字熟语,code 正确
chimibuwu	痴迷不悟	4422	成语(执迷不悟变体),code 正确
chongrujiewang	宠辱皆忘	4422	典故成语(岳阳楼记),code 正确
chujingshanghuai	触景伤怀	4422	成语(触景伤情变体),code 正确
chunshengxiazhang	春生夏长	4422	典故成语,code 正确
chunyuruyou	春雨如油	4422	固定四字成语,code 正确
chuxiehuangting	初写黄庭	4422	典故成语,code 正确
cihuadianshan	词华典赡	4422	典故成语,code 正确
congtouchewei	从头彻尾	4422	成语(彻头彻尾变体),code 正确
cushengcuqi	粗声粗气	4422	标准四字成语,code 正确
datiechenre	打铁趁热	4422	成语(趁热打铁变体),code 正确
dayoukeguan	大有可观	4422	标准四字成语,code 正确
deshenghuichao	得胜回朝	4422	标准四字成语,code 正确
deyiyangyang	得意扬扬	4422	标准四字成语,code 正确
diaozuankebo	刁钻刻薄	4422	标准四字成语,code 正确
diguangrenxi	地广人希	4422	成语「地广人稀」异写,code 正确
dongjiaxishe	东家西舍	4422	固定四字成语,code 正确
dongqiangchuzi	东墙处子	4422	典故成语,code 正确
dongyouxiguang	东游西逛	4422	标准四字成语,code 正确
ehutunyang	饿虎吞羊	4422	标准四字成语,code 正确
enzhongrushan	恩重如山	4422	标准四字成语,code 正确
eshengeqi	恶声恶气	4422	标准四字成语,code 正确
fanshandaohai	翻山倒海	4422	成语(翻江倒海变体),code 正确
feiduanliuchang	飞短流长	4422	标准四字成语,code 正确
feijinxinxue	费尽心血	4422	固定四字成语,code 正确
fengtangtoubai	冯唐头白	4422	典故成语,code 正确
fengyunbianse	风云变色	4422	标准四字成语,code 正确
fenhaobuqu	分毫不取	4422	固定四字成语,code 正确
gannuganyan	敢怒敢言	4422	固定四字成语,code 正确
gaoshourulin	高手如林	4422	固定四字成语,code 正确
gongzhengbue	公正不阿	4422	标准四字成语,code 正确
guaiqiangguaitiao	怪腔怪调	4422	标准四字成语,code 正确
guankuilice	管窥蠡测	4422	标准四字成语,code 正确
guoerburu	过而不入	4422	典故成语(三过家门而不入),code 正确
guohenjiachou	国恨家仇	4422	固定四字成语,code 正确
haidilaozhen	海底捞针	4422	标准四字成语,code 正确
jiliuyongjin	急流勇进	4422	标准四字成语
juemiaohaoci	绝妙好词	4422	黄绢幼妇典故成语,词辞通用
jueshengqizhi	绝圣弃智	4422	老子典故成语
juntianguangyue	钧天广乐	4422	典故成语,天上仙乐
juwenchenglei	聚蚊成雷	4422	汉书典故成语
kanfengshichuan	看风驶船	4422	标准成语（看风使船/看风驶船），全拼正确
kuaishoukuaijiao	快手快脚	4422	成语词典收录，整体不可拆
kuangfengnuhao	狂风怒号	4422	标准成语
kuyuqifeng	苦雨凄风	4422	成语（凄风苦雨同源词条）
laosengruding	老僧入定	4422	标准成语
lecibujuan	乐此不倦	4422	成语词典词条（《后汉书》典）
linnvkuiqiang	邻女窥墙	4422	典故成语，全拼正确
lixiangbiejing	离乡别井	4422	标准成语
luanfengheming	鸾凤和鸣	4422	标准成语
lusufengcan	露宿风餐	4422	成语（风餐露宿同源词条）
maimingyinxing	埋名隐姓	4422	成语（隐姓埋名同源词条），全拼正确
maishangzhuxia	买上嘱下	4422	成语词典词条
meiqinzhixian	美芹之献	4422	典故成语
menshenlijing	扪参历井	4422	典故成语，全拼正确
mianruguanyu	面如冠玉	4422	标准成语
miaochubuchuan	妙处不传	4422	成语词典词条
mingjingzhishui	明镜止水	4422	标准成语
mirenyanmu	迷人眼目	4422	成语词典词条
mutianxidi	幕天席地	4422	标准成语
nengzheweishi	能者为师	4422	标准成语（《礼记》典）
niujiaoshusheng	牛角书生	4422	典故成语（牛角挂书）
nuyanmeigu	奴颜媚骨	4422	标准成语
pinmaofeifan	品貌非凡	4422	成语词典词条
pojunshajiang	破军杀将	4422	成语词典词条
pusadimei	菩萨低眉	4422	标准成语
puyuhunjin	璞玉浑金	4422	标准成语
qianzainanyu	千载难遇	4422	成语词典词条（千载难逢同源）
qifengdishou	棋逢敌手	4422	标准成语
qijuwushi	起居无时	4422	成语词典词条
qimingtouan	弃明投暗	4422	标准成语
qingchadanfan	清茶淡饭	4422	成语词典词条
qingdenghuangjuan	青灯黄卷	4422	标准成语
qingshenyichang	情深意长	4422	标准成语
qingshenyichang	情深谊长	4422	标准成语
qiongxiongeji	穷凶恶极	4422	成语词典词条（穷凶极恶同源），全拼正确
rankangzizhao	燃糠自照	4422	典故成语
renfeitumu	人非土木	4422	成语词典词条
renxinsibian	人心思变	4422	标准成语
renzangbinghuo	人赃并获	4422	成语词典词条
roushengxiyu	柔声细语	4422	成语词典词条
roushizhebi	肉食者鄙	4422	典故成语（《曹刿论战》）
ruhuasiyue	如花似月	4422	成语词典词条（如花似玉同源）
ruleiguaner	如雷灌耳	4422	成语词典词条，全拼正确
ruomingruoan	若明若暗	4422	标准成语
ruyafengliu	儒雅风流	4422	成语词典词条（风流儒雅同源）
sanzhiwulv	三纸无驴	4422	典故成语，全拼正确
shahuimaqiang	杀回马枪	4422	固定熟语，整体不可拆
shalitaojin	沙里淘金	4422	标准成语
shendanmiaoyao	神丹妙药	4422	成语词典词条（灵丹妙药同源）
shenglayingche	生拉硬扯	4422	标准成语
shengshancaizhu	升山采珠	4422	成语词典词条
shibuwoyu	时不我予	4422	标准成语
shicairuming	视财如命	4422	成语词典词条
shichuwunai	事出无奈	4422	标准成语
shifensheduan	豕分蛇断	4422	标准成语
shiruzhenbao	视如珍宝	4422	成语词典词条
shiwangriqian	事往日迁	4422	成语词典词条
shoupianshangdang	受骗上当	4422	成语词典词条（上当受骗同源）
shuidilaozhen	水底捞针	4422	标准成语
shunkoukaihe	顺口开河	4422	成语词典词条（信口开河同源）
simaqingshan	司马青衫	4422	典故成语
suiyuebuju	岁月不居	4422	标准成语
sunjiliren	损己利人	4422	标准成语
suotousuowei	缩头缩尾	4422	标准成语
suoyangrufu	缩阳入腹	4422	成语词典词条
tailaipiji	泰来否极	4422	成语（否极泰来同源词条），全拼正确
tanghuangguanmian	堂皇冠冕	4422	成语（冠冕堂皇同源词条）
tantebuding	忐忑不定	4422	成语词典词条
tianyabilin	天涯比邻	4422	标准成语
tiebandingding	铁板钉钉	4422	标准成语
tiehuayingou	铁画银钩	4422	标准成语
tongyunmibu	彤云密布	4422	标准成语
toutongnaore	头痛脑热	4422	标准成语
tuokouchengzhang	脱口成章	4422	成语词典词条
tutanshengling	涂炭生灵	4422	成语（生灵涂炭同源词条）
wanererxiao	莞尔而笑	4422	标准成语，全拼正确
wangguozhiyin	亡国之音	4422	标准成语
wangnianzhihao	忘年之好	4422	成语词典词条（忘年之交同源）
wangzhanbiwei	忘战必危	4422	标准成语
wanshenghouxue	晚生后学	4422	成语词典词条
wanzhuanemei	宛转蛾眉	4422	标准成语，全拼正确
weibuqijiao	位不期骄	4422	典故成语（位不期骄禄不期侈）
weijingweiyi	惟精惟一	4422	典故成语
weishehuazu	为蛇画足	4422	成语（画蛇添足同源词条）
weishengbaozhu	尾生抱柱	4422	典故成语
wenqingbingmao	文情并茂	4422	成语词典词条
wudaonongqiang	舞刀弄枪	4422	标准成语
wumingshubei	无名鼠辈	4422	标准成语
wumingzhihuo	无名之火	4422	标准成语
nianzhuangqirui	年壮气锐	4422	词典成语
xiankeyouzhong	鲜克有终	4422	诗经典故成语拼音正确
xiaorangzhibie	霄壤之别	4422	标准成语拼音正确
xingchengyusi	行成于思	4422	韩愈典故成语拼音正确
xinjingdantiao	心惊胆跳	4422	成语正体拼音正确
xinxiangdaozhu	馨香祷祝	4422	标准成语拼音正确
xizhichengyan	希旨承颜	4422	标准成语拼音正确
xuezhaixuehuan	血债血还	4422	固定熟语拼音全正确
yanerxinhun	燕尔新婚	4422	成语正体拼音正确
yanruotaoli	艳若桃李	4422	标准成语拼音正确
yanyunguoyan	烟云过眼	4422	过眼烟云正体成语拼音正确
yaowurenyan	杳无人烟	4422	标准成语拼音正确
yigaodanda	艺高胆大	4422	俗成熟语拼音正确
yiguyijin	宜古宜今	4422	标准四字成语,拼音正确
yijingtixian	仪静体闲	4422	洛神赋典故成语,拼音正确
yijinweitui	以进为退	4422	标准四字成语
yijuliangquan	一举两全	4422	成语词典收录,拼音正确
yimaxinyuan	意马心猿	4422	标准成语(心猿意马倒装),拼音正确
yingdaruliu	应答如流	4422	标准四字成语
yinyushiyi	引喻失义	4422	出师表典故成语,拼音正确
yiqiyangyang	意气洋洋	4422	成语词典收录条目(意气扬扬异形)
yiqunzhicai	逸群之才	4422	标准四字成语
yiwuchangwu	一无长物	4422	标准成语,拼音正确
youfenglaiyi	有凤来仪	4422	尚书典故成语,拼音正确
youmuchenghuai	游目骋怀	4422	兰亭序典故成语,拼音正确
yuemuyuxin	悦目娱心	4422	标准四字成语
yugubingji	玉骨冰肌	4422	成语(冰肌玉骨倒装),拼音正确
yumiaojuelun	语妙绝伦	4422	标准四字成语
yutihengchen	玉体横陈	4422	李商隐典故成语,拼音正确
zhabaiyangshu	诈败佯输	4422	标准四字成语,拼音正确
zhenzhenyouci	振振有辞	4422	成语(振振有词异形),成语词典收录
zhijiexingfang	志洁行芳	4422	标准四字成语,拼音正确
zhikesimei	止渴思梅	4422	成语词典收录典故成语
zhushifangeng	筑室反耕	4422	左传典故成语,拼音正确
zuofuyoubi	左辅右弼	4422	标准四字成语,拼音正确
zuotuyoushu	左图右书	4422	标准四字成语,拼音正确
chuangyeweijian	创业维艰	4277	固定四字成语,拼音正确
feizhujianyu	飞珠溅玉	4277	标准四字成语,拼音正确
gongxinweishang	攻心为上	4277	孙子兵法典故成语,拼音正确
gurouzhiqing	骨肉之情	4277	成语词典收录固定四字
jinsijinzhong	进思尽忠	4277	孝经典故成语,拼音正确
nianlaoseshuai	年老色衰	4277	标准四字成语,拼音正确
yingxianerdao	应弦而倒	4277	标准四字典故成语,拼音正确
zihuichangcheng	自毁长城	4277	南史典故成语,拼音正确
liuchizhigu	六尺之孤	4193	典故成语(论语)
shengshengbuyi	生生不已	4193	固定四字熟语(周易/理学)
shuilubingjin	水陆并进	4193	标准成语
suanwuyice	算无遗策	4193	典故成语
xinerhaogu	信而好古	4193	典故成语(论语)
yongguansanjun	勇冠三军	4193	典故成语
kangkaichenci	慷慨陈辞	4172	标准成语(慷慨陈词异体)
qishiruhong	气势如虹	4172	固定四字成语
yiwuzaiwu	一误再误	4172	标准成语
youxinrufen	忧心如焚	4172	标准成语
anchaoxiongyong	暗潮汹涌	4131	固定四字熟语
babirulin	把臂入林	4131	典故成语
baijunzhijiang	败军之将	4131	典故成语
bamianweifeng	八面威风	4131	标准成语
beichangjianxin	备尝艰辛	4131	标准成语
biankoulici	辩口利辞	4131	典故成语
biluohuangquan	碧落黄泉	4131	典故成语(长恨歌)
bulufengmang	不露锋芒	4131	标准成语
bumouertong	不谋而同	4131	标准成语
buqianshi	不欺暗室	4131	典故成语
buzuweiping	不足为凭	4131	标准成语
canbaoburen	残暴不仁	4131	标准成语
cangzhimingshan	藏之名山	4131	典故成语(史记)
cazhimofen	擦脂抹粉	4131	标准成语
chengqunjiehuo	成群结伙	4131	标准成语
chibaichunhong	齿白唇红	4131	标准成语
cunhuyixin	存乎一心	4131	典故成语
dafahengcai	大发横财	4131	标准成语
daquanpangluo	大权旁落	4131	标准成语
dazhidayong	大智大勇	4131	标准成语
duanjingtuiyuan	断井颓垣	4131	标准成语
fanerbujiao	犯而不校	4131	典故成语(论语)
gongcheyanjia	宫车晏驾	4131	典故成语(史记)
guamuxiangdai	刮目相待	4131	典故成语
gujianqingshen	故剑情深	4131	典故成语(汉书)
haoyongdouhen	好勇斗狠	4131	典故成语(孟子)
huishandaohai	回山倒海	4131	标准成语
jiangxinduju	匠心独具	4131	标准成语(独具匠心异序)
jinzhongzhishou	尽忠职守	4131	固定四字成语
kangkaijiuyi	慷慨就义	4131	标准成语
lihebeihuan	离合悲欢	4131	标准成语(悲欢离合异序)
liliweiju	栗栗危惧	4131	典故成语(尚书)
longluorenxin	笼络人心	4131	固定熟语
luankanlanfa	乱砍滥伐	4131	固定四字熟语
lvtuzhibin	率土之滨	4131	诗经典故成语
moshouchengui	墨守陈规	4131	成语(墨守成规变体)
muguangyuanda	目光远大	4131	固定成语
muquzhaolai	暮去朝来	4131	典故成语
putiangaidi	扑天盖地	4131	成语(铺天盖地变体)
qianchekejian	前车可鉴	4131	成语
qimeijuan	齐眉举案	4131	成语(举案齐眉)
qingjingwuwei	清净无为	4131	成语(清静无为变体)
qixiazhanjin	泣下沾襟	4131	成语
quyichengren	取义成仁	4131	成语
rouzhongyougang	柔中有刚	4131	成语
shaosiguayu	少私寡欲	4131	成语(老子)
shengruhongzhong	声如洪钟	4131	成语
siwensaodi	斯文扫地	4131	成语
tangtanghuanghuang	堂堂皇皇	4131	AABB成语
tiandaohaohuan	天道好还	4131	成语
tianhuangguizhou	天潢贵胄	4131	成语
tingtailouxie	亭台楼榭	4131	固定成语
tongjintiegu	铜筋铁骨	4131	成语
toukuaijilian	头会箕敛	4131	成语(史记)
tucaihaiming	图财害命	4131	成语(谋财害命变体)
xiangshierdong	相时而动	4131	标准成语,全拼正确
xibuxianuan	席不暇暖	4131	典故成语,全拼正确
xingzhuzuowo	行住坐卧	4131	固定四字熟语(佛教四威仪),全拼正确
xinjinhuochuan	薪尽火传	4131	典故成语,全拼正确
xunzhangzhaiju	寻章摘句	4131	标准成语,全拼正确
xuwupiaomiao	虚无缥渺	4131	成语(虚无缥缈异写),全拼正确
yazizhiyuan	睚眦之怨	4131	典故成语,全拼正确
yebuchengmei	夜不成寐	4131	标准成语,全拼正确
yilaiyiwang	一来一往	4131	固定四字成语,全拼正确
yinrenzhiyi	因人制宜	4131	标准成语,全拼正确
yinshizhiyi	因事制宜	4131	标准成语,全拼正确
yiwangwubian	一望无边	4131	标准成语,全拼正确
yumantianxia	誉满天下	4131	标准成语,全拼正确
yunyanguoyan	云烟过眼	4131	成语(过眼云烟同源),全拼正确
yunyuwushan	云雨巫山	4131	典故成语,全拼正确
zhengshizhiyin	正始之音	4131	典故成语,全拼正确
zhizhibudai	知止不殆	4131	典故成语(老子),全拼正确
zhongnanjiejing	终南捷径	4131	典故成语,全拼正确
zhouyezhihuan	肘腋之患	4131	典故成语,全拼正确
zhuanyouweixi	转忧为喜	4131	标准成语,全拼正确
zilazichang	自拉自唱	4131	标准成语,全拼正确
baiguanyeshi	稗官野史	3861	标准成语,全拼正确
bukeshengji	不可胜记	3861	标准成语,全拼正确
buxigongben	不惜工本	3861	标准成语,全拼正确
buzhisuochu	不知所出	3861	标准成语,全拼正确
chishenluoti	赤身裸体	3861	标准成语,全拼正确
daizuiligong	戴罪立功	3861	标准成语,全拼正确
derensili	得人死力	3861	典故成语,全拼正确
dingzusanfen	鼎足三分	3861	典故成语,全拼正确
gaoyuzhidi	膏腴之地	3861	标准成语,全拼正确
gonggaozhenzhu	功高震主	3861	典故成语,全拼正确
jingwenweiwu	经文纬武	3861	标准成语,全拼正确
kongqianweiyou	空前未有	3861	标准成语,全拼正确
liaodizhisheng	料敌制胜	3861	标准成语,全拼正确
liyijunzhan	利益均沾	3861	标准成语,全拼正确
lizuweiwen	立足未稳	3861	标准成语,全拼正确
lvzhanlvsheng	屡战屡胜	3861	标准成语,全拼正确
mingshizhicai	命世之才	3861	典故成语,全拼正确
mociweishen	莫此为甚	3861	标准成语,全拼正确
pofushengming	颇负盛名	3861	标准成语,全拼正确
qijiyinqiao	奇技淫巧	3861	标准成语,全拼正确
shaqiqiujiang	杀妻求将	3861	典故成语(吴起)
shendaoshejiao	神道设教	3861	易经典故成语
shengsizhijiao	生死之交	3861	固定成语
sibuxuanzhong	死不旋踵	3861	典故成语
tianxiaweijia	天下为家	3861	礼记成语(帝位世袭)
wangmentouzhi	望门投止	3861	后汉书典故成语
wuruzhihe	无如之何	3861	成语(=无可奈何)
xingzhiyounian	行之有年	3861	固定四字熟语,拼音正确
xinshangbifa	信赏必罚	3861	典故成语(韩非子),拼音正确
dingguoanbang	定国安邦	3831	标准成语,拼音正确
fengweizhibao	奉为至宝	3831	标准成语,拼音正确
yinxungouqie	因循苟且	3831	标准成语,拼音正确
zebeihoushi	泽被后世	3831	标准成语,拼音正确
beiduolifen	备多力分	3686	典故成语,备多则力分
chaoqunchuzhong	超群出众	3686	固定四字成语
congkuanfaluo	从宽发落	3686	固定四字熟语
daodewenzhang	道德文章	3686	固定四字成语
emibayin	遏密八音	3686	典故成语(尚书)
fanpuguizhen	反朴归真	3686	返璞归真标准变体
gengminggaixing	更名改姓	3686	固定四字成语
guigenjiudi	归根究柢	3686	归根结柢标准成语
haofaweishang	毫发未伤	3686	固定四字成语
huaminchengsu	化民成俗	3686	典故成语(礼记)
jiayaomeijiu	佳肴美酒	3686	美酒佳肴固定熟语
jiazhihudao	家至户到	3686	固定四字成语
jieaobuxun	桀骜不逊	3686	桀骜不驯标准变体
junziguqiong	君子固穷	3686	典故成语(论语)
juximiyi	巨细靡遗	3686	固定四字成语
lijiuchangxin	历久常新	3686	历久弥新固定熟语
meiqihezi	梅妻鹤子	3686	典故成语(林逋)
mianrufufen	面如傅粉	3686	典故成语
nongqiaofanzhuo	弄巧反拙	3686	弄巧成拙常用变体
qichizhiqu	七尺之躯	3686	固定四字成语
qingxinjunyi	清新俊逸	3686	典故成语(杜甫评李白)
rushufenghuan	如数奉还	3686	固定四字熟语
shangzhixiayu	上智下愚	3686	典故成语(论语)
shirushuihuo	势如水火	3686	固定四字成语
shuzichengming	竖子成名	3686	典故成语(阮籍)
sifangzhizhi	四方之志	3686	典故成语(左传)
tianxiadubu	天下独步	3686	固定四字成语
tuhunaihe	徒呼奈何	3686	固定四字成语
wanggulaijin	往古来今	3686	古往今来标准变体
wanzhuandongting	婉转动听	3686	固定四字成语
wudaidangfeng	吴带当风	3686	典故成语(吴道子)
wufakexiang	无法可想	3686	固定四字成语
xiaguangwandao	霞光万道	3686	固定四字成语
yicundanxin	一寸丹心	3686	典故成语(陆游)
yifanzhide	一饭之德	3686	典故成语(史记)
yintianbiri	隐天蔽日	3686	固定四字成语
yiwenqushi	逸闻趣事	3686	轶闻趣事标准变体
yixinchuanxin	以心传心	3686	固定四字成语(佛教)
yuchuanchisu	鱼传尺素	3686	典故成语(书信)
zhuixinqixue	锥心泣血	3686	固定四字成语
zhuoerbuqun	卓而不群	3686	卓尔不群常用变体
baotouhuanyan	豹头环眼	3468	固定四字成语
beigekangkai	悲歌慷慨	3468	慷慨悲歌标准成语
benxiangbentu	本乡本土	3468	固定四字成语
bojiqunshu	博极群书	3468	典故成语
buzhiyiqian	不值一钱	3468	一钱不值固定成语
caomangyingxiong	草莽英雄	3468	固定四字成语
chenyuduncuo	沉郁顿挫	3468	固定四字成语(杜甫诗风)
chicunzhigong	尺寸之功	3468	典故成语(史记)
chuigongerzhi	垂拱而治	3468	典故成语,code正确
daiwuxuri	殆无虚日	3468	成语,code正确
danshutiequan	丹书铁券	3468	典故成语,code正确
deqisuozai	得其所哉	3468	成语,code正确
dingzuersan	鼎足而三	3468	成语,code正确
fuzhangdaxiao	抚掌大笑	3468	成语,code正确
gangeraorang	干戈扰攘	3468	成语,code正确
gaozhenerwo	高枕而卧	3468	成语,code正确
haitianyise	海天一色	3468	成语,code正确
hangwuchushen	行伍出身	3468	成语,code正确
jianruyuxia	箭如雨下	3468	成语,code正确
jingmingxingxiu	经明行修	3468	成语,code正确
jingpeimozuo	敬陪末座	3468	成语,code正确
kunshanzhiyu	昆山之玉	3468	典故成语,code正确
laoshixiyuan	劳师袭远	3468	成语,code正确
menshengguli	门生故吏	3468	成语,code正确
nianshenrijiu	年深日久	3468	成语,code正确
qianzaiyishi	千载一时	3468	成语,code正确
qinggemiaowu	清歌妙舞	3468	成语,code正确
qinshiqilu	秦失其鹿	3468	典故成语,code正确
qiucairuoke	求才若渴	3468	成语,code正确
rishenyiri	日甚一日	3468	成语,code正确
shanzhongzaixiang	山中宰相	3468	典故成语,code正确
shanzuoweifu	擅作威福	3468	成语,code正确
shenxianzhongren	神仙中人	3468	成语,code正确
shilichuanjia	诗礼传家	3468	成语,code正确
shiyangjianglang	使羊将狼	3468	成语,code正确
sibuzuxi	死不足惜	3468	标准成语,code 正确
tongshenggongsi	同生共死	3468	标准成语,code 正确
tuichongbeizhi	推崇备至	3468	标准成语,code 正确
wufangzachu	五方杂处	3468	标准成语,code 正确
wuyanchangcheng	五言长城	3468	典故成语(刘长卿),code 正确
xiangfanxiangcheng	相反相成	3468	标准成语,code 正确
xiaoguicaosui	萧规曹随	3468	典故成语,code 正确
yanwuxiuwen	偃武修文	3468	标准成语,code 正确
yidingzhigui	一定之规	3468	标准成语,code 正确
yishenxunguo	以身殉国	3468	标准成语,code 正确
yishizhixiong	一世之雄	3468	典故成语(赤壁赋),code 正确
yongerwumou	勇而无谋	3468	标准成语(三国志),code 正确
youankecha	有案可查	3468	标准成语,code 正确
yubingyunong	寓兵于农	3468	标准成语,code 正确
zangpirenwu	臧否人物	3468	标准成语,code 正确
zhigeweiwu	止戈为武	3468	典故成语(左传),code 正确
zhilizuoyue	制礼作乐	3468	典故成语,code 正确
zhuanhuoweifu	转祸为福	3468	标准成语,code 正确
zonghemingshi	综核名实	3468	典故成语(汉书),code 正确
zuigaiwansi	罪该万死	3468	标准成语,code 正确
airenliwu	爱人利物	3239	典故成语(庄子),code 正确
baizheqianhui	百折千回	3239	标准成语,code 正确
baxinzhuhuo	把薪助火	3239	标准成语,code 正确
buchibulong	不痴不聋	3239	标准成语,code 正确
chengqidaojue	称奇道绝	3239	标准成语,code 正确
chenzhafanqi	沉渣泛起	3239	标准成语,code 正确
chigeshima	持戈试马	3239	标准成语,code 正确
cidaojianhong	刺刀见红	3239	标准成语,code 正确
douzheshexing	斗折蛇行	3239	典故成语(小石潭记),code 正确
fengchenlulu	风尘碌碌	3239	标准成语,code 正确
fuweijipin	扶危济贫	3239	标准成语,code 正确
gaodiguijian	高低贵贱	3239	不可拆固定并列熟语,code 正确
guanzheruyun	观者如云	3239	标准成语,code 正确
jiankubeichang	艰苦备尝	3239	标准成语,code 正确
jiapinqinlao	家贫亲老	3239	典故成语(说苑),code 正确
jingjimantu	荆棘满途	3239	标准成语,code 正确
jinguihuanjiu	金龟换酒	3239	典故成语(贺知章),code 正确
jishiqiongli	即事穷理	3239	典故成语,code 正确
juxiwuyi	巨细无遗	3239	标准成语,code 正确
kejishenxing	克己慎行	3239	标准成语,code 正确
koushikenrang	叩石垦壤	3239	典故成语(愚公移山),code 正确
lieriyanyan	烈日炎炎	3239	标准成语,code 正确
longyushangbin	龙驭上宾	3239	典故成语,code 正确
maguxianshou	麻姑献寿	3239	典故成语,code 正确
maijianmaigui	买贱卖贵	3239	标准成语,code 正确
minguijunqing	民贵君轻	3239	孟子典故成语,拼音正确
poyilanshan	破衣烂衫	3239	固定四字成语,拼音正确
qinrenshanlin	亲仁善邻	3239	左传典故成语,拼音正确
sanyangkaitai	三阳开泰	3239	标准吉语成语,拼音正确
shunfengerhu	顺风而呼	3239	典故成语,出自荀子·劝学
taopeimozuo	叨陪末座	3239	典故成语(谦辞),源滕王阁序
tiancujiayou	添醋加油	3239	成语(添油加醋异序词典条目)
tianzaocaomei	天造草昧	3239	典故成语,出自周易·屯卦
yaoeryanzhi	要而言之	3239	成语(与总而言之/概而言之同族的固定文言四字格)
yingxiongqiduan	英雄气短	3239	成语(儿女情长英雄气短)
yuanmujingzhen	圆木警枕	3239	典故成语(司马光警枕苦读)
yuguanerxing	鱼贯而行	3239	成语(与鱼贯而入同族的固定条目)
yuweiwuqiong	余味无穷	3239	成语,词典固定条目
zengguangjianwen	增广见闻	3239	成语,词典固定条目
fenghuoliantian	烽火连天	3135	成语,词典固定条目
gaiecongshan	改恶从善	3135	典故成语,出自汉书
gongfengqisheng	躬逢其盛	3135	典故成语,源滕王阁序
guwangtingzhi	姑妄听之	3135	成语,与姑妄言之同族固定条目
mojiweigan	墨迹未干	3135	成语,词典固定条目(喻协议刚订即背弃)
qihuayihui	奇花异卉	3135	成语,与奇花异草同族固定条目
wuguanhongzhi	无关宏旨	3135	成语,词典固定条目
xiangyazhita	象牙之塔	3135	成语,词典固定条目(象牙塔)
yumaoweifeng	羽毛未丰	3135	成语,词典固定条目
aicairuming	爱才如命	3094	成语,词典固定条目
anguzhibian	岸谷之变	3094	典故成语,源诗经·十月之交(高岸为谷)
aobukezhang	傲不可长	3094	典故成语,出自礼记·曲礼(敖不可长)
aogulinlin	傲骨嶙嶙	3094	成语,词典固定条目
babenseyuan	拔本塞源	3094	典故成语,出自左传
baibanwunai	百般无奈	3094	成语,词典固定条目
baijubaijie	百举百捷	3094	成语,与百举百全同族固定条目
baiquanfeisheng	百犬吠声	3094	典故成语(一犬吠形,百犬吠声)
bairenchengjin	百忍成金	3094	成语,词典固定条目
baishoubeimian	白首北面	3094	典故成语,出自文中子
baishouxingjia	白手兴家	3094	成语,与白手起家同族固定条目
baixiabaiquan	百下百全	3094	成语,词典固定条目
baiyuwuxia	白玉无瑕	3094	成语,词典固定条目
banbulunyu	半部论语	3094	典故成语(半部论语治天下)
bangbingchengzhu	蚌病成珠	3094	典故成语,出自淮南子/刘勰
baobumaosi	抱布贸丝	3094	典故成语,出自诗经·卫风·氓
baochengshouzhen	抱诚守真	3094	成语,词典固定条目
baoshankonghui	宝山空回	3094	成语,词典固定条目(入宝山而空回)
baozinongsun	抱子弄孙	3094	典故成语,出自晋书
beibizhiyin	北鄙之音	3094	典故成语,出自礼记·乐记
beiweichongshu	备位充数	3094	成语,词典固定条目
biancaiwuai	辩才无碍	3094	成语(佛教语),词典固定条目
biejuhuiyan	别具慧眼	3094	固定成语,code 正确
bierbuzhou	比而不周	3094	出自论语的典故成语
bimenzishou	闭门自守	3094	成语词典词条,code 正确
bingqingyurun	冰清玉润	3094	典故成语,code 正确
biroufusheng	髀肉复生	3094	典故成语(三国志),code 正确
boluanjishi	拨乱济时	3094	成语词典词条,code 正确
buanyushi	不安于室	3094	典故成语,code 正确
buchahaoli	不差毫厘	3094	固定成语,code 正确
bujiaoerzhu	不教而诛	3094	典故成语(荀子),code 正确
burongfenshuo	不容分说	3094	固定成语,code 正确
buyishushi	布衣蔬食	3094	典故成语,code 正确
buyuzhiyu	不虞之誉	3094	典故成语(孟子),code 正确
caibozhiqian	才薄智浅	3094	成语词典词条,code 正确
caimeixingling	猜枚行令	3094	固定成语,code 正确
caiquanxingling	猜拳行令	3094	固定成语,code 正确
caiwanggaoya	才望高雅	3094	成语词典词条,code 正确
canerbufei	残而不废	3094	成语词典词条,code 正确
canfenglusu	餐风露宿	3094	经典成语,code 正确
canfengsuyu	餐风宿雨	3094	固定成语,code 正确
cangyanbaifa	苍颜白发	3094	固定成语,code 正确
cansongyinjian	餐松饮涧	3094	固定成语,code 正确
cantouyanwei	蚕头燕尾	3094	书法典故成语,code 正确
canxiayinxie	餐霞饮瀣	3094	固定成语,code 正确
canyunwoshi	餐云卧石	3094	固定成语,code 正确
chafanwuxin	茶饭无心	3094	固定成语,code 正确
chajianyuanyu	察见渊鱼	3094	典故成语(韩非子),code 正确
changshazuomi	唱沙作米	3094	固定成语,code 正确
chanyanningyu	谗言佞语	3094	固定成语,code 正确
chaolinyizhi	巢林一枝	3094	典故成语(庄子),code 正确
chaomaichaomai	炒买炒卖	3094	固定四字成语,code 正确
chaoranyuanju	超然远举	3094	固定成语,code 正确
chazhimofen	搽脂抹粉	3094	固定成语,code 正确
chedonglaxi	扯东拉西	3094	固定成语,code 正确
chefanmabi	车烦马毙	3094	典故成语,code 正确
chengchangzhufu	撑肠拄腹	3094	固定成语,code 正确
chengengtufan	尘羹涂饭	3094	典故成语,code 正确
chengqianghaosheng	逞强好胜	3094	固定成语,code 正确
chengshibushuo	成事不说	3094	典故成语(论语),code 正确
chengucijin	陈古刺今	3094	固定成语,code 正确
chengxinruyi	逞心如意	3094	成语词典词条,code 正确
chenqianglandiao	陈腔滥调	3094	固定成语,code 正确
chiyingbaotai	持盈保泰	3094	典故成语,code 正确
chongyuzhixue	虫鱼之学	3094	典故成语,code 正确
chouduoyechang	愁多夜长	3094	固定成语,code 正确
choushengyuanbo	丑声远播	3094	固定成语,code 正确
chouxuruma	愁绪如麻	3094	固定成语,code 正确
chouyuncanwu	愁云惨雾	3094	固定成语,code 正确
chuanebaichu	舛讹百出	3094	固定成语,code 正确
chuanhongdailv	穿红戴绿	3094	固定成语,code 正确
chuchushutu	出处殊涂	3094	典故成语,code 正确
chuguailouchou	出乖露丑	3094	固定成语,code 正确
chumenhezhe	出门合辙	3094	固定成语,code 正确
chunjiaokouzao	唇焦口燥	3094	固定成语,code 正确
chunluqiushuang	春露秋霜	3094	固定成语,code 正确
chunshumuyun	春树暮云	3094	典故成语(杜甫),code 正确
chunwaqiuchan	春蛙秋蝉	3094	固定成语,code 正确
chunyinqiushe	春蚓秋蛇	3094	典故成语,code 正确
chuoyueduozi	绰约多姿	3094	固定成语,code 正确
chushiwuming	出师无名	3094	成语词典词条,code 正确
ciqiongliji	词穷理极	3094	固定成语,code 正确
cizhongsanmei	此中三昧	3094	典故成语,code 正确
cizunjubei	辞尊居卑	3094	典故成语(孟子),code 正确
congmingzhengzhi	聪明正直	3094	固定成语,code 正确
cuizhehaoqiang	摧折豪强	3094	固定成语,code 正确
cunerbulun	存而不论	3094	典故成语(庄子),code 正确
cungeshewu	村歌社舞	3094	固定成语,code 正确
cuntuchijin	寸土尺金	3094	固定成语,code 正确
cunwangxujue	存亡续绝	3094	固定成语,code 正确
cuotuoguangyin	蹉跎光阴	3094	固定成语,code 正确
cushoucujiao	粗手粗脚	3094	固定成语,code 正确
dafangjueci	大放厥辞	3094	典故成语,code 正确
dairenshuoxiang	代人说项	3094	典故成语,code 正确
daitianlvdi	戴天履地	3094	固定成语,code 正确
damajindao	大马金刀	3094	固定成语,code 正确
danjingjieli	殚精竭力	3094	固定成语,code 正确
dansaoemei	淡扫蛾眉	3094	典故成语,code 正确
dansipiaoyin	箪食瓢饮	3094	典故成语(论语),code 正确
daoerbujing	道而不径	3094	典故成语,code 正确
daogaodezhong	道高德重	3094	固定成语,code 正确
daohezhitong	道合志同	3094	固定成语,code 正确
daojuxungui	蹈矩循规	3094	固定成语,code 正确
daqingmaqu	打情骂趣	3094	成语词典词条,code 正确
darendayi	大仁大义	3094	固定成语,code 正确
darenzhiming	达人知命	3094	典故成语,code 正确
datingguangzhong	大廷广众	3094	成语变体词条(大庭广众),code 正确
debubushi	得不补失	3094	成语变体词条(得不偿失),code 正确
diaochanmanzuo	貂蝉满座	3094	典故成语,code 正确
diaochongxiaoji	雕虫小计	3094	成语变体词条(雕虫小技),code 正确
diaolonghuafeng	雕龙画凤	3094	固定成语,code 正确
dilieshanbeng	地裂山崩	3094	固定成语,code 正确
dingluanfushuai	定乱扶衰	3094	固定成语,code 正确
dingqingfuwei	定倾扶危	3094	固定成语,code 正确
dingzhenxuma	顶针续麻	3094	固定成语,code 正确
dishuichenghe	滴水成河	3094	固定成语,code 正确
disimansheng	底死谩生	3094	固定成语,code 正确
diuhunluopo	丢魂落魄	3094	固定成语,code 正确
dongbuxicou	东补西凑	3094	固定成语,code 正确
dongchaqiuhao	洞察秋毫	3094	典故成语,code 正确
dongchexila	东扯西拉	3094	固定成语,code 正确
dongjingyouchang	动静有常	3094	典故成语,code 正确
dongpiaoxidang	东飘西荡	3094	固定成语,code 正确
dongpojingxin	动魄惊心	3094	成语(惊心动魄同条),code 正确
dongyouxidang	东游西荡	3094	固定成语,code 正确
doupouguafen	豆剖瓜分	3094	典故成语,code 正确
duananrushen	断案如神	3094	固定成语,code 正确
duangengpiaoping	断梗飘萍	3094	典故成语,code 正确
duannikecha	端倪可察	3094	典故成语(庄子),code 正确
duikehuihao	对客挥毫	3094	典故成语,code 正确
duizhengfayao	对症发药	3094	成语词典词条,code 正确
duizhengzhiyao	对症之药	3094	成语词典词条,code 正确
dunjikongmen	遁迹空门	3094	固定成语,code 正确
dunshishuoli	敦诗说礼	3094	典故成语,code 正确
duofeichunshe	多费唇舌	3094	固定成语,code 正确
duolinianren	多历年稔	3094	典故成语,code 正确
duowenqiangji	多闻强记	3094	典故成语,code 正确
dushanwushen	独善吾身	3094	典故成语(孟子),code 正确
dushemengshou	毒蛇猛兽	3094	固定成语,code 正确
dushuyizhi	独竖一帜	3094	成语变体词条(独树一帜),code 正确
duwangdulai	独往独来	3094	典故成语(庄子),code 正确
duwushangqing	睹物伤情	3094	固定成语,code 正确
eeyangshan	遏恶扬善	3094	典故成语(易经),code 正确
ehuqinyang	饿虎擒羊	3094	固定成语,code 正确
erbinsimo	耳鬓斯磨	3094	成语变体词条(耳鬓厮磨),code 正确
ermubisai	耳目闭塞	3094	固定成语,code 正确
ersanqide	二三其德	3094	典故成语(诗经),code 正确
ershizhitan	耳食之谈	3094	典故成语,code 正确
ershuweinve	二竖为虐	3094	典故成语(左传),code 正确
facejueke	发策决科	3094	典故成语,code 正确
fanfanzhitan	泛泛之谈	3094	固定成语,code 正确
fangcunbuluan	方寸不乱	3094	固定成语,code 正确
fanggezongjiu	放歌纵酒	3094	典故成语(杜甫),code 正确
fangyileiju	方以类聚	3094	典故成语(易经),code 正确
fangzongbuju	放纵不拘	3094	固定成语,code 正确
fanranxingwu	翻然醒悟	3094	固定成语,code 正确
fanshuyinshui	饭蔬饮水	3094	典故成语(论语),code 正确
fantairouyan	凡胎肉眼	3094	固定成语,code 正确
fantaizhuoti	凡胎浊体	3094	固定成语,code 正确
fanyansuici	烦言碎辞	3094	固定成语,code 正确
fanzhaohuiguang	返照回光	3094	成语(回光返照同条),code 正确
fanzhuweike	反主为客	3094	固定成语,code 正确
faxianbuling	发宪布令	3094	典故成语,code 正确
feiefuhuo	飞蛾赴火	3094	典故成语,code 正确
feifanyingtian	沸反盈天	3094	经典成语,code 正确
feifenzhicai	非分之财	3094	固定成语,code 正确
feigeliudan	飞阁流丹	3094	典故成语(滕王阁序),code 正确
feishizhixin	匪石之心	3094	典故成语(诗经),code 正确
feishuertan	废书而叹	3094	典故成语(史记),code 正确
feitongerxi	非同儿戏	3094	固定成语,code 正确
feitoudamian	肥头大面	3094	成语变体词条(肥头大耳),code 正确
feixiongrumeng	飞熊入梦	3094	典故成语,code 正确
fenfengpiliu	分风劈流	3094	固定成语,code 正确
fenghuanwubin	风鬟雾鬓	3094	固定成语,code 正确
fengqingyuelang	风清月朗	3094	固定成语,code 正确
fengxuandianche	风旋电掣	3094	成语变体词条(风驰电掣),code 正确
fenmianzhuchun	粉面朱唇	3094	固定成语,code 正确
fenxiangdingli	焚香顶礼	3094	固定成语,code 正确
foxingchanxin	佛性禅心	3094	固定成语,code 正确
foxinshekou	佛心蛇口	3094	成语词典词条,code 正确
fuguachenli	浮瓜沉李	3094	标准成语
fuhuxianglong	伏虎降龙	3094	降龙伏虎变体,读音正确
fushouzhiyan	肤受之言	3094	肤受之言成语
fuxinziwen	抚心自问	3094	标准成语
fuzizidao	夫子自道	3094	标准成语
gandantudi	肝胆涂地	3094	肝脑涂地变体
gankaijiang	感慨激昂	3094	慷慨激昂变体
gaoliangnianshao	膏粱年少	3094	膏粱子弟类成语
gejiucongxin	革旧从新	3094	革故鼎新变体
geshanshengchang	各擅胜场	3094	标准成语
geshizhigan	隔世之感	3094	固定成语
gongchengxingman	功成行满	3094	功行圆满类成语
gongsuishentui	功遂身退	3094	道德经固定成语
gongwanluche	共挽鹿车	3094	标准成语
gongyingbeishe	弓影杯蛇	3094	杯弓蛇影变体
gongyingfubei	弓影浮杯	3094	杯弓蛇影变体
gongzhedaojin	弓折刀尽	3094	标准成语
gougouyingying	狗苟蝇营	3094	蝇营狗苟变体
gouxindoujiao	钩心斗角	3094	标准成语
guadiemianmian	瓜瓞绵绵	3094	标准成语
guaduqianchang	挂肚牵肠	3094	牵肠挂肚变体
guaguanguiqu	挂冠归去	3094	挂冠而去变体
guamuxiangjian	刮目相见	3094	刮目相待变体
guangkaimenlu	广开门路	3094	广开言路变体
guanninggexi	管宁割席	3094	标准成语
guanshantiaodi	关山迢递	3094	固定成语
guantongronghui	贯通融会	3094	融会贯通变体
guanwangzhilai	观往知来	3094	标准成语
guanxiusuchen	贯朽粟陈	3094	贯朽粟红类成语
guawenshaojian	寡闻少见	3094	少见寡闻变体
gubiaoaoshi	孤标傲世	3094	标准成语
guchunnongshe	鼓唇弄舌	3094	标准成语
guimafangniu	归马放牛	3094	放牛归马变体
guirenshanwang	贵人善忘	3094	贵人善忘成语
guohezuzi	过河卒子	3094	固定熟语成语
guoshudiluo	果熟蒂落	3094	瓜熟蒂落变体
gutengroufei	骨腾肉飞	3094	标准成语
guzuoxuanxu	故作玄虚	3094	故弄玄虚变体
haibuyangbo	海不扬波	3094	标准成语
haiwaiqitan	海外奇谈	3094	标准成语
haiwutianchou	海屋添筹	3094	标准成语
hanranrumeng	酣然入梦	3094	固定成语
hanshupifu	撼树蚍蜉	3094	蚍蜉撼树变体
hanshuyijie	寒暑易节	3094	愚公移山成语
haohaoshangshang	浩浩汤汤	3094	标准成语
haolisihu	毫厘丝忽	3094	标准成语
hedantongxin	合胆同心	3094	同心合胆变体
henggeyuema	横戈跃马	3094	跃马横戈变体
hengshuofushi	横槊赋诗	3094	标准成语
hepuhuanzhu	合浦还珠	3094	合浦珠还变体
heyiershui	和衣而睡	3094	和衣而卧变体,读音正确
heyutianyan	河鱼天雁	3094	固定成语
hongnixuezhao	鸿泥雪爪	3094	雪泥鸿爪变体
hongtudazhan	鸿图大展	3094	大展宏图变体,读音正确
hongzhuangsuguo	红装素裹	3094	沁园春雪成语
huafuweiqi	化腐为奇	3094	化腐成奇变体
huaijinwoyu	怀瑾握瑜	3094	标准成语
huangquexianhuan	黄雀衔环	3094	标准成语
huangtanglashui	黄汤辣水	3094	标准成语
huatouhuanao	滑头滑脑	3094	固定成语
huayanhuayu	话言话语	3094	标准成语
huayishiqing	画意诗情	3094	诗情画意变体
huazhaoyueye	花朝月夜	3094	标准成语
huichuanzhuanduo	回船转舵	3094	见风转舵类成语
huitoutumian	灰头土面	3094	灰头土脸变体
huixinlanzhi	蕙心兰质	3094	兰质蕙心变体
huiyinghuisheng	绘影绘声	3094	绘声绘影变体
huizhimoji	悔之莫及	3094	悔之无及变体
huminghumie	忽明忽灭	3094	固定成语
hunfeiposang	魂飞魄丧	3094	魂飞魄散变体
hunzuoyitan	混作一谈	3094	混为一谈变体
huofuwumen	祸福无门	3094	标准成语
huojungongche	获隽公车	3094	标准成语
huoranguantong	豁然贯通	3094	标准成语
huoshangnongbing	火上弄冰	3094	火上弄冰凌成语
huqiugaoxiu	狐裘羔袖	3094	标准成语
jianbuxufa	箭不虚发	3094	标准成语,全拼正确
jiandesiqi	见德思齐	3094	成语(见贤思齐同源),全拼正确
jiandieqingshen	鹣鲽情深	3094	标准成语,全拼正确
jianfengshiduo	见风驶舵	3094	成语(见风使舵异形),全拼正确
jiangmenhuzi	将门虎子	3094	典故成语,全拼正确
jianjialiren	坚甲利刃	3094	标准成语,全拼正确
jianjilvji	剑及履及	3094	典故成语,全拼正确
jianjisensen	剑戟森森	3094	成语,全拼正确
jiankuxingbei	见哭兴悲	3094	成语,全拼正确
jianxiancengchu	间见层出	3094	成语,全拼正确
jianxiaodafang	见笑大方	3094	典故成语,全拼正确
jianzhijianren	见智见仁	3094	成语(见仁见智异序),全拼正确
jianzuiboshe	尖嘴薄舌	3094	成语,全拼正确
jiaoechuichuang	嚼腭搥床	3094	成语,全拼正确
jiaohufenmen	角户分门	3094	成语,全拼正确
jiaokouzanyu	交口赞誉	3094	成语,全拼正确
jiaolijiechu	角立杰出	3094	成语,全拼正确
jiaopinenrou	娇皮嫩肉	3094	成语,全拼正确
jiaorouzaozuo	挢揉造作	3094	成语,全拼正确
jiaoruoyoulong	矫若游龙	3094	成语,全拼正确
jiaqiangdaigun	夹枪带棍	3094	成语,全拼正确
jiayanshanzhuang	嘉言善状	3094	成语,全拼正确
jiejifenggong	洁己奉公	3094	成语,全拼正确
jielingxiling	解铃系铃	3094	典故成语,全拼正确
jiequaoya	诘屈謷牙	3094	成语(诘屈聱牙异形),全拼正确
jietiezhanding	截铁斩钉	3094	成语(斩钉截铁异序),全拼正确
jinbentuimo	进本退末	3094	成语,全拼正确
jindexiuye	进德修业	3094	典故成语,全拼正确
jinduojinshao	尽多尽少	3094	成语,全拼正确
jingcaifengyi	惊才风逸	3094	成语,全拼正确
jingchaibuqun	荆钗布裙	3094	典故成语,全拼正确
jinghuangwucuo	惊慌无措	3094	成语,全拼正确
jingjingzhanzhan	兢兢战战	3094	成语(战战兢兢异序),全拼正确
jingjinyongmeng	精进勇猛	3094	成语,全拼正确
jingshizhicai	经世之才	3094	成语,全拼正确
jingxiaoshenwei	敬小慎微	3094	成语,全拼正确
jingxingzhisui	径行直遂	3094	成语,全拼正确
jinjiushouliao	矜纠收缭	3094	成语,全拼正确
jinkouyuya	金口玉牙	3094	成语,全拼正确
jinkouyuyin	金口玉音	3094	成语,全拼正确
jinmeijinshan	尽美尽善	3094	成语(尽善尽美异序),全拼正确
jinshebikou	金舌弊口	3094	成语,全拼正确
jintaijiyan	尽态极妍	3094	成语,全拼正确
jintuiweigu	进退唯谷	3094	成语(进退维谷异形),全拼正确
jinxinxiuchang	锦心绣肠	3094	成语,全拼正确
jinxiushanhe	锦绣山河	3094	成语,全拼正确
jiquanjiexian	鸡犬皆仙	3094	典故成语(一人得道鸡犬升天同源),全拼正确
jishanzhijie	箕山之节	3094	典故成语,全拼正确
jishizhicai	济世之才	3094	成语,全拼正确
jiulvdenghong	酒绿灯红	3094	成语(灯红酒绿异序),全拼正确
jiuqixuntian	酒气熏天	3094	成语,全拼正确
jiurouxiongdi	酒肉兄弟	3094	成语,全拼正确
jiutoushenmu	臼头深目	3094	成语,全拼正确
jiyanchuanshu	寄雁传书	3094	典故成语,全拼正确
jiyiqigao	几易其稿	3094	成语,全拼正确
jizouxiande	疾走先得	3094	成语(疾足先得异形),全拼正确
juelufengsheng	绝路逢生	3094	成语(绝处逢生异形),全拼正确
juerenjueshi	觉人觉世	3094	成语,全拼正确
juerenqiyi	绝仁弃义	3094	典故成语(老子),全拼正确
julangjinhu	拒狼进虎	3094	成语(前门拒狼后门进虎同源),全拼正确
julaoheku	菊老荷枯	3094	成语,全拼正确
kangxinxigu	抗心希古	3094	成语,全拼正确
kanjingshengqing	看景生情	3094	成语(触景生情同类定型),全拼正确
ketouxianzu	科头跣足	3094	成语,全拼正确
kouerzhixue	口耳之学	3094	典故成语,全拼正确
koujizhongliu	扣楫中流	3094	典故成语(中流击楫变体),code 正确
koukuaixinzhi	口快心直	3094	标准成语(心直口快变体)
kouruxuanhe	口如悬河	3094	标准成语(口若悬河变体)
kuipinzhiliang	馈贫之粮	3094	典故成语
kujintianlai	苦尽甜来	3094	标准成语(苦尽甘来变体)
kulebujun	苦乐不均	3094	标准成语
kunerbuxue	困而不学	3094	典故成语(论语)
kunzhimianxing	困知勉行	3094	典故成语(中庸)
kushufengchun	枯树逢春	3094	标准成语
kutiankudi	哭天哭地	3094	固定四字熟语,code 正确
laiqingquyi	来情去意	3094	标准成语
lanxinhuixing	兰心蕙性	3094	标准成语
laodiaochongtan	老调重谈	3094	标准成语(老调重弹变体)
laoxiuwuneng	老朽无能	3094	标准成语
lengshuijiaotou	冷水浇头	3094	标准成语
lengtoukenao	楞头磕脑	3094	成语(楞头楞脑变体)
lengtoulengnao	楞头楞脑	3094	标准成语
lianchengyiqi	连成一气	3094	标准成语
lianetaoguang	敛锷韬光	3094	典故成语
liangbuguchui	两部鼓吹	3094	典故成语
liangjianhekou	两肩荷口	3094	典故成语
liangjiaoshuchu	两脚书橱	3094	典故成语
liangliangsansan	两两三三	3094	标准成语
liangyeyanmu	两叶掩目	3094	成语(一叶障目类)
lianrenchengwei	连衽成帷	3094	典故成语
lianrilianye	连日连夜	3094	固定四字熟语
liaofacuiku	燎发摧枯	3094	典故成语
liaoqiaochunhan	料峭春寒	3094	标准成语
liaoyiziyu	聊以自娱	3094	标准成语
libeigongban	力倍功半	3094	标准成语(事倍功半类)
liehuopengyou	烈火烹油	3094	典故成语(红楼梦)
lieshangyichuang	裂裳衣疮	3094	典故成语
likuixinxu	理亏心虚	3094	标准成语
liminganshen	立命安身	3094	成语(安身立命变体)
linfengduiyue	临风对月	3094	标准成语
lingdingguku	伶仃孤苦	3094	标准成语
lingdingguku	零丁孤苦	3094	标准成语(异形写法,词典收录)
lingpangaozhi	另攀高枝	3094	标准成语
lingqibasui	零七八碎	3094	标准成语
lingyangguajiao	羚羊挂角	3094	典故成语
lingyanxiangdai	另眼相待	3094	标准成语
linjiyingbian	临机应变	3094	标准成语
linrushuangxue	凛如霜雪	3094	标准成语
linzhenmodao	临阵磨刀	3094	成语(临阵磨枪变体)
lisuobiran	理所必然	3094	标准成语
liuguangyishi	流光易逝	3094	标准成语
liuliboyue	流离播越	3094	典故成语
liumenqiaosuo	溜门撬锁	3094	标准成语
liushenbuan	六神不安	3094	标准成语
liushuitaohua	流水桃花	3094	成语(桃花流水变体)
liuxueqianli	流血千里	3094	典故成语
liuyanfeiyu	流言飞语	3094	标准成语
liuyaolianlian	柳腰莲脸	3094	标准成语
lizhengcizhi	理正词直	3094	标准成语
luduanrenxi	路断人稀	3094	标准成语
luluwuwen	碌碌无闻	3094	标准成语
luwangshuanglai	露往霜来	3094	典故成语
lvanhongxi	绿暗红稀	3094	标准成语
lvbinzhuyan	绿鬓朱颜	3094	标准成语
lvebiaocunxin	略表寸心	3094	标准成语
lverenzhimei	掠人之美	3094	标准成语
lvnianmayue	驴年马月	3094	标准成语
lvshuangjianbing	履霜坚冰	3094	典故成语(易经)
lvwubuzhou	虑无不周	3094	标准成语
maimazhaobing	买马招兵	3094	成语(招兵买马变体)
maiqiyuzi	卖妻鬻子	3094	典故成语
maisuiliangqi	麦穗两歧	3094	典故成语
mancanghuidao	慢藏诲盗	3094	典故成语(易经)
mangmangcangcang	莽莽苍苍	3094	标准成语
manrenermu	瞒人耳目	3094	标准成语
mantianjiaojia	漫天叫价	3094	标准成语
maogusongran	毛骨竦然	3094	成语(毛骨悚然词典异形)
meigaoyandi	眉高眼低	3094	标准成语
meijiezhihuo	眉睫之祸	3094	典故成语
meirimeiyue	没日没月	3094	固定四字熟语,code 正确
meishenmeiqian	没深没浅	3094	标准成语
meixinmeigan	没心没肝	3094	标准成语
menglimengdong	懵里懵懂	3094	标准成语
mengranwuzhi	懵然无知	3094	标准成语
mengzhongshuomeng	梦中说梦	3094	典故成语
mianmianxiangdu	面面相睹	3094	成语(面面相觑变体)
mianmianyuandao	面面圆到	3094	成语(面面俱到变体)
miansimengxiang	眠思梦想	3094	标准成语
miaorukuangshi	邈如旷世	3094	典故成语
miaowuyingzong	渺无影踪	3094	标准成语
miaoyujiefan	妙语解烦	3094	标准成语
mieyingzhuifeng	灭景追风	3094	典故成语
minghuozhizhang	明火执杖	3094	成语(明火执仗异形)
mingyuqiaomu	鸣于乔木	3094	典故成语(诗经)
miyanbobian	米盐博辩	3094	典故成语
mochiwuyuan	没齿无怨	3094	典故成语,code 正确(没=mo)
momalibing	秣马厉兵	3094	标准成语
moyashunxue	磨牙吮血	3094	典故成语(蜀道难)
mubuxieshi	目不邪视	3094	标准成语
muhanshenzui	目酣神醉	3094	标准成语
mumuxiangqu	目目相觑	3094	成语(面面相觑变体)
muwuguofa	目无国法	3094	标准成语
nangenanshe	难割难舍	3094	标准成语
nanhunnvpin	男婚女聘	3094	成语(男婚女嫁变体)
naonaohonghong	闹闹哄哄	3094	固定叠词熟语
neirouwaigang	内柔外刚	3094	标准成语
neiyuanwaifang	内圆外方	3094	标准成语
nengqunengshen	能曲能伸	3094	标准成语
nengyankuaishuo	能言快说	3094	成语(能言快语变体)
neyanminxing	讷言敏行	3094	典故成语(论语)
nianshenyuejiu	年深月久	3094	标准成语
nichangwohe	你唱我和	3094	标准成语
niumaburu	牛马不如	3094	标准成语
niuniezuotai	扭捏作态	3094	标准成语
nixinmiezhi	溺心灭质	3094	典故成语
niyujiuwen	溺于旧闻	3094	典故成语
nuanyibaoshi	暖衣饱食	3094	典故成语
nvelaoshouxin	虐老兽心	3094	典故成语
nvmaolangcai	女貌郎才	3094	标准成语
nvzhongzhangfu	女中丈夫	3094	标准成语
ouluwangji	鸥鹭忘机	3094	典故成语
panlingeyin	泮林革音	3094	典故成语
panlongzhipi	盘龙之癖	3094	典故成语
panruohonggou	判若鸿沟	3094	标准成语
pashanyueling	爬山越岭	3094	成语(翻山越岭类,词典收录)
pengxiaowanli	鹏霄万里	3094	典故成语
piancizhiju	片词只句	3094	标准成语
pinganwuyang	平安无恙	3094	标准成语
pingkongyizao	凭空臆造	3094	标准成语
pingtoulunjiao	评头论脚	3094	成语(评头论足变体)
pingtouzhenglian	平头正脸	3094	标准成语
pingxuyufeng	凭虚御风	3094	典故成语(苏轼)
pipabiebao	琵琶别抱	3094	典故成语
pitiangaidi	劈天盖地	3094	成语(铺天盖地变体,词典收录)
pixiangzhitan	皮相之谈	3094	标准成语
poguazhinian	破瓜之年	3094	典故成语
polangchengfeng	破浪乘风	3094	成语(乘风破浪变体)
qianchawancuo	千差万错	3094	标准成语
qianduanwanxu	千端万绪	3094	标准成语
qianeryijian	浅而易见	3094	成语(显而易见类,词典收录)
qianfengyisu	迁风移俗	3094	标准成语
qiangehouwu	前歌后舞	3094	典故成语
qiangziquzhu	强自取柱	3094	典故成语(荀子)
qianjiehouxiang	前街后巷	3094	标准成语
qianjinyike	千金一刻	3094	成语(一刻千金变体)
qianlitongfeng	千里同风	3094	典故成语
qianlongwuyong	潜龙勿用	3094	典故成语(易经)
qianshangaiguo	迁善改过	3094	标准成语
qiansiwanxiang	千思万想	3094	标准成语
qianxujingshen	谦虚敬慎	3094	标准成语
qianyuqiaomu	迁于乔木	3094	典故成语
qianyuwanyan	千语万言	3094	成语(千言万语变体)
qianzhanhougu	前瞻后顾	3094	标准成语
qianzhendichang	浅斟低唱	3094	典故成语
qianzhendizhuo	浅斟低酌	3094	典故成语
qiaojinjiyu	敲金击玉	3094	标准成语
qiaoshanzhenhu	敲山振虎	3094	标准成语
qiaoshouyiwang	翘首以望	3094	标准成语
qiaoyanruhuang	巧言如簧	3094	典故成语(诗经)
qifenghanyu	凄风寒雨	3094	标准成语
qifengxiuyu	栖风宿雨	3094	典故成语
qihuzhishi	骑虎之势	3094	典故成语
qijiuyingxin	弃旧迎新	3094	标准成语
qiliangdengguan	齐量等观	3094	标准成语
qilingbasan	七零八散	3094	成语(七零八落变体)
qimizheluan	旗靡辙乱	3094	典故成语(左传)
qinchidaifa	噙齿戴发	3094	典故成语
qingchangzhiduan	情长纸短	3094	标准成语
qingguolengzao	清锅冷灶	3094	标准成语
qingwenbingmao	情文并茂	3094	标准成语
qingyingxiuche	清莹秀澈	3094	典故成语
qingzuruibing	轻卒锐兵	3094	典故成语
qinsezhihao	琴瑟之好	3094	典故成语
qinshangchengqin	亲上成亲	3094	标准成语
qiongerhougong	穷而后工	3094	典故成语(欧阳修)
qiongjiwuliao	穷极无聊	3094	标准成语
qiongkouwuzhui	穷寇勿追	3094	典故成语(孙子)
qiqiaomaohuo	七窍冒火	3094	成语(七窍生烟变体)
qiranleixia	凄然泪下	3094	标准成语
qirenziqi	欺人自欺	3094	标准成语
qirubixi	弃如敝屣	3094	典故成语(孟子)
qishenhangu	凄神寒骨	3094	典故成语(柳宗元)
qiufengtuanshan	秋风团扇	3094	典故成语
qiuguoyugong	求过于供	3094	标准成语
qiuquanzhihui	求全之毁	3094	典故成语(孟子)
qiushanjianjuan	秋扇见捐	3094	典故成语
qiweiwuqiong	其味无穷	3094	标准成语
qixialuyong	弃瑕录用	3094	典故成语
qiyanbayu	七言八语	3094	成语(七嘴八舌类,词典收录)
qizhibugu	弃之不顾	3094	标准成语
quanshiquanzhong	全始全终	3094	标准成语
quhuoqiushen	屈蠖求伸	3094	典故成语(易经)
qumeifengjia	曲眉丰颊	3094	典故成语
qunerbudang	群而不党	3094	典故成语(论语)
quqingpibai	取青媲白	3094	典故成语
qutaiqushen	去太去甚	3094	典故成语(老子)
quwurensheng	阒无人声	3094	典故成语
rangyijinglao	让逸竞劳	3094	典故成语
rangzaotuili	让枣推梨	3094	典故成语
ranshenluanzhi	染神乱志	3094	典故成语
raoliangzhiyin	绕梁之音	3094	典故成语
reneyingguan	稔恶盈贯	3094	典故成语=罪恶累累
renfeiwushi	人非物是	3094	物是人非的成语变体
renqiangmazhuang	人强马壮	3094	标准四字成语
renqiongzhiduan	人穷智短	3094	四字成语
renwangjiapo	人亡家破	3094	家破人亡的成语变体
renxinweiwei	人心惟危	3094	尚书典故成语
renyinglvjie	刃迎缕解	3094	韩愈典故成语
rijiunianshen	日久年深	3094	四字成语
rileiyueji	日累月积	3094	日积月累的成语变体
riwangyuelai	日往月来	3094	易经典故成语
rizhongzeze	日中则昃	3094	易经典故成语
rongguloujin	荣古陋今	3094	四字成语=厚古薄今
rouqingchuotai	柔情绰态	3094	洛神赋典故成语
rumuzhibin	入幕之宾	3094	晋书典故成语
rurifangsheng	如日方升	3094	诗经典故成语
sadouchengbing	撒豆成兵	3094	典故成语
sancanbuji	三餐不继	3094	四字成语=贫困
sancunzhishe	三寸之舌	3094	史记典故成语
sanfansifu	三翻四复	3094	三番四复反复无常成语
saotayidai	扫榻以待	3094	扫榻相迎成语变体
saxingengshi	洒心更始	3094	汉书典故成语
selidanbo	色厉胆薄	3094	三国典故成语=色厉内荏
shanbenghaixiao	山崩海啸	3094	山崩地裂类成语变体
shangaoshuidi	山高水低	3094	四字成语=意外不幸
shangxuzhongkui	尚虚中馈	3094	易经典故成语=未娶
shanqizheduo	善骑者堕	3094	淮南子典故成语
shanshanwue	善善恶恶	3094	史记典故成语
shanzaofeisheng	掞藻飞声	3094	文心雕龙典故成语
shaoqinzhuhe	烧琴煮鹤	3094	焚琴煮鹤成语变体
shenbuyouzhu	身不由主	3094	身不由己成语变体
shendangshishi	身当矢石	3094	后汉书典故成语
shendanlibo	身单力薄	3094	四字成语=势单力薄
shengguansijie	生关死劫	3094	红楼梦典故成语
shengqingtongyin	笙磬同音	3094	诗经典故成语=和睦
shengyannanzai	盛筵难再	3094	滕王阁序典故成语
shenwenzhouna	深文周纳	3094	汉书典故成语
shenwuzexing	身无择行	3094	孝经典故成语
shibiancongyi	识变从宜	3094	三国志典故成语
shigulibao	势孤力薄	3094	四字成语
shijiumazuo	使酒骂座	3094	史记灌夫骂座典故成语
shisibuyu	誓死不渝	3094	四字成语
shisuizhiwei	食髓知味	3094	四字成语
shiwuqiubao	食无求饱	3094	论语典故成语
shiyishiyi	世易时移	3094	时移世易成语变体
shiyishiyi	时移势易	3094	四字成语
shiyunbuji	时运不齐	3094	滕王阁序典故成语
shouhuimusong	手挥目送	3094	嵇康典故成语
shouyongbujin	受用不尽	3094	四字成语
shuangluzhibing	霜露之病	3094	史记典故成语=病的谦辞
shudagenshen	树大根深	3094	四字成语
shudubeihu	叔度陂湖	3094	后汉书黄宪典故成语
shuiguoyabei	水过鸭背	3094	俗语=毫无影响
shuiliuhuaxie	水流花谢	3094	四字成语=衰败
shuimiwujiao	水米无交	3094	元曲典故成语=清廉
shujiuhandong	数九寒冬	3094	固定四字熟语
shuwanghanlai	暑往寒来	3094	寒来暑往成语变体
sibieshengli	死别生离	3094	生离死别成语变体
songwangyinglai	送往迎来	3094	庄子礼记典故成语
suibibudeng	岁比不登	3094	后汉书典故成语=歉收
suibozhulang	随波逐浪	3094	五灯会元典故成语
sunshangyixia	损上益下	3094	易经典故成语
tanfudongchuang	坦腹东床	3094	世说新语王羲之典故成语
tiaozhunongfen	调朱弄粉	3094	四字成语=修饰打扮
tiechumozhen	铁杵磨针	3094	李白典故成语
tilingruyu	涕零如雨	3094	诗经典故成语
tingqizaiqu	停妻再娶	3094	元曲典故成语
tongyangxiangguan	痛痒相关	3094	官场现形记典故成语
tongyidadou	通邑大都	3094	史记报任安书典故成语
toubajiaoyi	头把交椅	3094	固定四字熟语=首位
toumeiqurong	偷媚取容	3094	北史典故成语
toushangantou	头上安头	3094	五灯会元典故成语
tuhuannaihe	徒唤奈何	3094	四字成语=无可奈何
tukouxiaoyin	瘏口哓音	3094	诗经典故成语
tulongzhiji	屠龙之技	3094	庄子典故成语
tunshengrenqi	吞声忍气	3094	忍气吞声成语变体
tuqihuluo	兔起鹘落	3094	苏轼典故成语
tuqiongbixian	图穷匕现	3094	战国策荆轲典故成语(图穷匕见)
tuqiyangmei	吐气扬眉	3094	扬眉吐气成语变体
wangcanfeiqin	忘餐废寝	3094	废寝忘餐成语变体
wangchenbuji	望尘不及	3094	望尘莫及成语变体(后汉书)
wangfeixinji	枉费心机	3094	四字成语
wangfengxixin	望峰息心	3094	与朱元思书典故成语
wankuqianxin	万苦千辛	3094	千辛万苦成语变体
wanlaiwusheng	万籁无声	3094	万籁俱寂类成语
wanlvqiansi	万缕千丝	3094	千丝万缕成语变体
weiqiuweiji	为裘为箕	3094	礼记学记典故成语
weixinzhilun	违心之论	3094	四字成语
weizhenbafang	威震八方	3094	四字成语
wenxiangruanyu	温香软玉	3094	软玉温香成语变体(西厢记)
wubaimajiao	乌白马角	3094	史记典故成语=不可能之事
wubianwuyan	无边无沿	3094	成语(无边无际异形),code 正确
wubinongwen	舞笔弄文	3094	成语(舞文弄墨异形),code 正确
wubiyingsi	舞弊营私	3094	成语(营私舞弊异形),code 正确
wuchizhitong	五尺之僮	3094	典故成语,僮=tong,code 正确
wudengheihuo	乌灯黑火	3094	方言固定成语,code 正确
wufengzuolang	无风作浪	3094	成语(无风起浪异形),code 正确
wuguandati	无关大体	3094	成语,code 正确
wuhuaizai	呜乎哀哉	3094	成语「呜呼哀哉」异形,code 正确
wujiawushi	无家无室	3094	成语,code 正确
wujiuwuyu	无咎无誉	3094	典故成语,code 正确
wukongburu	无空不入	3094	成语(无孔不入异形),code 正确
wuliwuzhong	五里雾中	3094	典故成语,code 正确
wushengwuse	无声无色	3094	成语,code 正确
wushiqichang	五世其昌	3094	典故成语(左传),code 正确
wutianheidi	乌天黑地	3094	成语,code 正确
wuwennongfa	舞文弄法	3094	成语,code 正确
wuxingwuying	无形无影	3094	成语,code 正确
wuyingwuxing	无影无形	3094	成语,code 正确
xiabichengpian	下笔成篇	3094	成语,code 正确
xiabichengwen	下笔成文	3094	成语,code 正确
xiabiqianyan	下笔千言	3094	成语,code 正确
xiacheyishi	下车伊始	3094	典故成语,code 正确
xiamakanhua	下马看花	3094	成语,code 正确
xianchenuma	鲜车怒马	3094	成语,code 正确
xiangfengshiyu	祥风时雨	3094	成语,code 正确
xiangxuyishi	相呴以湿	3094	典故成语(庄子),code 正确
xianlianguachi	鲜廉寡耻	3094	成语,code 正确
xianlutoujiao	显露头角	3094	成语(崭露头角异形),code 正确
xianmuliangqi	贤母良妻	3094	成语(贤妻良母异形),code 正确
xianqingyiqu	闲情逸趣	3094	成语(闲情逸致异形),code 正确
xianshixianbao	现世现报	3094	成语,code 正确
xianwaiyouyin	弦外有音	3094	成语,code 正确
xianyuciling	娴于辞令	3094	成语,code 正确
xianziyimao	仙姿佚貌	3094	成语,code 正确
xiaoshaojiucheng	箫韶九成	3094	典故成语(尚书),code 正确
xiaoxiaobuyan	小小不言	3094	熟语成语(收于成语词典),code 正确
xiasanhuasi	瞎三话四	3094	方言成语(吴语),code 正确
xiaxueshangda	下学上达	3094	典故成语(论语),code 正确
xicaiyuqin	戏彩娱亲	3094	典故成语(二十四孝),code 正确
xieguanqinlou	谢馆秦楼	3094	成语(秦楼楚馆类),code 正确
xifugelv	西服革履	3094	成语(西装革履异形),code 正确
xijijingchu	息迹静处	3094	典故成语(庄子),code 正确
ximenpengxiang	席门蓬巷	3094	典故成语,code 正确
xincimianruan	心慈面软	3094	成语,code 正确
xindaoshenzhi	心到神知	3094	成语,code 正确
xingjinerfan	兴尽而返	3094	成语,code 正确
xingrongqiaocui	形容憔悴	3094	成语,code 正确
xingyidouzhuan	星移斗转	3094	成语,code 正确
xingyiwuhuan	星移物换	3094	成语,code 正确
xingzhubimo	形诸笔墨	3094	成语,code 正确
xinjingyaodang	心旌摇荡	3094	成语(心旌摇曳异形),code 正确
xinranzide	欣然自得	3094	成语,code 正确
xinrugaomu	心如槁木	3094	成语,code 正确
xinrukujing	心如枯井	3094	成语,code 正确
xinshouxiangying	心手相应	3094	成语,code 正确
xintouzhuanglu	心头撞鹿	3094	成语,code 正确
xinxiyukuang	欣喜欲狂	3094	成语,code 正确
xishoufenggong	洗手奉公	3094	成语,code 正确
xiuhuabiyue	羞花闭月	3094	成语(闭月羞花异形),code 正确
xiumunandiao	朽木难雕	3094	成语(朽木不可雕异形),code 正确
xiuqiaobulu	修桥补路	3094	成语,code 正确
xuanyasashou	悬崖撒手	3094	成语,code 正确
xuemuweili	削木为吏	3094	典故成语,削=xue,code 正确
xunhuamiliu	寻花觅柳	3094	成语,code 正确
yabaikouqing	牙白口清	3094	方言成语,code 正确
yanbitouxiang	掩鼻偷香	3094	典故成语,code 正确
yanbohaomiao	烟波浩淼	3094	成语(烟波浩渺异形),code 正确
yanbuerjia	言不二价	3094	成语,code 正确
yangaoyuding	眼高于顶	3094	成语,code 正确
yangbukuitian	仰不愧天	3094	典故成语,code 正确
yanguliujin	颜骨柳筋	3094	成语(颜筋柳骨异形),code 正确
yangyangbule	怏怏不乐	3094	成语,code 正确
yanhongchazi	嫣红姹紫	3094	成语(姹紫嫣红异形),code 正确
yanhuaerre	眼花耳热	3094	成语,code 正确
yankutugan	咽苦吐甘	3094	典故成语,code 正确
yankutungan	咽苦吞甘	3094	典故成语,code 正确
yanmeixiangcheng	盐梅相成	3094	典故成语,code 正确
yanmeizhiji	盐梅之寄	3094	典故成语,code 正确
yanquyulai	雁去鱼来	3094	成语,code 正确
yanxingxianggu	言行相顾	3094	成语,code 正确
yanyouweijin	言犹未尽	3094	成语,code 正确
yanyudaoduan	言语道断	3094	典故成语(佛典),code 正确
yaochungushe	摇唇鼓舌	3094	典故成语(庄子),code 正确
yaodianfeilong	药店飞龙	3094	典故成语,code 正确
yaotaonongli	夭桃秾李	3094	典故成语(诗经),code 正确
yaoweiqiushi	摇尾求食	3094	成语,code 正确
yaowuxinxi	杳无信息	3094	成语(杳无音信异形),code 正确
yaquewusheng	鸦鹊无声	3094	成语(鸦雀无声异形),code 正确
yebangengshen	夜半更深	3094	成语,code 正确
yeluozhiqiu	叶落知秋	3094	成语,code 正确
yerenxianpu	野人献曝	3094	典故成语(列子),code 正确
yeyuduichuang	夜雨对床	3094	典故成语,code 正确
yibenchuzhong	一本初衷	3094	成语,code 正确
yibiqianli	一碧千里	3094	成语,code 正确
yibiruxi	一碧如洗	3094	成语,code 正确
yibujiedai	衣不解带	3094	典故成语,code 正确
yibushengcai	义不生财	3094	成语,code 正确
yidayidang	一搭一档	3094	方言成语,code 正确
yigenhuanye	移根换叶	3094	成语,code 正确
yiguqianjin	一顾千金	3094	典故成语,code 正确
yihaobaihao	一好百好	3094	熟语成语,code 正确
yijiayishi	宜家宜室	3094	典故成语(诗经),code 正确
yikoutongsheng	一口同声	3094	成语(异口同声异形),code 正确
yikoutongyin	一口同音	3094	成语,code 正确
yikoutongyin	异口同音	3094	成语(异口同声异形),code 正确
yiluanshenmi	意乱神迷	3094	成语(神迷意乱异形),code 正确
yimakedai	倚马可待	3094	典故成语,code 正确
yimeizhici	溢美之辞	3094	成语,code 正确
yimianzhiya	一面之雅	3094	成语,code 正确
yimingguixi	一命归西	3094	成语,code 正确
yimoxiangru	以沫相濡	3094	成语(相濡以沫异形),code 正确
yinaitongbao	一奶同胞	3094	熟语成语,code 正确
yingfeiyanwu	莺飞燕舞	3094	成语(莺歌燕舞异形),code 正确
yingfendianyu	蝇粪点玉	3094	典故成语,code 正确
yingshilanggu	鹰视狼顾	3094	成语,code 正确
yingtouxiaokai	蝇头小楷	3094	成语,code 正确
yingyupankong	硬语盘空	3094	典故成语(韩愈),code 正确
yingzhixingdan	影只形单	3094	成语(形单影只异形),code 正确
yinwenliangjue	音问两绝	3094	成语,code 正确
yiqinbuzhuo	以勤补拙	3094	成语,code 正确
yiqiziru	意气自如	3094	典故成语,code 正确
yiquhengsheng	逸趣横生	3094	成语,code 正确
yirenweijian	以人为鉴	3094	典故成语,code 正确
yishanbangshui	倚山傍水	3094	成语,code 正确
yishijiubi	医时救弊	3094	成语,code 正确
yishilingren	倚势凌人	3094	成语,code 正确
yisiyisheng	一死一生	3094	典故成语(史记),code 正确
yitaguazi	一塌刮子	3094	方言熟语成语,code 正确
yitahutu	一塌胡涂	3094	成语(一塌糊涂异形),code 正确
yituanmoshi	疑团莫释	3094	成语,code 正确
yixiangbinying	衣香鬓影	3094	成语,code 正确
yixiaoqianjin	一笑千金	3094	典故成语,code 正确
yixiewanli	一泻万里	3094	成语(一泻千里异形),code 正确
yixinwuer	一心无二	3094	成语,code 正确
yiyusanfan	一隅三反	3094	典故成语(论语),code 正确
yizhiyusi	一至于斯	3094	成语,code 正确
yizuoyiqi	一坐一起	3094	成语,code 正确
yongshexingcang	用舍行藏	3094	典故成语(论语),code 正确
youkouwuxing	有口无行	3094	成语,code 正确
youmengyiguan	优孟衣冠	3094	典故成语(史记),code 正确
younvhuaichun	有女怀春	3094	典故成语(诗经),code 正确
yourusiwen	有辱斯文	3094	成语,code 正确
youshangheqi	有伤和气	3094	成语,code 正确
yuangechongyang	远隔重洋	3094	成语,重=chong,code 正确
yuanqinjinlin	远亲近邻	3094	成语,code 正确
yuanyuanbenben	源源本本	3094	成语,code 正确
yubuyanxia	瑜不掩瑕	3094	典故成语(礼记),code 正确
yuemawangong	跃马弯弓	3094	成语,code 正确
yuemayangbian	跃马扬鞭	3094	成语,code 正确
yuequanfeixue	粤犬吠雪	3094	典故成语,code 正确
yuguoqishi	誉过其实	3094	成语(名过其实类),code 正确
yulingzhihun	欲令智昏	3094	成语(利令智昏异形),code 正确
yunbeihaisi	云悲海思	3094	成语,code 正确
yunguotiankong	云过天空	3094	成语,code 正确
yunnizhicha	云泥之差	3094	成语(云泥之别异形),code 正确
yunzhijuezhong	允执厥中	3094	典故成语(尚书),code 正确
yunzhuanshilai	运转时来	3094	成语(时来运转异形),code 正确
yuquyuduo	予取予夺	3094	典故成语,code 正确
yurouxiangli	鱼肉乡里	3094	成语,code 正确
yuwofengcan	雨卧风餐	3094	成语(风餐露宿类异形),code 正确
yuyanwangfan	鱼雁往返	3094	成语,code 正确
yuyifanbi	欲益反弊	3094	成语(欲益反损异形),code 正确
zaocidianpei	造次颠沛	3094	典故成语(论语),code 正确
zaoguishuce	凿龟数策	3094	典故成语,code 正确
zaxuepangshou	杂学旁收	3094	成语(博学旁收类),code 正确
zeimeizeiyan	贼眉贼眼	3094	成语,code 正确
zhangshangguanwen	掌上观文	3094	成语(掌上观纹异形),code 正确
zhanzhanzihao	沾沾自好	3094	成语(沾沾自喜异形),code 正确
zhaojunmaima	招军买马	3094	成语(招兵买马异形),code 正确
zhaoliangmuchen	朝梁暮陈	3094	典故成语,code 正确
zhaowenxisi	朝闻夕死	3094	典故成语(论语),code 正确
zhenbijishu	振笔疾书	3094	成语,code 正确
zhengechangdan	枕戈尝胆	3094	典故成语,code 正确
zhengqiangdouhen	争强斗狠	3094	成语,code 正确
zhengrongkuayao	争荣夸耀	3094	成语,code 正确
zhibukeman	志不可满	3094	《礼记·曲礼》成语
zhidonghuaxi	指东画西	3094	典故成语
zhigesanma	止戈散马	3094	典故成语
zhimingzhinian	知命之年	3094	典故成语
zhirenwuji	至人无己	3094	《庄子·逍遥游》成语
zhirenwumeng	至人无梦	3094	《庄子·大宗师》成语
zhisibuyu	之死不渝	3094	典故成语
zhiyibianhuo	质疑辨惑	3094	成语
zhonghouguayan	重厚寡言	3094	典故成语
zhongqitiannian	终其天年	3094	典故成语
zhongwanggaoming	重望高名	3094	典故成语
zhongxiaoliangquan	忠孝两全	3094	成语
zhongyanzhizhi	终焉之志	3094	典故成语
zhongzhuotongyin	众啄同音	3094	典故成语
zhongzuiduxing	众醉独醒	3094	典故成语
zhouzhongdiguo	舟中敌国	3094	《史记》典故成语
zhuanxinyizhi	专心一志	3094	《荀子》成语
zhuchunhaochi	朱唇皓齿	3094	成语
zhuemozuo	诸恶莫作	3094	佛典成语
zhuguanwuduan	主观武断	3094	成语
zhuifengzhuying	追风逐影	3094	成语
zhuihunduoming	追魂夺命	3094	成语
zhuoguyujin	酌古御今	3094	典故成语
zhurenxiashi	助人下石	3094	典故成语
zhuxiaoqingda	柱小倾大	3094	《汉书》典故成语
ziweifuyin	子为父隐	3094	《论语》典故成语
zouxiangchuanhu	走乡串户	3094	成语
zuokunshoudou	作困兽斗	3094	《左传》典故成语
zuowuxuxi	坐无虚席	3094	典故成语
zushandaihe	阻山带河	3094	典故成语
anbuwangwei	安不忘危	2987	典故成语
andurugu	安堵如故	2987	典故成语
antongkuanqu	暗通款曲	2987	成语
anzhenerwo	安枕而卧	2987	典故成语
bainianzhihao	百年之好	2987	成语
banbiheshan	半壁河山	2987	成语
beishanmianshui	背山面水	2987	成语
bimoguansi	笔墨官司	2987	成语
bingduojiangguang	兵多将广	2987	成语
bixuedanxin	碧血丹心	2987	典故成语
bujinqingli	不近情理	2987	成语
buyiqingxiang	布衣卿相	2987	典故成语
buyizhijiao	布衣之交	2987	典故成语
caishuyiguang	才疏意广	2987	《后汉书》典故成语
canlanhuihuang	灿烂辉煌	2987	成语
canshanshengshui	残山剩水	2987	成语
chawushiju	查无实据	2987	成语
chengshengzhubei	乘胜逐北	2987	典故成语
chongyiqingli	重义轻利	2987	成语
chuangyechuitong	创业垂统	2987	《孟子》典故成语
congrongjiuyi	从容就义	2987	成语
cufuluantou	粗服乱头	2987	《世说新语》典故成语
damiuburan	大谬不然	2987	典故成语
dansihujiang	箪食壶浆	2987	《孟子》典故成语
dayiqiqu	大异其趣	2987	成语
diechuangjiawu	叠床架屋	2987	典故成语
dijiminpin	地瘠民贫	2987	成语
dipingtiancheng	地平天成	2987	《尚书》典故成语
dumenxieke	杜门谢客	2987	成语
duoduanguayao	多端寡要	2987	《三国志》典故成语
duzhihaoxue	笃志好学	2987	成语
fangongdaosuan	反攻倒算	2987	成语
feibangzhimu	诽谤之木	2987	《史记》典故成语
feiyingzougou	飞鹰走狗	2987	《后汉书》典故成语
fengcifazui	奉辞伐罪	2987	《尚书》典故成语
fenranzuose	忿然作色	2987	典故成语
fumuzhibang	父母之邦	2987	《论语》典故成语
fushoutieer	俯首贴耳	2987	成语(俯首帖耳异体)
fuxinzhiji	腹心之疾	2987	《左传》典故成语
gaimingyixing	改名易姓	2987	成语
gaozudizi	高足弟子	2987	成语
guchenniezi	孤臣孽子	2987	典故成语(孟子)
haomoushanduan	好谋善断	2987	标准成语
haoxuebujuan	好学不倦	2987	标准成语
hengheshashu	恒河沙数	2987	典故成语
hezonglianheng	合纵连横	2987	历史典故成语
houjifaren	后继乏人	2987	标准成语
huangyinwudao	荒淫无道	2987	标准成语
huoguangzhutian	火光烛天	2987	标准成语
jietanxiangshuo	街谈巷说	2987	成语(街谈巷议异形)
jinzhongbaoguo	尽忠报国	2987	典故成语(岳飞)
jiurushigai	九儒十丐	2987	历史典故成语
kaiwuchengwu	开物成务	2987	典故成语(易经)
kehuaruwei	刻画入微	2987	标准成语
keranchangshi	溘然长逝	2987	标准成语
kesitaxiang	客死他乡	2987	标准成语
kuaibuyanxi	脍不厌细	2987	典故成语(论语)
kuanmengxiangji	宽猛相济	2987	典故成语(左传)
kuazhoulianjun	跨州连郡	2987	典故成语(隆中对)
liangyouyiye	良有以也	2987	文言固定成语
libunengzhi	力不能支	2987	标准成语
lihuaiyuebeng	礼坏乐崩	2987	典故成语(礼崩乐坏)
lingyankandai	另眼看待	2987	标准成语(另眼相看)
linzhichengxiang	麟趾呈祥	2987	吉祥成语
liuchuxingwang	六畜兴旺	2987	标准成语(吉祥语)
lvliguoren	膂力过人	2987	标准成语
mengbishenghua	梦笔生花	2987	典故成语
mianbijiunian	面壁九年	2987	典故成语(达摩)
mingguergong	鸣鼓而攻	2987	典故成语(论语)
mingshixiangfu	名实相符	2987	标准成语
mingzhenyishi	名震一时	2987	标准成语
minkangwufu	民康物阜	2987	标准成语(吉祥语)
moumoweiwo	谋谟帷幄	2987	成语(运筹帷幄类)
mozhuanduifeng	磨砖对缝	2987	标准成语
nanchuanbeima	南船北马	2987	标准成语
panshizhigu	磐石之固	2987	标准成语
qiankesaoren	迁客骚人	2987	典故成语(岳阳楼记)
qingshengzhongyi	轻生重义	2987	标准成语
qingshiliuming	青史留名	2987	标准成语
qiongxingjinxiang	穷形尽相	2987	标准成语
qishuhangxia	泣数行下	2987	典故成语(史记)
quanbaifengyi	劝百讽一	2987	典故成语(史记)
renqingxiongxiong	人情汹汹	2987	成语(韩愈)
renxinfudong	人心浮动	2987	标准成语
renxinsuogui	人心所归	2987	成语(晋书)
rijiuyuejiang	日就月将	2987	典故成语(诗经)
ruocunruowang	若存若亡	2987	典故成语(老子)
rurifangzhong	如日方中	2987	标准成语
sanjiangwuhu	三江五湖	2987	标准成语
sanyuanjidi	三元及第	2987	科举吉祥成语
shanguangshuise	山光水色	2987	标准成语
sharenzhesi	杀人者死	2987	典故成语(约法三章)
shengougaolei	深沟高垒	2987	标准成语
shijingzhitu	市井之徒	2987	标准成语
shuquanfeiri	蜀犬吠日	2987	典故成语
shushenglanglang	书声琅琅	2987	标准成语
sihaidingfei	四海鼎沸	2987	标准成语
sixingwuji	肆行无忌	2987	标准成语
tiannurenyuan	天怒人怨	2987	标准成语
tongshanghuigong	通商惠工	2987	典故成语(左传)
tongxinluli	同心戮力	2987	标准成语
tuogujiming	托孤寄命	2987	典故成语(论语)
wangfengpimi	望风披靡	2987	标准成语
wangzhisuocuo	罔知所措	2987	标准成语
weishibuke	未始不可	2987	成语词典条目
wentianwuxi	文恬武嬉	2987	标准成语
wusuobuke	无所不可	2987	成语词典条目
xiangjianheji	相煎何急	2987	典故成语(七步诗)
xiangxingshise	相形失色	2987	标准成语
xiaohanzhigu	崤函之固	2987	典故成语(过秦论)
xieliyinyang	燮理阴阳	2987	典故成语
xinfuzhiji	心腹之疾	2987	标准成语
xingjiyouchi	行己有耻	2987	典故成语(论语)
xinglichuhai	兴利除害	2987	标准成语
yangweizhongyong	洋为中用	2987	标准成语
yangxuxuanyu	羊续悬鱼	2987	典故成语
yideyixin	一德一心	2987	标准成语
yiguajizhong	以寡击众	2987	标准成语
yimaixiangtong	一脉相通	2987	标准成语
yishizhixiu	一时之秀	2987	成语词典条目
yixiaozuozhong	移孝作忠	2987	典故成语
yizhaozhifen	一朝之忿	2987	典故成语(论语)
youguoaimin	忧国爱民	2987	成语词典条目
yuanfeiyuyue	鸢飞鱼跃	2987	典故成语(诗经)
yuanshechongyang	远涉重洋	2987	标准成语
yuanzhieran	远至迩安	2987	成语词典条目
yunchoujuesheng	运筹决胜	2987	成语词典条目
zengshensharen	曾参杀人	2987	典故成语
zhengfangdouyan	争芳斗艳	2987	标准成语
zhibilinci	栉比鳞次	2987	标准成语
zhitianhuadi	指天画地	2987	标准成语
zhiyijinyi	至矣尽矣	2987	典故成语
zhongshizenghua	踵事增华	2987	典故成语
zhouyejianxing	昼夜兼行	2987	标准成语
zhudingxiangwu	铸鼎象物	2987	典故成语(左传)
zhuruchensi	主辱臣死	2987	典故成语
zuiburongzhu	罪不容诛	2987	标准成语
zuotiyouqie	左提右挈	2987	标准成语
aiganwanyan	哀感顽艳	2367	标准成语
anchepulun	安车蒲轮	2367	典故成语
anpinlejian	安贫乐贱	2367	成语词典条目
baierheshan	百二河山	2367	典故成语
bailongyufu	白龙鱼服	2367	典故成语
baishenmoshu	百身莫赎	2367	成语
baisushanghua	败俗伤化	2367	成语(伤化败俗)
baojingshigu	饱经世故	2367	成语
baojingximin	保境息民	2367	成语
baosiliupi	豹死留皮	2367	成语
bashishiwu	拔十失五	2367	成语
beidaojianxing	倍道兼行	2367	成语
beigongfeishi	卑宫菲食	2367	成语
biaolixiangying	表里相应	2367	成语
biduolishao	弊多利少	2367	成语
bierhouyi	毙而后已	2367	成语(死而后已变体)
bijianjizhong	比肩继踵	2367	成语
bilirousheng	髀里肉生	2367	成语(髀肉复生)
bingyaozhiben	秉要执本	2367	成语
boluanzhubao	拨乱诛暴	2367	成语
boxueqiawen	博学洽闻	2367	成语
bucezhihuo	不测之祸	2367	成语
bufaqili	不乏其例	2367	成语
bujinbufa	不矜不伐	2367	成语
bujinbugu	不今不古	2367	成语
bujinxixing	不矜细行	2367	成语
bujuxixing	不拘细行	2367	成语
buwenbuwu	不文不武	2367	成语
buyiyizi	不易一字	2367	成语
buyuanwanli	不远万里	2367	成语
buzhiyici	不置一词	2367	成语
buzuweiju	不足为据	2367	成语
caiqihengyi	才气横溢	2367	成语
caiqiwushuang	才气无双	2367	成语
canminyicheng	残民以逞	2367	成语
canpianduanjian	残篇断简	2367	成语(断编残简)
canrankeguan	粲然可观	2367	成语
chaihengbinluan	钗横鬓乱	2367	成语
changdanwoxin	尝胆卧薪	2367	成语(卧薪尝胆变体)
changhonghuabi	苌弘化碧	2367	成语
chaoyijuechen	超逸绝尘	2367	成语
chayujiuhou	茶余酒后	2367	成语(茶余饭后)
chengequanshan	惩恶劝善	2367	成语
chenghuqihou	瞠乎其后	2367	成语
chenghusheshu	城狐社鼠	2367	成语
chengjiansixi	乘间伺隙	2367	成语
chengrenquyi	成仁取义	2367	成语
chicunzhidi	尺寸之地	2367	成语
chirubianbei	齿如编贝	2367	成语
chixinbaoguo	赤心报国	2367	成语
chizhiyougu	持之有故	2367	成语
chonglunhongyi	崇论宏议	2367	成语
choumeisuoyan	愁眉锁眼	2367	成语
chuangranleixia	怆然泪下	2367	成语
chuoshuyinshui	啜菽饮水	2367	成语
chushitisheng	初试啼声	2367	成语
chusirusheng	出死入生	2367	成语(出生入死变体)
chuyitoudi	出一头地	2367	成语(出人头地变体)
chuzhiyouming	黜陟幽明	2367	成语
cifubiqi	此伏彼起	2367	成语(此起彼伏)
cunbuqianli	寸步千里	2367	成语
cuyidanshi	粗衣淡食	2367	成语
dadongganhuo	大动肝火	2367	成语
daeryanzhi	大而言之	2367	成语
dafaxiaolian	大法小廉	2367	成语
daihuzhishou	怠忽职守	2367	成语
daluzhuilun	大辂椎轮	2367	成语
dangxiliju	荡析离居	2367	成语
dangxingerwang	当刑而王	2367	成语
danshutieqi	丹书铁契	2367	成语(丹书铁券)
dansijilv	殚思极虑	2367	成语
daoshanqinghai	倒山倾海	2367	成语
dasilaohu	打死老虎	2367	成语
dayoujingting	大有径庭	2367	成语(大相径庭变体)
dazhiruoqu	大直若屈	2367	成语
dikaitongchou	敌忾同仇	2367	成语(同仇敌忾)
dingxingegu	鼎新革故	2367	成语
dizhuzhongliu	砥柱中流	2367	成语(中流砥柱)
dongzhecuibeng	栋折榱崩	2367	成语
doujiuxueshi	斗酒学士	2367	成语
doujizougou	斗鸡走狗	2367	成语
doujueyiyu	斗绝一隅	2367	成语
duanbingjiezhan	短兵接战	2367	成语(短兵相接)
duanfawenshen	断发文身	2367	成语
duanlanchaobao	断烂朝报	2367	成语
duantoujiangjun	断头将军	2367	成语
duoliniansuo	多历年所	2367	成语
duxianjineng	妒贤嫉能	2367	成语
ershizhiyan	耳食之言	2367	成语
fabuegui	法不阿贵	2367	标准成语,拼音正确
fangdanfengliu	放诞风流	2367	标准成语,拼音正确
fanmuweichou	反目为仇	2367	成语(反目成仇变体),拼音正确
fanyanjijian	犯颜极谏	2367	标准成语,拼音正确
faxingzhifu	伐性之斧	2367	标准成语,拼音正确
feidongshounian	肥冬瘦年	2367	标准成语,拼音正确
feifeiqizhu	吠非其主	2367	标准成语,拼音正确
feiranerfan	废然而反	2367	标准成语,拼音正确
fenbingbashou	分兵把守	2367	标准成语,拼音正确
fengqiangzhenma	风樯阵马	2367	标准成语,拼音正确
fengrushenming	奉如神明	2367	标准成语,拼音正确
fengweikaimo	奉为楷模	2367	标准成语,拼音正确
fengyuntubian	风云突变	2367	标准成语,拼音正确
fenqitianying	愤气填膺	2367	成语(义愤填膺变体),拼音正确
fenruzhihuo	焚如之祸	2367	标准成语,拼音正确
fuchezhigui	覆车之轨	2367	标准成语,拼音正确
fuguibiren	富贵逼人	2367	标准成语,拼音正确
fuguibuyin	富贵不淫	2367	标准成语,拼音正确
fushanhuoyin	福善祸淫	2367	标准成语,拼音正确
fushoujiuqin	俯首就擒	2367	标准成语,拼音正确
fuweidingqing	扶危定倾	2367	标准成语,拼音正确
fuweijiukun	扶危救困	2367	标准成语,拼音正确
fuxiuergui	拂袖而归	2367	标准成语,拼音正确
fuyunbiri	浮云蔽日	2367	标准成语,拼音正确
fuzhengquxie	扶正祛邪	2367	标准成语,拼音正确
fuzimingbi	复子明辟	2367	典故成语,辟读bi正确
ganshixiaoyi	旰食宵衣	2367	标准成语,拼音正确
ganxinshouji	甘心首疾	2367	诗经典故成语,拼音正确
gaocaijizu	高材疾足	2367	标准成语,拼音正确
gaomusihui	槁木死灰	2367	标准成语,拼音正确
gaoxiaqishou	高下其手	2367	标准成语,拼音正确
gecongqilei	各从其类	2367	易经典故成语,拼音正确
gesiqishi	各司其事	2367	标准成语,拼音正确
gezhiyiduan	各执一端	2367	标准成语,拼音正确
gonggaitiandi	功盖天地	2367	标准成语,拼音正确
gongmodaiyan	功莫大焉	2367	标准成语,拼音正确
gongshouzuikui	功首罪魁	2367	标准成语,拼音正确
gongxianshizu	躬先士卒	2367	标准成语,拼音正确
gongxingshijian	躬行实践	2367	标准成语,拼音正确
gouquanxingming	苟全性命	2367	标准成语,拼音正确
guafendoupou	瓜分豆剖	2367	标准成语,拼音正确
guangyanwanzhang	光焰万丈	2367	标准成语,拼音正确
gugongzhili	股肱之力	2367	典故成语,拼音正确
guohuacunshen	过化存神	2367	典故成语,拼音正确
gupanshenfei	顾盼神飞	2367	标准成语,拼音正确
guyuexuantian	鼓乐喧天	2367	标准成语,乐读yue正确
guzhangzhishang	股掌之上	2367	标准成语,拼音正确
hangeburu	扞格不入	2367	标准成语,拼音正确
hangounawu	含垢纳污	2367	标准成语,拼音正确
haoshanwue	好善恶恶	2367	标准成语,拼音正确
haoshengwusha	好生恶杀	2367	标准成语,恶读wu正确
hebuchutu	河不出图	2367	论语典故成语,拼音正确
hengxingbufa	横行不法	2367	标准成语,拼音正确
houmaoshenqing	厚貌深情	2367	标准成语,拼音正确
huamufushu	花木扶疏	2367	标准成语,拼音正确
huangshantuling	荒山秃岭	2367	标准成语,拼音正确
huangtongbaisou	黄童白叟	2367	标准成语,拼音正确
huanshengleidong	欢声雷动	2367	标准成语,拼音正确
huatingheli	华亭鹤唳	2367	典故成语,拼音正确
huayaohumei	花妖狐魅	2367	标准成语,拼音正确
huijitaoguang	晦迹韬光	2367	标准成语,拼音正确
huikuodadu	恢廓大度	2367	标准成语,拼音正确
huilugongxing	贿赂公行	2367	标准成语,拼音正确
huitianfali	回天乏力	2367	标准成语,拼音正确
huiyubuyi	毁誉不一	2367	标准成语,拼音正确
huizhibuji	悔之不及	2367	标准成语,拼音正确
hukoubaya	虎口拔牙	2367	标准成语,拼音正确
hulianzhiqi	瑚琏之器	2367	典故成语,拼音正确
huoshangtianyou	火上添油	2367	标准成语,拼音正确
husishouqiu	狐死首丘	2367	典故成语,拼音正确
huweibiaoli	互为表里	2367	标准成语,拼音正确
huzhongriyue	壶中日月	2367	典故成语,拼音正确
jiabingbuxiang	佳兵不祥	2367	典故成语,拼音正确
jiangshunqimei	将顺其美	2367	典故成语,拼音正确
jiangxinxiumu	讲信修睦	2367	礼记典故成语,拼音正确
jianmaiguimai	贱买贵卖	2367	标准成语,拼音正确
jianweishouming	见危授命	2367	论语典故成语,拼音正确
jianweizhiming	见危致命	2367	论语典故成语,拼音正确
jianyinlulve	奸淫掳掠	2367	标准成语,拼音正确
jiaohandaoshou	郊寒岛瘦	2367	典故成语,拼音正确
jiaoruojinglong	矫若惊龙	2367	标准成语,拼音正确
jiaosheyinyi	骄奢淫佚	2367	标准成语,拼音正确
jiatubili	家徒壁立	2367	标准成语,拼音正确
jiayumingjin	戛玉鸣金	2367	标准成语,拼音正确
jieyituishi	解衣推食	2367	典故成语,拼音正确
jiezuxiande	捷足先得	2367	标准成语,拼音正确
jijianganchu	计将安出	2367	典故成语,拼音正确
jijiaozhishi	犄角之势	2367	标准成语,拼音正确
jijiduoshi	济济多士	2367	诗经典故成语,拼音正确
jijiwuming	藉藉无名	2367	标准成语,拼音正确
jilinqianyi	戢鳞潜翼	2367	典故成语,拼音正确
jimingerqi	鸡鸣而起	2367	孟子典故成语,拼音正确
jinchengjiejie	尽诚竭节	2367	典故成语,拼音正确
jingjinmeiyu	精金美玉	2367	标准成语,拼音正确
jinguishishi	金匮石室	2367	典故成语,拼音正确
jinshizhijiao	金石之交	2367	标准成语
jinzhongjieli	尽忠竭力	2367	标准成语
jiquaoya	佶屈聱牙	2367	标准成语
jishoutongxin	疾首痛心	2367	成语(痛心疾首变体)
jiujiuwufu	赳赳武夫	2367	成语(出诗经)
jiuzaixuhuan	救灾恤患	2367	成语
jiuzhanquechao	鸠占鹊巢	2367	标准成语
juanqixigu	卷旗息鼓	2367	成语(偃旗息鼓变体)
juanquxunguo	捐躯殉国	2367	固定熟语
kebaoguaen	刻薄寡恩	2367	标准成语
koufuxinfu	口服心服	2367	成语(心服口服变体)
kuafuzhuiri	夸父追日	2367	典故成语
kuangshiyicai	旷世逸才	2367	成语
kuiwenfenwu	揆文奋武	2367	成语(出尚书)
kuobugaotan	阔步高谈	2367	成语
kushenjiaosi	苦身焦思	2367	成语
kuxinjiaosi	苦心焦思	2367	成语(出孟子)
laoerbusi	老而不死	2367	成语(词典headword)
laokugonggao	劳苦功高	2367	标准成语
laoruocanbing	老弱残兵	2367	标准成语
laosaomanfu	牢骚满腹	2367	成语(满腹牢骚变体)
laoxinjiaosi	劳心焦思	2367	成语
leilifengfei	雷厉风飞	2367	成语(雷厉风行变体)
leiluanzhiwei	累卵之危	2367	标准成语
liaoruozhizhang	了若指掌	2367	成语(了如指掌变体)
liechangguozu	裂裳裹足	2367	成语
linhanjiansu	林寒涧肃	2367	成语(出三峡)
litingsaoxue	犁庭扫穴	2367	标准成语
liuchaojinfen	六朝金粉	2367	熟语
liujiesanshi	六街三市	2367	成语
liuxuepiaolu	流血漂卤	2367	成语(流血漂橹)
longmeifengmu	龙眉凤目	2367	标准成语
longpanhuju	龙蟠虎踞	2367	成语(龙盘虎踞)
longshefeidong	龙蛇飞动	2367	标准成语
lumangmielie	卤莽灭裂	2367	成语(鲁莽灭裂)
lundaojingbang	论道经邦	2367	成语(出尚书)
luohuangerzou	落荒而走	2367	成语(落荒而逃变体)
luopobuji	落魄不羁	2367	成语
lushanmianmu	庐山面目	2367	成语(庐山真面目)
luwushiyi	路无拾遗	2367	成语(路不拾遗)
mangrenxiama	盲人瞎马	2367	标准成语
manzhikongyan	满纸空言	2367	成语
maocitujie	茅茨土阶	2367	标准成语
maowucaichuan	茅屋采椽	2367	成语
meixiayukuang	每下愈况	2367	成语(出庄子)
mianfuyuchen	面缚舆榇	2367	成语
mianmujiefei	面目皆非	2367	成语(面目全非变体)
mianrusihui	面如死灰	2367	标准成语
mianzhetingzheng	面折廷争	2367	成语
mierzhifan	迷而知返	2367	成语(迷途知返)
mimizhiyue	靡靡之乐	2367	成语(靡靡之音变体)
minfuguoqiang	民富国强	2367	成语(国富民强变体)
mingaominzhi	民膏民脂	2367	成语(民脂民膏变体)
mingbuxude	名不虚得	2367	成语(名不虚传变体)
mingfachifa	明罚敕法	2367	成语(出易经)
mingfashenling	明法审令	2367	成语
mingshifengliu	名士风流	2367	成语
mingzhongyishi	名重一时	2367	成语
minweibangben	民惟邦本	2367	成语(出尚书)
miranchengfeng	靡然成风	2367	成语
mobuxiangguan	漠不相关	2367	成语
moganshuihe	莫敢谁何	2367	成语
mojianjigu	摩肩击毂	2367	成语
mouweibugui	谋为不轨	2367	成语(图谋不轨变体)
muruoxuanzhu	目若悬珠	2367	成语
naixinwangshi	乃心王室	2367	成语(出尚书)
najianruliu	纳谏如流	2367	成语(从谏如流变体)
nanfengbujing	南风不竞	2367	成语(出左传)
neishifanting	内视反听	2367	成语
neiwaihuying	内外呼应	2367	成语
nengshuoshandao	能说善道	2367	成语(能说会道变体)
niangaodeshao	年高德邵	2367	标准成语
nianhuaweixiao	拈花微笑	2367	典故成语
niqushunshou	逆取顺守	2367	成语(出汉书)
pianyanzhizi	片言只字	2367	标准成语
piaofengzhouyu	飘风骤雨	2367	成语(出老子)
pifayingguan	披发缨冠	2367	成语(出孟子)
pifuhuaibi	匹夫怀璧	2367	成语(怀璧其罪)
piguashangzhen	披挂上阵	2367	标准成语
pihonggualv	披红挂绿	2367	标准成语
pikangdaoxu	批亢捣虚	2367	成语(出史记)
pinzhudiaoxian	品竹调弦	2367	成语
kekuzili	刻苦自励	2367	词典成语
mozhiyujing	莫之与京	2367	左传成语
qiangganruozhi	强干弱枝	2367	标准成语
qiangongjinmie	前功尽灭	2367	成语(前功尽弃变体)
qiangtoumashang	墙头马上	2367	成语(男女爱慕)
qianguweiyou	前古未有	2367	成语
qianlichungeng	千里莼羹	2367	典故成语
qianqiuwangu	千秋万古	2367	成语
qianshanyingu	堑山堙谷	2367	成语
qiantaiwanzhuang	千态万状	2367	成语
qiantudaoge	前徒倒戈	2367	成语
qianyanwangxing	前言往行	2367	成语
qibuchengzhang	七步成章	2367	典故成语
qicaiyineng	奇才异能	2367	成语
qihuayaocao	琪花瑶草	2367	成语
qijunwuguo	欺君误国	2367	成语
qiluwangyang	歧路亡羊	2367	典故成语
qingcaihaoshi	轻财好施	2367	成语
qingcaizhongshi	轻财重士	2367	成语
qingciliju	清词丽句	2367	成语
qingzhenyizhi	情真意挚	2367	成语(情真意切变体)
qiongnianleiyue	穷年累月	2367	成语
qiongtuliaodao	穷途潦倒	2367	成语
qiqinqizong	七擒七纵	2367	典故成语
qiqubingjia	齐驱并驾	2367	成语(并驾齐驱)
qiufengwanshan	秋风纨扇	2367	成语
qiugaomafei	秋高马肥	2367	成语
qiuhaobufan	秋毫不犯	2367	成语
qiwenjiuwu	弃文就武	2367	成语
quanshanjiee	劝善戒恶	2367	成语
quanshenyuanhai	全身远害	2367	成语
quehububa	确乎不拔	2367	成语
qunqingdingfei	群情鼎沸	2367	成语
qunxianbizhi	群贤毕至	2367	成语
qutianchiwu	去天尺五	2367	成语
renbaiqishen	人百其身	2367	成语
renxinhaili	忍心害理	2367	成语
rouyuannenger	柔远能迩	2367	成语
ruzhizhuzhang	如指诸掌	2367	成语(了如指掌)
ruzuoyoushou	如左右手	2367	成语
sanhuwangqin	三户亡秦	2367	典故成语
saorenmoke	骚人墨客	2367	成语
saoxueliting	扫穴犁庭	2367	成语(犁庭扫穴)
shajiqudan	杀鸡取蛋	2367	成语(杀鸡取卵变体)
shangbuyijian	赏不遗贱	2367	成语
shangfayanming	赏罚严明	2367	成语
shantirenyi	善体人意	2367	成语(善解人意)
shanyurenjiao	善与人交	2367	成语
sharenyingye	杀人盈野	2367	成语
shashenbaoguo	杀身报国	2367	成语
shaxuejiemeng	歃血结盟	2367	成语(歃血为盟变体)
shejicongren	舍己从人	2367	成语
shengchirifan	生齿日繁	2367	成语
shengengudi	深根固柢	2367	成语
shengengudi	深根固蒂	2367	成语(根深蒂固)
shengmingyouguan	生命攸关	2367	成语(生死攸关变体)
shengmintutan	生民涂炭	2367	成语(生灵涂炭变体)
shengnanyunv	生男育女	2367	成语
shengsibuyu	生死不渝	2367	成语
shengzhenhuanyu	声震寰宇	2367	成语
shenqimoce	神奇莫测	2367	成语
shenshanqionggu	深山穷谷	2367	成语
shenshiguishe	神施鬼设	2367	成语
shenzhouchixian	神州赤县	2367	成语(赤县神州)
shichangbajiu	十常八九	2367	成语(十有八九)
shidonglayue	十冬腊月	2367	成语
shifengqishi	适逢其时	2367	成语(适逢其会)
shihangjuxia	十行俱下	2367	成语(一目十行)
shilaobingpi	师老兵疲	2367	成语
shimaojiantu	食毛践土	2367	成语
shinianchuangxia	十年窗下	2367	成语
shinianjiuhan	十年九旱	2367	成语
shinianshengju	十年生聚	2367	成语
shiqingchaoye	势倾朝野	2367	成语
shirihesang	时日曷丧	2367	典故成语
shishiwuwu	十十五五	2367	成语
shisirusheng	视死如生	2367	成语(视死如归)
shisuobizhi	势所必至	2367	成语
shitongshengsi	誓同生死	2367	成语
shiyibuque	拾遗补阙	2367	成语
shiyishishu	时异势殊	2367	成语(时移势易)
shiyiyanzhi	诗以言志	2367	成语
shoushanzhidi	首善之地	2367	成语(首善之区)
shoushumoleng	首鼠模棱	2367	成语
shouzupianzhi	手足胼胝	2367	成语
shuaituguixin	率土归心	2367	成语
shuaiyiweichang	率以为常	2367	成语(习以为常)
shuipobujin	水泼不进	2367	成语
shuiseshanguang	水色山光	2367	成语(山光水色)
shujinhuoxue	舒筋活血	2367	成语
sihezhiqing	俟河之清	2367	成语
siliqiusheng	死里求生	2367	成语(死里逃生)
sishengyouming	死生有命	2367	成语
sixintadi	死心踏地	2367	成语(死心塌地变体)
soukuoyikong	搜括一空	2367	成语(搜刮一空)
suifengzhuanduo	随风转舵	2367	成语(见风使舵)
suixiangrusu	随乡入俗	2367	成语(入乡随俗)
sunpangdouzhi	孙庞斗智	2367	典故成语
suoranfawei	索然乏味	2367	成语(索然无味)
suoxiangkejie	所向克捷	2367	成语
tanxiongluru	袒胸露乳	2367	成语(袒胸露背)
tianbujianian	天不假年	2367	成语
tiannianbusui	天年不遂	2367	成语
tiaohedingnai	调和鼎鼐	2367	成语
tishanhanghai	梯山航海	2367	成语
titangbuqun	倜傥不群	2367	成语
titoulinglong	剔透玲珑	2367	成语(玲珑剔透)
tongbukeren	痛不可忍	2367	成语
tongexiangqiu	同恶相求	2367	成语(同恶相济)
tonggongyiti	同功一体	2367	成语
tongjiazhihao	通家之好	2367	成语
tongjinghuoluo	通经活络	2367	成语
tongqudadao	通衢大道	2367	成语
tongrieryan	同日而言	2367	成语(同日而语)
tongrugusui	痛入骨髓	2367	成语
tongyinhuanglong	痛饮黄龙	2367	典故成语
touhequrong	偷合取容	2367	成语(偷合苟容)
toushancuanhai	投山窜海	2367	成语
tufashangma	土法上马	2367	成语
tuiwanggucun	推亡固存	2367	成语
tulongchugou	土龙刍狗	2367	成语
raoyouxingwei	饶有兴味	2367	成语
shuogudaojin	说古道今	2367	成语
shuohaoshuodai	说好说歹	2367	惯用成语
tunzhouzhiyu	吞舟之鱼	2367	典故成语
waiqinneishu	外亲内疏	2367	四字成语
waizhongneiqing	外重内轻	2367	四字成语
wanjiebuzhong	晚节不终	2367	四字成语
wanshidiantou	顽石点头	2367	典故成语
weidingzhitian	未定之天	2367	四字成语
weifusixing	微服私行	2367	成语(微服私访变体)
weihufuyi	为虎傅翼	2367	典故成语
weimiaoweixiao	唯妙唯肖	2367	成语(惟妙惟肖变体)
weimibuzhen	委靡不振	2367	成语(萎靡不振变体)
weiruoleiluan	危若累卵	2367	四字成语
weiweihuaide	畏威怀德	2367	四字成语
weiwujingwen	纬武经文	2367	四字成语
weizunzhehui	为尊者讳	2367	典故成语
wendingzhongyuan	问鼎中原	2367	典故成语
wenfengertao	闻风而逃	2367	四字成语
wuchitongzi	五尺童子	2367	成语(五尺之童)
wuchizhiyou	无耻之尤	2367	四字成语
wudangwupai	无党无派	2367	四字成语
wujiangzhixiu	无疆之休	2367	典故成语,码正确
wukehuiyan	无可讳言	2367	标准成语
wukeruhe	无可如何	2367	标准成语(无可奈何异形)
wushangdati	无伤大体	2367	标准成语
wushangeshan	舞衫歌扇	2367	标准成语
wusuobubei	无所不备	2367	标准成语
wusuobuji	无所不及	2367	标准成语
wusuoburong	无所不容	2367	标准成语
wutouchuwei	吴头楚尾	2367	典故成语
wuwangzhizai	无妄之灾	2367	标准成语
wuweizihua	无为自化	2367	老子典故成语
wuxiaameng	吴下阿蒙	2367	典故成语
wuxikecheng	无隙可乘	2367	标准成语
wuyifeiteng	物议沸腾	2367	标准成语
wuyuweibi	无与为比	2367	标准成语
xiabichengzhang	下笔成章	2367	标准成语
xiaerwenming	遐迩闻名	2367	标准成语
xiangcaomeiren	香草美人	2367	楚辞典故成语
xiangfuerxing	相辅而行	2367	标准成语
xianghuagongyang	香花供养	2367	佛典成语
xiangquwuji	相去无几	2367	标准成语
xiangrenweiguo	相忍为国	2367	标准成语
xiangxiaoyujian	香消玉减	2367	标准成语
xianketifou	献可替否	2367	标准成语
xianshenlingyu	陷身囹圄	2367	标准成语
xiaomianyecha	笑面夜叉	2367	标准成语
xiaoqiyiying	小器易盈	2367	标准成语
xiaoyilihai	晓以利害	2367	标准成语
xiexintongli	协心同力	2367	标准成语
xiguerchui	析骨而炊	2367	典故成语
xihaiyicuan	析骸以爨	2367	典故成语
xinfuzhijiao	心腹之交	2367	标准成语
xingcuobuyong	刑措不用	2367	典故成语
xingruogouzhi	行若狗彘	2367	标准成语
xingshidongzhong	行师动众	2367	成语(兴师动众异形)
xingyuzhiren	刑余之人	2367	标准成语
xinjiaorufen	心焦如焚	2367	标准成语
xinjingdanluo	心惊胆落	2367	标准成语
xinlaorizhuo	心劳日拙	2367	标准成语
xinrenguijia	辛壬癸甲	2367	尚书典故成语
xiongcaidalve	雄材大略	2367	成语(雄才大略异形)
xiongcaiweilve	雄才伟略	2367	标准成语
xiongshenyajian	雄深雅健	2367	标准成语
xiongxinbaodan	熊心豹胆	2367	标准成语
xiuzhenyangxing	修真养性	2367	标准成语
xixindilv	洗心涤虑	2367	标准成语
xizipengxin	西子捧心	2367	典故成语
xuanhezhushui	悬河注水	2367	标准成语
xuanxianyuneng	选贤与能	2367	礼记典故成语
xuejiutianren	学究天人	2367	标准成语
xueyouzhuanchang	学有专长	2367	标准成语
yanbierguo	掩鼻而过	2367	标准成语
yanbiyouju	言必有据	2367	标准成语
yanhanhuxu	燕颔虎须	2367	标准成语
yanrenrenshu	言人人殊	2367	标准成语
yantatiming	雁塔题名	2367	典故成语
yanxuezhishi	岩穴之士	2367	标准成语
yanyandaibi	奄奄待毙	2367	标准成语
yecaoxianhua	野草闲花	2367	标准成语
yewuyixian	野无遗贤	2367	标准成语
yibiaofeifan	一表非凡	2367	标准成语
yibugaiti	衣不盖体	2367	成语(衣不蔽体异形)
yicunchixin	一寸赤心	2367	标准成语
yidaobisui	意到笔随	2367	标准成语
yidingbuyi	一定不易	2367	标准成语
yierbujue	议而不决	2367	标准成语
yifanqianjin	一饭千金	2367	典故成语
yifochushi	一佛出世	2367	标准成语
yihuangliangshe	一簧两舌	2367	标准成语
yijianzhidi	一箭之地	2367	标准成语
yijuesunmou	贻厥孙谋	2367	尚书典故成语
yijuqianli	一举千里	2367	标准成语
yilifuren	以力服人	2367	标准成语
yingminggaishi	英名盖世	2367	标准成语
yingshuyanshuo	郢书燕说	2367	典故成语
yinjiuzegong	引咎责躬	2367	标准成语
yinzifengqi	荫子封妻	2367	标准成语
yiqingyuexing	怡情悦性	2367	标准成语
yiriwanji	一日万机	2367	标准成语
yishazhisha	以杀止杀	2367	标准成语
yishitoushui	以石投水	2367	标准成语
yishiwugong	疑事无功	2367	标准成语
yishoujiae	以手加额	2367	标准成语
yishouqijian	以售其奸	2367	标准成语
yishouyizu	一手一足	2367	标准成语
yishubaihuo	一树百获	2367	典故成语
yisihaigong	以私害公	2367	标准成语
yitianyiri	移天易日	2367	标准成语
yiwansinian	亿万斯年	2367	标准成语
yiwurongji	贻误戎机	2367	标准成语
yixuexixue	以血洗血	2367	标准成语
yiyanghulu	依样葫芦	2367	标准成语
yiyanquren	以言取人	2367	标准成语
yiyejiri	以夜继日	2367	标准成语
yiyongzhifu	一勇之夫	2367	标准成语
yiyuzhidi	一隅之地	2367	标准成语
yizhanyangzhan	以战养战	2367	标准成语
yongzhongjiaojiao	庸中佼佼	2367	标准成语
youankeji	有案可稽	2367	标准成语
youcifushuo	游辞浮说	2367	标准成语
youfenchengji	忧愤成疾	2367	标准成语
youguowangshen	忧国忘身	2367	标准成语
youpoyouli	有破有立	2367	标准成语
youshiyouzu	有始有卒	2367	标准成语
youtouhuanao	油头滑脑	2367	标准成语
youzhiwuquan	有职无权	2367	标准成语
yueruojigu	粤若稽古	2367	尚书典故成语
yufuyufu	愚夫愚妇	2367	标准成语
yuxinbugan	于心不甘	2367	标准成语
yuyiyicheng	羽翼已成	2367	典故成语
yuzilulu	余子碌碌	2367	标准成语
zhamouqiji	诈谋奇计	2367	标准成语
zhangchanghuamei	张敞画眉	2367	典故成语
zhanpidaigu	粘皮带骨	2367	标准成语
zhaohuanmule	朝欢暮乐	2367	标准成语
zhechongyannan	折冲厌难	2367	典故成语
zhechongyuwu	折冲御侮	2367	典故成语,抵御外侮
zhengeqixue	枕戈泣血	2367	四字成语
zhengfayancang	正法眼藏	2367	佛教典故成语
zhengjunjingwu	整军经武	2367	四字成语
zhengqiangdousheng	争强斗胜	2367	四字成语
zherenermu	遮人耳目	2367	四字成语
zheyiselu	赭衣塞路	2367	四字成语
zhidangyingsi	植党营私	2367	四字成语
zhidawuwai	至大无外	2367	四字成语,拼音正确
zhimingdangshi	知名当世	2367	四字成语
zhiqingurou	至亲骨肉	2367	四字成语
zhishujijian	直抒己见	2367	四字成语
zhitianshiri	指天誓日	2367	四字成语
zhixiaowunei	至小无内	2367	庄子典故成语
zhizhibugu	置之不顾	2367	四字成语
zhizuburu	知足不辱	2367	老子典故成语
zhizuzhizhi	知足知止	2367	四字成语
zhongguabudi	众寡不敌	2367	四字成语
zhongshaochengduo	众少成多	2367	四字成语
zhongwaichiming	中外驰名	2367	四字熟语
zhubaosongmao	竹苞松茂	2367	诗经典故成语
zhushaoguoyi	主少国疑	2367	史记典故成语
zihuaichangcheng	自坏长城	2367	南史典故成语
zongqingshengse	纵情声色	2367	四字成语
zuierxiaoguo	蕞尔小国	2367	四字成语
zuieshenzhong	罪恶深重	2367	四字熟语,拼音正确
zuimodayan	罪莫大焉	2367	古文四字熟语,拼音正确
zuofazibi	作法自毙	2367	四字成语
zuofeijinshi	昨非今是	2367	四字成语
zuokunchoucheng	坐困愁城	2367	四字成语
zushizubing	足食足兵	2367	论语典故成语
anbingshujia	按兵束甲	1493	四字成语
babaiguhan	八百孤寒	1493	唐代典故成语
baibingcongsheng	百病丛生	1493	四字成语
baifeijuju	百废具举	1493	四字成语
baihuanufang	百花怒放	1493	四字熟语
baizhebuqu	百折不屈	1493	四字成语
bangguotiancui	邦国殄瘁	1493	诗经典故成语
baojingfengyu	饱经风雨	1493	四字成语
beicizhongbi	卑辞重币	1493	四字成语
beimianchengchen	北面称臣	1493	四字成语
beiribingxing	倍日并行	1493	四字成语
bianyicongshi	便宜从事	1493	四字成语
bihanmobao	笔酣墨饱	1493	四字成语
bihudushu	闭户读书	1493	四字成语
bilulanlv	筚路褴褛	1493	四字成语(蓝缕变体)
bingqiangjiangyong	兵强将勇	1493	四字成语
bingrenxiangjie	兵刃相接	1493	四字成语
bingwuerzhi	并无二致	1493	四字熟语
bingxingguidao	兵行诡道	1493	四字成语
biqiangjiruo	避强击弱	1493	四字成语
buanyuwei	不安于位	1493	四字成语
bucizhitu	不此之图	1493	四字成语
bucizhiwei	不次之位	1493	古文四字成语
budaishigui	不待蓍龟	1493	四字成语
buhuxixing	不护细行	1493	书经典故成语
bujiezhichou	不解之仇	1493	四字熟语
bukeshengji	不可胜纪	1493	四字成语
bukeshengsuan	不可胜算	1493	四字成语
bulaoercheng	不劳而成	1493	四字成语
buningweishi	不宁唯是	1493	古文四字成语
buqiertong	不期而同	1493	四字成语
butongliusu	不同流俗	1493	四字成语
buyizhidian	不易之典	1493	四字成语
buzhijiji	不知纪极	1493	四字成语
caikuilichu	财匮力绌	1493	四字成语
caiqizongheng	才气纵横	1493	四字成语
cemingweizhi	策名委质	1493	左传典故成语
changchunbulao	长春不老	1493	四字祝语成语
chanshangjiaoxia	谄上骄下	1493	四字成语
chaozhangguogu	朝章国故	1493	四字成语
chengfozuozu	成佛作祖	1493	四字成语
chengxudiechu	乘虚迭出	1493	四字成语
chongshanfuling	重山复岭	1493	四字成语
chongxileisheng	重熙累盛	1493	四字成语
chongyandiezhang	重岩叠嶂	1493	四字成语
choudaoduanshui	抽刀断水	1493	李白诗四字熟语
chourenguangzuo	稠人广坐	1493	四字成语
chunjiumeiren	醇酒美人	1493	典故成语(信陵君)
cimingwushuang	慈明无双	1493	典故成语(荀爽)
cuixiankuoqing	摧陷廓清	1493	典故成语(韩愈)
cunwanganwei	存亡安危	1493	成语(荀子)
cunxinbuliang	存心不良	1493	固定成语
cuozhishidang	措置失当	1493	成语
dandanerfa	旦旦而伐	1493	典故成语(孟子)
daoyizhijiao	道义之交	1493	成语(之交系列)
darendaliang	大人大量	1493	标准成语,全拼正确
denggaobifu	登高必赋	1493	典故成语,全拼正确
diaozhangzhuoju	雕章琢句	1493	典故成语,全拼正确
dingdingyouming	鼎鼎有名	1493	标准成语,全拼正确
dongqiuxiage	冬裘夏葛	1493	典故成语,全拼正确
doumichibu	斗米尺布	1493	典故成语,全拼正确
duanyipima	短衣匹马	1493	典故成语,全拼正确
dushuzhongzi	读书种子	1493	典故成语,全拼正确
edangbizhou	阿党比周	1493	典故成语,全拼正确
eyuchanmei	阿谀谄媚	1493	标准成语,全拼正确
fafanqili	发凡起例	1493	典故成语,全拼正确
fawukedai	法无可贷	1493	典故成语,全拼正确
fazuidiaomin	伐罪吊民	1493	典故成语,全拼正确
feigongzhijie	匪躬之节	1493	典故成语,全拼正确
fenbuyusheng	愤不欲生	1493	标准成语,全拼正确
fengjingbushu	风景不殊	1493	典故成语,全拼正确
fengmaojidan	凤毛鸡胆	1493	典故成语,全拼正确
fengxinggushi	奉行故事	1493	典故成语,全拼正确
fengzhongcanzhu	风中残烛	1493	标准成语,全拼正确
fuguifuyun	富贵浮云	1493	典故成语,全拼正确
fushizhangmin	辅世长民	1493	典故成语,全拼正确
fushouzhisu	肤受之诉	1493	典故成语,全拼正确
genshenzhimao	根深枝茂	1493	典故成语(根深叶茂同源),不可拆
gongchengyezhan	攻城野战	1493	标准成语,攻城野战
gongpingwusi	公平无私	1493	标准成语,公平无私
gongwubuqu	攻无不取	1493	典故成语,攻无不取战无不胜
guaiguaiqiqi	怪怪奇奇	1493	典故成语(韩愈《送穷文》),整体不可拆
guanbuyifang	官不易方	1493	典故成语(《左传》)
guangfujiuwu	光复旧物	1493	典故成语,光复旧物
gugongzhichen	股肱之臣	1493	典故成语,股肱之臣
guguozhisi	故国之思	1493	典故成语,故国之思
hanyuanmobai	含冤莫白	1493	标准成语,含冤莫白
haomengbuchang	好梦不长	1493	标准成语,好梦不长
heerbuchang	和而不唱	1493	典故成语(《庄子》),和而不唱
hengjiazhihui	亨嘉之会	1493	典故成语,亨嘉之会
hezuizhiyou	何罪之有	1493	典故成语,何罪之有
hongshuihengliu	洪水横流	1493	典故成语,洪水横流
huafunianzhou	画符念咒	1493	标准成语,画符念咒
huangdanbuji	荒诞不稽	1493	标准成语,荒诞不稽
huanggongjiulu	黄公酒垆	1493	典故成语,黄公酒垆
huanhaifuchen	宦海浮沉	1493	标准成语,宦海浮沉
huanjiazhibing	擐甲执兵	1493	典故成语,擐甲执兵
huayefenjiang	画野分疆	1493	典故成语,画野分疆
huhaizhishi	湖海之士	1493	典故成语,湖海之士
huidaohuiyin	诲盗诲淫	1493	典故成语,诲盗诲淫
huihaoluozhi	挥毫落纸	1493	典故成语,挥毫落纸
huitianyundou	回天运斗	1493	典故成语,回天运斗
huiyewenren	慧业文人	1493	典故成语,慧业文人
hunbushouzhai	魂不守宅	1493	典故成语,魂不守宅
hunkuiwuneng	昏聩无能	1493	标准成语,昏聩无能
huofuyifu	祸福倚伏	1493	典故成语(《老子》),祸福倚伏
jiachuanhusong	家传户诵	1493	标准成语,家传户诵
jiadaoxiaokang	家道小康	1493	标准成语,家道小康
jialeiqianjin	家累千金	1493	典故成语,家累千金
jianbukezhang	渐不可长	1493	典故成语,渐不可长
jianchengqianjin	兼程前进	1493	标准成语,兼程前进
jianchoubinggu	兼筹并顾	1493	标准成语,兼筹并顾
jiangbenliumo	降本流末	1493	典故成语,降本流末
jianxingchengfo	见性成佛	1493	典故成语(禅宗),见性成佛
jiaobinghanjiang	骄兵悍将	1493	标准成语,骄兵悍将
jiaofujianshi	剿抚兼施	1493	标准成语,剿抚兼施
jibukewei	疾不可为	1493	典故成语,疾不可为
jibuzelu	急不择路	1493	标准成语,急不择路
jieduanzhongliu	截断众流	1493	典故成语,截断众流
jifengzhouyu	急风骤雨	1493	标准成语,急风骤雨
jifuzhiqin	肌肤之亲	1493	标准成语,肌肤之亲
jigonghaoli	急功好利	1493	标准成语,急功好利
jilaochengbing	积劳成病	1493	标准成语(积劳成疾同源),积劳成病
jingshirenshi	经师人师	1493	典故成语,经师人师
jingshouminshi	敬授民时	1493	典故成语(《尚书》),敬授民时
jingweiwanduan	经纬万端	1493	典故成语,经纬万端
jintuichuchu	进退出处	1493	典故成语(指仕途进退出仕隐退),全拼正确
jinyinzishou	金印紫绶	1493	典故成语,全拼正确
jiquanbuwen	鸡犬不闻	1493	成语(形容荒凉冷僻),全拼正确
jirileijiu	积日累久	1493	成语,全拼正确
jiujurenxia	久居人下	1493	成语,全拼正确
jiuliubinke	九流宾客	1493	成语,全拼正确
jiwuqiongli	即物穷理	1493	典故成语,全拼正确
jixiongweibu	吉凶未卜	1493	成语,全拼正确
jiyuyifen	激于义愤	1493	成语,全拼正确
jugongbingqi	鞠躬屏气	1493	成语,全拼正确
jujiehuiguo	具结悔过	1493	成语(法律典故),全拼正确
junchenzuoshi	君臣佐使	1493	成语(中医方剂典故),全拼正确
junfayanxing	峻法严刑	1493	成语,全拼正确
juwuyice	举无遗策	1493	成语,全拼正确
juxianrenneng	举贤任能	1493	成语,全拼正确
juzhiziruo	举止自若	1493	成语,全拼正确
juzhongyuqing	居重驭轻	1493	典故成语,全拼正确
kaiguochengjia	开国承家	1493	典故成语(易经),全拼正确
kaihuajieshi	开花结实	1493	成语,全拼正确
kaijiangpitu	开疆辟土	1493	成语,全拼正确
kaijichuangye	开基创业	1493	成语,全拼正确
kenghuiweileng	坑灰未冷	1493	典故成语(焚书坑儒),全拼正确
kongxibunuan	孔席不暖	1493	典故成语(孔席不暖墨突不黔),全拼正确
kuangfengjulang	狂风巨浪	1493	成语,全拼正确
kuiranertan	喟然而叹	1493	成语,全拼正确
kunyuqiushuang	琨玉秋霜	1493	典故成语,全拼正确
kuokaidaji	廓开大计	1493	典故成语(三国志),全拼正确
letiananming	乐天安命	1493	成语,全拼正确
lianggushencang	良贾深藏	1493	典故成语(良贾深藏若虚),独立词条,全拼正确
liangliduode	量力度德	1493	成语(度德量力异序),全拼正确
liantaihaoxi	连台好戏	1493	成语,全拼正确
lianzhanjiejie	连战皆捷	1493	成语,全拼正确
lianzhoukuajun	连州跨郡	1493	典故成语,全拼正确
liaodirushen	料敌如神	1493	成语,全拼正确
lietufenmao	裂土分茅	1493	典故成语,全拼正确
liguoanbang	立国安邦	1493	成语,全拼正确
lijingtuzhi	历精图治	1493	成语(励精图治异体),全拼正确
linggucangsang	陵谷沧桑	1493	典故成语,全拼正确
linxiaqingfeng	林下清风	1493	典故成语,全拼正确
liuluotianya	流落天涯	1493	成语,全拼正确
lixihuanben	离析涣奔	1493	成语,全拼正确
longshengjiuzhong	龙生九种	1493	典故成语(龙生九子),全拼正确
longtenghuzhi	龙腾虎掷	1493	成语,全拼正确
lvxinsishun	履信思顺	1493	典故成语(易经),全拼正确
maiwenweisheng	卖文为生	1493	成语,全拼正确
maixiuliangqi	麦秀两岐	1493	典故成语,全拼正确
maixiushuli	麦秀黍离	1493	典故成语,全拼正确
mangpaoyudai	蟒袍玉带	1493	成语,全拼正确
mangwusuozhi	茫无所知	1493	成语,全拼正确
maolusangu	茅庐三顾	1493	典故成语(三顾茅庐异序),全拼正确
maoshouzhichou	贸首之仇	1493	典故成语,全拼正确
mianhongmianchi	面红面赤	1493	成语(面红耳赤异体),全拼正确
mingchuihoushi	名垂后世	1493	成语,全拼正确
minggongjuqing	名公巨卿	1493	成语,全拼正确
mingshanshengshui	名山胜水	1493	成语,全拼正确
misuodizhi	靡所底止	1493	成语,全拼正确
miutuozhiji	谬托知己	1493	成语,全拼正确
molengliangduan	模棱两端	1493	成语(模棱两可异体),全拼正确
moniyuxin	莫逆于心	1493	成语,全拼正确
motubuqian	墨突不黔	1493	典故成语,全拼正确
nangkuosihai	囊括四海	1493	典故成语,全拼正确
nanjinyitui	难进易退	1493	成语,全拼正确
nanmianchenggu	南面称孤	1493	典故成语,全拼正确
niunizuotai	忸怩作态	1493	典故成语,忸怩作态,拼音正确
nuqitianxiong	怒气填胸	1493	成语,怒气填胸,拼音正确
pangzhimojie	旁枝末节	1493	成语,旁枝末节(细枝末节变体),拼音正确
pianwabuliu	片瓦不留	1493	成语,片瓦不留,拼音正确
pinbingjiaogong	贫病交攻	1493	成语,贫病交攻,拼音正确
pinjianbuyi	贫贱不移	1493	成语,贫贱不移,拼音正确
piwangtailai	否往泰来	1493	成语,否往泰来(否读pi),拼音正确
pojiawangguo	破家亡国	1493	成语,破家亡国,拼音正确
qianjingjisi	潜精积思	1493	成语,潜精积思,拼音正确
qianliwuyan	千里无烟	1493	成语,千里无烟,拼音正确
qiannvlihun	倩女离魂	1493	典故成语,倩女离魂,拼音正确
qianyanjingxiu	千岩竞秀	1493	成语,千岩竞秀,拼音正确
qiaoranbule	愀然不乐	1493	成语,愀然不乐(愀读qiao),拼音正确
qingjishengzhi	情急生智	1493	成语,情急生智,拼音正确
qingyanxiangkan	青眼相看	1493	成语,青眼相看,拼音正确
qinmaoshishi	亲冒矢石	1493	成语,亲冒矢石,拼音正确
qintiaowenjun	琴挑文君	1493	典故成语,琴挑文君,拼音正确
qiushousangmian	囚首丧面	1493	成语,囚首丧面,拼音正确
qiuyifansun	求益反损	1493	成语,求益反损,拼音正确
qixiangyixin	气象一新	1493	成语,气象一新,拼音正确
qixingyizhuang	奇形异状	1493	成语,奇形异状(奇形怪状变体),拼音正确
qubingyannian	祛病延年	1493	成语,祛病延年,拼音正确
qujingyonghong	取精用宏	1493	成语,取精用宏,拼音正确
quluanwuwang	取乱侮亡	1493	成语,取乱侮亡,拼音正确
qunqixiaoyou	群起效尤	1493	成语,群起效尤,拼音正确
renshiquanfei	人事全非	1493	成语,人事全非,拼音正确
renweiwangqing	人微望轻	1493	成语,人微望轻,拼音正确
routanqianyang	肉袒牵羊	1493	典故成语,肉袒牵羊,拼音正确
ruoaozhigui	若敖之鬼	1493	典故成语,若敖之鬼,拼音正确
ruosheyuanbing	若涉渊冰	1493	成语,若涉渊冰,拼音正确
sanlaosishao	三老四少	1493	成语,三老四少,拼音正确
seshuaiaichi	色衰爱弛	1493	成语,色衰爱弛,拼音正确
seyishuangjue	色艺双绝	1493	成语,色艺双绝,拼音正确
shanghaoxiashen	上好下甚	1493	成语,上好下甚,拼音正确
shengmingzhilei	盛名之累	1493	成语,盛名之累,拼音正确
shengsehuoli	声色货利	1493	成语,声色货利,拼音正确
shenhunbuding	神魂不定	1493	成语,神魂不定,拼音正确
shenshandaze	深山大泽	1493	成语,深山大泽,拼音正确
shenzhouluchen	神州陆沉	1493	成语,神州陆沉,拼音正确
shibushigu	事不师古	1493	成语,事不师古,拼音正确
shicaiziao	恃才自傲	1493	成语,恃才自傲(恃才傲物变体),拼音正确
shiewuni	十恶五逆	1493	成语,十恶五逆,拼音正确
shiruxuanqing	室如悬磬	1493	成语,室如悬磬,拼音正确
shishiruyu	矢石如雨	1493	成语,矢石如雨,拼音正确
shisuonanmian	势所难免	1493	成语,势所难免,拼音正确
shiweimintian	食为民天	1493	成语,食为民天,拼音正确
shouyangboshi	瘦羊博士	1493	典故成语(甄宇让肥取瘦)
shushizhenliu	漱石枕流	1493	典故成语(世说新语)
sishudizi	私淑弟子	1493	典故成语(孟子),code 正确
sizhibaihai	四肢百骸	1493	标准成语,code 正确
songbochengshan	耸膊成山	1493	典故成语,code 正确
sufushengming	素负盛名	1493	标准成语,code 正确
suizhuhebi	随珠和璧	1493	典故成语,code 正确
suizhujingyu	随珠荆玉	1493	典故成语,code 正确
suodangwudi	所当无敌	1493	典故成语,code 正确
tangtangzhizhen	堂堂之阵	1493	典故成语,code 正确
taohujishi	桃弧棘矢	1493	典故成语,code 正确
taoshaqujin	淘沙取金	1493	标准成语,code 正确
tianjiazhinian	天假之年	1493	典故成语,code 正确
tianzhijieye	添枝接叶	1493	标准成语,code 正确
tiaoheyinyang	调和阴阳	1493	典故成语,code 正确
tonghuiqianfei	痛悔前非	1493	标准成语,code 正确
tongpanchouhua	通盘筹划	1493	标准成语,code 正确
tongwentongzhong	同文同种	1493	标准成语,code 正确
tongxingongji	同心共济	1493	标准成语,code 正确
tongxinxiede	同心协德	1493	标准成语,code 正确
tongzhutiejiao	铜铸铁浇	1493	成语(铜浇铁铸变体,词典收录),code 正确
tuichenzhixin	推陈致新	1493	成语(推陈出新变体,词典收录),code 正确
tukuiyanmai	兔葵燕麦	1493	典故成语,code 正确
tundaotuhuo	吞刀吐火	1493	典故成语,code 正确
wangbuxuanzhong	亡不旋踵	1493	典故成语,code 正确
wanhezhengliu	万壑争流	1493	典故成语(世说新语),code 正确
wanlichangkong	万里长空	1493	标准成语,code 正确
weichengdaguan	蔚成大观	1493	标准成语,code 正确
weidiruhu	畏敌如虎	1493	标准成语,code 正确
weiribuzu	惟日不足	1493	典故成语(尚书),code 正确
wuchizhitong	五尺之童	1493	典故成语,code 正确
wudeercheng	无德而称	1493	典故成语(论语),code 正确
wufuwujun	无父无君	1493	典故成语(孟子),code 正确
wumingzhipu	无名之朴	1493	典故成语(老子),code 正确
wusuokefou	无所可否	1493	标准成语,code 正确
wuwangbufu	无往不复	1493	典故成语(易经),code 正确
xiangjiantaiji	相煎太急	1493	典故成语(七步诗),code 正确
xiangyanchengsu	相沿成俗	1493	标准成语,code 正确
xianshanlouge	仙山楼阁	1493	典故成语(虚无缥缈之境),全拼正确
xianzujiannan	险阻艰难	1493	标准成语,全拼正确
xiaoxiyingxu	消息盈虚	1493	典出《庄子》,标准成语
xiehouxiangyu	邂逅相遇	1493	典出《诗经》,标准成语
xiexinluli	协心戮力	1493	标准成语(同心协力义),全拼正确
xijuanbahuang	席卷八荒	1493	典出贾谊《过秦论》,成语
xijuantianxia	席卷天下	1493	典出贾谊《过秦论》,成语
xinglieruhuo	性烈如火	1493	固定四字熟语,整体不可拆
xingrugaomu	形如槁木	1493	典出《庄子》,标准成语
xingtonggouzhi	行同狗彘	1493	典出《汉书》,标准成语
xingweiangran	兴味盎然	1493	标准成语,全拼正确
xingxianjiaoxing	行险徼幸	1493	典出《中庸》,标准成语
xingxiongzuoe	行凶作恶	1493	标准成语,全拼正确
xinmoshouzhui	心摹手追	1493	标准成语(临摹书法义)
xiongjingniaoshen	熊经鸟伸	1493	典出《庄子·刻意》,成语
xiongjuhuzhi	熊据虎跱	1493	典出《汉书》,成语
xiongwendashou	雄文大手	1493	标准成语(大手笔义)
xixingerqian	膝行而前	1493	典出《史记》,成语
xixingpufu	膝行蒲伏	1493	典出《史记》,成语
xunmingheshi	循名核实	1493	标准成语(循名责实一类)
xuyubuli	须臾不离	1493	标准成语,全拼正确
yanxiaohuomie	烟消火灭	1493	标准成语(烟消云散一类)
yibingzhigong	一秉至公	1493	典出《汉书》,成语
yibuyiqu	一步一趋	1493	成语(亦步亦趋一系),全拼正确
yichouwandai	遗臭万代	1493	成语(遗臭万年变体,词典收录)
yidaiwenzong	一代文宗	1493	典出《晋书》,成语
yiduoweisheng	倚多为胜	1493	标准成语,全拼正确
yifapaozhi	依法炮制	1493	标准成语(如法炮制一系)
yifaweijiao	以法为教	1493	典出《韩非子》,成语
yifurushi	亦复如是	1493	标准成语,全拼正确
yifuzhiyong	一夫之勇	1493	典出《史记》,成语
yiguanwenwu	衣冠文物	1493	标准成语,全拼正确
yijiajuanshu	一家眷属	1493	标准成语(佛家语),全拼正确
yijiazhixue	一家之学	1493	标准成语(一家之言一系)
yijimeihua	驿寄梅花	1493	典出《荆州记》,成语
yinglushoutu	膺箓受图	1493	标准成语(受命于天义)
yinhuozifen	引火自焚	1493	标准成语,全拼正确
yinruodiguo	隐若敌国	1493	典出《史记》,成语
yiranziruo	怡然自若	1493	标准成语,全拼正确
yirengqijiu	一仍其旧	1493	标准成语(一切照旧义)
yitianbadi	倚天拔地	1493	标准成语,全拼正确
yiwobuqi	一卧不起	1493	标准成语(卧病不起义)
yixincanban	疑信参半	1493	标准成语,全拼正确
yixintonggong	一心同功	1493	典出《汉书》,成语
yiyanbanci	一言半辞	1493	标准成语(一言半语一系)
yiyigongyi	以夷攻夷	1493	典出《筹海图编》,成语
yiyimingzhu	薏苡明珠	1493	典出《后汉书》,成语
yiyunchongchong	疑云重重	1493	固定四字熟语,整体不可拆
yizhongtiannian	以终天年	1493	标准成语(颐养天年一系)
yongchaofengyue	咏嘲风月	1493	标准成语(吟风弄月一系)
youdangbielun	又当别论	1493	标准成语,全拼正确
youguofenggong	忧国奉公	1493	典出《汉书》,成语
youhuanyusheng	忧患余生	1493	标准成语,全拼正确
youyouwanshi	悠悠万事	1493	典出毛泽东词,固定四字熟语
yuanxindingzui	原心定罪	1493	典出《汉书》,成语
yucanhuachou	玉惨花愁	1493	标准成语(形容女子愁容)
yuezhiyuanting	岳峙渊渟	1493	典出《世说新语》,成语
yumingengshi	与民更始	1493	典出《汉书》,成语
yunchouyanmou	运筹演谋	1493	标准成语(运筹帷幄一系)
yunchuangwuge	云窗雾阁	1493	标准成语,全拼正确
yusifengpian	雨丝风片	1493	典出《牡丹亭》,成语
yuwuquanci	语无诠次	1493	标准成语(语无伦次一系)
yuyangpigu	渔阳鼙鼓	1493	典出白居易《长恨歌》,成语
zaofengbuou	遭逢不偶	1493	标准成语(遭遇不顺义)
zaojiabuzao	遭家不造	1493	典出《诗经》,成语
zengaifenming	憎爱分明	1493	标准成语,全拼正确
zhaizhongtuda	宅中图大	1493	典出《三国志》,成语
zhanmujiegan	斩木揭竿	1493	典出《过秦论》(揭竿而起一系),成语
zhaosixisi	朝斯夕斯	1493	典出《三字经》,成语
zhechongqianli	折冲千里	1493	典出《晏子春秋》,成语
zhengselichao	正色立朝	1493	典出《后汉书》,成语
zhengyoujichu	政由己出	1493	标准成语,全拼正确
zhimanyide	志满意得	1493	标准成语(志得意满变体)，code正确
zhirenbuhui	直认不讳	1493	固定成语(坦白承认)，code正确
zhisibuhui	至死不悔	1493	标准成语，code正确
zhiwozuiwo	知我罪我	1493	典故成语(春秋)，code正确
zhiyanwuyin	直言无隐	1493	标准成语，code正确
zhiyongjianbei	智勇兼备	1493	标准成语(智勇双全变体)，code正确
zhizhouwanwu	智周万物	1493	典故成语(易经)，code正确
zhizhuduwai	置诸度外	1493	标准成语(置之度外变体)，code正确
zhongchenxiaozi	忠臣孝子	1493	固定成语，code正确
zhonggaoshandao	忠告善道	1493	典故成语(论语)，code正确
zhuangfubuwei	壮夫不为	1493	典故成语(扬雄)，code正确
zhuanyunancheng	专欲难成	1493	典故成语(左传)，code正确
zhujuzhuzi	逐句逐字	1493	标准成语(逐字逐句变体)，code正确
zhutianweinve	助天为虐	1493	标准成语(助纣为虐变体)，code正确
zouweishangzhao	走为上着	1493	标准成语(三十六计)，code正确
zuiezhaozhu	罪恶昭著	1493	标准成语(罪恶昭彰变体)，code正确
zunerwushi	遵而勿失	1493	典故成语(汉书)，code正确
