chi	丁	kanji	10	polish
chin	丁	kanji	10	polish
chou	丁	kanji	10	polish
hinoto	丁	kanji	10	polish
tei	丁	kanji	10	polish
tou	丁	kanji	10	polish
nana	七	kanji	10	polish
nano	七	kanji	10	polish
shichi	七	kanji	10	polish
dake	丈	kanji	10	polish
jou	丈	kanji	10	polish
take	丈	kanji	10	polish
mi	三	kanji	10	polish
san	三	kanji	10	polish
zou	三	kanji	10	polish
ata	与	kanji	10	polish
azuka	与	kanji	10	polish
kumi	与	kanji	10	polish
tomoni	与	kanji	10	polish
yo	与	kanji	10	polish
chuu	丑	kanji	10	polish
ushi	丑	kanji	10	polish
ka	且	kanji	10	polish
sho	且	kanji	10	polish
shou	且	kanji	10	polish
so	且	kanji	10	polish
se	世	kanji	10	polish
sei	世	kanji	10	polish
sou	世	kanji	10	polish
yo	世	kanji	10	polish
kyuu	丘	kanji	10	polish
oka	丘	kanji	10	polish
hei	丙	kanji	10	polish
hinoe	丙	kanji	10	polish
jou	丞	kanji	10	polish
shou	丞	kanji	10	polish
suku	丞	kanji	10	polish
tasu	丞	kanji	10	polish
kan	串	kanji	10	polish
ken	串	kanji	10	polish
kushi	串	kanji	10	polish
sen	串	kanji	10	polish
tsuranu	串	kanji	10	polish
gan	丸	kanji	10	polish
maru	丸	kanji	10	polish
ni	丹	kanji	10	polish
tan	丹	kanji	10	polish
donburi	丼	kanji	10	polish
sei	丼	kanji	10	polish
shou	丼	kanji	10	polish
tan	丼	kanji	10	polish
ton	丼	kanji	10	polish
ai	乃	kanji	10	polish
dai	乃	kanji	10	polish
nai	乃	kanji	10	polish
nanji	乃	kanji	10	polish
no	乃	kanji	10	polish
sunawa	乃	kanji	10	polish
hisa	久	kanji	10	polish
ku	久	kanji	10	polish
kyuu	久	kanji	10	polish
kono	之	kanji	10	polish
kore	之	kanji	10	polish
no	之	kanji	10	polish
shi	之	kanji	10	polish
yuku	之	kanji	10	polish
aa	乎	kanji	10	polish
ka	乎	kanji	10	polish
kana	乎	kanji	10	polish
ko	乎	kanji	10	polish
o	乎	kanji	10	polish
wo	乎	kanji	10	polish
ya	乎	kanji	10	polish
yo	乎	kanji	10	polish
bou	乏	kanji	10	polish
tobo	乏	kanji	10	polish
tomo	乏	kanji	10	polish
jou	乘	kanji	10	polish
no	乘	kanji	10	polish
itsu	乙	kanji	10	polish
kinoto	乙	kanji	10	polish
oto	乙	kanji	10	polish
otsu	乙	kanji	10	polish
kokono	九	kanji	10	polish
ku	九	kanji	10	polish
kyuu	九	kanji	10	polish
ki	乞	kanji	10	polish
kike	乞	kanji	10	polish
kitsu	乞	kanji	10	polish
ko	乞	kanji	10	polish
kochi	乞	kanji	10	polish
kotsu	乞	kanji	10	polish
e	也	kanji	10	polish
ka	也	kanji	10	polish
mata	也	kanji	10	polish
nari	也	kanji	10	polish
ya	也	kanji	10	polish
mida	乱	kanji	10	polish
osa	乱	kanji	10	polish
ran	乱	kanji	10	polish
ron	乱	kanji	10	polish
wata	乱	kanji	10	polish
chi	乳	kanji	10	polish
chichi	乳	kanji	10	polish
nyuu	乳	kanji	10	polish
hi	乾	kanji	10	polish
ho	乾	kanji	10	polish
inui	乾	kanji	10	polish
kan	乾	kanji	10	polish
kawa	乾	kanji	10	polish
ken	乾	kanji	10	polish
ryou	了	kanji	10	polish
futa	二	kanji	10	polish
futatabi	二	kanji	10	polish
ji	二	kanji	10	polish
ni	二	kanji	10	polish
i	云	kanji	10	polish
kokoni	云	kanji	10	polish
un	云	kanji	10	polish
go	互	kanji	10	polish
katami	互	kanji	10	polish
taga	互	kanji	10	polish
go	五	kanji	10	polish
itsu	五	kanji	10	polish
kan	亘	kanji	10	polish
kou	亘	kanji	10	polish
moto	亘	kanji	10	polish
sen	亘	kanji	10	polish
wata	亘	kanji	10	polish
kan	亙	kanji	10	polish
kou	亙	kanji	10	polish
moto	亙	kanji	10	polish
wata	亙	kanji	10	polish
chi	些	kanji	10	polish
isasaka	些	kanji	10	polish
sa	些	kanji	10	polish
sha	些	kanji	10	polish
a	亞	kanji	10	polish
tsu	亞	kanji	10	polish
gai	亥	kanji	10	polish
i	亥	kanji	10	polish
kai	亥	kanji	10	polish
eki	亦	kanji	10	polish
mata	亦	kanji	10	polish
yaku	亦	kanji	10	polish
hou	亨	kanji	10	polish
kou	亨	kanji	10	polish
kyou	亨	kanji	10	polish
too	亨	kanji	10	polish
kou	享	kanji	10	polish
kyou	享	kanji	10	polish
u	享	kanji	10	polish
chin	亭	kanji	10	polish
tei	亭	kanji	10	polish
akiraka	亮	kanji	10	polish
ryou	亮	kanji	10	polish
jin	仁	kanji	10	polish
ni	仁	kanji	10	polish
nin	仁	kanji	10	polish
kai	介	kanji	10	polish
ko	仔	kanji	10	polish
shi	仔	kanji	10	polish
ta	仔	kanji	10	polish
hoka	他	kanji	10	polish
ta	他	kanji	10	polish
du	付	kanji	10	polish
duke	付	kanji	10	polish
duki	付	kanji	10	polish
fu	付	kanji	10	polish
tsu	付	kanji	10	polish
tsuki	付	kanji	10	polish
sen	仙	kanji	10	polish
sento	仙	kanji	10	polish
i	以	kanji	10	polish
ao	仰	kanji	10	polish
gyou	仰	kanji	10	polish
kou	仰	kanji	10	polish
o	仰	kanji	10	polish
oo	仰	kanji	10	polish
ossha	仰	kanji	10	polish
ki	企	kanji	10	polish
kuwada	企	kanji	10	polish
takura	企	kanji	10	polish
i	伊	kanji	10	polish
kare	伊	kanji	10	polish
go	伍	kanji	10	polish
itsutsu	伍	kanji	10	polish
gi	伎	kanji	10	polish
ki	伎	kanji	10	polish
waza	伎	kanji	10	polish
wazaogi	伎	kanji	10	polish
fu	伏	kanji	10	polish
fuku	伏	kanji	10	polish
batsu	伐	kanji	10	polish
bochi	伐	kanji	10	polish
hatsu	伐	kanji	10	polish
ka	伐	kanji	10	polish
ki	伐	kanji	10	polish
somu	伐	kanji	10	polish
u	伐	kanji	10	polish
ban	伴	kanji	10	polish
han	伴	kanji	10	polish
tomona	伴	kanji	10	polish
rei	伶	kanji	10	polish
ryou	伶	kanji	10	polish
wazaogi	伶	kanji	10	polish
no	伸	kanji	10	polish
shin	伸	kanji	10	polish
shi	伺	kanji	10	polish
ukaga	伺	kanji	10	polish
ga	伽	kanji	10	polish
gya	伽	kanji	10	polish
ka	伽	kanji	10	polish
kya	伽	kanji	10	polish
togi	伽	kanji	10	polish
den	佃	kanji	10	polish
ten	佃	kanji	10	polish
tsukuda	佃	kanji	10	polish
tada	但	kanji	10	polish
tan	但	kanji	10	polish
hiku	低	kanji	10	polish
tei	低	kanji	10	polish
sa	佐	kanji	10	polish
tasu	佑	kanji	10	polish
u	佑	kanji	10	polish
yuu	佑	kanji	10	polish
butsu	佛	kanji	10	polish
futsu	佛	kanji	10	polish
hotoke	佛	kanji	10	polish
ka	佳	kanji	10	polish
awa	併	kanji	10	polish
hei	併	kanji	10	polish
kan	侃	kanji	10	polish
tsuyo	侃	kanji	10	polish
ki	來	kanji	10	polish
kita	來	kanji	10	polish
ku	來	kanji	10	polish
rai	來	kanji	10	polish
tai	來	kanji	10	polish
habe	侍	kanji	10	polish
ji	侍	kanji	10	polish
samurai	侍	kanji	10	polish
shi	侍	kanji	10	polish
susu	侑	kanji	10	polish
tasu	侑	kanji	10	polish
u	侑	kanji	10	polish
yuu	侑	kanji	10	polish
domo	供	kanji	10	polish
gu	供	kanji	10	polish
ku	供	kanji	10	polish
kuu	供	kanji	10	polish
kyou	供	kanji	10	polish
sona	供	kanji	10	polish
tomo	供	kanji	10	polish
anado	侮	kanji	10	polish
anazu	侮	kanji	10	polish
bu	侮	kanji	10	polish
kou	侯	kanji	10	polish
oka	侵	kanji	10	polish
shin	侵	kanji	10	polish
ro	侶	kanji	10	polish
ryo	侶	kanji	10	polish
tomo	侶	kanji	10	polish
soku	促	kanji	10	polish
unaga	促	kanji	10	polish
ga	俄	kanji	10	polish
niwaka	俄	kanji	10	polish
shun	俊	kanji	10	polish
kashiko	俐	kanji	10	polish
ri	俐	kanji	10	polish
kyan	俠	kanji	10	polish
kyou	俠	kanji	10	polish
otokodate	俠	kanji	10	polish
mata	俣	kanji	10	polish
ku	俱	kanji	10	polish
tomoni	俱	kanji	10	polish
hai	俳	kanji	10	polish
hyou	俵	kanji	10	polish
tawara	俵	kanji	10	polish
hou	俸	kanji	10	polish
kura	倉	kanji	10	polish
sou	倉	kanji	10	polish
bai	倍	kanji	10	polish
dao	倒	kanji	10	polish
sakasa	倒	kanji	10	polish
sakasama	倒	kanji	10	polish
sakashima	倒	kanji	10	polish
tao	倒	kanji	10	polish
tou	倒	kanji	10	polish
kou	倖	kanji	10	polish
saiwa	倖	kanji	10	polish
shiawa	倖	kanji	10	polish
kou	候	kanji	10	polish
sourou	候	kanji	10	polish
ka	借	kanji	10	polish
shaku	借	kanji	10	polish
hou	倣	kanji	10	polish
nara	倣	kanji	10	polish
agu	倦	kanji	10	polish
aki	倦	kanji	10	polish
ken	倦	kanji	10	polish
tsuka	倦	kanji	10	polish
u	倦	kanji	10	polish
rin	倫	kanji	10	polish
i	倭	kanji	10	polish
shitaga	倭	kanji	10	polish
wa	倭	kanji	10	polish
yamato	倭	kanji	10	polish
hen	偏	kanji	10	polish
katayo	偏	kanji	10	polish
ken	健	kanji	10	polish
suko	健	kanji	10	polish
sai	偲	kanji	10	polish
shi	偲	kanji	10	polish
shino	偲	kanji	10	polish
tei	偵	kanji	10	polish
guu	偶	kanji	10	polish
tama	偶	kanji	10	polish
bou	傍	kanji	10	polish
hata	傍	kanji	10	polish
katawa	傍	kanji	10	polish
oka	傍	kanji	10	polish
soba	傍	kanji	10	polish
waki	傍	kanji	10	polish
kasa	傘	kanji	10	polish
san	傘	kanji	10	polish
moyoo	催	kanji	10	polish
moyou	催	kanji	10	polish
sai	催	kanji	10	polish
ata	傭	kanji	10	polish
chou	傭	kanji	10	polish
hito	傭	kanji	10	polish
yato	傭	kanji	10	polish
you	傭	kanji	10	polish
anado	傲	kanji	10	polish
gou	傲	kanji	10	polish
ogo	傲	kanji	10	polish
den	傳	kanji	10	polish
ten	傳	kanji	10	polish
tsuta	傳	kanji	10	polish
tsute	傳	kanji	10	polish
sai	債	kanji	10	polish
kashi	傾	kanji	10	polish
kata	傾	kanji	10	polish
katabu	傾	kanji	10	polish
katamu	傾	kanji	10	polish
kei	傾	kanji	10	polish
gon	僅	kanji	10	polish
kin	僅	kanji	10	polish
wazu	僅	kanji	10	polish
zou	像	kanji	10	polish
gi	僞	kanji	10	polish
itsuwa	僞	kanji	10	polish
ka	僞	kanji	10	polish
nise	僞	kanji	10	polish
atai	價	kanji	10	polish
ka	價	kanji	10	polish
ke	價	kanji	10	polish
oku	億	kanji	10	polish
ken	儉	kanji	10	polish
tsudumayaka	儉	kanji	10	polish
tsuma	儉	kanji	10	polish
ju	儒	kanji	10	polish
masa	優	kanji	10	polish
sugu	優	kanji	10	polish
u	優	kanji	10	polish
yasa	優	kanji	10	polish
yuu	優	kanji	10	polish
cho	儲	kanji	10	polish
mou	儲	kanji	10	polish
mouke	儲	kanji	10	polish
takuwa	儲	kanji	10	polish
in	允	kanji	10	polish
jou	允	kanji	10	polish
makoto	允	kanji	10	polish
yurusu	允	kanji	10	polish
a	充	kanji	10	polish
juu	充	kanji	10	polish
mi	充	kanji	10	polish
chou	兆	kanji	10	polish
kiza	兆	kanji	10	polish
ka	克	kanji	10	polish
koku	克	kanji	10	polish
gei	兒	kanji	10	polish
ji	兒	kanji	10	polish
ko	兒	kanji	10	polish
ni	兒	kanji	10	polish
kabuto	兜	kanji	10	polish
to	兜	kanji	10	polish
tou	兜	kanji	10	polish
hachi	八	kanji	10	polish
hatsu	八	kanji	10	polish
ya	八	kanji	10	polish
you	八	kanji	10	polish
mu	六	kanji	10	polish
mui	六	kanji	10	polish
riku	六	kanji	10	polish
roku	六	kanji	10	polish
ka	兼	kanji	10	polish
ken	兼	kanji	10	polish
futata	再	kanji	10	polish
sa	再	kanji	10	polish
sai	再	kanji	10	polish
bou	冒	kanji	10	polish
oka	冒	kanji	10	polish
jou	冗	kanji	10	polish
kan	冠	kanji	10	polish
kanmuri	冠	kanji	10	polish
kura	冥	kanji	10	polish
mei	冥	kanji	10	polish
myou	冥	kanji	10	polish
fu	冨	kanji	10	polish
fuu	冨	kanji	10	polish
to	冨	kanji	10	polish
tomi	冨	kanji	10	polish
fuyu	冬	kanji	10	polish
tou	冬	kanji	10	polish
go	冴	kanji	10	polish
hi	冴	kanji	10	polish
ko	冴	kanji	10	polish
koo	冴	kanji	10	polish
sa	冴	kanji	10	polish
i	冶	kanji	10	polish
ya	冶	kanji	10	polish
sai	凄	kanji	10	polish
samu	凄	kanji	10	polish
sei	凄	kanji	10	polish
sugo	凄	kanji	10	polish
susa	凄	kanji	10	polish
jun	准	kanji	10	polish
hiya	凉	kanji	10	polish
makotoni	凉	kanji	10	polish
ryou	凉	kanji	10	polish
suzu	凉	kanji	10	polish
usu	凉	kanji	10	polish
ryou	凌	kanji	10	polish
shino	凌	kanji	10	polish
i	凍	kanji	10	polish
kogo	凍	kanji	10	polish
koo	凍	kanji	10	polish
shi	凍	kanji	10	polish
tou	凍	kanji	10	polish
kibishi	凛	kanji	10	polish
rin	凛	kanji	10	polish
kibishi	凜	kanji	10	polish
rin	凜	kanji	10	polish
gyou	凝	kanji	10	polish
ko	凝	kanji	10	polish
kogo	凝	kanji	10	polish
ikanobori	凧	kanji	10	polish
tako	凧	kanji	10	polish
na	凪	kanji	10	polish
nagi	凪	kanji	10	polish
kou	凰	kanji	10	polish
ootori	凰	kanji	10	polish
ou	凰	kanji	10	polish
gai	凱	kanji	10	polish
kachidoki	凱	kanji	10	polish
kai	凱	kanji	10	polish
yawaragu	凱	kanji	10	polish
kyou	凶	kanji	10	polish
deko	凸	kanji	10	polish
totsu	凸	kanji	10	polish
boko	凹	kanji	10	polish
heko	凹	kanji	10	polish
kubo	凹	kanji	10	polish
ou	凹	kanji	10	polish
hako	函	kanji	10	polish
i	函	kanji	10	polish
kan	函	kanji	10	polish
katana	刀	kanji	10	polish
sori	刀	kanji	10	polish
tou	刀	kanji	10	polish
ha	刃	kanji	10	polish
jin	刃	kanji	10	polish
ki	刃	kanji	10	polish
nin	刃	kanji	10	polish
yaiba	刃	kanji	10	polish
gai	刈	kanji	10	polish
ka	刈	kanji	10	polish
kai	刈	kanji	10	polish
kan	刊	kanji	10	polish
ita	到	kanji	10	polish
tou	到	kanji	10	polish
sei	制	kanji	10	polish
ha	刷	kanji	10	polish
satsu	刷	kanji	10	polish
su	刷	kanji	10	polish
zu	刷	kanji	10	polish
zuri	刷	kanji	10	polish
ken	券	kanji	10	polish
satsu	刹	kanji	10	polish
sechi	刹	kanji	10	polish
setsu	刹	kanji	10	polish
sa	刺	kanji	10	polish
sashi	刺	kanji	10	polish
shi	刺	kanji	10	polish
toge	刺	kanji	10	polish
kiza	刻	kanji	10	polish
koku	刻	kanji	10	polish
hatsu	削	kanji	10	polish
kezu	削	kanji	10	polish
saku	削	kanji	10	polish
so	削	kanji	10	polish
bou	剖	kanji	10	polish
gou	剛	kanji	10	polish
ha	剝	kanji	10	polish
haku	剝	kanji	10	polish
he	剝	kanji	10	polish
hezu	剝	kanji	10	polish
hoku	剝	kanji	10	polish
mu	剝	kanji	10	polish
ama	剩	kanji	10	polish
amatsusae	剩	kanji	10	polish
jou	剩	kanji	10	polish
fuku	副	kanji	10	polish
katsu	割	kanji	10	polish
sa	割	kanji	10	polish
wa	割	kanji	10	polish
wari	割	kanji	10	polish
geki	劇	kanji	10	polish
koro	劉	kanji	10	polish
ru	劉	kanji	10	polish
ryuu	劉	kanji	10	polish
ken	劍	kanji	10	polish
tsurugi	劍	kanji	10	polish
isao	功	kanji	10	polish
kou	功	kanji	10	polish
ku	功	kanji	10	polish
ka	加	kanji	10	polish
kuwa	加	kanji	10	polish
oto	劣	kanji	10	polish
retsu	劣	kanji	10	polish
gou	劫	kanji	10	polish
kou	劫	kanji	10	polish
kyou	劫	kanji	10	polish
obiya	劫	kanji	10	polish
gai	劾	kanji	10	polish
kei	勁	kanji	10	polish
tsuyo	勁	kanji	10	polish
botsu	勃	kanji	10	polish
hotsu	勃	kanji	10	polish
niwakani	勃	kanji	10	polish
oko	勃	kanji	10	polish
isa	勇	kanji	10	polish
yuu	勇	kanji	10	polish
ben	勉	kanji	10	polish
tsuto	勉	kanji	10	polish
kan	勘	kanji	10	polish
bo	募	kanji	10	polish
tsuno	募	kanji	10	polish
isao	勳	kanji	10	polish
kun	勳	kanji	10	polish
shaku	勺	kanji	10	polish
kagi	勾	kanji	10	polish
kou	勾	kanji	10	polish
ku	勾	kanji	10	polish
ma	勾	kanji	10	polish
botsu	勿	kanji	10	polish
butsu	勿	kanji	10	polish
mochi	勿	kanji	10	polish
naka	勿	kanji	10	polish
nashi	勿	kanji	10	polish
me	匁	kanji	10	polish
monme	匁	kanji	10	polish
hou	包	kanji	10	polish
kuru	包	kanji	10	polish
tsutsu	包	kanji	10	polish
shou	匠	kanji	10	polish
takumi	匠	kanji	10	polish
kyou	匡	kanji	10	polish
ou	匡	kanji	10	polish
suku	匡	kanji	10	polish
tada	匡	kanji	10	polish
hiki	匹	kanji	10	polish
hitsu	匹	kanji	10	polish
masu	升	kanji	10	polish
shou	升	kanji	10	polish
go	午	kanji	10	polish
uma	午	kanji	10	polish
niwaka	卒	kanji	10	polish
o	卒	kanji	10	polish
shutsu	卒	kanji	10	polish
sotsu	卒	kanji	10	polish
tsuini	卒	kanji	10	polish
taku	卓	kanji	10	polish
baku	博	kanji	10	polish
haku	博	kanji	10	polish
boku	卜	kanji	10	polish
urana	卜	kanji	10	polish
uranai	卜	kanji	10	polish
sen	占	kanji	10	polish
shi	占	kanji	10	polish
urana	占	kanji	10	polish
bou	卯	kanji	10	polish
mou	卯	kanji	10	polish
u	卯	kanji	10	polish
in	印	kanji	10	polish
jirushi	印	kanji	10	polish
shiru	印	kanji	10	polish
shirushi	印	kanji	10	polish
abu	危	kanji	10	polish
aya	危	kanji	10	polish
ki	危	kanji	10	polish
kae	却	kanji	10	polish
kyaku	却	kanji	10	polish
shirizo	却	kanji	10	polish
ran	卵	kanji	10	polish
tamago	卵	kanji	10	polish
kan	卷	kanji	10	polish
ken	卷	kanji	10	polish
ma	卷	kanji	10	polish
maki	卷	kanji	10	polish
oro	卸	kanji	10	polish
oroshi	卸	kanji	10	polish
sha	卸	kanji	10	polish
moshi	卽	kanji	10	polish
shoku	卽	kanji	10	polish
soku	卽	kanji	10	polish
sunawa	卽	kanji	10	polish
tsu	卽	kanji	10	polish
kei	卿	kanji	10	polish
kimi	卿	kanji	10	polish
kyou	卿	kanji	10	polish
yaku	厄	kanji	10	polish
rin	厘	kanji	10	polish
aka	厚	kanji	10	polish
atsu	厚	kanji	10	polish
kou	厚	kanji	10	polish
chu	厨	kanji	10	polish
chuu	厨	kanji	10	polish
kuriya	厨	kanji	10	polish
shuu	厨	kanji	10	polish
zu	厨	kanji	10	polish
kyuu	厩	kanji	10	polish
umaya	厩	kanji	10	polish
mai	参	kanji	10	polish
majiwaru	参	kanji	10	polish
mitsu	参	kanji	10	polish
san	参	kanji	10	polish
shin	参	kanji	10	polish
mata	又	kanji	10	polish
yuu	又	kanji	10	polish
mata	叉	kanji	10	polish
sa	叉	kanji	10	polish
sai	叉	kanji	10	polish
sha	叉	kanji	10	polish
kyuu	及	kanji	10	polish
oyo	及	kanji	10	polish
oyobi	及	kanji	10	polish
jo	叙	kanji	10	polish
tsui	叙	kanji	10	polish
tsuide	叙	kanji	10	polish
aki	叡	kanji	10	polish
ei	叡	kanji	10	polish
kusamura	叢	kanji	10	polish
mura	叢	kanji	10	polish
sou	叢	kanji	10	polish
su	叢	kanji	10	polish
ku	句	kanji	10	polish
shi	只	kanji	10	polish
tada	只	kanji	10	polish
me	召	kanji	10	polish
shou	召	kanji	10	polish
be	可	kanji	10	polish
ka	可	kanji	10	polish
koku	可	kanji	10	polish
kana	叶	kanji	10	polish
kyou	叶	kanji	10	polish
shi	司	kanji	10	polish
tsukasado	司	kanji	10	polish
kaku	各	kanji	10	polish
onoono	各	kanji	10	polish
kichi	吉	kanji	10	polish
kitsu	吉	kanji	10	polish
yoshi	吉	kanji	10	polish
go	后	kanji	10	polish
kisaki	后	kanji	10	polish
kou	后	kanji	10	polish
ha	吐	kanji	10	polish
to	吐	kanji	10	polish
tsu	吐	kanji	10	polish
don	吞	kanji	10	polish
nomu	吞	kanji	10	polish
ten	吞	kanji	10	polish
ton	吞	kanji	10	polish
hi	否	kanji	10	polish
ina	否	kanji	10	polish
iya	否	kanji	10	polish
fuku	含	kanji	10	polish
gan	含	kanji	10	polish
bun	吻	kanji	10	polish
fun	吻	kanji	10	polish
kuchisaki	吻	kanji	10	polish
kuchiwaki	吻	kanji	10	polish
ro	呂	kanji	10	polish
ryo	呂	kanji	10	polish
sebone	呂	kanji	10	polish
tei	呈	kanji	10	polish
mawa	周	kanji	10	polish
shuu	周	kanji	10	polish
sa	咲	kanji	10	polish
shou	咲	kanji	10	polish
zaki	咲	kanji	10	polish
ai	哀	kanji	10	polish
awa	哀	kanji	10	polish
kana	哀	kanji	10	polish
kana	哉	kanji	10	polish
sai	哉	kanji	10	polish
ya	哉	kanji	10	polish
mihari	哨	kanji	10	polish
shou	哨	kanji	10	polish
mairu	哩	kanji	10	polish
ri	哩	kanji	10	polish
akiraka	哲	kanji	10	polish
satoi	哲	kanji	10	polish
tetsu	哲	kanji	10	polish
fuku	哺	kanji	10	polish
haguku	哺	kanji	10	polish
ho	哺	kanji	10	polish
bai	唄	kanji	10	polish
uta	唄	kanji	10	polish
sa	唆	kanji	10	polish
soso	唆	kanji	10	polish
sosonoka	唆	kanji	10	polish
kara	唐	kanji	10	polish
tou	唐	kanji	10	polish
i	唯	kanji	10	polish
tada	唯	kanji	10	polish
yui	唯	kanji	10	polish
da	唾	kanji	10	polish
ta	唾	kanji	10	polish
tsuba	唾	kanji	10	polish
tsubaki	唾	kanji	10	polish
taku	啄	kanji	10	polish
toku	啄	kanji	10	polish
tsuiba	啄	kanji	10	polish
tsuku	啄	kanji	10	polish
tsutsu	啄	kanji	10	polish
akina	商	kanji	10	polish
shou	商	kanji	10	polish
hira	啓	kanji	10	polish
kei	啓	kanji	10	polish
sato	啓	kanji	10	polish
i	善	kanji	10	polish
yo	善	kanji	10	polish
yoshi	善	kanji	10	polish
zen	善	kanji	10	polish
chou	喋	kanji	10	polish
shabe	喋	kanji	10	polish
tou	喋	kanji	10	polish
tsuiba	喋	kanji	10	polish
kan	喚	kanji	10	polish
wame	喚	kanji	10	polish
katsu	喝	kanji	10	polish
kamabisu	喧	kanji	10	polish
ken	喧	kanji	10	polish
yakama	喧	kanji	10	polish
sato	喩	kanji	10	polish
tato	喩	kanji	10	polish
yu	喩	kanji	10	polish
mo	喪	kanji	10	polish
sou	喪	kanji	10	polish
kitsu	喫	kanji	10	polish
no	喫	kanji	10	polish
kyou	喬	kanji	10	polish
taka	喬	kanji	10	polish
hitoe	單	kanji	10	polish
tan	單	kanji	10	polish
ka	嗅	kanji	10	polish
kyuu	嗅	kanji	10	polish
shi	嗣	kanji	10	polish
nage	嘆	kanji	10	polish
tan	嘆	kanji	10	polish
ka	嘉	kanji	10	polish
yoi	嘉	kanji	10	polish
yomi	嘉	kanji	10	polish
jou	嘗	kanji	10	polish
katsu	嘗	kanji	10	polish
kokoro	嘗	kanji	10	polish
na	嘗	kanji	10	polish
shou	嘗	kanji	10	polish
ka	嘩	kanji	10	polish
kamabisu	嘩	kanji	10	polish
ke	嘩	kanji	10	polish
shoku	嘱	kanji	10	polish
tano	嘱	kanji	10	polish
azake	嘲	kanji	10	polish
chou	嘲	kanji	10	polish
tou	嘲	kanji	10	polish
son	噂	kanji	10	polish
uwasa	噂	kanji	10	polish
kamabisu	噌	kanji	10	polish
shou	噌	kanji	10	polish
so	噌	kanji	10	polish
sou	噌	kanji	10	polish
fu	噴	kanji	10	polish
fun	噴	kanji	10	polish
kaku	嚇	kanji	10	polish
odo	嚇	kanji	10	polish
gen	嚴	kanji	10	polish
gon	嚴	kanji	10	polish
ika	嚴	kanji	10	polish
itsukushi	嚴	kanji	10	polish
kibi	嚴	kanji	10	polish
ogoso	嚴	kanji	10	polish
shuu	囚	kanji	10	polish
tora	囚	kanji	10	polish
shi	四	kanji	10	polish
yo	四	kanji	10	polish
yon	四	kanji	10	polish
koma	困	kanji	10	polish
kon	困	kanji	10	polish
kata	固	kanji	10	polish
ko	固	kanji	10	polish
fu	圃	kanji	10	polish
hatake	圃	kanji	10	polish
ho	圃	kanji	10	polish
niwa	圃	kanji	10	polish
kako	圈	kanji	10	polish
ken	圈	kanji	10	polish
koku	國	kanji	10	polish
kuni	國	kanji	10	polish
en	圓	kanji	10	polish
mado	圓	kanji	10	polish
maro	圓	kanji	10	polish
maru	圓	kanji	10	polish
dan	團	kanji	10	polish
katamari	團	kanji	10	polish
maru	團	kanji	10	polish
ton	團	kanji	10	polish
ke	圭	kanji	10	polish
kei	圭	kanji	10	polish
han	坂	kanji	10	polish
saka	坂	kanji	10	polish
kin	均	kanji	10	polish
nara	均	kanji	10	polish
bou	坊	kanji	10	polish
mashimasu	坐	kanji	10	polish
owasu	坐	kanji	10	polish
sa	坐	kanji	10	polish
sozoroni	坐	kanji	10	polish
suwa	坐	kanji	10	polish
za	坐	kanji	10	polish
kou	坑	kanji	10	polish
taira	坦	kanji	10	polish
tan	坦	kanji	10	polish
hei	坪	kanji	10	polish
tsubo	坪	kanji	10	polish
nannanto	垂	kanji	10	polish
sui	垂	kanji	10	polish
ta	垂	kanji	10	polish
gata	型	kanji	10	polish
kata	型	kanji	10	polish
kei	型	kanji	10	polish
en	垣	kanji	10	polish
kaki	垣	kanji	10	polish
i	埋	kanji	10	polish
mai	埋	kanji	10	polish
u	埋	kanji	10	polish
uzu	埋	kanji	10	polish
jou	城	kanji	10	polish
sei	城	kanji	10	polish
shiro	城	kanji	10	polish
no	埜	kanji	10	polish
sho	埜	kanji	10	polish
ya	埜	kanji	10	polish
iki	域	kanji	10	polish
hani	埴	kanji	10	polish
hena	埴	kanji	10	polish
shoku	埴	kanji	10	polish
shitsu	執	kanji	10	polish
shuu	執	kanji	10	polish
to	執	kanji	10	polish
bai	培	kanji	10	polish
tsuchika	培	kanji	10	polish
ki	埼	kanji	10	polish
misaki	埼	kanji	10	polish
sai	埼	kanji	10	polish
saki	埼	kanji	10	polish
hori	堀	kanji	10	polish
kutsu	堀	kanji	10	polish
dou	堂	kanji	10	polish
gata	堅	kanji	10	polish
kata	堅	kanji	10	polish
ken	堅	kanji	10	polish
tai	堆	kanji	10	polish
tsui	堆	kanji	10	polish
uzutaka	堆	kanji	10	polish
da	堕	kanji	10	polish
kuzu	堕	kanji	10	polish
o	堕	kanji	10	polish
tei	堤	kanji	10	polish
tsutsumi	堤	kanji	10	polish
kan	堪	kanji	10	polish
kora	堪	kanji	10	polish
kota	堪	kanji	10	polish
ta	堪	kanji	10	polish
tama	堪	kanji	10	polish
tan	堪	kanji	10	polish
gyou	堯	kanji	10	polish
taka	堯	kanji	10	polish
en	堰	kanji	10	polish
se	堰	kanji	10	polish
seki	堰	kanji	10	polish
kaki	堵	kanji	10	polish
to	堵	kanji	10	polish
bei	塀	kanji	10	polish
hei	塀	kanji	10	polish
kai	塊	kanji	10	polish
katamari	塊	kanji	10	polish
ke	塊	kanji	10	polish
tsuchikure	塊	kanji	10	polish
deku	塑	kanji	10	polish
so	塑	kanji	10	polish
tou	塔	kanji	10	polish
mami	塗	kanji	10	polish
nu	塗	kanji	10	polish
to	塗	kanji	10	polish
hanawa	塙	kanji	10	polish
kaku	塙	kanji	10	polish
kata	塙	kanji	10	polish
kou	塙	kanji	10	polish
chou	塚	kanji	10	polish
duka	塚	kanji	10	polish
tsuka	塚	kanji	10	polish
fusa	塞	kanji	10	polish
mi	塞	kanji	10	polish
sai	塞	kanji	10	polish
soku	塞	kanji	10	polish
toride	塞	kanji	10	polish
chin	塡	kanji	10	polish
fusa	塡	kanji	10	polish
ha	塡	kanji	10	polish
hama	塡	kanji	10	polish
ten	塡	kanji	10	polish
uzu	塡	kanji	10	polish
juku	塾	kanji	10	polish
o	墜	kanji	10	polish
tsui	墜	kanji	10	polish
fueru	增	kanji	10	polish
fuyasu	增	kanji	10	polish
masu	增	kanji	10	polish
sou	增	kanji	10	polish
zou	增	kanji	10	polish
fun	墳	kanji	10	polish
ha	墾	kanji	10	polish
hira	墾	kanji	10	polish
kon	墾	kanji	10	polish
dan	壇	kanji	10	polish
tan	壇	kanji	10	polish
gou	壕	kanji	10	polish
hori	壕	kanji	10	polish
kou	壕	kanji	10	polish
rai	壘	kanji	10	polish
rui	壘	kanji	10	polish
sui	壘	kanji	10	polish
toride	壘	kanji	10	polish
e	壞	kanji	10	polish
kai	壞	kanji	10	polish
kowa	壞	kanji	10	polish
yabu	壞	kanji	10	polish
i	壬	kanji	10	polish
jin	壬	kanji	10	polish
mizunoe	壬	kanji	10	polish
nin	壬	kanji	10	polish
sakan	壯	kanji	10	polish
sou	壯	kanji	10	polish
ju	壽	kanji	10	polish
kotobu	壽	kanji	10	polish
kotobuki	壽	kanji	10	polish
kotoho	壽	kanji	10	polish
shuu	壽	kanji	10	polish
su	壽	kanji	10	polish
ga	夏	kanji	10	polish
ge	夏	kanji	10	polish
ka	夏	kanji	10	polish
natsu	夏	kanji	10	polish
futo	太	kanji	10	polish
ta	太	kanji	10	polish
tai	太	kanji	10	polish
ou	央	kanji	10	polish
ebisu	夷	kanji	10	polish
emishi	夷	kanji	10	polish
i	夷	kanji	10	polish
koro	夷	kanji	10	polish
tai	夷	kanji	10	polish
en	奄	kanji	10	polish
oo	奄	kanji	10	polish
tachimachi	奄	kanji	10	polish
aya	奇	kanji	10	polish
ki	奇	kanji	10	polish
ku	奇	kanji	10	polish
kushi	奇	kanji	10	polish
mezura	奇	kanji	10	polish
dai	奈	kanji	10	polish
ikan	奈	kanji	10	polish
karanashi	奈	kanji	10	polish
na	奈	kanji	10	polish
nai	奈	kanji	10	polish
bu	奉	kanji	10	polish
hou	奉	kanji	10	polish
matsu	奉	kanji	10	polish
tatematsu	奉	kanji	10	polish
kei	奎	kanji	10	polish
ki	奎	kanji	10	polish
kana	奏	kanji	10	polish
sou	奏	kanji	10	polish
hashi	奔	kanji	10	polish
hon	奔	kanji	10	polish
kasa	套	kanji	10	polish
tou	套	kanji	10	polish
kuma	奥	kanji	10	polish
oku	奥	kanji	10	polish
ou	奥	kanji	10	polish
kuma	奧	kanji	10	polish
oku	奧	kanji	10	polish
ou	奧	kanji	10	polish
datsu	奪	kanji	10	polish
uba	奪	kanji	10	polish
shou	奬	kanji	10	polish
sou	奬	kanji	10	polish
susu	奬	kanji	10	polish
fun	奮	kanji	10	polish
furu	奮	kanji	10	polish
i	好	kanji	10	polish
kono	好	kanji	10	polish
kou	好	kanji	10	polish
su	好	kanji	10	polish
yo	好	kanji	10	polish
goto	如	kanji	10	polish
jo	如	kanji	10	polish
nyo	如	kanji	10	polish
hi	妃	kanji	10	polish
kisaki	妃	kanji	10	polish
bou	妄	kanji	10	polish
mida	妄	kanji	10	polish
mou	妄	kanji	10	polish
hara	妊	kanji	10	polish
jin	妊	kanji	10	polish
migomo	妊	kanji	10	polish
nin	妊	kanji	10	polish
aya	妖	kanji	10	polish
nama	妖	kanji	10	polish
wazawa	妖	kanji	10	polish
you	妖	kanji	10	polish
byou	妙	kanji	10	polish
myou	妙	kanji	10	polish
tae	妙	kanji	10	polish
da	妥	kanji	10	polish
bou	妨	kanji	10	polish
samata	妨	kanji	10	polish
fusa	妬	kanji	10	polish
neta	妬	kanji	10	polish
sone	妬	kanji	10	polish
to	妬	kanji	10	polish
tsu	妬	kanji	10	polish
tsumo	妬	kanji	10	polish
sei	姓	kanji	10	polish
shou	姓	kanji	10	polish
i	委	kanji	10	polish
yuda	委	kanji	10	polish
bo	姥	kanji	10	polish
mo	姥	kanji	10	polish
uba	姥	kanji	10	polish
hime	姫	kanji	10	polish
ki	姫	kanji	10	polish
shi	姿	kanji	10	polish
sugata	姿	kanji	10	polish
i	威	kanji	10	polish
odo	威	kanji	10	polish
a	娃	kanji	10	polish
ai	娃	kanji	10	polish
utsuku	娃	kanji	10	polish
wa	娃	kanji	10	polish
jou	娘	kanji	10	polish
ko	娘	kanji	10	polish
musume	娘	kanji	10	polish
shin	娠	kanji	10	polish
ben	娩	kanji	10	polish
go	娯	kanji	10	polish
fu	婦	kanji	10	polish
yome	婦	kanji	10	polish
muko	婿	kanji	10	polish
sei	婿	kanji	10	polish
bai	媒	kanji	10	polish
nakoudo	媒	kanji	10	polish
en	媛	kanji	10	polish
hime	媛	kanji	10	polish
i	嫁	kanji	10	polish
ka	嫁	kanji	10	polish
totsu	嫁	kanji	10	polish
yome	嫁	kanji	10	polish
yu	嫁	kanji	10	polish
neta	嫉	kanji	10	polish
niku	嫉	kanji	10	polish
shitsu	嫉	kanji	10	polish
sone	嫉	kanji	10	polish
gen	嫌	kanji	10	polish
iya	嫌	kanji	10	polish
ken	嫌	kanji	10	polish
kira	嫌	kanji	10	polish
chaku	嫡	kanji	10	polish
teki	嫡	kanji	10	polish
ki	嬉	kanji	10	polish
tano	嬉	kanji	10	polish
ure	嬉	kanji	10	polish
jou	孃	kanji	10	polish
musume	孃	kanji	10	polish
ana	孔	kanji	10	polish
kou	孔	kanji	10	polish
ku	孔	kanji	10	polish
shi	孜	kanji	10	polish
tsuto	孜	kanji	10	polish
kou	孝	kanji	10	polish
kyou	孝	kanji	10	polish
bou	孟	kanji	10	polish
kashira	孟	kanji	10	polish
mou	孟	kanji	10	polish
myou	孟	kanji	10	polish
ki	季	kanji	10	polish
ko	孤	kanji	10	polish
u	宇	kanji	10	polish
sou	宋	kanji	10	polish
hiro	宏	kanji	10	polish
kou	宏	kanji	10	polish
sugiru	宕	kanji	10	polish
tou	宕	kanji	10	polish
chuu	宙	kanji	10	polish
jou	定	kanji	10	polish
sada	定	kanji	10	polish
tei	定	kanji	10	polish
a	宛	kanji	10	polish
ataka	宛	kanji	10	polish
ate	宛	kanji	10	polish
dutsu	宛	kanji	10	polish
en	宛	kanji	10	polish
gi	宜	kanji	10	polish
yoro	宜	kanji	10	polish
hou	宝	kanji	10	polish
takara	宝	kanji	10	polish
notama	宣	kanji	10	polish
sen	宣	kanji	10	polish
nada	宥	kanji	10	polish
yuru	宥	kanji	10	polish
yuu	宥	kanji	10	polish
guu	宮	kanji	10	polish
ku	宮	kanji	10	polish
kuu	宮	kanji	10	polish
kyuu	宮	kanji	10	polish
miya	宮	kanji	10	polish
sai	宰	kanji	10	polish
en	宴	kanji	10	polish
utage	宴	kanji	10	polish
shou	宵	kanji	10	polish
yoi	宵	kanji	10	polish
i	容	kanji	10	polish
you	容	kanji	10	polish
jaku	寂	kanji	10	polish
sabi	寂	kanji	10	polish
sami	寂	kanji	10	polish
seki	寂	kanji	10	polish
ki	寄	kanji	10	polish
yo	寄	kanji	10	polish
in	寅	kanji	10	polish
tora	寅	kanji	10	polish
dou	寓	kanji	10	polish
gu	寓	kanji	10	polish
guu	寓	kanji	10	polish
kakotsu	寓	kanji	10	polish
karizumai	寓	kanji	10	polish
yo	寓	kanji	10	polish
ka	寡	kanji	10	polish
i	寢	kanji	10	polish
mitamaya	寢	kanji	10	polish
ne	寢	kanji	10	polish
shin	寢	kanji	10	polish
ya	寢	kanji	10	polish
jitsu	實	kanji	10	polish
makoto	實	kanji	10	polish
mi	實	kanji	10	polish
michi	實	kanji	10	polish
mino	實	kanji	10	polish
shitsu	實	kanji	10	polish
mushi	寧	kanji	10	polish
nei	寧	kanji	10	polish
shin	審	kanji	10	polish
tsubusa	審	kanji	10	polish
tsumabi	審	kanji	10	polish
hiroi	寬	kanji	10	polish
kan	寬	kanji	10	polish
kutsurogu	寬	kanji	10	polish
yuruyaka	寬	kanji	10	polish
ryou	寮	kanji	10	polish
chou	寵	kanji	10	polish
megu	寵	kanji	10	polish
sun	寸	kanji	10	polish
ji	寺	kanji	10	polish
tera	寺	kanji	10	polish
ju	寿	kanji	10	polish
kotobu	寿	kanji	10	polish
kotobuki	寿	kanji	10	polish
kotoho	寿	kanji	10	polish
shuu	寿	kanji	10	polish
su	寿	kanji	10	polish
fuu	封	kanji	10	polish
hou	封	kanji	10	polish
i	射	kanji	10	polish
sa	射	kanji	10	polish
sha	射	kanji	10	polish
u	射	kanji	10	polish
hata	將	kanji	10	polish
hikii	將	kanji	10	polish
masa	將	kanji	10	polish
motte	將	kanji	10	polish
shou	將	kanji	10	polish
sou	將	kanji	10	polish
moppa	專	kanji	10	polish
sen	專	kanji	10	polish
i	尉	kanji	10	polish
jou	尉	kanji	10	polish
son	尊	kanji	10	polish
tatto	尊	kanji	10	polish
touto	尊	kanji	10	polish
hiro	尋	kanji	10	polish
jin	尋	kanji	10	polish
tazu	尋	kanji	10	polish
dou	導	kanji	10	polish
michibi	導	kanji	10	polish
saki	尖	kanji	10	polish
sen	尖	kanji	10	polish
surudo	尖	kanji	10	polish
toga	尖	kanji	10	polish
nao	尚	kanji	10	polish
shou	尚	kanji	10	polish
motto	尤	kanji	10	polish
toga	尤	kanji	10	polish
yuu	尤	kanji	10	polish
gyou	尭	kanji	10	polish
taka	尭	kanji	10	polish
sashi	尺	kanji	10	polish
seki	尺	kanji	10	polish
shaku	尺	kanji	10	polish
du	尽	kanji	10	polish
jin	尽	kanji	10	polish
kotogoto	尽	kanji	10	polish
san	尽	kanji	10	polish
tsu	尽	kanji	10	polish
zu	尽	kanji	10	polish
ibari	尿	kanji	10	polish
nyou	尿	kanji	10	polish
shito	尿	kanji	10	polish
yubari	尿	kanji	10	polish
i	居	kanji	10	polish
ko	居	kanji	10	polish
kyo	居	kanji	10	polish
o	居	kanji	10	polish
kaga	屈	kanji	10	polish
kutsu	屈	kanji	10	polish
kai	届	kanji	10	polish
todo	届	kanji	10	polish
oku	屋	kanji	10	polish
ya	屋	kanji	10	polish
isagiyo	屑	kanji	10	polish
kuzu	屑	kanji	10	polish
setsu	屑	kanji	10	polish
ten	展	kanji	10	polish
sou	層	kanji	10	polish
ha	履	kanji	10	polish
ri	履	kanji	10	polish
tamuro	屯	kanji	10	polish
ton	屯	kanji	10	polish
gi	岐	kanji	10	polish
ki	岐	kanji	10	polish
kou	岡	kanji	10	polish
oka	岡	kanji	10	polish
gan	岩	kanji	10	polish
iwa	岩	kanji	10	polish
kou	岬	kanji	10	polish
misaki	岬	kanji	10	polish
gaku	岳	kanji	10	polish
take	岳	kanji	10	polish
gan	岸	kanji	10	polish
kishi	岸	kanji	10	polish
touge	峠	kanji	10	polish
hazama	峡	kanji	10	polish
kou	峡	kanji	10	polish
kyou	峡	kanji	10	polish
ga	峨	kanji	10	polish
kewa	峨	kanji	10	polish
hou	峯	kanji	10	polish
mine	峯	kanji	10	polish
ne	峯	kanji	10	polish
hou	峰	kanji	10	polish
mine	峰	kanji	10	polish
ne	峰	kanji	10	polish
shima	島	kanji	10	polish
tou	島	kanji	10	polish
kewa	峻	kanji	10	polish
shun	峻	kanji	10	polish
taka	峻	kanji	10	polish
hazama	峽	kanji	10	polish
kou	峽	kanji	10	polish
kyou	峽	kanji	10	polish
aga	崇	kanji	10	polish
suu	崇	kanji	10	polish
ki	崎	kanji	10	polish
misaki	崎	kanji	10	polish
sai	崎	kanji	10	polish
saki	崎	kanji	10	polish
gai	崖	kanji	10	polish
gake	崖	kanji	10	polish
ge	崖	kanji	10	polish
gi	崖	kanji	10	polish
hate	崖	kanji	10	polish
kishi	崖	kanji	10	polish
ryou	崚	kanji	10	polish
hou	崩	kanji	10	polish
kuzu	崩	kanji	10	polish
arashi	嵐	kanji	10	polish
ran	嵐	kanji	10	polish
kasa	嵩	kanji	10	polish
shuu	嵩	kanji	10	polish
suu	嵩	kanji	10	polish
taka	嵩	kanji	10	polish
sa	嵯	kanji	10	polish
shi	嵯	kanji	10	polish
shima	嶋	kanji	10	polish
tou	嶋	kanji	10	polish
mine	嶺	kanji	10	polish
rei	嶺	kanji	10	polish
ryou	嶺	kanji	10	polish
gan	巖	kanji	10	polish
iwa	巖	kanji	10	polish
iwao	巖	kanji	10	polish
kewa	巖	kanji	10	polish
jun	巡	kanji	10	polish
megu	巡	kanji	10	polish
sou	巢	kanji	10	polish
su	巢	kanji	10	polish
kou	巧	kanji	10	polish
taku	巧	kanji	10	polish
uma	巧	kanji	10	polish
kyo	巨	kanji	10	polish
fu	巫	kanji	10	polish
kannagi	巫	kanji	10	polish
miko	巫	kanji	10	polish
sa	差	kanji	10	polish
ki	己	kanji	10	polish
ko	己	kanji	10	polish
na	己	kanji	10	polish
onore	己	kanji	10	polish
tsuchinoto	己	kanji	10	polish
hanahada	已	kanji	10	polish
i	已	kanji	10	polish
nomi	已	kanji	10	polish
sude	已	kanji	10	polish
ya	已	kanji	10	polish
mi	巳	kanji	10	polish
shi	巳	kanji	10	polish
ha	巴	kanji	10	polish
tomoe	巴	kanji	10	polish
uzumaki	巴	kanji	10	polish
chimata	巷	kanji	10	polish
kou	巷	kanji	10	polish
son	巽	kanji	10	polish
tatsumi	巽	kanji	10	polish
chikiri	巾	kanji	10	polish
fuku	巾	kanji	10	polish
kin	巾	kanji	10	polish
kire	巾	kanji	10	polish
oo	巾	kanji	10	polish
han	帆	kanji	10	polish
ho	帆	kanji	10	polish
ke	希	kanji	10	polish
ki	希	kanji	10	polish
koinega	希	kanji	10	polish
mare	希	kanji	10	polish
chou	帖	kanji	10	polish
jou	帖	kanji	10	polish
kakimono	帖	kanji	10	polish
mikado	帝	kanji	10	polish
tei	帝	kanji	10	polish
sui	帥	kanji	10	polish
mushiro	席	kanji	10	polish
seki	席	kanji	10	polish
o	帶	kanji	10	polish
obi	帶	kanji	10	polish
tai	帶	kanji	10	polish
bou	帽	kanji	10	polish
mou	帽	kanji	10	polish
oo	帽	kanji	10	polish
zukin	帽	kanji	10	polish
fuku	幅	kanji	10	polish
haba	幅	kanji	10	polish
horo	幌	kanji	10	polish
kou	幌	kanji	10	polish
tobari	幌	kanji	10	polish
baku	幕	kanji	10	polish
maku	幕	kanji	10	polish
tobari	幕	kanji	10	polish
ban	幡	kanji	10	polish
han	幡	kanji	10	polish
hata	幡	kanji	10	polish
hon	幡	kanji	10	polish
man	幡	kanji	10	polish
hei	幣	kanji	10	polish
nusa	幣	kanji	10	polish
bo	干	kanji	10	polish
hi	干	kanji	10	polish
ho	干	kanji	10	polish
kan	干	kanji	10	polish
kou	幸	kanji	10	polish
sachi	幸	kanji	10	polish
saiwa	幸	kanji	10	polish
shiawa	幸	kanji	10	polish
kan	幹	kanji	10	polish
miki	幹	kanji	10	polish
gen	幻	kanji	10	polish
maboroshi	幻	kanji	10	polish
fuka	幽	kanji	10	polish
kasu	幽	kanji	10	polish
kura	幽	kanji	10	polish
shiro	幽	kanji	10	polish
yuu	幽	kanji	10	polish
iku	幾	kanji	10	polish
ki	幾	kanji	10	polish
hou	庄	kanji	10	polish
shou	庄	kanji	10	polish
so	庄	kanji	10	polish
sou	庄	kanji	10	polish
hi	庇	kanji	10	polish
hisashi	庇	kanji	10	polish
kaba	庇	kanji	10	polish
oo	庇	kanji	10	polish
soko	底	kanji	10	polish
tei	底	kanji	10	polish
kanoe	庚	kanji	10	polish
kou	庚	kanji	10	polish
do	度	kanji	10	polish
ta	度	kanji	10	polish
tabi	度	kanji	10	polish
taku	度	kanji	10	polish
to	度	kanji	10	polish
an	庵	kanji	10	polish
io	庵	kanji	10	polish
iori	庵	kanji	10	polish
kou	康	kanji	10	polish
you	庸	kanji	10	polish
ren	廉	kanji	10	polish
rou	廊	kanji	10	polish
byou	廟	kanji	10	polish
mitamaya	廟	kanji	10	polish
myou	廟	kanji	10	polish
tamaya	廟	kanji	10	polish
yashiro	廟	kanji	10	polish
hiro	廣	kanji	10	polish
kou	廣	kanji	10	polish
chou	廳	kanji	10	polish
tei	廳	kanji	10	polish
yakusho	廳	kanji	10	polish
en	延	kanji	10	polish
no	延	kanji	10	polish
tei	廷	kanji	10	polish
e	廻	kanji	10	polish
kai	廻	kanji	10	polish
mawa	廻	kanji	10	polish
megu	廻	kanji	10	polish
motoo	廻	kanji	10	polish
juu	廿	kanji	10	polish
nijuu	廿	kanji	10	polish
nyuu	廿	kanji	10	polish
hineku	弄	kanji	10	polish
iji	弄	kanji	10	polish
ijiku	弄	kanji	10	polish
moteaso	弄	kanji	10	polish
rou	弄	kanji	10	polish
ru	弄	kanji	10	polish
tawamu	弄	kanji	10	polish
hei	弊	kanji	10	polish
kyuu	弓	kanji	10	polish
yumi	弓	kanji	10	polish
chou	弔	kanji	10	polish
tobura	弔	kanji	10	polish
tomura	弔	kanji	10	polish
hi	引	kanji	10	polish
in	引	kanji	10	polish
gu	弘	kanji	10	polish
hiro	弘	kanji	10	polish
kou	弘	kanji	10	polish
chi	弛	kanji	10	polish
shi	弛	kanji	10	polish
taru	弛	kanji	10	polish
tayu	弛	kanji	10	polish
yuru	弛	kanji	10	polish
bi	弥	kanji	10	polish
iya	弥	kanji	10	polish
iyo	弥	kanji	10	polish
mi	弥	kanji	10	polish
wata	弥	kanji	10	polish
ya	弥	kanji	10	polish
gen	弦	kanji	10	polish
tsuru	弦	kanji	10	polish
ko	弧	kanji	10	polish
ba	張	kanji	10	polish
chou	張	kanji	10	polish
ha	張	kanji	10	polish
dan	彈	kanji	10	polish
haji	彈	kanji	10	polish
hazu	彈	kanji	10	polish
hi	彈	kanji	10	polish
tada	彈	kanji	10	polish
tama	彈	kanji	10	polish
tan	彈	kanji	10	polish
amaneshi	彌	kanji	10	polish
bi	彌	kanji	10	polish
hisa	彌	kanji	10	polish
hisashi	彌	kanji	10	polish
iya	彌	kanji	10	polish
iyoiyo	彌	kanji	10	polish
mi	彌	kanji	10	polish
tooi	彌	kanji	10	polish
wata	彌	kanji	10	polish
ya	彌	kanji	10	polish
e	彗	kanji	10	polish
houki	彗	kanji	10	polish
kei	彗	kanji	10	polish
sei	彗	kanji	10	polish
sui	彗	kanji	10	polish
harinezumi	彙	kanji	10	polish
i	彙	kanji	10	polish
gen	彦	kanji	10	polish
hiko	彦	kanji	10	polish
irodo	彩	kanji	10	polish
sai	彩	kanji	10	polish
aya	彪	kanji	10	polish
hyou	彪	kanji	10	polish
hyuu	彪	kanji	10	polish
bo	彫	kanji	10	polish
chou	彫	kanji	10	polish
ho	彫	kanji	10	polish
aki	彬	kanji	10	polish
fun	彬	kanji	10	polish
hin	彬	kanji	10	polish
uruwa	彬	kanji	10	polish
shou	彰	kanji	10	polish
i	往	kanji	10	polish
inishie	往	kanji	10	polish
ou	往	kanji	10	polish
saki	往	kanji	10	polish
yu	往	kanji	10	polish
sei	征	kanji	10	polish
kei	径	kanji	10	polish
komichi	径	kanji	10	polish
michi	径	kanji	10	polish
sashiwatashi	径	kanji	10	polish
tadachini	径	kanji	10	polish
ma	待	kanji	10	polish
tai	待	kanji	10	polish
ada	徒	kanji	10	polish
itazura	徒	kanji	10	polish
to	徒	kanji	10	polish
ju	從	kanji	10	polish
juu	從	kanji	10	polish
shitaga	從	kanji	10	polish
shou	從	kanji	10	polish
yori	從	kanji	10	polish
kita	徠	kanji	10	polish
ku	徠	kanji	10	polish
rai	徠	kanji	10	polish
go	御	kanji	10	polish
gyo	御	kanji	10	polish
mi	御	kanji	10	polish
o	御	kanji	10	polish
on	御	kanji	10	polish
jun	循	kanji	10	polish
bi	微	kanji	10	polish
kasu	微	kanji	10	polish
chi	徵	kanji	10	polish
chou	徵	kanji	10	polish
mesu	徵	kanji	10	polish
shirushi	徵	kanji	10	polish
oshie	德	kanji	10	polish
toku	德	kanji	10	polish
tetsu	徹	kanji	10	polish
ki	徽	kanji	10	polish
shirushi	徽	kanji	10	polish
hitsu	必	kanji	10	polish
kanara	必	kanji	10	polish
i	忌	kanji	10	polish
ki	忌	kanji	10	polish
nin	忍	kanji	10	polish
shino	忍	kanji	10	polish
kokoroza	志	kanji	10	polish
kokorozashi	志	kanji	10	polish
shi	志	kanji	10	polish
kai	快	kanji	10	polish
kokoroyo	快	kanji	10	polish
nen	念	kanji	10	polish
kotsu	忽	kanji	10	polish
tachima	忽	kanji	10	polish
yuruga	忽	kanji	10	polish
fu	怖	kanji	10	polish
ho	怖	kanji	10	polish
kowa	怖	kanji	10	polish
o	怖	kanji	10	polish
oso	怖	kanji	10	polish
awa	怜	kanji	10	polish
rei	怜	kanji	10	polish
ren	怜	kanji	10	polish
ryou	怜	kanji	10	polish
sato	怜	kanji	10	polish
saga	性	kanji	10	polish
sei	性	kanji	10	polish
shou	性	kanji	10	polish
en	怨	kanji	10	polish
on	怨	kanji	10	polish
un	怨	kanji	10	polish
ura	怨	kanji	10	polish
urami	怨	kanji	10	polish
aya	怪	kanji	10	polish
kai	怪	kanji	10	polish
ke	怪	kanji	10	polish
kou	恆	kanji	10	polish
tsune	恆	kanji	10	polish
kowa	恐	kanji	10	polish
kyou	恐	kanji	10	polish
oso	恐	kanji	10	polish
kou	恒	kanji	10	polish
tsune	恒	kanji	10	polish
tsuneni	恒	kanji	10	polish
jo	恕	kanji	10	polish
sho	恕	kanji	10	polish
yuru	恕	kanji	10	polish
hiro	恢	kanji	10	polish
kai	恢	kanji	10	polish
ke	恢	kanji	10	polish
hoshiimama	恣	kanji	10	polish
shi	恣	kanji	10	polish
chi	恥	kanji	10	polish
ha	恥	kanji	10	polish
haji	恥	kanji	10	polish
kon	恨	kanji	10	polish
ura	恨	kanji	10	polish
on	恩	kanji	10	polish
kyou	恭	kanji	10	polish
uyauya	恭	kanji	10	polish
ataka	恰	kanji	10	polish
chou	恰	kanji	10	polish
kou	恰	kanji	10	polish
kyou	恰	kanji	10	polish
kotogoto	悉	kanji	10	polish
shichi	悉	kanji	10	polish
shitsu	悉	kanji	10	polish
tsu	悉	kanji	10	polish
tsubusa	悉	kanji	10	polish
dai	悌	kanji	10	polish
tei	悌	kanji	10	polish
kai	悔	kanji	10	polish
ku	悔	kanji	10	polish
kuya	悔	kanji	10	polish
go	悟	kanji	10	polish
sato	悟	kanji	10	polish
yuu	悠	kanji	10	polish
kan	患	kanji	10	polish
wazura	患	kanji	10	polish
etsu	悦	kanji	10	polish
yoroko	悦	kanji	10	polish
ita	悼	kanji	10	polish
tou	悼	kanji	10	polish
atsu	惇	kanji	10	polish
jun	惇	kanji	10	polish
shun	惇	kanji	10	polish
ton	惇	kanji	10	polish
mado	惑	kanji	10	polish
waku	惑	kanji	10	polish
bo	惚	kanji	10	polish
ho	惚	kanji	10	polish
hoke	惚	kanji	10	polish
kotsu	惚	kanji	10	polish
o	惜	kanji	10	polish
seki	惜	kanji	10	polish
i	惟	kanji	10	polish
kore	惟	kanji	10	polish
omo	惟	kanji	10	polish
yui	惟	kanji	10	polish
e	惠	kanji	10	polish
kei	惠	kanji	10	polish
megu	惠	kanji	10	polish
a	惡	kanji	10	polish
aa	惡	kanji	10	polish
aku	惡	kanji	10	polish
izukuni	惡	kanji	10	polish
izukunzo	惡	kanji	10	polish
niku	惡	kanji	10	polish
o	惡	kanji	10	polish
waru	惡	kanji	10	polish
sou	惣	kanji	10	polish
sube	惣	kanji	10	polish
gu	惧	kanji	10	polish
ku	惧	kanji	10	polish
oso	惧	kanji	10	polish
ita	惨	kanji	10	polish
miji	惨	kanji	10	polish
mugo	惨	kanji	10	polish
san	惨	kanji	10	polish
zan	惨	kanji	10	polish
omo	想	kanji	10	polish
so	想	kanji	10	polish
sou	想	kanji	10	polish
hi	惹	kanji	10	polish
ja	惹	kanji	10	polish
jaku	惹	kanji	10	polish
sato	惺	kanji	10	polish
sei	惺	kanji	10	polish
shuu	愁	kanji	10	polish
ure	愁	kanji	10	polish
tano	愉	kanji	10	polish
yu	愉	kanji	10	polish
gu	愚	kanji	10	polish
oro	愚	kanji	10	polish
shin	愼	kanji	10	polish
tsutsushi	愼	kanji	10	polish
furu	慄	kanji	10	polish
onono	慄	kanji	10	polish
oso	慄	kanji	10	polish
ritsu	慄	kanji	10	polish
itsuku	慈	kanji	10	polish
ji	慈	kanji	10	polish
tai	態	kanji	10	polish
waza	態	kanji	10	polish
awa	慌	kanji	10	polish
kou	慌	kanji	10	polish
shin	慎	kanji	10	polish
tsutsu	慎	kanji	10	polish
tsutsushi	慎	kanji	10	polish
bo	慕	kanji	10	polish
shita	慕	kanji	10	polish
kan	慣	kanji	10	polish
na	慣	kanji	10	polish
e	慧	kanji	10	polish
kei	慧	kanji	10	polish
satoi	慧	kanji	10	polish
gai	慨	kanji	10	polish
nage	慨	kanji	10	polish
omonpaka	慮	kanji	10	polish
omonpaku	慮	kanji	10	polish
ryo	慮	kanji	10	polish
i	慰	kanji	10	polish
nagusa	慰	kanji	10	polish
kei	慶	kanji	10	polish
yoroko	慶	kanji	10	polish
u	憂	kanji	10	polish
ure	憂	kanji	10	polish
yuu	憂	kanji	10	polish
niku	憎	kanji	10	polish
zou	憎	kanji	10	polish
awa	憐	kanji	10	polish
ren	憐	kanji	10	polish
fun	憤	kanji	10	polish
ikidoo	憤	kanji	10	polish
akoga	憧	kanji	10	polish
dou	憧	kanji	10	polish
shou	憧	kanji	10	polish
tou	憧	kanji	10	polish
iko	憩	kanji	10	polish
kei	憩	kanji	10	polish
akoga	憬	kanji	10	polish
kei	憬	kanji	10	polish
ken	憲	kanji	10	polish
oku	憶	kanji	10	polish
kan	憾	kanji	10	polish
ura	憾	kanji	10	polish
kon	懇	kanji	10	polish
nengo	懇	kanji	10	polish
ata	應	kanji	10	polish
kota	應	kanji	10	polish
masani	應	kanji	10	polish
ou	應	kanji	10	polish
you	應	kanji	10	polish
chou	懲	kanji	10	polish
ko	懲	kanji	10	polish
e	懷	kanji	10	polish
futokoro	懷	kanji	10	polish
ida	懷	kanji	10	polish
kai	懷	kanji	10	polish
natsu	懷	kanji	10	polish
omo	懷	kanji	10	polish
ka	懸	kanji	10	polish
ke	懸	kanji	10	polish
ken	懸	kanji	10	polish
bo	戊	kanji	10	polish
bou	戊	kanji	10	polish
tsuchinoe	戊	kanji	10	polish
imashi	戒	kanji	10	polish
kai	戒	kanji	10	polish
a	或	kanji	10	polish
arui	或	kanji	10	polish
aruiha	或	kanji	10	polish
iki	或	kanji	10	polish
koku	或	kanji	10	polish
waku	或	kanji	10	polish
ita	戚	kanji	10	polish
miuchi	戚	kanji	10	polish
seki	戚	kanji	10	polish
soku	戚	kanji	10	polish
ure	戚	kanji	10	polish
geki	戟	kanji	10	polish
hoko	戟	kanji	10	polish
ikusa	戰	kanji	10	polish
onono	戰	kanji	10	polish
sen	戰	kanji	10	polish
soyogu	戰	kanji	10	polish
tataka	戰	kanji	10	polish
ge	戲	kanji	10	polish
gi	戲	kanji	10	polish
tawamu	戲	kanji	10	polish
itada	戴	kanji	10	polish
tai	戴	kanji	10	polish
bou	房	kanji	10	polish
fusa	房	kanji	10	polish
ougi	扇	kanji	10	polish
sen	扇	kanji	10	polish
bu	打	kanji	10	polish
da	打	kanji	10	polish
u	打	kanji	10	polish
taku	托	kanji	10	polish
tano	托	kanji	10	polish
atsuka	扱	kanji	10	polish
ko	扱	kanji	10	polish
kyuu	扱	kanji	10	polish
sou	扱	kanji	10	polish
fu	扶	kanji	10	polish
tasu	扶	kanji	10	polish
hi	批	kanji	10	polish
shou	抄	kanji	10	polish
ha	把	kanji	10	polish
wa	把	kanji	10	polish
osa	抑	kanji	10	polish
yoku	抑	kanji	10	polish
araga	抗	kanji	10	polish
kou	抗	kanji	10	polish
o	折	kanji	10	polish
ori	折	kanji	10	polish
setsu	折	kanji	10	polish
shaku	折	kanji	10	polish
hi	披	kanji	10	polish
da	抱	kanji	10	polish
hou	抱	kanji	10	polish
ida	抱	kanji	10	polish
kaka	抱	kanji	10	polish
tei	抵	kanji	10	polish
matsu	抹	kanji	10	polish
o	押	kanji	10	polish
osa	押	kanji	10	polish
ou	押	kanji	10	polish
chuu	抽	kanji	10	polish
hiki	抽	kanji	10	polish
futsu	拂	kanji	10	polish
hara	拂	kanji	10	polish
hitsu	拂	kanji	10	polish
hotsu	拂	kanji	10	polish
hishi	拉	kanji	10	polish
kuda	拉	kanji	10	polish
ra	拉	kanji	10	polish
ratsu	拉	kanji	10	polish
rou	拉	kanji	10	polish
haku	拍	kanji	10	polish
hyou	拍	kanji	10	polish
kai	拐	kanji	10	polish
go	拒	kanji	10	polish
koba	拒	kanji	10	polish
kyo	拒	kanji	10	polish
hira	拓	kanji	10	polish
taku	拓	kanji	10	polish
batsu	拔	kanji	10	polish
hai	拔	kanji	10	polish
nu	拔	kanji	10	polish
kaka	拘	kanji	10	polish
kou	拘	kanji	10	polish
setsu	拙	kanji	10	polish
tsutana	拙	kanji	10	polish
mane	招	kanji	10	polish
shou	招	kanji	10	polish
hai	拜	kanji	10	polish
oga	拜	kanji	10	polish
oroga	拜	kanji	10	polish
katsu	括	kanji	10	polish
kuku	括	kanji	10	polish
fu	拭	kanji	10	polish
nugu	拭	kanji	10	polish
shiki	拭	kanji	10	polish
shoku	拭	kanji	10	polish
gen	拳	kanji	10	polish
ken	拳	kanji	10	polish
kobushi	拳	kanji	10	polish
satsu	拶	kanji	10	polish
sema	拶	kanji	10	polish
gou	拷	kanji	10	polish
hiro	拾	kanji	10	polish
juu	拾	kanji	10	polish
shuu	拾	kanji	10	polish
an	按	kanji	10	polish
osa	按	kanji	10	polish
shira	按	kanji	10	polish
chou	挑	kanji	10	polish
ido	挑	kanji	10	polish
hasa	挟	kanji	10	polish
kyou	挟	kanji	10	polish
sashihasa	挟	kanji	10	polish
shou	挟	kanji	10	polish
wakibasa	挟	kanji	10	polish
ai	挨	kanji	10	polish
hira	挨	kanji	10	polish
kuji	挫	kanji	10	polish
sa	挫	kanji	10	polish
za	挫	kanji	10	polish
chou	挺	kanji	10	polish
nu	挺	kanji	10	polish
tei	挺	kanji	10	polish
ban	挽	kanji	10	polish
hi	挽	kanji	10	polish
saku	捉	kanji	10	polish
soku	捉	kanji	10	polish
tora	捉	kanji	10	polish
ho	捕	kanji	10	polish
to	捕	kanji	10	polish
tora	捕	kanji	10	polish
tsuka	捕	kanji	10	polish
choku	捗	kanji	10	polish
hakado	捗	kanji	10	polish
ho	捗	kanji	10	polish
hou	捧	kanji	10	polish
sasa	捧	kanji	10	polish
sha	捨	kanji	10	polish
su	捨	kanji	10	polish
ken	捲	kanji	10	polish
ma	捲	kanji	10	polish
maku	捲	kanji	10	polish
meku	捲	kanji	10	polish
haya	捷	kanji	10	polish
shou	捷	kanji	10	polish
sou	捷	kanji	10	polish
datsu	捺	kanji	10	polish
natsu	捺	kanji	10	polish
o	捺	kanji	10	polish
sa	捺	kanji	10	polish
hine	捻	kanji	10	polish
jou	捻	kanji	10	polish
ne	捻	kanji	10	polish
neji	捻	kanji	10	polish
nen	捻	kanji	10	polish
ha	掃	kanji	10	polish
shu	掃	kanji	10	polish
sou	掃	kanji	10	polish
ju	授	kanji	10	polish
sazu	授	kanji	10	polish
shou	掌	kanji	10	polish
tanagokoro	掌	kanji	10	polish
tenohira	掌	kanji	10	polish
hai	排	kanji	10	polish
ho	掘	kanji	10	polish
kutsu	掘	kanji	10	polish
ga	掛	kanji	10	polish
gakari	掛	kanji	10	polish
ka	掛	kanji	10	polish
kai	掛	kanji	10	polish
kakari	掛	kanji	10	polish
kei	掛	kanji	10	polish
kasu	掠	kanji	10	polish
ryaku	掠	kanji	10	polish
ryou	掠	kanji	10	polish
sai	採	kanji	10	polish
to	採	kanji	10	polish
hika	控	kanji	10	polish
kou	控	kanji	10	polish
o	推	kanji	10	polish
sui	推	kanji	10	polish
o	措	kanji	10	polish
so	措	kanji	10	polish
kiku	掬	kanji	10	polish
koku	掬	kanji	10	polish
musu	掬	kanji	10	polish
suku	掬	kanji	10	polish
tanagokoro	掬	kanji	10	polish
ki	揃	kanji	10	polish
sen	揃	kanji	10	polish
soro	揃	kanji	10	polish
chou	提	kanji	10	polish
dai	提	kanji	10	polish
sa	提	kanji	10	polish
tei	提	kanji	10	polish
a	揚	kanji	10	polish
you	揚	kanji	10	polish
aku	握	kanji	10	polish
nigi	握	kanji	10	polish
kakageru	揭	kanji	10	polish
kei	揭	kanji	10	polish
ketsu	揭	kanji	10	polish
furu	揮	kanji	10	polish
ki	揮	kanji	10	polish
ugo	搖	kanji	10	polish
you	搖	kanji	10	polish
yu	搖	kanji	10	polish
saga	搜	kanji	10	polish
shu	搜	kanji	10	polish
shuu	搜	kanji	10	polish
sou	搜	kanji	10	polish
han	搬	kanji	10	polish
tou	搭	kanji	10	polish
kei	携	kanji	10	polish
tazusa	携	kanji	10	polish
saku	搾	kanji	10	polish
shibo	搾	kanji	10	polish
kaku	摑	kanji	10	polish
tsuka	摑	kanji	10	polish
teki	摘	kanji	10	polish
tsu	摘	kanji	10	polish
ma	摩	kanji	10	polish
sasu	摩	kanji	10	polish
su	摩	kanji	10	polish
ita	摯	kanji	10	polish
nie	摯	kanji	10	polish
shi	摯	kanji	10	polish
tsuka	摯	kanji	10	polish
hida	摺	kanji	10	polish
rou	摺	kanji	10	polish
shou	摺	kanji	10	polish
shuu	摺	kanji	10	polish
su	摺	kanji	10	polish
ma	撒	kanji	10	polish
san	撒	kanji	10	polish
satsu	撒	kanji	10	polish
dou	撞	kanji	10	polish
shu	撞	kanji	10	polish
tou	撞	kanji	10	polish
tsu	撞	kanji	10	polish
tetsu	撤	kanji	10	polish
bu	撫	kanji	10	polish
fu	撫	kanji	10	polish
na	撫	kanji	10	polish
ban	播	kanji	10	polish
ha	播	kanji	10	polish
han	播	kanji	10	polish
ma	播	kanji	10	polish
do	撮	kanji	10	polish
satsu	撮	kanji	10	polish
to	撮	kanji	10	polish
tsuma	撮	kanji	10	polish
era	撰	kanji	10	polish
san	撰	kanji	10	polish
sen	撰	kanji	10	polish
boku	撲	kanji	10	polish
you	擁	kanji	10	polish
geki	擊	kanji	10	polish
u	擊	kanji	10	polish
ayatsu	操	kanji	10	polish
misao	操	kanji	10	polish
san	操	kanji	10	polish
sou	操	kanji	10	polish
nu	擢	kanji	10	polish
nuki	擢	kanji	10	polish
taku	擢	kanji	10	polish
teki	擢	kanji	10	polish
kosu	擦	kanji	10	polish
satsu	擦	kanji	10	polish
su	擦	kanji	10	polish
zu	擦	kanji	10	polish
gi	擬	kanji	10	polish
maga	擬	kanji	10	polish
modo	擬	kanji	10	polish
kane	攝	kanji	10	polish
osa	攝	kanji	10	polish
setsu	攝	kanji	10	polish
shou	攝	kanji	10	polish
to	攝	kanji	10	polish
ka	支	kanji	10	polish
sasa	支	kanji	10	polish
shi	支	kanji	10	polish
tsuka	支	kanji	10	polish
osa	收	kanji	10	polish
shuu	收	kanji	10	polish
arata	改	kanji	10	polish
kai	改	kanji	10	polish
jo	敍	kanji	10	polish
tsui	敍	kanji	10	polish
tsuide	敍	kanji	10	polish
bin	敏	kanji	10	polish
satoi	敏	kanji	10	polish
a	敢	kanji	10	polish
kan	敢	kanji	10	polish
atsu	敦	kanji	10	polish
chou	敦	kanji	10	polish
dan	敦	kanji	10	polish
tai	敦	kanji	10	polish
ton	敦	kanji	10	polish
kei	敬	kanji	10	polish
kyou	敬	kanji	10	polish
uyama	敬	kanji	10	polish
ada	敵	kanji	10	polish
kana	敵	kanji	10	polish
kataki	敵	kanji	10	polish
teki	敵	kanji	10	polish
fu	敷	kanji	10	polish
shi	敷	kanji	10	polish
hi	斐	kanji	10	polish
i	斐	kanji	10	polish
fu	斑	kanji	10	polish
han	斑	kanji	10	polish
madara	斑	kanji	10	polish
to	斗	kanji	10	polish
tou	斗	kanji	10	polish
hasu	斜	kanji	10	polish
nana	斜	kanji	10	polish
sha	斜	kanji	10	polish
atsu	斡	kanji	10	polish
kan	斡	kanji	10	polish
megu	斡	kanji	10	polish
watsu	斡	kanji	10	polish
kin	斤	kanji	10	polish
seki	斥	kanji	10	polish
shirizo	斥	kanji	10	polish
fu	斧	kanji	10	polish
ono	斧	kanji	10	polish
ki	斬	kanji	10	polish
san	斬	kanji	10	polish
sen	斬	kanji	10	polish
zan	斬	kanji	10	polish
zen	斬	kanji	10	polish
dan	断	kanji	10	polish
kotowa	断	kanji	10	polish
sada	断	kanji	10	polish
ta	断	kanji	10	polish
ka	斯	kanji	10	polish
kokoni	斯	kanji	10	polish
kono	斯	kanji	10	polish
kore	斯	kanji	10	polish
kou	斯	kanji	10	polish
shi	斯	kanji	10	polish
aa	於	kanji	10	polish
o	於	kanji	10	polish
oi	於	kanji	10	polish
yo	於	kanji	10	polish
yori	於	kanji	10	polish
hodoko	施	kanji	10	polish
se	施	kanji	10	polish
shi	施	kanji	10	polish
ibari	旋	kanji	10	polish
me	旋	kanji	10	polish
sen	旋	kanji	10	polish
hata	旗	kanji	10	polish
ki	旗	kanji	10	polish
ki	既	kanji	10	polish
sude	既	kanji	10	polish
aki	旦	kanji	10	polish
akira	旦	kanji	10	polish
asa	旦	kanji	10	polish
ashita	旦	kanji	10	polish
dan	旦	kanji	10	polish
tadashi	旦	kanji	10	polish
tan	旦	kanji	10	polish
mune	旨	kanji	10	polish
shi	旨	kanji	10	polish
uma	旨	kanji	10	polish
jun	旬	kanji	10	polish
shun	旬	kanji	10	polish
asahi	旭	kanji	10	polish
kyoku	旭	kanji	10	polish
ou	旺	kanji	10	polish
sakan	旺	kanji	10	polish
a	昂	kanji	10	polish
gou	昂	kanji	10	polish
kou	昂	kanji	10	polish
taka	昂	kanji	10	polish
kon	昆	kanji	10	polish
kou	昊	kanji	10	polish
sora	昊	kanji	10	polish
sakan	昌	kanji	10	polish
shou	昌	kanji	10	polish
kon	昏	kanji	10	polish
kura	昏	kanji	10	polish
kure	昏	kanji	10	polish
boshi	星	kanji	10	polish
hoshi	星	kanji	10	polish
sei	星	kanji	10	polish
shou	星	kanji	10	polish
ba	映	kanji	10	polish
ei	映	kanji	10	polish
ha	映	kanji	10	polish
utsu	映	kanji	10	polish
haru	春	kanji	10	polish
shun	春	kanji	10	polish
bai	昧	kanji	10	polish
kura	昧	kanji	10	polish
mai	昧	kanji	10	polish
musabo	昧	kanji	10	polish
shou	昭	kanji	10	polish
bou	昴	kanji	10	polish
kou	昴	kanji	10	polish
subaru	昴	kanji	10	polish
akiraka	晃	kanji	10	polish
kou	晃	kanji	10	polish
akiraka	晄	kanji	10	polish
kou	晄	kanji	10	polish
shin	晋	kanji	10	polish
susu	晋	kanji	10	polish
an	晏	kanji	10	polish
oso	晏	kanji	10	polish
sai	晒	kanji	10	polish
sara	晒	kanji	10	polish
sarashi	晒	kanji	10	polish
shi	晒	kanji	10	polish
ban	晚	kanji	10	polish
kure	晚	kanji	10	polish
osoi	晚	kanji	10	polish
chuu	晝	kanji	10	polish
hiru	晝	kanji	10	polish
akiraka	晟	kanji	10	polish
jou	晟	kanji	10	polish
sei	晟	kanji	10	polish
kai	晦	kanji	10	polish
kura	晦	kanji	10	polish
misoka	晦	kanji	10	polish
tsugomori	晦	kanji	10	polish
asa	晨	kanji	10	polish
ashita	晨	kanji	10	polish
shin	晨	kanji	10	polish
toki	晨	kanji	10	polish
kei	景	kanji	10	polish
shou	晶	kanji	10	polish
chi	智	kanji	10	polish
kaga	暉	kanji	10	polish
ki	暉	kanji	10	polish
atata	暖	kanji	10	polish
dan	暖	kanji	10	polish
non	暖	kanji	10	polish
chou	暢	kanji	10	polish
nobi	暢	kanji	10	polish
shibara	暫	kanji	10	polish
zan	暫	kanji	10	polish
bo	暮	kanji	10	polish
ku	暮	kanji	10	polish
aba	暴	kanji	10	polish
baku	暴	kanji	10	polish
bou	暴	kanji	10	polish
koyomi	曆	kanji	10	polish
reki	曆	kanji	10	polish
ryaku	曆	kanji	10	polish
akatsuki	曉	kanji	10	polish
gyou	曉	kanji	10	polish
kyou	曉	kanji	10	polish
sato	曉	kanji	10	polish
ai	曖	kanji	10	polish
kura	曖	kanji	10	polish
akebono	曙	kanji	10	polish
sho	曙	kanji	10	polish
baku	曝	kanji	10	polish
boku	曝	kanji	10	polish
hoku	曝	kanji	10	polish
sara	曝	kanji	10	polish
kuma	曲	kanji	10	polish
kyoku	曲	kanji	10	polish
ma	曲	kanji	10	polish
ei	曳	kanji	10	polish
hi	曳	kanji	10	polish
fu	更	kanji	10	polish
kou	更	kanji	10	polish
sara	更	kanji	10	polish
sou	曹	kanji	10	polish
zou	曹	kanji	10	polish
ka	曾	kanji	10	polish
katsu	曾	kanji	10	polish
so	曾	kanji	10	polish
sou	曾	kanji	10	polish
sunawachi	曾	kanji	10	polish
zou	曾	kanji	10	polish
hou	朋	kanji	10	polish
tomo	朋	kanji	10	polish
fuku	服	kanji	10	polish
saku	朔	kanji	10	polish
tsuitachi	朔	kanji	10	polish
aki	朗	kanji	10	polish
hoga	朗	kanji	10	polish
rou	朗	kanji	10	polish
bou	望	kanji	10	polish
mochi	望	kanji	10	polish
mou	望	kanji	10	polish
nozo	望	kanji	10	polish
go	期	kanji	10	polish
ki	期	kanji	10	polish
ake	朱	kanji	10	polish
shu	朱	kanji	10	polish
boku	朴	kanji	10	polish
enoki	朴	kanji	10	polish
hoo	朴	kanji	10	polish
hou	朴	kanji	10	polish
ku	朽	kanji	10	polish
kyuu	朽	kanji	10	polish
san	杉	kanji	10	polish
sugi	杉	kanji	10	polish
ri	李	kanji	10	polish
sumomo	李	kanji	10	polish
an	杏	kanji	10	polish
anzu	杏	kanji	10	polish
kou	杏	kanji	10	polish
kyou	杏	kanji	10	polish
zai	材	kanji	10	polish
jou	杖	kanji	10	polish
tsue	杖	kanji	10	polish
fusa	杜	kanji	10	polish
mori	杜	kanji	10	polish
to	杜	kanji	10	polish
tou	杜	kanji	10	polish
yamanashi	杜	kanji	10	polish
zu	杜	kanji	10	polish
chou	条	kanji	10	polish
deki	条	kanji	10	polish
eda	条	kanji	10	polish
jou	条	kanji	10	polish
suji	条	kanji	10	polish
kou	杭	kanji	10	polish
kui	杭	kanji	10	polish
hai	杯	kanji	10	polish
sakazuki	杯	kanji	10	polish
kine	杵	kanji	10	polish
sho	杵	kanji	10	polish
so	杵	kanji	10	polish
ha	杷	kanji	10	polish
tsuka	杷	kanji	10	polish
matsu	松	kanji	10	polish
shou	松	kanji	10	polish
ban	板	kanji	10	polish
han	板	kanji	10	polish
ita	板	kanji	10	polish
bi	枇	kanji	10	polish
hi	枇	kanji	10	polish
seki	析	kanji	10	polish
chin	枕	kanji	10	polish
makura	枕	kanji	10	polish
shin	枕	kanji	10	polish
hayashi	林	kanji	10	polish
rin	林	kanji	10	polish
bai	枚	kanji	10	polish
mai	枚	kanji	10	polish
eda	枝	kanji	10	polish
shi	枝	kanji	10	polish
waku	枠	kanji	10	polish
karakuri	枢	kanji	10	polish
shu	枢	kanji	10	polish
suu	枢	kanji	10	polish
toboso	枢	kanji	10	polish
ka	枯	kanji	10	polish
ko	枯	kanji	10	polish
ka	架	kanji	10	polish
e	柄	kanji	10	polish
gara	柄	kanji	10	polish
hei	柄	kanji	10	polish
tsuka	柄	kanji	10	polish
hiiragi	柊	kanji	10	polish
shu	柊	kanji	10	polish
shuu	柊	kanji	10	polish
byaku	柏	kanji	10	polish
haku	柏	kanji	10	polish
hyaku	柏	kanji	10	polish
kashiwa	柏	kanji	10	polish
bou	某	kanji	10	polish
nanigashi	某	kanji	10	polish
soregashi	某	kanji	10	polish
kan	柑	kanji	10	polish
kon	柑	kanji	10	polish
sen	染	kanji	10	polish
shi	染	kanji	10	polish
so	染	kanji	10	polish
juu	柔	kanji	10	polish
nyuu	柔	kanji	10	polish
yawa	柔	kanji	10	polish
jaku	柘	kanji	10	polish
sha	柘	kanji	10	polish
so	柘	kanji	10	polish
tsuge	柘	kanji	10	polish
yamaguwa	柘	kanji	10	polish
jiku	柚	kanji	10	polish
yu	柚	kanji	10	polish
yuu	柚	kanji	10	polish
yuzu	柚	kanji	10	polish
ryuu	柳	kanji	10	polish
yanagi	柳	kanji	10	polish
sai	柴	kanji	10	polish
shi	柴	kanji	10	polish
shiba	柴	kanji	10	polish
saku	柵	kanji	10	polish
san	柵	kanji	10	polish
shigara	柵	kanji	10	polish
shigarami	柵	kanji	10	polish
toride	柵	kanji	10	polish
yarai	柵	kanji	10	polish
sa	査	kanji	10	polish
masa	柾	kanji	10	polish
masaki	柾	kanji	10	polish
masame	柾	kanji	10	polish
kaki	柿	kanji	10	polish
shi	柿	kanji	10	polish
tochi	栃	kanji	10	polish
sen	栓	kanji	10	polish
sei	栖	kanji	10	polish
su	栖	kanji	10	polish
kuri	栗	kanji	10	polish
ononoku	栗	kanji	10	polish
ri	栗	kanji	10	polish
ritsu	栗	kanji	10	polish
kan	栞	kanji	10	polish
shiori	栞	kanji	10	polish
kabu	株	kanji	10	polish
shu	株	kanji	10	polish
kaku	核	kanji	10	polish
kon	根	kanji	10	polish
ne	根	kanji	10	polish
gou	格	kanji	10	polish
kaku	格	kanji	10	polish
kou	格	kanji	10	polish
kyaku	格	kanji	10	polish
sai	栽	kanji	10	polish
keta	桁	kanji	10	polish
kou	桁	kanji	10	polish
katsura	桂	kanji	10	polish
kei	桂	kanji	10	polish
dou	桐	kanji	10	polish
kiri	桐	kanji	10	polish
tou	桐	kanji	10	polish
kuwa	桑	kanji	10	polish
sou	桑	kanji	10	polish
ketsu	桔	kanji	10	polish
kitsu	桔	kanji	10	polish
ou	桜	kanji	10	polish
sakura	桜	kanji	10	polish
you	桜	kanji	10	polish
hi	桧	kanji	10	polish
hinoki	桧	kanji	10	polish
kai	桧	kanji	10	polish
oke	桶	kanji	10	polish
tou	桶	kanji	10	polish
you	桶	kanji	10	polish
hari	梁	kanji	10	polish
hashi	梁	kanji	10	polish
ryou	梁	kanji	10	polish
uchibari	梁	kanji	10	polish
utsubari	梁	kanji	10	polish
yana	梁	kanji	10	polish
bai	梅	kanji	10	polish
ume	梅	kanji	10	polish
azusa	梓	kanji	10	polish
shi	梓	kanji	10	polish
fusagu	梗	kanji	10	polish
kou	梗	kanji	10	polish
kyou	梗	kanji	10	polish
oomune	梗	kanji	10	polish
yamanire	梗	kanji	10	polish
da	梛	kanji	10	polish
na	梛	kanji	10	polish
nagi	梛	kanji	10	polish
chou	條	kanji	10	polish
deki	條	kanji	10	polish
eda	條	kanji	10	polish
jou	條	kanji	10	polish
suji	條	kanji	10	polish
kozue	梢	kanji	10	polish
kusunoki	梢	kanji	10	polish
shou	梢	kanji	10	polish
aogiri	梧	kanji	10	polish
go	梧	kanji	10	polish
nashi	梨	kanji	10	polish
ri	梨	kanji	10	polish
hashigo	梯	kanji	10	polish
tai	梯	kanji	10	polish
tei	梯	kanji	10	polish
bi	梶	kanji	10	polish
kaji	梶	kanji	10	polish
kozue	梶	kanji	10	polish
ki	棄	kanji	10	polish
su	棄	kanji	10	polish
go	棋	kanji	10	polish
ki	棋	kanji	10	polish
bou	棒	kanji	10	polish
dana	棚	kanji	10	polish
hou	棚	kanji	10	polish
tana	棚	kanji	10	polish
muna	棟	kanji	10	polish
mune	棟	kanji	10	polish
tou	棟	kanji	10	polish
mori	森	kanji	10	polish
shin	森	kanji	10	polish
sei	棲	kanji	10	polish
su	棲	kanji	10	polish
kan	棺	kanji	10	polish
muku	椋	kanji	10	polish
ryou	椋	kanji	10	polish
shoku	植	kanji	10	polish
u	植	kanji	10	polish
sui	椎	kanji	10	polish
tsuchi	椎	kanji	10	polish
tsui	椎	kanji	10	polish
u	椎	kanji	10	polish
kaba	椛	kanji	10	polish
momiji	椛	kanji	10	polish
ya	椰	kanji	10	polish
yashi	椰	kanji	10	polish
chin	椿	kanji	10	polish
chun	椿	kanji	10	polish
tsubaki	椿	kanji	10	polish
yanagi	楊	kanji	10	polish
you	楊	kanji	10	polish
fuu	楓	kanji	10	polish
kaede	楓	kanji	10	polish
da	楕	kanji	10	polish
ta	楕	kanji	10	polish
ibara	楚	kanji	10	polish
shimoto	楚	kanji	10	polish
sho	楚	kanji	10	polish
so	楚	kanji	10	polish
suwae	楚	kanji	10	polish
dan	楠	kanji	10	polish
kusu	楠	kanji	10	polish
kusunoki	楠	kanji	10	polish
nan	楠	kanji	10	polish
nen	楠	kanji	10	polish
zen	楠	kanji	10	polish
nara	楢	kanji	10	polish
shuu	楢	kanji	10	polish
yuu	楢	kanji	10	polish
jun	楯	kanji	10	polish
tate	楯	kanji	10	polish
kai	楷	kanji	10	polish
rou	楼	kanji	10	polish
takadono	楼	kanji	10	polish
gai	概	kanji	10	polish
oomu	概	kanji	10	polish
sakaki	榊	kanji	10	polish
enoki	榎	kanji	10	polish
ka	榎	kanji	10	polish
han	榛	kanji	10	polish
hari	榛	kanji	10	polish
hashibami	榛	kanji	10	polish
shin	榛	kanji	10	polish
e	榮	kanji	10	polish
ei	榮	kanji	10	polish
ha	榮	kanji	10	polish
saka	榮	kanji	10	polish
you	榮	kanji	10	polish
kozue	槇	kanji	10	polish
maki	槇	kanji	10	polish
shin	槇	kanji	10	polish
ten	槇	kanji	10	polish
kama	構	kanji	10	polish
kou	構	kanji	10	polish
tsuchi	槌	kanji	10	polish
tsui	槌	kanji	10	polish
shou	槍	kanji	10	polish
sou	槍	kanji	10	polish
yari	槍	kanji	10	polish
kozue	槙	kanji	10	polish
maki	槙	kanji	10	polish
shin	槙	kanji	10	polish
ten	槙	kanji	10	polish
ki	槻	kanji	10	polish
tsuki	槻	kanji	10	polish
fune	槽	kanji	10	polish
sou	槽	kanji	10	polish
gaku	樂	kanji	10	polish
gou	樂	kanji	10	polish
kono	樂	kanji	10	polish
raku	樂	kanji	10	polish
tano	樂	kanji	10	polish
hi	樋	kanji	10	polish
toi	樋	kanji	10	polish
tou	樋	kanji	10	polish
kusu	樟	kanji	10	polish
shou	樟	kanji	10	polish
bo	模	kanji	10	polish
mo	模	kanji	10	polish
sama	樣	kanji	10	polish
shou	樣	kanji	10	polish
you	樣	kanji	10	polish
kashi	樫	kanji	10	polish
ju	樹	kanji	10	polish
ki	樹	kanji	10	polish
ka	樺	kanji	10	polish
kaba	樺	kanji	10	polish
kanba	樺	kanji	10	polish
son	樽	kanji	10	polish
taru	樽	kanji	10	polish
hashi	橋	kanji	10	polish
kyou	橋	kanji	10	polish
kitsu	橘	kanji	10	polish
tachibana	橘	kanji	10	polish
kou	橫	kanji	10	polish
ou	橫	kanji	10	polish
yoko	橫	kanji	10	polish
yokotaeru	橫	kanji	10	polish
yokotawaru	橫	kanji	10	polish
dan	檀	kanji	10	polish
mayumi	檀	kanji	10	polish
tan	檀	kanji	10	polish
go	檎	kanji	10	polish
gon	檎	kanji	10	polish
kin	檎	kanji	10	polish
hi	檜	kanji	10	polish
hinoki	檜	kanji	10	polish
kai	檜	kanji	10	polish
ken	檢	kanji	10	polish
shira	檢	kanji	10	polish
kai	櫂	kanji	10	polish
kaji	櫂	kanji	10	polish
taku	櫂	kanji	10	polish
tou	櫂	kanji	10	polish
oodate	櫓	kanji	10	polish
ro	櫓	kanji	10	polish
yagura	櫓	kanji	10	polish
kushi	櫛	kanji	10	polish
kushikezu	櫛	kanji	10	polish
shitsu	櫛	kanji	10	polish
ou	櫻	kanji	10	polish
sakura	櫻	kanji	10	polish
you	櫻	kanji	10	polish
ran	欄	kanji	10	polish
tesuri	欄	kanji	10	polish
ka	欠	kanji	10	polish
ken	欠	kanji	10	polish
ketsu	欠	kanji	10	polish
ji	次	kanji	10	polish
shi	次	kanji	10	polish
tsu	次	kanji	10	polish
tsugi	次	kanji	10	polish
gon	欣	kanji	10	polish
kin	欣	kanji	10	polish
kon	欣	kanji	10	polish
yoroko	欣	kanji	10	polish
ha	欧	kanji	10	polish
ou	欧	kanji	10	polish
uta	欧	kanji	10	polish
ho	欲	kanji	10	polish
yoku	欲	kanji	10	polish
azamu	欺	kanji	10	polish
gi	欺	kanji	10	polish
kin	欽	kanji	10	polish
kon	欽	kanji	10	polish
tsutsushi	欽	kanji	10	polish
kan	款	kanji	10	polish
nage	歎	kanji	10	polish
tan	歎	kanji	10	polish
aruku	步	kanji	10	polish
ayumi	步	kanji	10	polish
ayumu	步	kanji	10	polish
bu	步	kanji	10	polish
fu	步	kanji	10	polish
ho	步	kanji	10	polish
bu	武	kanji	10	polish
mu	武	kanji	10	polish
take	武	kanji	10	polish
sai	歳	kanji	10	polish
sei	歳	kanji	10	polish
tose	歳	kanji	10	polish
toshi	歳	kanji	10	polish
yowai	歳	kanji	10	polish
ayaui	殆	kanji	10	polish
hotohoto	殆	kanji	10	polish
hoton	殆	kanji	10	polish
sai	殆	kanji	10	polish
tai	殆	kanji	10	polish
jun	殉	kanji	10	polish
koto	殊	kanji	10	polish
shu	殊	kanji	10	polish
fu	殖	kanji	10	polish
shoku	殖	kanji	10	polish
ki	毀	kanji	10	polish
kobo	毀	kanji	10	polish
kowa	毀	kanji	10	polish
soshi	毀	kanji	10	polish
yabu	毀	kanji	10	polish
gi	毅	kanji	10	polish
ki	毅	kanji	10	polish
tsuyo	毅	kanji	10	polish
bai	每	kanji	10	polish
mai	每	kanji	10	polish
tsune	每	kanji	10	polish
doku	毒	kanji	10	polish
bi	毘	kanji	10	polish
hi	毘	kanji	10	polish
tasu	毘	kanji	10	polish
iga	毬	kanji	10	polish
kyuu	毬	kanji	10	polish
mari	毬	kanji	10	polish
shi	氏	kanji	10	polish
uji	氏	kanji	10	polish
iki	氣	kanji	10	polish
ke	氣	kanji	10	polish
ki	氣	kanji	10	polish
ei	永	kanji	10	polish
naga	永	kanji	10	polish
han	氾	kanji	10	polish
hiro	氾	kanji	10	polish
migiwa	汀	kanji	10	polish
nagisa	汀	kanji	10	polish
tei	汀	kanji	10	polish
juu	汁	kanji	10	polish
shiru	汁	kanji	10	polish
tsuyu	汁	kanji	10	polish
bu	汎	kanji	10	polish
fuu	汎	kanji	10	polish
han	汎	kanji	10	polish
hiro	汎	kanji	10	polish
hon	汎	kanji	10	polish
hou	汎	kanji	10	polish
tadayo	汎	kanji	10	polish
sei	汐	kanji	10	polish
seki	汐	kanji	10	polish
shio	汐	kanji	10	polish
ushio	汐	kanji	10	polish
ase	汗	kanji	10	polish
kan	汗	kanji	10	polish
e	江	kanji	10	polish
kou	江	kanji	10	polish
nigo	汰	kanji	10	polish
ogo	汰	kanji	10	polish
ta	汰	kanji	10	polish
tai	汰	kanji	10	polish
yona	汰	kanji	10	polish
ku	汲	kanji	10	polish
kyuu	汲	kanji	10	polish
ki	汽	kanji	10	polish
oku	沃	kanji	10	polish
soso	沃	kanji	10	polish
yoku	沃	kanji	10	polish
you	沃	kanji	10	polish
kura	沌	kanji	10	polish
ton	沌	kanji	10	polish
kutsu	沓	kanji	10	polish
tou	沓	kanji	10	polish
chuu	沖	kanji	10	polish
oki	沖	kanji	10	polish
okitsu	沖	kanji	10	polish
waku	沖	kanji	10	polish
sa	沙	kanji	10	polish
sha	沙	kanji	10	polish
suna	沙	kanji	10	polish
yonageru	沙	kanji	10	polish
botsu	没	kanji	10	polish
motsu	没	kanji	10	polish
nai	没	kanji	10	polish
obo	没	kanji	10	polish
shizu	没	kanji	10	polish
awa	沫	kanji	10	polish
batsu	沫	kanji	10	polish
matsu	沫	kanji	10	polish
shibuki	沫	kanji	10	polish
tsubaki	沫	kanji	10	polish
futsu	沸	kanji	10	polish
wa	沸	kanji	10	polish
abura	油	kanji	10	polish
yu	油	kanji	10	polish
yuu	油	kanji	10	polish
en	沿	kanji	10	polish
so	沿	kanji	10	polish
zo	沿	kanji	10	polish
iwa	況	kanji	10	polish
kyou	況	kanji	10	polish
mashi	況	kanji	10	polish
omomuki	況	kanji	10	polish
hi	泌	kanji	10	polish
hitsu	泌	kanji	10	polish
awa	泡	kanji	10	polish
hou	泡	kanji	10	polish
de	泥	kanji	10	polish
dei	泥	kanji	10	polish
doro	泥	kanji	10	polish
nai	泥	kanji	10	polish
nazu	泥	kanji	10	polish
ni	泥	kanji	10	polish
chuu	注	kanji	10	polish
sa	注	kanji	10	polish
soso	注	kanji	10	polish
tsu	注	kanji	10	polish
tai	泰	kanji	10	polish
you	洋	kanji	10	polish
ara	洗	kanji	10	polish
sen	洗	kanji	10	polish
raku	洛	kanji	10	polish
dou	洞	kanji	10	polish
hora	洞	kanji	10	polish
shin	津	kanji	10	polish
tsu	津	kanji	10	polish
shima	洲	kanji	10	polish
shuu	洲	kanji	10	polish
su	洲	kanji	10	polish
jun	洵	kanji	10	polish
makoto	洵	kanji	10	polish
no	洵	kanji	10	polish
shun	洵	kanji	10	polish
kou	洸	kanji	10	polish
hama	浜	kanji	10	polish
hin	浜	kanji	10	polish
ho	浦	kanji	10	polish
ura	浦	kanji	10	polish
hiro	浩	kanji	10	polish
kou	浩	kanji	10	polish
ooki	浩	kanji	10	polish
rou	浪	kanji	10	polish
kairi	浬	kanji	10	polish
notto	浬	kanji	10	polish
ri	浬	kanji	10	polish
a	浴	kanji	10	polish
yoku	浴	kanji	10	polish
hita	浸	kanji	10	polish
shin	浸	kanji	10	polish
tsu	浸	kanji	10	polish
ke	消	kanji	10	polish
ki	消	kanji	10	polish
shou	消	kanji	10	polish
kakawaru	涉	kanji	10	polish
shou	涉	kanji	10	polish
wataru	涉	kanji	10	polish
namida	涙	kanji	10	polish
rei	涙	kanji	10	polish
rui	涙	kanji	10	polish
gai	涯	kanji	10	polish
hate	涯	kanji	10	polish
eki	液	kanji	10	polish
hiya	涼	kanji	10	polish
makotoni	涼	kanji	10	polish
ryou	涼	kanji	10	polish
suzu	涼	kanji	10	polish
usu	涼	kanji	10	polish
den	淀	kanji	10	polish
ten	淀	kanji	10	polish
yodo	淀	kanji	10	polish
rin	淋	kanji	10	polish
sabi	淋	kanji	10	polish
sami	淋	kanji	10	polish
shito	淑	kanji	10	polish
shuku	淑	kanji	10	polish
namida	淚	kanji	10	polish
rei	淚	kanji	10	polish
rui	淚	kanji	10	polish
awa	淡	kanji	10	polish
tan	淡	kanji	10	polish
jou	淨	kanji	10	polish
kiyo	淨	kanji	10	polish
sei	淨	kanji	10	polish
hita	淫	kanji	10	polish
hoshiimama	淫	kanji	10	polish
in	淫	kanji	10	polish
mida	淫	kanji	10	polish
midari	淫	kanji	10	polish
atsu	淳	kanji	10	polish
jun	淳	kanji	10	polish
shun	淳	kanji	10	polish
en	淵	kanji	10	polish
fuchi	淵	kanji	10	polish
hanawa	淵	kanji	10	polish
kaku	淵	kanji	10	polish
kata	淵	kanji	10	polish
kou	淵	kanji	10	polish
ko	混	kanji	10	polish
kon	混	kanji	10	polish
ma	混	kanji	10	polish
so	添	kanji	10	polish
ten	添	kanji	10	polish
kiyo	清	kanji	10	polish
sei	清	kanji	10	polish
shin	清	kanji	10	polish
shou	清	kanji	10	polish
nagisa	渚	kanji	10	polish
sho	渚	kanji	10	polish
gen	減	kanji	10	polish
he	減	kanji	10	polish
aku	渥	kanji	10	polish
atsu	渥	kanji	10	polish
uruo	渥	kanji	10	polish
ka	渦	kanji	10	polish
uzu	渦	kanji	10	polish
kou	港	kanji	10	polish
minato	港	kanji	10	polish
katsu	渴	kanji	10	polish
kawa	渴	kanji	10	polish
kawaki	渴	kanji	10	polish
kon	渾	kanji	10	polish
nigo	渾	kanji	10	polish
sube	渾	kanji	10	polish
atsu	湊	kanji	10	polish
minato	湊	kanji	10	polish
sou	湊	kanji	10	polish
shou	湘	kanji	10	polish
chin	湛	kanji	10	polish
jin	湛	kanji	10	polish
sen	湛	kanji	10	polish
shizu	湛	kanji	10	polish
tan	湛	kanji	10	polish
tata	湛	kanji	10	polish
wa	湧	kanji	10	polish
you	湧	kanji	10	polish
yu	湧	kanji	10	polish
yuu	湧	kanji	10	polish
irie	湾	kanji	10	polish
wan	湾	kanji	10	polish
shime	湿	kanji	10	polish
shitsu	湿	kanji	10	polish
shuu	湿	kanji	10	polish
uruo	湿	kanji	10	polish
ryuu	溜	kanji	10	polish
shitata	溜	kanji	10	polish
ta	溜	kanji	10	polish
tama	溜	kanji	10	polish
tamari	溜	kanji	10	polish
tame	溜	kanji	10	polish
kou	溝	kanji	10	polish
mizo	溝	kanji	10	polish
afu	溢	kanji	10	polish
itsu	溢	kanji	10	polish
kobo	溢	kanji	10	polish
mi	溢	kanji	10	polish
atataka	溫	kanji	10	polish
atatameru	溫	kanji	10	polish
on	溫	kanji	10	polish
un	溫	kanji	10	polish
to	溶	kanji	10	polish
you	溶	kanji	10	polish
deki	溺	kanji	10	polish
ibari	溺	kanji	10	polish
jou	溺	kanji	10	polish
nyou	溺	kanji	10	polish
obo	溺	kanji	10	polish
horo	滅	kanji	10	polish
metsu	滅	kanji	10	polish
hiro	滉	kanji	10	polish
kou	滉	kanji	10	polish
ji	滋	kanji	10	polish
shi	滋	kanji	10	polish
katsu	滑	kanji	10	polish
kotsu	滑	kanji	10	polish
name	滑	kanji	10	polish
sube	滑	kanji	10	polish
tai	滞	kanji	10	polish
tei	滞	kanji	10	polish
todokoo	滞	kanji	10	polish
tai	滯	kanji	10	polish
tei	滯	kanji	10	polish
todokoo	滯	kanji	10	polish
shitata	滴	kanji	10	polish
shizuku	滴	kanji	10	polish
teki	滴	kanji	10	polish
asa	漁	kanji	10	polish
gyo	漁	kanji	10	polish
ryou	漁	kanji	10	polish
shitsu	漆	kanji	10	polish
urushi	漆	kanji	10	polish
mo	漏	kanji	10	polish
rou	漏	kanji	10	polish
en	演	kanji	10	polish
hako	漕	kanji	10	polish
ko	漕	kanji	10	polish
sou	漕	kanji	10	polish
baku	漠	kanji	10	polish
kan	漢	kanji	10	polish
ran	漣	kanji	10	polish
ren	漣	kanji	10	polish
sazanami	漣	kanji	10	polish
man	漫	kanji	10	polish
midari	漫	kanji	10	polish
sozo	漫	kanji	10	polish
du	漬	kanji	10	polish
duke	漬	kanji	10	polish
shi	漬	kanji	10	polish
tsu	漬	kanji	10	polish
kuchisoso	漱	kanji	10	polish
kuchisusu	漱	kanji	10	polish
shuu	漱	kanji	10	polish
sou	漱	kanji	10	polish
su	漱	kanji	10	polish
susu	漱	kanji	10	polish
ugai	漱	kanji	10	polish
susu	漸	kanji	10	polish
yaya	漸	kanji	10	polish
youya	漸	kanji	10	polish
youyo	漸	kanji	10	polish
zen	漸	kanji	10	polish
isagiyo	潔	kanji	10	polish
ketsu	潔	kanji	10	polish
gata	潟	kanji	10	polish
kata	潟	kanji	10	polish
seki	潟	kanji	10	polish
jun	潤	kanji	10	polish
uru	潤	kanji	10	polish
uruo	潤	kanji	10	polish
e	潰	kanji	10	polish
kai	潰	kanji	10	polish
tsubu	潰	kanji	10	polish
tsui	潰	kanji	10	polish
juu	澁	kanji	10	polish
shibu	澁	kanji	10	polish
shuu	澁	kanji	10	polish
chou	澄	kanji	10	polish
su	澄	kanji	10	polish
mio	澪	kanji	10	polish
rei	澪	kanji	10	polish
geki	激	kanji	10	polish
hage	激	kanji	10	polish
daku	濁	kanji	10	polish
joku	濁	kanji	10	polish
nigo	濁	kanji	10	polish
ko	濃	kanji	10	polish
nou	濃	kanji	10	polish
shime	濕	kanji	10	polish
shitsu	濕	kanji	10	polish
shuu	濕	kanji	10	polish
uruo	濕	kanji	10	polish
ju	濡	kanji	10	polish
nu	濡	kanji	10	polish
nura	濡	kanji	10	polish
nure	濡	kanji	10	polish
nyu	濡	kanji	10	polish
uruo	濡	kanji	10	polish
mida	濫	kanji	10	polish
ran	濫	kanji	10	polish
susu	濯	kanji	10	polish
taku	濯	kanji	10	polish
yusu	濯	kanji	10	polish
hin	瀕	kanji	10	polish
hotori	瀕	kanji	10	polish
rou	瀧	kanji	10	polish
sou	瀧	kanji	10	polish
taki	瀧	kanji	10	polish
rai	瀨	kanji	10	polish
se	瀨	kanji	10	polish
dan	灘	kanji	10	polish
nada	灘	kanji	10	polish
se	灘	kanji	10	polish
tan	灘	kanji	10	polish
akari	灯	kanji	10	polish
hi	灯	kanji	10	polish
ho	灯	kanji	10	polish
tomo	灯	kanji	10	polish
tomoshibi	灯	kanji	10	polish
tou	灯	kanji	10	polish
ku	灸	kanji	10	polish
kyuu	灸	kanji	10	polish
yaito	灸	kanji	10	polish
arata	灼	kanji	10	polish
shaku	灼	kanji	10	polish
yaku	灼	kanji	10	polish
irori	炉	kanji	10	polish
ro	炉	kanji	10	polish
da	炊	kanji	10	polish
sui	炊	kanji	10	polish
ta	炊	kanji	10	polish
en	炎	kanji	10	polish
honoo	炎	kanji	10	polish
sumi	炭	kanji	10	polish
tan	炭	kanji	10	polish
hage	烈	kanji	10	polish
retsu	烈	kanji	10	polish
izukunzo	烏	kanji	10	polish
karasu	烏	kanji	10	polish
nanzo	烏	kanji	10	polish
o	烏	kanji	10	polish
u	烏	kanji	10	polish
fun	焚	kanji	10	polish
han	焚	kanji	10	polish
hon	焚	kanji	10	polish
ta	焚	kanji	10	polish
ya	焚	kanji	10	polish
yakigari	焚	kanji	10	polish
ase	焦	kanji	10	polish
ji	焦	kanji	10	polish
ko	焦	kanji	10	polish
shou	焦	kanji	10	polish
en	焰	kanji	10	polish
honoo	焰	kanji	10	polish
ne	煉	kanji	10	polish
ren	煉	kanji	10	polish
kagaya	煌	kanji	10	polish
kira	煌	kanji	10	polish
kirame	煌	kanji	10	polish
kou	煌	kanji	10	polish
i	煎	kanji	10	polish
ni	煎	kanji	10	polish
sen	煎	kanji	10	polish
en	煙	kanji	10	polish
kemu	煙	kanji	10	polish
kemuri	煙	kanji	10	polish
bai	煤	kanji	10	polish
mai	煤	kanji	10	polish
susu	煤	kanji	10	polish
bon	煩	kanji	10	polish
han	煩	kanji	10	polish
urusa	煩	kanji	10	polish
wazura	煩	kanji	10	polish
ni	煮	kanji	10	polish
sha	煮	kanji	10	polish
kuma	熊	kanji	10	polish
yuu	熊	kanji	10	polish
akiraka	熙	kanji	10	polish
hika	熙	kanji	10	polish
hiro	熙	kanji	10	polish
kawa	熙	kanji	10	polish
ki	熙	kanji	10	polish
tanoshi	熙	kanji	10	polish
yoroko	熙	kanji	10	polish
mo	燃	kanji	10	polish
nen	燃	kanji	10	polish
akari	燈	kanji	10	polish
hi	燈	kanji	10	polish
ho	燈	kanji	10	polish
tomo	燈	kanji	10	polish
tomoshibi	燈	kanji	10	polish
tou	燈	kanji	10	polish
kagaribi	燎	kanji	10	polish
ryou	燎	kanji	10	polish
shou	燒	kanji	10	polish
ya	燒	kanji	10	polish
en	燕	kanji	10	polish
tsubakura	燕	kanji	10	polish
tsubakuro	燕	kanji	10	polish
tsubame	燕	kanji	10	polish
hasha	燥	kanji	10	polish
sou	燥	kanji	10	polish
aki	燦	kanji	10	polish
kira	燦	kanji	10	polish
kirame	燦	kanji	10	polish
san	燦	kanji	10	polish
shoku	燭	kanji	10	polish
soku	燭	kanji	10	polish
tomoshibi	燭	kanji	10	polish
hikari	燿	kanji	10	polish
kagaya	燿	kanji	10	polish
you	燿	kanji	10	polish
baku	爆	kanji	10	polish
ha	爆	kanji	10	polish
araso	爭	kanji	10	polish
ika	爭	kanji	10	polish
sou	爭	kanji	10	polish
i	爲	kanji	10	polish
na	爲	kanji	10	polish
nari	爲	kanji	10	polish
su	爲	kanji	10	polish
tame	爲	kanji	10	polish
tari	爲	kanji	10	polish
tsuku	爲	kanji	10	polish
shaku	爵	kanji	10	polish
aki	爽	kanji	10	polish
sawa	爽	kanji	10	polish
sou	爽	kanji	10	polish
tagau	爽	kanji	10	polish
ji	爾	kanji	10	polish
nanji	爾	kanji	10	polish
ni	爾	kanji	10	polish
nomi	爾	kanji	10	polish
ore	爾	kanji	10	polish
shika	爾	kanji	10	polish
shikari	爾	kanji	10	polish
sono	爾	kanji	10	polish
hen	片	kanji	10	polish
kata	片	kanji	10	polish
han	版	kanji	10	polish
chou	牒	kanji	10	polish
fuda	牒	kanji	10	polish
jou	牒	kanji	10	polish
bou	牟	kanji	10	polish
mu	牟	kanji	10	polish
bo	牡	kanji	10	polish
bou	牡	kanji	10	polish
o	牡	kanji	10	polish
on	牡	kanji	10	polish
osu	牡	kanji	10	polish
boku	牧	kanji	10	polish
maki	牧	kanji	10	polish
sei	牲	kanji	10	polish
hi	牽	kanji	10	polish
ken	牽	kanji	10	polish
sai	犀	kanji	10	polish
sei	犀	kanji	10	polish
jou	状	kanji	10	polish
jou	狀	kanji	10	polish
kuru	狂	kanji	10	polish
kuruo	狂	kanji	10	polish
kyou	狂	kanji	10	polish
nera	狙	kanji	10	polish
sho	狙	kanji	10	polish
so	狙	kanji	10	polish
ga	狩	kanji	10	polish
ka	狩	kanji	10	polish
shu	狩	kanji	10	polish
kou	狹	kanji	10	polish
kyou	狹	kanji	10	polish
sa	狹	kanji	10	polish
seba	狹	kanji	10	polish
sema	狹	kanji	10	polish
ookami	狼	kanji	10	polish
rou	狼	kanji	10	polish
mou	猛	kanji	10	polish
cho	猪	kanji	10	polish
i	猪	kanji	10	polish
inoshishi	猪	kanji	10	polish
byou	猫	kanji	10	polish
neko	猫	kanji	10	polish
ken	献	kanji	10	polish
kon	献	kanji	10	polish
tatematsu	献	kanji	10	polish
nao	猶	kanji	10	polish
yu	猶	kanji	10	polish
yuu	猶	kanji	10	polish
en	猿	kanji	10	polish
saru	猿	kanji	10	polish
goku	獄	kanji	10	polish
shi	獅	kanji	10	polish
shishi	獅	kanji	10	polish
e	獲	kanji	10	polish
kaku	獲	kanji	10	polish
juu	獸	kanji	10	polish
kedamono	獸	kanji	10	polish
kemono	獸	kanji	10	polish
gen	玄	kanji	10	polish
kuro	玄	kanji	10	polish
hiki	率	kanji	10	polish
ritsu	率	kanji	10	polish
shutsu	率	kanji	10	polish
sotsu	率	kanji	10	polish
dama	玉	kanji	10	polish
gyoku	玉	kanji	10	polish
tama	玉	kanji	10	polish
ou	王	kanji	10	polish
ku	玖	kanji	10	polish
kyuu	玖	kanji	10	polish
gan	玩	kanji	10	polish
mochiaso	玩	kanji	10	polish
moteaso	玩	kanji	10	polish
rei	玲	kanji	10	polish
haku	珀	kanji	10	polish
ka	珂	kanji	10	polish
ka	珈	kanji	10	polish
kamikazari	珈	kanji	10	polish
san	珊	kanji	10	polish
sanchi	珊	kanji	10	polish
chin	珍	kanji	10	polish
mezura	珍	kanji	10	polish
takara	珍	kanji	10	polish
shu	珠	kanji	10	polish
tama	珠	kanji	10	polish
kyuu	球	kanji	10	polish
tama	球	kanji	10	polish
ru	琉	kanji	10	polish
ryuu	琉	kanji	10	polish
miga	琢	kanji	10	polish
taku	琢	kanji	10	polish
ko	琥	kanji	10	polish
rin	琳	kanji	10	polish
gon	琴	kanji	10	polish
kin	琴	kanji	10	polish
koto	琴	kanji	10	polish
bi	琵	kanji	10	polish
hi	琵	kanji	10	polish
be	琶	kanji	10	polish
ha	琶	kanji	10	polish
wa	琶	kanji	10	polish
go	瑚	kanji	10	polish
ko	瑚	kanji	10	polish
ei	瑛	kanji	10	polish
mizu	瑞	kanji	10	polish
shirushi	瑞	kanji	10	polish
sui	瑞	kanji	10	polish
zui	瑞	kanji	10	polish
ru	瑠	kanji	10	polish
ryuu	瑠	kanji	10	polish
miga	瑳	kanji	10	polish
sa	瑳	kanji	10	polish
tama	瑶	kanji	10	polish
you	瑶	kanji	10	polish
ri	璃	kanji	10	polish
heki	璧	kanji	10	polish
tama	璧	kanji	10	polish
kan	環	kanji	10	polish
wa	環	kanji	10	polish
ji	璽	kanji	10	polish
ka	瓜	kanji	10	polish
ke	瓜	kanji	10	polish
uri	瓜	kanji	10	polish
fukube	瓢	kanji	10	polish
hisago	瓢	kanji	10	polish
hyou	瓢	kanji	10	polish
ga	瓦	kanji	10	polish
guramu	瓦	kanji	10	polish
kawara	瓦	kanji	10	polish
ama	甘	kanji	10	polish
kan	甘	kanji	10	polish
uma	甘	kanji	10	polish
hanaha	甚	kanji	10	polish
jin	甚	kanji	10	polish
mochi	用	kanji	10	polish
you	用	kanji	10	polish
fu	甫	kanji	10	polish
haji	甫	kanji	10	polish
ho	甫	kanji	10	polish
mou	申	kanji	10	polish
saru	申	kanji	10	polish
shin	申	kanji	10	polish
i	畏	kanji	10	polish
kashiko	畏	kanji	10	polish
kashikoma	畏	kanji	10	polish
oso	畏	kanji	10	polish
batake	畑	kanji	10	polish
hata	畑	kanji	10	polish
hatake	畑	kanji	10	polish
aze	畔	kanji	10	polish
han	畔	kanji	10	polish
hotori	畔	kanji	10	polish
kuro	畔	kanji	10	polish
chiku	畜	kanji	10	polish
bou	畝	kanji	10	polish
ho	畝	kanji	10	polish
mo	畝	kanji	10	polish
mu	畝	kanji	10	polish
se	畝	kanji	10	polish
une	畝	kanji	10	polish
hata	畠	kanji	10	polish
hatake	畠	kanji	10	polish
ami	畢	kanji	10	polish
hitsu	畢	kanji	10	polish
kotogotoku	畢	kanji	10	polish
owa	畢	kanji	10	polish
habu	略	kanji	10	polish
haka	略	kanji	10	polish
hakarigoto	略	kanji	10	polish
hobo	略	kanji	10	polish
oka	略	kanji	10	polish
osa	略	kanji	10	polish
ryaku	略	kanji	10	polish
i	異	kanji	10	polish
ke	異	kanji	10	polish
koto	異	kanji	10	polish
ki	畿	kanji	10	polish
miyako	畿	kanji	10	polish
chou	疊	kanji	10	polish
jou	疊	kanji	10	polish
kasa	疊	kanji	10	polish
tata	疊	kanji	10	polish
tatami	疊	kanji	10	polish
ashi	疋	kanji	10	polish
hiki	疋	kanji	10	polish
hitsu	疋	kanji	10	polish
sho	疋	kanji	10	polish
so	疋	kanji	10	polish
maba	疎	kanji	10	polish
sho	疎	kanji	10	polish
so	疎	kanji	10	polish
uto	疎	kanji	10	polish
ara	疏	kanji	10	polish
mabara	疏	kanji	10	polish
sho	疏	kanji	10	polish
so	疏	kanji	10	polish
too	疏	kanji	10	polish
uto	疏	kanji	10	polish
eki	疫	kanji	10	polish
yaku	疫	kanji	10	polish
duka	疲	kanji	10	polish
hi	疲	kanji	10	polish
tsuka	疲	kanji	10	polish
haya	疾	kanji	10	polish
shitsu	疾	kanji	10	polish
ato	痕	kanji	10	polish
kon	痕	kanji	10	polish
tou	痘	kanji	10	polish
ri	痢	kanji	10	polish
chi	痴	kanji	10	polish
oroka	痴	kanji	10	polish
shi	痴	kanji	10	polish
kasa	瘍	kanji	10	polish
you	瘍	kanji	10	polish
chu	瘦	kanji	10	polish
chuu	瘦	kanji	10	polish
shuu	瘦	kanji	10	polish
sou	瘦	kanji	10	polish
yase	瘦	kanji	10	polish
ryou	療	kanji	10	polish
i	癒	kanji	10	polish
iya	癒	kanji	10	polish
yu	癒	kanji	10	polish
heki	癖	kanji	10	polish
kuse	癖	kanji	10	polish
kai	皆	kanji	10	polish
mina	皆	kanji	10	polish
minna	皆	kanji	10	polish
kou	皇	kanji	10	polish
ou	皇	kanji	10	polish
hika	皓	kanji	10	polish
kou	皓	kanji	10	polish
shiro	皓	kanji	10	polish
hai	盃	kanji	10	polish
sakazuki	盃	kanji	10	polish
bon	盆	kanji	10	polish
jou	盛	kanji	10	polish
mo	盛	kanji	10	polish
saka	盛	kanji	10	polish
sei	盛	kanji	10	polish
nusu	盜	kanji	10	polish
tou	盜	kanji	10	polish
jin	盡	kanji	10	polish
kotogoto	盡	kanji	10	polish
sakaduki	盡	kanji	10	polish
san	盡	kanji	10	polish
tsu	盡	kanji	10	polish
kan	監	kanji	10	polish
ban	盤	kanji	10	polish
mekura	盲	kanji	10	polish
mou	盲	kanji	10	polish
ai	相	kanji	10	polish
shou	相	kanji	10	polish
sou	相	kanji	10	polish
jun	盾	kanji	10	polish
tate	盾	kanji	10	polish
ma	眞	kanji	10	polish
makoto	眞	kanji	10	polish
shin	眞	kanji	10	polish
bou	眸	kanji	10	polish
hitomi	眸	kanji	10	polish
mu	眸	kanji	10	polish
chou	眺	kanji	10	polish
naga	眺	kanji	10	polish
gan	眼	kanji	10	polish
gen	眼	kanji	10	polish
manako	眼	kanji	10	polish
me	眼	kanji	10	polish
nemu	睡	kanji	10	polish
sui	睡	kanji	10	polish
toku	督	kanji	10	polish
betsu	瞥	kanji	10	polish
hetsu	瞥	kanji	10	polish
majiro	瞬	kanji	10	polish
matata	瞬	kanji	10	polish
shun	瞬	kanji	10	polish
akiraka	瞭	kanji	10	polish
ryou	瞭	kanji	10	polish
dou	瞳	kanji	10	polish
hitomi	瞳	kanji	10	polish
tou	瞳	kanji	10	polish
bou	矛	kanji	10	polish
hoko	矛	kanji	10	polish
mu	矛	kanji	10	polish
shi	矢	kanji	10	polish
ya	矢	kanji	10	polish
kane	矩	kanji	10	polish
kanezashi	矩	kanji	10	polish
ku	矩	kanji	10	polish
sashigane	矩	kanji	10	polish
kyou	矯	kanji	10	polish
ta	矯	kanji	10	polish
sa	砂	kanji	10	polish
sha	砂	kanji	10	polish
suna	砂	kanji	10	polish
chi	砥	kanji	10	polish
kii	砥	kanji	10	polish
miga	砥	kanji	10	polish
shi	砥	kanji	10	polish
tei	砥	kanji	10	polish
to	砥	kanji	10	polish
toishi	砥	kanji	10	polish
sai	砦	kanji	10	polish
toride	砦	kanji	10	polish
chin	砧	kanji	10	polish
kinuta	砧	kanji	10	polish
hou	砲	kanji	10	polish
ha	破	kanji	10	polish
wa	破	kanji	10	polish
yabu	破	kanji	10	polish
shou	硝	kanji	10	polish
ryuu	硫	kanji	10	polish
kata	硬	kanji	10	polish
kou	硬	kanji	10	polish
gen	硯	kanji	10	polish
ken	硯	kanji	10	polish
suzuri	硯	kanji	10	polish
go	碁	kanji	10	polish
kuda	碎	kanji	10	polish
sai	碎	kanji	10	polish
hi	碑	kanji	10	polish
ishibumi	碑	kanji	10	polish
kaku	碓	kanji	10	polish
tai	碓	kanji	10	polish
tashi	碓	kanji	10	polish
kobachi	碗	kanji	10	polish
wan	碗	kanji	10	polish
heki	碧	kanji	10	polish
hyaku	碧	kanji	10	polish
oo	碩	kanji	10	polish
seki	碩	kanji	10	polish
ji	磁	kanji	10	polish
ban	磐	kanji	10	polish
han	磐	kanji	10	polish
iwa	磐	kanji	10	polish
ma	磨	kanji	10	polish
miga	磨	kanji	10	polish
su	磨	kanji	10	polish
iso	磯	kanji	10	polish
ki	磯	kanji	10	polish
shou	礁	kanji	10	polish
ishizue	礎	kanji	10	polish
so	礎	kanji	10	polish
ke	祁	kanji	10	polish
ki	祁	kanji	10	polish
gi	祇	kanji	10	polish
ki	祇	kanji	10	polish
kunitsukami	祇	kanji	10	polish
masani	祇	kanji	10	polish
shi	祇	kanji	10	polish
tada	祇	kanji	10	polish
shi	祉	kanji	10	polish
tasu	祐	kanji	10	polish
u	祐	kanji	10	polish
yuu	祐	kanji	10	polish
hi	祕	kanji	10	polish
kaku	祕	kanji	10	polish
dei	祢	kanji	10	polish
nai	祢	kanji	10	polish
ne	祢	kanji	10	polish
kiza	祥	kanji	10	polish
saiwa	祥	kanji	10	polish
shou	祥	kanji	10	polish
tsumabi	祥	kanji	10	polish
yo	祥	kanji	10	polish
ino	祷	kanji	10	polish
matsu	祷	kanji	10	polish
tou	祷	kanji	10	polish
fuchi	祿	kanji	10	polish
roku	祿	kanji	10	polish
saiwa	祿	kanji	10	polish
kin	禁	kanji	10	polish
fuchi	禄	kanji	10	polish
roku	禄	kanji	10	polish
saiwa	禄	kanji	10	polish
sen	禅	kanji	10	polish
shizuka	禅	kanji	10	polish
yuzu	禅	kanji	10	polish
zen	禅	kanji	10	polish
ka	禍	kanji	10	polish
wazawai	禍	kanji	10	polish
saiwa	禎	kanji	10	polish
tei	禎	kanji	10	polish
fuku	福	kanji	10	polish
sen	禪	kanji	10	polish
shizuka	禪	kanji	10	polish
yuzu	禪	kanji	10	polish
zen	禪	kanji	10	polish
rai	禮	kanji	10	polish
rei	禮	kanji	10	polish
dei	禰	kanji	10	polish
nai	禰	kanji	10	polish
ne	禰	kanji	10	polish
ino	禱	kanji	10	polish
matsu	禱	kanji	10	polish
tou	禱	kanji	10	polish
kin	禽	kanji	10	polish
tori	禽	kanji	10	polish
toriko	禽	kanji	10	polish
ine	禾	kanji	10	polish
ka	禾	kanji	10	polish
hii	秀	kanji	10	polish
shuu	秀	kanji	10	polish
aki	秋	kanji	10	polish
shuu	秋	kanji	10	polish
toki	秋	kanji	10	polish
byou	秒	kanji	10	polish
bin	秤	kanji	10	polish
hakari	秤	kanji	10	polish
hin	秤	kanji	10	polish
shou	秤	kanji	10	polish
hata	秦	kanji	10	polish
shin	秦	kanji	10	polish
chitsu	秩	kanji	10	polish
a	称	kanji	10	polish
haka	称	kanji	10	polish
home	称	kanji	10	polish
kana	称	kanji	10	polish
shou	称	kanji	10	polish
tata	称	kanji	10	polish
tona	称	kanji	10	polish
ke	稀	kanji	10	polish
ki	稀	kanji	10	polish
mabara	稀	kanji	10	polish
mare	稀	kanji	10	polish
hodo	程	kanji	10	polish
tei	程	kanji	10	polish
jin	稔	kanji	10	polish
mino	稔	kanji	10	polish
minori	稔	kanji	10	polish
nen	稔	kanji	10	polish
nin	稔	kanji	10	polish
chi	稚	kanji	10	polish
itokenai	稚	kanji	10	polish
ji	稚	kanji	10	polish
oderu	稚	kanji	10	polish
okute	稚	kanji	10	polish
osanai	稚	kanji	10	polish
itsu	稜	kanji	10	polish
kado	稜	kanji	10	polish
rou	稜	kanji	10	polish
ryou	稜	kanji	10	polish
hin	稟	kanji	10	polish
komegura	稟	kanji	10	polish
rin	稟	kanji	10	polish
ina	稻	kanji	10	polish
ine	稻	kanji	10	polish
te	稻	kanji	10	polish
tou	稻	kanji	10	polish
ka	稼	kanji	10	polish
kase	稼	kanji	10	polish
kanga	稽	kanji	10	polish
kei	稽	kanji	10	polish
todo	稽	kanji	10	polish
kou	稿	kanji	10	polish
shitagaki	稿	kanji	10	polish
wara	稿	kanji	10	polish
koku	穀	kanji	10	polish
du	積	kanji	10	polish
seki	積	kanji	10	polish
tsu	積	kanji	10	polish
ho	穗	kanji	10	polish
sui	穗	kanji	10	polish
kaku	穫	kanji	10	polish
jou	穰	kanji	10	polish
wara	穰	kanji	10	polish
yutaka	穰	kanji	10	polish
ana	穴	kanji	10	polish
ketsu	穴	kanji	10	polish
ame	穹	kanji	10	polish
kyou	穹	kanji	10	polish
kyuu	穹	kanji	10	polish
sora	穹	kanji	10	polish
ha	穿	kanji	10	polish
sen	穿	kanji	10	polish
uga	穿	kanji	10	polish
ka	突	kanji	10	polish
totsu	突	kanji	10	polish
tsu	突	kanji	10	polish
hiso	窃	kanji	10	polish
nusu	窃	kanji	10	polish
setsu	窃	kanji	10	polish
saku	窄	kanji	10	polish
sema	窄	kanji	10	polish
subo	窄	kanji	10	polish
tsubo	窄	kanji	10	polish
chitsu	窒	kanji	10	polish
ana	窟	kanji	10	polish
ihaya	窟	kanji	10	polish
iwaya	窟	kanji	10	polish
kotsu	窟	kanji	10	polish
kutsu	窟	kanji	10	polish
a	窪	kanji	10	polish
kubo	窪	kanji	10	polish
wa	窪	kanji	10	polish
kiwa	窮	kanji	10	polish
kyou	窮	kanji	10	polish
kyuu	窮	kanji	10	polish
kama	窯	kanji	10	polish
you	窯	kanji	10	polish
ki	窺	kanji	10	polish
nozoku	窺	kanji	10	polish
ukaga	窺	kanji	10	polish
dou	竣	kanji	10	polish
owa	竣	kanji	10	polish
shun	竣	kanji	10	polish
warabe	竣	kanji	10	polish
warawa	竣	kanji	10	polish
ju	竪	kanji	10	polish
kodomo	竪	kanji	10	polish
ta	竪	kanji	10	polish
tate	竪	kanji	10	polish
bata	端	kanji	10	polish
ha	端	kanji	10	polish
hana	端	kanji	10	polish
hashi	端	kanji	10	polish
hata	端	kanji	10	polish
tan	端	kanji	10	polish
kei	競	kanji	10	polish
kiso	競	kanji	10	polish
kura	競	kanji	10	polish
kyou	競	kanji	10	polish
se	競	kanji	10	polish
chiku	竺	kanji	10	polish
jiku	竺	kanji	10	polish
toku	竺	kanji	10	polish
kan	竿	kanji	10	polish
sao	竿	kanji	10	polish
kyuu	笈	kanji	10	polish
fue	笙	kanji	10	polish
shou	笙	kanji	10	polish
sou	笙	kanji	10	polish
fue	笛	kanji	10	polish
teki	笛	kanji	10	polish
kasa	笠	kanji	10	polish
ryuu	笠	kanji	10	polish
fu	符	kanji	10	polish
dai	第	kanji	10	polish
tei	第	kanji	10	polish
sasa	笹	kanji	10	polish
hazu	筈	kanji	10	polish
katsu	筈	kanji	10	polish
yahazu	筈	kanji	10	polish
kin	筋	kanji	10	polish
suji	筋	kanji	10	polish
chiku	筑	kanji	10	polish
tou	筒	kanji	10	polish
tsutsu	筒	kanji	10	polish
ka	箇	kanji	10	polish
ko	箇	kanji	10	polish
fuda	箋	kanji	10	polish
sen	箋	kanji	10	polish
haku	箔	kanji	10	polish
sudare	箔	kanji	10	polish
ki	箕	kanji	10	polish
mi	箕	kanji	10	polish
san	算	kanji	10	polish
soro	算	kanji	10	polish
kan	管	kanji	10	polish
kuda	管	kanji	10	polish
hen	篇	kanji	10	polish
chiku	築	kanji	10	polish
kizu	築	kanji	10	polish
sasa	篠	kanji	10	polish
shino	篠	kanji	10	polish
shou	篠	kanji	10	polish
suzu	篠	kanji	10	polish
zou	篠	kanji	10	polish
atsu	篤	kanji	10	polish
toku	篤	kanji	10	polish
hako	簞	kanji	10	polish
tan	簞	kanji	10	polish
era	簡	kanji	10	polish
fuda	簡	kanji	10	polish
kan	簡	kanji	10	polish
ken	簡	kanji	10	polish
ren	簾	kanji	10	polish
su	簾	kanji	10	polish
sudare	簾	kanji	10	polish
momi	籾	kanji	10	polish
fun	粉	kanji	10	polish
ko	粉	kanji	10	polish
kona	粉	kanji	10	polish
ryuu	粒	kanji	10	polish
tsubu	粒	kanji	10	polish
ara	粗	kanji	10	polish
so	粗	kanji	10	polish
neba	粘	kanji	10	polish
nen	粘	kanji	10	polish
awa	粟	kanji	10	polish
momi	粟	kanji	10	polish
shoku	粟	kanji	10	polish
soku	粟	kanji	10	polish
zoku	粟	kanji	10	polish
hisa	粥	kanji	10	polish
iku	粥	kanji	10	polish
juku	粥	kanji	10	polish
kai	粥	kanji	10	polish
kayu	粥	kanji	10	polish
shuku	粥	kanji	10	polish
iki	粹	kanji	10	polish
sui	粹	kanji	10	polish
go	糊	kanji	10	polish
ko	糊	kanji	10	polish
kotsu	糊	kanji	10	polish
nori	糊	kanji	10	polish
tou	糖	kanji	10	polish
kate	糧	kanji	10	polish
rou	糧	kanji	10	polish
ryou	糧	kanji	10	polish
kei	系	kanji	10	polish
kyuu	糾	kanji	10	polish
tada	糾	kanji	10	polish
aka	紅	kanji	10	polish
beni	紅	kanji	10	polish
kou	紅	kanji	10	polish
ku	紅	kanji	10	polish
kurenai	紅	kanji	10	polish
mon	紋	kanji	10	polish
jun	純	kanji	10	polish
sa	紗	kanji	10	polish
sha	紗	kanji	10	polish
usuginu	紗	kanji	10	polish
kou	紘	kanji	10	polish
ooduna	紘	kanji	10	polish
tsuna	紘	kanji	10	polish
tsunagu	紘	kanji	10	polish
fun	紛	kanji	10	polish
magi	紛	kanji	10	polish
moto	素	kanji	10	polish
so	素	kanji	10	polish
su	素	kanji	10	polish
bou	紡	kanji	10	polish
tsumu	紡	kanji	10	polish
chuu	紬	kanji	10	polish
tsumu	紬	kanji	10	polish
tsumugi	紬	kanji	10	polish
rui	累	kanji	10	polish
hoso	細	kanji	10	polish
koma	細	kanji	10	polish
sai	細	kanji	10	polish
shin	紳	kanji	10	polish
shou	紹	kanji	10	polish
kon	紺	kanji	10	polish
gen	絃	kanji	10	polish
ito	絃	kanji	10	polish
han	絆	kanji	10	polish
hoda	絆	kanji	10	polish
kizuna	絆	kanji	10	polish
tsuna	絆	kanji	10	polish
kechi	結	kanji	10	polish
ketsu	結	kanji	10	polish
musu	結	kanji	10	polish
yu	結	kanji	10	polish
kou	絞	kanji	10	polish
shi	絞	kanji	10	polish
shibo	絞	kanji	10	polish
kara	絡	kanji	10	polish
raku	絡	kanji	10	polish
ken	絢	kanji	10	polish
su	統	kanji	10	polish
tou	統	kanji	10	polish
ta	絶	kanji	10	polish
zetsu	絶	kanji	10	polish
osa	綜	kanji	10	polish
sou	綜	kanji	10	polish
su	綜	kanji	10	polish
midori	綠	kanji	10	polish
roku	綠	kanji	10	polish
ryoku	綠	kanji	10	polish
i	維	kanji	10	polish
kou	綱	kanji	10	polish
tsuna	綱	kanji	10	polish
ami	網	kanji	10	polish
mou	網	kanji	10	polish
getsu	綴	kanji	10	polish
sumi	綴	kanji	10	polish
techi	綴	kanji	10	polish
tei	綴	kanji	10	polish
tetsu	綴	kanji	10	polish
to	綴	kanji	10	polish
tsudu	綴	kanji	10	polish
tsuduri	綴	kanji	10	polish
ito	綸	kanji	10	polish
kan	綸	kanji	10	polish
rin	綸	kanji	10	polish
aya	綺	kanji	10	polish
ki	綺	kanji	10	polish
hokoro	綻	kanji	10	polish
tan	綻	kanji	10	polish
aya	綾	kanji	10	polish
rin	綾	kanji	10	polish
kin	緊	kanji	10	polish
shi	緊	kanji	10	polish
aka	緋	kanji	10	polish
ake	緋	kanji	10	polish
hi	緋	kanji	10	polish
cho	緒	kanji	10	polish
itoguchi	緒	kanji	10	polish
o	緒	kanji	10	polish
sho	緒	kanji	10	polish
cho	緖	kanji	10	polish
itoguchi	緖	kanji	10	polish
o	緖	kanji	10	polish
sho	緖	kanji	10	polish
ji	締	kanji	10	polish
shi	締	kanji	10	polish
tei	締	kanji	10	polish
a	編	kanji	10	polish
hen	編	kanji	10	polish
i	緯	kanji	10	polish
nuki	緯	kanji	10	polish
yokoito	緯	kanji	10	polish
chi	緻	kanji	10	polish
komaka	緻	kanji	10	polish
kou	縞	kanji	10	polish
shima	縞	kanji	10	polish
shiroginu	縞	kanji	10	polish
ka	縣	kanji	10	polish
ken	縣	kanji	10	polish
hou	縫	kanji	10	polish
nu	縫	kanji	10	polish
chidi	縮	kanji	10	polish
shuku	縮	kanji	10	polish
juu	縱	kanji	10	polish
tate	縱	kanji	10	polish
seki	績	kanji	10	polish
han	繁	kanji	10	polish
shige	繁	kanji	10	polish
o	織	kanji	10	polish
ori	織	kanji	10	polish
shiki	織	kanji	10	polish
shoku	織	kanji	10	polish
tsukuro	繕	kanji	10	polish
zen	繕	kanji	10	polish
nuitori	繡	kanji	10	polish
shuu	繡	kanji	10	polish
ka	繫	kanji	10	polish
kaka	繫	kanji	10	polish
kei	繫	kanji	10	polish
tsuna	繫	kanji	10	polish
ken	繭	kanji	10	polish
kinu	繭	kanji	10	polish
mayu	繭	kanji	10	polish
ku	繰	kanji	10	polish
sou	繰	kanji	10	polish
atsu	纂	kanji	10	polish
san	纂	kanji	10	polish
den	纏	kanji	10	polish
mato	纏	kanji	10	polish
matsu	纏	kanji	10	polish
ten	纏	kanji	10	polish
sen	纖	kanji	10	polish
ba	罵	kanji	10	polish
nonoshi	罵	kanji	10	polish
hi	罷	kanji	10	polish
maka	罷	kanji	10	polish
ya	罷	kanji	10	polish
ra	羅	kanji	10	polish
usumono	羅	kanji	10	polish
hitsuji	羊	kanji	10	polish
you	羊	kanji	10	polish
kamoshika	羚	kanji	10	polish
rei	羚	kanji	10	polish
ryou	羚	kanji	10	polish
ha	羞	kanji	10	polish
haji	羞	kanji	10	polish
shuu	羞	kanji	10	polish
susume	羞	kanji	10	polish
amari	羨	kanji	10	polish
en	羨	kanji	10	polish
sen	羨	kanji	10	polish
uraya	羨	kanji	10	polish
gi	義	kanji	10	polish
yoku	翌	kanji	10	polish
kawasemi	翠	kanji	10	polish
midori	翠	kanji	10	polish
sui	翠	kanji	10	polish
han	翻	kanji	10	polish
hirugae	翻	kanji	10	polish
hon	翻	kanji	10	polish
hikari	耀	kanji	10	polish
kagaya	耀	kanji	10	polish
you	耀	kanji	10	polish
ji	而	kanji	10	polish
nanji	而	kanji	10	polish
ni	而	kanji	10	polish
shika	而	kanji	10	polish
shikaruni	而	kanji	10	polish
shiko	而	kanji	10	polish
sunawachi	而	kanji	10	polish
ta	耐	kanji	10	polish
tai	耐	kanji	10	polish
kou	耕	kanji	10	polish
tagaya	耕	kanji	10	polish
kou	耗	kanji	10	polish
mou	耗	kanji	10	polish
ja	耶	kanji	10	polish
ka	耶	kanji	10	polish
ya	耶	kanji	10	polish
fuke	耽	kanji	10	polish
tan	耽	kanji	10	polish
chou	聽	kanji	10	polish
ki	聽	kanji	10	polish
yuru	聽	kanji	10	polish
chou	肇	kanji	10	polish
haji	肇	kanji	10	polish
hajime	肇	kanji	10	polish
jou	肇	kanji	10	polish
tou	肇	kanji	10	polish
abara	肋	kanji	10	polish
roku	肋	kanji	10	polish
ayaka	肖	kanji	10	polish
shou	肖	kanji	10	polish
ko	股	kanji	10	polish
mata	股	kanji	10	polish
momo	股	kanji	10	polish
shi	肢	kanji	10	polish
futo	肥	kanji	10	polish
hi	肥	kanji	10	polish
ko	肥	kanji	10	polish
koe	肥	kanji	10	polish
bou	肪	kanji	10	polish
gaenji	肯	kanji	10	polish
kou	肯	kanji	10	polish
kou	肴	kanji	10	polish
sakana	肴	kanji	10	polish
kimo	胆	kanji	10	polish
tan	胆	kanji	10	polish
tai	胎	kanji	10	polish
hou	胞	kanji	10	polish
go	胡	kanji	10	polish
ko	胡	kanji	10	polish
nanzo	胡	kanji	10	polish
u	胡	kanji	10	polish
in	胤	kanji	10	polish
tane	胤	kanji	10	polish
dou	胴	kanji	10	polish
abura	脂	kanji	10	polish
shi	脂	kanji	10	polish
kyou	脅	kanji	10	polish
obiya	脅	kanji	10	polish
odo	脅	kanji	10	polish
kyou	脇	kanji	10	polish
wake	脇	kanji	10	polish
waki	脇	kanji	10	polish
se	脊	kanji	10	polish
sei	脊	kanji	10	polish
seki	脊	kanji	10	polish
hojishi	脩	kanji	10	polish
naga	脩	kanji	10	polish
osa	脩	kanji	10	polish
shuu	脩	kanji	10	polish
chou	脹	kanji	10	polish
fuku	脹	kanji	10	polish
ha	脹	kanji	10	polish
fu	腐	kanji	10	polish
kusa	腐	kanji	10	polish
kou	腔	kanji	10	polish
sen	腺	kanji	10	polish
abura	膏	kanji	10	polish
kou	膏	kanji	10	polish
maku	膜	kanji	10	polish
bou	膨	kanji	10	polish
fuku	膨	kanji	10	polish
kashiwa	膳	kanji	10	polish
sen	膳	kanji	10	polish
sona	膳	kanji	10	polish
susu	膳	kanji	10	polish
zen	膳	kanji	10	polish
mune	臆	kanji	10	polish
oku	臆	kanji	10	polish
okusuru	臆	kanji	10	polish
yoku	臆	kanji	10	polish
harawata	臟	kanji	10	polish
zou	臟	kanji	10	polish
jin	臣	kanji	10	polish
shin	臣	kanji	10	polish
fu	臥	kanji	10	polish
fuse	臥	kanji	10	polish
ga	臥	kanji	10	polish
nozo	臨	kanji	10	polish
rin	臨	kanji	10	polish
ji	自	kanji	10	polish
mizuka	自	kanji	10	polish
ono	自	kanji	10	polish
shi	自	kanji	10	polish
ita	至	kanji	10	polish
shi	至	kanji	10	polish
chi	致	kanji	10	polish
ita	致	kanji	10	polish
gu	臼	kanji	10	polish
kyuu	臼	kanji	10	polish
usu	臼	kanji	10	polish
usudu	臼	kanji	10	polish
ata	與	kanji	10	polish
azuka	與	kanji	10	polish
kumi	與	kanji	10	polish
tomoni	與	kanji	10	polish
yo	與	kanji	10	polish
kou	興	kanji	10	polish
kyou	興	kanji	10	polish
oko	興	kanji	10	polish
shun	舜	kanji	10	polish
bune	舟	kanji	10	polish
funa	舟	kanji	10	polish
fune	舟	kanji	10	polish
shuu	舟	kanji	10	polish
kou	航	kanji	10	polish
han	般	kanji	10	polish
da	舵	kanji	10	polish
kaji	舵	kanji	10	polish
ta	舵	kanji	10	polish
haku	舶	kanji	10	polish
funabata	舷	kanji	10	polish
funaberi	舷	kanji	10	polish
gen	舷	kanji	10	polish
funa	船	kanji	10	polish
fune	船	kanji	10	polish
sen	船	kanji	10	polish
tei	艇	kanji	10	polish
kan	艦	kanji	10	polish
ade	艶	kanji	10	polish
en	艶	kanji	10	polish
nama	艶	kanji	10	polish
tsuya	艶	kanji	10	polish
imo	芋	kanji	10	polish
u	芋	kanji	10	polish
fu	芙	kanji	10	polish
shi	芝	kanji	10	polish
shiba	芝	kanji	10	polish
akuta	芥	kanji	10	polish
gomi	芥	kanji	10	polish
kai	芥	kanji	10	polish
karashi	芥	kanji	10	polish
ke	芥	kanji	10	polish
ashi	芦	kanji	10	polish
ro	芦	kanji	10	polish
yoshi	芦	kanji	10	polish
ba	芭	kanji	10	polish
ha	芭	kanji	10	polish
shin	芯	kanji	10	polish
hou	芳	kanji	10	polish
kanba	芳	kanji	10	polish
kin	芹	kanji	10	polish
seri	芹	kanji	10	polish
ga	芽	kanji	10	polish
me	芽	kanji	10	polish
en	苑	kanji	10	polish
on	苑	kanji	10	polish
sono	苑	kanji	10	polish
u	苑	kanji	10	polish
koke	苔	kanji	10	polish
kokera	苔	kanji	10	polish
tai	苔	kanji	10	polish
byou	苗	kanji	10	polish
myou	苗	kanji	10	polish
nae	苗	kanji	10	polish
nawa	苗	kanji	10	polish
iji	苛	kanji	10	polish
irada	苛	kanji	10	polish
ka	苛	kanji	10	polish
karai	苛	kanji	10	polish
komakai	苛	kanji	10	polish
saina	苛	kanji	10	polish
guru	苦	kanji	10	polish
ku	苦	kanji	10	polish
kuru	苦	kanji	10	polish
niga	苦	kanji	10	polish
bai	苺	kanji	10	polish
ichigo	苺	kanji	10	polish
mai	苺	kanji	10	polish
mo	茂	kanji	10	polish
shige	茂	kanji	10	polish
ka	茄	kanji	10	polish
bou	茅	kanji	10	polish
chigaya	茅	kanji	10	polish
kaya	茅	kanji	10	polish
myou	茅	kanji	10	polish
batsu	茉	kanji	10	polish
ma	茉	kanji	10	polish
matsu	茉	kanji	10	polish
kei	茎	kanji	10	polish
kuki	茎	kanji	10	polish
kyou	茎	kanji	10	polish
akane	茜	kanji	10	polish
sen	茜	kanji	10	polish
ibara	茨	kanji	10	polish
ji	茨	kanji	10	polish
kaya	茨	kanji	10	polish
kusabuki	茨	kanji	10	polish
shi	茨	kanji	10	polish
jou	茸	kanji	10	polish
kinoko	茸	kanji	10	polish
nyu	茸	kanji	10	polish
shige	茸	kanji	10	polish
take	茸	kanji	10	polish
a	荒	kanji	10	polish
ara	荒	kanji	10	polish
kou	荒	kanji	10	polish
susa	荒	kanji	10	polish
ka	荷	kanji	10	polish
ni	荷	kanji	10	polish
ogi	荻	kanji	10	polish
teki	荻	kanji	10	polish
rai	莉	kanji	10	polish
rei	莉	kanji	10	polish
ri	莉	kanji	10	polish
chan	莊	kanji	10	polish
houki	莊	kanji	10	polish
ogoso	莊	kanji	10	polish
shou	莊	kanji	10	polish
sou	莊	kanji	10	polish
i	莞	kanji	10	polish
kan	莞	kanji	10	polish
baku	莫	kanji	10	polish
bo	莫	kanji	10	polish
kure	莫	kanji	10	polish
maku	莫	kanji	10	polish
mo	莫	kanji	10	polish
nai	莫	kanji	10	polish
naka	莫	kanji	10	polish
nashi	莫	kanji	10	polish
kan	菅	kanji	10	polish
ken	菅	kanji	10	polish
suge	菅	kanji	10	polish
kiku	菊	kanji	10	polish
kin	菌	kanji	10	polish
ka	菓	kanji	10	polish
shou	菖	kanji	10	polish
na	菜	kanji	10	polish
sai	菜	kanji	10	polish
bo	菩	kanji	10	polish
kin	菫	kanji	10	polish
sumire	菫	kanji	10	polish
hana	華	kanji	10	polish
ka	華	kanji	10	polish
ke	華	kanji	10	polish
hishi	菱	kanji	10	polish
ryou	菱	kanji	10	polish
dou	萄	kanji	10	polish
tou	萄	kanji	10	polish
akaza	萊	kanji	10	polish
arewa	萊	kanji	10	polish
kougai	萊	kanji	10	polish
rai	萊	kanji	10	polish
ri	萊	kanji	10	polish
hou	萌	kanji	10	polish
kiza	萌	kanji	10	polish
mebae	萌	kanji	10	polish
mo	萌	kanji	10	polish
i	萎	kanji	10	polish
na	萎	kanji	10	polish
shibo	萎	kanji	10	polish
shina	萎	kanji	10	polish
shio	萎	kanji	10	polish
hou	萠	kanji	10	polish
kiza	萠	kanji	10	polish
mebae	萠	kanji	10	polish
mo	萠	kanji	10	polish
hagi	萩	kanji	10	polish
shuu	萩	kanji	10	polish
ban	萬	kanji	10	polish
man	萬	kanji	10	polish
yorozu	萬	kanji	10	polish
kanzou	萱	kanji	10	polish
kaya	萱	kanji	10	polish
ken	萱	kanji	10	polish
o	落	kanji	10	polish
raku	落	kanji	10	polish
ha	葉	kanji	10	polish
you	葉	kanji	10	polish
arawa	著	kanji	10	polish
chaku	著	kanji	10	polish
cho	著	kanji	10	polish
ichijiru	著	kanji	10	polish
kachi	葛	kanji	10	polish
katsu	葛	kanji	10	polish
kuzu	葛	kanji	10	polish
tsudura	葛	kanji	10	polish
bu	葡	kanji	10	polish
ho	葡	kanji	10	polish
tada	董	kanji	10	polish
tou	董	kanji	10	polish
ashi	葦	kanji	10	polish
i	葦	kanji	10	polish
na	葦	kanji	10	polish
shibo	葦	kanji	10	polish
shina	葦	kanji	10	polish
shio	葦	kanji	10	polish
yoshi	葦	kanji	10	polish
aoi	葵	kanji	10	polish
ki	葵	kanji	10	polish
ashi	葺	kanji	10	polish
fu	葺	kanji	10	polish
fuki	葺	kanji	10	polish
shuu	葺	kanji	10	polish
akane	蒐	kanji	10	polish
atsu	蒐	kanji	10	polish
shuu	蒐	kanji	10	polish
ji	蒔	kanji	10	polish
ma	蒔	kanji	10	polish
shi	蒔	kanji	10	polish
u	蒔	kanji	10	polish
bou	蒙	kanji	10	polish
koumu	蒙	kanji	10	polish
kura	蒙	kanji	10	polish
mou	蒙	kanji	10	polish
oo	蒙	kanji	10	polish
bo	蒲	kanji	10	polish
bu	蒲	kanji	10	polish
fu	蒲	kanji	10	polish
gama	蒲	kanji	10	polish
ho	蒲	kanji	10	polish
kaba	蒲	kanji	10	polish
kama	蒲	kanji	10	polish
jou	蒸	kanji	10	polish
mu	蒸	kanji	10	polish
sei	蒸	kanji	10	polish
ao	蒼	kanji	10	polish
sou	蒼	kanji	10	polish
you	蓉	kanji	10	polish
futa	蓋	kanji	10	polish
gai	蓋	kanji	10	polish
kai	蓋	kanji	10	polish
kakou	蓋	kanji	10	polish
kasa	蓋	kanji	10	polish
keda	蓋	kanji	10	polish
kou	蓋	kanji	10	polish
oo	蓋	kanji	10	polish
mino	蓑	kanji	10	polish
sa	蓑	kanji	10	polish
sai	蓑	kanji	10	polish
bu	蓬	kanji	10	polish
hou	蓬	kanji	10	polish
yomogi	蓬	kanji	10	polish
hachisu	蓮	kanji	10	polish
hasu	蓮	kanji	10	polish
ren	蓮	kanji	10	polish
betsu	蔑	kanji	10	polish
kurai	蔑	kanji	10	polish
naigashiro	蔑	kanji	10	polish
nami	蔑	kanji	10	polish
sagesu	蔑	kanji	10	polish
ban	蔓	kanji	10	polish
habiko	蔓	kanji	10	polish
man	蔓	kanji	10	polish
tsuru	蔓	kanji	10	polish
hage	蔣	kanji	10	polish
makomo	蔣	kanji	10	polish
shou	蔣	kanji	10	polish
sou	蔣	kanji	10	polish
chou	蔦	kanji	10	polish
tsuta	蔦	kanji	10	polish
in	蔭	kanji	10	polish
kage	蔭	kanji	10	polish
on	蔭	kanji	10	polish
futsu	蔽	kanji	10	polish
hei	蔽	kanji	10	polish
hetsu	蔽	kanji	10	polish
oo	蔽	kanji	10	polish
ban	蕃	kanji	10	polish
han	蕃	kanji	10	polish
shou	蕉	kanji	10	polish
kyou	蕎	kanji	10	polish
soba	蕎	kanji	10	polish
fuki	蕗	kanji	10	polish
ro	蕗	kanji	10	polish
ru	蕗	kanji	10	polish
ketsu	蕨	kanji	10	polish
warabi	蕨	kanji	10	polish
areru	蕪	kanji	10	polish
bu	蕪	kanji	10	polish
kabu	蕪	kanji	10	polish
kabura	蕪	kanji	10	polish
mu	蕪	kanji	10	polish
rai	蕾	kanji	10	polish
tsubomi	蕾	kanji	10	polish
haku	薄	kanji	10	polish
susuki	薄	kanji	10	polish
usu	薄	kanji	10	polish
en	薗	kanji	10	polish
on	薗	kanji	10	polish
sono	薗	kanji	10	polish
chi	薙	kanji	10	polish
ka	薙	kanji	10	polish
na	薙	kanji	10	polish
nagi	薙	kanji	10	polish
tei	薙	kanji	10	polish
sen	薦	kanji	10	polish
susu	薦	kanji	10	polish
sachi	薩	kanji	10	polish
satsu	薩	kanji	10	polish
maki	薪	kanji	10	polish
shin	薪	kanji	10	polish
takigi	薪	kanji	10	polish
kaori	薰	kanji	10	polish
kaorigusa	薰	kanji	10	polish
kaoru	薰	kanji	10	polish
kun	薰	kanji	10	polish
kou	藁	kanji	10	polish
wara	藁	kanji	10	polish
ai	藍	kanji	10	polish
ran	藍	kanji	10	polish
kaku	藏	kanji	10	polish
kura	藏	kanji	10	polish
osa	藏	kanji	10	polish
sou	藏	kanji	10	polish
zou	藏	kanji	10	polish
gei	藝	kanji	10	polish
nori	藝	kanji	10	polish
u	藝	kanji	10	polish
un	藝	kanji	10	polish
waza	藝	kanji	10	polish
dou	藤	kanji	10	polish
fuji	藤	kanji	10	polish
tou	藤	kanji	10	polish
kusuri	藥	kanji	10	polish
yaku	藥	kanji	10	polish
han	藩	kanji	10	polish
mo	藻	kanji	10	polish
sou	藻	kanji	10	polish
so	蘇	kanji	10	polish
su	蘇	kanji	10	polish
yomigae	蘇	kanji	10	polish
ra	蘭	kanji	10	polish
ran	蘭	kanji	10	polish
ko	虎	kanji	10	polish
tora	虎	kanji	10	polish
gyaku	虐	kanji	10	polish
shiita	虐	kanji	10	polish
ko	虛	kanji	10	polish
kyo	虛	kanji	10	polish
munashii	虛	kanji	10	polish
ro	虜	kanji	10	polish
ryo	虜	kanji	10	polish
toriko	虜	kanji	10	polish
toriku	虜	kanji	10	polish
ayama	虞	kanji	10	polish
azamu	虞	kanji	10	polish
gu	虞	kanji	10	polish
haka	虞	kanji	10	polish
nozo	虞	kanji	10	polish
omonpaka	虞	kanji	10	polish
osore	虞	kanji	10	polish
tano	虞	kanji	10	polish
ure	虞	kanji	10	polish
kou	虹	kanji	10	polish
niji	虹	kanji	10	polish
bun	蚊	kanji	10	polish
ka	蚊	kanji	10	polish
kaiko	蚕	kanji	10	polish
ko	蚕	kanji	10	polish
san	蚕	kanji	10	polish
ten	蚕	kanji	10	polish
da	蛇	kanji	10	polish
hebi	蛇	kanji	10	polish
i	蛇	kanji	10	polish
ja	蛇	kanji	10	polish
ya	蛇	kanji	10	polish
ban	蛮	kanji	10	polish
ebisu	蛮	kanji	10	polish
hachi	蜂	kanji	10	polish
hou	蜂	kanji	10	polish
bitsu	蜜	kanji	10	polish
mitsu	蜜	kanji	10	polish
ebi	蝦	kanji	10	polish
ge	蝦	kanji	10	polish
ka	蝦	kanji	10	polish
chou	蝶	kanji	10	polish
to	融	kanji	10	polish
yuu	融	kanji	10	polish
nina	螺	kanji	10	polish
nishi	螺	kanji	10	polish
ra	螺	kanji	10	polish
semi	蟬	kanji	10	polish
sen	蟬	kanji	10	polish
zen	蟬	kanji	10	polish
kai	蟹	kanji	10	polish
kani	蟹	kanji	10	polish
mitsurou	蠟	kanji	10	polish
rou	蠟	kanji	10	polish
rousoku	蠟	kanji	10	polish
gai	街	kanji	10	polish
kai	街	kanji	10	polish
machi	街	kanji	10	polish
e	衛	kanji	10	polish
ei	衛	kanji	10	polish
shou	衝	kanji	10	polish
tsu	衝	kanji	10	polish
e	衞	kanji	10	polish
ei	衞	kanji	10	polish
mamo	衞	kanji	10	polish
kou	衡	kanji	10	polish
e	衣	kanji	10	polish
gi	衣	kanji	10	polish
i	衣	kanji	10	polish
kinu	衣	kanji	10	polish
koromo	衣	kanji	10	polish
otoro	衰	kanji	10	polish
sui	衰	kanji	10	polish
chuu	衷	kanji	10	polish
eri	衿	kanji	10	polish
kin	衿	kanji	10	polish
kon	衿	kanji	10	polish
ka	袈	kanji	10	polish
ke	袈	kanji	10	polish
shuu	袖	kanji	10	polish
sode	袖	kanji	10	polish
hakama	袴	kanji	10	polish
ko	袴	kanji	10	polish
ku	袴	kanji	10	polish
zubon	袴	kanji	10	polish
gi	裂	kanji	10	polish
retsu	裂	kanji	10	polish
sa	裂	kanji	10	polish
shou	装	kanji	10	polish
sou	装	kanji	10	polish
yosoo	装	kanji	10	polish
yuu	裕	kanji	10	polish
ho	補	kanji	10	polish
ogina	補	kanji	10	polish
shou	裝	kanji	10	polish
sou	裝	kanji	10	polish
yosoo	裝	kanji	10	polish
sa	裟	kanji	10	polish
sha	裟	kanji	10	polish
ri	裡	kanji	10	polish
uchi	裡	kanji	10	polish
ura	裡	kanji	10	polish
mo	裳	kanji	10	polish
mosuso	裳	kanji	10	polish
shou	裳	kanji	10	polish
hadaka	裸	kanji	10	polish
ra	裸	kanji	10	polish
ko	裾	kanji	10	polish
kyo	裾	kanji	10	polish
suso	裾	kanji	10	polish
katsu	褐	kanji	10	polish
ho	褒	kanji	10	polish
hou	褒	kanji	10	polish
ao	襖	kanji	10	polish
fusuma	襖	kanji	10	polish
ou	襖	kanji	10	polish
eri	襟	kanji	10	polish
kin	襟	kanji	10	polish
kasa	襲	kanji	10	polish
oso	襲	kanji	10	polish
shuu	襲	kanji	10	polish
i	要	kanji	10	polish
kaname	要	kanji	10	polish
you	要	kanji	10	polish
fuku	覆	kanji	10	polish
kutsugae	覆	kanji	10	polish
oo	覆	kanji	10	polish
mi	視	kanji	10	polish
shi	視	kanji	10	polish
mi	覽	kanji	10	polish
ran	覽	kanji	10	polish
tada	訂	kanji	10	polish
tei	訂	kanji	10	polish
fu	訃	kanji	10	polish
shirase	訃	kanji	10	polish
jin	訊	kanji	10	polish
ki	訊	kanji	10	polish
shin	訊	kanji	10	polish
shun	訊	kanji	10	polish
tazu	訊	kanji	10	polish
to	訊	kanji	10	polish
kin	訓	kanji	10	polish
kun	訓	kanji	10	polish
oshi	訓	kanji	10	polish
yo	訓	kanji	10	polish
kako	託	kanji	10	polish
kakotsu	託	kanji	10	polish
taku	託	kanji	10	polish
shou	訟	kanji	10	polish
ketsu	訣	kanji	10	polish
wakare	訣	kanji	10	polish
hou	訪	kanji	10	polish
otozu	訪	kanji	10	polish
tazu	訪	kanji	10	polish
to	訪	kanji	10	polish
mi	診	kanji	10	polish
shin	診	kanji	10	polish
chuu	註	kanji	10	polish
akashi	証	kanji	10	polish
shou	証	kanji	10	polish
itsuwa	詐	kanji	10	polish
sa	詐	kanji	10	polish
mikotonori	詔	kanji	10	polish
shou	詔	kanji	10	polish
hyou	評	kanji	10	polish
kotoba	詞	kanji	10	polish
shi	詞	kanji	10	polish
haka	詢	kanji	10	polish
jun	詢	kanji	10	polish
makoto	詢	kanji	10	polish
shun	詢	kanji	10	polish
gei	詣	kanji	10	polish
ita	詣	kanji	10	polish
kei	詣	kanji	10	polish
mai	詣	kanji	10	polish
mou	詣	kanji	10	polish
kokoro	試	kanji	10	polish
shi	試	kanji	10	polish
tame	試	kanji	10	polish
kakotsu	詫	kanji	10	polish
ta	詫	kanji	10	polish
wa	詫	kanji	10	polish
wabi	詫	kanji	10	polish
aki	詮	kanji	10	polish
kai	詮	kanji	10	polish
sen	詮	kanji	10	polish
du	詰	kanji	10	polish
kichi	詰	kanji	10	polish
kitsu	詰	kanji	10	polish
tsu	詰	kanji	10	polish
gai	該	kanji	10	polish
kuwa	詳	kanji	10	polish
shou	詳	kanji	10	polish
tsumabi	詳	kanji	10	polish
hoko	誇	kanji	10	polish
ko	誇	kanji	10	polish
ho	誉	kanji	10	polish
homa	誉	kanji	10	polish
yo	誉	kanji	10	polish
shi	誌	kanji	10	polish
mito	認	kanji	10	polish
nin	認	kanji	10	polish
shitata	認	kanji	10	polish
tan	誕	kanji	10	polish
izana	誘	kanji	10	polish
saso	誘	kanji	10	polish
yuu	誘	kanji	10	polish
gi	誼	kanji	10	polish
yoi	誼	kanji	10	polish
yoshimi	誼	kanji	10	polish
chou	調	kanji	10	polish
shira	調	kanji	10	polish
totono	調	kanji	10	polish
hichikudo	諄	kanji	10	polish
kudo	諄	kanji	10	polish
kudokudo	諄	kanji	10	polish
nengo	諄	kanji	10	polish
shun	諄	kanji	10	polish
dan	談	kanji	10	polish
haka	諏	kanji	10	polish
shu	諏	kanji	10	polish
sou	諏	kanji	10	polish
su	諏	kanji	10	polish
akira	諒	kanji	10	polish
makotoni	諒	kanji	10	polish
ryou	諒	kanji	10	polish
akira	諦	kanji	10	polish
makoto	諦	kanji	10	polish
tai	諦	kanji	10	polish
tei	諦	kanji	10	polish
tsumabiraka	諦	kanji	10	polish
kai	諧	kanji	10	polish
kana	諧	kanji	10	polish
yawa	諧	kanji	10	polish
sato	諭	kanji	10	polish
yu	諭	kanji	10	polish
haka	諮	kanji	10	polish
shi	諮	kanji	10	polish
moro	諸	kanji	10	polish
sho	諸	kanji	10	polish
gen	諺	kanji	10	polish
kotowaza	諺	kanji	10	polish
daku	諾	kanji	10	polish
bou	謀	kanji	10	polish
haka	謀	kanji	10	polish
hakarigoto	謀	kanji	10	polish
mu	謀	kanji	10	polish
tabaka	謀	kanji	10	polish
etsu	謁	kanji	10	polish
i	謂	kanji	10	polish
ii	謂	kanji	10	polish
iwayuru	謂	kanji	10	polish
omo	謂	kanji	10	polish
tou	謄	kanji	10	polish
bei	謎	kanji	10	polish
mei	謎	kanji	10	polish
nazo	謎	kanji	10	polish
herikuda	謙	kanji	10	polish
ken	謙	kanji	10	polish
kou	講	kanji	10	polish
ayama	謝	kanji	10	polish
sha	謝	kanji	10	polish
uta	謠	kanji	10	polish
you	謠	kanji	10	polish
uta	謡	kanji	10	polish
you	謡	kanji	10	polish
kin	謹	kanji	10	polish
tsutsushi	謹	kanji	10	polish
fu	譜	kanji	10	polish
ho	讃	kanji	10	polish
san	讃	kanji	10	polish
tata	讃	kanji	10	polish
jou	讓	kanji	10	polish
yuzu	讓	kanji	10	polish
kiwa	谷	kanji	10	polish
koku	谷	kanji	10	polish
tani	谷	kanji	10	polish
mame	豆	kanji	10	polish
tou	豆	kanji	10	polish
zu	豆	kanji	10	polish
buta	豚	kanji	10	polish
ton	豚	kanji	10	polish
katado	象	kanji	10	polish
shou	象	kanji	10	polish
zou	象	kanji	10	polish
hou	豹	kanji	10	polish
hyou	豹	kanji	10	polish
baku	貌	kanji	10	polish
bou	貌	kanji	10	polish
katachi	貌	kanji	10	polish
katadoru	貌	kanji	10	polish
jou	貞	kanji	10	polish
sada	貞	kanji	10	polish
tadashi	貞	kanji	10	polish
tei	貞	kanji	10	polish
kou	貢	kanji	10	polish
ku	貢	kanji	10	polish
mitsu	貢	kanji	10	polish
han	販	kanji	10	polish
don	貪	kanji	10	polish
musabo	貪	kanji	10	polish
tan	貪	kanji	10	polish
ton	貪	kanji	10	polish
kan	貫	kanji	10	polish
nu	貫	kanji	10	polish
nuki	貫	kanji	10	polish
tsuranu	貫	kanji	10	polish
mora	貰	kanji	10	polish
sei	貰	kanji	10	polish
sha	貰	kanji	10	polish
ka	貸	kanji	10	polish
kashi	貸	kanji	10	polish
tai	貸	kanji	10	polish
chou	貼	kanji	10	polish
ha	貼	kanji	10	polish
ten	貼	kanji	10	polish
tsu	貼	kanji	10	polish
bou	貿	kanji	10	polish
ga	賀	kanji	10	polish
maina	賂	kanji	10	polish
ro	賂	kanji	10	polish
chin	賃	kanji	10	polish
makana	賄	kanji	10	polish
wai	賄	kanji	10	polish
zoku	賊	kanji	10	polish
nigi	賑	kanji	10	polish
shin	賑	kanji	10	polish
hin	賓	kanji	10	polish
maroudo	賓	kanji	10	polish
shitagau	賓	kanji	10	polish
shi	賜	kanji	10	polish
tama	賜	kanji	10	polish
tamawa	賜	kanji	10	polish
tamo	賜	kanji	10	polish
ho	賞	kanji	10	polish
shou	賞	kanji	10	polish
bai	賠	kanji	10	polish
kashiko	賢	kanji	10	polish
ken	賢	kanji	10	polish
bai	賣	kanji	10	polish
u	賣	kanji	10	polish
bu	賦	kanji	10	polish
fu	賦	kanji	10	polish
ka	賭	kanji	10	polish
kake	賭	kanji	10	polish
to	賭	kanji	10	polish
rai	賴	kanji	10	polish
tanomu	賴	kanji	10	polish
tayori	賴	kanji	10	polish
tayoru	賴	kanji	10	polish
kou	購	kanji	10	polish
oku	贈	kanji	10	polish
sou	贈	kanji	10	polish
zou	贈	kanji	10	polish
kyuu	赳	kanji	10	polish
fu	赴	kanji	10	polish
omomu	赴	kanji	10	polish
omomu	趣	kanji	10	polish
omomuki	趣	kanji	10	polish
shu	趣	kanji	10	polish
heda	距	kanji	10	polish
kedume	距	kanji	10	polish
kyo	距	kanji	10	polish
ka	跨	kanji	10	polish
ko	跨	kanji	10	polish
mata	跨	kanji	10	polish
mataga	跨	kanji	10	polish
fu	践	kanji	10	polish
sen	践	kanji	10	polish
fu	踏	kanji	10	polish
tou	踏	kanji	10	polish
ato	踪	kanji	10	polish
shou	踪	kanji	10	polish
sou	踪	kanji	10	polish
hidume	蹄	kanji	10	polish
tei	蹄	kanji	10	polish
ato	蹟	kanji	10	polish
seki	蹟	kanji	10	polish
shaku	蹟	kanji	10	polish
odo	躍	kanji	10	polish
yaku	躍	kanji	10	polish
ki	軌	kanji	10	polish
ken	軒	kanji	10	polish
noki	軒	kanji	10	polish
nan	軟	kanji	10	polish
yawa	軟	kanji	10	polish
jiku	軸	kanji	10	polish
no	載	kanji	10	polish
sai	載	kanji	10	polish
fu	輔	kanji	10	polish
ho	輔	kanji	10	polish
tasu	輔	kanji	10	polish
kagaya	輝	kanji	10	polish
ki	輝	kanji	10	polish
bara	輩	kanji	10	polish
hai	輩	kanji	10	polish
tomogara	輩	kanji	10	polish
yakai	輩	kanji	10	polish
yakara	輩	kanji	10	polish
rin	輪	kanji	10	polish
wa	輪	kanji	10	polish
atsu	輯	kanji	10	polish
shuu	輯	kanji	10	polish
yawa	輯	kanji	10	polish
shu	輸	kanji	10	polish
yu	輸	kanji	10	polish
kago	輿	kanji	10	polish
koshi	輿	kanji	10	polish
yo	輿	kanji	10	polish
katsu	轄	kanji	10	polish
kusabi	轄	kanji	10	polish
koro	轉	kanji	10	polish
maro	轉	kanji	10	polish
ten	轉	kanji	10	polish
utata	轉	kanji	10	polish
utsu	轉	kanji	10	polish
gou	轟	kanji	10	polish
kou	轟	kanji	10	polish
todoro	轟	kanji	10	polish
dura	辛	kanji	10	polish
kanoto	辛	kanji	10	polish
kara	辛	kanji	10	polish
shin	辛	kanji	10	polish
tsura	辛	kanji	10	polish
ina	辞	kanji	10	polish
ji	辞	kanji	10	polish
ya	辞	kanji	10	polish
kara	辣	kanji	10	polish
ratsu	辣	kanji	10	polish
jin	辰	kanji	10	polish
shin	辰	kanji	10	polish
tatsu	辰	kanji	10	polish
hazukashi	辱	kanji	10	polish
joku	辱	kanji	10	polish
nou	農	kanji	10	polish
tsuji	辻	kanji	10	polish
ko	込	kanji	10	polish
u	迂	kanji	10	polish
kitsu	迄	kanji	10	polish
made	迄	kanji	10	polish
oyo	迄	kanji	10	polish
ka	迦	kanji	10	polish
ke	迦	kanji	10	polish
ita	迪	kanji	10	polish
michi	迪	kanji	10	polish
michibi	迪	kanji	10	polish
susu	迪	kanji	10	polish
teki	迪	kanji	10	polish
haku	迫	kanji	10	polish
sema	迫	kanji	10	polish
tetsu	迭	kanji	10	polish
jutsu	述	kanji	10	polish
no	述	kanji	10	polish
mayo	迷	kanji	10	polish
mei	迷	kanji	10	polish
ni	逃	kanji	10	polish
noga	逃	kanji	10	polish
tou	逃	kanji	10	polish
geki	逆	kanji	10	polish
gyaku	逆	kanji	10	polish
saka	逆	kanji	10	polish
su	透	kanji	10	polish
tou	透	kanji	10	polish
chiku	逐	kanji	10	polish
michi	途	kanji	10	polish
to	途	kanji	10	polish
todo	逗	kanji	10	polish
tou	逗	kanji	10	polish
zu	逗	kanji	10	polish
gen	這	kanji	10	polish
ha	這	kanji	10	polish
kono	這	kanji	10	polish
muka	這	kanji	10	polish
sha	這	kanji	10	polish
i	逝	kanji	10	polish
sei	逝	kanji	10	polish
yu	逝	kanji	10	polish
takuma	逞	kanji	10	polish
tei	逞	kanji	10	polish
a	逢	kanji	10	polish
hou	逢	kanji	10	polish
muka	逢	kanji	10	polish
tai	逮	kanji	10	polish
hagu	逸	kanji	10	polish
itsu	逸	kanji	10	polish
so	逸	kanji	10	polish
noga	遁	kanji	10	polish
shun	遁	kanji	10	polish
ton	遁	kanji	10	polish
sui	遂	kanji	10	polish
to	遂	kanji	10	polish
tsui	遂	kanji	10	polish
a	遇	kanji	10	polish
guu	遇	kanji	10	polish
aso	遊	kanji	10	polish
yu	遊	kanji	10	polish
yuu	遊	kanji	10	polish
amane	遍	kanji	10	polish
hen	遍	kanji	10	polish
da	達	kanji	10	polish
tachi	達	kanji	10	polish
tatsu	達	kanji	10	polish
haru	遙	kanji	10	polish
you	遙	kanji	10	polish
herikuda	遜	kanji	10	polish
shitaga	遜	kanji	10	polish
son	遜	kanji	10	polish
yuzu	遜	kanji	10	polish
sakanobo	遡	kanji	10	polish
saku	遡	kanji	10	polish
so	遡	kanji	10	polish
duka	遣	kanji	10	polish
ken	遣	kanji	10	polish
tsuka	遣	kanji	10	polish
ya	遣	kanji	10	polish
haru	遥	kanji	10	polish
you	遥	kanji	10	polish
kana	適	kanji	10	polish
teki	適	kanji	10	polish
a	遭	kanji	10	polish
sou	遭	kanji	10	polish
saegi	遮	kanji	10	polish
sha	遮	kanji	10	polish
jun	遵	kanji	10	polish
miyakogae	遷	kanji	10	polish
sen	遷	kanji	10	polish
utsu	遷	kanji	10	polish
i	遺	kanji	10	polish
noko	遺	kanji	10	polish
yui	遺	kanji	10	polish
ryou	遼	kanji	10	polish
hi	避	kanji	10	polish
sa	避	kanji	10	polish
yo	避	kanji	10	polish
da	那	kanji	10	polish
ikan	那	kanji	10	polish
na	那	kanji	10	polish
nani	那	kanji	10	polish
nanzo	那	kanji	10	polish
hou	邦	kanji	10	polish
kuni	邦	kanji	10	polish
ja	邪	kanji	10	polish
yokoshi	邪	kanji	10	polish
iku	郁	kanji	10	polish
kou	郊	kanji	10	polish
otoko	郎	kanji	10	polish
rou	郎	kanji	10	polish
ryou	郎	kanji	10	polish
otoko	郞	kanji	10	polish
rou	郞	kanji	10	polish
kaku	郭	kanji	10	polish
kuruwa	郭	kanji	10	polish
yuu	郵	kanji	10	polish
jou	鄭	kanji	10	polish
tei	鄭	kanji	10	polish
tori	酉	kanji	10	polish
yuu	酉	kanji	10	polish
ku	酌	kanji	10	polish
shaku	酌	kanji	10	polish
chu	酎	kanji	10	polish
chuu	酎	kanji	10	polish
kamo	酎	kanji	10	polish
saka	酒	kanji	10	polish
sake	酒	kanji	10	polish
shu	酒	kanji	10	polish
saku	酢	kanji	10	polish
su	酢	kanji	10	polish
raku	酪	kanji	10	polish
kou	酵	kanji	10	polish
hido	酷	kanji	10	polish
koku	酷	kanji	10	polish
san	酸	kanji	10	polish
su	酸	kanji	10	polish
atsui	醇	kanji	10	polish
jun	醇	kanji	10	polish
koi	醇	kanji	10	polish
moppara	醇	kanji	10	polish
shun	醇	kanji	10	polish
sui	醉	kanji	10	polish
yo	醉	kanji	10	polish
dai	醍	kanji	10	polish
tai	醍	kanji	10	polish
tei	醍	kanji	10	polish
go	醐	kanji	10	polish
ko	醐	kanji	10	polish
sa	醒	kanji	10	polish
sei	醒	kanji	10	polish
hishio	醬	kanji	10	polish
shou	醬	kanji	10	polish
jou	釀	kanji	10	polish
kamo	釀	kanji	10	polish
irodori	采	kanji	10	polish
sai	采	kanji	10	polish
to	采	kanji	10	polish
uwagusuri	釉	kanji	10	polish
yuu	釉	kanji	10	polish
no	野	kanji	10	polish
sho	野	kanji	10	polish
ya	野	kanji	10	polish
fu	釜	kanji	10	polish
kama	釜	kanji	10	polish
hari	針	kanji	10	polish
shin	針	kanji	10	polish
chou	釣	kanji	10	polish
tsu	釣	kanji	10	polish
kushiro	釧	kanji	10	polish
sen	釧	kanji	10	polish
udewa	釧	kanji	10	polish
don	鈍	kanji	10	polish
nama	鈍	kanji	10	polish
namaku	鈍	kanji	10	polish
nibu	鈍	kanji	10	polish
rei	鈴	kanji	10	polish
rin	鈴	kanji	10	polish
suzu	鈴	kanji	10	polish
en	鉛	kanji	10	polish
namari	鉛	kanji	10	polish
juu	銃	kanji	10	polish
tsutsu	銃	kanji	10	polish
akagane	銅	kanji	10	polish
dou	銅	kanji	10	polish
sen	銑	kanji	10	polish
mei	銘	kanji	10	polish
hokosaki	鋒	kanji	10	polish
hou	鋒	kanji	10	polish
kissaki	鋒	kanji	10	polish
tokari	鋒	kanji	10	polish
ei	鋭	kanji	10	polish
surudo	鋭	kanji	10	polish
ko	鋸	kanji	10	polish
kyo	鋸	kanji	10	polish
noko	鋸	kanji	10	polish
nokogiri	鋸	kanji	10	polish
hagane	鋼	kanji	10	polish
kou	鋼	kanji	10	polish
roku	錄	kanji	10	polish
ryo	錄	kanji	10	polish
shirusu	錄	kanji	10	polish
kuwa	錆	kanji	10	polish
sabi	錆	kanji	10	polish
sei	錆	kanji	10	polish
shou	錆	kanji	10	polish
kiri	錐	kanji	10	polish
sui	錐	kanji	10	polish
omori	錘	kanji	10	polish
sui	錘	kanji	10	polish
tsumu	錘	kanji	10	polish
kin	錦	kanji	10	polish
nishiki	錦	kanji	10	polish
seki	錫	kanji	10	polish
shaku	錫	kanji	10	polish
suzu	錫	kanji	10	polish
tama	錫	kanji	10	polish
fusa	錮	kanji	10	polish
ko	錮	kanji	10	polish
saku	錯	kanji	10	polish
shaku	錯	kanji	10	polish
neru	鍊	kanji	10	polish
ren	鍊	kanji	10	polish
ka	鍋	kanji	10	polish
nabe	鍋	kanji	10	polish
kita	鍛	kanji	10	polish
tan	鍛	kanji	10	polish
kuwa	鍬	kanji	10	polish
shou	鍬	kanji	10	polish
shuu	鍬	kanji	10	polish
suki	鍬	kanji	10	polish
kama	鎌	kanji	10	polish
ken	鎌	kanji	10	polish
ren	鎌	kanji	10	polish
gai	鎧	kanji	10	polish
kai	鎧	kanji	10	polish
yoro	鎧	kanji	10	polish
yoroi	鎧	kanji	10	polish
chin	鎭	kanji	10	polish
osae	鎭	kanji	10	polish
shizu	鎭	kanji	10	polish
chin	鎮	kanji	10	polish
osae	鎮	kanji	10	polish
shizu	鎮	kanji	10	polish
kagami	鏡	kanji	10	polish
kei	鏡	kanji	10	polish
kyou	鏡	kanji	10	polish
kane	鐘	kanji	10	polish
shou	鐘	kanji	10	polish
chuu	鑄	kanji	10	polish
i	鑄	kanji	10	polish
shu	鑄	kanji	10	polish
shuu	鑄	kanji	10	polish
kagami	鑑	kanji	10	polish
kan	鑑	kanji	10	polish
kanga	鑑	kanji	10	polish
hirame	閃	kanji	10	polish
sen	閃	kanji	10	polish
ukaga	閃	kanji	10	polish
hei	閉	kanji	10	polish
shi	閉	kanji	10	polish
ta	閉	kanji	10	polish
to	閉	kanji	10	polish
jun	閏	kanji	10	polish
uruu	閏	kanji	10	polish
kan	閑	kanji	10	polish
ai	間	kanji	10	polish
aida	間	kanji	10	polish
kan	間	kanji	10	polish
ken	間	kanji	10	polish
ma	間	kanji	10	polish
kaku	閣	kanji	10	polish
kou	閤	kanji	10	polish
kugurido	閤	kanji	10	polish
batsu	閥	kanji	10	polish
etsu	閲	kanji	10	polish
kemi	閲	kanji	10	polish
an	闇	kanji	10	polish
kura	闇	kanji	10	polish
on	闇	kanji	10	polish
yami	闇	kanji	10	polish
fu	阜	kanji	10	polish
fuu	阜	kanji	10	polish
han	阪	kanji	10	polish
saka	阪	kanji	10	polish
haba	阻	kanji	10	polish
so	阻	kanji	10	polish
a	阿	kanji	10	polish
kuma	阿	kanji	10	polish
o	阿	kanji	10	polish
omone	阿	kanji	10	polish
chi	陀	kanji	10	polish
da	陀	kanji	10	polish
i	陀	kanji	10	polish
ji	陀	kanji	10	polish
kewa	陀	kanji	10	polish
naname	陀	kanji	10	polish
ta	陀	kanji	10	polish
fu	附	kanji	10	polish
tsu	附	kanji	10	polish
gen	限	kanji	10	polish
kagi	限	kanji	10	polish
hei	陛	kanji	10	polish
jin	陣	kanji	10	polish
ji	除	kanji	10	polish
jo	除	kanji	10	polish
nozo	除	kanji	10	polish
yo	除	kanji	10	polish
bai	陪	kanji	10	polish
in	陰	kanji	10	polish
kage	陰	kanji	10	polish
chin	陳	kanji	10	polish
hi	陳	kanji	10	polish
misasagi	陵	kanji	10	polish
ryou	陵	kanji	10	polish
sue	陶	kanji	10	polish
tou	陶	kanji	10	polish
kan	陷	kanji	10	polish
ochii	陷	kanji	10	polish
otoshii	陷	kanji	10	polish
oka	陸	kanji	10	polish
riku	陸	kanji	10	polish
roku	陸	kanji	10	polish
hi	陽	kanji	10	polish
you	陽	kanji	10	polish
guu	隅	kanji	10	polish
sumi	隅	kanji	10	polish
ryuu	隆	kanji	10	polish
e	隈	kanji	10	polish
kuma	隈	kanji	10	polish
sumi	隈	kanji	10	polish
wai	隈	kanji	10	polish
manima	随	kanji	10	polish
shitaga	随	kanji	10	polish
zui	随	kanji	10	polish
heda	隔	kanji	10	polish
kaku	隔	kanji	10	polish
geki	隙	kanji	10	polish
hima	隙	kanji	10	polish
keki	隙	kanji	10	polish
kyaku	隙	kanji	10	polish
su	隙	kanji	10	polish
suki	隙	kanji	10	polish
giwa	際	kanji	10	polish
kiwa	際	kanji	10	polish
sai	際	kanji	10	polish
sawa	障	kanji	10	polish
shou	障	kanji	10	polish
rin	隣	kanji	10	polish
tona	隣	kanji	10	polish
tonari	隣	kanji	10	polish
ken	險	kanji	10	polish
kewa	險	kanji	10	polish
seki	隻	kanji	10	polish
hayabusa	隼	kanji	10	polish
jun	隼	kanji	10	polish
shun	隼	kanji	10	polish
jaku	雀	kanji	10	polish
jan	雀	kanji	10	polish
saku	雀	kanji	10	polish
shaku	雀	kanji	10	polish
suzume	雀	kanji	10	polish
gan	雁	kanji	10	polish
kari	雁	kanji	10	polish
karigane	雁	kanji	10	polish
ga	雅	kanji	10	polish
miya	雅	kanji	10	polish
ko	雇	kanji	10	polish
yato	雇	kanji	10	polish
me	雌	kanji	10	polish
men	雌	kanji	10	polish
mesu	雌	kanji	10	polish
shi	雌	kanji	10	polish
maji	雑	kanji	10	polish
zatsu	雑	kanji	10	polish
zou	雑	kanji	10	polish
hina	雛	kanji	10	polish
hiyoko	雛	kanji	10	polish
ju	雛	kanji	10	polish
su	雛	kanji	10	polish
suu	雛	kanji	10	polish
maji	雜	kanji	10	polish
zatsu	雜	kanji	10	polish
zou	雜	kanji	10	polish
hana	離	kanji	10	polish
ri	離	kanji	10	polish
da	雫	kanji	10	polish
shizuku	雫	kanji	10	polish
fun	雰	kanji	10	polish
gumo	雲	kanji	10	polish
kumo	雲	kanji	10	polish
un	雲	kanji	10	polish
kobo	零	kanji	10	polish
rei	零	kanji	10	polish
zero	零	kanji	10	polish
ikaduchi	雷	kanji	10	polish
ikazuchi	雷	kanji	10	polish
kaminari	雷	kanji	10	polish
rai	雷	kanji	10	polish
ju	需	kanji	10	polish
ge	霞	kanji	10	polish
ka	霞	kanji	10	polish
kasu	霞	kanji	10	polish
kasumi	霞	kanji	10	polish
ro	露	kanji	10	polish
rou	露	kanji	10	polish
tsuyu	露	kanji	10	polish
jou	靖	kanji	10	polish
sei	靖	kanji	10	polish
yasu	靖	kanji	10	polish
jou	靜	kanji	10	polish
sei	靜	kanji	10	polish
shizu	靜	kanji	10	polish
ka	靴	kanji	10	polish
kutsu	靴	kanji	10	polish
byou	鞄	kanji	10	polish
haku	鞄	kanji	10	polish
hou	鞄	kanji	10	polish
kaban	鞄	kanji	10	polish
an	鞍	kanji	10	polish
kura	鞍	kanji	10	polish
saya	鞘	kanji	10	polish
shou	鞘	kanji	10	polish
sou	鞘	kanji	10	polish
kiku	鞠	kanji	10	polish
kyuu	鞠	kanji	10	polish
mari	鞠	kanji	10	polish
ben	鞭	kanji	10	polish
hen	鞭	kanji	10	polish
muchi	鞭	kanji	10	polish
muchiutsu	鞭	kanji	10	polish
igeta	韓	kanji	10	polish
kan	韓	kanji	10	polish
kara	韓	kanji	10	polish
in	韻	kanji	10	polish
chou	頂	kanji	10	polish
itada	頂	kanji	10	polish
itadaki	頂	kanji	10	polish
goro	頃	kanji	10	polish
kei	頃	kanji	10	polish
koro	頃	kanji	10	polish
kyou	頃	kanji	10	polish
shibara	頃	kanji	10	polish
kou	項	kanji	10	polish
unaji	項	kanji	10	polish
hige	須	kanji	10	polish
matsu	須	kanji	10	polish
mochi	須	kanji	10	polish
moto	須	kanji	10	polish
shu	須	kanji	10	polish
su	須	kanji	10	polish
subekara	須	kanji	10	polish
subeshi	須	kanji	10	polish
home	頌	kanji	10	polish
ju	頌	kanji	10	polish
katachi	頌	kanji	10	polish
shou	頌	kanji	10	polish
tata	頌	kanji	10	polish
you	頌	kanji	10	polish
azu	預	kanji	10	polish
yo	預	kanji	10	polish
gan	頑	kanji	10	polish
kataku	頑	kanji	10	polish
han	頒	kanji	10	polish
wa	頒	kanji	10	polish
niwaka	頓	kanji	10	polish
nukazuku	頓	kanji	10	polish
tomi	頓	kanji	10	polish
ton	頓	kanji	10	polish
totsu	頓	kanji	10	polish
tsumazu	頓	kanji	10	polish
ha	頗	kanji	10	polish
katayo	頗	kanji	10	polish
sukobu	頗	kanji	10	polish
eri	領	kanji	10	polish
ryou	領	kanji	10	polish
hoho	頰	kanji	10	polish
hoo	頰	kanji	10	polish
kyou	頰	kanji	10	polish
hin	頻	kanji	10	polish
shiki	頻	kanji	10	polish
gaku	額	kanji	10	polish
hitai	額	kanji	10	polish
agito	顎	kanji	10	polish
ago	顎	kanji	10	polish
gaku	顎	kanji	10	polish
itada	顚	kanji	10	polish
tao	顚	kanji	10	polish
ten	顚	kanji	10	polish
kaeri	顧	kanji	10	polish
ko	顧	kanji	10	polish
akiraka	顯	kanji	10	polish
arawa	顯	kanji	10	polish
ken	顯	kanji	10	polish
fu	風	kanji	10	polish
fuu	風	kanji	10	polish
kaza	風	kanji	10	polish
kaze	風	kanji	10	polish
satsu	颯	kanji	10	polish
sou	颯	kanji	10	polish
han	飜	kanji	10	polish
hirugae	飜	kanji	10	polish
hon	飜	kanji	10	polish
ki	飢	kanji	10	polish
u	飢	kanji	10	polish
han	飯	kanji	10	polish
meshi	飯	kanji	10	polish
a	飽	kanji	10	polish
hou	飽	kanji	10	polish
kaza	飾	kanji	10	polish
shoku	飾	kanji	10	polish
hei	餅	kanji	10	polish
hyou	餅	kanji	10	polish
mochi	餅	kanji	10	polish
mochii	餅	kanji	10	polish
e	餌	kanji	10	polish
eba	餌	kanji	10	polish
esa	餌	kanji	10	polish
ji	餌	kanji	10	polish
mochi	餌	kanji	10	polish
ni	餌	kanji	10	polish
ga	餓	kanji	10	polish
u	餓	kanji	10	polish
kyou	饗	kanji	10	polish
motena	饗	kanji	10	polish
u	饗	kanji	10	polish
kao	馨	kanji	10	polish
kaori	馨	kanji	10	polish
kei	馨	kanji	10	polish
kyou	馨	kanji	10	polish
chi	馳	kanji	10	polish
ha	馳	kanji	10	polish
ji	馳	kanji	10	polish
jun	馴	kanji	10	polish
kun	馴	kanji	10	polish
na	馴	kanji	10	polish
shitaga	馴	kanji	10	polish
shun	馴	kanji	10	polish
da	駄	kanji	10	polish
ta	駄	kanji	10	polish
ka	駈	kanji	10	polish
ku	駈	kanji	10	polish
chuu	駐	kanji	10	polish
koma	駒	kanji	10	polish
ku	駒	kanji	10	polish
ga	駕	kanji	10	polish
ka	駕	kanji	10	polish
kago	駕	kanji	10	polish
noru	駕	kanji	10	polish
shinogu	駕	kanji	10	polish
shun	駿	kanji	10	polish
sugu	駿	kanji	10	polish
sun	駿	kanji	10	polish
ki	騎	kanji	10	polish
aga	騰	kanji	10	polish
nobo	騰	kanji	10	polish
tou	騰	kanji	10	polish
sawa	騷	kanji	10	polish
sawaga	騷	kanji	10	polish
sou	騷	kanji	10	polish
urei	騷	kanji	10	polish
gyou	驍	kanji	10	polish
kyou	驍	kanji	10	polish
takeshi	驍	kanji	10	polish
tsuyo	驍	kanji	10	polish
akashi	驗	kanji	10	polish
gen	驗	kanji	10	polish
ken	驗	kanji	10	polish
shirushi	驗	kanji	10	polish
tame	驗	kanji	10	polish
tameshi	驗	kanji	10	polish
kyou	驚	kanji	10	polish
odoro	驚	kanji	10	polish
gai	骸	kanji	10	polish
kai	骸	kanji	10	polish
mukuro	骸	kanji	10	polish
hatsu	髮	kanji	10	polish
kami	髮	kanji	10	polish
fusa	鬱	kanji	10	polish
shige	鬱	kanji	10	polish
utsu	鬱	kanji	10	polish
ki	鬼	kanji	10	polish
oni	鬼	kanji	10	polish
kai	魁	kanji	10	polish
kashira	魁	kanji	10	polish
sakigake	魁	kanji	10	polish
mi	魅	kanji	10	polish
ma	魔	kanji	10	polish
oroka	魯	kanji	10	polish
ro	魯	kanji	10	polish
ayu	鮎	kanji	10	polish
den	鮎	kanji	10	polish
namazu	鮎	kanji	10	polish
nen	鮎	kanji	10	polish
aza	鮮	kanji	10	polish
sen	鮮	kanji	10	polish
koi	鯉	kanji	10	polish
ri	鯉	kanji	10	polish
chou	鯛	kanji	10	polish
tai	鯛	kanji	10	polish
gei	鯨	kanji	10	polish
kujira	鯨	kanji	10	polish
iwashi	鰯	kanji	10	polish
masu	鱒	kanji	10	polish
sen	鱒	kanji	10	polish
son	鱒	kanji	10	polish
zan	鱒	kanji	10	polish
koke	鱗	kanji	10	polish
kokera	鱗	kanji	10	polish
rin	鱗	kanji	10	polish
uroko	鱗	kanji	10	polish
atsu	鳩	kanji	10	polish
hato	鳩	kanji	10	polish
ku	鳩	kanji	10	polish
kyuu	鳩	kanji	10	polish
fuu	鳳	kanji	10	polish
hou	鳳	kanji	10	polish
en	鳶	kanji	10	polish
tobi	鳶	kanji	10	polish
tonbi	鳶	kanji	10	polish
ahiru	鴨	kanji	10	polish
kamo	鴨	kanji	10	polish
ou	鴨	kanji	10	polish
gou	鴻	kanji	10	polish
hishikui	鴻	kanji	10	polish
kou	鴻	kanji	10	polish
oogari	鴻	kanji	10	polish
ootori	鴻	kanji	10	polish
dai	鵜	kanji	10	polish
tei	鵜	kanji	10	polish
u	鵜	kanji	10	polish
hou	鵬	kanji	10	polish
ootori	鵬	kanji	10	polish
kaku	鶴	kanji	10	polish
tsuru	鶴	kanji	10	polish
kei	鷄	kanji	10	polish
niwatori	鷄	kanji	10	polish
tori	鷄	kanji	10	polish
kamome	鷗	kanji	10	polish
ou	鷗	kanji	10	polish
ju	鷲	kanji	10	polish
shuu	鷲	kanji	10	polish
washi	鷲	kanji	10	polish
ou	鷹	kanji	10	polish
taka	鷹	kanji	10	polish
you	鷹	kanji	10	polish
ro	鷺	kanji	10	polish
sagi	鷺	kanji	10	polish
ka	鹿	kanji	10	polish
roku	鹿	kanji	10	polish
shika	鹿	kanji	10	polish
ki	麒	kanji	10	polish
fumoto	麓	kanji	10	polish
roku	麓	kanji	10	polish
rei	麗	kanji	10	polish
ura	麗	kanji	10	polish
uruwa	麗	kanji	10	polish
rin	麟	kanji	10	polish
asa	麻	kanji	10	polish
ma	麻	kanji	10	polish
maa	麻	kanji	10	polish
maro	麿	kanji	10	polish
ki	黃	kanji	10	polish
kou	黃	kanji	10	polish
ou	黃	kanji	10	polish
kuro	黎	kanji	10	polish
rei	黎	kanji	10	polish
ri	黎	kanji	10	polish
koku	黑	kanji	10	polish
kuro	黑	kanji	10	polish
kuroi	黑	kanji	10	polish
boku	默	kanji	10	polish
da	默	kanji	10	polish
moda	默	kanji	10	polish
moku	默	kanji	10	polish
mayuzumi	黛	kanji	10	polish
tai	黛	kanji	10	polish
kanae	鼎	kanji	10	polish
tei	鼎	kanji	10	polish
ko	鼓	kanji	10	polish
tsudumi	鼓	kanji	10	polish
ataru	齊	kanji	10	polish
hayai	齊	kanji	10	polish
hito	齊	kanji	10	polish
sai	齊	kanji	10	polish
sei	齊	kanji	10	polish
soro	齊	kanji	10	polish
rou	龍	kanji	10	polish
ryou	龍	kanji	10	polish
ryuu	龍	kanji	10	polish
tatsu	龍	kanji	10	polish
hoga	朗	kanji	10	polish
rou	朗	kanji	10	polish
ryo	虜	kanji	10	polish
toriko	虜	kanji	10	polish
cho	猪	kanji	10	polish
i	猪	kanji	10	polish
inoshishi	猪	kanji	10	polish
jin	神	kanji	10	polish
kami	神	kanji	10	polish
kou	神	kanji	10	polish
shin	神	kanji	10	polish
tamashii	神	kanji	10	polish
saiwai	祥	kanji	10	polish
shou	祥	kanji	10	polish
fuku	福	kanji	10	polish
himorogi	福	kanji	10	polish
saiwai	福	kanji	10	polish
kore	諸	kanji	10	polish
moro	諸	kanji	10	polish
sho	諸	kanji	10	polish
miyako	都	kanji	10	polish
to	都	kanji	10	polish
tsu	都	kanji	10	polish
anado	侮	kanji	10	polish
bu	侮	kanji	10	polish
sou	僧	kanji	10	polish
ben	勉	kanji	10	polish
gon	勤	kanji	10	polish
kin	勤	kanji	10	polish
tsuto	勤	kanji	10	polish
hi	卑	kanji	10	polish
iya	卑	kanji	10	polish
nagekawashii	嘆	kanji	10	polish
nageku	嘆	kanji	10	polish
tan	嘆	kanji	10	polish
ki	器	kanji	10	polish
utsuwa	器	kanji	10	polish
boku	墨	kanji	10	polish
sumi	墨	kanji	10	polish
sou	層	kanji	10	polish
kai	悔	kanji	10	polish
ku	悔	kanji	10	polish
kuya	悔	kanji	10	polish
nikui	憎	kanji	10	polish
nikumu	憎	kanji	10	polish
nikurashii	憎	kanji	10	polish
nikushimi	憎	kanji	10	polish
zou	憎	kanji	10	polish
chou	懲	kanji	10	polish
korashimeru	懲	kanji	10	polish
korasu	懲	kanji	10	polish
koriru	懲	kanji	10	polish
bin	敏	kanji	10	polish
atsui	暑	kanji	10	polish
sho	暑	kanji	10	polish
bai	梅	kanji	10	polish
ume	梅	kanji	10	polish
kai	海	kanji	10	polish
umi	海	kanji	10	polish
nagisa	渚	kanji	10	polish
sho	渚	kanji	10	polish
kan	漢	kanji	10	polish
ni	煮	kanji	10	polish
sha	煮	kanji	10	polish
migaku	琢	kanji	10	polish
taku	琢	kanji	10	polish
hi	碑	kanji	10	polish
ishibumi	碑	kanji	10	polish
sha	社	kanji	10	polish
yashiro	社	kanji	10	polish
tsu	祉	kanji	10	polish
inoru	祈	kanji	10	polish
ki	祈	kanji	10	polish
tasuke	祐	kanji	10	polish
tasukeru	祐	kanji	10	polish
yuu	祐	kanji	10	polish
so	祖	kanji	10	polish
iwau	祝	kanji	10	polish
shuku	祝	kanji	10	polish
shuu	祝	kanji	10	polish
ka	禍	kanji	10	polish
maga	禍	kanji	10	polish
wazawai	禍	kanji	10	polish
saiwai	禎	kanji	10	polish
tei	禎	kanji	10	polish
koku	穀	kanji	10	polish
totsu	突	kanji	10	polish
tsuku	突	kanji	10	polish
fushi	節	kanji	10	polish
sechi	節	kanji	10	polish
setsu	節	kanji	10	polish
kou	練	kanji	10	polish
ne	練	kanji	10	polish
ren	練	kanji	10	polish
han	繁	kanji	10	polish
sho	署	kanji	10	polish
mono	者	kanji	10	polish
sha	者	kanji	10	polish
kusa	臭	kanji	10	polish
nio	臭	kanji	10	polish
shuu	臭	kanji	10	polish
arawasu	著	kanji	10	polish
cho	著	kanji	10	polish
ichijirushii	著	kanji	10	polish
shi	視	kanji	10	polish
etsu	謁	kanji	10	polish
kin	謹	kanji	10	polish
tsutsushimu	謹	kanji	10	polish
hin	賓	kanji	10	polish
oku	贈	kanji	10	polish
sou	贈	kanji	10	polish
zou	贈	kanji	10	polish
shinnyou	逸	kanji	10	polish
katai	難	kanji	10	polish
muzukashii	難	kanji	10	polish
nan	難	kanji	10	polish
hibi	響	kanji	10	polish
kyou	響	kanji	10	polish
ka	𠮟	kanji	10	polish
shichi	𠮟	kanji	10	polish
shika	𠮟	kanji	10	polish
shitsu	𠮟	kanji	10	polish
