# Corpus garbage interception filter — `(code, word)` pairs that
# must NOT enter `weights.tsv` when regenerating from upstream
# corpora.
#
# Purpose (long-term design call 2026-06-03 per user directive
# "我不认为我们的源码中还应该存在有别人来源命名的 corpus，导入过程
# 应该是落在'吸收'，在那时候就要做好去重、解决冲突以及拦截垃圾"):
# upstream corpora (jieba phrase tables, SUBTLEX, mozc, etc.) ship
# with noise that polish-log has flagged as wrong. Instead of
# letting that noise re-enter `weights.tsv` every time
# `pinyin-build-weights` regenerates from corpora, this file holds
# the running list of "we already judged this garbage, do not
# re-admit". The absorption pipeline (not yet wired) will consult
# this filter before writing a row.
#
# This file does NOT participate in the polish-rebuild chain — it
# is consumed only at full corpus regen time. Today, when a polish
# action does a D1 delete (remove the row from weights.tsv
# directly), we ALSO append a row here. The dual-record keeps the
# delete idempotent across future regens.
#
# Format:
#   <code>\t<word>\t<reason_date>[\t# longer note]
#
# Status: PLACEHOLDER 2026-06-03. The pinyin-build-weights wiring
# to consult this file is corpus-治理 phase work, scheduled for
# the next regen cycle. For now this is an audit log of D1
# decisions; populating it preserves the intent.

# 2026-06-03 user: "次贫 可意 不存在" — both jieba sub-word noise
# (literal char concat, not real Chinese words). Deleted from
# weights.tsv at commit `2a65806`.
cipin	次贫	2026-06-03
keyi	可意	2026-06-03

# 2026-06-03 D1 audit batch — 15 entries from exclusions_v1.tsv
# reclassified to D1 per user "处理 D1" directive. All character-
# concatenation noise from jieba sub-word extraction; no real
# Chinese word, no path benefits from keeping in dict.
xianzai	先在	2026-06-03
xianzai	先宰	2026-06-03
xianzai	先载	2026-06-03
zhege	这歌	2026-06-03
zhege	著各	2026-06-03
yige	一歌	2026-06-03
yige	翼各	2026-06-03
keyi	课以	2026-06-03
meiyou	魅友	2026-06-03
haishi	嗨氏	2026-06-03
kandao	砍到	2026-06-03	# 中信心 — jieba may have over-segmented 砍+到 verb-complement
kandao	刊到	2026-06-03
haiyou	嗨呦	2026-06-03	# 中信心 — interjection sub-word
suoyi	索移	2026-06-03
suoyi	所译	2026-06-03

# 2026-06-03 user: "mo 第三个万是哪来的" — 万 standard pinyin is "wan",
# corpus noise (legacy ingest absorbed via weighted merge, no per-row
# provenance to trace which upstream introduced it). freq 45834 was high
# enough to land at #2 in mo top-10. D1 delete + future-proof entry.
mo	万	2026-06-03

# 2026-06-03 user: "剑持 这不是个词" — character-by-character literal
# pinyin concat (剑 jiàn + 持 chí), not a real Chinese word. jieba/corpus
# noise. D1 delete from library.tsv + future-proof entry.
jianchi	剑持	2026-06-03

# 2026-06-04 user: "tuli 土里、图里、土利,埋在土里这时候土里才有点意义".
# 土里 / 图里 / 土粒 are jieba sub-word / forced concatenation noise —
# 土里 only meaningful in 埋在土里, 图里 only in compounds like
# 图里有, 土粒 is forced 土+粒 not a 词.  D1 delete from library.tsv.
# Real word 图利 (图谋利益) and 图例 (legend) kept.
tuli	土里	2026-06-04
tuli	图里	2026-06-04
tuli	土粒	2026-06-04

# 2026-06-05 user: "jianti 间体 不是个词". Standalone 间体 doesn't
# exist as a Chinese word — appears only as substring of compounds
# like 中间体 (chemistry: intermediate) / 空间体系 (spatial system),
# which are their own dict entries and unaffected by this delete.
# Classic jieba sub-word noise.
jianti	间体	2026-06-05

# 2026-06-06 user: "jiaozhu 叫朱 较著 椒猪 交住 这些都不算是中文词汇吧".
# All four are jieba 主词典 sub-word noise from the 24757-row pinyin
# legacy external ingest (digest_log.toml event 结巴中文分词词典
# 主词典 dict.txt). None standalone Chinese words:
#   叫朱  字字直拼 jiào+zhū
#   较著  古汉语残留, "更显著" 词缀感, 现代无独立用法
#   椒猪  字字直拼 jiāo+zhū
#   交住  字字直拼 jiāo+zhù (close to 抓住/接住 but not a real word)
# Real jiaozhu words preserved: 教主/叫住/浇筑/脚注/校注/浇铸.
jiaozhu	叫朱	2026-06-06
jiaozhu	较著	2026-06-06
jiaozhu	椒猪	2026-06-06
jiaozhu	交住	2026-06-06
# jianma 捡骂 — jieba sub-word noise (捡+骂 verb-verb concat, not a real word).
# User 2026-06-06: "捡骂 剑麻 不应该出现，他们不是词".
jianma	捡骂	2026-06-06

# 2026-06-06 systemic wubi 繁体 sweep — user "拼音[corrected→五笔]结果中有
# 很多繁体的结果，这肯定不是 nihongokanji 打出来的" → "詞要的不是沉，而是
# 不应该有，要打开繁体模式才能有" → "你系统解决吧".  Deleted every (code,
# trad_word) entry from wubi/library.tsv where opencc t2s(trad_word) !=
# trad_word AND the same code already has a simplified peer.  Orphan TRAD
# entries (no same-code simp peer, ~2953 of them) preserved — deleting
# them silently kills wubi lookup for those chars; wait for the 繁体-mode
# toggle feature before clearing those.
acbm	蕷	2026-06-06
admt	蕆	2026-06-06
admy	項	2026-06-06
afmi	貳	2026-06-06
agaj	荊	2026-06-06
ahkm	賾	2026-06-06
ahkm	頤	2026-06-06
ahtb	𪘯	2026-06-06
ajdc	驀	2026-06-06
akgq	覲	2026-06-06
akhm	匱	2026-06-06
akhm	蕢	2026-06-06
akkm	顴	2026-06-06
alpu	蓮	2026-06-06
alvv	匭	2026-06-06
amjj	萴	2026-06-06
amu	貢	2026-06-06
anml	勩	2026-06-06
anmu	貰	2026-06-06
aplj	葷	2026-06-06
aukf	蔄	2026-06-06
auwy	藺	2026-06-06
awgt	蘞	2026-06-06
awwq	覡	2026-06-06
axaf	葒	2026-06-06
axfu	葤	2026-06-06
axgn	蒓	2026-06-06
axjl	藴	2026-06-06
axqy	葯	2026-06-06
ayjn	藹	2026-06-06
bhic	騭	2026-06-06
bkhm	聵	2026-06-06
bkhm	隤	2026-06-06
bkmy	隕	2026-06-06
blh	陣	2026-06-06
cadw	騏	2026-06-06
cbci	驟	2026-06-06
cbdm	預	2026-06-06
cbn	馳	2026-06-06
cbtc	騖	2026-06-06
cbtm	䂎	2026-06-06
cccm	顙	2026-06-06
cckg	駘	2026-06-06
ccwt	駿	2026-06-06
ccy	馭	2026-06-06
ccyj	騷	2026-06-06
cdfa	𩣺	2026-06-06
cdjd	騑	2026-06-06
cdri	騵	2026-06-06
cdsk	騎	2026-06-06
cdwj	䮞	2026-06-06
cdy	馱	2026-06-06
cegg	駔	2026-06-06
cexd	騱	2026-06-06
cfhw	𩥄	2026-06-06
cfkg	𩢴	2026-06-06
cfsh	驦	2026-06-06
cgig	駓	2026-06-06
cgkj	𩤲	2026-06-06
cgkl	䮠	2026-06-06
cjg	馹	2026-06-06
cjgh	騠	2026-06-06
cjng	𩥑	2026-06-06
cjqn	騔	2026-06-06
cjsy	騍	2026-06-06
ckh	馴	2026-06-06
ckqy	駛	2026-06-06
cldy	駰	2026-06-06
cleg	𩤸	2026-06-06
clg	駟	2026-06-06
clxi	騾	2026-06-06
cmdy	駚	2026-06-06
cmfg	𩢡	2026-06-06
cmg	駎	2026-06-06
cmgk	駧	2026-06-06
cmgn	騁	2026-06-06
cmkg	駉	2026-06-06
cmu	貟	2026-06-06
cnae	𩥇	2026-06-06
cnbb	驏	2026-06-06
cnnk	駶	2026-06-06
cnwy	駃	2026-06-06
coqh	驎	2026-06-06
cpfi	騌	2026-06-06
cplh	䮝	2026-06-06
cpvg	𩣑	2026-06-06
cpxn	駝	2026-06-06
cqkg	駒	2026-06-06
cqqy	駁	2026-06-06
cqrm	騊	2026-06-06
cqyl	騮	2026-06-06
crwy	䭿	2026-06-06
csfi	驃	2026-06-06
ctey	𩢸	2026-06-06
ctfq	駪	2026-06-06
ctkg	駱	2026-06-06
ctln	驄	2026-06-06
ctol	䮳	2026-06-06
cuah	駢	2026-06-06
cuej	騚	2026-06-06
cuh	騂	2026-06-06
cuxw	驥	2026-06-06
cvfp	騝	2026-06-06
cvhc	騪	2026-06-06
cviy	騄	2026-06-06
cvln	𩧆	2026-06-06
cvpc	駸	2026-06-06
cwfy	駙	2026-06-06
cwgd	騤	2026-06-06
cwgg	駩	2026-06-06
cwgj	騟	2026-06-06
cwjh	𩡺	2026-06-06
cwty	駼	2026-06-06
cwyg	騅	2026-06-06
cygg	駐	2026-06-06
cyke	驤	2026-06-06
cyna	騙	2026-06-06
cynn	騸	2026-06-06
cynw	駭	2026-06-06
cyps	𩤙	2026-06-06
cyxy	䮄	2026-06-06
cyy	馼	2026-06-06
damy	碽	2026-06-06
ddmy	碩	2026-06-06
dece	鬖	2026-06-06
defm	𩯳	2026-06-06
dgmy	磧	2026-06-06
djdl	輩	2026-06-06
dlh	硨	2026-06-06
dlk	厙	2026-06-06
dmjk	厠	2026-06-06
dmu	頁	2026-06-06
dwwm	贋	2026-06-06
dwwm	贗	2026-06-06
eafm	膩	2026-06-06
edmv	嬃	2026-06-06
edmy	須	2026-06-06
efam	豶	2026-06-06
eplh	腪	2026-06-06
etfm	臢	2026-06-06
eudc	騰	2026-06-06
eudm	𩓣	2026-06-06
falk	載	2026-06-06
famu	賁	2026-06-06
fcdm	頍	2026-06-06
fdmm	顬	2026-06-06
fdmy	頇	2026-06-06
fhtm	趲	2026-06-06
fhwm	顛	2026-06-06
fjgq	覯	2026-06-06
fkdm	頡	2026-06-06
fkmy	塤	2026-06-06
fkum	𪔵	2026-06-06
fmy	垻	2026-06-06
fohm	赬	2026-06-06
fpgg	壼	2026-06-06
fpmn	慤	2026-06-06
fqdm	頑	2026-06-06
fwfl	輦	2026-06-06
fwwm	賫	2026-06-06
fyjn	靄	2026-06-06
gbnm	頓	2026-06-06
gdmy	頊	2026-06-06
gimy	瑣	2026-06-06
gkim	賴	2026-06-06
gkma	𩰹	2026-06-06
glpy	璉	2026-06-06
gmln	勣	2026-06-06
gmmv	瓔	2026-06-06
gmu	責	2026-06-06
gmyb	酈	2026-06-06
gmye	彲	2026-06-06
gmyp	邐	2026-06-06
gplh	琿	2026-06-06
gqjc	𩢾	2026-06-06
gqkm	殞	2026-06-06
gqkm	殨	2026-06-06
gqtc	驁	2026-06-06
gqtm	贅	2026-06-06
gqtr	殤	2026-06-06
gtfm	瓚	2026-06-06
haoq	覷	2026-06-06
haqt	䱷	2026-06-06
hcdm	頗	2026-06-06
hidf	顰	2026-06-06
hidm	頻	2026-06-06
hkhm	瞶	2026-06-06
hlrh	䁪	2026-06-06
hmu	貞	2026-06-06
hugg	瞤	2026-06-06
hxmu	貲	2026-06-06
iadm	頮	2026-06-06
icbm	澦	2026-06-06
idhc	灧	2026-06-06
ifam	濆	2026-06-06
igkm	瀨	2026-06-06
igmy	漬	2026-06-06
ihan	濾	2026-06-06
ihim	瀕	2026-06-06
ihmy	湞	2026-06-06
ijym	灝	2026-06-06
ikhm	潰	2026-06-06
ikmy	溳	2026-06-06
ilpy	漣	2026-06-06
ilrh	漸	2026-06-06
imjh	測	2026-06-06
imjr	瀃	2026-06-06
imy	浿	2026-06-06
ipkm	賞	2026-06-06
iplh	渾	2026-06-06
iqdm	頫	2026-06-06
iqmd	渙	2026-06-06
iqpl	輝	2026-06-06
iugg	潤	2026-06-06
iugi	瀾	2026-06-06
iujg	澗	2026-06-06
ivyh	澀	2026-06-06
iwgt	瀲	2026-06-06
ixwy	濰	2026-06-06
iytf	滸	2026-06-06
iyxj	𣿉	2026-06-06
jghh	韙	2026-06-06
jghm	題	2026-06-06
jkhp	𧔥	2026-06-06
jmhm	顒	2026-06-06
jngg	𣈶	2026-06-06
jplh	暉	2026-06-06
jplj	暈	2026-06-06
jsdm	顆	2026-06-06
juqm	蠀	2026-06-06
jyim	顥	2026-06-06
kamy	嗊	2026-06-06
kdmy	順	2026-06-06
kfam	噴	2026-06-06
kgmy	嘖	2026-06-06
khag	噓	2026-06-06
khay	躪	2026-06-06
khgm	貴	2026-06-06
khgp	遺	2026-06-06
khrm	躓	2026-06-06
khtm	躦	2026-06-06
khub	躑	2026-06-06
khui	躝	2026-06-06
khuj	𨅍	2026-06-06
kimy	嗩	2026-06-06
kkdk	囂	2026-06-06
kkfm	顎	2026-06-06
kmbh	鄖	2026-06-06
kmln	勛	2026-06-06
kmmv	嚶	2026-06-06
kmu	員	2026-06-06
kmy	唄	2026-06-06
kqmd	喚	2026-06-06
kunt	㘚	2026-06-06
kxqy	喲	2026-06-06
laag	軾	2026-06-06
labc	𨎮	2026-06-06
lafc	羈	2026-06-06
lbnn	輒	2026-06-06
lcbs	輮	2026-06-06
lccc	輟	2026-06-06
ldbn	軛	2026-06-06
ldg	軲	2026-06-06
ldwd	輳	2026-06-06
ldy	軑	2026-06-06
leg	𨊸	2026-06-06
lfh	軒	2026-06-06
lfke	轅	2026-06-06
lfoe	黲	2026-06-06
lgah	𨊻	2026-06-06
lgcf	輊	2026-06-06
lgey	輔	2026-06-06
lgkl	輻	2026-06-06
lgqn	軏	2026-06-06
liqn	輄	2026-06-06
ljlg	輼	2026-06-06
ljxx	輥	2026-06-06
lkbg	輯	2026-06-06
lkmi	圓	2026-06-06
lkmu	賀	2026-06-06
lkwy	軹	2026-06-06
lmcy	軗	2026-06-06
lmg	軸	2026-06-06
lmun	輞	2026-06-06
lnae	輾	2026-06-06
lnn	軋	2026-06-06
loqh	轔	2026-06-06
lpdk	轄	2026-06-06
lpdn	𨏥	2026-06-06
lpk	連	2026-06-06
lqan	軝	2026-06-06
lqwy	軟	2026-06-06
lrff	塹	2026-06-06
lrh	斬	2026-06-06
lrjf	暫	2026-06-06
lrqf	鏨	2026-06-06
lrsu	槧	2026-06-06
lrwy	軼	2026-06-06
lskg	軻	2026-06-06
ltey	輈	2026-06-06
ltkg	輅	2026-06-06
ltnn	𨊰	2026-06-06
ltuh	軤	2026-06-06
luep	䡵	2026-06-06
lug	𨋢	2026-06-06
luqy	較	2026-06-06
lusg	輶	2026-06-06
lvkg	軺	2026-06-06
lvlg	輜	2026-06-06
lvn	軌	2026-06-06
lvqn	輗	2026-06-06
lvyy	軔	2026-06-06
lwet	軫	2026-06-06
lwgg	輇	2026-06-06
lwgj	輸	2026-06-06
lyct	轍	2026-06-06
lyiy	輬	2026-06-06
lyjj	罰	2026-06-06
lynx	轆	2026-06-06
madt	賊	2026-06-06
mawq	覥	2026-06-06
mckg	貽	2026-06-06
mdeg	賄	2026-06-06
mdfe	賑	2026-06-06
mdlj	輋	2026-06-06
mdmm	顓	2026-06-06
mdmy	頔	2026-06-06
mdwj	賰	2026-06-06
mef	冑	2026-06-06
mfhm	巔	2026-06-06
mfiy	賕	2026-06-06
mftj	賭	2026-06-06
mftt	財	2026-06-06
mgah	賦	2026-06-06
mgef	賻	2026-06-06
mgeg	䝼	2026-06-06
mhce	幓	2026-06-06
mhgm	幘	2026-06-06
mhhm	幀	2026-06-06
mhkg	貼	2026-06-06
mhny	貝	2026-06-06
mjh	則	2026-06-06
mjhg	賵	2026-06-06
mjjg	𧶧	2026-06-06
mjqr	賜	2026-06-06
mkgg	𧶔	2026-06-06
mkkn	贃	2026-06-06
mkqn	貺	2026-06-06
mlrj	嶄	2026-06-06
mmaw	賟	2026-06-06
mmfk	賙	2026-06-06
mmmu	贔	2026-06-06
mmrm	罌	2026-06-06
mmvf	嬰	2026-06-06
mndg	䝻	2026-06-06
mooy	賧	2026-06-06
mqdy	贍	2026-06-06
mqqw	嶔	2026-06-06
mrcy	販	2026-06-06
mtdh	峯	2026-06-06
mtkg	賂	2026-06-06
mtpy	貶	2026-06-06
mty	敗	2026-06-06
mukg	賠	2026-06-06
mulj	贈	2026-06-06
muvo	賺	2026-06-06
mwfi	賒	2026-06-06
mynw	賅	2026-06-06
nfam	憤	2026-06-06
ngkm	懶	2026-06-06
nkhm	憒	2026-06-06
nlrh	慚	2026-06-06
nmi	屓	2026-06-06
nmjh	惻	2026-06-06
nplh	惲	2026-06-06
nplj	翬	2026-06-06
nuyy	憫	2026-06-06
nxfm	慣	2026-06-06
odmy	煩	2026-06-06
ofwm	㸇	2026-06-06
okmy	熉	2026-06-06
oodm	顃	2026-06-06
oqmd	煥	2026-06-06
ouny	燜	2026-06-06
ouwy	熌	2026-06-06
oxim	纇	2026-06-06
pfjc	騫	2026-06-06
pfjm	賽	2026-06-06
plbh	鄆	2026-06-06
plhc	皸	2026-06-06
plj	軍	2026-06-06
ptkm	額	2026-06-06
pugm	襀	2026-06-06
pugm	襰	2026-06-06
pukm	䙡	2026-06-06
pulp	褳	2026-06-06
pupl	褌	2026-06-06
putd	襖	2026-06-06
puui	襴	2026-06-06
puuj	襇	2026-06-06
puyl	褲	2026-06-06
pwaj	𥨐	2026-06-06
pwfq	窺	2026-06-06
pyhm	禎	2026-06-06
qadk	鍩	2026-06-06
qadw	錤	2026-06-06
qafg	鉗	2026-06-06
qafj	鐯	2026-06-06
qahb	鋣	2026-06-06
qahc	𩣏	2026-06-06
qaht	釾	2026-06-06
qajd	鏌	2026-06-06
qajg	錯	2026-06-06
qakg	鉕	2026-06-06
qalg	錨	2026-06-06
qamd	鍈	2026-06-06
qamw	鐄	2026-06-06
qant	鉞	2026-06-06
qany	鋱	2026-06-06
qawc	鑊	2026-06-06
qawk	鎝	2026-06-06
qawy	鉷	2026-06-06
qay	釴	2026-06-06
qayn	鋩	2026-06-06
qbg	鉺	2026-06-06
qbh	釕	2026-06-06
qblg	錳	2026-06-06
qbmh	鈯	2026-06-06
qbsk	錒	2026-06-06
qcbk	鐍	2026-06-06
qcn	鈀	2026-06-06
qcyy	釵	2026-06-06
qdbm	頠	2026-06-06
qdcy	鈸	2026-06-06
qdeg	銪	2026-06-06
qdfa	錛	2026-06-06
qdg	鈷	2026-06-06
qdhd	鍥	2026-06-06
qdhv	鏏	2026-06-06
qdmh	鈽	2026-06-06
qdnt	鋮	2026-06-06
qdsk	錡	2026-06-06
qdtb	𨧜	2026-06-06
qdui	鐐	2026-06-06
qduw	鐝	2026-06-06
qdyy	鈦	2026-06-06
qefc	鍰	2026-06-06
qefy	鋝	2026-06-06
qeg	鈅	2026-06-06
qegl	鋤	2026-06-06
qet	釤	2026-06-06
qeyy	鈒	2026-06-06
qffg	銈	2026-06-06
qfg	釷	2026-06-06
qfh	針	2026-06-06
qfhw	鎮	2026-06-06
qfiy	銶	2026-06-06
qfkk	𨭎	2026-06-06
qflg	鐳	2026-06-06
qftj	鍺	2026-06-06
qftn	銬	2026-06-06
qftx	銠	2026-06-06
qfwt	錂	2026-06-06
qfwy	鈇	2026-06-06
qgah	鈃	2026-06-06
qgaj	鉶	2026-06-06
qgbn	鈍	2026-06-06
qgcf	銍	2026-06-06
qgef	鎛	2026-06-06
qgeg	錆	2026-06-06
qgey	鋪	2026-06-06
qghg	鉦	2026-06-06
qghn	鈣	2026-06-06
qgiy	鈈	2026-06-06
qgkg	鋙	2026-06-06
qgkh	鎘	2026-06-06
qgki	鋉	2026-06-06
qgkw	鏉	2026-06-06
qgxg	𨥛	2026-06-06
qgyy	鈺	2026-06-06
qhcy	鈹	2026-06-06
qhg	鉬	2026-06-06
qhkg	鉆	2026-06-06
qhy	釙	2026-06-06
qieg	銷	2026-06-06
qihc	𨨏	2026-06-06
qimy	鎖	2026-06-06
qipf	鏜	2026-06-06
qipq	鎲	2026-06-06
qiqn	銚	2026-06-06
qitt	鈔	2026-06-06
qjfg	鋰	2026-06-06
qjgf	鍀	2026-06-06
qjgg	鉭	2026-06-06
qjh	釗	2026-06-06
qjhh	鉮	2026-06-06
qjjg	錩	2026-06-06
qjlc	鏝	2026-06-06
qjqr	錫	2026-06-06
qjsy	錁	2026-06-06
qjxx	錕	2026-06-06
qkeg	鋗	2026-06-06
qkgg	鋥	2026-06-06
qkh	釧	2026-06-06
qkhh	鈡	2026-06-06
qkkg	鋁	2026-06-06
qkkn	鍔	2026-06-06
qkmh	銱	2026-06-06
qldg	錮	2026-06-06
qldy	銦	2026-06-06
qlfo	𨭆	2026-06-06
qlg	鈿	2026-06-06
qlge	鐶	2026-06-06
qlh	鉀	2026-06-06
qlny	鍶	2026-06-06
qlpy	鏈	2026-06-06
qlqj	鐲	2026-06-06
qlxi	鏍	2026-06-06
qmcy	鈠	2026-06-06
qmee	鏰	2026-06-06
qmg	鈾	2026-06-06
qmgk	銅	2026-06-06
qmjh	鍘	2026-06-06
qmkg	鉛	2026-06-06
qmu	負	2026-06-06
qmwy	鈉	2026-06-06
qmy	鋇	2026-06-06
qmyy	釩	2026-06-06
qnbm	𨧱	2026-06-06
qndg	鋸	2026-06-06
qnfg	鈕	2026-06-06
qnfy	𨫒	2026-06-06
qng	𨦫	2026-06-06
qnhg	鎇	2026-06-06
qnn	釓	2026-06-06
qnn	釔	2026-06-06
qnnk	鋦	2026-06-06
qntt	鉍	2026-06-06
qnwe	鏐	2026-06-06
qnxn	鈮	2026-06-06
qogy	鏷	2026-06-06
qooy	錟	2026-06-06
qoqh	鏻	2026-06-06
qoy	鈥	2026-06-06
qpdc	鋐	2026-06-06
qpey	鎵	2026-06-06
qpgh	錠	2026-06-06
qpvg	銨	2026-06-06
qpwi	鑔	2026-06-06
qpwk	鎔	2026-06-06
qpxn	鉈	2026-06-06
qqcn	銫	2026-06-06
qqcy	鈎	2026-06-06
qqeh	𨮂	2026-06-06
qqkg	銘	2026-06-06
qqky	鑱	2026-06-06
qqnn	鉋	2026-06-06
qqrn	鍃	2026-06-06
qqtb	鉚	2026-06-06
qqug	鈞	2026-06-06
qqvh	錚	2026-06-06
qqwy	欽	2026-06-06
qqyl	鎦	2026-06-06
qqyy	釣	2026-06-06
qrcy	鈑	2026-06-06
qrcy	鈲	2026-06-06
qrg	鉑	2026-06-06
qrgg	鍠	2026-06-06
qrh	釿	2026-06-06
qriy	銖	2026-06-06
qrmh	錦	2026-06-06
qrqw	鍁	2026-06-06
qsfg	𨧀	2026-06-06
qsfi	鏢	2026-06-06
qsgg	鉢	2026-06-06
qsh	釘	2026-06-06
qsjh	鐔	2026-06-06
qskg	鈳	2026-06-06
qsyy	鉥	2026-06-06
qtbi	猻	2026-06-06
qtdg	銛	2026-06-06
qtdh	鋒	2026-06-06
qten	銹	2026-06-06
qtfc	銩	2026-06-06
qtfh	釺	2026-06-06
qtfk	鋯	2026-06-06
qtfp	鋌	2026-06-06
qtfq	銑	2026-06-06
qtfv	鍤	2026-06-06
qtgf	錘	2026-06-06
qtgm	獺	2026-06-06
qths	鎳	2026-06-06
qtkg	鉻	2026-06-06
qtmt	䥩	2026-06-06
qtmy	狽	2026-06-06
qtnn	釳	2026-06-06
qtol	鐇	2026-06-06
qtoy	鍬	2026-06-06
qtps	獰	2026-06-06
qtrt	鋨	2026-06-06
qtyd	獄	2026-06-06
qudb	錈	2026-06-06
qudk	鐥	2026-06-06
quep	鐩	2026-06-06
qufh	鈄	2026-06-06
quga	鐦	2026-06-06
qugd	鎂	2026-06-06
qugi	鑭	2026-06-06
quh	鋅	2026-06-06
qujg	鐧	2026-06-06
qujn	鐿	2026-06-06
qujq	鏡	2026-06-06
qukg	錇	2026-06-06
qukq	鋭	2026-06-06
qumd	鏑	2026-06-06
qumt	䥕	2026-06-06
quoj	鐠	2026-06-06
qupy	鎊	2026-06-06
quqy	鉸	2026-06-06
qusf	鐏	2026-06-06
quwl	鎰	2026-06-06
quxt	銻	2026-06-06
quxx	鎡	2026-06-06
qvey	銀	2026-06-06
qvfp	鍵	2026-06-06
qvg	釹	2026-06-06
qvhc	鎪	2026-06-06
qvkg	鉊	2026-06-06
qvkg	銣	2026-06-06
qvlg	錙	2026-06-06
qvln	鑞	2026-06-06
qvpc	鋟	2026-06-06
qwcn	鎓	2026-06-06
qwdc	鍛	2026-06-06
qwet	鉁	2026-06-06
qwgg	銓	2026-06-06
qwgj	鍮	2026-06-06
qwgk	鉿	2026-06-06
qwgr	鎿	2026-06-06
qwgu	鐙	2026-06-06
qwnd	鍭	2026-06-06
qwwf	銼	2026-06-06
qwxn	鈋	2026-06-06
qwyc	鈴	2026-06-06
qwye	鎸	2026-06-06
qwyg	錐	2026-06-06
qwyn	鈐	2026-06-06
qwyo	鐎	2026-06-06
qxfm	鏆	2026-06-06
qxgu	鉧	2026-06-06
qxjm	鐨	2026-06-06
qxkj	鏹	2026-06-06
qxxr	鍇	2026-06-06
qyac	鍍	2026-06-06
qybg	錞	2026-06-06
qybt	鐓	2026-06-06
qycq	銃	2026-06-06
qycq	鋶	2026-06-06
qyey	銥	2026-06-06
qyey	鎄	2026-06-06
qyiy	鍄	2026-06-06
qyke	鑲	2026-06-06
qymh	鈰	2026-06-06
qymk	鎬	2026-06-06
qymn	鈧	2026-06-06
qyn	鈁	2026-06-06
qynn	䥇	2026-06-06
qyno	鑣	2026-06-06
qytd	鏃	2026-06-06
qyuo	鐮	2026-06-06
qyvb	鎯	2026-06-06
qyve	鋃	2026-06-06
qyvh	鏞	2026-06-06
qyvm	貿	2026-06-06
qyxy	鉉	2026-06-06
rdmy	頎	2026-06-06
rfkm	擷	2026-06-06
rfwl	攆	2026-06-06
rgmy	皟	2026-06-06
rhal	擄	2026-06-06
rhan	攄	2026-06-06
rkmy	損	2026-06-06
rmmv	攖	2026-06-06
rngg	揯	2026-06-06
rngg	氬	2026-06-06
rplh	揮	2026-06-06
rqcl	𩴵	2026-06-06
rqmd	換	2026-06-06
rqqw	撳	2026-06-06
rtfm	攢	2026-06-06
rutk	擱	2026-06-06
rxfm	摜	2026-06-06
sbde	橢	2026-06-06
sdmy	頂	2026-06-06
sgkm	𨣈	2026-06-06
sgye	釀	2026-06-06
shmy	楨	2026-06-06
slpy	槤	2026-06-06
smmv	櫻	2026-06-06
smu	賈	2026-06-06
sqsc	樧	2026-06-06
sqve	檭	2026-06-06
ssfm	䫴	2026-06-06
ssmy	檟	2026-06-06
sukg	𣙎	2026-06-06
sukk	櫚	2026-06-06
sxxe	櫞	2026-06-06
syfj	櫧	2026-06-06
tamu	篢	2026-06-06
tfne	𣯶	2026-06-06
tfnf	𣯴	2026-06-06
tfnj	氌	2026-06-06
tfpm	頲	2026-06-06
tfqb	酇	2026-06-06
tfqm	贊	2026-06-06
tgkm	籟	2026-06-06
tgmu	簀	2026-06-06
tkhm	簣	2026-06-06
tkhm	𥢢	2026-06-06
tkmu	篔	2026-06-06
tmdm	頽	2026-06-06
tqfh	銜	2026-06-06
tujf	簡	2026-06-06
uakg	閾	2026-06-06
uawk	𨶀	2026-06-06
ubd	聞	2026-06-06
ubd	𨳕	2026-06-06
uciu	㵗	2026-06-06
udci	閎	2026-06-06
udd	閆	2026-06-06
udjn	閹	2026-06-06
uepc	閿	2026-06-06
ufcl	闔	2026-06-06
uffd	閨	2026-06-06
ufhm	癲	2026-06-06
ufhw	闐	2026-06-06
ufk	閈	2026-06-06
ufpu	𨶮	2026-06-06
ufte	閉	2026-06-06
uftj	闍	2026-06-06
ugcf	𨴗	2026-06-06
ugd	閂	2026-06-06
ugd	閏	2026-06-06
ugkl	𨵩	2026-06-06
ugkm	癩	2026-06-06
ugli	闌	2026-06-06
uhdi	闃	2026-06-06
uitd	闊	2026-06-06
uiy	𡮉	2026-06-06
ujd	間	2026-06-06
uji	閩	2026-06-06
ujjd	閶	2026-06-06
ujnd	闒	2026-06-06
ujtm	贛	2026-06-06
ujtn	戇	2026-06-06
ukd	問	2026-06-06
ukhm	闠	2026-06-06
ukkd	閭	2026-06-06
ukmi	𤸫	2026-06-06
ulge	闤	2026-06-06
ulk	閘	2026-06-06
ulsi	閫	2026-06-06
ummv	癭	2026-06-06
unbt	闞	2026-06-06
uni	悶	2026-06-06
uqaj	閽	2026-06-06
uqmd	瘓	2026-06-06
uqvd	閻	2026-06-06
uqvh	䦛	2026-06-06
uqwm	資	2026-06-06
urmw	𨶏	2026-06-06
usfd	闉	2026-06-06
usi	閑	2026-06-06
utem	顔	2026-06-06
utfn	閐	2026-06-06
uths	闑	2026-06-06
utkd	閣	2026-06-06
utmm	㿗	2026-06-06
uubw	闕	2026-06-06
uukq	閲	2026-06-06
uvei	䦘	2026-06-06
uwae	閥	2026-06-06
uwga	𨷲	2026-06-06
uwgd	闋	2026-06-06
uwgq	𨵸	2026-06-06
uwi	閃	2026-06-06
uwwf	䦟	2026-06-06
uwyo	𨶲	2026-06-06
uyd	誾	2026-06-06
uyi	閔	2026-06-06
uymv	閌	2026-06-06
uynv	𨳑	2026-06-06
uynw	閡	2026-06-06
uyuh	辯	2026-06-06
uyv	閍	2026-06-06
uyve	閬	2026-06-06
uywu	閼	2026-06-06
vkmy	㜏	2026-06-06
vnuv	鼴	2026-06-06
vqmd	𡞵	2026-06-06
vtkd	羣	2026-06-06
vtkm	頵	2026-06-06
vujg	𡢃	2026-06-06
vusy	嫻	2026-06-06
wamu	貸	2026-06-06
wcdm	頌	2026-06-06
wdmy	㑯	2026-06-06
wfal	儎	2026-06-06
wfam	僨	2026-06-06
wgeq	覦	2026-06-06
wgkm	頜	2026-06-06
wgmy	債	2026-06-06
whmy	偵	2026-06-06
whte	脩	2026-06-06
wlh	俥	2026-06-06
wmjh	側	2026-06-06
wtfm	賃	2026-06-06
wvdm	頒	2026-06-06
wvmu	貧	2026-06-06
wxdm	傾	2026-06-06
wxmu	貨	2026-06-06
wycm	領	2026-06-06
wyfj	儲	2026-06-06
wynm	貪	2026-06-06
wynm	頷	2026-06-06
wyyy	讎	2026-06-06
xadd	𦃄	2026-06-06
xadt	絨	2026-06-06
xafg	紺	2026-06-06
xafh	緙	2026-06-06
xag	紅	2026-06-06
xamd	緓	2026-06-06
xann	紲	2026-06-06
xawk	䌋	2026-06-06
xbg	䋙	2026-06-06
xbmh	絀	2026-06-06
xcbh	紓	2026-06-06
xccc	綴	2026-06-06
xckg	紿	2026-06-06
xcks	𦂅	2026-06-06
xdcy	紘	2026-06-06
xdcy	紱	2026-06-06
xdff	縟	2026-06-06
xdfn	絝	2026-06-06
xdgt	緘	2026-06-06
xdht	縬	2026-06-06
xdjd	緋	2026-06-06
xdmd	緬	2026-06-06
xdmy	頃	2026-06-06
xdsk	綺	2026-06-06
xdtb	綁	2026-06-06
xdui	繚	2026-06-06
xean	䌥	2026-06-06
xeeg	綳	2026-06-06
xefc	緩	2026-06-06
xegg	組	2026-06-06
xepc	綬	2026-06-06
xevg	綏	2026-06-06
xeyy	級	2026-06-06
xfcy	紜	2026-06-06
xfdj	繻	2026-06-06
xfhw	縝	2026-06-06
xfim	頴	2026-06-06
xfkg	結	2026-06-06
xfkm	纈	2026-06-06
xfmf	䋻	2026-06-06
xfmu	貫	2026-06-06
xftj	緒	2026-06-06
xftt	䊷	2026-06-06
xfwt	綾	2026-06-06
xfy	紂	2026-06-06
xgbn	純	2026-06-06
xgcf	絰	2026-06-06
xgef	縛	2026-06-06
xgeg	綪	2026-06-06
xgfh	紆	2026-06-06
xgjq	綆	2026-06-06
xgki	綀	2026-06-06
xgkl	䋹	2026-06-06
xglg	繮	2026-06-06
xgmy	績	2026-06-06
xgoj	縉	2026-06-06
xhit	緲	2026-06-06
xhjh	綽	2026-06-06
xidm	潁	2026-06-06
xieg	綃	2026-06-06
ximk	緔	2026-06-06
xitt	紗	2026-06-06
xjbc	繓	2026-06-06
xjgh	緹	2026-06-06
xjhh	紳	2026-06-06
xjlc	縵	2026-06-06
xjlg	緼	2026-06-06
xjmu	費	2026-06-06
xjng	䌈	2026-06-06
xjxx	緄	2026-06-06
xkbg	緝	2026-06-06
xkeg	絹	2026-06-06
xkh	紃	2026-06-06
xkhm	繢	2026-06-06
xkhp	繾	2026-06-06
xkks	繰	2026-06-06
xldy	絪	2026-06-06
xlff	纆	2026-06-06
xlg	細	2026-06-06
xlge	䋿	2026-06-06
xlge	繯	2026-06-06
xlny	緦	2026-06-06
xlpy	縺	2026-06-06
xlxi	縲	2026-06-06
xlxk	轡	2026-06-06
xmeg	縎	2026-06-06
xmfk	綢	2026-06-06
xmg	紬	2026-06-06
xmkg	絅	2026-06-06
xmmv	纓	2026-06-06
xmwy	納	2026-06-06
xnaj	緡	2026-06-06
xnfg	紐	2026-06-06
xng	䋚	2026-06-06
xnhh	糾	2026-06-06
xnku	䌟	2026-06-06
xnn	紀	2026-06-06
xnnw	繏	2026-06-06
xnwe	繆	2026-06-06
xodm	熲	2026-06-06
xpfi	綜	2026-06-06
xpfq	綄	2026-06-06
xpgh	綻	2026-06-06
xpgw	縯	2026-06-06
xplh	緷	2026-06-06
xpnn	綰	2026-06-06
xpqn	紞	2026-06-06
xpwj	縮	2026-06-06
xqaj	緍	2026-06-06
xqan	紙	2026-06-06
xqcn	絶	2026-06-06
xqdh	絺	2026-06-06
xqjg	絢	2026-06-06
xqrm	綯	2026-06-06
xqyy	約	2026-06-06
xrmh	綿	2026-06-06
xryt	繳	2026-06-06
xryy	𥿊	2026-06-06
xsfg	緸	2026-06-06
xsfi	縹	2026-06-06
xsgg	綇	2026-06-06
xshg	緗	2026-06-06
xssi	䌝	2026-06-06
xssy	綝	2026-06-06
xtah	絳	2026-06-06
xtdm	穎	2026-06-06
xtdp	縫	2026-06-06
xten	綉	2026-06-06
xtfg	紝	2026-06-06
xtfh	絎	2026-06-06
xtfm	纘	2026-06-06
xtfp	綎	2026-06-06
xtgf	綞	2026-06-06
xtgo	纁	2026-06-06
xthk	綹	2026-06-06
xthp	綖	2026-06-06
xtkg	絡	2026-06-06
xtnn	紇	2026-06-06
xtuy	終	2026-06-06
xudb	綣	2026-06-06
xudk	繕	2026-06-06
xuep	繸	2026-06-06
xufh	絆	2026-06-06
xujn	繶	2026-06-06
xukq	綐	2026-06-06
xulj	繒	2026-06-06
xuph	締	2026-06-06
xuqy	絞	2026-06-06
xuvo	縑	2026-06-06
xuwl	縊	2026-06-06
xuxt	綈	2026-06-06
xviy	緑	2026-06-06
xvjs	繅	2026-06-06
xvkg	紹	2026-06-06
xvlg	緇	2026-06-06
xvyy	紈	2026-06-06
xvyy	紉	2026-06-06
xwdc	緞	2026-06-06
xwgj	緰	2026-06-06
xwgk	給	2026-06-06
xwgq	緶	2026-06-06
xwnd	緱	2026-06-06
xwnp	縋	2026-06-06
xwvn	紛	2026-06-06
xwwk	綌	2026-06-06
xwyg	維	2026-06-06
xwys	䌖	2026-06-06
xxey	緣	2026-06-06
xxhh	紖	2026-06-06
xxjh	紼	2026-06-06
xxxn	紕	2026-06-06
xybc	縭	2026-06-06
xybg	綧	2026-06-06
xycq	統	2026-06-06
xyiy	綡	2026-06-06
xyjf	纏	2026-06-06
xyke	縗	2026-06-06
xyke	纕	2026-06-06
xymk	縞	2026-06-06
xyn	紡	2026-06-06
xyna	編	2026-06-06
xyxy	絃	2026-06-06
xyy	紋	2026-06-06
yaag	試	2026-06-06
yaah	誡	2026-06-06
yadk	諾	2026-06-06
yadn	諶	2026-06-06
yafs	謀	2026-06-06
yag	訌	2026-06-06
yagg	誆	2026-06-06
yaht	訝	2026-06-06
yajd	謨	2026-06-06
yakg	謹	2026-06-06
yang	詎	2026-06-06
yans	諜	2026-06-06
yaqj	譖	2026-06-06
yauo	讌	2026-06-06
yaww	誣	2026-06-06
yayq	謊	2026-06-06
ybcy	諏	2026-06-06
ybmh	詘	2026-06-06
ycbk	譎	2026-06-06
yceh	誦	2026-06-06
yckg	詒	2026-06-06
yctd	誒	2026-06-06
ydg	詁	2026-06-06
ydgt	諴	2026-06-06
ydiy	誄	2026-06-06
ydjd	誹	2026-06-06
ydnt	誠	2026-06-06
ydoy	詼	2026-06-06
yefc	諼	2026-06-06
yegg	詛	2026-06-06
yerm	謡	2026-06-06
yeyy	諑	2026-06-06
yffg	詿	2026-06-06
yffy	詩	2026-06-06
yfh	計	2026-06-06
yfh	訐	2026-06-06
yfkg	詰	2026-06-06
yftj	諸	2026-06-06
yfy	討	2026-06-06
ygam	贇	2026-06-06
ygeg	請	2026-06-06
ygfh	訏	2026-06-06
yghg	証	2026-06-06
ygjn	譓	2026-06-06
ygkg	語	2026-06-06
ygli	諫	2026-06-06
yguh	評	2026-06-06
yhag	謔	2026-06-06
yhcy	詖	2026-06-06
yhkg	詀	2026-06-06
yhy	訃	2026-06-06
yieg	誚	2026-06-06
yjgh	諟	2026-06-06
yjgp	𧩙	2026-06-06
yjjh	劑	2026-06-06
yjlc	謾	2026-06-06
yjqn	謁	2026-06-06
yjsy	課	2026-06-06
ykgd	誤	2026-06-06
ykh	訓	2026-06-06
ykhp	譴	2026-06-06
ykkn	諤	2026-06-06
yleg	謂	2026-06-06
ylge	譞	2026-06-06
ylk	庫	2026-06-06
ylkm	顫	2026-06-06
ylwt	謖	2026-06-06
ymcy	設	2026-06-06
ymdm	頏	2026-06-06
ymfk	調	2026-06-06
ymgk	詷	2026-06-06
ymh	訕	2026-06-06
ymkg	詗	2026-06-06
ymwy	訥	2026-06-06
ynfh	訊	2026-06-06
yng	詡	2026-06-06
yngk	詞	2026-06-06
ynhe	諝	2026-06-06
ynky	贏	2026-06-06
ynn	記	2026-06-06
yntl	謐	2026-06-06
yntm	頦	2026-06-06
ynwe	謬	2026-06-06
ynwy	訣	2026-06-06
yooy	談	2026-06-06
yopy	謎	2026-06-06
ypeg	誼	2026-06-06
yplh	諢	2026-06-06
ypta	詫	2026-06-06
yqay	詆	2026-06-06
yqbh	訩	2026-06-06
yqdb	詭	2026-06-06
yqdy	譫	2026-06-06
yqjg	詢	2026-06-06
yqqw	廞	2026-06-06
yqtg	誑	2026-06-06
yqvg	諂	2026-06-06
yqvh	諍	2026-06-06
yrgk	詬	2026-06-06
yrh	訢	2026-06-06
yriy	誅	2026-06-06
yryy	訴	2026-06-06
ysfg	諲	2026-06-06
ysh	訂	2026-06-06
ysjh	譚	2026-06-06
yskg	訶	2026-06-06
ytdg	話	2026-06-06
yten	誘	2026-06-06
ytfh	許	2026-06-06
ytfk	誥	2026-06-06
ytfq	詵	2026-06-06
ythf	詐	2026-06-06
ythp	誕	2026-06-06
ytmf	謝	2026-06-06
ytnn	訖	2026-06-06
ytvg	諉	2026-06-06
ytxu	誨	2026-06-06
yudh	詳	2026-06-06
yuev	謭	2026-06-06
yugi	斕	2026-06-06
yugi	讕	2026-06-06
yujg	諳	2026-06-06
yukq	説	2026-06-06
yumd	謫	2026-06-06
yuoj	譜	2026-06-06
yuph	諦	2026-06-06
yupy	謗	2026-06-06
yute	諺	2026-06-06
yuvo	謙	2026-06-06
yuwl	謚	2026-06-06
yvey	詪	2026-06-06
yvhc	謏	2026-06-06
yvkg	詔	2026-06-06
yvwm	賡	2026-06-06
yvwy	諛	2026-06-06
yvyh	䜀	2026-06-06
yvyy	訒	2026-06-06
ywcy	訟	2026-06-06
ywet	診	2026-06-06
ywgg	詮	2026-06-06
ywgj	諭	2026-06-06
ywwg	讖	2026-06-06
ywxn	訛	2026-06-06
ywyg	誰	2026-06-06
ywyn	諗	2026-06-06
ywyo	譙	2026-06-06
yxdm	廎	2026-06-06
yxjg	詣	2026-06-06
yxxr	諧	2026-06-06
yybg	諄	2026-06-06
yyiy	諒	2026-06-06
yyn	訪	2026-06-06
yyna	諞	2026-06-06
yynw	該	2026-06-06
yywf	誶	2026-06-06

# 2026-06-06 systemic pinyin er→r typo sweep — user "zhonghuarnv 为什么会
# 出现 中华儿女呢，不应该是 zhonghuaernv 吗".  Corpus encoding dropped the
# 'e' from 'er' (儿) in mid-word position, leaving rows like (zhonghuarnv,
# 中华儿女) alongside the correct (zhonghuaernv, 中华儿女).  Detected by
# script: word at code `<X>r<Y>` AND the SAME word at `<X>er<Y>` →
# typo row.
airxinqie	爱儿心切	2026-06-06
arhun	阿儿浑	2026-06-06
bairbashi	百儿八十	2026-06-06
bargou	叭儿狗	2026-06-06
bargou	巴儿狗	2026-06-06
barji	巴儿吉	2026-06-06
barjian	巴儿监	2026-06-06
bendeirmu	锛得儿木	2026-06-06
caizhirtong	才智儿童	2026-06-06
canjirtong	残疾儿童	2026-06-06
dairxi	大儿媳	2026-06-06
dairzi	大儿子	2026-06-06
darxi	大儿媳	2026-06-06
darzi	大儿子	2026-06-06
faryin	法儿引	2026-06-06
farzhen	法儿真	2026-06-06
fentiaorcai	粉条儿菜	2026-06-06
funvrtong	妇女儿童	2026-06-06
gangkourtian	岗口儿甜	2026-06-06
gourye	狗儿爷	2026-06-06
guaimairtong	拐卖儿童	2026-06-06
guirniang	桂儿娘	2026-06-06
guirzi	龟儿子	2026-06-06
guorcheng	过儿成	2026-06-06
guorzhen	过儿真	2026-06-06
gurci	鼓儿词	2026-06-06
gurguafu	孤儿寡妇	2026-06-06
gurguanv	孤儿寡女	2026-06-06
gurhan	古儿汗	2026-06-06
gurxiaoxi	孤儿消息	2026-06-06
guryuan	孤儿院	2026-06-06
gurzi	孤儿仔	2026-06-06
hairxiang	孩儿巷	2026-06-06
haornv	好儿女	2026-06-06
hourjing	猴儿精	2026-06-06
huardongzi	花儿洞子	2026-06-06
huarhuo	化儿伙	2026-06-06
huarjiang	花儿匠	2026-06-06
huarledui	花儿乐队	2026-06-06
huaryangzi	花儿样子	2026-06-06
huaryuedui	花儿乐队	2026-06-06
huorgan	活儿干	2026-06-06
hurhuan	呼儿唤	2026-06-06
jiaoryinghai	教儿婴孩	2026-06-06
jiarjiafu	佳儿佳妇	2026-06-06
kuairbamao	块儿八毛	2026-06-06
laoshudirzihuidadong	老鼠的儿子会打洞	2026-06-06
laoshudirzikuaidadong	老鼠的儿子会打洞	2026-06-06
laotouryu	老头儿鱼	2026-06-06
luanshirnv	乱世儿女	2026-06-06
lurdao	鹿儿岛	2026-06-06
lurdaoxian	鹿儿岛县	2026-06-06
mairtiefu	卖儿贴妇	2026-06-06
maorgai	毛儿盖	2026-06-06
maorni	猫儿腻	2026-06-06
maorshan	猫儿山	2026-06-06
maoryan	猫儿眼	2026-06-06
marhan	马儿罕	2026-06-06
markuai	马儿快	2026-06-06
marpao	马儿跑	2026-06-06
miaorgou	庙儿沟	2026-06-06
murchao	木儿朝	2026-06-06
murdai	木儿代	2026-06-06
murji	木儿继	2026-06-06
murjun	木儿军	2026-06-06
murling	木儿领	2026-06-06
muryi	木儿亦	2026-06-06
muryong	木儿拥	2026-06-06
murzhao	木儿朝	2026-06-06
niurbang	牛儿帮	2026-06-06
niurmiao	牛儿苗	2026-06-06
niurxisu	狃儿习俗	2026-06-06
nurgan	奴儿干	2026-06-06
nurhai	努儿海	2026-06-06
nvrdao	女儿岛	2026-06-06
nvrguo	女儿国	2026-06-06
nvrhe	女儿河	2026-06-06
nvrhong	女儿红	2026-06-06
nvrjie	女儿节	2026-06-06
nvrshen	女儿身	2026-06-06
penbirxiang	喷鼻儿香	2026-06-06
potirdiyizao	破题儿第一遭	2026-06-06
purtie	蒲儿帖	2026-06-06
qiaorgou	桥儿沟	2026-06-06
qirhui	齐儿会	2026-06-06
qirkuai	齐儿会	2026-06-06
qirmayi	乞儿马医	2026-06-06
qizirnv	妻子儿女	2026-06-06
qurte	曲儿忒	2026-06-06
ruozhirtong	弱智儿童	2026-06-06
shaorbaike	少儿百科	2026-06-06
shaorbu	少儿部	2026-06-06
shaorbuyi	少儿不宜	2026-06-06
shaorchubanshe	少儿出版社	2026-06-06
shaorduwu	少儿读物	2026-06-06
shaorguan	少儿馆	2026-06-06
shaoryingyu	少儿英语	2026-06-06
sharbaji	傻儿巴叽	2026-06-06
shirqu	侍儿取	2026-06-06
shoudourkeyanjiusuo	首都儿科研究所	2026-06-06
shoudurkeyanjiusuo	首都儿科研究所	2026-06-06
sirgou	寺儿沟	2026-06-06
tairzhuang	台儿庄	2026-06-06
tairzhuangqu	台儿庄区	2026-06-06
taorhe	洮儿河	2026-06-06
taorqi	桃儿七	2026-06-06
tarhai	塔儿海	2026-06-06
tuorsuo	托儿所	2026-06-06
turye	兔儿爷	2026-06-06
wurwuer	呜儿呜儿	2026-06-06
wurwunv	无儿无女	2026-06-06
wurwur	呜儿呜儿	2026-06-06
xiaolurjiang	小炉儿匠	2026-06-06
xiaorke	小儿科	2026-06-06
xiaormabi	小儿痲痹	2026-06-06
xiaormabi	小儿麻痹	2026-06-06
xiaorzi	小儿子	2026-06-06
yaoshirtong	钥匙儿童	2026-06-06
yarli	鸭儿梨	2026-06-06
yaryo	呀儿哟	2026-06-06
yihuirbu	一会儿步	2026-06-06
yihuirda	一会儿打	2026-06-06
yihuirhui	一会儿回	2026-06-06
yihuirji	一会儿记	2026-06-06
yihuirkai	一会儿开	2026-06-06
yihuirmen	一会儿门	2026-06-06
yihuirshuanghang	一会儿双行	2026-06-06
yihuirshuangxing	一会儿双行	2026-06-06
yihuirtan	一会儿摊	2026-06-06
yihuirtian	一会儿天	2026-06-06
yihuirtou	一会儿头	2026-06-06
yihuirzhan	一会儿站	2026-06-06
yihuirzhang	一会儿张	2026-06-06
yikuairbu	一会儿步	2026-06-06
yikuairda	一会儿打	2026-06-06
yikuairhui	一会儿回	2026-06-06
yikuairji	一会儿记	2026-06-06
yikuairkai	一会儿开	2026-06-06
yikuairmen	一会儿门	2026-06-06
yikuairshuanghang	一会儿双行	2026-06-06
yikuairshuangxing	一会儿双行	2026-06-06
yikuairtan	一会儿摊	2026-06-06
yikuairtian	一会儿天	2026-06-06
yikuairtou	一会儿头	2026-06-06
yikuairzhan	一会儿站	2026-06-06
yikuairzhang	一会儿张	2026-06-06
yirhan	伊儿汗	2026-06-06
yitourchen	一头儿沉	2026-06-06
yourban	幼儿班	2026-06-06
yourchen	由儿臣	2026-06-06
yourjiaoshi	幼儿教师	2026-06-06
yourjiaoyu	幼儿教育	2026-06-06
yourqi	幼儿期	2026-06-06
yoursuo	幼儿所	2026-06-06
yourxuexiao	幼儿学校	2026-06-06
youryuan	幼儿园	2026-06-06
youryuan	幼儿圆	2026-06-06
youxiurnv	优秀儿女	2026-06-06
yurdai	育儿袋	2026-06-06
yurguan	育儿观	2026-06-06
yurmeimei	玉儿妹妹	2026-06-06
yurwang	育儿网	2026-06-06
zhongguortongyishujuyuan	中国儿童艺术剧院	2026-06-06
zhonghuarnv	中华儿女	2026-06-06
ziyourtong	资优儿童	2026-06-06
biguo	比国	2026-06-07
adat	蔵	2026-06-08
ahnq	覧	2026-06-08
aqwo	鴎	2026-06-08
aris	薬	2026-06-08
atgo	薫	2026-06-08
auff	荘	2026-06-08
avvv	茘	2026-06-08
bevn	隠	2026-06-08
bfln	聴	2026-06-08
bqhj	陥	2026-06-08
bwcn	聡	2026-06-08
bwgw	険	2026-06-08
caqy	駆	2026-06-08
ccjy	騒	2026-06-08
cnyy	駅	2026-06-08
cwgw	験	2026-06-08
dedc	髪	2026-06-08
dfd	圧	2026-06-08
dssh	歴	2026-06-08
dssj	暦	2026-06-08
dvfh	砕	2026-06-08
eadt	臓	2026-06-08
efwo	鶏	2026-06-08
eiqb	脳	2026-06-08
ffle	壊	2026-06-08
ffog	霊	2026-06-08
fpqb	売	2026-06-08
fpxb	壱	2026-06-08
ftkl	塩	2026-06-08
fufe	壌	2026-06-08
fulj	増	2026-06-08
fwfm	賛	2026-06-08
gafd	弐	2026-06-08
gkgh	帯	2026-06-08
gkil	勅	2026-06-08
gkim	頼	2026-06-08
gkjg	亜	2026-06-08
gkjn	悪	2026-06-08
gmfu	専	2026-06-08
gmmk	両	2026-06-08
gmnu	恵	2026-06-08
gnr	戸	2026-06-08
gtdd	麺	2026-06-08
gtqo	麹	2026-06-08
haoa	戯	2026-06-08
hdgt	歳	2026-06-08
hitr	歩	2026-06-08
hjqb	児	2026-06-08
hlow	鹸	2026-06-08
hniu	県	2026-06-08
hobc	齢	2026-06-08
hobj	歯	2026-06-08
iamm	満	2026-06-08
idnt	厳	2026-06-08
iefw	渓	2026-06-08
ifnn	汚	2026-06-08
igkm	瀬	2026-06-08
ihit	渉	2026-06-08
ihiy	渋	2026-06-08
ijfa	戦	2026-06-08
ijfj	単	2026-06-08
ijqx	渇	2026-06-08
ijsu	巣	2026-06-08
ilgd	獣	2026-06-08
inyy	沢	2026-06-08
iphq	覚	2026-06-08
ipju	蛍	2026-06-08
ipkk	営	2026-06-08
iplb	労	2026-06-08
ipsu	栄	2026-06-08
iqvh	浄	2026-06-08
iujn	滝	2026-06-08
iwfq	溌	2026-06-08
iwrj	挙	2026-06-08
iyjf	済	2026-06-08
iynd	涙	2026-06-08
jfaq	暁	2026-06-08
jfdo	黙	2026-06-08
jfou	黒	2026-06-08
jimh	蝋	2026-06-08
jogm	顕	2026-06-08
jqjq	晩	2026-06-08
kgkg	唖	2026-06-08
khob	噛	2026-06-08
kkqn	呪	2026-06-08
kngw	呉	2026-06-08
lcfg	軽	2026-06-08
lfcy	転	2026-06-08
lfi	団	2026-06-08
lfjk	囲	2026-06-08
lgmm	輌	2026-06-08
liff	塁	2026-06-08
lmci	繋	2026-06-08
lmcr	撃	2026-06-08
lpeg	畳	2026-06-08
ludn	圏	2026-06-08
luqi	図	2026-06-08
magu	豊	2026-06-08
medp	髄	2026-06-08
mhgd	円	2026-06-08
midt	巌	2026-06-08
nhcy	収	2026-06-08
niqb	悩	2026-06-08
nudp	遅	2026-06-08
nyle	懐	2026-06-08
ofaq	焼	2026-06-08
oqhj	焔	2026-06-08
ovfh	粋	2026-06-08
oyfg	粧	2026-06-08
pahq	寛	2026-06-08
pdwu	実	2026-06-08
pwfn	竃	2026-06-08
qdtf	鋳	2026-06-08
qdxy	銭	2026-06-08
qgji	錬	2026-06-08
qjjn	亀	2026-06-08
qrwy	鉄	2026-06-08
qtih	猟	2026-06-08
qycy	鉱	2026-06-08
rbiy	摂	2026-06-08
rcjy	掻	2026-06-08
rcy	払	2026-06-08
rdcy	抜	2026-06-08
rdfh	拝	2026-06-08
refb	揺	2026-06-08
rfmp	逓	2026-06-08
rifj	皐	2026-06-08
ripq	撹	2026-06-08
risu	楽	2026-06-08
rjhc	捜	2026-06-08
rjqx	掲	2026-06-08
rnqu	気	2026-06-08
rnyy	択	2026-06-08
rtfj	挿	2026-06-08
rtmn	拠	2026-06-08
rwyl	勧	2026-06-08
rwyq	観	2026-06-08
rwyw	歓	2026-06-08
rxag	曁	2026-06-08
rycy	拡	2026-06-08
safe	覇	2026-06-08
sdny	桟	2026-06-08
sgue	醸	2026-06-08
sgvf	酔	2026-06-08
sgwq	醗	2026-06-08
sivg	桜	2026-06-08
sqah	桝	2026-06-08
srwy	権	2026-06-08
sugi	様	2026-06-08
swgb	楡	2026-06-08
swgw	検	2026-06-08
tehj	稲	2026-06-08
tevn	穏	2026-06-08
tfln	徳	2026-06-08
tgaj	剰	2026-06-08
tgas	乗	2026-06-08
tgjn	穂	2026-06-08
tgjo	勲	2026-06-08
tkqy	兎	2026-06-08
tmgt	徴	2026-06-08
tmv	処	2026-06-08
tony	釈	2026-06-08
trut	犠	2026-06-08
tufe	穣	2026-06-08
tuhy	従	2026-06-08
txfj	毎	2026-06-08
udnb	巻	2026-06-08
uefd	奨	2026-06-08
uefg	醤	2026-06-08
ugkf	闘	2026-06-08
ujhc	痩	2026-06-08
ujnb	竜	2026-06-08
uljf	曽	2026-06-08
umiv	鼈	2026-06-08
uqln	効	2026-06-08
urtf	痺	2026-06-08
uudi	関	2026-06-08
vojk	粛	2026-06-08
vpv	辺	2026-06-08
vswy	雑	2026-06-08
vufe	嬢	2026-06-08
wcy	仏	2026-06-08
wfcy	伝	2026-06-08
wfkf	舎	2026-06-08
wfky	舗	2026-06-08
wfqb	発	2026-06-08
wgkj	剣	2026-06-08
wrcy	仮	2026-06-08
wsg	価	2026-06-08
wwgw	倹	2026-06-08
xcfg	経	2026-06-08
xfag	繊	2026-06-08
xfpq	続	2026-06-08
xijf	弾	2026-06-08
xjjn	縄	2026-06-08
xonn	継	2026-06-08
xtuh	縦	2026-06-08
xtvb	郷	2026-06-08
xvey	縁	2026-06-08
xvoj	繍	2026-06-08
xwcn	総	2026-06-08
xwfc	絵	2026-06-08
yci	広	2026-06-08
yfpq	読	2026-06-08
yfy	対	2026-06-08
yii	氷	2026-06-08
yjf	斉	2026-06-08
yjff	斉	2026-06-08
yjfi	斎	2026-06-08
yjfj	剤	2026-06-08
yndi	戻	2026-06-08
yni	応	2026-06-08
ynyy	訳	2026-06-08
yotu	変	2026-06-08
ysk	庁	2026-06-08
ytvh	帰	2026-06-08
yufe	譲	2026-06-08
ywfq	廃	2026-06-08
ba	抜	2026-06-08
ba	覇	2026-06-08
bai	拝	2026-06-08
bi	痺	2026-06-08
bian	変	2026-06-08
bian	辺	2026-06-08
bie	鼈	2026-06-08
bing	氷	2026-06-08
bu	歩	2026-06-08
ceng	曽	2026-06-08
cha	挿	2026-06-08
chao	巣	2026-06-08
cheng	乗	2026-06-08
chi	勅	2026-06-08
chi	歯	2026-06-08
chi	遅	2026-06-08
chu	処	2026-06-08
cong	従	2026-06-08
cong	聡	2026-06-08
cui	粋	2026-06-08
dai	帯	2026-06-08
dan	単	2026-06-08
dan	弾	2026-06-08
dao	稲	2026-06-08
de	徳	2026-06-08
di	逓	2026-06-08
die	畳	2026-06-08
dou	闘	2026-06-08
du	読	2026-06-08
dui	対	2026-06-08
e	悪	2026-06-08
er	児	2026-06-08
er	弐	2026-06-08
fa	発	2026-06-08
fa	髪	2026-06-08
fan	仮	2026-06-08
fan	払	2026-06-08
fei	廃	2026-06-08
fo	仏	2026-06-08
gao	皐	2026-06-08
guan	観	2026-06-08
guan	関	2026-06-08
guang	広	2026-06-08
gui	亀	2026-06-08
gui	帰	2026-06-08
hei	黒	2026-06-08
hu	戯	2026-06-08
hu	戸	2026-06-08
huai	壊	2026-06-08
huai	懐	2026-06-08
huan	歓	2026-06-08
hui	恵	2026-06-08
hui	絵	2026-06-08
ji	剤	2026-06-08
ji	撃	2026-06-08
ji	曁	2026-06-08
ji	済	2026-06-08
ji	継	2026-06-08
ji	繋	2026-06-08
ji	鶏	2026-06-08
jian	倹	2026-06-08
jian	剣	2026-06-08
jian	検	2026-06-08
jian	鹸	2026-06-08
jiang	奨	2026-06-08
jiang	醤	2026-06-08
jiao	撹	2026-06-08
jie	掲	2026-06-08
jie	桝	2026-06-08
jing	浄	2026-06-08
jing	経	2026-06-08
ju	拠	2026-06-08
ju	挙	2026-06-08
juan	巻	2026-06-08
jue	覚	2026-06-08
ke	渇	2026-06-08
kuan	寛	2026-06-08
kuang	鉱	2026-06-08
kuo	拡	2026-06-08
la	蝋	2026-06-08
lai	瀬	2026-06-08
lai	頼	2026-06-08
lan	覧	2026-06-08
lao	労	2026-06-08
le	楽	2026-06-08
lei	塁	2026-06-08
lei	涙	2026-06-08
li	暦	2026-06-08
li	歴	2026-06-08
li	茘	2026-06-08
li	豊	2026-06-08
lian	錬	2026-06-08
liang	両	2026-06-08
liang	輌	2026-06-08
lie	猟	2026-06-08
ling	霊	2026-06-08
ling	齢	2026-06-08
long	滝	2026-06-08
long	竜	2026-06-08
mai	売	2026-06-08
man	満	2026-06-08
mei	毎	2026-06-08
mian	麺	2026-06-08
mo	黙	2026-06-08
nao	悩	2026-06-08
nao	脳	2026-06-08
niang	嬢	2026-06-08
niang	醸	2026-06-08
nie	噛	2026-06-08
ou	鴎	2026-06-08
po	溌	2026-06-08
po	醗	2026-06-08
pu	舗	2026-06-08
qi	斉	2026-06-08
qi	気	2026-06-08
qian	銭	2026-06-08
qu	駆	2026-06-08
qu	麹	2026-06-08
quan	勧	2026-06-08
quan	圏	2026-06-08
quan	権	2026-06-08
rang	壌	2026-06-08
rang	穣	2026-06-08
rang	譲	2026-06-08
rong	栄	2026-06-08
sao	掻	2026-06-08
sao	騒	2026-06-08
se	渋	2026-06-08
shao	焼	2026-06-08
she	摂	2026-06-08
she	渉	2026-06-08
she	舎	2026-06-08
sheng	剰	2026-06-08
sheng	縄	2026-06-08
shi	実	2026-06-08
shi	釈	2026-06-08
shou	収	2026-06-08
shou	獣	2026-06-08
shou	痩	2026-06-08
si	価	2026-06-08
sou	捜	2026-06-08
su	粛	2026-06-08
sui	歳	2026-06-08
sui	砕	2026-06-08
sui	穂	2026-06-08
sui	髄	2026-06-08
ti	戻	2026-06-08
ting	庁	2026-06-08
ting	聴	2026-06-08
tong	囲	2026-06-08
tu	兎	2026-06-08
tu	図	2026-06-08
tuan	団	2026-06-08
wan	晩	2026-06-08
wen	穏	2026-06-08
wu	呉	2026-06-08
wu	汚	2026-06-08
xi	渓	2026-06-08
xi	犠	2026-06-08
xian	県	2026-06-08
xian	繊	2026-06-08
xian	陥	2026-06-08
xian	険	2026-06-08
xian	顕	2026-06-08
xiang	郷	2026-06-08
xiao	効	2026-06-08
xiao	暁	2026-06-08
xiu	繍	2026-06-08
xu	続	2026-06-08
xun	勲	2026-06-08
xun	薫	2026-06-08
ya	亜	2026-06-08
ya	唖	2026-06-08
ya	圧	2026-06-08
yan	厳	2026-06-08
yan	塩	2026-06-08
yan	巌	2026-06-08
yan	焔	2026-06-08
yan	験	2026-06-08
yang	様	2026-06-08
yao	揺	2026-06-08
yao	薬	2026-06-08
yi	壱	2026-06-08
yi	訳	2026-06-08
yi	駅	2026-06-08
yin	隠	2026-06-08
ying	営	2026-06-08
ying	応	2026-06-08
ying	桜	2026-06-08
ying	蛍	2026-06-08
yu	楡	2026-06-08
yuan	円	2026-06-08
yuan	縁	2026-06-08
yun	伝	2026-06-08
za	雑	2026-06-08
zan	賛	2026-06-08
zang	臓	2026-06-08
zang	蔵	2026-06-08
zao	竃	2026-06-08
ze	択	2026-06-08
ze	沢	2026-06-08
zeng	増	2026-06-08
zhai	斎	2026-06-08
zhan	戦	2026-06-08
zhan	桟	2026-06-08
zheng	徴	2026-06-08
zhi	軽	2026-06-08
zhi	鉄	2026-06-08
zhou	呪	2026-06-08
zhu	鋳	2026-06-08
zhuan	専	2026-06-08
zhuan	転	2026-06-08
zhuang	粧	2026-06-08
zhuang	荘	2026-06-08
zong	総	2026-06-08
zong	縦	2026-06-08
zui	酔	2026-06-08
kmu	員	2026-06-09
xiewen	写文	2026-06-09
quanquan	泉泉	2026-06-10
quanquan	犬犬	2026-06-10
tongxia	同下	2026-06-10
dongdong	冬冬	2026-06-10
dongdong	冻冻	2026-06-10
dongdong	栋栋	2026-06-10
daomu	道木	2026-06-12
momo	嶙嶙	2026-06-12
momo	磨磨	2026-06-12
momo	墨墨	2026-06-12
momo	莫莫	2026-06-12
daiban	大办	2026-06-13
daiban	大坂	2026-06-13
daiban	大板	2026-06-13
daiban	大阪	2026-06-13
daban	大办	2026-06-13
daban	大板	2026-06-13
# polyphone-dup sweep batch1 2026-06-13 — wrong-reading corpus copies (audit: docs/pinyin-polyphone-dup-sweep-2026-06-13/)
abaohuo	阿宝和	2026-06-13
aikesete	埃克塞特	2026-06-13
aisekesi	埃塞克斯	2026-06-13
aisekesi	艾塞克斯	2026-06-13
aiyue	爱乐	2026-06-13
aiziyue	矮子乐	2026-06-13
amakuai	阿玛会	2026-06-13
anhuo	安和	2026-06-13
anjue	暗角	2026-06-13
anquanjue	安全角	2026-06-13
anse	安塞	2026-06-13
ansexian	安塞县	2026-06-13
antiguahuobabuda	安提瓜和巴布达	2026-06-13
aodaili	澳大利	2026-06-13
aojue	凹角	2026-06-13
aokamoge	奥卡万戈	2026-06-13
aoseluo	奥塞罗	2026-06-13
aoseti	奥塞梯	2026-06-13
aoweikuai	奥委会	2026-06-13
aqi	呵气	2026-06-13
badai	八大	2026-06-13
baibei	摆臂	2026-06-13
baidai	百大	2026-06-13
baihuodailou	百货大楼	2026-06-13
baimudai	百慕大	2026-06-13
baiseshi	白塞氏	2026-06-13
baishezhuan	白蛇传	2026-06-13
baiyue	百乐	2026-06-13
baiyuemen	百乐门	2026-06-13
baiyumo	百余万	2026-06-13
bakuo	巴适	2026-06-13
bamo	八万	2026-06-13
bamoduo	八万多	2026-06-13
bamoge	八万个	2026-06-13
bamokuai	八万块	2026-06-13
bamosanqian	八万三千	2026-06-13
bamowu	八万五	2026-06-13
bamowuqian	八万五千	2026-06-13
bamoyu	八万余	2026-06-13
bamoyuan	八万元	2026-06-13
banbei	半臂	2026-06-13
bangbaokuo	帮宝适	2026-06-13
bangongdailou	办公大楼	2026-06-13
bangongkuai	办公会	2026-06-13
banjiangkuai	颁奖会	2026-06-13
banjue	半角	2026-06-13
bankuai	班会	2026-06-13
bankuaike	班会课	2026-06-13
banshangdai	搬上大	2026-06-13
banwukuai	班务会	2026-06-13
baogaokuai	报告会	2026-06-13
baohuangkuai	保皇会	2026-06-13
baojiankuai	保监会	2026-06-13
baojiaobaokuai	包教包会	2026-06-13
baoman	包埋	2026-06-13
baose	包塞	2026-06-13
baoshuai	暴率	2026-06-13
baoshuai	爆率	2026-06-13
baoxianfeishuai	保险费率	2026-06-13
baoyouchengxian	抱有成见	2026-06-13
baoyoupianxian	抱有偏见	2026-06-13
base	巴塞	2026-06-13
baseer	巴塞尔	2026-06-13
baselong	巴塞隆	2026-06-13
baselongna	巴塞隆纳	2026-06-13
baseluona	巴塞罗纳	2026-06-13
baseluona	巴塞罗那	2026-06-13
bashibamo	八十八万	2026-06-13
bashisanmo	八十三万	2026-06-13
bayue	芭乐	2026-06-13
bayuezhi	芭乐汁	2026-06-13
beiaose	北奥塞	2026-06-13
beiban	臂板	2026-06-13
beibu	臂部	2026-06-13
beichang	臂长	2026-06-13
beidai	北大	2026-06-13
beidaicang	北大仓	2026-06-13
beidaifuzhong	北大附中	2026-06-13
beidaigang	北大港	2026-06-13
beidaiqinghua	北大清华	2026-06-13
beidaiying	北大营	2026-06-13
beidaiyiyuan	北大医院	2026-06-13
beigongdai	北工大	2026-06-13
beihuo	臂或	2026-06-13
beijia	臂架	2026-06-13
beijiaodai	北交大	2026-06-13
beijingshidai	北京师大	2026-06-13
beijue	北角	2026-06-13
beijue	背角	2026-06-13
beikedai	北科大	2026-06-13
beikuai	背会	2026-06-13
beiseer	贝塞尔	2026-06-13
beishen	臂伸	2026-06-13
beishi	臂式	2026-06-13
beishidai	北师大	2026-06-13
beitidai	北体大	2026-06-13
beiwei	臂围	2026-06-13
beiwen	臂纹	2026-06-13
beiyidai	北医大	2026-06-13
beizhan	臂展	2026-06-13
beizhang	臂长	2026-06-13
benbingpi	苯并芘	2026-06-13
bendukuai	本笃会	2026-06-13
bengla	崩落	2026-06-13
bianbianjiaojue	边边角角	2026-06-13
biandai	变大	2026-06-13
bianhuahendai	变化很大	2026-06-13
bianhuashuai	变化率	2026-06-13
bianlunkuai	辩论会	2026-06-13
bianpian	便便	2026-06-13
bianshuai	变率	2026-06-13
bianshuai	扁率	2026-06-13
bianshuai	辨率	2026-06-13
bianweikuai	编委会	2026-06-13
bianxin	遍寻	2026-06-13
biaokuai	标会	2026-06-13
biaozhangkuai	表彰会	2026-06-13
biaozhundaiqi	标准大气	2026-06-13
bidaiyuli	弊大于利	2026-06-13
bidingkuai	必定会	2026-06-13
bijiangkuai	必将会	2026-06-13
bila	碧落	2026-06-13
bimukuai	闭幕会	2026-06-13
bingsishuai	病死率	2026-06-13
biteshuai	比特率	2026-06-13
bogedai	波哥大	2026-06-13
bokuai	博会	2026-06-13
bose	波塞	2026-06-13
bosedong	波塞东	2026-06-13
bosedong	波塞冬	2026-06-13
bosesiku	伯塞斯库	2026-06-13
boteshuai	波特率	2026-06-13
boyueshi	博乐市	2026-06-13
buduoxian	不多见	2026-06-13
buerseweike	布尔塞维克	2026-06-13
buguangkuai	不光会	2026-06-13
bujigeshuai	不及格率	2026-06-13
bukexianguang	不可见光	2026-06-13
bukuai	部会	2026-06-13
bula	不落	2026-06-13
bularenhou	不落人后	2026-06-13
buliangshuai	不良率	2026-06-13
bupamochaishao	不怕没柴烧	2026-06-13
busejin	布塞进	2026-06-13
bushi	不似	2026-06-13
butaikuai	不太会	2026-06-13
butongxinchang	不同寻常	2026-06-13
buyikuai	不一会	2026-06-13
buyue	不乐	2026-06-13
caidai	财大	2026-06-13
caikuaiying	才会赢	2026-06-13
caiweikuai	裁委会	2026-06-13
caiyangshuai	采样率	2026-06-13
canaokuai	残奥会	2026-06-13
cangzhuan	藏传	2026-06-13
cankuai	参会	2026-06-13
cankuai	餐会	2026-06-13
cankuaizhe	参会者	2026-06-13
canyushuai	参与率	2026-06-13
canzhengkuai	参政会	2026-06-13
cejueyi	测角仪	2026-06-13
changkuai	常会	2026-06-13
changweikuai	常委会	2026-06-13
changxian	常见	2026-06-13
changxianbing	常见病	2026-06-13
changxianjibing	常见疾病	2026-06-13
changxianwenti	常见问题	2026-06-13
changxianzi	常见字	2026-06-13
changyue	常乐	2026-06-13
chaodai	超大	2026-06-13
chaodaiguimo	超大规模	2026-06-13
chaoguangjue	超广角	2026-06-13
chaohuxinchang	超乎寻常	2026-06-13
chaola	潮落	2026-06-13
chaoqichaola	潮起潮落	2026-06-13
chashuai	差率	2026-06-13
chela	扯落	2026-06-13
chenailading	尘埃落定	2026-06-13
chengdai	成大	2026-06-13
chengpinshuai	成品率	2026-06-13
chengyunkuai	城运会	2026-06-13
chengzhangshuai	成长率	2026-06-13
chengzhenhuashuai	城镇化率	2026-06-13
chenkuai	晨会	2026-06-13
chenla	沉落	2026-06-13
chenxin	陈寻	2026-06-13
chidaikui	吃大亏	2026-06-13
chijiaodaixian	赤脚大仙	2026-06-13
chizaokuai	迟早会	2026-06-13
chongdai	宠大	2026-06-13
chongzushuai	充足率	2026-06-13
choubeikuai	筹备会	2026-06-13
choushenshi	仇深似	2026-06-13
chouweikuai	筹委会	2026-06-13
chuandai	川大	2026-06-13
chuankuai	串会	2026-06-13
chuanlaizhuanqu	传来传去	2026-06-13
chuanqiong	川芎	2026-06-13
chuanshidai	川师大	2026-06-13
chuanshushuai	传输率	2026-06-13
chuanzhuan	传传	2026-06-13
chuanzhuan	川传	2026-06-13
chucuoshuai	出错率	2026-06-13
chuidainiu	吹大牛	2026-06-13
chuidayue	吹打乐	2026-06-13
chuijue	吹角	2026-06-13
chuila	吹落	2026-06-13
chuiyue	吹乐	2026-06-13
chujingshuai	出警率	2026-06-13
chujingshuai	出镜率	2026-06-13
chumiaoshuai	出苗率	2026-06-13
chunjiewankuai	春节晚会	2026-06-13
chunjue	唇角	2026-06-13
chuoxueshuai	辍学率	2026-06-13
chuxishuai	出席率	2026-06-13
chuxushuai	储蓄率	2026-06-13
chuzushuai	出租率	2026-06-13
cidaoshuai	磁导率	2026-06-13
cidaoxianhong	刺刀见红	2026-06-13
cihuashuai	磁化率	2026-06-13
cishankuai	慈善会	2026-06-13
conglaimo	从来没	2026-06-13
congmo	从没	2026-06-13
congweixianguo	从未见过	2026-06-13
congxiaodaodai	从小到大	2026-06-13
couhuo	凑和	2026-06-13
cudai	粗大	2026-06-13
cujinkuai	促进会	2026-06-13
cunhuoshuai	存活率	2026-06-13
cunweikuai	村委会	2026-06-13
cuokuai	错会	2026-06-13
cuowushuai	错误率	2026-06-13
cushuai	粗率	2026-06-13
dabiaoshuai	达标率	2026-06-13
dadaokuai	大刀会	2026-06-13
dafudaigui	大富大贵	2026-06-13
dagongshuai	大功率	2026-06-13
daiai	大碍	2026-06-13
daiao	大澳	2026-06-13
daiao	大袄	2026-06-13
daibagong	大罢工	2026-06-13
daibaibai	大拜拜	2026-06-13
daibaikequan	大百科全	2026-06-13
daibaikequanshu	大百科全书	2026-06-13
daibaishu	大柏树	2026-06-13
daibajianshan	大霸尖山	2026-06-13
daibanfu	大阪府	2026-06-13
daibang	大棒	2026-06-13
daibanshi	大阪市	2026-06-13
daibao	大堡	2026-06-13
daibao	大宝	2026-06-13
daibao	大鸨	2026-06-13
daibaoguang	大爆光	2026-06-13
daibaokoufu	大饱口福	2026-06-13
daibaoyanfu	大饱眼福	2026-06-13
daibaoyu	大暴雨	2026-06-13
daibaozi	大孢子	2026-06-13
daibaozou	大暴走	2026-06-13
daibenniao	大笨鸟	2026-06-13
daibenxiang	大笨象	2026-06-13
daibi	大比	2026-06-13
daibian	大变	2026-06-13
daibian	大边	2026-06-13
daibianju	大变局	2026-06-13
daibianlian	大变脸	2026-06-13
daibianlun	大辩论	2026-06-13
daibianshen	大变身	2026-06-13
daibianyang	大变样	2026-06-13
daibiaodi	大表弟	2026-06-13
daibiaoge	大表哥	2026-06-13
daibiaomei	大表妹	2026-06-13
daibie	大别	2026-06-13
daibifen	大比分	2026-06-13
daibipin	大比拼	2026-06-13
daibiwu	大比武	2026-06-13
daibizi	大鼻子	2026-06-13
daiboer	大博尔	2026-06-13
daiboluo	大菠萝	2026-06-13
daiboshu	大柏树	2026-06-13
daibu	大步	2026-06-13
daibuda	大不大	2026-06-13
daibuliedian	大不列颠	2026-06-13
daibulishi	大不里士	2026-06-13
daiburuqian	大不如前	2026-06-13
daibuxiangtong	大不相同	2026-06-13
daibuyiyang	大不一样	2026-06-13
daicaixiaoyong	大才小用	2026-06-13
daicang	大仓	2026-06-13
daicha	大差	2026-06-13
daichai	大差	2026-06-13
daichang	大厂	2026-06-13
daichang	大场	2026-06-13
daichang	大昌	2026-06-13
daichangpian	大长篇	2026-06-13
daichangxian	大厂县	2026-06-13
daichao	大吵	2026-06-13
daichaoyijia	大吵一架	2026-06-13
daicheng	大程	2026-06-13
daichengdu	大程度	2026-06-13
daichi	大痴	2026-06-13
daichi	大齿	2026-06-13
daichiyidun	大吃一顿	2026-06-13
daichu	大厨	2026-06-13
daichuan	大串	2026-06-13
daichuan	大川	2026-06-13
daichuan	大船	2026-06-13
daichuanlian	大串联	2026-06-13
daichuanshao	大串烧	2026-06-13
daichufengtou	大出风头	2026-06-13
daichui	大锤	2026-06-13
daichun	大春	2026-06-13
daichushi	大厨师	2026-06-13
daici	大慈	2026-06-13
daicidian	大词典	2026-06-13
daicidian	大辞典	2026-06-13
daicifawang	大慈法王	2026-06-13
daicong	大丛	2026-06-13
daicun	大村	2026-06-13
daidai	大袋	2026-06-13
daidai	带大	2026-06-13
daidaishu	大袋鼠	2026-06-13
daidan	大丹	2026-06-13
daidang	大党	2026-06-13
daidang	大当	2026-06-13
daidangjia	大当家	2026-06-13
daidao	大岛	2026-06-13
daidao	大盗	2026-06-13
daidaobaoyu	大到暴雨	2026-06-13
daidazhekou	大打折扣	2026-06-13
daideduo	大得多	2026-06-13
daideiduo	大得多	2026-06-13
daideng	大灯	2026-06-13
daidi	大弟	2026-06-13
daidian	大店	2026-06-13
daidian	大点	2026-06-13
daidianzi	大甸子	2026-06-13
daidiao	大雕	2026-06-13
daidie	大叠	2026-06-13
daidie	大碟	2026-06-13
daidie	大跌	2026-06-13
daidieyanjing	大跌眼镜	2026-06-13
daiding	大定	2026-06-13
daiding	大顶	2026-06-13
daiding	大鼎	2026-06-13
daidong	大东	2026-06-13
daidong	大动	2026-06-13
daidong	大洞	2026-06-13
daidongqu	大东区	2026-06-13
daidou	大斗	2026-06-13
daidu	大肚	2026-06-13
daidu	大赌	2026-06-13
daiduan	大段	2026-06-13
daiduan	大锻	2026-06-13
daidui	大堆	2026-06-13
daiduitou	大堆头	2026-06-13
daiduixia	大对虾	2026-06-13
daidukou	大渡口	2026-06-13
daidukouqu	大渡口区	2026-06-13
daiduliang	大肚量	2026-06-13
daidunan	大肚腩	2026-06-13
daiduo	大朵	2026-06-13
daidupi	大肚皮	2026-06-13
daidupo	大肚婆	2026-06-13
daiduqiaohengtiesuohan	大渡桥横铁索寒	2026-06-13
daiduxi	大肚溪	2026-06-13
daie	大额	2026-06-13
daie	大鹅	2026-06-13
daien	大恩	2026-06-13
daier	大二	2026-06-13
daier	大儿	2026-06-13
daierxi	大儿媳	2026-06-13
daierzi	大儿子	2026-06-13
daifandian	大饭店	2026-06-13
daifang	大房	2026-06-13
daifang	大放	2026-06-13
daifangsong	大放送	2026-06-13
daifangyicai	大放异彩	2026-06-13
daifangzi	大房子	2026-06-13
daifantian	大梵天	2026-06-13
daifeiyue	大飞跃	2026-06-13
daifeizhouzhang	大费周章	2026-06-13
daifencun	大芬村	2026-06-13
daifeng	大丰	2026-06-13
daifengshou	大丰收	2026-06-13
daifengxian	大丰县	2026-06-13
daifu	大佛	2026-06-13
daifu	大富	2026-06-13
daifu	大幅	2026-06-13
daifu	大父	2026-06-13
daifu	大福	2026-06-13
daifudagui	大富大贵	2026-06-13
daifudaigui	大富大贵	2026-06-13
daifudu	大幅度	2026-06-13
daifudujiangdi	大幅度降低	2026-06-13
daifudutigao	大幅度提高	2026-06-13
daifujin	大福晋	2026-06-13
daifutigao	大幅提高	2026-06-13
daifuweng	大富翁	2026-06-13
daifuxing	大福星	2026-06-13
daifuyuan	大福源	2026-06-13
daigai	大盖	2026-06-13
daigaimao	大盖帽	2026-06-13
daigang	大岗	2026-06-13
daigang	大港	2026-06-13
daigang	大缸	2026-06-13
daigangqin	大钢琴	2026-06-13
daigangqu	大港区	2026-06-13
daigangyoutian	大港油田	2026-06-13
daigao	大诰	2026-06-13
daige	大个	2026-06-13
daige	大革	2026-06-13
daigeer	大个儿	2026-06-13
daigen	大根	2026-06-13
daigong	大宫	2026-06-13
daigou	大沟	2026-06-13
daigu	大沽	2026-06-13
daigu	大谷	2026-06-13
daiguan	大管	2026-06-13
daiguan	大罐	2026-06-13
daiguang	大光	2026-06-13
daiguanjia	大管家	2026-06-13
daigui	大柜	2026-06-13
daigui	大规	2026-06-13
daiguimo	大规模	2026-06-13
daiguimoji	大规模集	2026-06-13
daiguinv	大闺女	2026-06-13
daigukou	大沽口	2026-06-13
daigulu	大沽路	2026-06-13
daiguo	大锅	2026-06-13
daiguocai	大锅菜	2026-06-13
daiguoshui	大锅水	2026-06-13
daigushan	大孤山	2026-06-13
daihan	大喊	2026-06-13
daihan	大旱	2026-06-13
daihang	大航	2026-06-13
daihang	大行	2026-06-13
daihangqidao	大行其道	2026-06-13
daihanhangkonggongsi	大韩航空公司	2026-06-13
daihanminguo	大韩民国	2026-06-13
daihao	大豪	2026-06-13
daihe	大盒	2026-06-13
daihe	大禾	2026-06-13
daihei	大黑	2026-06-13
daiheihe	大黑河	2026-06-13
daiheyikou	大喝一口	2026-06-13
daiheyisheng	大喝一声	2026-06-13
daihongshan	大洪山	2026-06-13
daihoudajiao	大吼大叫	2026-06-13
daihu	大壶	2026-06-13
daihu	大湖	2026-06-13
daihu	大虎	2026-06-13
daihua	大化	2026-06-13
daihua	大华	2026-06-13
daihua	大哗	2026-06-13
daihuaidan	大坏蛋	2026-06-13
daihuaishu	大槐树	2026-06-13
daihuan	大患	2026-06-13
daihuang	大荒	2026-06-13
daihuihuan	大回环	2026-06-13
daihuilang	大灰狼	2026-06-13
daihuixiong	大灰熊	2026-06-13
daihuizhuan	大回转	2026-06-13
daihulaer	大呼拉尔	2026-06-13
daihuo	大祸	2026-06-13
daihuolintou	大祸临头	2026-06-13
daihuzi	大胡子	2026-06-13
daiji	大戟	2026-06-13
daiji	大祭	2026-06-13
daiji	大记	2026-06-13
daiji	大集	2026-06-13
daijia	大加	2026-06-13
daijia	大甲	2026-06-13
daijian	大件	2026-06-13
daijian	大间	2026-06-13
daijiang	大奖	2026-06-13
daijiang	大酱	2026-06-13
daijiangsai	大奖赛	2026-06-13
daijiangtang	大讲堂	2026-06-13
daijianjia	大减价	2026-06-13
daijianshan	大剑山	2026-06-13
daijianshan	大尖山	2026-06-13
daijianshi	大剑师	2026-06-13
daijiao	大蕉	2026-06-13
daijiaosi	大觉寺	2026-06-13
daijiaxi	大甲溪	2026-06-13
daijie	大劫	2026-06-13
daijiean	大劫案	2026-06-13
daijieju	大结局	2026-06-13
daijin	大津	2026-06-13
daijin	大金	2026-06-13
daijin	大锦	2026-06-13
daijing	大经	2026-06-13
daijingang	大金刚	2026-06-13
daijingjiu	大京九	2026-06-13
daijingmai	大静脉	2026-06-13
daijingtang	大经堂	2026-06-13
daijinguo	大金国	2026-06-13
daijinhu	大金湖	2026-06-13
daijinta	大金塔	2026-06-13
daijinxin	大锦心	2026-06-13
daijisi	大祭司	2026-06-13
daijiu	大久	2026-06-13
daijiudian	大酒店	2026-06-13
daijiulou	大酒楼	2026-06-13
daijuan	大卷	2026-06-13
daijuan	大圈	2026-06-13
daijuesi	大觉寺	2026-06-13
daijuezhan	大决战	2026-06-13
daijuhui	大聚会	2026-06-13
daijuyi	大聚义	2026-06-13
daika	大咖	2026-06-13
daikailvdeng	大开绿灯	2026-06-13
daikaishajie	大开杀戒	2026-06-13
daikan	大侃	2026-06-13
daikang	大康	2026-06-13
daike	大客	2026-06-13
daike	大棵	2026-06-13
daike	大颗	2026-06-13
daikebubi	大可不必	2026-06-13
daikeding	大克鼎	2026-06-13
daikeng	大坑	2026-06-13
daiketing	大客厅	2026-06-13
daikongyi	大空翼	2026-06-13
daiku	大哭	2026-06-13
daiku	大库	2026-06-13
daikuai	带会	2026-06-13
daikuai	待会	2026-06-13
daikuaiduoyi	大快朵颐	2026-06-13
daikuanshuai	贷款率	2026-06-13
daikuohao	大括号	2026-06-13
dailama	大喇嘛	2026-06-13
dailan	大篮	2026-06-13
dailangzhen	大朗镇	2026-06-13
dailanmao	大懒猫	2026-06-13
dailao	大佬	2026-06-13
dailaoai	大佬爱	2026-06-13
daile	大乐	2026-06-13
dailei	大类	2026-06-13
daileng	大冷	2026-06-13
dailetou	大乐透	2026-06-13
dailexie	大了些	2026-06-13
daili	大利	2026-06-13
daili	大粒	2026-06-13
daili	大里	2026-06-13
dailian	大脸	2026-06-13
dailiangangtie	大炼钢铁	2026-06-13
dailiangshan	大凉山	2026-06-13
dailiangzhen	大良镇	2026-06-13
dailianqin	大联勤	2026-06-13
dailiaoxie	大了些	2026-06-13
dailielie	大咧咧	2026-06-13
dailijiacheng	大利嘉城	2026-06-13
dailiju	大丽菊	2026-06-13
dailin	大林	2026-06-13
dailing	大岭	2026-06-13
dailinghe	大凌河	2026-06-13
dailingyang	大羚羊	2026-06-13
dailiu	大流	2026-06-13
dailiumang	大流氓	2026-06-13
dailiushi	大流士	2026-06-13
dailiushu	大柳树	2026-06-13
dailizhen	大沥镇	2026-06-13
dailong	大龙	2026-06-13
dailongjiao	大龙湫	2026-06-13
dailongtan	大龙潭	2026-06-13
dailongxia	大龙虾	2026-06-13
dailou	大楼	2026-06-13
dailoushan	大娄山	2026-06-13
dailuan	大乱	2026-06-13
dailuandou	大乱斗	2026-06-13
dailuo	大罗	2026-06-13
dailuobo	大萝卜	2026-06-13
dailuoshenxian	大罗神仙	2026-06-13
daima	大马	2026-06-13
daimali	大马力	2026-06-13
daimalu	大马路	2026-06-13
daiman	带埋	2026-06-13
daimang	大蟒	2026-06-13
daimanguan	大满贯	2026-06-13
daimao	大猫	2026-06-13
daimaoxian	大冒险	2026-06-13
daimaoxiong	大猫熊	2026-06-13
daimei	大妹	2026-06-13
daimeifu	大妹夫	2026-06-13
daimeinv	大美女	2026-06-13
daimeisha	大梅沙	2026-06-13
daimeng	大梦	2026-06-13
daimiao	大庙	2026-06-13
daimin	大民	2026-06-13
daiming	大命	2026-06-13
daimingdafang	大鸣大放	2026-06-13
daimingdaifang	大鸣大放	2026-06-13
daimiu	大谬	2026-06-13
daimu	大姆	2026-06-13
daimu	大幕	2026-06-13
daimu	大木	2026-06-13
daimuchang	大牧场	2026-06-13
daimutou	大木头	2026-06-13
daimuzhi	大姆指	2026-06-13
dainaimei	大奶妹	2026-06-13
dainan	大南	2026-06-13
dainangou	大南沟	2026-06-13
dainanmen	大南门	2026-06-13
dainanrenzhuyi	大男人主义	2026-06-13
dainanshan	大南山	2026-06-13
dainanzizhuyi	大男子主义	2026-06-13
dainaotiangong	大闹天宫	2026-06-13
dainaoyichang	大闹一场	2026-06-13
dainiao	大鸟	2026-06-13
dainongchang	大农场	2026-06-13
daipai	大牌	2026-06-13
daipaicha	大排查	2026-06-13
daipaichang	大排场	2026-06-13
daipaidang	大排挡	2026-06-13
daipaidang	大排档	2026-06-13
daipailiang	大排量	2026-06-13
daipaimai	大拍卖	2026-06-13
daipaizhanglong	大排长龙	2026-06-13
daipan	大盘	2026-06-13
daipei	大赔	2026-06-13
daipen	大盆	2026-06-13
daipeng	大棚	2026-06-13
daipeng	大鹏	2026-06-13
daipengche	大篷车	2026-06-13
daipengjin	大鹏金	2026-06-13
daipengniao	大鹏鸟	2026-06-13
daipian	大篇	2026-06-13
daipiancha	大偏差	2026-06-13
daipianfu	大篇幅	2026-06-13
daipianzi	大骗子	2026-06-13
daiping	大坪	2026-06-13
daiping	大屏	2026-06-13
daiping	大平	2026-06-13
daiping	大瓶	2026-06-13
daipingli	大坪里	2026-06-13
daipingmu	大屏幕	2026-06-13
daipingzhengfang	大平正芳	2026-06-13
daipo	大坡	2026-06-13
daipodaili	大破大立	2026-06-13
daipodali	大破大立	2026-06-13
daipu	大浦	2026-06-13
daipu	大谱	2026-06-13
daiqi	大旗	2026-06-13
daiqi	大漆	2026-06-13
daiqian	大千	2026-06-13
daiqian	大钳	2026-06-13
daiqiang	大枪	2026-06-13
daiqiao	大乔	2026-06-13
daiqiaobugong	大巧不工	2026-06-13
daiqing	大清	2026-06-13
daiqingguo	大清国	2026-06-13
daiqinghe	大清河	2026-06-13
daiqinglv	大清律	2026-06-13
daiqingsheng	大情圣	2026-06-13
daiqingzhensi	大清真寺	2026-06-13
daiqinmao	大钦茂	2026-06-13
daiqintielu	大秦铁路	2026-06-13
daiqiu	大丘	2026-06-13
daiqiu	大球	2026-06-13
daiqiu	大邱	2026-06-13
daiqiuchang	大球场	2026-06-13
daiqiuzhuang	大邱庄	2026-06-13
daiquan	大圈	2026-06-13
daiquan	大泉	2026-06-13
daiquanzuo	大犬座	2026-06-13
dairanfang	大染坊	2026-06-13
dairang	大嚷	2026-06-13
dairetian	大热天	2026-06-13
dairong	大蓉	2026-06-13
dairongliang	大容量	2026-06-13
dairongshan	大容山	2026-06-13
dairongshu	大榕树	2026-06-13
dairuan	大阮	2026-06-13
dairudou	大如斗	2026-06-13
dairunfa	大润发	2026-06-13
daisan	大三	2026-06-13
daisanba	大三巴	2026-06-13
daisanbapaifang	大三巴牌坊	2026-06-13
daisangmen	大嗓门	2026-06-13
daisanguan	大散关	2026-06-13
daisanhexian	大三和弦	2026-06-13
daisantong	大三通	2026-06-13
daisanyuan	大三元	2026-06-13
daisaodang	大扫荡	2026-06-13
daisha	大鲨	2026-06-13
daishahe	大沙河	2026-06-13
daishan	大山	2026-06-13
daishan	大扇	2026-06-13
daishanding	大山顶	2026-06-13
daishang	大伤	2026-06-13
daishang	大商	2026-06-13
daishangnaojin	大伤脑筋	2026-06-13
daishangsuo	大商所	2026-06-13
daishangyuanqi	大伤元气	2026-06-13
daishanmao	大山猫	2026-06-13
daishanque	大山雀	2026-06-13
daishanshenchu	大山深处	2026-06-13
daishanzi	大山子	2026-06-13
daishao	大勺	2026-06-13
daishe	大社	2026-06-13
daishe	大蛇	2026-06-13
daisheng	大生	2026-06-13
daisheng	大胜	2026-06-13
daishengchan	大生产	2026-06-13
daishewan	大蛇丸	2026-06-13
daishi	大匙	2026-06-13
daishi	大士	2026-06-13
daishi	大式	2026-06-13
daishi	大湿	2026-06-13
daishi	大石	2026-06-13
daishi	大食	2026-06-13
daishiba	大石坝	2026-06-13
daishiban	大石板	2026-06-13
daishibei	大石碑	2026-06-13
daishidian	大士殿	2026-06-13
daishipai	大石牌	2026-06-13
daishiqiao	大石桥	2026-06-13
daishitou	大石头	2026-06-13
daishiye	大视野	2026-06-13
daishizhen	大石镇	2026-06-13
daishizi	大十字	2026-06-13
daishou	大手	2026-06-13
daishoudaji	大受打击	2026-06-13
daishouhuanying	大受欢迎	2026-06-13
daishouyin	大手印	2026-06-13
daishu	大输	2026-06-13
daishu	大鼠	2026-06-13
daishun	大舜	2026-06-13
daishuo	大硕	2026-06-13
daisi	大四	2026-06-13
daisi	大寺	2026-06-13
daisinong	大司农	2026-06-13
daisixi	大四喜	2026-06-13
daisonglin	大松林	2026-06-13
daisuda	大苏打	2026-06-13
daisudaya	大俗大雅	2026-06-13
daisuo	大索	2026-06-13
daitaibei	大台北	2026-06-13
daitan	大滩	2026-06-13
daitan	大潭	2026-06-13
daitang	大唐	2026-06-13
daitang	大塘	2026-06-13
daitangdianxin	大唐电信	2026-06-13
daitangshijia	大唐世家	2026-06-13
daitao	大套	2026-06-13
daitaosha	大逃杀	2026-06-13
daitengxia	大藤峡	2026-06-13
daitexie	大特写	2026-06-13
daiti	大题	2026-06-13
daitiane	大天鹅	2026-06-13
daitiaoshui	大跳水	2026-06-13
daitimu	大题目	2026-06-13
daitisu	大提速	2026-06-13
daitong	大桶	2026-06-13
daitu	大土	2026-06-13
daituan	大团	2026-06-13
daitubiao	大图标	2026-06-13
daitukushui	大吐苦水	2026-06-13
daitun	大屯	2026-06-13
daitunshan	大屯山	2026-06-13
daitusha	大屠杀	2026-06-13
daiwa	大洼	2026-06-13
daiwan	大宛	2026-06-13
daiwan	大湾	2026-06-13
daiwan	大碗	2026-06-13
daiwang	大网	2026-06-13
daiwanglu	大望路	2026-06-13
daiwantewan	大玩特玩	2026-06-13
daiwaxian	大洼县	2026-06-13
daiwei	大为	2026-06-13
daiwei	大伟	2026-06-13
daiwei	大位	2026-06-13
daiwei	大威	2026-06-13
daiwei	大维	2026-06-13
daiweibijia	大未必佳	2026-06-13
daiweichijing	大为吃惊	2026-06-13
daiweigaiguan	大为改观	2026-06-13
daiweishan	大围山	2026-06-13
daiwenhe	大汶河	2026-06-13
daiwenkou	大汶口	2026-06-13
daiwu	大午	2026-06-13
daiwu	大屋	2026-06-13
daiwu	大巫	2026-06-13
daiwu	大武	2026-06-13
daiwu	大雾	2026-06-13
daiwukouqu	大武口区	2026-06-13
daiwuli	大屋里	2026-06-13
daiwushan	大武山	2026-06-13
daixi	大溪	2026-06-13
daixi	大西	2026-06-13
daixia	大夏	2026-06-13
daixia	大峡	2026-06-13
daixia	大虾	2026-06-13
daixiagu	大峡谷	2026-06-13
daixian	大仙	2026-06-13
daixian	大县	2026-06-13
daixian	大显	2026-06-13
daixian	大线	2026-06-13
daixian	大贤	2026-06-13
daixian	大险	2026-06-13
daixian	待见	2026-06-13
daixiang	大响	2026-06-13
daixiang	大巷	2026-06-13
daixiang	大祥	2026-06-13
daixiang	大箱	2026-06-13
daixiangzi	大箱子	2026-06-13
daixide	大溪地	2026-06-13
daixidi	大溪地	2026-06-13
daixie	大些	2026-06-13
daixieshuai	代谢率	2026-06-13
daiximen	大西门	2026-06-13
daixing	大星	2026-06-13
daixing	大行	2026-06-13
daixinggong	大行宫	2026-06-13
daixingqidao	大行其道	2026-06-13
daixinxian	大新县	2026-06-13
daixiong	大兄	2026-06-13
daixiong	大熊	2026-06-13
daixiong	大胸	2026-06-13
daixiong	大雄	2026-06-13
daixiongdian	大雄殿	2026-06-13
daixun	大勋	2026-06-13
daixun	大汛	2026-06-13
daiyali	大鸭梨	2026-06-13
daiyan	大堰	2026-06-13
daiyan	大岩	2026-06-13
daiyan	大眼	2026-06-13
daiyan	大研	2026-06-13
daiyanbinke	大宴宾客	2026-06-13
daiyandai	大眼袋	2026-06-13
daiyandeng	大眼瞪	2026-06-13
daiyang	大阳	2026-06-13
daiyangge	大秧歌	2026-06-13
daiyangshu	大杨树	2026-06-13
daiyanguo	大燕国	2026-06-13
daiyangxian	大阳线	2026-06-13
daiyanhe	大堰河	2026-06-13
daiyanmao	大沿帽	2026-06-13
daiyantong	大岩桐	2026-06-13
daiyanzei	大眼贼	2026-06-13
daiyanzhen	大研镇	2026-06-13
daiyao	大姚	2026-06-13
daiyaoshan	大瑶山	2026-06-13
daiyaowan	大窑湾	2026-06-13
daiyaoyikou	大咬一口	2026-06-13
daiyawan	大亚湾	2026-06-13
daiyawanhedianzhan	大亚湾核电站	2026-06-13
daiye	大野	2026-06-13
daiyeban	大夜班	2026-06-13
daiyecha	大叶茶	2026-06-13
daiyi	大异	2026-06-13
daiyi	大艺	2026-06-13
daiying	大影	2026-06-13
daiying	大英	2026-06-13
daiying	大营	2026-06-13
daiying	大鹰	2026-06-13
daiyingbaikequanshu	大英百科全书	2026-06-13
daiyingbowuguan	大英博物馆	2026-06-13
daiyingdiguo	大英帝国	2026-06-13
daiyingjia	大赢家	2026-06-13
daiyingpan	大硬盘	2026-06-13
daiyingtao	大樱桃	2026-06-13
daiyong	大庸	2026-06-13
daiyong	大用	2026-06-13
daiyongchang	大用场	2026-06-13
daiyongchu	大用处	2026-06-13
daiyongshi	大庸市	2026-06-13
daiyouyuan	大又圆	2026-06-13
daiyu	大于	2026-06-13
daiyu	大屿	2026-06-13
daiyu	大峪	2026-06-13
daiyu	大渔	2026-06-13
daiyu	大鱼	2026-06-13
daiyuan	大元	2026-06-13
daiyuan	大原	2026-06-13
daiyuan	大园	2026-06-13
daiyuan	大源	2026-06-13
daiyuan	大远	2026-06-13
daiyuchi	大鱼吃	2026-06-13
daiyudarou	大鱼大肉	2026-06-13
daiyudong	大榆洞	2026-06-13
daiyue	大乐	2026-06-13
daiyue	大岳	2026-06-13
daiyue	大悦	2026-06-13
daiyuer	大玉儿	2026-06-13
daiyuetou	大乐透	2026-06-13
daiyugang	大鱼缸	2026-06-13
daiyuhai	大玉海	2026-06-13
daiyuhao	大于号	2026-06-13
daiyuli	大于利	2026-06-13
daiyuling	大庾岭	2026-06-13
daiyun	大云	2026-06-13
daiyun	大运	2026-06-13
daiyuncun	大运村	2026-06-13
daiyunhui	大运会	2026-06-13
daiyunkuai	大运会	2026-06-13
daiyunshan	大云山	2026-06-13
daiyuqiu	大于求	2026-06-13
daiyuruozhi	大愚若智	2026-06-13
daiyushan	大屿山	2026-06-13
daiyushu	大榆树	2026-06-13
daizai	大灾	2026-06-13
daizainan	大灾难	2026-06-13
daize	大泽	2026-06-13
daizeng	大增	2026-06-13
daizeshan	大泽山	2026-06-13
daizexiang	大泽乡	2026-06-13
daizha	大闸	2026-06-13
daizhai	大宅	2026-06-13
daizhai	大寨	2026-06-13
daizhaimen	大宅门	2026-06-13
daizhalan	大栅栏	2026-06-13
daizhang	大张	2026-06-13
daizhang	大樟	2026-06-13
daizhanglao	大长老	2026-06-13
daizhangpeng	大帐篷	2026-06-13
daizhangwei	大张伟	2026-06-13
daizhao	大招	2026-06-13
daizhaxie	大闸蟹	2026-06-13
daizhen	大振	2026-06-13
daizhen	大真	2026-06-13
daizhen	大震	2026-06-13
daizheng	大征	2026-06-13
daizheng	大正	2026-06-13
daizhi	大值	2026-06-13
daizhi	大只	2026-06-13
daizhi	大旨	2026-06-13
daizhi	大枝	2026-06-13
daizhi	大直	2026-06-13
daizhong	大中	2026-06-13
daizhong	大冢	2026-06-13
daizhong	大种	2026-06-13
daizhongchengshi	大中城市	2026-06-13
daizhonghua	大中华	2026-06-13
daizhonghuaqu	大中华区	2026-06-13
daizhongma	大仲马	2026-06-13
daizhongxiangfu	大中祥符	2026-06-13
daizhongxiao	大中小	2026-06-13
daizhongxiaochengshi	大中小城市	2026-06-13
daizhongxiaoqiye	大中小企业	2026-06-13
daizhongxiaoxue	大中小学	2026-06-13
daizhongxiaoxuesheng	大中小学生	2026-06-13
daizhongxing	大中型	2026-06-13
daizhongxuesheng	大中学生	2026-06-13
daizhongxuexiao	大中学校	2026-06-13
daizhongzhuan	大中专	2026-06-13
daizhongzhuansheng	大中专生	2026-06-13
daizhou	大舟	2026-06-13
daizhu	大柱	2026-06-13
daizhu	大珠	2026-06-13
daizhu	大竹	2026-06-13
daizhuan	代传	2026-06-13
daizhuan	待传	2026-06-13
daizhuang	大庄	2026-06-13
daizhuang	大桩	2026-06-13
daizhuangyuan	大庄园	2026-06-13
daizhuanpan	大转盘	2026-06-13
daizhuanwan	大转弯	2026-06-13
daizhuanzhe	大转折	2026-06-13
daizhulin	大竹林	2026-06-13
daizhuxiaozhulayupan	大珠小珠落玉盘	2026-06-13
daizhuxiaozhuluoyupan	大珠小珠落玉盘	2026-06-13
daizhuzi	大柱子	2026-06-13
daizizi	大姊姊	2026-06-13
daizui	大嘴	2026-06-13
daizuiba	大嘴巴	2026-06-13
daizuiniao	大嘴鸟	2026-06-13
daizuo	大佐	2026-06-13
daizuo	大座	2026-06-13
daizuorong	大祚荣	2026-06-13
dajiayue	大家乐	2026-06-13
dajiedai	大姐大	2026-06-13
dajishuai	打击率	2026-06-13
dakaodaiwan	大考大玩	2026-06-13
damingdaifang	大鸣大放	2026-06-13
danbei	单臂	2026-06-13
danboyue	弹拨乐	2026-06-13
dandai	胆大	2026-06-13
danghuoguojia	党和国家	2026-06-13
danghuorenmin	党和人民	2026-06-13
danghuozhengfu	党和政府	2026-06-13
danjue	单角	2026-06-13
daocishuai	导磁率	2026-06-13
daodaimei	倒大霉	2026-06-13
daojue	倒角	2026-06-13
daoweishuai	到位率	2026-06-13
dapodaili	大破大立	2026-06-13
daxiaopian	大小便	2026-06-13
daxiekuai	答谢会	2026-06-13
dayadaisu	大雅大俗	2026-06-13
dayue	大乐	2026-06-13
dayuetou	大乐透	2026-06-13
dayunkuai	大运会	2026-06-13
dazhidaihui	大智大慧	2026-06-13
dazhuxiaozhulayupan	大珠小珠落玉盘	2026-06-13
dedai	德大	2026-06-13
dedaiyushi	得大于失	2026-06-13
defenshuai	得分率	2026-06-13
delaise	德莱塞	2026-06-13
dengbiansanjue	等边三角	2026-06-13
dengyaosanjue	等腰三角	2026-06-13
depiaoshuai	得票率	2026-06-13
dese	德塞	2026-06-13
diandaiqike	店大欺客	2026-06-13
dianhuakuai	电话会	2026-06-13
dianjishuai	点击率	2026-06-13
dianjue	点角	2026-06-13
dianshengyue	电声乐	2026-06-13
dianyuankuopeiqi	电源适配器	2026-06-13
diaobei	吊臂	2026-06-13
diaodaiyu	钓大鱼	2026-06-13
diaodukuai	调度会	2026-06-13
diaojue	调角	2026-06-13
diaola	掉落	2026-06-13
diaolazai	掉落在	2026-06-13
diaoshuai	掉率	2026-06-13
didai	地大	2026-06-13
didaihan	地大喊	2026-06-13
diede	嗲得	2026-06-13
diedi	嗲地	2026-06-13
diedie	嗲嗲	2026-06-13
dieshengdieqi	嗲声嗲气	2026-06-13
difenbianshuai	低分辨率	2026-06-13
dila	蒂落	2026-06-13
dima	底抹	2026-06-13
dimandeng	地埋灯	2026-06-13
dingduokuai	顶多会	2026-06-13
dinggankun	定乾坤	2026-06-13
dinghuokuai	定货会	2026-06-13
dinghuokuai	订货会	2026-06-13
dingkuai	定会	2026-06-13
dingshuai	定率	2026-06-13
diseer	迪塞尔	2026-06-13
ditoubujiantaitouxian	低头不见抬头见	2026-06-13
diyima	第一抹	2026-06-13
dizengshuai	递增率	2026-06-13
dizhuan	递传	2026-06-13
dongaokuai	冬奥会	2026-06-13
dongbeijue	东北角	2026-06-13
dongdai	东大	2026-06-13
dongdaisi	东大寺	2026-06-13
dongfeidailiegu	东非大裂谷	2026-06-13
dongjue	东角	2026-06-13
dongnanjue	东南角	2026-06-13
dongyuankuai	动员会	2026-06-13
douhaimo	都还没	2026-06-13
doushuai	兜率	2026-06-13
doushuaitian	兜率天	2026-06-13
doushuokuai	都说会	2026-06-13
duanla	断落	2026-06-13
duanxian	断见	2026-06-13
dubei	独臂	2026-06-13
dubeidao	独臂刀	2026-06-13
dudai	独大	2026-06-13
duihuakuai	对话会	2026-06-13
duihuanshuai	兑换率	2026-06-13
duikuai	队会	2026-06-13
dujue	度角	2026-06-13
duobankuai	多半会	2026-06-13
duojue	多角	2026-06-13
duojuelian	多角恋	2026-06-13
duola	堕落	2026-06-13
duolajie	堕落街	2026-06-13
duoma	多抹	2026-06-13
duomo	多万	2026-06-13
duomoce	多万册	2026-06-13
duomodun	多万吨	2026-06-13
duomofen	多万份	2026-06-13
duomoge	多万个	2026-06-13
duomogongli	多万公里	2026-06-13
duomojian	多万件	2026-06-13
duomoliang	多万两	2026-06-13
duomomeiyuan	多万美元	2026-06-13
duomoming	多万名	2026-06-13
duomopingfanggongli	多万平方公里	2026-06-13
duomopingfangmi	多万平方米	2026-06-13
duomorenci	多万人次	2026-06-13
duomoshou	多万首	2026-06-13
duomotai	多万台	2026-06-13
duomotiao	多万条	2026-06-13
duomoyuan	多万元	2026-06-13
duomozhong	多万种	2026-06-13
duomozhu	多万株	2026-06-13
duonianweixian	多年未见	2026-06-13
duonuomo	多诺万	2026-06-13
duosetejun	多塞特郡	2026-06-13
duoyue	多乐	2026-06-13
duse	杜塞	2026-06-13
duseer	杜塞尔	2026-06-13
duseerduofu	杜塞尔多夫	2026-06-13
dushukuai	读书会	2026-06-13
duzoukuai	独奏会	2026-06-13
eee	哦哦哦	2026-06-13
eeo	哦哦哦	2026-06-13
ehaozhuanlai	噩耗传来	2026-06-13
eoe	哦哦哦	2026-06-13
eoo	哦哦哦	2026-06-13
erbaiduomo	二百多万	2026-06-13
erjue	二角	2026-06-13
ermo	二万	2026-06-13
ermoduo	二万多	2026-06-13
ermoge	二万个	2026-06-13
ermokuai	二万块	2026-06-13
ermoren	二万人	2026-06-13
ermowuqian	二万五千	2026-06-13
ermowuqianli	二万五千里	2026-06-13
ermoyu	二万余	2026-06-13
ersanmo	二三万	2026-06-13
ershibamo	二十八万	2026-06-13
ershidai	二十大	2026-06-13
ershiduomo	二十多万	2026-06-13
ershiermo	二十二万	2026-06-13
ershijimo	二十几万	2026-06-13
ershisimo	二十四万	2026-06-13
ershiwumo	二十五万	2026-06-13
ershiyimo	二十一万	2026-06-13
ershiyumo	二十余万	2026-06-13
eryidai	二医大	2026-06-13
erzhuan	二传	2026-06-13
faanshuai	发案率	2026-06-13
fabukuai	发布会	2026-06-13
fadaicai	发大财	2026-06-13
fangcundailuan	方寸大乱	2026-06-13
fangjue	房角	2026-06-13
fangshengdaiku	放声大哭	2026-06-13
fangshi	仿似	2026-06-13
fanhuashijin	繁华似锦	2026-06-13
fanjue	反角	2026-06-13
fansheshuai	反射率	2026-06-13
fanxin	翻寻	2026-06-13
fanxiushuai	返修率	2026-06-13
fanzhaoshuai	反照率	2026-06-13
fanzhishuai	繁殖率	2026-06-13
fanzuishuai	犯罪率	2026-06-13
fashengshuai	发生率	2026-06-13
faxian	发见	2026-06-13
fayue	法乐	2026-06-13
feibixinchang	非比寻常	2026-06-13
feidai	匪大	2026-06-13
feifeidadai	肥肥大大	2026-06-13
feigezhuanshu	飞鸽传书	2026-06-13
feiguodai	非国大	2026-06-13
feipangshuai	肥胖率	2026-06-13
feishuai	费率	2026-06-13
feiyeshi	飞也似	2026-06-13
feiyongshuai	费用率	2026-06-13
feizhouzhijue	非洲之角	2026-06-13
feizhuan	妃传	2026-06-13
fenbianshuai	分辨率	2026-06-13
fenbianshuai	分辩率	2026-06-13
fengchuicaodixianniuyang	风吹草低见牛羊	2026-06-13
fengkuai	峰会	2026-06-13
fengongkuai	分工会	2026-06-13
fengqingmozhong	风情万种	2026-06-13
fengrenpianjiang	逢人便讲	2026-06-13
fengxian	逢见	2026-06-13
fengzhengkuai	风筝会	2026-06-13
fenla	纷落	2026-06-13
fenshiliangjue	分饰两角	2026-06-13
fenshuai	分率	2026-06-13
fenzukuai	分组会	2026-06-13
fubokuai	服博会	2026-06-13
fudai	福大	2026-06-13
fudai	辅大	2026-06-13
fudaigui	富大贵	2026-06-13
fudejue	佛得角	2026-06-13
fugaishuai	覆盖率	2026-06-13
fuhuaduola	腐化堕落	2026-06-13
fuhuashuai	孵化率	2026-06-13
fuhuo	福和	2026-06-13
fujiukuai	妇救会	2026-06-13
fukuai	妇会	2026-06-13
furenzhixian	妇人之见	2026-06-13
futejijinkuai	福特基金会	2026-06-13
fuyangjue	俯仰角	2026-06-13
fuyue	佛乐	2026-06-13
fuzhaishuai	负债率	2026-06-13
gaidai	改大	2026-06-13
gaikuai	该会	2026-06-13
gangua	乾卦	2026-06-13
ganjia	乾嘉	2026-06-13
ganjie	柑桔	2026-06-13
gankun	乾坤	2026-06-13
gankundai	乾坤袋	2026-06-13
ganling	乾陵	2026-06-13
ganlong	乾隆	2026-06-13
ganlongdi	乾隆帝	2026-06-13
ganlonghuangdi	乾隆皇帝	2026-06-13
ganlongnianjian	乾隆年间	2026-06-13
ganranshuai	感染率	2026-06-13
gaoerfuqiukuai	高尔夫球会	2026-06-13
gaofenbianshuai	高分辨率	2026-06-13
gaokuai	高会	2026-06-13
gaola	皋落	2026-06-13
gaoma	膏抹	2026-06-13
gaopinshuai	高频率	2026-06-13
gaoshoushishuai	高收视率	2026-06-13
gaoyue	高乐	2026-06-13
gedai	革大	2026-06-13
gemikuai	歌迷会	2026-06-13
gengkuoyi	更适宜	2026-06-13
gengpian	更便	2026-06-13
geshuyixian	各抒已见	2026-06-13
geweikuai	革委会	2026-06-13
geyongkuai	歌咏会	2026-06-13
geyoukuai	歌友会	2026-06-13
geyue	歌乐	2026-06-13
gongbukemo	功不可没	2026-06-13
gongdai	工大	2026-06-13
gongdaiyuqiu	供大于求	2026-06-13
gonggushuai	巩固率	2026-06-13
gonghuojian	弓和箭	2026-06-13
gongjikuai	共济会	2026-06-13
gongxianshuai	贡献率	2026-06-13
gongyue	共乐	2026-06-13
gongzhankuai	工展会	2026-06-13
guaer	聒耳	2026-06-13
guajue	挂角	2026-06-13
guanghuore	光和热	2026-06-13
guangjue	广角	2026-06-13
guangjueduan	广角端	2026-06-13
guangjuejing	广角镜	2026-06-13
guangkuai	光会	2026-06-13
guanmokuai	观摩会	2026-06-13
guanweikuai	管委会	2026-06-13
guanyindaishi	观音大士	2026-06-13
guazao	聒噪	2026-06-13
gudingmashuai	固定码率	2026-06-13
gudongkuai	股东会	2026-06-13
guochanhuashuai	国产化率	2026-06-13
guodai	国大	2026-06-13
guojiadaijuyuan	国家大剧院	2026-06-13
guojiaoweikuai	国际奥委会	2026-06-13
gushikuai	故事会	2026-06-13
gutianyue	古天乐	2026-06-13
guzhangshuai	故障率	2026-06-13
guzhiyixian	固执已见	2026-06-13
hadaixian	哈大线	2026-06-13
hagongdai	哈工大	2026-06-13
haidai	海大	2026-06-13
haide	咳得	2026-06-13
haidei	咳得	2026-06-13
haikuai	海会	2026-06-13
haise	海塞	2026-06-13
haiseer	海塞尔	2026-06-13
haisheng	咳声	2026-06-13
haixing	咳醒	2026-06-13
hanhai	寒咳	2026-06-13
hanshuishuai	含水率	2026-06-13
haodianmo	好点没	2026-06-13
haojimo	好几万	2026-06-13
haojiumo	好久没	2026-06-13
haolemo	好了没	2026-06-13
haopingshuai	好评率	2026-06-13
haosunshuai	耗损率	2026-06-13
haoxiazhuan	豪侠传	2026-06-13
haoxinmohao	好心没好	2026-06-13
haoyoushuai	耗油率	2026-06-13
haoyuedi	好乐迪	2026-06-13
haqiakuai	哈洽会	2026-06-13
hayidai	哈医大	2026-06-13
hechuxin	何处寻	2026-06-13
hedai	河大	2026-06-13
heenjue	合恩角	2026-06-13
hegeshuai	合格率	2026-06-13
hegongdai	合工大	2026-06-13
heijue	黑角	2026-06-13
heisegeweina	黑塞哥维那	2026-06-13
hejiahuanyue	合家欢乐	2026-06-13
hekuai	合会	2026-06-13
hendai	很大	2026-06-13
hengdai	恒大	2026-06-13
henjiumo	很久没	2026-06-13
hese	赫塞	2026-06-13
hexian	鹤见	2026-06-13
hongjue	红角	2026-06-13
hongyanzhuanshu	鸿雁传书	2026-06-13
houdai	厚大	2026-06-13
houkuai	后会	2026-06-13
houlvejue	后掠角	2026-06-13
houtianxiazhileeryue	后天下之乐而乐	2026-06-13
houtianxiazhiyueerle	后天下之乐而乐	2026-06-13
houtianxiazhiyueeryue	后天下之乐而乐	2026-06-13
houyuankuai	后援会	2026-06-13
huabei	花臂	2026-06-13
huabeidaipingyuan	华北大平原	2026-06-13
huadai	华大	2026-06-13
huajue	画角	2026-06-13
huakaihuala	花开花落	2026-06-13
huakuai	画会	2026-06-13
huala	花落	2026-06-13
hualashuijia	花落谁家	2026-06-13
huanbingshuai	患病率	2026-06-13
huangfujuezhi	黄腹角雉	2026-06-13
huanhuanleyue	欢欢乐乐	2026-06-13
huanjue	换角	2026-06-13
huannanxianzhenqing	患难见真情	2026-06-13
huanshoushuai	换手率	2026-06-13
huansongkuai	欢送会	2026-06-13
huansongwankuai	欢送晚会	2026-06-13
huanyingkuai	欢迎会	2026-06-13
huashijin	花似锦	2026-06-13
huashuai	化率	2026-06-13
huayingangla	话音刚落	2026-06-13
huayinweila	话音未落	2026-06-13
huazhuan	画传	2026-06-13
hubei	护臂	2026-06-13
huchihaise	胡吃海塞	2026-06-13
hudaihuxiao	忽大忽小	2026-06-13
huhudaishui	呼呼大睡	2026-06-13
huibaokuai	汇报会	2026-06-13
huibaoshuai	回报率	2026-06-13
huibei	挥臂	2026-06-13
huifushuai	回复率	2026-06-13
huikuai	会会	2026-06-13
huishuokuaixie	会说会写	2026-06-13
huizhuan	回传	2026-06-13
hujikuai	互济会	2026-06-13
hulapingyang	虎落平阳	2026-06-13
hunanshidai	湖南师大	2026-06-13
huoaozhou	和澳洲	2026-06-13
huobogen	和勃艮	2026-06-13
huocaizhuang	和彩妆	2026-06-13
huodai	火大	2026-06-13
huodaihuoxiao	或大或小	2026-06-13
huofeng	和丰	2026-06-13
huofulan	和弗兰	2026-06-13
huoge	和歌	2026-06-13
huohaojun	和蒿俊	2026-06-13
huohemumu	和和睦睦	2026-06-13
huoheqiqi	和和气气	2026-06-13
huohuase	火花塞	2026-06-13
huojiangshuai	获奖率	2026-06-13
huojijufang	和剂局方	2026-06-13
huokongjie	和空姐	2026-06-13
huokuai	活会	2026-06-13
huolong	和龙	2026-06-13
huolongshi	和龙市	2026-06-13
huonuer	和努尔	2026-06-13
huopai	和牌	2026-06-13
huoqixia	和栖霞	2026-06-13
huoranshuai	或然率	2026-06-13
huoshen	和珅	2026-06-13
huotana	和塔娜	2026-06-13
huotian	和田	2026-06-13
huotianxian	和田县	2026-06-13
huotuer	和徒儿	2026-06-13
huoweijianpi	和胃健脾	2026-06-13
huoweiyu	和尾羽	2026-06-13
huoxian	和县	2026-06-13
huoxiaohong	和小红	2026-06-13
huoxiaojian	和小建	2026-06-13
huoxiaojing	和小静	2026-06-13
huoxiaokong	和小孔	2026-06-13
huoxiaoluo	和小罗	2026-06-13
huoxiaoning	和小宁	2026-06-13
huoxingse	火星塞	2026-06-13
huoyi	和义	2026-06-13
huoyutan	和玉檀	2026-06-13
huqihula	忽起忽落	2026-06-13
huse	胡塞	2026-06-13
huseer	胡塞尔	2026-06-13
huzhuan	互传	2026-06-13
huzhukuai	互助会	2026-06-13
jiadai	加大	2026-06-13
jiadaikong	假大空	2026-06-13
jiaman	加埋	2026-06-13
jianandaizhen	嘉南大圳	2026-06-13
jianbei	肩臂	2026-06-13
jianchahuo	检查和	2026-06-13
jianchushuai	检出率	2026-06-13
jiandai	建大	2026-06-13
jiandingkuai	鉴定会	2026-06-13
jianfeiyue	减肥乐	2026-06-13
jiangma	酱抹	2026-06-13
jiangman	讲埋	2026-06-13
jiangxianghuo	将相和	2026-06-13
jiangxikuai	讲习会	2026-06-13
jiangyuexian	将乐县	2026-06-13
jianhuo	建和	2026-06-13
jianjianjue	尖尖角	2026-06-13
jianjue	尖角	2026-06-13
jianjue	键角	2026-06-13
jianmiankuai	见面会	2026-06-13
jianshangkuai	鉴赏会	2026-06-13
jiantaokuai	检讨会	2026-06-13
jianxian	见见	2026-06-13
jianxiazhuan	剑侠传	2026-06-13
jiaodai	交大	2026-06-13
jiaodimayou	脚底抹油	2026-06-13
jiaojiaoluola	角角落落	2026-06-13
jiaojue	角角	2026-06-13
jiaokuai	教会	2026-06-13
jiaokuaixuexiao	教会学校	2026-06-13
jiaoliukuai	交流会	2026-06-13
jiaoliutikuai	交流体会	2026-06-13
jiaose	胶塞	2026-06-13
jiaoweikuai	教委会	2026-06-13
jiaoxiangyinyuekuai	交响音乐会	2026-06-13
jiaoxuedailou	教学大楼	2026-06-13
jiaoyangshihuo	骄阳似火	2026-06-13
jiaoyikuai	交易会	2026-06-13
jiaoyukuai	教育会	2026-06-13
jiarukuai	假如会	2026-06-13
jiase	加塞	2026-06-13
jiaseer	夹塞儿	2026-06-13
jiashekuai	假设会	2026-06-13
jiashidao	贾似道	2026-06-13
jiaweikuai	家委会	2026-06-13
jiayue	家乐	2026-06-13
jiayuefu	家乐福	2026-06-13
jiayueshui	佳乐水	2026-06-13
jiazhangkuai	家长会	2026-06-13
jiazhuan	假传	2026-06-13
jiazhuangkuai	假装会	2026-06-13
jiazhuanshengzhi	假传圣旨	2026-06-13
jidai	几大	2026-06-13
jidai	暨大	2026-06-13
jidai	纪大	2026-06-13
jidailei	几大类	2026-06-13
jieanshuai	结案率	2026-06-13
jiegan	桔柑	2026-06-13
jiehong	桔红	2026-06-13
jiehongse	桔红色	2026-06-13
jiehuang	桔黄	2026-06-13
jiehuangse	桔黄色	2026-06-13
jiekuai	节会	2026-06-13
jiela	解落	2026-06-13
jiepi	桔皮	2026-06-13
jieshu	桔树	2026-06-13
jietongshuai	接通率	2026-06-13
jiewei	桔味	2026-06-13
jiexian	接见	2026-06-13
jieyuan	桔园	2026-06-13
jiezhi	桔汁	2026-06-13
jiezi	桔子	2026-06-13
jiezihongle	桔子红了	2026-06-13
jiezihongliao	桔子红了	2026-06-13
jiezijiang	桔子酱	2026-06-13
jiezipi	桔子皮	2026-06-13
jiezishui	桔子水	2026-06-13
jigeshuai	及格率	2026-06-13
jijinkuai	基金会	2026-06-13
jijue	几角	2026-06-13
jikuai	几会	2026-06-13
jikuai	级会	2026-06-13
jikuai	计会	2026-06-13
jila	集落	2026-06-13
jima	几抹	2026-06-13
jimo	几万	2026-06-13
jimobei	几万倍	2026-06-13
jimoge	几万个	2026-06-13
jimojin	几万斤	2026-06-13
jimojishiwan	几万几十万	2026-06-13
jimokuai	几万块	2026-06-13
jimoli	几万里	2026-06-13
jimomi	几万米	2026-06-13
jimoming	几万名	2026-06-13
jimoren	几万人	2026-06-13
jimotou	几万头	2026-06-13
jimoyuan	几万元	2026-06-13
jimozhi	几万只	2026-06-13
jimozhong	几万种	2026-06-13
jinghukuai	经互会	2026-06-13
jingshelishikuai	经社理事会	2026-06-13
jingtiandai	惊天大	2026-06-13
jingxian	惊见	2026-06-13
jinhuo	金和	2026-06-13
jinjie	金桔	2026-06-13
jinjue	金角	2026-06-13
jinjuewan	金角湾	2026-06-13
jinjueyin	金角银	2026-06-13
jinkuai	浸会	2026-06-13
jinmojia	进万家	2026-06-13
jinmoming	近万名	2026-06-13
jinxinkuai	浸信会	2026-06-13
jinyue	今乐	2026-06-13
jipian	急便	2026-06-13
jiqianjimo	几千几万	2026-06-13
jiqianjimotiao	几千几万条	2026-06-13
jishuai	即率	2026-06-13
jishuai	机率	2026-06-13
jiudai	九大	2026-06-13
jiujue	九角	2026-06-13
jiumo	九万	2026-06-13
jiumoge	九万个	2026-06-13
jiumoli	九万里	2026-06-13
jiumowuqian	九万五千	2026-06-13
jiushiduomo	九十多万	2026-06-13
jiushiwumo	九十五万	2026-06-13
jiuyeshuai	就业率	2026-06-13
jiuyunkuai	九运会	2026-06-13
jizhankuai	技展会	2026-06-13
jizhekuai	记者会	2026-06-13
jizhuan	籍传	2026-06-13
jizhuan	际传	2026-06-13
jubei	巨臂	2026-06-13
jucankuai	聚餐会	2026-06-13
juebei	角杯	2026-06-13
juebei	角背	2026-06-13
juebukuai	决不会	2026-06-13
juechong	角虫	2026-06-13
juechuan	角川	2026-06-13
juedai	绝大	2026-06-13
juedanbai	角蛋白	2026-06-13
juedehenmo	觉得很没	2026-06-13
juedi	角抵	2026-06-13
juediao	角雕	2026-06-13
juedidai	绝地大	2026-06-13
jueer	角儿	2026-06-13
juefeng	角峰	2026-06-13
jueguo	角果	2026-06-13
juejiao	角角	2026-06-13
juejiaoluola	角角落落	2026-06-13
juejiaoluoluo	角角落落	2026-06-13
juejiasudu	角加速度	2026-06-13
juejing	角井	2026-06-13
juejue	角角	2026-06-13
jueliang	角梁	2026-06-13
juema	角马	2026-06-13
juemei	角美	2026-06-13
juemeizhen	角美镇	2026-06-13
juepinlv	角频率	2026-06-13
jueqi	角旗	2026-06-13
jueqian	角钱	2026-06-13
juesha	角鲨	2026-06-13
jueshawan	角鲨烷	2026-06-13
juetao	角套	2026-06-13
jueting	角亭	2026-06-13
juetou	角头	2026-06-13
juewa	角蛙	2026-06-13
jueweiyi	角位移	2026-06-13
juexie	角斜	2026-06-13
juexing	角形	2026-06-13
juexinhendai	决心很大	2026-06-13
jueye	角野	2026-06-13
juezhi	角雉	2026-06-13
juezhu	角柱	2026-06-13
juezhuang	角状	2026-06-13
juezhui	角锥	2026-06-13
juezhuiti	角锥体	2026-06-13
junla	菌落	2026-06-13
junweikuai	军委会	2026-06-13
junyidai	军医大	2026-06-13
juweikuai	居委会	2026-06-13
juyue	菊乐	2026-06-13
juzhuan	据传	2026-06-13
kaidai	开大	2026-06-13
kaigongshuai	开工率	2026-06-13
kaima	揩抹	2026-06-13
kaimenxianxi	开门见喜	2026-06-13
kaimukuai	开幕会	2026-06-13
kaipo	开剖	2026-06-13
kaiselin	凯塞琳	2026-06-13
kanaweilaerjue	卡纳维拉尔角	2026-06-13
kandai	刊大	2026-06-13
kandaiha	坎大哈	2026-06-13
kandaitu	看大图	2026-06-13
kandexian	看得见	2026-06-13
kangdai	抗大	2026-06-13
kangsepuxiweng	康塞普西翁	2026-06-13
kangyuexian	康乐县	2026-06-13
kanpiankuai	看片会	2026-06-13
kanshi	看似	2026-06-13
kaoshie	考试哦	2026-06-13
kaseer	卡塞尔	2026-06-13
kebokuai	科博会	2026-06-13
kedai	可大	2026-06-13
kedai	科大	2026-06-13
kedaikexiao	可大可小	2026-06-13
kejidailou	科技大楼	2026-06-13
kekuai	可会	2026-06-13
kelaoseweici	克劳塞维茨	2026-06-13
kelianxian	可怜见	2026-06-13
kengman	坑埋	2026-06-13
kenkuai	肯会	2026-06-13
kentankuai	恳谈会	2026-06-13
kese	克塞	2026-06-13
keseer	克塞尔	2026-06-13
kesenhuo	克森和	2026-06-13
kesuizhupian	客随主便	2026-06-13
keyemo	可也没	2026-06-13
keyuemei	科乐美	2026-06-13
kezhenkuai	可真会	2026-06-13
kezuoshuai	客座率	2026-06-13
kongdai	空大	2026-06-13
kongjianhuoshi	空间和时	2026-06-13
kongkonglala	空空落落	2026-06-13
kongkonglaluo	空空落落	2026-06-13
kongkongluola	空空落落	2026-06-13
kongxian	空见	2026-06-13
kongxishuai	孔隙率	2026-06-13
kongzhishuai	控制率	2026-06-13
kongzhishuai	空置率	2026-06-13
koushuai	扣率	2026-06-13
kuaibo	会播	2026-06-13
kuaicuoyi	会错意	2026-06-13
kuaidaifu	蒯大富	2026-06-13
kuaidan	会弹	2026-06-13
kuaide	会地	2026-06-13
kuaidi	会地	2026-06-13
kuaidian	会点	2026-06-13
kuaidong	会东	2026-06-13
kuaidong	会动	2026-06-13
kuaifen	会分	2026-06-13
kuaifu	会付	2026-06-13
kuaifu	会服	2026-06-13
kuaigao	会稿	2026-06-13
kuaige	会歌	2026-06-13
kuaigou	会够	2026-06-13
kuaiguan	会管	2026-06-13
kuaihou	会后	2026-06-13
kuaihua	会画	2026-06-13
kuaihui	会会	2026-06-13
kuaijiao	会教	2026-06-13
kuaijishan	会稽山	2026-06-13
kuaika	会卡	2026-06-13
kuaikou	会扣	2026-06-13
kuaikuai	会会	2026-06-13
kuaikuaileyue	快快乐乐	2026-06-13
kuaikuan	会款	2026-06-13
kuaikuo	快适	2026-06-13
kuailai	会来	2026-06-13
kuaimeng	会盟	2026-06-13
kuaimi	会密	2026-06-13
kuaimole	快没了	2026-06-13
kuaimoliao	快没了	2026-06-13
kuaipai	会派	2026-06-13
kuaipiao	会票	2026-06-13
kuaiqi	会旗	2026-06-13
kuaiqian	会前	2026-06-13
kuaiqing	会庆	2026-06-13
kuaiqu	会去	2026-06-13
kuaishai	会晒	2026-06-13
kuaisheng	会升	2026-06-13
kuaisheng	会生	2026-06-13
kuaishichang	会时常	2026-06-13
kuaishuohuixie	会说会写	2026-06-13
kuaishuokuaixie	会说会写	2026-06-13
kuaitan	会弹	2026-06-13
kuaitian	会填	2026-06-13
kuaiting	会厅	2026-06-13
kuaitou	会头	2026-06-13
kuaiyang	会阳	2026-06-13
kuaiyong	会用	2026-06-13
kuaiyue	会约	2026-06-13
kuaize	会泽	2026-06-13
kuaizhan	会展	2026-06-13
kuaizhan	会站	2026-06-13
kuaizhanjingji	会展经济	2026-06-13
kuaizhanye	会展业	2026-06-13
kuaizhanzhongxin	会展中心	2026-06-13
kuaizhebunan	会者不难	2026-06-13
kuaizhi	会指	2026-06-13
kuaizhong	会种	2026-06-13
kuaizhu	会主	2026-06-13
kuaizi	会子	2026-06-13
kuaizuoren	会做人	2026-06-13
kuangdai	矿大	2026-06-13
kuanghai	狂咳	2026-06-13
kuankuandadai	宽宽大大	2026-06-13
kuocai	适才	2026-06-13
kuodai	阔大	2026-06-13
kuodakuai	扩大会	2026-06-13
kuofeng	适逢	2026-06-13
kuohang	适航	2026-06-13
kuohangxing	适航性	2026-06-13
kuohangzheng	适航证	2026-06-13
kuohun	适婚	2026-06-13
kuohunnianling	适婚年龄	2026-06-13
kuokou	适口	2026-06-13
kuola	阔落	2026-06-13
kuoling	适龄	2026-06-13
kuolingertong	适龄儿童	2026-06-13
kuolingqingnian	适龄青年	2026-06-13
kuopei	适配	2026-06-13
kuopeiqi	适配器	2026-06-13
kuoshengqu	适生区	2026-06-13
kuoshi	适时	2026-06-13
kuoshide	适时地	2026-06-13
kuoshidi	适时地	2026-06-13
kuoxiao	适销	2026-06-13
kuoyi	适宜	2026-06-13
kuoyi	适意	2026-06-13
kuoyong	适用	2026-06-13
kuoyongfalv	适用法律	2026-06-13
kuoyongfang	适用房	2026-06-13
kuoyongfanwei	适用范围	2026-06-13
kuoyongrenqun	适用人群	2026-06-13
kuoyongxing	适用性	2026-06-13
kuoyou	适有	2026-06-13
kuozhe	适者	2026-06-13
kuozheshengcun	适者生存	2026-06-13
kuozhi	适之	2026-06-13
kuozu	适足	2026-06-13
kuyue	苦乐	2026-06-13
labai	落败	2026-06-13
laban	落班	2026-06-13
labiao	落标	2026-06-13
lachui	落锤	2026-06-13
ladai	拉大	2026-06-13
ladai	落袋	2026-06-13
ladaiqi	拉大旗	2026-06-13
ladao	落到	2026-06-13
ladaoshichu	落到实处	2026-06-13
ladiao	落掉	2026-06-13
lading	落定	2026-06-13
lafawang	落法网	2026-06-13
lagu	落谷	2026-06-13
laguo	落果	2026-06-13
lahai	落海	2026-06-13
lahua	落话	2026-06-13
lahui	落晖	2026-06-13
lahui	落灰	2026-06-13
lahun	落魂	2026-06-13
laimo	莱万	2026-06-13
laise	莱塞	2026-06-13
laixian	来见	2026-06-13
laji	落基	2026-06-13
lajia	落架	2026-06-13
lajin	落进	2026-06-13
lajing	落井	2026-06-13
lajishan	落基山	2026-06-13
lajiutian	落九天	2026-06-13
lala	落落	2026-06-13
lalei	落雷	2026-06-13
lali	落黎	2026-06-13
laluo	落落	2026-06-13
laman	拉埋	2026-06-13
lamei	落梅	2026-06-13
landai	兰大	2026-06-13
langsongkuai	朗诵会	2026-06-13
lanqiakuai	兰洽会	2026-06-13
laoshukuai	老鼠会	2026-06-13
laoxiangkuai	老乡会	2026-06-13
laoyousuoyue	老有所乐	2026-06-13
lapiaokuai	拉票会	2026-06-13
laqu	落去	2026-06-13
larenkoushi	落人口实	2026-06-13
laru	落入	2026-06-13
larusutao	落入俗套	2026-06-13
lase	拉塞	2026-06-13
laseer	拉塞尔	2026-06-13
lashi	落石	2026-06-13
lashou	落首	2026-06-13
lashuang	落霜	2026-06-13
latao	落桃	2026-06-13
lawu	落屋	2026-06-13
laxiang	落乡	2026-06-13
laxu	落絮	2026-06-13
laxue	落雪	2026-06-13
layan	落雁	2026-06-13
laying	落樱	2026-06-13
layu	落于	2026-06-13
layu	落雨	2026-06-13
lazaihoumian	落在后面	2026-06-13
lazang	落葬	2026-06-13
lazuo	落坐	2026-06-13
lebagu	肋巴骨	2026-06-13
leila	泪落	2026-06-13
lejian	肋间	2026-06-13
lejianji	肋间肌	2026-06-13
lemo	肋膜	2026-06-13
lepai	肋排	2026-06-13
leruangu	肋软骨	2026-06-13
lexian	乐见	2026-06-13
leyue	乐乐	2026-06-13
liandai	脸大	2026-06-13
liangbaiduomo	两百多万	2026-06-13
liangbei	两臂	2026-06-13
liangdailei	两大类	2026-06-13
liangdaizeng	量大增	2026-06-13
liangdaizhenying	两大阵营	2026-06-13
liangjue	两角	2026-06-13
liangjue	量角	2026-06-13
liangkuai	两会	2026-06-13
liangle	两肋	2026-06-13
liangma	两抹	2026-06-13
liangmo	两万	2026-06-13
liangmobaqian	两万八千	2026-06-13
liangmobaqianduo	两万八千多	2026-06-13
liangmobu	两万步	2026-06-13
liangmoduo	两万多	2026-06-13
liangmoduoge	两万多个	2026-06-13
liangmoduokuai	两万多块	2026-06-13
liangmoduoming	两万多名	2026-06-13
liangmoer	两万二	2026-06-13
liangmoge	两万个	2026-06-13
liangmojin	两万斤	2026-06-13
liangmokuai	两万块	2026-06-13
liangmoli	两万里	2026-06-13
liangmoliang	两万两	2026-06-13
liangmoliuqian	两万六千	2026-06-13
liangmoming	两万名	2026-06-13
liangmoren	两万人	2026-06-13
liangmosanqian	两万三千	2026-06-13
liangmosiqian	两万四千	2026-06-13
liangmowu	两万五	2026-06-13
liangmowuqian	两万五千	2026-06-13
liangmowuqianli	两万五千里	2026-06-13
liangmowuqianlizhangzheng	两万五千里长征	2026-06-13
liangmoyu	两万余	2026-06-13
liangmoyuan	两万元	2026-06-13
liangmozuoyou	两万左右	2026-06-13
liangpinshuai	良品率	2026-06-13
liangqianduomo	两千多万	2026-06-13
liangsanmo	两三万	2026-06-13
lianhekuai	联合会	2026-06-13
lianhekuaibei	联合会杯	2026-06-13
lianhuankuai	联欢会	2026-06-13
lianhuanwankuai	联欢晚会	2026-06-13
lianhuo	联和	2026-06-13
liankuai	联会	2026-06-13
lianman	脸埋	2026-06-13
lianweikuai	联委会	2026-06-13
lianxikuai	联席会	2026-06-13
lianyikuai	联谊会	2026-06-13
lianzukuai	联组会	2026-06-13
liaodai	辽大	2026-06-13
lidaiwuqiong	力大无穷	2026-06-13
lidaiyubi	利大于弊	2026-06-13
lidaizui	李大嘴	2026-06-13
ligongdai	理工大	2026-06-13
lihunshuai	离婚率	2026-06-13
lijiachengjijinkuai	李嘉诚基金会	2026-06-13
likese	历克塞	2026-06-13
likuai	理会	2026-06-13
lila	梨落	2026-06-13
linghuchongdai	令狐冲大	2026-06-13
lingjue	羚角	2026-06-13
lingjue	菱角	2026-06-13
lingkuai	领会	2026-06-13
lingkuaidao	领会到	2026-06-13
linglingluola	零零落落	2026-06-13
linguankuai	临管会	2026-06-13
lingxin	另寻	2026-06-13
linjue	麟角	2026-06-13
lipian	利便	2026-06-13
lirunshuai	利润率	2026-06-13
liseliu	黎塞留	2026-06-13
lishikuai	理事会	2026-06-13
lishuai	力率	2026-06-13
liudongshuai	流动率	2026-06-13
liuhuocai	六和彩	2026-06-13
liuhuota	六和塔	2026-06-13
liukuai	流会	2026-06-13
liumo	六万	2026-06-13
liumoduo	六万多	2026-06-13
liumoge	六万个	2026-06-13
liumojiuqian	六万九千	2026-06-13
liumokuai	六万块	2026-06-13
liumoliang	六万两	2026-06-13
liumoren	六万人	2026-06-13
liumowuqian	六万五千	2026-06-13
liumoyu	六万余	2026-06-13
liumoyuan	六万元	2026-06-13
liuqimo	六七万	2026-06-13
liushiduomo	六十多万	2026-06-13
liushiermo	六十二万	2026-06-13
liushijiumo	六十九万	2026-06-13
liushisanmo	六十三万	2026-06-13
liuxingyue	流行乐	2026-06-13
lixian	立见	2026-06-13
lixinhuan	李寻欢	2026-06-13
lizhizhuan	立志传	2026-06-13
longdai	龙大	2026-06-13
louxian	陋见	2026-06-13
luanma	乱抹	2026-06-13
luanzhuan	乱传	2026-06-13
lujue	鹿角	2026-06-13
luokajue	罗卡角	2026-06-13
luola	落落	2026-06-13
luose	罗塞	2026-06-13
luosedi	罗塞蒂	2026-06-13
luoseer	罗塞尔	2026-06-13
luosesi	罗塞斯	2026-06-13
luoseta	罗塞塔	2026-06-13
luqushuai	录取率	2026-06-13
luseen	卢塞恩	2026-06-13
luseer	鲁塞尔	2026-06-13
lvdai	旅大	2026-06-13
lvedaiyu	略大于	2026-06-13
lvezhuan	略传	2026-06-13
lvhuashuai	绿化率	2026-06-13
lvxian	屡见	2026-06-13
mabizi	抹鼻子	2026-06-13
mabudiao	抹不掉	2026-06-13
maca	抹擦	2026-06-13
macha	抹茶	2026-06-13
macheng	抹成	2026-06-13
machu	抹除	2026-06-13
madan	抹淡	2026-06-13
madao	抹刀	2026-06-13
madian	抹点	2026-06-13
madiao	抹掉	2026-06-13
mae	抹额	2026-06-13
maerkuse	马尔库塞	2026-06-13
mahuogou	马和狗	2026-06-13
maiman	埋埋	2026-06-13
majin	抹金	2026-06-13
majue	马角	2026-06-13
majueba	马角坝	2026-06-13
malaimaqu	抹来抹去	2026-06-13
malaimoqu	抹来抹去	2026-06-13
malan	抹蓝	2026-06-13
malei	抹泪	2026-06-13
maliang	抹亮	2026-06-13
malihuo	玛丽和	2026-06-13
mama	抹抹	2026-06-13
mami	抹蜜	2026-06-13
mamie	抹灭	2026-06-13
mamo	抹抹	2026-06-13
mandan	埋单	2026-06-13
mande	埋得	2026-06-13
mandei	埋得	2026-06-13
mangjue	芒角	2026-06-13
mangu	埋骨	2026-06-13
manjin	埋进	2026-06-13
manju	埋距	2026-06-13
manlei	埋雷	2026-06-13
manmai	埋埋	2026-06-13
manman	埋埋	2026-06-13
manqi	埋起	2026-06-13
manqilai	埋起来	2026-06-13
manru	埋入	2026-06-13
manshi	埋尸	2026-06-13
manxia	埋下	2026-06-13
manxian	埋线	2026-06-13
manxiaqu	埋下去	2026-06-13
manyie	满意哦	2026-06-13
manyishuai	满意率	2026-06-13
manzhi	埋置	2026-06-13
maocukuai	贸促会	2026-06-13
maodaigou	毛大狗	2026-06-13
maohuolaoshu	猫和老鼠	2026-06-13
maose	茅塞	2026-06-13
maping	抹平	2026-06-13
maqi	抹起	2026-06-13
maqilai	抹起来	2026-06-13
masazhuse	马萨诸塞	2026-06-13
masazhuse	麻萨诸塞	2026-06-13
masazhusezhou	马萨诸塞州	2026-06-13
maseer	马塞尔	2026-06-13
maseke	马塞克	2026-06-13
mashangkuai	马上会	2026-06-13
mashangqu	抹上去	2026-06-13
mashuai	码率	2026-06-13
matou	抹头	2026-06-13
maxiang	抹香	2026-06-13
maxiangjing	抹香鲸	2026-06-13
maxiaqu	抹下去	2026-06-13
mayao	抹药	2026-06-13
mayou	抹油	2026-06-13
mayun	抹匀	2026-06-13
mazui	抹嘴	2026-06-13
meibokuai	美博会	2026-06-13
meichimochuan	没吃没穿	2026-06-13
meidai	没大	2026-06-13
meiguogonghuodang	美国共和党	2026-06-13
meiguohuaxuekuai	美国化学会	2026-06-13
meilianmopi	没脸没皮	2026-06-13
meilianxianren	没脸见人	2026-06-13
meiqinmogu	没亲没故	2026-06-13
meiquanmoshi	没权没势	2026-06-13
meise	梅塞	2026-06-13
meisedesi	梅塞德斯	2026-06-13
meishengmoxi	没声没息	2026-06-13
meixian	没见	2026-06-13
meixinmogan	没心没肝	2026-06-13
meiyuejia	美乐家	2026-06-13
meizhuan	没传	2026-06-13
mengtese	蒙特塞	2026-06-13
mengtoudaishui	蒙头大睡	2026-06-13
mengxian	梦见	2026-06-13
mianhuoxinbuhe	面和心不和	2026-06-13
mianjue	面角	2026-06-13
miankuai	面会	2026-06-13
mie	密哦	2026-06-13
mijie	蜜桔	2026-06-13
mikuai	密会	2026-06-13
mingdai	明大	2026-06-13
mingjue	明角	2026-06-13
mingrenzhuan	名人传	2026-06-13
mingshengdaizao	名声大噪	2026-06-13
mingshengdaizhen	名声大振	2026-06-13
mingzhuan	铭传	2026-06-13
minhuo	民和	2026-06-13
minhuoxian	民和县	2026-06-13
misesi	米塞斯	2026-06-13
miuxian	谬见	2026-06-13
moaoyuan	万澳元	2026-06-13
moba	万把	2026-06-13
mobakuai	万把块	2026-06-13
moban	没办	2026-06-13
moban	没搬	2026-06-13
mobang	万磅	2026-06-13
mobang	万镑	2026-06-13
mobao	万包	2026-06-13
mobao	万宝	2026-06-13
mobaolu	万宝路	2026-06-13
mobaqian	万八千	2026-06-13
mobawo	没把握	2026-06-13
mobei	万倍	2026-06-13
mobenshi	没本事	2026-06-13
mobi	万笔	2026-06-13
mobi	没比	2026-06-13
mobi	没笔	2026-06-13
mobian	万变	2026-06-13
mobian	没变	2026-06-13
mobianbuli	万变不离	2026-06-13
mobing	没病	2026-06-13
mobolinqu	万柏林区	2026-06-13
mobu	万步	2026-06-13
mobu	万部	2026-06-13
mobugai	万不该	2026-06-13
mocang	没藏	2026-06-13
moce	万册	2026-06-13
moce	没测	2026-06-13
mochang	万场	2026-06-13
mochang	没唱	2026-06-13
mochao	没吵	2026-06-13
mochao	没抄	2026-06-13
mochao	没炒	2026-06-13
mochengqu	万盛区	2026-06-13
mochengxiang	没成想	2026-06-13
mochiguo	没吃过	2026-06-13
mochimeichuan	没吃没穿	2026-06-13
mochimochuan	没吃没穿	2026-06-13
mochu	万处	2026-06-13
mochu	没出	2026-06-13
mochuan	没传	2026-06-13
mochuan	没穿	2026-06-13
mochuan	没船	2026-06-13
mochutou	万出头	2026-06-13
moci	万次	2026-06-13
moci	没刺	2026-06-13
moci	没词	2026-06-13
mocuo	没错	2026-06-13
mocuoer	没错儿	2026-06-13
moda	没大	2026-06-13
modai	万代	2026-06-13
modai	万袋	2026-06-13
modai	墨大	2026-06-13
modai	没大	2026-06-13
modan	万担	2026-06-13
modang	没当	2026-06-13
modanghuishi	没当回事	2026-06-13
modao	万刀	2026-06-13
modao	没到	2026-06-13
modaoli	没道理	2026-06-13
mode	没得	2026-06-13
modei	没得	2026-06-13
modeishuo	没得说	2026-06-13
modengwo	没等我	2026-06-13
modeshuo	没得说	2026-06-13
modian	万点	2026-06-13
modian	没电	2026-06-13
modie	没爹	2026-06-13
moding	没顶	2026-06-13
modong	没动	2026-06-13
modongjing	没动静	2026-06-13
modu	没毒	2026-06-13
moduan	万段	2026-06-13
modui	万对	2026-06-13
modun	万吨	2026-06-13
modun	万顿	2026-06-13
modunji	万吨级	2026-06-13
moduo	万多	2026-06-13
moduobei	万多倍	2026-06-13
moduoce	万多册	2026-06-13
moduodun	万多吨	2026-06-13
moduoge	万多个	2026-06-13
moduohu	万多户	2026-06-13
moduojian	万多件	2026-06-13
moduojiu	没多久	2026-06-13
moduoke	万多颗	2026-06-13
moduokou	万多口	2026-06-13
moduokuai	万多块	2026-06-13
moduoli	万多例	2026-06-13
moduoliang	万多辆	2026-06-13
moduomu	万多亩	2026-06-13
moduopingfanggongli	万多平方公里	2026-06-13
moduopingfangmi	万多平方米	2026-06-13
moduorenci	万多人次	2026-06-13
moduotiao	万多条	2026-06-13
moduoyuan	没多远	2026-06-13
moduozhi	万多只	2026-06-13
moduozhong	万多种	2026-06-13
moer	万二	2026-06-13
mofa	没法	2026-06-13
mofan	没饭	2026-06-13
mofang	没放	2026-06-13
mofayong	没法用	2026-06-13
mofazi	没法子	2026-06-13
mofei	没飞	2026-06-13
mofen	万份	2026-06-13
mofen	没份	2026-06-13
mofen	没分	2026-06-13
mofenkai	没分开	2026-06-13
mofu	万副	2026-06-13
mofu	万幅	2026-06-13
mofu	没付	2026-06-13
mofu	没附	2026-06-13
mofudong	万佛洞	2026-06-13
mofuge	万佛阁	2026-06-13
mofumodi	万夫莫敌	2026-06-13
mofumokai	万夫莫开	2026-06-13
mogan	没赶	2026-06-13
moge	万个	2026-06-13
mogei	没给	2026-06-13
mogongfu	没工夫	2026-06-13
mogongjin	万公斤	2026-06-13
mogongli	万公里	2026-06-13
mogongqing	万公顷	2026-06-13
mogu	万股	2026-06-13
moguan	没关	2026-06-13
moguang	没光	2026-06-13
moguiju	没规矩	2026-06-13
moguqi	没骨气	2026-06-13
mohao	万毫	2026-06-13
mohesong	万壑松	2026-06-13
mohu	万户	2026-06-13
mohua	万花	2026-06-13
mohua	没画	2026-06-13
mohua	没花	2026-06-13
mohuashuo	没话说	2026-06-13
mohui	没回	2026-06-13
mohuqianjia	万户千家	2026-06-13
moji	万几	2026-06-13
moji	没挤	2026-06-13
moji	没给	2026-06-13
moji	没记	2026-06-13
mojia	万架	2026-06-13
mojiaci	万架次	2026-06-13
mojian	万件	2026-06-13
mojian	万间	2026-06-13
mojian	没见	2026-06-13
mojianshi	没见识	2026-06-13
mojiao	没交	2026-06-13
mojiaoyang	没教养	2026-06-13
mojie	没借	2026-06-13
mojie	没接	2026-06-13
mojiegu	万劫谷	2026-06-13
mojin	万斤	2026-06-13
mojin	没进	2026-06-13
mojing	没经	2026-06-13
mojiu	没酒	2026-06-13
moju	万句	2026-06-13
mokai	没开	2026-06-13
mokan	没看	2026-06-13
mokaoshang	没考上	2026-06-13
moke	万棵	2026-06-13
moke	万颗	2026-06-13
mokelong	万客隆	2026-06-13
mokou	万口	2026-06-13
mokuai	万块	2026-06-13
molai	没来	2026-06-13
molaimaqu	抹来抹去	2026-06-13
mole	没了	2026-06-13
molei	万类	2026-06-13
moli	万例	2026-06-13
moli	万里	2026-06-13
moliang	万两	2026-06-13
moliang	万辆	2026-06-13
moliang	没亮	2026-06-13
moliang	没量	2026-06-13
moliangxin	没良心	2026-06-13
moliao	没了	2026-06-13
moliao	没聊	2026-06-13
moling	万零	2026-06-13
molingyao	万灵药	2026-06-13
moliu	万六	2026-06-13
moliyou	没理由	2026-06-13
molonghuiyi	万隆会议	2026-06-13
molu	没路	2026-06-13
moluan	万峦	2026-06-13
molukezou	没路可走	2026-06-13
molv	万缕	2026-06-13
moma	万马	2026-06-13
moma	抹抹	2026-06-13
moman	没慢	2026-06-13
moman	没满	2026-06-13
momeiyuan	万美元	2026-06-13
momen	万门	2026-06-13
momen	没门	2026-06-13
momian	万面	2026-06-13
momiao	万秒	2026-06-13
momichangpao	万米长跑	2026-06-13
moming	万名	2026-06-13
momu	万亩	2026-06-13
momu	万目	2026-06-13
monadao	没拿到	2026-06-13
monahuishi	没那回事	2026-06-13
monaozi	没脑子	2026-06-13
moneng	没能	2026-06-13
monian	没念	2026-06-13
moningshi	万宁市	2026-06-13
moningxian	万宁县	2026-06-13
monongzang	没弄脏	2026-06-13
monvzhuan	魔女传	2026-06-13
mopai	没排	2026-06-13
mopan	万盘	2026-06-13
mopi	万匹	2026-06-13
mopian	万片	2026-06-13
mopian	万篇	2026-06-13
mopiao	万票	2026-06-13
moping	万瓶	2026-06-13
mopingfang	万平方	2026-06-13
mopingfanggongli	万平方公里	2026-06-13
mopingfangmi	万平方米	2026-06-13
mopo	没破	2026-06-13
mopu	没谱	2026-06-13
moqi	没气	2026-06-13
moqian	没牵	2026-06-13
moqian	没签	2026-06-13
moqian	没钱	2026-06-13
moqianmai	没钱买	2026-06-13
moqiantu	没前途	2026-06-13
moqiao	没敲	2026-06-13
moqiao	没跷	2026-06-13
moqin	没亲	2026-06-13
moqing	没请	2026-06-13
moqinmeigu	没亲没故	2026-06-13
moqinmogu	没亲没故	2026-06-13
moqiu	没求	2026-06-13
moqiu	没球	2026-06-13
moqu	没去	2026-06-13
moqu	没取	2026-06-13
moquan	没劝	2026-06-13
moquan	没权	2026-06-13
moquanmeishi	没权没势	2026-06-13
moquanmoshi	没权没势	2026-06-13
moran	没染	2026-06-13
morang	没让	2026-06-13
moren	万人	2026-06-13
morenci	万人次	2026-06-13
morendi	万人敌	2026-06-13
morenmi	万人迷	2026-06-13
moreqing	没热情	2026-06-13
morimoyue	没日没月	2026-06-13
mosan	万三	2026-06-13
moselai	莫塞莱	2026-06-13
moshang	没上	2026-06-13
moshang	没赏	2026-06-13
moshangqu	没上去	2026-06-13
moshao	没烧	2026-06-13
moshe	没设	2026-06-13
moshede	没舍得	2026-06-13
moshen	万身	2026-06-13
moshen	没神	2026-06-13
mosheng	万圣	2026-06-13
mosheng	没剩	2026-06-13
mosheng	没升	2026-06-13
mosheng	没声	2026-06-13
mosheng	没生	2026-06-13
mosheng	没省	2026-06-13
moshengjie	万圣节	2026-06-13
moshengmeixi	没声没息	2026-06-13
moshengmoxi	没声没息	2026-06-13
moshengqi	没生气	2026-06-13
moshengqu	万盛区	2026-06-13
moshenmiao	万神庙	2026-06-13
moshi	没使	2026-06-13
moshi	没试	2026-06-13
moshou	万寿	2026-06-13
moshou	万手	2026-06-13
moshou	没受	2026-06-13
moshou	没守	2026-06-13
moshougong	万寿宫	2026-06-13
moshoujiaoyu	没受教育	2026-06-13
moshousi	万寿寺	2026-06-13
moshu	万数	2026-06-13
moshu	没书	2026-06-13
moshu	没数	2026-06-13
moshu	没输	2026-06-13
moshuochu	没说出	2026-06-13
moshuodao	没说到	2026-06-13
moshuode	没说的	2026-06-13
moshuodi	没说的	2026-06-13
mosi	没死	2026-06-13
mosikedaijuyuan	莫斯科大剧院	2026-06-13
mosunshuai	磨损率	2026-06-13
mosuo	万所	2026-06-13
motai	万台	2026-06-13
motao	万套	2026-06-13
motao	没套	2026-06-13
motao	没讨	2026-06-13
motian	没填	2026-06-13
motiandailou	摩天大楼	2026-06-13
motiao	万条	2026-06-13
motingdaoguo	没听到过	2026-06-13
motingshuoguo	没听说过	2026-06-13
motong	万桶	2026-06-13
motong	没通	2026-06-13
motou	万头	2026-06-13
motou	没头	2026-06-13
mowa	万瓦	2026-06-13
mowan	没玩	2026-06-13
mowang	万网	2026-06-13
mowei	万尾	2026-06-13
moweiwang	万维网	2026-06-13
moxi	没吸	2026-06-13
moxi	没洗	2026-06-13
moxia	没下	2026-06-13
moxian	万县	2026-06-13
moxian	万线	2026-06-13
moxian	没见	2026-06-13
moxiang	万箱	2026-06-13
moxiang	没像	2026-06-13
moxiang	没向	2026-06-13
moxiang	没想	2026-06-13
moxiangdao	没想到	2026-06-13
moxiao	没效	2026-06-13
moxiao	没消	2026-06-13
moxiao	没笑	2026-06-13
moxiao	没销	2026-06-13
moxie	没写	2026-06-13
moxin	没心	2026-06-13
moxing	没醒	2026-06-13
moxingan	没心肝	2026-06-13
moxinmeigan	没心没肝	2026-06-13
moxinmogan	没心没肝	2026-06-13
moxiuqu	万秀区	2026-06-13
moxue	没学	2026-06-13
moyan	没沿	2026-06-13
moyan	没演	2026-06-13
moyang	万样	2026-06-13
moyang	没养	2026-06-13
moyao	没要	2026-06-13
moye	万页	2026-06-13
moyi	万亿	2026-06-13
moyici	万亿次	2026-06-13
moyida	没一搭	2026-06-13
moyidun	万亿吨	2026-06-13
moyige	万亿个	2026-06-13
moyijin	万亿斤	2026-06-13
moying	没影	2026-06-13
moyingbang	万英镑	2026-06-13
moyingchi	万英尺	2026-06-13
moyou	没油	2026-06-13
moyu	万余	2026-06-13
moyu	没羽	2026-06-13
moyuan	万元	2026-06-13
moyuanhu	万元户	2026-06-13
moyuce	万余册	2026-06-13
moyuci	万余次	2026-06-13
moyuge	万余个	2026-06-13
moyujian	万余件	2026-06-13
moyujin	万余斤	2026-06-13
moyujuan	万余卷	2026-06-13
moyuli	万余例	2026-06-13
moyun	没运	2026-06-13
moyupi	万余匹	2026-06-13
moyupingfanggongli	万余平方公里	2026-06-13
moyupingfangmi	万余平方米	2026-06-13
moyurenci	万余人次	2026-06-13
moyutiao	万余条	2026-06-13
moyuzhi	万余只	2026-06-13
moyuzhu	万余株	2026-06-13
mozhan	万盏	2026-06-13
mozhan	万站	2026-06-13
mozhang	万帐	2026-06-13
mozhang	万张	2026-06-13
mozhaomoluo	没着没落	2026-06-13
mozhe	没辙	2026-06-13
mozhehuishi	没这回事	2026-06-13
mozhemoluo	没着没落	2026-06-13
mozheng	没征	2026-06-13
mozhi	万只	2026-06-13
mozhi	没治	2026-06-13
mozhile	没治了	2026-06-13
mozhiliao	没治了	2026-06-13
mozhiqi	没志气	2026-06-13
mozhiwang	没指望	2026-06-13
mozhong	万种	2026-06-13
mozhong	没中	2026-06-13
mozhong	没种	2026-06-13
mozhongfengqing	万种风情	2026-06-13
mozhou	万州	2026-06-13
mozhouqu	万州区	2026-06-13
mozhu	万株	2026-06-13
mozhuan	没传	2026-06-13
mozhuan	没赚	2026-06-13
mozhun	没准	2026-06-13
mozhuner	没准儿	2026-06-13
mozhuntou	没准头	2026-06-13
mozhuomoluo	没着没落	2026-06-13
mozhuyi	没主意	2026-06-13
mozi	万字	2026-06-13
mozui	没醉	2026-06-13
mozuo	万座	2026-06-13
mozuoyou	万左右	2026-06-13
mune	木呐	2026-06-13
muse	姆塞	2026-06-13
nadai	那大	2026-06-13
naila	奈落	2026-06-13
nairenxinwei	耐人寻味	2026-06-13
naishuai	乃率	2026-06-13
naixian	乃见	2026-06-13
nanaoseti	南奥塞梯	2026-06-13
nandai	南大	2026-06-13
nandainvxiao	男大女小	2026-06-13
nandeyixian	难得一见	2026-06-13
nanduhendai	难度很大	2026-06-13
nanguaikuai	难怪会	2026-06-13
nanhuo	南和	2026-06-13
nanjingdaitusha	南京大屠杀	2026-06-13
nanmiankuai	难免会	2026-06-13
nanshidai	南师大	2026-06-13
nanxin	难寻	2026-06-13
nase	纳塞	2026-06-13
naxiqiemo	纳希切万	2026-06-13
neijue	内角	2026-06-13
neiyanjue	内眼角	2026-06-13
nengshuai	能率	2026-06-13
nengxian	能见	2026-06-13
nengyue	能乐	2026-06-13
nianmo	廿万	2026-06-13
nianshuai	年率	2026-06-13
nianzengshuai	年增率	2026-06-13
nianzengzhangshuai	年增长率	2026-06-13
nise	尼塞	2026-06-13
nisehe	尼塞河	2026-06-13
niudai	扭大	2026-06-13
niyajialadaipubu	尼亚加拉大瀑布	2026-06-13
nongdai	农大	2026-06-13
nongjiayue	农家乐	2026-06-13
nongjiukuai	农救会	2026-06-13
nongma	浓抹	2026-06-13
nongzhuangdanma	浓妆淡抹	2026-06-13
nuannuanhuohuo	暖暖和和	2026-06-13
nujiangdaixiagu	怒江大峡谷	2026-06-13
nuobeierjijinkuai	诺贝尔基金会	2026-06-13
nuohuonuode	诺和诺德	2026-06-13
nvdaishiba	女大十八	2026-06-13
nvyue	女乐	2026-06-13
oee	哦哦哦	2026-06-13
oeo	哦哦哦	2026-06-13
ooe	哦哦哦	2026-06-13
ouseer	欧塞尔	2026-06-13
ouxian	偶见	2026-06-13
ouzhoulishikuai	欧洲理事会	2026-06-13
paimaikuai	拍卖会	2026-06-13
paipian	排便	2026-06-13
pengjue	捧角	2026-06-13
pengzhangshuai	膨胀率	2026-06-13
pianbi	便辟	2026-06-13
pianbian	便便	2026-06-13
pianchengren	便成仁	2026-06-13
piandai	偏大	2026-06-13
piandian	便殿	2026-06-13
pianjiang	便将	2026-06-13
pianjue	偏角	2026-06-13
piankuai	偏会	2026-06-13
pianming	便名	2026-06-13
pianpi	便辟	2026-06-13
pianpian	便便	2026-06-13
pianqi	便器	2026-06-13
pianting	便停	2026-06-13
pianxian	偏见	2026-06-13
pianxie	便携	2026-06-13
pianxiebao	便携包	2026-06-13
pianxieji	便携机	2026-06-13
pianxiexing	便携性	2026-06-13
pianyao	便药	2026-06-13
pianyao	便邀	2026-06-13
pianyi	便益	2026-06-13
pianzao	便遭	2026-06-13
piaola	漂落	2026-06-13
piaoxian	瞟见	2026-06-13
piaozhuan	票传	2026-06-13
pidai	屁大	2026-06-13
pidoukuai	批斗会	2026-06-13
pingbikuai	评比会	2026-06-13
pingjunmashuai	平均码率	2026-06-13
pingshenkuai	评审会	2026-06-13
pinkuai	拼会	2026-06-13
pinkunshuai	贫困率	2026-06-13
pipinghuozi	批评和自	2026-06-13
poanshuai	破案率	2026-06-13
pobai	剖白	2026-06-13
pocheng	剖成	2026-06-13
pofu	剖腹	2026-06-13
pofuchan	剖腹产	2026-06-13
pogongchan	剖宫产	2026-06-13
pokai	剖开	2026-06-13
pomian	剖面	2026-06-13
pomiantu	剖面图	2026-06-13
pomo	破万	2026-06-13
poshi	剖视	2026-06-13
poshi	颇似	2026-06-13
poshitu	剖视图	2026-06-13
poxi	剖析	2026-06-13
pukuoxing	普适性	2026-06-13
puyuesi	普乐寺	2026-06-13
qianbianmobian	千遍万遍	2026-06-13
qianchengshijin	前程似锦	2026-06-13
qiandaideng	前大灯	2026-06-13
qiandingningmozhufu	千叮咛万嘱咐	2026-06-13
qianduomodun	千多万吨	2026-06-13
qianeryixian	浅而易见	2026-06-13
qianghai	呛咳	2026-06-13
qiangjiaola	墙角落	2026-06-13
qianmingkuai	签名会	2026-06-13
qianqianmo	千千万	2026-06-13
qianqiumozai	千秋万载	2026-06-13
qianshangmo	千上万	2026-06-13
qianshoukuai	签售会	2026-06-13
qiansuoweixian	前所未见	2026-06-13
qiantiaomotiao	千条万条	2026-06-13
qianyishuai	迁移率	2026-06-13
qianyumo	千余万	2026-06-13
qianyuqianxin	千与千寻	2026-06-13
qianzhenmozhen	千真万真	2026-06-13
qiaojue	翘角	2026-06-13
qiaosesiku	齐奥塞斯库	2026-06-13
qibaiduomo	七百多万	2026-06-13
qibamo	七八万	2026-06-13
qibokuai	汽博会	2026-06-13
qieguodaidao	窃国大盗	2026-06-13
qiejue	切角	2026-06-13
qijue	七角	2026-06-13
qikuai	期会	2026-06-13
qikuai	起会	2026-06-13
qimo	七万	2026-06-13
qimoduo	七万多	2026-06-13
qimokuai	七万块	2026-06-13
qimoyu	七万余	2026-06-13
qingchexiandi	清澈见底	2026-06-13
qingchushuai	清除率	2026-06-13
qingdai	庆大	2026-06-13
qingdai	清大	2026-06-13
qingganlong	清乾隆	2026-06-13
qinghuabeidai	清华北大	2026-06-13
qingkongmoli	晴空万里	2026-06-13
qingman	请埋	2026-06-13
qingshangyue	清商乐	2026-06-13
qingxiejue	倾斜角	2026-06-13
qingyue	清乐	2026-06-13
qinshuai	亲率	2026-06-13
qinxian	亲见	2026-06-13
qinxu	禽畜	2026-06-13
qinyansuoxian	亲眼所见	2026-06-13
qiqiluola	起起落落	2026-06-13
qishiduomo	七十多万	2026-06-13
qishiwumo	七十五万	2026-06-13
qitiandai	齐天大	2026-06-13
qiukuai	球会	2026-06-13
qixian	歧见	2026-06-13
qixiazhuan	奇侠传	2026-06-13
quanguoqingnianlianhekuai	全国青年联合会	2026-06-13
quanguorendachangweikuai	全国人大常委会	2026-06-13
quanjue	全角	2026-06-13
quanse	全塞	2026-06-13
qubei	曲臂	2026-06-13
quemoneng	却没能	2026-06-13
queqiaokuai	鹊桥会	2026-06-13
qunla	群落	2026-06-13
qunxiazhuan	群侠传	2026-06-13
qunyingzhuan	群英传	2026-06-13
rendachangweikuai	人大常委会	2026-06-13
rengaomadai	人高马大	2026-06-13
rengjiukuai	仍旧会	2026-06-13
renhuoqu	仁和区	2026-06-13
renrenyue	人人乐	2026-06-13
rensuogongxian	人所共见	2026-06-13
renxianrenai	人见人爱	2026-06-13
renxu	人畜	2026-06-13
renzhexianren	仁者见仁	2026-06-13
ribula	日不落	2026-06-13
rihai	日咳	2026-06-13
rongjishuai	容积率	2026-06-13
rouqingmozhong	柔情万种	2026-06-13
rouqingshishui	柔情似水	2026-06-13
ruandaicheng	阮大铖	2026-06-13
rujiaoshixi	如胶似膝	2026-06-13
runmo	润万	2026-06-13
rushejue	入射角	2026-06-13
ruxian	如见	2026-06-13
ruxianqiren	如见其人	2026-06-13
ruxueshuai	入学率	2026-06-13
ruyuanshuai	入园率	2026-06-13
ruzhushuai	入住率	2026-06-13
saimakuai	赛马会	2026-06-13
saimotisi	塞万提斯	2026-06-13
saise	塞塞	2026-06-13
samosete	萨默塞特	2026-06-13
sanbaiduomo	三百多万	2026-06-13
sandaijilv	三大纪律	2026-06-13
sandaisi	三大寺	2026-06-13
sanhuotu	三和土	2026-06-13
sanla	伞落	2026-06-13
sanmo	三万	2026-06-13
sanmobaqian	三万八千	2026-06-13
sanmoduo	三万多	2026-06-13
sanmoduoyuan	三万多元	2026-06-13
sanmoerqian	三万二千	2026-06-13
sanmoge	三万个	2026-06-13
sanmohu	三万户	2026-06-13
sanmojin	三万斤	2026-06-13
sanmojiuqian	三万九千	2026-06-13
sanmokuai	三万块	2026-06-13
sanmoli	三万里	2026-06-13
sanmoliang	三万两	2026-06-13
sanmoliangmo	三万两万	2026-06-13
sanmoliangwan	三万两万	2026-06-13
sanmoming	三万名	2026-06-13
sanmoren	三万人	2026-06-13
sanmosiqian	三万四千	2026-06-13
sanmowumo	三万五万	2026-06-13
sanmowuqian	三万五千	2026-06-13
sanmowuwan	三万五万	2026-06-13
sanmoyingchi	三万英尺	2026-06-13
sanmoyu	三万余	2026-06-13
sanmoyuan	三万元	2026-06-13
sanpuyouhuo	三浦友和	2026-06-13
sanqianduomo	三千多万	2026-06-13
sanqisanla	三起三落	2026-06-13
sanshejue	散射角	2026-06-13
sanshidai	三十大	2026-06-13
sanshiduomo	三十多万	2026-06-13
sanshiliumo	三十六万	2026-06-13
sanshisanmo	三十三万	2026-06-13
sanshisimo	三十四万	2026-06-13
sanshiwumo	三十五万	2026-06-13
sansimo	三四万	2026-06-13
sanwanliangmo	三万两万	2026-06-13
sanwanwumo	三万五万	2026-06-13
sanwumo	三五万	2026-06-13
sanyue	三乐	2026-06-13
sasekesi	萨塞克斯	2026-06-13
seban	塞班	2026-06-13
sebandao	塞班岛	2026-06-13
sebao	塞饱	2026-06-13
sebasidi	塞巴斯蒂	2026-06-13
sebasidian	塞巴斯蒂安	2026-06-13
sebi	塞闭	2026-06-13
sebo	塞伯	2026-06-13
seci	塞茨	2026-06-13
sedao	塞岛	2026-06-13
sede	塞德	2026-06-13
sedi	塞蒂	2026-06-13
seencheng	塞恩城	2026-06-13
seer	塞尔	2026-06-13
seerda	塞尔达	2026-06-13
seerji	塞尔吉	2026-06-13
seerma	塞尔玛	2026-06-13
seerni	塞尔尼	2026-06-13
seerta	塞尔塔	2026-06-13
seerte	塞尔特	2026-06-13
seerwei	塞尔维	2026-06-13
seerweiya	塞尔维亚	2026-06-13
seerweiyagongheguo	塞尔维亚共和国	2026-06-13
seerweiyaren	塞尔维亚人	2026-06-13
seerweiyayu	塞尔维亚语	2026-06-13
seerzhu	塞尔柱	2026-06-13
sefu	塞夫	2026-06-13
segelei	塞格雷	2026-06-13
segu	塞古	2026-06-13
sehanba	塞罕坝	2026-06-13
seji	塞吉	2026-06-13
sejin	塞紧	2026-06-13
sejin	塞进	2026-06-13
sejinlai	塞进来	2026-06-13
sejinqu	塞进去	2026-06-13
seka	塞卡	2026-06-13
seke	塞克	2026-06-13
sekesi	塞克斯	2026-06-13
sela	塞拉	2026-06-13
selai	塞莱	2026-06-13
selaisi	塞莱斯	2026-06-13
selaisite	塞莱斯特	2026-06-13
selaliang	塞拉利昂	2026-06-13
selasi	塞拉斯	2026-06-13
selate	塞拉特	2026-06-13
selaxi	塞拉西	2026-06-13
selei	塞勒	2026-06-13
seleimu	塞勒姆	2026-06-13
seleisi	塞勒斯	2026-06-13
seli	塞利	2026-06-13
selimu	塞利姆	2026-06-13
selina	塞丽娜	2026-06-13
selinge	塞林格	2026-06-13
selungaidi	塞伦盖蒂	2026-06-13
seluo	塞洛	2026-06-13
seluo	塞罗	2026-06-13
seman	塞曼	2026-06-13
semanxiaoying	塞曼效应	2026-06-13
semeier	塞梅尔	2026-06-13
semidi	塞米蒂	2026-06-13
semotisi	塞万提斯	2026-06-13
semouer	塞缪尔	2026-06-13
semu	塞姆	2026-06-13
semuyu	塞姆语	2026-06-13
sena	塞纳	2026-06-13
senasheng	塞纳省	2026-06-13
senei	塞内	2026-06-13
seneijia	塞内加	2026-06-13
senhaiseer	森海塞尔	2026-06-13
seni	塞尼	2026-06-13
sepulusi	塞浦路斯	2026-06-13
sepulusigongheguo	塞浦路斯共和国	2026-06-13
sepulusiren	塞浦路斯人	2026-06-13
seqi	塞奇	2026-06-13
seru	塞入	2026-06-13
sesai	塞塞	2026-06-13
sesaluo	塞萨洛	2026-06-13
sesaluoniji	塞萨洛尼基	2026-06-13
sese	塞塞	2026-06-13
seshang	塞尚	2026-06-13
sesheer	塞舌尔	2026-06-13
sesi	塞斯	2026-06-13
sesihei	塞思黑	2026-06-13
seta	塞塔	2026-06-13
sete	塞特	2026-06-13
setejun	塞特郡	2026-06-13
sewa	塞瓦	2026-06-13
sewantisi	塞万提斯	2026-06-13
sewasituoboer	塞瓦斯托波尔	2026-06-13
seweili	塞维利	2026-06-13
seweiliya	塞维利亚	2026-06-13
seweilu	塞维鲁	2026-06-13
seweisi	塞维斯	2026-06-13
sexiaqu	塞下曲	2026-06-13
sexier	塞西尔	2026-06-13
seya	塞牙	2026-06-13
seyafeng	塞牙缝	2026-06-13
seyao	塞药	2026-06-13
seyi	塞伊	2026-06-13
sezhu	塞住	2026-06-13
sezu	塞族	2026-06-13
shadai	厦大	2026-06-13
shadie	沙嗲	2026-06-13
shajue	沙角	2026-06-13
shalayan	沙落雁	2026-06-13
shandai	山大	2026-06-13
shandai	汕大	2026-06-13
shangbei	上臂	2026-06-13
shangdai	商大	2026-06-13
shangdaijia	商大贾	2026-06-13
shanghaijiaodai	上海交大	2026-06-13
shangjingshuai	上镜率	2026-06-13
shangjue	上角	2026-06-13
shangjuezheng	商角征	2026-06-13
shangkuai	上会	2026-06-13
shangmo	上万	2026-06-13
shangmobei	上万倍	2026-06-13
shangmoci	上万次	2026-06-13
shangmoge	上万个	2026-06-13
shangmojian	上万件	2026-06-13
shangmojin	上万斤	2026-06-13
shangmoliang	上万两	2026-06-13
shangmotiao	上万条	2026-06-13
shangmotou	上万头	2026-06-13
shangmozhi	上万只	2026-06-13
shangmozhong	上万种	2026-06-13
shangshengshuai	上升率	2026-06-13
shangwangshuai	伤亡率	2026-06-13
shangzhuan	上传	2026-06-13
shangzhuanwanbi	上传完毕	2026-06-13
shangzhuanxiada	上传下达	2026-06-13
shangzhuanxiazai	上传下载	2026-06-13
shangzhuanzhe	上传者	2026-06-13
shanxinlong	山寻龙	2026-06-13
shaodaizhen	邵大箴	2026-06-13
shaoman	烧埋	2026-06-13
shaoxinmofei	少心没肺	2026-06-13
shaoyue	韶乐	2026-06-13
shatangjie	沙糖桔	2026-06-13
shejiaowankuai	社交晚会	2026-06-13
shejue	射角	2026-06-13
shela	射落	2026-06-13
shengcunshuai	生存率	2026-06-13
shengdai	盛大	2026-06-13
shengdaiwangluo	盛大网络	2026-06-13
shenggangdaibagong	省港大罢工	2026-06-13
shenghese	圣何塞	2026-06-13
shengkuai	盛会	2026-06-13
shengkuai	胜会	2026-06-13
shengmingdaizhen	声名大振	2026-06-13
shengne	声呐	2026-06-13
shengrikuai	生日会	2026-06-13
shengsebasidian	圣塞巴斯蒂安	2026-06-13
shengshuai	胜率	2026-06-13
shengwuqunla	生物群落	2026-06-13
shengyunkuai	省运会	2026-06-13
shenkelingkuai	深刻领会	2026-06-13
shenman	深埋	2026-06-13
shenmanzai	深埋在	2026-06-13
shenshoubuxian	伸手不见	2026-06-13
sheweikuai	社委会	2026-06-13
shibaishuai	失败率	2026-06-13
shibamo	十八万	2026-06-13
shibieshuai	识别率	2026-06-13
shibikuai	势必会	2026-06-13
shichangzhanyoushuai	市场占有率	2026-06-13
shidai	十大	2026-06-13
shidai	师大	2026-06-13
shidaifuzhong	师大附中	2026-06-13
shidailei	十大类	2026-06-13
shidanfudai	史丹佛大	2026-06-13
shiduomo	十多万	2026-06-13
shiduomoyuan	十多万元	2026-06-13
shierdai	十二大	2026-06-13
shierjue	十二角	2026-06-13
shiermo	十二万	2026-06-13
shiersanmo	十二三万	2026-06-13
shifudailou	市府大楼	2026-06-13
shigang	似钢	2026-06-13
shigushuai	事故率	2026-06-13
shihuan	似幻	2026-06-13
shihuo	似火	2026-06-13
shijiao	似角	2026-06-13
shijimo	十几万	2026-06-13
shijimoge	十几万个	2026-06-13
shijin	似锦	2026-06-13
shijiu	似旧	2026-06-13
shijiumo	十九万	2026-06-13
shijue	似角	2026-06-13
shijue	十角	2026-06-13
shijue	石角	2026-06-13
shike	似可	2026-06-13
shiliumo	十六万	2026-06-13
shiman	食埋	2026-06-13
shimochen	石万嗔	2026-06-13
shineiyue	室内乐	2026-06-13
shineng	似能	2026-06-13
shiqibamo	十七八万	2026-06-13
shiqimo	十七万	2026-06-13
shiquandaibu	十全大补	2026-06-13
shisandai	十三大	2026-06-13
shisanmo	十三万	2026-06-13
shisansimo	十三四万	2026-06-13
shishaopiantang	食少便溏	2026-06-13
shishi	似是	2026-06-13
shishui	似水	2026-06-13
shisimo	十四万	2026-06-13
shiwanbamo	十万八万	2026-06-13
shiwandaishan	十万大山	2026-06-13
shiwudai	十五大	2026-06-13
shiwumo	十五万	2026-06-13
shiyeshuai	失业率	2026-06-13
shiyidai	十一大	2026-06-13
shiyimo	十一万	2026-06-13
shiyingshuai	市盈率	2026-06-13
shiyongshuai	使用率	2026-06-13
shiyouruowu	似有若无	2026-06-13
shiyue	室乐	2026-06-13
shiyumo	十余万	2026-06-13
shiyunkuai	十运会	2026-06-13
shiyunkuai	市运会	2026-06-13
shizhenshijia	似真似假	2026-06-13
shizhuanbai	十传百	2026-06-13
shizishuai	识字率	2026-06-13
shoubuyue	受不乐	2026-06-13
shoula	受落	2026-06-13
shouman	收埋	2026-06-13
shounaokuai	首脑会	2026-06-13
shouqidaola	手起刀落	2026-06-13
shouroushuai	瘦肉率	2026-06-13
shoushidai	首师大	2026-06-13
shoushishuai	收视率	2026-06-13
shoutingshuai	收听率	2026-06-13
shouyingkuai	首映会	2026-06-13
shouyishuai	收益率	2026-06-13
shouyunshuai	受孕率	2026-06-13
shuadaipai	耍大牌	2026-06-13
shuaibi	率比	2026-06-13
shuaibing	率兵	2026-06-13
shuaidi	率低	2026-06-13
shuaigao	率高	2026-06-13
shuaiji	率及	2026-06-13
shuaijie	率皆	2026-06-13
shuaijun	率均	2026-06-13
shuaikongzhi	率控制	2026-06-13
shuaila	摔落	2026-06-13
shuaipian	率偏	2026-06-13
shuaireng	率仍	2026-06-13
shuaishen	率甚	2026-06-13
shuaishi	率师	2026-06-13
shuaitong	率同	2026-06-13
shuaituan	率团	2026-06-13
shuaituzhibin	率土之滨	2026-06-13
shuaixiang	率相	2026-06-13
shuaiyi	率亦	2026-06-13
shuaiyi	率依	2026-06-13
shuaiyi	率意	2026-06-13
shuaizei	率贼	2026-06-13
shuaizhi	率值	2026-06-13
shuaizhong	率众	2026-06-13
shuaizhu	率诸	2026-06-13
shuaizhu	率逐	2026-06-13
shuangbei	双臂	2026-06-13
shuangjue	双角	2026-06-13
shuangma	霜抹	2026-06-13
shuaxinshuai	刷新率	2026-06-13
shuidaijiao	睡大觉	2026-06-13
shuidaijue	睡大觉	2026-06-13
shuikuaixiangdao	谁会想到	2026-06-13
shuila	水落	2026-06-13
shujue	薯角	2026-06-13
shukuai	书会	2026-06-13
shukuo	舒适	2026-06-13
shukuoban	舒适版	2026-06-13
shukuogan	舒适感	2026-06-13
shukuoxing	舒适型	2026-06-13
shukuoxing	舒适性	2026-06-13
shula	熟落	2026-06-13
shumo	数万	2026-06-13
shumofen	数万份	2026-06-13
shumoming	数万名	2026-06-13
shumopi	数万匹	2026-06-13
shumoren	数万人	2026-06-13
shumoyuan	数万元	2026-06-13
shuochangyue	说唱乐	2026-06-13
shuodai	硕大	2026-06-13
shuomingkuai	说明会	2026-06-13
shuoyiqiandaoyimo	说一千道一万	2026-06-13
shushuluola	疏疏落落	2026-06-13
shuyoukuai	书友会	2026-06-13
shuzhuan	数传	2026-06-13
sibaiduomo	四百多万	2026-06-13
sibinse	斯宾塞	2026-06-13
sichuxinzhao	四处寻找	2026-06-13
sidai	私大	2026-06-13
sidailin	斯大林	2026-06-13
sidailingelei	斯大林格勒	2026-06-13
sie	死哦	2026-06-13
sikuai	死会	2026-06-13
simo	四万	2026-06-13
simobaqiansui	四万八千岁	2026-06-13
simoduo	四万多	2026-06-13
simoduoge	四万多个	2026-06-13
simoge	四万个	2026-06-13
simokuai	四万块	2026-06-13
simoqiqian	四万七千	2026-06-13
simoren	四万人	2026-06-13
simoyu	四万余	2026-06-13
sipanse	斯潘塞	2026-06-13
sishiduomo	四十多万	2026-06-13
sishiermo	四十二万	2026-06-13
sishiwumo	四十五万	2026-06-13
sishiyumo	四十余万	2026-06-13
siwumo	四五万	2026-06-13
sixiangduola	思想堕落	2026-06-13
souxin	搜寻	2026-06-13
suanjue	酸角	2026-06-13
suidailiu	随大流	2026-06-13
suinipian	随你便	2026-06-13
suipian	随便	2026-06-13
suipianshuoshuo	随便说说	2026-06-13
suishuai	遂率	2026-06-13
suisuibianpian	随随便便	2026-06-13
suisuipianbian	随随便便	2026-06-13
suisuipianpian	随随便便	2026-06-13
suizhuansuidao	随传随到	2026-06-13
suliaodaipeng	塑料大棚	2026-06-13
sunhuaishuai	损坏率	2026-06-13
sunshishuai	损失率	2026-06-13
suone	琐呐	2026-06-13
suone	锁呐	2026-06-13
suowensuoxian	所闻所见	2026-06-13
suoxian	所见	2026-06-13
suoxianji	所见即	2026-06-13
suoxianzhe	所见者	2026-06-13
suozhuan	所传	2026-06-13
susekesi	苏塞克斯	2026-06-13
suyue	俗乐	2026-06-13
taidai	台大	2026-06-13
taidai	太大	2026-06-13
taikuai	太会	2026-06-13
taitoubujianditouxian	抬头不见低头见	2026-06-13
tandai	贪大	2026-06-13
tangse	塘塞	2026-06-13
tangshandaixiong	唐山大兄	2026-06-13
tanhuakuai	谈话会	2026-06-13
tanxin	探寻	2026-06-13
tanxinchu	探寻出	2026-06-13
taolunkuai	讨论会	2026-06-13
taotaishuai	淘汰率	2026-06-13
taxin	踏寻	2026-06-13
taxuexinmei	踏雪寻梅	2026-06-13
teaokuai	特奥会	2026-06-13
tedai	特大	2026-06-13
tedaijiang	特大奖	2026-06-13
tedaixinwen	特大新闻	2026-06-13
temaikuai	特卖会	2026-06-13
tiandai	天大	2026-06-13
tiankuai	天会	2026-06-13
tiankuo	恬适	2026-06-13
tiankuo	甜适	2026-06-13
tianman	填埋	2026-06-13
tianmanchang	填埋场	2026-06-13
tiantianxian	天天见	2026-06-13
tianyue	天乐	2026-06-13
tianzhongjuerong	田中角荣	2026-06-13
tiaowukuai	跳舞会	2026-06-13
tiela	铁落	2026-06-13
tiexianshuai	贴现率	2026-06-13
tiexin	贴寻	2026-06-13
tingcun	町村	2026-06-13
tingkuai	停会	2026-06-13
tingzhengkuai	听证会	2026-06-13
tongbaokuai	通报会	2026-06-13
tongbushuai	同步率	2026-06-13
tongdai	同大	2026-06-13
tongguoshuai	通过率	2026-06-13
tonghuo	统和	2026-06-13
tonghuopengzhangshuai	通货膨胀率	2026-06-13
tongman	同埋	2026-06-13
tongmengkuai	同盟会	2026-06-13
tongmocheng	统万城	2026-06-13
tongqikuai	通气会	2026-06-13
tongse	桶塞	2026-06-13
tongshengzhuan	同声传	2026-06-13
tongzhangshuai	通胀率	2026-06-13
tongzhikuai	同志会	2026-06-13
tongzhuan	通传	2026-06-13
touguangshuai	透光率	2026-06-13
toupiaoshuai	投票率	2026-06-13
touqiakuai	投洽会	2026-06-13
tousheshuai	透射率	2026-06-13
touzheyue	偷着乐	2026-06-13
tuiguangkuai	推广会	2026-06-13
tuijiekuai	推介会	2026-06-13
tuiweikuai	推委会	2026-06-13
tuixian	推见	2026-06-13
tuiyimo	退一万	2026-06-13
tuman	土埋	2026-06-13
tuola	脱落	2026-06-13
tuolasuan	脱落酸	2026-06-13
tuxian	突见	2026-06-13
tuxin	图寻	2026-06-13
wajue	挖角	2026-06-13
wancankuai	晚餐会	2026-06-13
wanchengshuai	完成率	2026-06-13
wangdainu	王大怒	2026-06-13
wangjue	旺角	2026-06-13
wangluokuopeiqi	网络适配器	2026-06-13
wangshangxian	网上见	2026-06-13
wangxian	望见	2026-06-13
wangyoukuai	网友会	2026-06-13
wanhuo	婉和	2026-06-13
wanjue	弯角	2026-06-13
wanjue	玩角	2026-06-13
wankuai	晚会	2026-06-13
wankuaijiemu	晚会节目	2026-06-13
wanting	畹町	2026-06-13
waseer	瓦塞尔	2026-06-13
wawadaiku	哇哇大哭	2026-06-13
weichikuai	维持会	2026-06-13
weierhuo	维尔和	2026-06-13
weihuo	维和	2026-06-13
weihuobudui	维和部队	2026-06-13
weikuai	委会	2026-06-13
weila	未落	2026-06-13
weimiantaimo	未免太没	2026-06-13
weiseer	维塞尔	2026-06-13
weiseke	韦塞克	2026-06-13
weixian	未见	2026-06-13
weixianhang	未见行	2026-06-13
weixianqiren	未见其人	2026-06-13
weixianxing	未见行	2026-06-13
weiyenaaiyueyuetuan	维也纳爱乐乐团	2026-06-13
wenman	稳埋	2026-06-13
wenmangshuai	文盲率	2026-06-13
wokuai	我会	2026-06-13
wubaiduomo	五百多万	2026-06-13
wubenmoli	无本万利	2026-06-13
wucankuai	午餐会	2026-06-13
wudai	五大	2026-06-13
wudai	吴大	2026-06-13
wudai	武大	2026-06-13
wudaihu	五大湖	2026-06-13
wudailei	五大类	2026-06-13
wuhouweidai	无后为大	2026-06-13
wujue	五角	2026-06-13
wujue	屋角	2026-06-13
wujue	无角	2026-06-13
wujuechang	五角场	2026-06-13
wujuefeng	五角枫	2026-06-13
wujueqian	五角钱	2026-06-13
wujuexing	五角形	2026-06-13
wujuexing	五角星	2026-06-13
wuliumo	五六万	2026-06-13
wumashuai	误码率	2026-06-13
wumo	五万	2026-06-13
wumoduo	五万多	2026-06-13
wumoerqian	五万二千	2026-06-13
wumokuai	五万块	2026-06-13
wumoliang	五万两	2026-06-13
wumoming	五万名	2026-06-13
wumopi	五万匹	2026-06-13
wumoyu	五万余	2026-06-13
wumoyuan	五万元	2026-06-13
wupianxian	无偏见	2026-06-13
wushiduomo	五十多万	2026-06-13
wushiliumo	五十六万	2026-06-13
wuxian	吾见	2026-06-13
wuxukuai	务虚会	2026-06-13
wuyanxianjiang	无颜见江	2026-06-13
wuyanxianjiangdongfulao	无颜见江东父老	2026-06-13
wuyanxianren	无颜见人	2026-06-13
wuzhenshuai	误诊率	2026-06-13
xiadaili	下大力	2026-06-13
xiadizhuanzhong	下底传中	2026-06-13
xiajue	下角	2026-06-13
xianbuzhao	见不着	2026-06-13
xianbuzhe	见不着	2026-06-13
xianbuzhuo	见不着	2026-06-13
xianchengxiao	见成效	2026-06-13
xianchu	见出	2026-06-13
xianduobuguai	见多不怪	2026-06-13
xianfengshiduo	见风驶舵	2026-06-13
xiangchataidai	相差太大	2026-06-13
xiangdai	湘大	2026-06-13
xiangkuai	乡会	2026-06-13
xiangpise	橡皮塞	2026-06-13
xianguan	见惯	2026-06-13
xianguomian	见过面	2026-06-13
xianguoshimian	见过世面	2026-06-13
xiangxian	详见	2026-06-13
xiangzhuan	象传	2026-06-13
xianjian	见见	2026-06-13
xianjianmian	见见面	2026-06-13
xianjiaodai	西安交大	2026-06-13
xianjue	线角	2026-06-13
xiankuai	先会	2026-06-13
xiankuo	闲适	2026-06-13
xianlemian	见了面	2026-06-13
xianliang	见量	2026-06-13
xianliaomian	见了面	2026-06-13
xianman	先埋	2026-06-13
xianqi	见弃	2026-06-13
xianren	见仁	2026-06-13
xianrong	见容	2026-06-13
xianshangtu	见上图	2026-06-13
xianweizhizhao	见微知着	2026-06-13
xianweizhizhe	见微知着	2026-06-13
xianweizhizhuo	见微知着	2026-06-13
xianxian	见见	2026-06-13
xianxiawen	见下文	2026-06-13
xianxing	见性	2026-06-13
xianzhaochaizhao	见招拆招	2026-06-13
xianzheyoufen	见者有份	2026-06-13
xianzhibuqu	见之不取	2026-06-13
xianzhiyu	见之于	2026-06-13
xianzhuang	见状	2026-06-13
xiaobei	小臂	2026-06-13
xiaodie	笑嗲	2026-06-13
xiaofeishuai	消费率	2026-06-13
xiaohaoshuai	消耗率	2026-06-13
xiaokuai	小会	2026-06-13
xiaokuai	校会	2026-06-13
xiaoweikuai	校委会	2026-06-13
xiaowujiandai	小巫见大	2026-06-13
xiaowuxianda	小巫见大	2026-06-13
xiaowuxiandai	小巫见大	2026-06-13
xiaoyue	小乐	2026-06-13
xiaoyue	笑乐	2026-06-13
xiaoyunkuai	校运会	2026-06-13
xiaozhongjiandai	小中见大	2026-06-13
xiaozhongxianda	小中见大	2026-06-13
xiaozhongxiandai	小中见大	2026-06-13
xiaozukuai	小组会	2026-06-13
xiazhidai	侠之大	2026-06-13
xiazhidaizhe	侠之大者	2026-06-13
xiazhuan	下传	2026-06-13
xibeijue	西北角	2026-06-13
xiedimayou	鞋底抹油	2026-06-13
xiehuo	谐和	2026-06-13
xiejinkuai	协进会	2026-06-13
xiejue	斜角	2026-06-13
xiela	谢落	2026-06-13
xieshuai	斜率	2026-06-13
xietiaokuai	协调会	2026-06-13
xiexian	邪见	2026-06-13
xihuo	西和	2026-06-13
xijue	西角	2026-06-13
xila	西落	2026-06-13
ximenting	西门町	2026-06-13
xinanjiaodai	西南交大	2026-06-13
xinanjue	西南角	2026-06-13
xinanjunzhengweiyuankuai	西南军政委员会	2026-06-13
xinbian	寻遍	2026-06-13
xinchang	寻常	2026-06-13
xinchangbaixing	寻常百姓	2026-06-13
xinchanglu	寻常路	2026-06-13
xinchou	寻仇	2026-06-13
xinchu	寻出	2026-06-13
xindai	新大	2026-06-13
xindaichang	新大长	2026-06-13
xindaixin	新大新	2026-06-13
xindaizhang	新大长	2026-06-13
xindao	寻到	2026-06-13
xindian	寻甸	2026-06-13
xinfang	寻访	2026-06-13
xingdai	兴大	2026-06-13
xingdaiyun	行大运	2026-06-13
xinghuo	兴和	2026-06-13
xinghuoxian	兴和县	2026-06-13
xingla	兴落	2026-06-13
xingmolilu	行万里路	2026-06-13
xingou	寻购	2026-06-13
xingqingdaibian	性情大变	2026-06-13
xingui	寻轨	2026-06-13
xinguo	寻过	2026-06-13
xinhuamiliu	寻花觅柳	2026-06-13
xinhuo	寻获	2026-06-13
xinji	寻迹	2026-06-13
xinkaixin	寻开心	2026-06-13
xinkuai	新会	2026-06-13
xinkuaigen	心会跟	2026-06-13
xinkuaiqu	新会区	2026-06-13
xinkuaixian	新会县	2026-06-13
xinmeng	寻梦	2026-06-13
xinmi	寻觅	2026-06-13
xinmo	寻摸	2026-06-13
xinou	寻偶	2026-06-13
xinqiu	寻求	2026-06-13
xinqiuzhishi	寻求知识	2026-06-13
xinren	寻人	2026-06-13
xinse	信塞	2026-06-13
xinshenlingkuai	心神领会	2026-06-13
xinshi	寻食	2026-06-13
xinsi	寻死	2026-06-13
xinsimihuo	寻死觅活	2026-06-13
xinwei	寻味	2026-06-13
xinwu	寻乌	2026-06-13
xinwu	寻物	2026-06-13
xinxin	寻寻	2026-06-13
xinxin	寻衅	2026-06-13
xinxinmimi	寻寻觅觅	2026-06-13
xinxinzishi	寻衅滋事	2026-06-13
xinxun	寻寻	2026-06-13
xinxunmimi	寻寻觅觅	2026-06-13
xinyi	寻医	2026-06-13
xinyi	寻绎	2026-06-13
xinyixin	寻一寻	2026-06-13
xinyixun	寻一寻	2026-06-13
xinyoutan	寻幽探	2026-06-13
xinzhao	寻找	2026-06-13
xinzhaojihui	寻找机会	2026-06-13
xinzhi	寻址	2026-06-13
xinzhuan	新传	2026-06-13
xinzu	寻租	2026-06-13
xiongdai	胸大	2026-06-13
xiongdikuai	兄弟会	2026-06-13
xiongyalidai	匈牙利大	2026-06-13
xiseluo	西塞罗	2026-06-13
xiseshan	西塞山	2026-06-13
xishuishuai	吸水率	2026-06-13
xitingzunpian	悉听尊便	2026-06-13
xiubokuai	休博会	2026-06-13
xixunzhuanlai	喜讯传来	2026-06-13
xuanbei	悬臂	2026-06-13
xuanbei	旋臂	2026-06-13
xuanbeiliang	悬臂梁	2026-06-13
xuanjiangkuai	宣讲会	2026-06-13
xuanjue	选角	2026-06-13
xuanweikuai	选委会	2026-06-13
xuedaikuai	学代会	2026-06-13
xueshengkuai	学生会	2026-06-13
xuhuo	煦和	2026-06-13
xuhuorong	须和戎	2026-06-13
xunxin	寻寻	2026-06-13
xunxinmimi	寻寻觅觅	2026-06-13
xunyixin	寻一寻	2026-06-13
xuqun	畜群	2026-06-13
xurou	畜肉	2026-06-13
yadai	亚大	2026-06-13
yalishandai	亚力山大	2026-06-13
yalishandai	亚历山大	2026-06-13
yalishandaigang	亚历山大港	2026-06-13
yananwenyizuotankuai	延安文艺座谈会	2026-06-13
yanbuxian	眼不见	2026-06-13
yanchangkuai	演唱会	2026-06-13
yandai	烟大	2026-06-13
yandainu	颜大怒	2026-06-13
yangdai	养大	2026-06-13
yangxingshuai	阳性率	2026-06-13
yangyueduo	养乐多	2026-06-13
yanhuowankuai	焰火晚会	2026-06-13
yanjiangkuai	演讲会	2026-06-13
yanjiukuai	研究会	2026-06-13
yanjue	檐角	2026-06-13
yanjue	眼角	2026-06-13
yanma	艳抹	2026-06-13
yanman	掩埋	2026-06-13
yanshikuai	演示会	2026-06-13
yantaokuai	研讨会	2026-06-13
yanzoukuai	演奏会	2026-06-13
yaobei	摇臂	2026-06-13
yaola	摇落	2026-06-13
yaoxian	遥见	2026-06-13
yasuoshuai	压缩率	2026-06-13
yatelandai	亚特兰大	2026-06-13
yatelandaiaoyunhui	亚特兰大奥运会	2026-06-13
yayunkuai	亚运会	2026-06-13
yehai	夜咳	2026-06-13
yekuai	夜会	2026-06-13
yela	叶落	2026-06-13
yelvdai	耶律大	2026-06-13
yelvdaishi	耶律大石	2026-06-13
yenise	叶尼塞	2026-06-13
yenisehe	叶尼塞河	2026-06-13
yesete	耶塞特	2026-06-13
yeweikuai	业委会	2026-06-13
yexian	谒见	2026-06-13
yibaiduomo	一百多万	2026-06-13
yibaimo	一百万	2026-06-13
yibaimobei	一百万倍	2026-06-13
yibaimoge	一百万个	2026-06-13
yibaimoliang	一百万两	2026-06-13
yibaimomeiyuan	一百万美元	2026-06-13
yibaisanshiduomo	一百三十多万	2026-06-13
yibokuai	艺博会	2026-06-13
yibubianyingmobian	以不变应万变	2026-06-13
yidai	一大	2026-06-13
yidai	医大	2026-06-13
yidaibang	一大帮	2026-06-13
yidaibu	一大步	2026-06-13
yidaijie	一大截	2026-06-13
yidaili	义大利	2026-06-13
yidaili	意大利	2026-06-13
yidailibei	意大利杯	2026-06-13
yidailidui	意大利队	2026-06-13
yidailiren	意大利人	2026-06-13
yidailishi	意大利式	2026-06-13
yidailiwangguo	意大利王国	2026-06-13
yidailiwen	意大利文	2026-06-13
yidailiyu	意大利语	2026-06-13
yidailizhengfu	意大利政府	2026-06-13
yidaipai	一大排	2026-06-13
yidaitiao	一大跳	2026-06-13
yiermo	一二万	2026-06-13
yigejimo	一个几万	2026-06-13
yigejue	一个角	2026-06-13
yigemoli	一个万里	2026-06-13
yigui	乙炔	2026-06-13
yihuo	颐和	2026-06-13
yihuoweigui	以和为贵	2026-06-13
yihuxinchang	异乎寻常	2026-06-13
yijiadudai	一家独大	2026-06-13
yijiaojiukuai	一教就会	2026-06-13
yijiukuai	依旧会	2026-06-13
yijue	壹角	2026-06-13
yijue	衣角	2026-06-13
yikedai	医科大	2026-06-13
yikuweiyue	以苦为乐	2026-06-13
yiliangmo	一两万	2026-06-13
yiliangmokuai	一两万块	2026-06-13
yiliangmoyuan	一两万元	2026-06-13
yima	一抹	2026-06-13
yimaikuai	义卖会	2026-06-13
yimo	一万	2026-06-13
yimo	壹万	2026-06-13
yimoba	一万八	2026-06-13
yimobaqian	一万八千	2026-06-13
yimobei	一万倍	2026-06-13
yimobian	一万遍	2026-06-13
yimobu	一万步	2026-06-13
yimoci	一万次	2026-06-13
yimodao	一万刀	2026-06-13
yimoduo	一万多	2026-06-13
yimoduoge	一万多个	2026-06-13
yimoduojin	一万多斤	2026-06-13
yimoduokuai	一万多块	2026-06-13
yimoduoliang	一万多两	2026-06-13
yimoduonian	一万多年	2026-06-13
yimoduoyidian	一万多一点	2026-06-13
yimoduoyuan	一万多元	2026-06-13
yimoduozhi	一万多只	2026-06-13
yimoer	一万二	2026-06-13
yimoerqian	一万二千	2026-06-13
yimoerqianwubai	一万二千五百	2026-06-13
yimofa	一万发	2026-06-13
yimoge	一万个	2026-06-13
yimogongli	一万公里	2026-06-13
yimohu	一万户	2026-06-13
yimohui	一万回	2026-06-13
yimojin	一万斤	2026-06-13
yimojiuqian	一万九千	2026-06-13
yimoju	一万句	2026-06-13
yimokuai	一万块	2026-06-13
yimoliang	一万两	2026-06-13
yimoliangmo	一万两万	2026-06-13
yimoliangqian	一万两千	2026-06-13
yimoliangwan	一万两万	2026-06-13
yimoliuqian	一万六千	2026-06-13
yimoliuqianduo	一万六千多	2026-06-13
yimoming	一万名	2026-06-13
yimonuoweiqi	伊万诺维奇	2026-06-13
yimopi	一万匹	2026-06-13
yimoqiqian	一万七千	2026-06-13
yimoqiqianduo	一万七千多	2026-06-13
yimosanqian	一万三千	2026-06-13
yimoshuang	一万双	2026-06-13
yimosiqian	一万四千	2026-06-13
yimotian	一万天	2026-06-13
yimotiao	一万条	2026-06-13
yimotou	一万头	2026-06-13
yimowu	一万五	2026-06-13
yimowuqian	一万五千	2026-06-13
yimoyi	一万亿	2026-06-13
yimoyu	一万余	2026-06-13
yimoyuan	一万元	2026-06-13
yimozhang	一万张	2026-06-13
yimozhi	一万只	2026-06-13
yimozhong	一万种	2026-06-13
yimozuoyou	一万左右	2026-06-13
yingdaijiang	赢大奖	2026-06-13
yinghuokuai	营火会	2026-06-13
yingjue	迎角	2026-06-13
yingmikuai	影迷会	2026-06-13
yingse	硬塞	2026-06-13
yingxin	英寻	2026-06-13
yingxinkuai	迎新会	2026-06-13
yingxinwankuai	迎新晚会	2026-06-13
yingyujue	英语角	2026-06-13
yinjiankuai	银监会	2026-06-13
yinjue	银角	2026-06-13
yinmo	隐没	2026-06-13
yinyue	淫乐	2026-06-13
yinyuekuai	音乐会	2026-06-13
yipaijihuo	一拍即和	2026-06-13
yiqianduomo	一千多万	2026-06-13
yiqianyibaimo	一千一百万	2026-06-13
yiqianyimo	一千一万	2026-06-13
yiqianyimoge	一千一万个	2026-06-13
yishibankuai	一时半会	2026-06-13
yishikuai	议事会	2026-06-13
yishisanmo	一十三万	2026-06-13
yiwanliangmo	一万两万	2026-06-13
yiweikuai	艺委会	2026-06-13
yixian	易见	2026-06-13
yixianzhongqing	一见锺情	2026-06-13
yiyue	一乐	2026-06-13
yiyue	怡乐	2026-06-13
yizhuan	一传	2026-06-13
yizhuan	译传	2026-06-13
yizhuan	驿传	2026-06-13
yizhuanshi	一传十	2026-06-13
yonghuo	永和	2026-06-13
yonghuoxian	永和县	2026-06-13
yongshuai	用率	2026-06-13
yongyoushuai	拥有率	2026-06-13
yongyue	永乐	2026-06-13
yougaoyoudai	又高又大	2026-06-13
youjue	右角	2026-06-13
youkuaidao	又会到	2026-06-13
youkuaiyou	又会有	2026-06-13
youkuaizai	又会在	2026-06-13
yourongnaidai	有容乃大	2026-06-13
youshangjue	右上角	2026-06-13
youxiajue	右下角	2026-06-13
youxiaodaodai	由小到大	2026-06-13
youxiaoshuai	有效率	2026-06-13
youxiushuai	优秀率	2026-06-13
youyue	游乐	2026-06-13
youyuechang	游乐场	2026-06-13
youyuequ	游乐区	2026-06-13
youzhela	有着落	2026-06-13
youzhuanbu	邮传部	2026-06-13
yuanbei	猿臂	2026-06-13
yuanhuoni	愿和你	2026-06-13
yuanjue	圆角	2026-06-13
yuanjue	远角	2026-06-13
yuankuai	缘会	2026-06-13
yuankuai	院会	2026-06-13
yuanqidaishang	元气大伤	2026-06-13
yuanxinjue	圆心角	2026-06-13
yuanyie	愿意哦	2026-06-13
yubei	玉臂	2026-06-13
yubeikuai	预备会	2026-06-13
yueba	乐吧	2026-06-13
yuechangshi	乐昌市	2026-06-13
yuechao	乐巢	2026-06-13
yuecheng	乐橙	2026-06-13
yuecibubi	乐此不彼	2026-06-13
yuedai	越大	2026-06-13
yuediao	乐调	2026-06-13
yueduan	乐段	2026-06-13
yueerwangxing	乐而忘形	2026-06-13
yuefantian	乐翻天	2026-06-13
yuegu	乐谷	2026-06-13
yuehu	乐乎	2026-06-13
yuehuaile	乐坏了	2026-06-13
yuehuailiao	乐坏了	2026-06-13
yuejian	乐见	2026-06-13
yuejing	乐境	2026-06-13
yuejuan	乐捐	2026-06-13
yuejuanxiang	乐捐箱	2026-06-13
yuelawuti	月落乌啼	2026-06-13
yuele	乐乐	2026-06-13
yuelingshi	乐陵市	2026-06-13
yuelingxian	乐陵县	2026-06-13
yuelun	乐论	2026-06-13
yueman	约埋	2026-06-13
yuemei	乐美	2026-06-13
yueming	乐命	2026-06-13
yueping	乐平	2026-06-13
yuepingjia	乐评家	2026-06-13
yuepingren	乐评人	2026-06-13
yuepingshi	乐平市	2026-06-13
yuepingxian	乐平县	2026-06-13
yuerushumo	月入数万	2026-06-13
yueshen	乐神	2026-06-13
yuesheng	乐声	2026-06-13
yueshi	乐视	2026-06-13
yueshou	乐受	2026-06-13
yuesi	乐死	2026-06-13
yuetiao	乐调	2026-06-13
yuetoucai	乐透彩	2026-06-13
yuewuyou	乐无忧	2026-06-13
yuexian	乐见	2026-06-13
yuexian	乐闲	2026-06-13
yuexin	乐心	2026-06-13
yueyue	乐乐	2026-06-13
yueyue	悦乐	2026-06-13
yuezhe	乐者	2026-06-13
yuezhijing	乐之境	2026-06-13
yuezhixian	乐至县	2026-06-13
yujiaoyuyue	寓教于乐	2026-06-13
yula	雨落	2026-06-13
yuman	预埋	2026-06-13
yumo	余万	2026-06-13
yumoce	余万册	2026-06-13
yumojian	余万件	2026-06-13
yumoliang	余万两	2026-06-13
yumomu	余万亩	2026-06-13
yumopingfangmi	余万平方米	2026-06-13
yumorenci	余万人次	2026-06-13
yumozhi	余万只	2026-06-13
yundai	云大	2026-06-13
yunhuo	蕴和	2026-06-13
yunla	殒落	2026-06-13
yuqi	吁气	2026-06-13
yuxian	遇见	2026-06-13
yuxin	于寻	2026-06-13
yuyue	育乐	2026-06-13
zaishuai	载率	2026-06-13
zangman	葬埋	2026-06-13
zaocankuai	早餐会	2026-06-13
zengjiashuai	增加率	2026-06-13
zengzhangshuai	增长率	2026-06-13
zenkuai	怎会	2026-06-13
zhanbase	占巴塞	2026-06-13
zhangbei	长臂	2026-06-13
zhangbeixia	长臂虾	2026-06-13
zhangdai	涨大	2026-06-13
zhangdai	胀大	2026-06-13
zhangzhuan	长传	2026-06-13
zhankuai	展会	2026-06-13
zhanla	斩落	2026-06-13
zhanshikuai	展示会	2026-06-13
zhanyongshuai	占用率	2026-06-13
zhanyoushuai	占有率	2026-06-13
zhaohuo	昭和	2026-06-13
zhaopinkuai	招聘会	2026-06-13
zhaoshuaijiao	赵率教	2026-06-13
zhaoxin	找寻	2026-06-13
zhaoxinchu	找寻出	2026-06-13
zhaoxindao	找寻到	2026-06-13
zhaoyue	找乐	2026-06-13
zhaxian	乍见	2026-06-13
zhedai	浙大	2026-06-13
zhegongdai	浙工大	2026-06-13
zheguangjue	遮光角	2026-06-13
zheguangshuai	折光率	2026-06-13
zhejue	折角	2026-06-13
zhekoushuai	折扣率	2026-06-13
zhendai	真大	2026-06-13
zhengdai	政大	2026-06-13
zhengdaiyanjing	睁大眼睛	2026-06-13
zhengdianshuai	正点率	2026-06-13
zhengfadai	政法大	2026-06-13
zhenghuo	政和	2026-06-13
zhengjiankuai	证监会	2026-06-13
zhengjue	整角	2026-06-13
zhengqueshuai	正确率	2026-06-13
zhengweikuai	政委会	2026-06-13
zhengweiyuankuai	政委员会	2026-06-13
zhengwukuai	政务会	2026-06-13
zhenhaiji	镇咳剂	2026-06-13
zhenkuai	真会	2026-06-13
zhenkuaishi	真会是	2026-06-13
zhenmoxiangdao	真没想到	2026-06-13
zhenshi	真似	2026-06-13
zheshejue	折射角	2026-06-13
zhesheshuai	折射率	2026-06-13
zheshidai	浙师大	2026-06-13
zhezhuan	浙传	2026-06-13
zhichishuai	支持率	2026-06-13
zhihai	止咳	2026-06-13
zhihaishui	止咳水	2026-06-13
zhihaiyao	止咳药	2026-06-13
zhihuoliang	质和量	2026-06-13
zhijiagedai	芝加哥大	2026-06-13
zhikeyikuai	只可意会	2026-06-13
zhipian	之便	2026-06-13
zhisishuai	致死率	2026-06-13
zhiweikuai	执委会	2026-06-13
zhixiaoshuai	知晓率	2026-06-13
zhiyinnanxin	知音难寻	2026-06-13
zhiyue	之乐	2026-06-13
zhiyushuai	治愈率	2026-06-13
zhizhexianzhi	智者见智	2026-06-13
zhizheyueshui	智者乐水	2026-06-13
zhizhuan	直传	2026-06-13
zhongchangkuai	中常会	2026-06-13
zhongdai	中大	2026-06-13
zhongdaijiang	中大奖	2026-06-13
zhonggongbadai	中共八大	2026-06-13
zhonggongerdai	中共二大	2026-06-13
zhonggongshisandai	中共十三大	2026-06-13
zhonggongshiwudai	中共十五大	2026-06-13
zhonggongyidai	中共一大	2026-06-13
zhongguoaoweikuai	中国奥委会	2026-06-13
zhongguofupinjijinkuai	中国扶贫基金会	2026-06-13
zhongguojianzhuxuekuai	中国建筑学会	2026-06-13
zhongguojiaokuai	中国教会	2026-06-13
zhongguokedai	中国科大	2026-06-13
zhongguoshuxuekuai	中国数学会	2026-06-13
zhongguotongmengkuai	中国同盟会	2026-06-13
zhongguozhengjiankuai	中国证监会	2026-06-13
zhonghuacishanzongkuai	中华慈善总会	2026-06-13
zhongjiukuai	终究会	2026-06-13
zhongkedai	中科大	2026-06-13
zhongkuai	中会	2026-06-13
zhongkuai	终会	2026-06-13
zhongla	中落	2026-06-13
zhongqianshuai	中签率	2026-06-13
zhongtedai	重特大	2026-06-13
zhongxian	重见	2026-06-13
zhongxianguangming	重见光明	2026-06-13
zhongxinjue	中心角	2026-06-13
zhongyue	中乐	2026-06-13
zhongzhuan	重传	2026-06-13
zhoudai	洲大	2026-06-13
zhoudaifu	周大福	2026-06-13
zhouqishuai	周期率	2026-06-13
zhouzhuanshuai	周转率	2026-06-13
zhuanbao	传报	2026-06-13
zhuanbian	传遍	2026-06-13
zhuanbiao	传标	2026-06-13
zhuanbudao	传不到	2026-06-13
zhuanchu	传出	2026-06-13
zhuanchuan	传传	2026-06-13
zhuanchuqu	传出去	2026-06-13
zhuancuo	传错	2026-06-13
zhuandao	传到	2026-06-13
zhuande	传得	2026-06-13
zhuandei	传得	2026-06-13
zhuandeng	传灯	2026-06-13
zhuandian	传电	2026-06-13
zhuandu	传毒	2026-06-13
zhuandui	传对	2026-06-13
zhuane	传讹	2026-06-13
zhuanfeiwen	传绯闻	2026-06-13
zhuanfu	传腹	2026-06-13
zhuangdaiyun	撞大运	2026-06-13
zhuangei	传给	2026-06-13
zhuangjue	装角	2026-06-13
zhuangong	传功	2026-06-13
zhuangshi	状似	2026-06-13
zhuanguo	传国	2026-06-13
zhuanguo	传过	2026-06-13
zhuanguolai	传过来	2026-06-13
zhuanguoqu	传过去	2026-06-13
zhuanhua	传化	2026-06-13
zhuanhuashuai	转化率	2026-06-13
zhuanhui	传回	2026-06-13
zhuanji	传给	2026-06-13
zhuanjie	传戒	2026-06-13
zhuanjie	传接	2026-06-13
zhuanjiebao	传捷报	2026-06-13
zhuankai	传开	2026-06-13
zhuankan	传看	2026-06-13
zhuankuai	转会	2026-06-13
zhuanlai	传来	2026-06-13
zhuanlaichuanqu	传来传去	2026-06-13
zhuanlaizhuanqu	传来传去	2026-06-13
zhuanqi	传起	2026-06-13
zhuanqu	传去	2026-06-13
zhuanshang	传上	2026-06-13
zhuanshanglai	传上来	2026-06-13
zhuanshangqu	传上去	2026-06-13
zhuanshen	传审	2026-06-13
zhuanshu	传书	2026-06-13
zhuanshu	传述	2026-06-13
zhuanwei	传为	2026-06-13
zhuanwei	传位	2026-06-13
zhuanxia	传下	2026-06-13
zhuanxialai	传下来	2026-06-13
zhuanxiao	传销	2026-06-13
zhuanxiaqu	传下去	2026-06-13
zhuanxin	传信	2026-06-13
zhuanyao	传谣	2026-06-13
zhuanyi	传艺	2026-06-13
zhuanyibo	传衣钵	2026-06-13
zhuanyin	传音	2026-06-13
zhuanyinrumi	传音入密	2026-06-13
zhuanyu	传谕	2026-06-13
zhuanzan	传赞	2026-06-13
zhuanzhi	传至	2026-06-13
zhuanzhong	传中	2026-06-13
zhuanzhongqiu	传中球	2026-06-13
zhuanzhu	传主	2026-06-13
zhuanzhuan	传传	2026-06-13
zhuanzi	传子	2026-06-13
zhuanzi	传自	2026-06-13
zhuanzong	传宗	2026-06-13
zhugeliangkuai	诸葛亮会	2026-06-13
zhuguangwankuai	烛光晚会	2026-06-13
zhuhuopai	主和派	2026-06-13
zhuisikuai	追思会	2026-06-13
zhujiajue	朱家角	2026-06-13
zhukuai	注会	2026-06-13
zhulayupan	珠落玉盘	2026-06-13
zhunbeijinshuai	准备金率	2026-06-13
zhunbeikuai	准备会	2026-06-13
zhunkuai	准会	2026-06-13
zhunqueshuai	准确率	2026-06-13
zhuojue	桌角	2026-06-13
zhuse	柱塞	2026-06-13
zhuyue	住乐	2026-06-13
zichanfuzhaishuai	资产负债率	2026-06-13
zihuohuang	子和皇	2026-06-13
zijishuai	自给率	2026-06-13
zikuai	子会	2026-06-13
zikuai	自会	2026-06-13
zikuaizai	自会在	2026-06-13
zikuo	自适	2026-06-13
ziwopoxi	自我剖析	2026-06-13
zixian	自见	2026-06-13
zixin	自寻	2026-06-13
zixinfannao	自寻烦恼	2026-06-13
zixunkuai	咨询会	2026-06-13
ziyoushuai	自有率	2026-06-13
ziyue	自乐	2026-06-13
ziyuziyue	自娱自乐	2026-06-13
zonggaikuai	总该会	2026-06-13
zongjiekuai	总结会	2026-06-13
zongkuai	总会	2026-06-13
zongrankuai	纵然会	2026-06-13
zuidai	最大	2026-06-13
zuidaihua	最大化	2026-06-13
zuidaizhe	最大者	2026-06-13
zuidaizhi	最大值	2026-06-13
zuikuo	最适	2026-06-13
zuilise	嘴里塞	2026-06-13
zuima	嘴抹	2026-06-13
zuobei	左臂	2026-06-13
zuojue	左角	2026-06-13
zuokuai	坐会	2026-06-13
zuole	左肋	2026-06-13
zuopianqi	坐便器	2026-06-13
zuopianqi	座便器	2026-06-13
zuoshangbei	左上臂	2026-06-13
zuoshangjue	左上角	2026-06-13
zuotankuai	座谈会	2026-06-13
zuoxiajue	左下角	2026-06-13
# polyphone-dup sweep batch1 2026-06-13 — wrong-reading corpus copies (audit: docs/pinyin-polyphone-dup-sweep-2026-06-13/)
abodu	阿卜杜	2026-06-13
abodula	阿卜杜拉	2026-06-13
abodulei	阿卜杜勒	2026-06-13
agubai	阿古柏	2026-06-13
anti	岸堤	2026-06-13
baba	耙耙	2026-06-13
baiji	柏忌	2026-06-13
baila	柏拉	2026-06-13
bailiaozi	柏辽兹	2026-06-13
bali	耙犁	2026-06-13
bati	坝堤	2026-06-13
batian	耙田	2026-06-13
batiya	芭堤雅	2026-06-13
batu	耙土	2026-06-13
beijiao	倍觉	2026-06-13
bencan	本参	2026-06-13
bingcan	兵参	2026-06-13
bingcan	冰参	2026-06-13
biwei	辟为	2026-06-13
biye	鼻咽	2026-06-13
bizuo	辟作	2026-06-13
bobing	蕃兵	2026-06-13
bofeng	卜蜂	2026-06-13
bohu	泊湖	2026-06-13
boke	蕃客	2026-06-13
boluhan	卜鲁罕	2026-06-13
bomu	柏木	2026-06-13
boren	蕃人	2026-06-13
boshu	蕃薯	2026-06-13
boshuteng	蕃薯藤	2026-06-13
bosuan	卜算	2026-06-13
bosuanzi	卜算子	2026-06-13
boxi	蕃息	2026-06-13
boyigua	卜一卦	2026-06-13
bozhe	卜者	2026-06-13
bozhong	泊中	2026-06-13
chating	刹停	2026-06-13
chazha	刹闸	2026-06-13
chenayi	沈阿姨	2026-06-13
chendao	沈导	2026-06-13
chendefu	沈德符	2026-06-13
chengaosu	沈高速	2026-06-13
chenhequ	沈河区	2026-06-13
chenjiamen	沈家门	2026-06-13
chenjixian	沈吉线	2026-06-13
chenkuo	沈括	2026-06-13
chenqiuxian	沈丘县	2026-06-13
chenyang	沈阳	2026-06-13
chenyangbeizhan	沈阳北站	2026-06-13
chenyangdui	沈阳队	2026-06-13
chenyangjichuang	沈阳机床	2026-06-13
chenyangju	沈阳局	2026-06-13
chenyangjunqu	沈阳军区	2026-06-13
chenyangshi	沈阳市	2026-06-13
chenyangshizhengfu	沈阳市政府	2026-06-13
chenyangtieluju	沈阳铁路局	2026-06-13
chenyangtiyuxueyuan	沈阳体育学院	2026-06-13
chenyangzhan	沈阳站	2026-06-13
chenyue	沈月	2026-06-13
chiba	齿耙	2026-06-13
chifani	吃法呢	2026-06-13
chikangyecai	吃糠咽菜	2026-06-13
daboshu	大柏树	2026-06-13
dajiaosi	大觉寺	2026-06-13
daocha	倒刹	2026-06-13
dayine	大衣呢	2026-06-13
daza	沓杂	2026-06-13
dazhongne	大众呢	2026-06-13
diancha	点刹	2026-06-13
diecha	碟刹	2026-06-13
dishen	低沈	2026-06-13
doubolei	都卜勒	2026-06-13
duozheni	多着呢	2026-06-13
fangboti	防波堤	2026-06-13
fanggene	方格呢	2026-06-13
fenda	纷沓	2026-06-13
gexue	各削	2026-06-13
gezine	格子呢	2026-06-13
guibo	桧柏	2026-06-13
habibo	哈比卜	2026-06-13
hencha	狠刹	2026-06-13
heti	河堤	2026-06-13
houzhihoujiao	后知后觉	2026-06-13
huilongjue	回笼觉	2026-06-13
jianti	建堤	2026-06-13
jiaocha	脚刹	2026-06-13
jiaocha	觉查	2026-06-13
jiaochu	觉出	2026-06-13
jiaoguo	觉果	2026-06-13
jiaojie	觉解	2026-06-13
jiaoluo	觉罗	2026-06-13
jiaomin	觉民	2026-06-13
jiaoshen	教参	2026-06-13
jiaosheng	觉省	2026-06-13
jiaoshi	觉世	2026-06-13
jiaoshu	觉书	2026-06-13
jiaoyuan	觉远	2026-06-13
jiaozhao	觉着	2026-06-13
jiaozhe	觉着	2026-06-13
jiaozhe	觉者	2026-06-13
jiaozhuo	觉着	2026-06-13
jiboli	吉卜利	2026-06-13
jibolin	吉卜林	2026-06-13
jingbo	镜泊	2026-06-13
jingbohu	镜泊湖	2026-06-13
jingchen	京沈	2026-06-13
jipo	羁泊	2026-06-13
jueti	决堤	2026-06-13
kanxue	砍削	2026-06-13
kouye	口咽	2026-06-13
kubai	库柏	2026-06-13
labolengsi	拉卜楞寺	2026-06-13
liaocan	辽参	2026-06-13
liaochen	辽沈	2026-06-13
liaochenzhanyi	辽沈战役	2026-06-13
liaochenzhanyijinianguan	辽沈战役纪念馆	2026-06-13
liaoningchenyang	辽宁沈阳	2026-06-13
liba	犁耙	2026-06-13
liboke	李卜克	2026-06-13
libokenei	李卜克内	2026-06-13
lifune	礼服呢	2026-06-13
lingbi	另辟	2026-06-13
lishagongyuan	黎刹公园	2026-06-13
luobu	箩卜	2026-06-13
luobu	罗卜	2026-06-13
makune	马裤呢	2026-06-13
manjiaolong	满觉陇	2026-06-13
miaojiao	妙觉	2026-06-13
moxue	磨削	2026-06-13
muba	木耙	2026-06-13
nanye	难咽	2026-06-13
nedayi	呢大衣	2026-06-13
nemao	呢帽	2026-06-13
nipoer	尼泊尔	2026-06-13
nipoergongchandang	尼泊尔共产党	2026-06-13
nipoerren	尼泊尔人	2026-06-13
nipoeryu	尼泊尔语	2026-06-13
pangru	彷如	2026-06-13
panweibai	潘玮柏	2026-06-13
pixue	皮削	2026-06-13
poan	泊岸	2026-06-13
pochuan	泊船	2026-06-13
polai	泊来	2026-06-13
poqinhuai	泊秦淮	2026-06-13
posong	泊松	2026-06-13
posongbi	泊松比	2026-06-13
posongkuohao	泊松括号	2026-06-13
potou	泊头	2026-06-13
qianlizhiti	千里之堤	2026-06-13
qianxue	欠削	2026-06-13
qiyan	凄咽	2026-06-13
rejiao	热觉	2026-06-13
shadili	刹帝利	2026-06-13
shahai	刹海	2026-06-13
shanbo	山卜	2026-06-13
shaojiao	稍觉	2026-06-13
shenbao	参保	2026-06-13
shenbutou	参不透	2026-06-13
shendao	参道	2026-06-13
shendian	沈淀	2026-06-13
shendiandian	沈甸甸	2026-06-13
shengjiao	声觉	2026-06-13
shengu	参股	2026-06-13
shenhui	参会	2026-06-13
shenhuizhe	参会者	2026-06-13
shenji	沈寂	2026-06-13
shenjiao	深觉	2026-06-13
shenjin	沈浸	2026-06-13
shenkuai	参会	2026-06-13
shenkuaizhe	参会者	2026-06-13
shenlun	沈沦	2026-06-13
shenni	沈溺	2026-06-13
shenshahai	什刹海	2026-06-13
shenshang	参上	2026-06-13
shenshen	深沈	2026-06-13
shentuan	参团	2026-06-13
shenxiang	参详	2026-06-13
shenyuan	参院	2026-06-13
shenzhizhengshi	参知政事	2026-06-13
shenzhongliangyuan	参众两院	2026-06-13
shishen	实参	2026-06-13
shoucan	手参	2026-06-13
shoucha	手刹	2026-06-13
shuchen	属沈	2026-06-13
shuidajue	睡大觉	2026-06-13
shuijiaojue	睡觉觉	2026-06-13
shuizhaojue	睡着觉	2026-06-13
tanline	弹力呢	2026-06-13
tasha	塔刹	2026-06-13
tian	堤岸	2026-06-13
tiba	堤坝	2026-06-13
tidao	堤道	2026-06-13
tiding	堤顶	2026-06-13
tiduan	堤段	2026-06-13
tifang	堤防	2026-06-13
tigeng	堤埂	2026-06-13
tijiao	体觉	2026-06-13
tinei	堤内	2026-06-13
tishang	堤上	2026-06-13
tiwai	堤外	2026-06-13
tiyan	堤堰	2026-06-13
tiyuan	堤垸	2026-06-13
tongbo	桐柏	2026-06-13
tongbolu	桐柏路	2026-06-13
tongboshan	桐柏山	2026-06-13
tongboxian	桐柏县	2026-06-13
tongjiao	统觉	2026-06-13
tuti	土堤	2026-06-13
weijiao	未觉	2026-06-13
weiti	围堤	2026-06-13
xianzhihoujiao	先知后觉	2026-06-13
xiebi	邪辟	2026-06-13
xiejiaozai	谢觉哉	2026-06-13
xifune	西服呢	2026-06-13
xingchen	姓沈	2026-06-13
xinti	新堤	2026-06-13
xixue	铣削	2026-06-13
xuebao	削薄	2026-06-13
xuebi	削笔	2026-06-13
xuebo	削波	2026-06-13
xuecheng	削成	2026-06-13
xuediao	削掉	2026-06-13
xueduan	削断	2026-06-13
xueduan	削短	2026-06-13
xuegu	削骨	2026-06-13
xuegua	削刮	2026-06-13
xueguang	削光	2026-06-13
xueguo	削过	2026-06-13
xuejian	削尖	2026-06-13
xuepingguo	削苹果	2026-06-13
xuequ	削去	2026-06-13
xuesi	削死	2026-06-13
xuewei	削微	2026-06-13
yabo	崖柏	2026-06-13
yangcan	洋参	2026-06-13
yangni	养呢	2026-06-13
yebu	咽部	2026-06-13
yebuxia	咽不下	2026-06-13
yepo	夜泊	2026-06-13
yetong	咽痛	2026-06-13
yexia	咽下	2026-06-13
yezhu	咽住	2026-06-13
yibo	易卜	2026-06-13
yibolaxin	伊卜拉欣	2026-06-13
yibolaxin	易卜拉欣	2026-06-13
yibosheng	易卜生	2026-06-13
yisha	一刹	2026-06-13
yita	一沓	2026-06-13
yuejiao	越觉	2026-06-13
zainawanni	在哪玩呢	2026-06-13
zengbi	增辟	2026-06-13
zhanne	毡呢	2026-06-13
zhaojiao	昭觉	2026-06-13
zhaojiaosi	昭觉寺	2026-06-13
zhengjiao	正觉	2026-06-13
zhengni	蒸呢	2026-06-13
zhishen	值参	2026-06-13
zhongjiao	终觉	2026-06-13
zhongjue	中觉	2026-06-13
zhuti	筑堤	2026-06-13
zongjiao	总觉	2026-06-13
# polyphone-dup sweep batch1 2026-06-13 — wrong-reading corpus copies (audit: docs/pinyin-polyphone-dup-sweep-2026-06-13/)
ajiyuansu	锕系元素	2026-06-13
badacaiji	八大菜系	2026-06-13
bajuan	八圈	2026-06-13
banjuan	半圈	2026-06-13
baofengjuan	暴风圈	2026-06-13
baohujuan	保护圈	2026-06-13
baojijuan	保级圈	2026-06-13
bayujuan	鲅鱼圈	2026-06-13
benji	本系	2026-06-13
biaoyanji	表演系	2026-06-13
bijuan	币圈	2026-06-13
bojuan	脖圈	2026-06-13
bushaojuan	不少圈	2026-06-13
caiji	菜系	2026-06-13
cankaoji	参考系	2026-06-13
caozongji	操纵系	2026-06-13
cengji	层系	2026-06-13
changjimo	肠系膜	2026-06-13
cheji	车系	2026-06-13
chongjuan	虫圈	2026-06-13
chunji	纯系	2026-06-13
dadushijuan	大都市圈	2026-06-13
dajuan	大圈	2026-06-13
dajuan	打圈	2026-06-13
dalufaji	大陆法系	2026-06-13
danji	单系	2026-06-13
danxiejingji	单斜晶系	2026-06-13
daoyanji	导演系	2026-06-13
dianjiji	电机系	2026-06-13
dianyingjuan	电影圈	2026-06-13
dianziji	电子系	2026-06-13
diaosuji	雕塑系	2026-06-13
dierjuan	第二圈	2026-06-13
dijuan	地圈	2026-06-13
diliji	地理系	2026-06-13
disanji	第三系	2026-06-13
disanjuan	第三圈	2026-06-13
disiji	第四系	2026-06-13
diyijuan	第一圈	2026-06-13
dizhiji	地质系	2026-06-13
dongwuquji	动物区系	2026-06-13
doujuan	兜圈	2026-06-13
duojuan	多圈	2026-06-13
faji	法系	2026-06-13
falvji	法律系	2026-06-13
fanjuan	饭圈	2026-06-13
fayuji	法语系	2026-06-13
feiguanxingji	非惯性系	2026-06-13
fengji	奉系	2026-06-13
fengjijunfa	奉系军阀	2026-06-13
fengjuan	蜂圈	2026-06-13
fengjuan	风圈	2026-06-13
fujijuan	伏击圈	2026-06-13
gaiji	该系	2026-06-13
gangjuan	钢圈	2026-06-13
geji	各系	2026-06-13
gejisuo	各系所	2026-06-13
geyuanji	各院系	2026-06-13
gongchengji	工程系	2026-06-13
gongrongjuan	共荣圈	2026-06-13
guaijuan	怪圈	2026-06-13
guanliji	管理系	2026-06-13
guiji	桂系	2026-06-13
guliji	孤立系	2026-06-13
guohuaji	国画系	2026-06-13
guomaoji	国贸系	2026-06-13
hanjuan	韩圈	2026-06-13
haojijuan	好几圈	2026-06-13
hechengji	合成系	2026-06-13
heiyanjuan	黑眼圈	2026-06-13
henduojuan	很多圈	2026-06-13
huagongji	化工系	2026-06-13
huajuan	画圈	2026-06-13
huajuan	花圈	2026-06-13
huanji	换系	2026-06-13
huaxueji	化学系	2026-06-13
huifuji	恢复系	2026-06-13
huijuan	回圈	2026-06-13
hujuan	弧圈	2026-06-13
hulajuan	呼啦圈	2026-06-13
hulajuan	呼拉圈	2026-06-13
huliji	护理系	2026-06-13
hunjuan	混圈	2026-06-13
huoji	火系	2026-06-13
huojuan	火圈	2026-06-13
jianzhuji	建筑系	2026-06-13
jiaojijuan	交际圈	2026-06-13
jiaojuan	椒圈	2026-06-13
jiaojuan	焦圈	2026-06-13
jiaojuan	胶圈	2026-06-13
jiaoyuji	教育系	2026-06-13
jibenji	基本系	2026-06-13
jici	系辞	2026-06-13
jiguan	系馆	2026-06-13
jijuan	几圈	2026-06-13
jijuan	姬圈	2026-06-13
jikan	系刊	2026-06-13
jili	系里	2026-06-13
jingji	晶系	2026-06-13
jingjiji	经济系	2026-06-13
jingjijuan	经济圈	2026-06-13
jingjuan	颈圈	2026-06-13
jinrongji	金融系	2026-06-13
jinshujuan	金属圈	2026-06-13
jiquan	鸡圈	2026-06-13
jishujuan	技术圈	2026-06-13
jisuanjiji	计算机系	2026-06-13
jiujuan	九圈	2026-06-13
jiushengjuan	救生圈	2026-06-13
jixieji	机械系	2026-06-13
jizhuren	系主任	2026-06-13
jizong	系综	2026-06-13
jizu	系族	2026-06-13
juanceng	圈层	2026-06-13
juanhuan	圈环	2026-06-13
juanjuan	圈圈	2026-06-13
juanjuandiandian	圈圈点点	2026-06-13
juanli	圈里	2026-06-13
juanliang	圈梁	2026-06-13
juanliren	圈里人	2026-06-13
juannei	圈内	2026-06-13
juanneiren	圈内人	2026-06-13
juanqian	圈钱	2026-06-13
juanquan	圈圈	2026-06-13
juanquandiandian	圈圈点点	2026-06-13
juantao	圈套	2026-06-13
juanwai	圈外	2026-06-13
juanwairen	圈外人	2026-06-13
juanxing	圈形	2026-06-13
juesaijuan	决赛圈	2026-06-13
kaoguji	考古系	2026-06-13
keji	科系	2026-06-13
kejuankedian	可圈可点	2026-06-13
kuaijiji	会计系	2026-06-13
lanjiyuansu	镧系元素	2026-06-13
lanjuan	篮圈	2026-06-13
lanjuan	蓝圈	2026-06-13
leiji	雷系	2026-06-13
lengjuan	冷圈	2026-06-13
liangji	两系	2026-06-13
liangjuan	两圈	2026-06-13
liangsanjuan	两三圈	2026-06-13
lianji	连系	2026-06-13
lianjiqilai	连系起来	2026-06-13
liji	力系	2026-06-13
lingjuan	领圈	2026-06-13
lishiji	历史系	2026-06-13
liufangjingji	六方晶系	2026-06-13
liujuan	六圈	2026-06-13
liujuan	溜圈	2026-06-13
liujuan	遛圈	2026-06-13
lvyoujuan	旅游圈	2026-06-13
maifujuan	埋伏圈	2026-06-13
maitianjuan	麦田圈	2026-06-13
maji	马系	2026-06-13
maoyiji	贸易系	2026-06-13
meijuan	每圈	2026-06-13
meishuji	美术系	2026-06-13
mianbaojuan	面包圈	2026-06-13
mingji	名系	2026-06-13
miniaoji	泌尿系	2026-06-13
muji	木系	2026-06-13
nanjijuan	南极圈	2026-06-13
neijuan	内圈	2026-06-13
nongjiji	农机系	2026-06-13
nongyiji	农艺系	2026-06-13
pangji	旁系	2026-06-13
pangjixueqin	旁系血亲	2026-06-13
paojuan	跑圈	2026-06-13
peiji	配系	2026-06-13
pengyoujuan	朋友圈	2026-06-13
piaojuan	票圈	2026-06-13
pijuan	皮圈	2026-06-13
pinguanjuan	品管圈	2026-06-13
qibajuan	七八圈	2026-06-13
qiguanji	企管系	2026-06-13
qijuan	七圈	2026-06-13
quanfei	圈肥	2026-06-13
quanjuan	圈圈	2026-06-13
quanjuandiandian	圈圈点点	2026-06-13
quanlao	圈牢	2026-06-13
quanma	圈马	2026-06-13
quanshe	圈舍	2026-06-13
quanyang	圈养	2026-06-13
quanyang	圈羊	2026-06-13
quji	渠系	2026-06-13
qunji	群系	2026-06-13
raojuan	绕圈	2026-06-13
raojuanjuan	绕圈圈	2026-06-13
raojuanquan	绕圈圈	2026-06-13
raojuansai	绕圈赛	2026-06-13
raoquanjuan	绕圈圈	2026-06-13
riyuji	日语系	2026-06-13
ruanliujuan	软流圈	2026-06-13
sanjuan	三圈	2026-06-13
seji	色系	2026-06-13
shangjuan	上圈	2026-06-13
shangjuan	商圈	2026-06-13
shehuixueji	社会学系	2026-06-13
shenghuojuan	生活圈	2026-06-13
shengjuan	绳圈	2026-06-13
shengtaiji	生态系	2026-06-13
shengtaijuan	生态圈	2026-06-13
shengwuji	生物系	2026-06-13
shengyueji	声乐系	2026-06-13
shenjingji	神经系	2026-06-13
shijijuan	十几圈	2026-06-13
shijuan	十圈	2026-06-13
shijueji	视觉系	2026-06-13
shouquan	兽圈	2026-06-13
shouyiji	兽医系	2026-06-13
shuangjuan	双圈	2026-06-13
shuijuan	水圈	2026-06-13
shuiliji	水利系	2026-06-13
shuji	书系	2026-06-13
shujuan	数圈	2026-06-13
shuliji	数理系	2026-06-13
shuxueji	数学系	2026-06-13
sijuan	四圈	2026-06-13
taoji	陶系	2026-06-13
taojuan	套圈	2026-06-13
teshuji	特殊系	2026-06-13
tianwenji	天文系	2026-06-13
tiejuan	铁圈	2026-06-13
tiyuji	体育系	2026-06-13
tongji	同系	2026-06-13
tongjiwu	同系物	2026-06-13
tuijuan	退圈	2026-06-13
tumuji	土木系	2026-06-13
waijiaoji	外交系	2026-06-13
waijuan	外圈	2026-06-13
waiwenji	外文系	2026-06-13
waiyuji	外语系	2026-06-13
wanzhengji	完整系	2026-06-13
weiji	维系	2026-06-13
weijuan	围圈	2026-06-13
weishengji	卫生系	2026-06-13
wenhuajuan	文化圈	2026-06-13
wenyijuan	文艺圈	2026-06-13
wudaoji	舞蹈系	2026-06-13
wuliji	物理系	2026-06-13
wuxingji	无性系	2026-06-13
xiangjiaojuan	橡胶圈	2026-06-13
xiangjuan	像圈	2026-06-13
xiaohuaji	消化系	2026-06-13
xiaoji	小系	2026-06-13
xiaojuan	小圈	2026-06-13
xiaojuanjuan	小圈圈	2026-06-13
xiaojuanquan	小圈圈	2026-06-13
xiaoquanjuan	小圈圈	2026-06-13
xibaoji	细胞系	2026-06-13
xinji	心系	2026-06-13
xinliji	心理系	2026-06-13
xinwenji	新闻系	2026-06-13
xishang	系上	2026-06-13
xuanji	选系	2026-06-13
yanjuan	烟圈	2026-06-13
yanjuan	眼圈	2026-06-13
yanshijuan	岩石圈	2026-06-13
yanyijuan	演艺圈	2026-06-13
yaoshijuan	钥匙圈	2026-06-13
yibaijuan	一百圈	2026-06-13
yigejuan	一个圈	2026-06-13
yiji	一系	2026-06-13
yijuan	一圈	2026-06-13
yijuanjuan	一圈圈	2026-06-13
yijuanquan	一圈圈	2026-06-13
yiliaoji	医疗系	2026-06-13
yingjuan	影圈	2026-06-13
yingwenji	英文系	2026-06-13
yingyuji	英语系	2026-06-13
yinjuan	银圈	2026-06-13
yinyueji	音乐系	2026-06-13
yiquanjuan	一圈圈	2026-06-13
yishuji	艺术系	2026-06-13
yixiajuan	一下圈	2026-06-13
youyongjuan	游泳圈	2026-06-13
yuanji	院系	2026-06-13
yujuan	娱圈	2026-06-13
yunji	云系	2026-06-13
yuwenji	语文系	2026-06-13
zaochuanji	造船系	2026-06-13
zhengjuan	整圈	2026-06-13
zhengzhiji	政治系	2026-06-13
zhidianji	质点系	2026-06-13
zhihuiji	指挥系	2026-06-13
zhiji	支系	2026-06-13
zhiji	职系	2026-06-13
zhiwuquji	植物区系	2026-06-13
zhongji	仲系	2026-06-13
zhongjuan	中圈	2026-06-13
zhongjuantao	中圈套	2026-06-13
zhongwenji	中文系	2026-06-13
zhouji	轴系	2026-06-13
zhuanji	转系	2026-06-13
zhuanquanjuan	转圈圈	2026-06-13
zhuitiwaiji	锥体外系	2026-06-13
zhuji	株系	2026-06-13
zhuluoji	侏罗系	2026-06-13
zhuquan	猪圈	2026-06-13
zidonghuaji	自动化系	2026-06-13
ziwujuan	子午圈	2026-06-13
zuobiaoji	坐标系	2026-06-13
zuqiujuan	足球圈	2026-06-13
# polyphone-dup sweep batch1 2026-06-13 — wrong-reading corpus copies (audit: docs/pinyin-polyphone-dup-sweep-2026-06-13/)
baicheng	百盛	2026-06-13
bazhao	罢朝	2026-06-13
beixiang	备降	2026-06-13
beizhao	背朝	2026-06-13
bianchai	变差	2026-06-13
biaozhunchai	标准差	2026-06-13
bijiang	逼降	2026-06-13
bixiang	比降	2026-06-13
bushengfanxiang	不升反降	2026-06-13
buxiang	不降	2026-06-13
buxiangfansheng	不降反升	2026-06-13
canchai	残差	2026-06-13
cancheng	灿盛	2026-06-13
chaibucha	差不差	2026-06-13
chaibuyuan	差不远	2026-06-13
chaideduo	差得多	2026-06-13
chaideiduo	差得多	2026-06-13
chaidu	差度	2026-06-13
chaihao	差号	2026-06-13
chaiji	差积	2026-06-13
chailv	差率	2026-06-13
chaiqian	差钱	2026-06-13
chaisheng	差生	2026-06-13
chaishuai	差率	2026-06-13
chaisu	差速	2026-06-13
chaisuqi	差速器	2026-06-13
chaixiangyigou	差向异构	2026-06-13
chaixie	差些	2026-06-13
chaiyi	差矣	2026-06-13
chaiyin	差音	2026-06-13
chaiyuan	差远	2026-06-13
chaiyuanle	差远了	2026-06-13
chaiyuanliao	差远了	2026-06-13
chalu	差路	2026-06-13
chalv	差旅	2026-06-13
chaocheng	朝盛	2026-06-13
chaoge	朝歌	2026-06-13
chaohuaxishi	朝花夕拾	2026-06-13
chaojiuwanwu	朝九晚五	2026-06-13
chaomu	超模	2026-06-13
chaoyangchanye	朝阳产业	2026-06-13
chaoyanglu	朝阳路	2026-06-13
chaoyangmen	朝阳门	2026-06-13
chaoyangmenwai	朝阳门外	2026-06-13
chaoyangshi	朝阳市	2026-06-13
chaoyangyiyuan	朝阳医院	2026-06-13
chaoyangzhen	朝阳镇	2026-06-13
chapai	差派	2026-06-13
charen	差人	2026-06-13
charen	差任	2026-06-13
chazhuan	差转	2026-06-13
chazhuantai	差转台	2026-06-13
chemu	车模	2026-06-13
chengchan	盛产	2026-06-13
chengda	盛大	2026-06-13
chengdai	盛大	2026-06-13
chengdaiwangluo	盛大网络	2026-06-13
chengdawangluo	盛大网络	2026-06-13
chengdian	盛典	2026-06-13
chengfan	盛反	2026-06-13
chenghang	盛行	2026-06-13
chenghui	盛会	2026-06-13
chengji	盛极	2026-06-13
chengjibishuai	盛极必衰	2026-06-13
chengjiershuai	盛极而衰	2026-06-13
chengkai	盛开	2026-06-13
chengkaizhao	盛开着	2026-06-13
chengkaizhe	盛开着	2026-06-13
chengkaizhuo	盛开着	2026-06-13
chengkuai	盛会	2026-06-13
chengkuang	盛况	2026-06-13
chengming	盛名	2026-06-13
chengmingzhixia	盛名之下	2026-06-13
chengnu	盛怒	2026-06-13
chengnuzhixia	盛怒之下	2026-06-13
chengqi	盛气	2026-06-13
chengqing	盛情	2026-06-13
chengqingjiedai	盛情接待	2026-06-13
chengqingkuandai	盛情款待	2026-06-13
chengshi	盛世	2026-06-13
chengshi	盛事	2026-06-13
chengshi	盛势	2026-06-13
chengshi	盛时	2026-06-13
chengshou	盛收	2026-06-13
chengshu	盛暑	2026-06-13
chengshuai	盛衰	2026-06-13
chengtang	盛唐	2026-06-13
chengxia	盛夏	2026-06-13
chengxing	盛行	2026-06-13
chengxumukuai	程序模块	2026-06-13
chengyan	盛宴	2026-06-13
chengyan	盛筵	2026-06-13
chengzhe	盛者	2026-06-13
chengzhuang	盛装	2026-06-13
chenxiang	沉降	2026-06-13
chuanmu	船模	2026-06-13
ciyanchaiyi	此言差矣	2026-06-13
dacha	打差	2026-06-13
dachai	大差	2026-06-13
dashunzhao	大顺朝	2026-06-13
douhuanbu	都还不	2026-06-13
douhuanmei	都还没	2026-06-13
douhuanmo	都还没	2026-06-13
duchai	度差	2026-06-13
duomu	多模	2026-06-13
falacheng	法拉盛	2026-06-13
fengzhao	奉朝	2026-06-13
fucha	夫差	2026-06-13
fuhaochai	符号差	2026-06-13
fuhujiang	伏虎降	2026-06-13
fuzhao	赴朝	2026-06-13
fuzhuangmute	服装模特	2026-06-13
gangcheng	刚盛	2026-06-13
gangmo	钢模	2026-06-13
gaocha	搞差	2026-06-13
gezhao	各朝	2026-06-13
gongnengmukuai	功能模块	2026-06-13
gongxiang	共降	2026-06-13
gongxiangchengju	共襄盛举	2026-06-13
goumogouyang	狗模狗样	2026-06-13
goumu	构模	2026-06-13
guangxiang	光降	2026-06-13
guangxingchai	光行差	2026-06-13
guocheng	过盛	2026-06-13
haideqi	还得起	2026-06-13
haifu	还付	2026-06-13
hairangchu	还让出	2026-06-13
hairenqing	还人情	2026-06-13
haishibishen	还施彼身	2026-06-13
haizhiqirenzhishen	还治其人之身	2026-06-13
hanzhao	汉朝	2026-06-13
huacheng	华盛	2026-06-13
huanchao	还吵	2026-06-13
huandoubu	还都不	2026-06-13
huandubu	还都不	2026-06-13
huangendao	还跟到	2026-06-13
huangenzai	还跟在	2026-06-13
huangenzhe	还跟着	2026-06-13
huangou	还够	2026-06-13
huangouyong	还够用	2026-06-13
huanguo	还过	2026-06-13
huanguodequ	还过得去	2026-06-13
huanhang	还行	2026-06-13
huanpa	还怕	2026-06-13
huansi	还撕	2026-06-13
huansuan	还算	2026-06-13
huanwang	还望	2026-06-13
huanwei	还为	2026-06-13
huanxing	还行	2026-06-13
huanyang	还养	2026-06-13
huanyao	还要	2026-06-13
huanyi	还以	2026-06-13
huanyong	还用	2026-06-13
huanyongshuo	还用说	2026-06-13
huanzhenhao	还真好	2026-06-13
huanzhi	还值	2026-06-13
huaxiang	滑降	2026-06-13
jiachai	价差	2026-06-13
jiandaochai	剪刀差	2026-06-13
jiangbing	降兵	2026-06-13
jiangcao	降曹	2026-06-13
jiangmo	降魔	2026-06-13
jiangqin	降秦	2026-06-13
jiangtang	降唐	2026-06-13
jiangyao	降妖	2026-06-13
jiangyaochumo	降妖除魔	2026-06-13
jianmu	建模	2026-06-13
jianmuyuyan	建模语言	2026-06-13
jianxiang	渐降	2026-06-13
jichai	极差	2026-06-13
jiechai	借差	2026-06-13
jieyonghai	借用还	2026-06-13
jingchai	净差	2026-06-13
jingzhao	京朝	2026-06-13
jinshumo	金属模	2026-06-13
jiuchengbushuai	久盛不衰	2026-06-13
jiuzhaogudu	九朝古都	2026-06-13
jixiang	急降	2026-06-13
kangmeiyuanzhao	抗美援朝	2026-06-13
kangmeiyuanzhaozhanzheng	抗美援朝战争	2026-06-13
kuaicheng	快盛	2026-06-13
kuaixiang	快降	2026-06-13
lamu	拉模	2026-06-13
liancheng	联盛	2026-06-13
liangchai	量差	2026-06-13
lianxiang	连降	2026-06-13
liaozhao	辽朝	2026-06-13
lichai	利差	2026-06-13
lichai	离差	2026-06-13
liyimute	礼仪模特	2026-06-13
mangxiang	盲降	2026-06-13
mengxiang	猛降	2026-06-13
mingmu	名模	2026-06-13
mozhu	模铸	2026-06-13
muban	模版	2026-06-13
mujian	模件	2026-06-13
mujin	模进	2026-06-13
mukao	模考	2026-06-13
mukuai	模块	2026-06-13
mukuaihua	模块化	2026-06-13
muliang	模量	2026-06-13
mushu	模数	2026-06-13
mushuzhuanhuan	模数转换	2026-06-13
musu	模塑	2026-06-13
mutai	模态	2026-06-13
mutailuoji	模态逻辑	2026-06-13
mute	模特	2026-06-13
mutedasai	模特大赛	2026-06-13
mutewang	模特网	2026-06-13
muxie	模写	2026-06-13
muya	模压	2026-06-13
muzao	模造	2026-06-13
muzhi	模制	2026-06-13
muzu	模组	2026-06-13
nahuanyongshuo	那还用说	2026-06-13
neimu	内模	2026-06-13
neisheng	内盛	2026-06-13
nenglichai	能力差	2026-06-13
nengxiang	能降	2026-06-13
nenmu	嫩模	2026-06-13
ningsibujiang	宁死不降	2026-06-13
nvmute	女模特	2026-06-13
paicha	派差	2026-06-13
pingxiang	平降	2026-06-13
pofuchengming	颇负盛名	2026-06-13
poxiang	坡降	2026-06-13
qichai	奇差	2026-06-13
qingcheng	清盛	2026-06-13
qingzhao	清朝	2026-06-13
qinzhao	侵朝	2026-06-13
qinzhao	秦朝	2026-06-13
qiuchai	求差	2026-06-13
qiuchai	球差	2026-06-13
quchai	曲差	2026-06-13
renmorenyang	人模人样	2026-06-13
richeng	日盛	2026-06-13
ruzhao	入朝	2026-06-13
sanchenggong	三盛公	2026-06-13
sanxiang	伞降	2026-06-13
sanzhao	三朝	2026-06-13
shaochai	稍差	2026-06-13
shenbingtianxiang	神兵天降	2026-06-13
shencha	神差	2026-06-13
shencheng	甚盛	2026-06-13
shengdao	盛到	2026-06-13
shengguo	盛过	2026-06-13
shengjiu	盛酒	2026-06-13
shengtang	盛汤	2026-06-13
shengwan	盛碗	2026-06-13
shisibujiang	誓死不降	2026-06-13
shizhao	使朝	2026-06-13
shizhao	氏朝	2026-06-13
shizhuangmute	时装模特	2026-06-13
shumu	数模	2026-06-13
shumuzhuanhuan	数模转换	2026-06-13
sibujiang	死不降	2026-06-13
songliangzhao	宋两朝	2026-06-13
suhaizhen	素还真	2026-06-13
suliaomo	塑料模	2026-06-13
sumo	塑模	2026-06-13
suxiang	速降	2026-06-13
taichai	太差	2026-06-13
taimo	胎模	2026-06-13
tangcha	趟差	2026-06-13
tangzhao	唐朝	2026-06-13
tanxingmuliang	弹性模量	2026-06-13
techai	特差	2026-06-13
tianchaidebie	天差地别	2026-06-13
tianchaidibie	天差地别	2026-06-13
tianxiang	天降	2026-06-13
tianxiangqiyuan	天降奇缘	2026-06-13
tingzhao	廷朝	2026-06-13
tuigenghailin	退耕还林	2026-06-13
tumo	土模	2026-06-13
tuomu	脱模	2026-06-13
tuxiang	突降	2026-06-13
wanchengqu	万盛区	2026-06-13
wangruzhao	王入朝	2026-06-13
wansheng	碗盛	2026-06-13
weichai	位差	2026-06-13
weichai	尾差	2026-06-13
weichai	微差	2026-06-13
weicheng	威盛	2026-06-13
weixiang	未降	2026-06-13
wenduchai	温度差	2026-06-13
wenzhao	问朝	2026-06-13
xiancha	县差	2026-06-13
xiangben	降本	2026-06-13
xiangbenzengxiao	降本增效	2026-06-13
xiangchai	象差	2026-06-13
xiangchen	降尘	2026-06-13
xiangcheng	降成	2026-06-13
xiangcuo	降错	2026-06-13
xiangdang	降挡	2026-06-13
xiangdang	降档	2026-06-13
xiangdao	降到	2026-06-13
xiangdaren	降大任	2026-06-13
xiangde	降得	2026-06-13
xiangdei	降得	2026-06-13
xiangdian	降点	2026-06-13
xiangfa	降法	2026-06-13
xiangfu	降幅	2026-06-13
xianghao	降号	2026-06-13
xianghao	降好	2026-06-13
xianghui	降回	2026-06-13
xianghuilai	降回来	2026-06-13
xianghuiqu	降回去	2026-06-13
xianghuohencheng	香火很盛	2026-06-13
xiangjiangwen	降降温	2026-06-13
xiangjie	降阶	2026-06-13
xiangpin	降频	2026-06-13
xiangqi	降起	2026-06-13
xiangqu	降去	2026-06-13
xiangre	降热	2026-06-13
xiangru	降入	2026-06-13
xiangshu	降暑	2026-06-13
xiangshuang	降霜	2026-06-13
xiangsu	降速	2026-06-13
xiangtang	降糖	2026-06-13
xiangwei	降为	2026-06-13
xiangweichai	相位差	2026-06-13
xiangxi	降息	2026-06-13
xiangxin	降薪	2026-06-13
xiangxu	降序	2026-06-13
xiangxuetang	降血糖	2026-06-13
xiangxueya	降血压	2026-06-13
xiangxuezhi	降血脂	2026-06-13
xiangyouchengming	享有盛名	2026-06-13
xiangyouchengyu	享有盛誉	2026-06-13
xiangyu	降于	2026-06-13
xiangzao	降噪	2026-06-13
xiangzhi	降脂	2026-06-13
xiangzhi	降至	2026-06-13
xiangzi	降自	2026-06-13
xiangzu	降组	2026-06-13
xianxiang	先降	2026-06-13
xiaocha	小差	2026-06-13
xiaoshimu	消失模	2026-06-13
xiazhao	下朝	2026-06-13
xichai	息差	2026-06-13
xizhao	熙朝	2026-06-13
xuanzechai	选择差	2026-06-13
xuezhaixuehai	血债血还	2026-06-13
yachai	压差	2026-06-13
yacheng	亚盛	2026-06-13
yalixiang	压力降	2026-06-13
yangchengyinshuai	阳盛阴衰	2026-06-13
yangmute	洋模特	2026-06-13
yemu	野模	2026-06-13
yifenzhichai	一分之差	2026-06-13
yinchai	阴差	2026-06-13
yinchengyangshuai	阴盛阳衰	2026-06-13
yingmo	硬模	2026-06-13
yinyuechengdian	音乐盛典	2026-06-13
yixuehaixue	以血还血	2026-06-13
yizizhichai	一字之差	2026-06-13
youchengershuai	由盛而衰	2026-06-13
youjieyouhai	有借有还	2026-06-13
yuchai	愈差	2026-06-13
zaixiang	再降	2026-06-13
zhangchengbushuai	长盛不衰	2026-06-13
zhangzhao	掌朝	2026-06-13
zhaobao	朝报	2026-06-13
zhaobei	朝北	2026-06-13
zhaobeimian	朝北面	2026-06-13
zhaobing	朝兵	2026-06-13
zhaocang	朝仓	2026-06-13
zhaodi	朝帝	2026-06-13
zhaodong	朝东	2026-06-13
zhaodongbei	朝东北	2026-06-13
zhaodongbian	朝东边	2026-06-13
zhaodongnan	朝东南	2026-06-13
zhaofang	朝方	2026-06-13
zhaofeng	朝奉	2026-06-13
zhaofeng	朝封	2026-06-13
zhaofenglang	朝奉郎	2026-06-13
zhaogong	朝宫	2026-06-13
zhaoguan	朝官	2026-06-13
zhaogui	朝贵	2026-06-13
zhaohai	朝海	2026-06-13
zhaohan	朝韩	2026-06-13
zhaohe	朝核	2026-06-13
zhaohe	朝贺	2026-06-13
zhaohewenti	朝核问题	2026-06-13
zhaojun	朝军	2026-06-13
zhaojun	朝君	2026-06-13
zhaoli	朝里	2026-06-13
zhaonan	朝南	2026-06-13
zhaonanmian	朝南面	2026-06-13
zhaonei	朝内	2026-06-13
zhaopai	朝派	2026-06-13
zhaopin	朝聘	2026-06-13
zhaosan	朝散	2026-06-13
zhaoshan	朝山	2026-06-13
zhaotang	朝堂	2026-06-13
zhaoting	朝庭	2026-06-13
zhaowai	朝外	2026-06-13
zhaowang	朝亡	2026-06-13
zhaowen	朝文	2026-06-13
zhaowen	朝闻	2026-06-13
zhaoxi	朝西	2026-06-13
zhaoxian	朝献	2026-06-13
zhaoxianbandao	朝鲜半岛	2026-06-13
zhaoxianlaodongdang	朝鲜劳动党	2026-06-13
zhaoxianlaodongdangzhongyang	朝鲜劳动党中央	2026-06-13
zhaoxianpaocai	朝鲜泡菜	2026-06-13
zhaoxianren	朝鲜人	2026-06-13
zhaoxianrenminjun	朝鲜人民军	2026-06-13
zhaoxianwaiwusheng	朝鲜外务省	2026-06-13
zhaoxianwen	朝鲜文	2026-06-13
zhaoxianyu	朝鲜语	2026-06-13
zhaoxianzhanzheng	朝鲜战争	2026-06-13
zhaoxianzhengfu	朝鲜政府	2026-06-13
zhaoxibei	朝西北	2026-06-13
zhaoxinan	朝西南	2026-06-13
zhaoyan	朝延	2026-06-13
zhaoyi	朝仪	2026-06-13
zhaoyi	朝邑	2026-06-13
zhaoyou	朝右	2026-06-13
zhaoyoubian	朝右边	2026-06-13
zhaoyu	朝语	2026-06-13
zhaozhao	朝著	2026-06-13
zhaozhe	朝著	2026-06-13
zhaozheng	朝正	2026-06-13
zhaozhong	朝中	2026-06-13
zhaozhongshe	朝中社	2026-06-13
zhaozhu	朝珠	2026-06-13
zhaozhu	朝著	2026-06-13
zhaozhu	朝诸	2026-06-13
zhaozhuo	朝著	2026-06-13
zhaozong	朝宗	2026-06-13
zhaozuobian	朝左边	2026-06-13
zhenchai	真差	2026-06-13
zhenzongzhao	真宗朝	2026-06-13
zhichai	滞差	2026-06-13
zhimo	指模	2026-06-13
zhongchao	终朝	2026-06-13
zhongzhao	中朝	2026-06-13
zhumo	铸模	2026-06-13
zhuzhao	驻朝	2026-06-13
zimu	子模	2026-06-13
zuichai	最差	2026-06-13
# polyphone-dup sweep batch1 2026-06-13 — wrong-reading corpus copies (audit: docs/pinyin-polyphone-dup-sweep-2026-06-13/)
abudoureyimu	阿不都热依木	2026-06-13
anquanqiao	安全壳	2026-06-13
aogusidou	奥古斯都	2026-06-13
baishe	百折	2026-06-13
baizhe	掰折	2026-06-13
bandianshe	半点折	2026-06-13
bangchen	磅称	2026-06-13
bangqiao	蚌壳	2026-06-13
banshe	半折	2026-06-13
baobizuzhi	薄壁组织	2026-06-13
baochen	报称	2026-06-13
baocheng	薄惩	2026-06-13
baoqiao	薄壳	2026-06-13
bashe	八折	2026-06-13
bawushe	八五折	2026-06-13
beichen	倍称	2026-06-13
beiqiao	背壳	2026-06-13
bianbo	变薄	2026-06-13
bianchen	辩称	2026-06-13
biaoqiao	表壳	2026-06-13
biwu	避恶	2026-06-13
bobei	薄被	2026-06-13
bochun	薄唇	2026-06-13
bodi	薄底	2026-06-13
bojianbing	薄煎饼	2026-06-13
bokuan	薄款	2026-06-13
bopi	薄皮	2026-06-13
boqiao	玻壳	2026-06-13
boqiao	驳壳	2026-06-13
boren	薄刃	2026-06-13
boshan	薄衫	2026-06-13
botan	薄毯	2026-06-13
botu	薄涂	2026-06-13
boxing	薄型	2026-06-13
bozhi	薄纸	2026-06-13
bubo	不薄	2026-06-13
buduichengxing	不对称性	2026-06-13
bushe	不折	2026-06-13
bushebunao	不折不挠	2026-06-13
caiqiao	彩壳	2026-06-13
caochongchenxiang	曹冲称象	2026-06-13
cengbo	层薄	2026-06-13
cengchen	曾称	2026-06-13
cengdouqu	曾都区	2026-06-13
cengqiao	层壳	2026-06-13
changdou	昌都	2026-06-13
chenbu	称布	2026-06-13
chenbushang	称不上	2026-06-13
chenchen	称称	2026-06-13
chencheng	称称	2026-06-13
chenchu	称出	2026-06-13
chenduoxian	称多县	2026-06-13
chenfa	称法	2026-06-13
chengchen	秤称	2026-06-13
chengchen	称称	2026-06-13
chengwu	惩恶	2026-06-13
chengwuyangshan	惩恶扬善	2026-06-13
chenhan	称汗	2026-06-13
chenjin	称斤	2026-06-13
chennian	称念	2026-06-13
chenshan	称善	2026-06-13
chensun	称孙	2026-06-13
chenwu	称吴	2026-06-13
chenyi	称伊	2026-06-13
chenzhao	称赵	2026-06-13
chenzhen	称朕	2026-06-13
chenzhiwei	称之为	2026-06-13
chenzuo	称做	2026-06-13
chuanbo	穿薄	2026-06-13
chuanqiao	船壳	2026-06-13
chujizhichen	初级职称	2026-06-13
chunbo	唇薄	2026-06-13
chuwu	除恶	2026-06-13
cidou	瓷都	2026-06-13
dabo	打薄	2026-06-13
daiqiao	带壳	2026-06-13
danqiao	单壳	2026-06-13
danqiao	蛋壳	2026-06-13
daoqiao	稻壳	2026-06-13
dashe	打折	2026-06-13
dedou	德都	2026-06-13
diantouchenshi	点头称是	2026-06-13
dianzichen	电子称	2026-06-13
diershe	第二折	2026-06-13
diqiao	底壳	2026-06-13
disanshe	第三折	2026-06-13
dizibo	底子薄	2026-06-13
dongdou	东都	2026-06-13
douanxian	都安县	2026-06-13
douchangxian	都昌县	2026-06-13
doudongou	都东瓯	2026-06-13
doufu	都府	2026-06-13
douhufu	都护府	2026-06-13
douling	都灵	2026-06-13
doumener	都门儿	2026-06-13
douqiao	豆壳	2026-06-13
doushi	都史	2026-06-13
douyuhou	都虞候	2026-06-13
douyun	都匀	2026-06-13
douyunshi	都匀市	2026-06-13
douyushi	都御史	2026-06-13
douzhihuishi	都指挥使	2026-06-13
duhaibu	都还不	2026-06-13
duhaimei	都还没	2026-06-13
duhaimo	都还没	2026-06-13
duhang	都行	2026-06-13
duhuanbu	都还不	2026-06-13
duhuanmei	都还没	2026-06-13
duhuanmo	都还没	2026-06-13
duhuiqing	都悔青	2026-06-13
dushoule	都受了	2026-06-13
dushouliao	都受了	2026-06-13
dushuohui	都说会	2026-06-13
dushuokuai	都说会	2026-06-13
dutiaoming	都挑明	2026-06-13
duxing	都行	2026-06-13
ershe	二折	2026-06-13
erwuying	二恶英	2026-06-13
fanshe	反折	2026-06-13
fengdouxian	丰都县	2026-06-13
gaibo	盖薄	2026-06-13
gaichen	概称	2026-06-13
gaojizhichen	高级职称	2026-06-13
guanchen	惯称	2026-06-13
guanqiao	管壳	2026-06-13
guaziqiao	瓜子壳	2026-06-13
guchen	古称	2026-06-13
guiqiao	龟壳	2026-06-13
guoqiao	果壳	2026-06-13
guoqiaoxiang	果壳箱	2026-06-13
guqiao	谷壳	2026-06-13
guyouchen	故又称	2026-06-13
haidubu	还都不	2026-06-13
hechen	合称	2026-06-13
heiwu	黑恶	2026-06-13
henbo	很薄	2026-06-13
hengshe	横折	2026-06-13
hengshegou	横折勾	2026-06-13
hetaoqiao	核桃壳	2026-06-13
hongdoulasi	宏都拉斯	2026-06-13
houqiao	后壳	2026-06-13
huadou	华都	2026-06-13
huadou	花都	2026-06-13
huadouqu	花都区	2026-06-13
huaiwu	坏恶	2026-06-13
huanchen	换称	2026-06-13
huanqiao	换壳	2026-06-13
huashengqiao	花生壳	2026-06-13
huchen	互称	2026-06-13
jiawuchou	假恶丑	2026-06-13
jidanqiao	鸡蛋壳	2026-06-13
jie	嫉恶	2026-06-13
jie	疾恶	2026-06-13
jiechen	皆称	2026-06-13
jieke	介壳	2026-06-13
jinchen	斤称	2026-06-13
jindou	金都	2026-06-13
jingchen	敬称	2026-06-13
jiqiao	机壳	2026-06-13
jishuzhichen	技术职称	2026-06-13
jiuchen	旧称	2026-06-13
jiudou	酒都	2026-06-13
jiushe	九折	2026-06-13
jiwu	积恶	2026-06-13
juchen	据称	2026-06-13
juncheng	均称	2026-06-13
jundoushan	军都山	2026-06-13
kaiqiao	开壳	2026-06-13
kanchen	堪称	2026-06-13
kanchenyijue	堪称一绝	2026-06-13
kechen	可称	2026-06-13
keqiao	壳壳	2026-06-13
kezhenwu	柯镇恶	2026-06-13
kuaijizhichen	会计职称	2026-06-13
liandouqu	莲都区	2026-06-13
liangshe	两折	2026-06-13
lianhuadu	连话都	2026-06-13
lianpibo	脸皮薄	2026-06-13
lianqiao	连壳	2026-06-13
liushe	六折	2026-06-13
lunchen	论称	2026-06-13
luoqiao	螺壳	2026-06-13
lvechen	略称	2026-06-13
madoujian	马都监	2026-06-13
maiqiao	买壳	2026-06-13
manzuidushi	满嘴都是	2026-06-13
maochen	冒称	2026-06-13
meidou	煤都	2026-06-13
mianbao	绵薄	2026-06-13
mianbaozhili	绵薄之力	2026-06-13
mianbo	面薄	2026-06-13
mianshe	面折	2026-06-13
mianwu	面恶	2026-06-13
miechen	蔑称	2026-06-13
mingbizhibao	命比纸薄	2026-06-13
miqiao	米壳	2026-06-13
nandou	南都	2026-06-13
ningdou	宁都	2026-06-13
ningdouxian	宁都县	2026-06-13
ningzhe	拧折	2026-06-13
pangxieqiao	螃蟹壳	2026-06-13
pianbo	偏薄	2026-06-13
pianshe	偏折	2026-06-13
piboxianduo	皮薄馅多	2026-06-13
pieshe	撇折	2026-06-13
pingzhichen	评职称	2026-06-13
piqiao	皮壳	2026-06-13
poqiao	破壳	2026-06-13
poshe	破折	2026-06-13
qiandouyushi	佥都御史	2026-06-13
qiaobo	壳剥	2026-06-13
qiaoceng	壳层	2026-06-13
qiaoer	壳儿	2026-06-13
qiaohou	壳厚	2026-06-13
qiaoke	壳壳	2026-06-13
qiaolei	壳类	2026-06-13
qiaoli	壳里	2026-06-13
qiaopai	壳牌	2026-06-13
qiaoqiao	壳壳	2026-06-13
qiaoqiao	壳敲	2026-06-13
qiaoshuai	壳摔	2026-06-13
qiaoti	壳体	2026-06-13
qiaoying	壳硬	2026-06-13
qiaozhu	壳煮	2026-06-13
qiebo	切薄	2026-06-13
qindouqu	秦都区	2026-06-13
qishe	七折	2026-06-13
qiwushe	七五折	2026-06-13
qiwuyangshan	弃恶扬善	2026-06-13
quanbudushi	全部都是	2026-06-13
quanchen	权称	2026-06-13
quanwu	全恶	2026-06-13
ququshe	曲曲折	2026-06-13
rengchen	仍称	2026-06-13
ruanqiao	软壳	2026-06-13
sandouao	三都澳	2026-06-13
sandoufu	三都赋	2026-06-13
sandouxian	三都县	2026-06-13
sanshe	三折	2026-06-13
shanbo	衫薄	2026-06-13
shangdou	商都	2026-06-13
shebing	折兵	2026-06-13
shecheng	折成	2026-06-13
shechi	折翅	2026-06-13
shechu	折出	2026-06-13
shecuo	折挫	2026-06-13
shedao	折倒	2026-06-13
shede	折得	2026-06-13
shedei	折得	2026-06-13
shedeng	折凳	2026-06-13
shedi	折抵	2026-06-13
sheduan	折短	2026-06-13
sheduoshan	折多山	2026-06-13
sheer	折儿	2026-06-13
sheer	折耳	2026-06-13
sheji	折戟	2026-06-13
shejian	折箭	2026-06-13
shejiao	折角	2026-06-13
shejie	折节	2026-06-13
shejin	折进	2026-06-13
shejinqu	折进去	2026-06-13
shejue	折角	2026-06-13
shekuan	折款	2026-06-13
shemai	折卖	2026-06-13
shene	深恶	2026-06-13
sheqi	折起	2026-06-13
sheqilai	折起来	2026-06-13
shequan	折券	2026-06-13
sherang	折让	2026-06-13
shesan	折伞	2026-06-13
shese	折色	2026-06-13
sheshang	折上	2026-06-13
sheshang	折伤	2026-06-13
sheshe	折折	2026-06-13
sheshi	折实	2026-06-13
sheshou	折受	2026-06-13
shewei	折为	2026-06-13
shewen	折纹	2026-06-13
shewu	折物	2026-06-13
shexia	折下	2026-06-13
shexialai	折下来	2026-06-13
shexian	折现	2026-06-13
shexiang	折向	2026-06-13
shexiaqu	折下去	2026-06-13
shexiu	折袖	2026-06-13
shezhe	折折	2026-06-13
shichen	史称	2026-06-13
shidanlibao	势单力薄	2026-06-13
shiwu	十恶	2026-06-13
shuangqiao	双壳	2026-06-13
shudou	蜀都	2026-06-13
sidou	丝都	2026-06-13
sishe	四折	2026-06-13
siwushe	四五折	2026-06-13
suichen	遂称	2026-06-13
sunqiao	笋壳	2026-06-13
suochen	所称	2026-06-13
suoe	所恶	2026-06-13
taibo	太薄	2026-06-13
taoqiao	套壳	2026-06-13
techen	特称	2026-06-13
tiandou	天都	2026-06-13
tiaobo	条薄	2026-06-13
tongdou	通都	2026-06-13
touqiao	头壳	2026-06-13
tubo	涂薄	2026-06-13
tuiqiao	蜕壳	2026-06-13
tuizhe	腿折	2026-06-13
tuochen	托称	2026-06-13
tuqiao	吐壳	2026-06-13
wanshe	弯折	2026-06-13
weidouqu	魏都区	2026-06-13
woqiao	蜗壳	2026-06-13
wuchen	诬称	2026-06-13
wude	恶德	2026-06-13
wudou	雾都	2026-06-13
wufeng	恶风	2026-06-13
wugao	恶搞	2026-06-13
wugen	恶根	2026-06-13
wuguiqiao	乌龟壳	2026-06-13
wuhan	恶寒	2026-06-13
wuhan	恶汉	2026-06-13
wuhao	恶耗	2026-06-13
wuhupushi	恶虎扑食	2026-06-13
wuji	恶极	2026-06-13
wuji	恶计	2026-06-13
wuke	恶客	2026-06-13
wulang	恶狼	2026-06-13
wulangchuanshuo	恶狼传说	2026-06-13
wulong	恶龙	2026-06-13
wuping	恶评	2026-06-13
wupo	恶婆	2026-06-13
wuquan	恶犬	2026-06-13
wuquwei	恶趣味	2026-06-13
wushe	五折	2026-06-13
wushen	恶神	2026-06-13
wushi	恶食	2026-06-13
wuxiaoer	恶小而	2026-06-13
wuxing	恶形	2026-06-13
wuxun	恶熏	2026-06-13
wuye	恶业	2026-06-13
wuyin	恶因	2026-06-13
wuyiwuxiaoerweizhi	勿以恶小而为之	2026-06-13
wuzei	恶贼	2026-06-13
wuzheng	恶政	2026-06-13
wuzhihua	恶之花	2026-06-13
wuzhong	恶终	2026-06-13
xiandou	仙都	2026-06-13
xiangdubiexiang	想都别想	2026-06-13
xiangdubuxiang	想都不想	2026-06-13
xianglaidushi	向来都是	2026-06-13
xianqiao	蚬壳	2026-06-13
xiaqiao	虾壳	2026-06-13
xichen	戏称	2026-06-13
xidou	西都	2026-06-13
xie	喜恶	2026-06-13
xieqiao	蟹壳	2026-06-13
xindouqiao	新都桥	2026-06-13
xindouqu	新都区	2026-06-13
xingwu	性恶	2026-06-13
xudou	许都	2026-06-13
xuebo	削薄	2026-06-13
xunchen	逊称	2026-06-13
yadou	亚都	2026-06-13
yandou	盐都	2026-06-13
yandouqu	盐都区	2026-06-13
yaodou	药都	2026-06-13
yaodouqu	尧都区	2026-06-13
yeqiao	椰壳	2026-06-13
yeziqiao	椰子壳	2026-06-13
yidou	宜都	2026-06-13
yidou	艺都	2026-06-13
yingqiao	硬壳	2026-06-13
yiqiao	衣壳	2026-06-13
yiqiedushi	一切都是	2026-06-13
yiqieduzai	一切都在	2026-06-13
yishe	一折	2026-06-13
yiwuyangshan	抑恶扬善	2026-06-13
yongyuandushi	永远都是	2026-06-13
youchen	又称	2026-06-13
youdouyushi	右都御史	2026-06-13
youqiandouyushi	右佥都御史	2026-06-13
yuanbao	缘薄	2026-06-13
yuchen	誉称	2026-06-13
yucheng	宇称	2026-06-13
yudougong	宇都宫	2026-06-13
yudouxian	于都县	2026-06-13
zaowandushi	早晚都是	2026-06-13
zhechen	着称	2026-06-13
zhechen	者称	2026-06-13
zhenxinwu	真心恶	2026-06-13
zheshe	折折	2026-06-13
zhichen	职称	2026-06-13
zhichenlunwen	职称论文	2026-06-13
zhichenpingding	职称评定	2026-06-13
zhichenwaiyu	职称外语	2026-06-13
zhichenzhe	职称者	2026-06-13
zhiqiao	纸壳	2026-06-13
zhishe	纸折	2026-06-13
zhongjizhichen	中级职称	2026-06-13
zhoushe	皱折	2026-06-13
zhuchen	著称	2026-06-13
zidanqiao	子弹壳	2026-06-13
zuibo	最薄	2026-06-13
zunchen	尊称	2026-06-13
# polyphone-dup sweep batch1 2026-06-13 — wrong-reading corpus copies (audit: docs/pinyin-polyphone-dup-sweep-2026-06-13/)
biedan	别弹	2026-06-13
bolitanzhu	玻璃弹珠	2026-06-13
chaitan	拆弹	2026-06-13
danbo	弹拨	2026-06-13
danbole	弹拨乐	2026-06-13
danboyueqi	弹拨乐器	2026-06-13
danbuchu	弹不出	2026-06-13
danbulai	弹不来	2026-06-13
danchang	弹唱	2026-06-13
danchu	弹出	2026-06-13
danchuang	弹窗	2026-06-13
danchulai	弹出来	2026-06-13
danchuqu	弹出去	2026-06-13
danchushi	弹出式	2026-06-13
dandiao	弹掉	2026-06-13
dandong	弹动	2026-06-13
danguolai	弹过来	2026-06-13
danguoqu	弹过去	2026-06-13
danhui	弹回	2026-06-13
danhuilai	弹回来	2026-06-13
danhuiqu	弹回去	2026-06-13
danji	弹击	2026-06-13
dankai	弹开	2026-06-13
danlaidanqu	弹来弹去	2026-06-13
danmianhua	弹棉花	2026-06-13
danqi	弹起	2026-06-13
danqilai	弹起来	2026-06-13
danshanglai	弹上来	2026-06-13
danshangqu	弹上去	2026-06-13
danshe	弹舌	2026-06-13
dansuxing	弹塑性	2026-06-13
dantanqin	弹弹琴	2026-06-13
dantiao	弹跳	2026-06-13
dantuyu	弹涂鱼	2026-06-13
danwan	弹完	2026-06-13
danxialai	弹下来	2026-06-13
danya	弹压	2026-06-13
danya	弹牙	2026-06-13
danzheng	弹筝	2026-06-13
danzhi	弹指	2026-06-13
danzhiyihuijian	弹指一挥间	2026-06-13
danzouchu	弹奏出	2026-06-13
danzouyueqi	弹奏乐器	2026-06-13
danzouzhe	弹奏着	2026-06-13
duqitan	毒气弹	2026-06-13
dutan	毒弹	2026-06-13
gongtan	供弹	2026-06-13
huidan	会弹	2026-06-13
huojiantan	火箭弹	2026-06-13
jiudan	纠弹	2026-06-13
kongtan	空弹	2026-06-13
liandan	练弹	2026-06-13
liangtan	两弹	2026-06-13
liangtanyixing	两弹一星	2026-06-13
lihuatan	礼花弹	2026-06-13
motan	魔弹	2026-06-13
qingdan	轻弹	2026-06-13
quantan	全弹	2026-06-13
rongtan	容弹	2026-06-13
routan	肉弹	2026-06-13
santan	散弹	2026-06-13
santanqiang	散弹枪	2026-06-13
shangtan	上弹	2026-06-13
shanguangtan	闪光弹	2026-06-13
shaoyitan	烧夷弹	2026-06-13
shetan	射弹	2026-06-13
shixintan	实心弹	2026-06-13
shoudan	手弹	2026-06-13
tancang	弹仓	2026-06-13
tandai	弹带	2026-06-13
tandao	弹到	2026-06-13
tandao	弹道	2026-06-13
tandaodaodan	弹道导弹	2026-06-13
tanhen	弹痕	2026-06-13
tanjia	弹夹	2026-06-13
tankeng	弹坑	2026-06-13
tankong	弹孔	2026-06-13
tanku	弹库	2026-06-13
tanmu	弹幕	2026-06-13
tanpian	弹片	2026-06-13
tanqiang	弹枪	2026-06-13
tanqiu	弹球	2026-06-13
tanti	弹体	2026-06-13
tanxia	弹匣	2026-06-13
tanyu	弹雨	2026-06-13
tanzhaodian	弹着点	2026-06-13
tanzhedian	弹着点	2026-06-13
tanzhu	弹珠	2026-06-13
tanzhuodian	弹着点	2026-06-13
wasitan	瓦斯弹	2026-06-13
xietan	械弹	2026-06-13
yantan	烟弹	2026-06-13
yatan	哑弹	2026-06-13
yidanzhi	一弹指	2026-06-13
yintan	银弹	2026-06-13
yunbaotan	云爆弹	2026-06-13
zaitanliang	载弹量	2026-06-13
zhidan	指弹	2026-06-13
zhitan	掷弹	2026-06-13
zhitan	纸弹	2026-06-13
zhitantong	掷弹筒	2026-06-13
zhuangtan	装弹	2026-06-13
zidan	自弹	2026-06-13
zidanzichang	自弹自唱	2026-06-13
zidongzhuangtanji	自动装弹机	2026-06-13
kuai	会	2026-06-16
qiao	壳	2026-06-16
juan	圈	2026-06-16
# polyphone-dup sweep batch1 2026-06-13 — wrong-reading corpus copies (audit: docs/pinyin-polyphone-dup-sweep-2026-06-13/)
baihang	百行	2026-06-13
banhang	颁行	2026-06-13
banwohang	伴我行	2026-06-13
baoguanxing	报关行	2026-06-13
baxing	八行	2026-06-13
beihang	北行	2026-06-13
beihang	辈行	2026-06-13
benhang	奔行	2026-06-13
buxing	布行	2026-06-13
caihang	采行	2026-06-13
chaxing	茶行	2026-06-13
chichuanzhuhang	吃穿住行	2026-06-13
chizhuhang	吃住行	2026-06-13
chuanxing	串行	2026-06-13
chuanxingjiekou	串行接口	2026-06-13
cihang	此行	2026-06-13
dahangqidao	大行其道	2026-06-13
daluhang	大陆行	2026-06-13
daohang	倒行	2026-06-13
dazixing	打字行	2026-06-13
dianqixing	电器行	2026-06-13
dierxing	第二行	2026-06-13
disixing	第四行	2026-06-13
douhang	都行	2026-06-13
duanhang	断行	2026-06-13
duohang	多行	2026-06-13
duohangbuyi	多行不义	2026-06-13
erhangqianlimudanyou	儿行千里母担忧	2026-06-13
erxing	二行	2026-06-13
fanghang	方行	2026-06-13
feihang	非行	2026-06-13
fuwuqijinhang	服务器进行	2026-06-13
gaihang	该行	2026-06-13
gexing	各行	2026-06-13
guanghangcha	光行差	2026-06-13
guanghangchai	光行差	2026-06-13
guanqihang	观其行	2026-06-13
haihang	还行	2026-06-13
hangbaili	行百里	2026-06-13
hangbiguo	行必果	2026-06-13
hangbo	行波	2026-06-13
hangbu	行步	2026-06-13
hangbu	行部	2026-06-13
hangbude	行不得	2026-06-13
hangbudei	行不得	2026-06-13
hangbugaixing	行不改姓	2026-06-13
hangbugengming	行不更名	2026-06-13
hangbuxing	行不行	2026-06-13
hangce	行测	2026-06-13
hangchi	行痴	2026-06-13
hangchou	行抽	2026-06-13
hangdaiyun	行大运	2026-06-13
hangdali	行大礼	2026-06-13
hangdayun	行大运	2026-06-13
hangdeitong	行得通	2026-06-13
hangdetong	行得通	2026-06-13
hangdian	行点	2026-06-13
hangdian	行颠	2026-06-13
hangdu	行度	2026-06-13
hangfou	行否	2026-06-13
hangguan	行管	2026-06-13
hangguan	行馆	2026-06-13
hanghong	行洪	2026-06-13
hangji	行祭	2026-06-13
hangji	行纪	2026-06-13
hangjian	行健	2026-06-13
hangjiu	行酒	2026-06-13
hangjiuling	行酒令	2026-06-13
hangke	行客	2026-06-13
hangkong	行空	2026-06-13
hanglang	行狼	2026-06-13
hanglve	行略	2026-06-13
hangmolilu	行万里路	2026-06-13
hangqi	行气	2026-06-13
hangqian	行前	2026-06-13
hangseng	行僧	2026-06-13
hangshu	行树	2026-06-13
hangsu	行速	2026-06-13
hangtian	行天	2026-06-13
hangtianxia	行天下	2026-06-13
hangtong	行同	2026-06-13
hangtu	行屠	2026-06-13
hangwanlilu	行万里路	2026-06-13
hangxian	行宪	2026-06-13
hangxiao	行孝	2026-06-13
hangxiazhangyi	行侠仗义	2026-06-13
hangxie	行血	2026-06-13
hangxinghao	行行好	2026-06-13
hangxue	行血	2026-06-13
hangyi	行义	2026-06-13
hangyifu	行一夫	2026-06-13
hangyuan	行院	2026-06-13
hangyun	行云	2026-06-13
hangzhao	行照	2026-06-13
hangzhen	行针	2026-06-13
hangzhi	行知	2026-06-13
hangzhi	行至	2026-06-13
hangzhiyounian	行之有年	2026-06-13
haojixing	好几行	2026-06-13
houhang	后行	2026-06-13
huahang	画行	2026-06-13
huanhuanerhang	缓缓而行	2026-06-13
huihang	秽行	2026-06-13
hushanhang	虎山行	2026-06-13
jiajuxing	家具行	2026-06-13
jianbianyihang	简便易行	2026-06-13
jiancaixing	建材行	2026-06-13
jianhang	健行	2026-06-13
jiansumanhang	减速慢行	2026-06-13
jiaohang	脚行	2026-06-13
jiehang	节行	2026-06-13
jihang	急行	2026-06-13
jihuiyouhang	集会游行	2026-06-13
jinghang	经行	2026-06-13
jinhang	禁行	2026-06-13
jinhangpaimai	进行拍卖	2026-06-13
jinhangpiping	进行批评	2026-06-13
jinhangqu	进行曲	2026-06-13
jinhangtanpan	进行谈判	2026-06-13
jinhangxing	进行性	2026-06-13
jiuhangle	就行了	2026-06-13
jiuhangliao	就行了	2026-06-13
jixing	几行	2026-06-13
jixingzi	几行字	2026-06-13
kaohang	靠行	2026-06-13
konghang	空行	2026-06-13
kuaxing	跨行	2026-06-13
leiqianhang	泪千行	2026-06-13
liangxing	两行	2026-06-13
lianxing	联行	2026-06-13
liaxing	俩行	2026-06-13
liehang	劣行	2026-06-13
liuxing	六行	2026-06-13
louxing	漏行	2026-06-13
luanhang	乱行	2026-06-13
lvshixing	律师行	2026-06-13
mahang	马行	2026-06-13
mahangkong	马行空	2026-06-13
manhang	慢行	2026-06-13
manhang	蛮行	2026-06-13
meihang	每行	2026-06-13
minglingxing	命令行	2026-06-13
minxing	闵行	2026-06-13
minxingqu	闵行区	2026-06-13
mouhang	某行	2026-06-13
moxing	末行	2026-06-13
nahang	哪行	2026-06-13
nahang	那行	2026-06-13
nanhang	南行	2026-06-13
nanhang	难行	2026-06-13
nazenmehang	那怎么行	2026-06-13
nenghang	能行	2026-06-13
nifengerhang	逆风而行	2026-06-13
niliuerhang	逆流而行	2026-06-13
piaohang	漂行	2026-06-13
pubiantuihang	普遍推行	2026-06-13
puhang	铺行	2026-06-13
qianlizhihang	千里之行	2026-06-13
qianxing	千行	2026-06-13
qihang	奇行	2026-06-13
qihang	骑行	2026-06-13
qingzhuangjianhang	轻装简行	2026-06-13
qinxing	琴行	2026-06-13
qixing	七行	2026-06-13
quanmiantuihang	全面推行	2026-06-13
raodaoerhang	绕道而行	2026-06-13
renhangtianqiao	人行天桥	2026-06-13
renwohang	任我行	2026-06-13
sanrenhang	三人行	2026-06-13
shangxiahang	上下行	2026-06-13
shenghang	盛行	2026-06-13
shengxing	省行	2026-06-13
shenhangtaibao	神行太保	2026-06-13
shenzhouhang	神州行	2026-06-13
shierxing	十二行	2026-06-13
shihang	十行	2026-06-13
shiliuxing	十六行	2026-06-13
shisixing	十四行	2026-06-13
shiweiyouhang	示威游行	2026-06-13
shixing	市行	2026-06-13
shiyizhuhang	食衣住行	2026-06-13
shouhang	兽行	2026-06-13
shouxing	首行	2026-06-13
shunlijinhang	顺利进行	2026-06-13
shuxing	数行	2026-06-13
shuxing	竖行	2026-06-13
sidahang	四大行	2026-06-13
sihang	死行	2026-06-13
sixing	四行	2026-06-13
suhang	素行	2026-06-13
suihang	随行	2026-06-13
suoxing	缩行	2026-06-13
taixing	太行	2026-06-13
tishixing	提示行	2026-06-13
tongbujinhang	同步进行	2026-06-13
tuihang	推行	2026-06-13
weihang	威行	2026-06-13
weihang	尾行	2026-06-13
weijianhang	未见行	2026-06-13
wohang	我行	2026-06-13
xiahang	侠行	2026-06-13
xianhang	限行	2026-06-13
xiaoxihang	小西行	2026-06-13
xiaoyuanhang	校园行	2026-06-13
xiehang	蟹行	2026-06-13
xiexing	鞋行	2026-06-13
xihang	细行	2026-06-13
xihang	西行	2026-06-13
xingku	行库	2026-06-13
xingnei	行内	2026-06-13
xingneirenshi	行内人士	2026-06-13
xingpin	行频	2026-06-13
xingshu	行数	2026-06-13
xingtiangong	行天宫	2026-06-13
xingwaihua	行外话	2026-06-13
xingwei	行尾	2026-06-13
xingxiangliang	行向量	2026-06-13
xingyouhanggui	行有行规	2026-06-13
xingyuan	行员	2026-06-13
xingzun	行尊	2026-06-13
xuehang	学行	2026-06-13
yanchubihang	言出必行	2026-06-13
yaoxing	药行	2026-06-13
yaxing	亚行	2026-06-13
yihang	懿行	2026-06-13
yihang	易行	2026-06-13
yihang	毅行	2026-06-13
yiluhang	一路行	2026-06-13
yinhang	淫行	2026-06-13
yixing	移行	2026-06-13
yixinghang	一行行	2026-06-13
youhang	游行	2026-06-13
youhangshiwei	游行示威	2026-06-13
yueqixing	乐器行	2026-06-13
yunhang	允行	2026-06-13
zaohang	糟行	2026-06-13
zenhang	怎行	2026-06-13
zhaochangjinhang	照常进行	2026-06-13
zhehang	这行	2026-06-13
zhengxing	整行	2026-06-13
zhenhang	真行	2026-06-13
zhihang	之行	2026-06-13
zhihang	志行	2026-06-13
zhihang	置行	2026-06-13
zhixing	支行	2026-06-13
zhixing	纸行	2026-06-13
zhongyannierliyuhang	忠言逆耳利于行	2026-06-13
zhubaoxing	珠宝行	2026-06-13
zhuhang	诸行	2026-06-13
zhuxing	逐行	2026-06-13
zhuxingsaomiao	逐行扫描	2026-06-13
zonghang	纵行	2026-06-13
# polyphone-dup sweep batch1 2026-06-13 — wrong-reading corpus copies (audit: docs/pinyin-polyphone-dup-sweep-2026-06-13/)
beizhangshan	北长山	2026-06-13
bianzhang	变长	2026-06-13
bianzhang	边长	2026-06-13
bizhang	臂长	2026-06-13
buchangyizhi	不长一智	2026-06-13
buzhang	不长	2026-06-13
canyichang	参议长	2026-06-13
changban	长斑	2026-06-13
changchang	场长	2026-06-13
changdeishuai	长得帅	2026-06-13
changdeshuai	长得帅	2026-06-13
changdou	长痘	2026-06-13
changdoudou	长痘痘	2026-06-13
changfei	长肥	2026-06-13
changhuzi	长胡子	2026-06-13
changjianshi	长见识	2026-06-13
changjianshile	长见识了	2026-06-13
changjianshiliao	长见识了	2026-06-13
changpang	长胖	2026-06-13
changpi	长皮	2026-06-13
changrou	长肉	2026-06-13
changsaorumu	长嫂如母	2026-06-13
changxi	长媳	2026-06-13
changyizhi	长一智	2026-06-13
changzhi	长智	2026-06-13
changzhi	长痣	2026-06-13
changzhouwen	长皱纹	2026-06-13
chechang	车长	2026-06-13
chiyiqianchangyizhi	吃一堑长一智	2026-06-13
chuchuchang	处处长	2026-06-13
chuishibanchang	炊事班长	2026-06-13
chunshengxiachang	春生夏长	2026-06-13
cixiaobichang	此消彼长	2026-06-13
cizhang	词长	2026-06-13
cunzhang	寸长	2026-06-13
daduichang	大队长	2026-06-13
dengzhang	等长	2026-06-13
dianyuchang	典狱长	2026-06-13
diaoduchang	调度长	2026-06-13
dingzhang	定长	2026-06-13
duozhang	多长	2026-06-13
duozhangshijian	多长时间	2026-06-13
fangzhang	放长	2026-06-13
fangzhangxian	放长线	2026-06-13
fangzhangxiandiao	放长线钓	2026-06-13
fazhang	发长	2026-06-13
fenduichang	分队长	2026-06-13
fenjuchang	分局长	2026-06-13
fenzhang	分长	2026-06-13
fudaduichang	副大队长	2026-06-13
fujianchachang	副检察长	2026-06-13
fukechang	副科长	2026-06-13
fulishichang	副理事长	2026-06-13
fuquchang	副区长	2026-06-13
futingchang	副厅长	2026-06-13
fuweiyuanchang	副委员长	2026-06-13
gaichang	改长	2026-06-13
gangchang	岗长	2026-06-13
genzhang	根长	2026-06-13
gouzhang	够长	2026-06-13
haozhangshijian	好长时间	2026-06-13
jianchachang	检察长	2026-06-13
jianchang	渐长	2026-06-13
jianchang	舰长	2026-06-13
jianyuchang	监狱长	2026-06-13
jiaochang	教长	2026-06-13
jiaowuchang	教务长	2026-06-13
jiaoyuchang	教育长	2026-06-13
jiaoyutingchang	教育厅长	2026-06-13
jiaozhang	较长	2026-06-13
jiaozhangshijian	较长时间	2026-06-13
jiazhang	加长	2026-06-13
jiazhangban	加长版	2026-06-13
jiazhangche	加长车	2026-06-13
jiazhangxing	加长型	2026-06-13
jichang	级长	2026-06-13
junchang	郡长	2026-06-13
junshichang	军士长	2026-06-13
kuaduzhang	跨度长	2026-06-13
kuaichang	块长	2026-06-13
kuzhang	裤长	2026-06-13
laladuichang	拉拉队长	2026-06-13
laozhang	老长	2026-06-13
lianzhang	链长	2026-06-13
lingzhang	灵长	2026-06-13
lingzhang	零长	2026-06-13
lingzhanglei	灵长类	2026-06-13
lishichang	理事长	2026-06-13
liuzhang	流长	2026-06-13
liuzhang	留长	2026-06-13
lvchang	旅长	2026-06-13
lvezhang	略长	2026-06-13
mianzhang	绵长	2026-06-13
mishuchang	秘书长	2026-06-13
muliaochang	幕僚长	2026-06-13
nanzhangqu	南长区	2026-06-13
nvjiachang	女家长	2026-06-13
pianchang	片长	2026-06-13
pianerchang	片儿长	2026-06-13
pianzhang	偏长	2026-06-13
quanzhang	全长	2026-06-13
quchang	区长	2026-06-13
renzhizhangqing	人之长情	2026-06-13
shechang	舍长	2026-06-13
shenjizhang	审计长	2026-06-13
shichang	室长	2026-06-13
shiwuchang	事务长	2026-06-13
shoumingzhang	寿命长	2026-06-13
shuchang	署长	2026-06-13
shujichang	书记长	2026-06-13
taizhang	太长	2026-06-13
tanchang	探长	2026-06-13
tianzhang	天长	2026-06-13
tianzhangxian	天长县	2026-06-13
tingchang	厅长	2026-06-13
tingchang	廷长	2026-06-13
tingchang	艇长	2026-06-13
tizhang	体长	2026-06-13
tongzhang	同长	2026-06-13
tuizhang	腿长	2026-06-13
weiyuanchang	委员长	2026-06-13
xiaoxuexiaochang	小学校长	2026-06-13
xiaozhangjin	小长今	2026-06-13
xiaozhangshan	小长山	2026-06-13
xiuzhang	袖长	2026-06-13
yazhang	芽长	2026-06-13
yezhang	夜长	2026-06-13
yijiazhichang	一家之长	2026-06-13
yingchang	营长	2026-06-13
yizhang	衣长	2026-06-13
youzhang	悠长	2026-06-13
yuanchang	园长	2026-06-13
yuchang	愈长	2026-06-13
yuchang	狱长	2026-06-13
yuechangyue	越长越	2026-06-13
zhangan	长按	2026-06-13
zhangbai	长白	2026-06-13
zhangban	长伴	2026-06-13
zhangban	长板	2026-06-13
zhangbandeng	长板凳	2026-06-13
zhangbi	长臂	2026-06-13
zhangbian	长鞭	2026-06-13
zhangbie	长别	2026-06-13
zhangbing	长柄	2026-06-13
zhangbixia	长臂虾	2026-06-13
zhangbuda	长不大	2026-06-13
zhangchuan	长串	2026-06-13
zhangchuan	长传	2026-06-13
zhangcixiaqu	长此下去	2026-06-13
zhangcizu	长词组	2026-06-13
zhangda	长达	2026-06-13
zhangdai	长带	2026-06-13
zhangdao	长岛	2026-06-13
zhangdaoxian	长岛县	2026-06-13
zhangdeng	长凳	2026-06-13
zhangdiao	长钓	2026-06-13
zhangding	长钉	2026-06-13
zhangdun	长吨	2026-06-13
zhangfeng	长风	2026-06-13
zhangfengxian	长丰县	2026-06-13
zhanggan	长杆	2026-06-13
zhanggang	长冈	2026-06-13
zhangge	长葛	2026-06-13
zhanggeshi	长葛市	2026-06-13
zhanggou	长沟	2026-06-13
zhanggu	长骨	2026-06-13
zhanghaixian	长海县	2026-06-13
zhanghen	长恨	2026-06-13
zhangji	长畸	2026-06-13
zhangjian	长兼	2026-06-13
zhangjiao	长焦	2026-06-13
zhangjiao	长脚	2026-06-13
zhangjiaoduan	长焦端	2026-06-13
zhangjiaoji	长焦机	2026-06-13
zhangjing	长径	2026-06-13
zhangjing	长颈	2026-06-13
zhangjinggui	长颈龟	2026-06-13
zhangjuli	长距离	2026-06-13
zhangkeng	长坑	2026-06-13
zhanglong	长隆	2026-06-13
zhanglu	长路	2026-06-13
zhangman	长满	2026-06-13
zhangning	长宁	2026-06-13
zhangningqu	长宁区	2026-06-13
zhangningxian	长宁县	2026-06-13
zhangpai	长排	2026-06-13
zhangpian	长片	2026-06-13
zhangqingqu	长清区	2026-06-13
zhangqingyoutian	长庆油田	2026-06-13
zhangqugunqiu	长曲棍球	2026-06-13
zhangqun	长裙	2026-06-13
zhangsan	长三	2026-06-13
zhangsanjiao	长三角	2026-06-13
zhangshandao	长山岛	2026-06-13
zhangshao	长勺	2026-06-13
zhangshe	长蛇	2026-06-13
zhangsheng	长绳	2026-06-13
zhangshi	长史	2026-06-13
zhangshijian	长时间	2026-06-13
zhangsui	长隧	2026-06-13
zhangtan	长滩	2026-06-13
zhangtiao	长挑	2026-06-13
zhangtongwa	长筒袜	2026-06-13
zhangtongwazi	长筒袜子	2026-06-13
zhangtongxue	长筒靴	2026-06-13
zhangwei	长尾	2026-06-13
zhangweihou	长尾猴	2026-06-13
zhangweijin	长围巾	2026-06-13
zhangwen	长文	2026-06-13
zhangwu	长屋	2026-06-13
zhangwuxian	长武县	2026-06-13
zhangxiang	长巷	2026-06-13
zhangxiao	长效	2026-06-13
zhangxiao	长销	2026-06-13
zhangxiaojizhi	长效机制	2026-06-13
zhangxindian	长辛店	2026-06-13
zhangxing	长型	2026-06-13
zhangxiong	长胸	2026-06-13
zhangxue	长学	2026-06-13
zhangxue	长靴	2026-06-13
zhangxujing	长须鲸	2026-06-13
zhangyi	长椅	2026-06-13
zhangzhen	长枕	2026-06-13
zhangzhi	长治	2026-06-13
zhangzhi	长直	2026-06-13
zhangzhishi	长治市	2026-06-13
zhangzhixian	长治县	2026-06-13
zhangzhou	长轴	2026-06-13
zhangzhouju	长轴距	2026-06-13
zhangzhu	长住	2026-06-13
zhangzhu	长驻	2026-06-13
zhangzhuo	长桌	2026-06-13
zhengchang	争长	2026-06-13
zhitianxinchang	织田信长	2026-06-13
zhixingchang	执行长	2026-06-13
zhizhang	之长	2026-06-13
zhizhang	痣长	2026-06-13
zhongduichang	中队长	2026-06-13
zhongxuexiaochang	中学校长	2026-06-13
zongcanmouchang	总参谋长	2026-06-13
zuchang	族长	2026-06-13
zuizhang	最长	2026-06-13
zunchang	尊长	2026-06-13
# polyphone-dup sweep batch1 2026-06-13 — wrong-reading corpus copies (audit: docs/pinyin-polyphone-dup-sweep-2026-06-13/)
baichong	百重	2026-06-13
bajinchong	八斤重	2026-06-13
banchong	半重	2026-06-13
bangchong	磅重	2026-06-13
bianchong	变重	2026-06-13
bietaichong	别太重	2026-06-13
buchong	不重	2026-06-13
bujiuchong	不久重	2026-06-13
canchong	惨重	2026-06-13
chachong	查重	2026-06-13
chongbang	重磅	2026-06-13
chongbing	重病	2026-06-13
chongbingchanshen	重病缠身	2026-06-13
chongcai	重财	2026-06-13
chongchou	重酬	2026-06-13
chongchui	重锤	2026-06-13
chongdao	重到	2026-06-13
chongdeng	重登	2026-06-13
chongdiyin	重低音	2026-06-13
chongdu	重度	2026-06-13
chongfu	重赋	2026-06-13
chonggang	重钢	2026-06-13
chongganmao	重感冒	2026-06-13
chonggou	重构	2026-06-13
chonggui	重轨	2026-06-13
chonghuagong	重化工	2026-06-13
chonghuagongye	重化工业	2026-06-13
chongji	重击	2026-06-13
chongji	重机	2026-06-13
chongjixie	重机械	2026-06-13
chongkou	重扣	2026-06-13
chongli	重礼	2026-06-13
chonglizi	重离子	2026-06-13
chonglu	重录	2026-06-13
chongpei	重配	2026-06-13
chongqi	重汽	2026-06-13
chongqian	重迁	2026-06-13
chongqiao	重敲	2026-06-13
chongqing	重情	2026-06-13
chongqingyi	重情义	2026-06-13
chongren	重人	2026-06-13
chongrutaishan	重如泰山	2026-06-13
chongseqingyou	重色轻友	2026-06-13
chongshan	重山	2026-06-13
chongshang	重上	2026-06-13
chongshangzhuyi	重商主义	2026-06-13
chongshi	重石	2026-06-13
chongshixiao	重实效	2026-06-13
chongta	重踏	2026-06-13
chongwei	重味	2026-06-13
chongwenqingwu	重文轻武	2026-06-13
chongxing	重刑	2026-06-13
chongxingfan	重刑犯	2026-06-13
chongxishou	重吸收	2026-06-13
chongyang	重样	2026-06-13
chongyiqi	重义气	2026-06-13
chongyong	重用	2026-06-13
chongyoujiudi	重游旧地	2026-06-13
chongyouyi	重友谊	2026-06-13
chongyu	重于	2026-06-13
chongzai	重灾	2026-06-13
chongzaiqu	重灾区	2026-06-13
chongzao	重造	2026-06-13
chongze	重则	2026-06-13
chongzhang	重障	2026-06-13
chongzheng	重症	2026-06-13
chongzhenxiongfeng	重振雄风	2026-06-13
chongzhongzhichong	重中之重	2026-06-13
chongzhongzhizhong	重中之重	2026-06-13
chongzi	重资	2026-06-13
cuchong	粗重	2026-06-13
cuihuazhongzheng	催化重整	2026-06-13
daliangchong	大量重	2026-06-13
diaochong	调重	2026-06-13
duanchong	短重	2026-06-13
dunchong	吨重	2026-06-13
duoyichong	多一重	2026-06-13
fudanchong	负担重	2026-06-13
gouchong	够重	2026-06-13
gudizhongyou	故地重游	2026-06-13
gujizhongshi	故技重施	2026-06-13
henchong	很重	2026-06-13
jianchong	减重	2026-06-13
jiaochong	较重	2026-06-13
jichong	畸重	2026-06-13
jiliangchong	几两重	2026-06-13
jinanxianchong	急难险重	2026-06-13
kouweichong	口味重	2026-06-13
lichong	粒重	2026-06-13
liujinchong	六斤重	2026-06-13
longchong	隆重	2026-06-13
longchongtuichu	隆重推出	2026-06-13
mengchong	盟重	2026-06-13
pochong	颇重	2026-06-13
qingyichong	情意重	2026-06-13
quanbuchong	全部重	2026-06-13
quanchong	全重	2026-06-13
renchong	任重	2026-06-13
renchongerdaoyuan	任重而道远	2026-06-13
sanliangchong	三两重	2026-06-13
shangwangcanchong	伤亡惨重	2026-06-13
shaoliangchong	少量重	2026-06-13
shenchong	深重	2026-06-13
shichong	释重	2026-06-13
shiliangchong	十两重	2026-06-13
shouchong	受重	2026-06-13
shouchong	首重	2026-06-13
shuchong	数重	2026-06-13
siliangchong	四两重	2026-06-13
sunshicanchong	损失惨重	2026-06-13
taichong	太重	2026-06-13
techong	忒重	2026-06-13
techong	特重	2026-06-13
tuichong	推重	2026-06-13
tuichongbi	推重比	2026-06-13
tuidaozhonglai	推倒重来	2026-06-13
weichong	为重	2026-06-13
xianghuzunchong	相互尊重	2026-06-13
xuanchong	悬重	2026-06-13
yiliangchong	一两重	2026-06-13
yuelaiyuechong	越来越重	2026-06-13
zhenchong	真重	2026-06-13
zhidezunchong	值得尊重	2026-06-13
zhongchao	重抄	2026-06-13
zhongchongdu	中重度	2026-06-13
zhongdao	重蹈	2026-06-13
zhongdingxiang	重定向	2026-06-13
zhongfa	重发	2026-06-13
zhongfang	重放	2026-06-13
zhongfang	重访	2026-06-13
zhonggui	重归	2026-06-13
zhongguiyuhao	重归于好	2026-06-13
zhonghao	重号	2026-06-13
zhonghongzhaji	重轰炸机	2026-06-13
zhonghua	重划	2026-06-13
zhonghua	重画	2026-06-13
zhonghui	重回	2026-06-13
zhongji	重计	2026-06-13
zhongjian	重见	2026-06-13
zhongjianguangming	重见光明	2026-06-13
zhongjie	重接	2026-06-13
zhongkai	重开	2026-06-13
zhongkao	重考	2026-06-13
zhongkaosheng	重考生	2026-06-13
zhonglai	重来	2026-06-13
zhonglianchongke	中联重科	2026-06-13
zhongma	重码	2026-06-13
zhongpa	重爬	2026-06-13
zhongran	重燃	2026-06-13
zhongru	重入	2026-06-13
zhongshi	重拾	2026-06-13
zhongshiguji	重施故技	2026-06-13
zhongshua	重刷	2026-06-13
zhongsu	重塑	2026-06-13
zhongtu	重涂	2026-06-13
zhongwan	重晚	2026-06-13
zhongxue	重学	2026-06-13
zhongyou	重游	2026-06-13
zhongyou	重邮	2026-06-13
zhongzhen	重振	2026-06-13
zhongzheng	重整	2026-06-13
zhongzhengqigu	重整齐鼓	2026-06-13
zhongzhi	重制	2026-06-13
zhongzhongzhichong	重中之重	2026-06-13
zhouchong	轴重	2026-06-13
zhuchong	著重	2026-06-13
zongchong	总重	2026-06-13
zuichong	最重	2026-06-13
zuichong	罪重	2026-06-13
zunchong	尊重	2026-06-13
zunchongqunzhong	尊重群众	2026-06-13
zunchongrencai	尊重人才	2026-06-13
zunchongshishi	尊重事实	2026-06-13
zunchongzhishi	尊重知识	2026-06-13

# 2026-06-21 user: "fanfan 感觉现在叠词的问题还是很严重，有相当多
# 根本不是个词，日常也用不了" — fanfan top 显示 8/10 非词(饭饭/
# 反反/烦烦/范范/帆帆/犯犯/繁繁/翻翻),实际 fanfan 段唯二真词只有
# 翻番(double)和泛泛(superficial)。Phase A 精确删 9 行噪音:
# 6 个纯单字叠音(反反/烦烦/犯犯/番番/繁繁/饭饭 — 不是词)+
# 2 个人名叠呼(帆帆/范范 — 名字,不该当通用候选)+
# 1 个 borderline 动词叠词独立形(翻翻 — "翻翻书"合法但 standalone
# 不该当 #0;若复打 fanfanshu 应能命中)。
# 保:翻番(double)+ 泛泛(superficial)。
# Phase B sweep 见 docs/pinyin-AA-redup-sweep-2026-06-21/.
#
# Recapture 2026-06-22 user: "先把凡凡加回来，这个是我要用的" —
# 凡凡 re-added to library.tsv as source=polish row freq=16100 (just
# below 翻番 16305 so 翻番 stays #0, 凡凡 takes #1 as a usable
# nickname position). Garbage-filter row removed; future regen of
# pinyin-build-weights must NOT re-block 凡凡.
fanfan	反反	2026-06-21
fanfan	帆帆	2026-06-21
fanfan	范范	2026-06-21
fanfan	烦烦	2026-06-21
fanfan	犯犯	2026-06-21
fanfan	番番	2026-06-21
fanfan	繁繁	2026-06-21
fanfan	翻翻	2026-06-21
fanfan	饭饭	2026-06-21

# 2026-06-22 Batch batch1b — AA-redup sweep, 278 rows deleted from library.tsv.
# Audit doc: docs/pinyin-AA-redup-sweep-2026-06-21/.
aiai	挨挨	2026-06-22	# noise
aiai	蔼蔼	2026-06-22	# noise
anan	俺俺	2026-06-22	# noise
baba	疤疤	2026-06-22	# noise
banban	扮扮	2026-06-22	# noise
baobao	剥剥	2026-06-22	# noise
baobao	煲煲	2026-06-22	# noise
beibei	倍倍	2026-06-22	# noise
benben	苯苯	2026-06-22	# noise
binbin	滨滨	2026-06-22	# noise
bobo	菠菠	2026-06-22	# noise
caca	擦擦	2026-06-22	# noise
caicai	财财	2026-06-22	# noise
cancan	残残	2026-06-22	# noise
caocao	曹曹	2026-06-22	# noise
caocao	槽槽	2026-06-22	# noise
cece	侧侧	2026-06-22	# noise
cece	厕厕	2026-06-22	# noise
chanchan	蝉蝉	2026-06-22	# noise
changchang	昌昌	2026-06-22	# noise
chenchen	臣臣	2026-06-22	# name
chengcheng	乘乘	2026-06-22	# noise
chengcheng	程程	2026-06-22	# noise
chichi	翅翅	2026-06-22	# noise
chichi	驰驰	2026-06-22	# noise
chouchou	仇仇	2026-06-22	# noise
chouchou	抽抽	2026-06-22	# zero_freq_dead_row
chunchun	唇唇	2026-06-22	# noise
chunchun	醇醇	2026-06-22	# noise
chuochuo	戳戳	2026-06-22	# noise
cuocuo	措措	2026-06-22	# noise
daidai	逮逮	2026-06-22	# noise
dangdang	噹噹	2026-06-22	# onomatopoeia_partial
daodao	捣捣	2026-06-22	# noise
daodao	盗盗	2026-06-22	# noise
diaodiao	吊吊	2026-06-22	# zero_freq_dead_row
diedie	碟碟	2026-06-22	# noise
diedie	蝶蝶	2026-06-22	# noise
dingding	丁丁	2026-06-22	# name
dingding	盯盯	2026-06-22	# noise
dingding	订订	2026-06-22	# noise
dudu	督督	2026-06-22	# noise
dudu	赌赌	2026-06-22	# noise
duidui	兑兑	2026-06-22	# noise
dundun	囤囤	2026-06-22	# noise
dundun	惇惇	2026-06-22	# zero_freq_dead_row
dundun	钝钝	2026-06-22	# noise
ee	恶恶	2026-06-22	# noise
ewu	恶恶	2026-06-22	# noise
fangfang	防防	2026-06-22	# noise
feifei	啡啡	2026-06-22	# noise
fenfen	奋奋	2026-06-22	# noise
fenfen	粉粉	2026-06-22	# noise
fenfen	粪粪	2026-06-22	# noise
fengfeng	封封	2026-06-22	# noise
fufu	副副	2026-06-22	# noise
fufu	弗弗	2026-06-22	# noise
fufu	拂拂	2026-06-22	# noise
fufu	肤肤	2026-06-22	# noise
fufu	腐腐	2026-06-22	# noise
ganggang	缸缸	2026-06-22	# noise
gege	阁阁	2026-06-22	# noise
genggeng	梗梗	2026-06-22	# noise
gougou	苟苟	2026-06-22	# noise
gougou	钩钩	2026-06-22	# noise
guanguan	惯惯	2026-06-22	# noise
guanguan	灌灌	2026-06-22	# noise
gugu	鸪鸪	2026-06-22	# zero_freq_dead_row
guigui	硅硅	2026-06-22	# zero_freq_dead_row
guigui	跪跪	2026-06-22	# noise
guoguo	嘓嘓	2026-06-22	# zero_freq_dead_row
hengheng	亨亨	2026-06-22	# noise
hengheng	横横	2026-06-22	# noise
huahua	华华	2026-06-22	# noise
huaihuai	淮淮	2026-06-22	# noise
huanghuang	黄黄	2026-06-22	# noise
huanhuan	幻幻	2026-06-22	# noise
huhu	壶壶	2026-06-22	# noise
huihui	悔悔	2026-06-22	# noise
huihui	毁毁	2026-06-22	# noise
hunhun	魂魂	2026-06-22	# noise
jiajia	贾贾	2026-06-22	# noise
jiangjiang	僵僵	2026-06-22	# noise
jianjian	剑剑	2026-06-22	# noise
jianjian	煎煎	2026-06-22	# noise
jianjian	舰舰	2026-06-22	# noise
jiaojiao	饺饺	2026-06-22	# noise
jiejie	截截	2026-06-22	# noise
jiejie	捷捷	2026-06-22	# noise
jiji	鸡鸡	2026-06-22	# noise
jinjin	巾巾	2026-06-22	# noise
jinjin	锦锦	2026-06-22	# name
juanjuan	捐捐	2026-06-22	# noise
juju	锯锯	2026-06-22	# noise
junjun	郡郡	2026-06-22	# noise
kaokao	靠靠	2026-06-22	# noise
keke	嗑嗑	2026-06-22	# noise
keke	渴渴	2026-06-22	# noise
kongkong	恐恐	2026-06-22	# noise
koukou	扣扣	2026-06-22	# noise
kuakua	跨跨	2026-06-22	# noise
kuikui	亏亏	2026-06-22	# noise
kuku	库库	2026-06-22	# noise
lala	喇喇	2026-06-22	# noise
lanlan	兰兰	2026-06-22	# name
lanlan	烂烂	2026-06-22	# noise
laolao	劳劳	2026-06-22	# noise
leilei	勒勒	2026-06-22	# noise
lianlian	炼炼	2026-06-22	# name
liaoliao	疗疗	2026-06-22	# noise
lielie	裂裂	2026-06-22	# noise
lili	厉厉	2026-06-22	# noise
lili	黎黎	2026-06-22	# noise
lingling	呤呤	2026-06-22	# zero_freq_dead_row
lingling	陵陵	2026-06-22	# noise
linlin	磷磷	2026-06-22	# onomatopoeia_partial
longlong	笼笼	2026-06-22	# noise
lulu	卢卢	2026-06-22	# noise
lulu	炉炉	2026-06-22	# noise
lulu	芦芦	2026-06-22	# noise
mama	玛玛	2026-06-22	# noise
meimei	玫玫	2026-06-22	# noise
mengmeng	盟盟	2026-06-22	# noise
mianmian	免免	2026-06-22	# noise
miaomiao	庙庙	2026-06-22	# noise
miaomiao	描描	2026-06-22	# noise
momo	膜膜	2026-06-22	# noise
momo	魔魔	2026-06-22	# noise
nainai	妳妳	2026-06-22	# noise
nainai	耐耐	2026-06-22	# noise
niangniang	酿酿	2026-06-22	# noise
niaoniao	嫋嫋	2026-06-22	# zero_freq_dead_row
pangpang	庞庞	2026-06-22	# name
paopao	跑跑	2026-06-22	# noise
papa	葩葩	2026-06-22	# noise
penpen	喷喷	2026-06-22	# noise
pingping	乒乒	2026-06-22	# onomatopoeia_partial
pipi	披披	2026-06-22	# noise
pipi	狉狉	2026-06-22	# zero_freq_dead_row
pupu	朴朴	2026-06-22	# noise
pupu	铺铺	2026-06-22	# noise
qiangqiang	呛呛	2026-06-22	# noise
qianqian	潜潜	2026-06-22	# noise
qiqi	妻妻	2026-06-22	# noise
qiqi	旗旗	2026-06-22	# noise
rongrong	容容	2026-06-22	# noise
ruru	嚅嚅	2026-06-22	# zero_freq_dead_row
ruru	蠕蠕	2026-06-22	# noise
sasa	萨萨	2026-06-22	# name
sengseng	僧僧	2026-06-22	# noise
shanshan	衫衫	2026-06-22	# noise
shengsheng	胜胜	2026-06-22	# noise
shenshen	审审	2026-06-22	# noise
shenshen	申申	2026-06-22	# noise
sheshe	射射	2026-06-22	# noise
sheshe	设设	2026-06-22	# noise
shishi	狮狮	2026-06-22	# noise
shoushou	守守	2026-06-22	# noise
shuangshuang	爽爽	2026-06-22	# noise
shuishui	税税	2026-06-22	# noise
shushu	淑淑	2026-06-22	# noise
shushu	蜀蜀	2026-06-22	# noise
songsong	耸耸	2026-06-22	# noise
sunsun	笋笋	2026-06-22	# noise
suosuo	琐琐	2026-06-22	# noise
susu	窣窣	2026-06-22	# noise
tantan	叹叹	2026-06-22	# noise
tantan	坛坛	2026-06-22	# noise
tantan	毯毯	2026-06-22	# noise
tantan	瘫瘫	2026-06-22	# noise
tantan	碳碳	2026-06-22	# noise
taotao	讨讨	2026-06-22	# noise
tete	忒忒	2026-06-22	# noise
tingting	庭庭	2026-06-22	# noise
titi	剃剃	2026-06-22	# noise
titi	踢踢	2026-06-22	# noise
tongtong	筒筒	2026-06-22	# noise
tuntun	屯屯	2026-06-22	# noise
tutu	屠屠	2026-06-22	# noise
tutu	途途	2026-06-22	# noise
wanwan	婠婠	2026-06-22	# noise
wanwan	莞莞	2026-06-22	# noise
weiwei	猥猥	2026-06-22	# noise
weiwei	胃胃	2026-06-22	# noise
wenwen	吻吻	2026-06-22	# noise
wenwen	温温	2026-06-22	# noise
wowo	沃沃	2026-06-22	# noise
wue	恶恶	2026-06-22	# noise
wuwu	乌乌	2026-06-22	# noise
wuwu	恶恶	2026-06-22	# noise
wuwu	悟悟	2026-06-22	# noise
wuwu	雾雾	2026-06-22	# noise
xiangxiang	享享	2026-06-22	# noise
xianxian	险险	2026-06-22	# noise
xianxian	鲜鲜	2026-06-22	# noise
xiaoxiao	销销	2026-06-22	# zero_freq_dead_row
xiaxia	侠侠	2026-06-22	# noise
xiexie	屑屑	2026-06-22	# noise
xiexie	邪邪	2026-06-22	# noise
xingxing	腥腥	2026-06-22	# noise
xixi	晰晰	2026-06-22	# noise
xuanxuan	旋旋	2026-06-22	# noise
xunxun	巡巡	2026-06-22	# noise
yaya	轧轧	2026-06-22	# noise
yaya	雅雅	2026-06-22	# noise
yaya	鸦鸦	2026-06-22	# noise
yeye	噎噎	2026-06-22	# noise
yinyin	印印	2026-06-22	# noise
yinyin	饮饮	2026-06-22	# noise
yiyi	忆忆	2026-06-22	# noise
yiyi	怡怡	2026-06-22	# noise
yiyi	毅毅	2026-06-22	# noise
yongyong	泳泳	2026-06-22	# noise
youyou	幼幼	2026-06-22	# noise
youyou	忧忧	2026-06-22	# noise
youyou	邮邮	2026-06-22	# noise
yueyue	粤粤	2026-06-22	# noise
yunyun	允允	2026-06-22	# noise
yuyu	于于	2026-06-22	# noise
yuyu	瑜瑜	2026-06-22	# name
zaizai	宰宰	2026-06-22	# noise
zaozao	枣枣	2026-06-22	# noise
zhangzhang	彰彰	2026-06-22	# noise
zhanzhan	展展	2026-06-22	# noise
zhengzheng	峥峥	2026-06-22	# noise
zhengzheng	挣挣	2026-06-22	# noise
zhenzhen	朕朕	2026-06-22	# noise
zhizhi	汁汁	2026-06-22	# noise
zhizhi	织织	2026-06-22	# noise
zhizhi	职职	2026-06-22	# noise
zhizhi	蜘蜘	2026-06-22	# zero_freq_dead_row
zongzong	粽粽	2026-06-22	# noise
zuizui	罪罪	2026-06-22	# noise
zuzu	族族	2026-06-22	# noise

# 2026-06-22 Batch batch1a — AA-redup sweep, 465 rows deleted from library.tsv.
# Audit doc: docs/pinyin-AA-redup-sweep-2026-06-21/.
aiai	矮矮	2026-06-22	# noise
aoao	凹凹	2026-06-22	# noise
aoao	袄袄	2026-06-22	# noise
baba	坝坝	2026-06-22	# noise
baba	扒扒	2026-06-22	# noise
banban	拌拌	2026-06-22	# noise
banban	搬搬	2026-06-22	# noise
banban	瓣瓣	2026-06-22	# noise
bangbang	梆梆	2026-06-22	# noise
baobao	堡堡	2026-06-22	# noise
baobao	暴暴	2026-06-22	# noise
baobao	豹豹	2026-06-22	# noise
bapa	耙耙	2026-06-22	# noise
beibei	悲悲	2026-06-22	# noise
beibei	辈辈	2026-06-22	# noise
bengbeng	崩崩	2026-06-22	# noise
bianbian	扁扁	2026-06-22	# noise
bianbian	编编	2026-06-22	# noise
bianbian	辫辫	2026-06-22	# noise
biaobiao	彪彪	2026-06-22	# name
biaobiao	标标	2026-06-22	# noise
bibi	闭闭	2026-06-22	# noise
bibi	鼻鼻	2026-06-22	# noise
biebie	憋憋	2026-06-22	# noise
bingbing	兵兵	2026-06-22	# name
bobo	卜卜	2026-06-22	# noise
bobo	播播	2026-06-22	# noise
bobu	卜卜	2026-06-22	# noise
bubo	卜卜	2026-06-22	# noise
bubu	卜卜	2026-06-22	# noise
caca	嚓嚓	2026-06-22	# noise
caicai	彩彩	2026-06-22	# noise
cangcang	仓仓	2026-06-22	# noise
cangcang	藏藏	2026-06-22	# noise
caocao	糙糙	2026-06-22	# noise
cece	策策	2026-06-22	# noise
cengceng	噌噌	2026-06-22	# noise
chacha	查查	2026-06-22	# noise
chaichai	拆拆	2026-06-22	# noise
chanchan	馋馋	2026-06-22	# noise
changchang	厂厂	2026-06-22	# noise
changchang	肠肠	2026-06-22	# noise
chaochao	炒炒	2026-06-22	# noise
chenchen	琛琛	2026-06-22	# name
chenchen	辰辰	2026-06-22	# name
chengcheng	撑撑	2026-06-22	# noise
chengcheng	橙橙	2026-06-22	# name
chengcheng	澄澄	2026-06-22	# noise
chengcheng	诚诚	2026-06-22	# noise
chichi	赤赤	2026-06-22	# noise
chongchong	宠宠	2026-06-22	# noise
chuanchuan	传传	2026-06-22	# noise
chuanchuan	喘喘	2026-06-22	# noise
chuanchuan	船船	2026-06-22	# noise
chuangchuang	创创	2026-06-22	# noise
chuichui	捶捶	2026-06-22	# noise
cici	刺刺	2026-06-22	# noise
cici	词词	2026-06-22	# noise
cucu	簇簇	2026-06-22	# noise
cuicui	崔崔	2026-06-22	# name
cuocuo	挫挫	2026-06-22	# noise
dada	搭搭	2026-06-22	# noise
daidai	袋袋	2026-06-22	# noise
dangdang	挡挡	2026-06-22	# noise
dangdang	铛铛	2026-06-22	# noise
daodao	导导	2026-06-22	# noise
daodao	岛岛	2026-06-22	# noise
dengdeng	登登	2026-06-22	# noise
dengdeng	瞪瞪	2026-06-22	# noise
dengdeng	蹬蹬	2026-06-22	# noise
dengdeng	邓邓	2026-06-22	# noise
diandian	典典	2026-06-22	# noise
diandian	颠颠	2026-06-22	# noise
diaodiao	钓钓	2026-06-22	# noise
diaodiao	雕雕	2026-06-22	# noise
didi	蒂蒂	2026-06-22	# name
diedie	叠叠	2026-06-22	# noise
doudou	斗斗	2026-06-22	# noise
doudou	窦窦	2026-06-22	# noise
dudu	度度	2026-06-22	# noise
dudu	毒毒	2026-06-22	# noise
dudu	渡渡	2026-06-22	# noise
dundun	敦敦	2026-06-22	# name
dundun	炖炖	2026-06-22	# noise
dundun	盾盾	2026-06-22	# noise
dundun	蹲蹲	2026-06-22	# noise
duoduo	哆哆	2026-06-22	# noise
feifei	妃妃	2026-06-22	# noise
feifei	废废	2026-06-22	# noise
feifei	费费	2026-06-22	# noise
fenfen	忿忿	2026-06-22	# noise
fengfeng	蜂蜂	2026-06-22	# noise
fengfeng	锋锋	2026-06-22	# noise
fufu	佛佛	2026-06-22	# noise
fufu	扶扶	2026-06-22	# noise
fufu	敷敷	2026-06-22	# noise
fufu	浮浮	2026-06-22	# noise
fufu	父父	2026-06-22	# noise
gaga	噶噶	2026-06-22	# noise
gaga	尬尬	2026-06-22	# noise
gangan	杆杆	2026-06-22	# noise
gangan	肝肝	2026-06-22	# noise
gangan	赶赶	2026-06-22	# noise
ganggang	岗岗	2026-06-22	# noise
ganggang	港港	2026-06-22	# noise
ganggang	钢钢	2026-06-22	# noise
gaogao	糕糕	2026-06-22	# noise
gege	割割	2026-06-22	# noise
gege	葛葛	2026-06-22	# noise
gege	鸽鸽	2026-06-22	# noise
gonggong	恭恭	2026-06-22	# noise
gonggong	拱拱	2026-06-22	# noise
gonggong	攻攻	2026-06-22	# noise
gougou	购购	2026-06-22	# noise
guagua	挂挂	2026-06-22	# noise
guaiguai	拐拐	2026-06-22	# noise
guangguang	咣咣	2026-06-22	# noise
gugu	估估	2026-06-22	# noise
gugu	股股	2026-06-22	# noise
gugu	菇菇	2026-06-22	# name
gugu	顾顾	2026-06-22	# noise
gugu	骨骨	2026-06-22	# noise
gungun	棍棍	2026-06-22	# noise
guoguo	裹裹	2026-06-22	# noise
guoguo	郭郭	2026-06-22	# name
hanhan	含含	2026-06-22	# noise
hanhan	寒寒	2026-06-22	# noise
hanhan	晗晗	2026-06-22	# name
hanhan	汗汗	2026-06-22	# noise
hanhan	翰翰	2026-06-22	# name
haohao	灏灏	2026-06-22	# noise
haohao	皓皓	2026-06-22	# noise
hehe	河河	2026-06-22	# noise
hehe	荷荷	2026-06-22	# noise
hehe	鹤鹤	2026-06-22	# noise
hengheng	恒恒	2026-06-22	# noise
honghong	宏宏	2026-06-22	# noise
huahua	划划	2026-06-22	# noise
huanghuang	荒荒	2026-06-22	# noise
huanhuan	桓桓	2026-06-22	# noise
huhu	互互	2026-06-22	# noise
huhu	湖湖	2026-06-22	# noise
huhu	狐狐	2026-06-22	# noise
huohuo	祸祸	2026-06-22	# noise
huohuo	豁豁	2026-06-22	# noise
jiajia	夹夹	2026-06-22	# noise
jiajia	架架	2026-06-22	# noise
jiajia	甲甲	2026-06-22	# noise
jiajia	茄茄	2026-06-22	# noise
jiangjiang	奖奖	2026-06-22	# noise
jiangjiang	蒋蒋	2026-06-22	# noise
jiangjiang	酱酱	2026-06-22	# noise
jianjian	坚坚	2026-06-22	# noise
jianjian	捡捡	2026-06-22	# noise
jianjian	键键	2026-06-22	# noise
jiaojiao	交交	2026-06-22	# noise
jiaojiao	姣姣	2026-06-22	# noise
jiaojiao	蕉蕉	2026-06-22	# noise
jiaojiao	骄骄	2026-06-22	# noise
jiejie	借借	2026-06-22	# noise
jiejie	戒戒	2026-06-22	# noise
jiejie	街街	2026-06-22	# noise
jiji	寄寄	2026-06-22	# noise
jiji	集集	2026-06-22	# noise
jingjing	婧婧	2026-06-22	# name
jingjing	惊惊	2026-06-22	# noise
jinjin	尽尽	2026-06-22	# noise
jinjin	近近	2026-06-22	# noise
jiujiu	旧旧	2026-06-22	# noise
juejue	嚼嚼	2026-06-22	# noise
juju	举举	2026-06-22	# noise
juju	橘橘	2026-06-22	# noise
juju	菊菊	2026-06-22	# noise
junjun	均均	2026-06-22	# noise
junjun	菌菌	2026-06-22	# noise
kaka	咖咖	2026-06-22	# noise
kangkang	扛扛	2026-06-22	# noise
kangkang	抗抗	2026-06-22	# noise
kankan	砍砍	2026-06-22	# noise
kaokao	烤烤	2026-06-22	# noise
keke	克克	2026-06-22	# noise
keke	珂珂	2026-06-22	# name
keke	课课	2026-06-22	# noise
kenken	啃啃	2026-06-22	# noise
kongkong	控控	2026-06-22	# noise
koukou	抠抠	2026-06-22	# noise
kuangkuang	哐哐	2026-06-22	# noise
kuangkuang	狂狂	2026-06-22	# noise
kunkun	昆昆	2026-06-22	# noise
kuokuo	扩扩	2026-06-22	# noise
kuokuo	阔阔	2026-06-22	# noise
lailai	莱莱	2026-06-22	# name
lailai	赖赖	2026-06-22	# noise
langlang	狼狼	2026-06-22	# noise
lanlan	岚岚	2026-06-22	# name
lanlan	澜澜	2026-06-22	# noise
leilei	泪泪	2026-06-22	# noise
lengleng	愣愣	2026-06-22	# noise
lengleng	楞楞	2026-06-22	# noise
liangliang	良良	2026-06-22	# noise
liangliang	量量	2026-06-22	# noise
lianlian	怜怜	2026-06-22	# name
lianlian	莲莲	2026-06-22	# noise
lianlian	链链	2026-06-22	# noise
liaoliao	廖廖	2026-06-22	# noise
lili	俪俪	2026-06-22	# noise
lili	梨梨	2026-06-22	# noise
lili	狸狸	2026-06-22	# noise
lingling	令令	2026-06-22	# noise
linlin	霖霖	2026-06-22	# name
liuliu	留留	2026-06-22	# noise
loulou	喽喽	2026-06-22	# noise
loulou	搂搂	2026-06-22	# noise
luanluan	乱乱	2026-06-22	# noise
lulu	录录	2026-06-22	# noise
luoluo	萝萝	2026-06-22	# noise
lvlv	捋捋	2026-06-22	# noise
lvlv	驴驴	2026-06-22	# noise
maimai	埋埋	2026-06-22	# noise
mangmang	芒芒	2026-06-22	# noise
manman	蔓蔓	2026-06-22	# noise
manman	蛮蛮	2026-06-22	# noise
maomao	冒冒	2026-06-22	# noise
maomao	帽帽	2026-06-22	# noise
maomao	茂茂	2026-06-22	# name
meimei	媚媚	2026-06-22	# noise
meimei	煤煤	2026-06-22	# noise
meimei	眉眉	2026-06-22	# noise
meimei	莓莓	2026-06-22	# name
mengmeng	檬檬	2026-06-22	# noise
mianmian	棉棉	2026-06-22	# noise
mianmian	眠眠	2026-06-22	# noise
miaomiao	妙妙	2026-06-22	# noise
miemie	灭灭	2026-06-22	# noise
mingming	铭铭	2026-06-22	# name
momo	抹抹	2026-06-22	# noise
momo	茉茉	2026-06-22	# name
mumu	沐沐	2026-06-22	# name
mumu	牧牧	2026-06-22	# noise
nainai	乃乃	2026-06-22	# noise
nainai	奈奈	2026-06-22	# noise
nana	纳纳	2026-06-22	# noise
nangnang	囔囔	2026-06-22	# noise
niangniang	嬢嬢	2026-06-22	# noise
nienie	聂聂	2026-06-22	# noise
ningning	凝凝	2026-06-22	# noise
ningning	宁宁	2026-06-22	# noise
nini	泥泥	2026-06-22	# noise
nini	霓霓	2026-06-22	# noise
nunu	怒怒	2026-06-22	# noise
paba	耙耙	2026-06-22	# noise
paipai	派派	2026-06-22	# noise
pangpang	乓乓	2026-06-22	# noise
panpan	攀攀	2026-06-22	# noise
panpan	盘盘	2026-06-22	# noise
papa	帕帕	2026-06-22	# noise
papa	耙耙	2026-06-22	# noise
peipei	沛沛	2026-06-22	# name
peipei	配配	2026-06-22	# noise
pianpian	篇篇	2026-06-22	# noise
pingping	屏屏	2026-06-22	# noise
pingping	评评	2026-06-22	# noise
pinpin	拼拼	2026-06-22	# noise
pipi	啤啤	2026-06-22	# noise
popo	坡坡	2026-06-22	# noise
popo	泼泼	2026-06-22	# noise
qiangqiang	墙墙	2026-06-22	# noise
qiangqiang	将将	2026-06-22	# noise
qiangqiang	抢抢	2026-06-22	# noise
qiangqiang	枪枪	2026-06-22	# noise
qianqian	欠欠	2026-06-22	# noise
qianqian	牵牵	2026-06-22	# noise
qianqian	签签	2026-06-22	# noise
qiaoqiao	俏俏	2026-06-22	# name
qiaoqiao	巧巧	2026-06-22	# noise
qiaoqiao	桥桥	2026-06-22	# name
qiaoqiao	跷跷	2026-06-22	# noise
qiaqia	掐掐	2026-06-22	# noise
qinqin	沁沁	2026-06-22	# noise
qinqin	琴琴	2026-06-22	# name
qiqi	启启	2026-06-22	# noise
qiqi	棋棋	2026-06-22	# noise
qiqi	淇淇	2026-06-22	# noise
qiqi	骑骑	2026-06-22	# noise
queque	雀雀	2026-06-22	# noise
ququ	驱驱	2026-06-22	# noise
ranran	染染	2026-06-22	# noise
ranran	燃燃	2026-06-22	# noise
raorao	扰扰	2026-06-22	# noise
raorao	绕绕	2026-06-22	# noise
rengreng	扔扔	2026-06-22	# noise
rere	惹惹	2026-06-22	# noise
rongrong	绒绒	2026-06-22	# noise
ruanruan	阮阮	2026-06-22	# name
ruirui	锐锐	2026-06-22	# noise
ruoruo	若若	2026-06-22	# noise
saisai	噻噻	2026-06-22	# noise
saisai	赛赛	2026-06-22	# noise
sansan	伞伞	2026-06-22	# noise
shangshang	赏赏	2026-06-22	# noise
shanshan	删删	2026-06-22	# noise
shaoshao	勺勺	2026-06-22	# noise
shasha	纱纱	2026-06-22	# noise
shengsheng	升升	2026-06-22	# noise
shengsheng	绳绳	2026-06-22	# noise
shenshen	伸伸	2026-06-22	# noise
sheshe	蛇蛇	2026-06-22	# noise
shishi	十十	2026-06-22	# noise
shoushou	兽兽	2026-06-22	# noise
shuaishuai	摔摔	2026-06-22	# noise
shuaishuai	甩甩	2026-06-22	# noise
shuaishuai	衰衰	2026-06-22	# noise
shuangshuang	霜霜	2026-06-22	# name
shuanshuan	涮涮	2026-06-22	# noise
shuashua	唰唰	2026-06-22	# noise
shuoshuo	硕硕	2026-06-22	# noise
shushu	梳梳	2026-06-22	# noise
shushu	熟熟	2026-06-22	# noise
shushu	疏疏	2026-06-22	# noise
shushu	薯薯	2026-06-22	# noise
shushu	输输	2026-06-22	# noise
shushu	鼠鼠	2026-06-22	# noise
sisi	撕撕	2026-06-22	# noise
sisi	私私	2026-06-22	# noise
songsong	怂怂	2026-06-22	# noise
sunsun	损损	2026-06-22	# noise
suosuo	梭梭	2026-06-22	# noise
suosuo	锁锁	2026-06-22	# noise
susu	俗俗	2026-06-22	# noise
susu	诉诉	2026-06-22	# noise
susu	酥酥	2026-06-22	# noise
taitai	抬抬	2026-06-22	# noise
taitai	泰泰	2026-06-22	# name
taitai	胎胎	2026-06-22	# noise
tangtang	烫烫	2026-06-22	# noise
tangtang	趟趟	2026-06-22	# noise
tangtang	躺躺	2026-06-22	# noise
tantan	摊摊	2026-06-22	# noise
taotao	掏掏	2026-06-22	# noise
taotao	逃逃	2026-06-22	# noise
tata	拓拓	2026-06-22	# noise
tengteng	藤藤	2026-06-22	# noise
tiantian	填填	2026-06-22	# noise
tiantian	添添	2026-06-22	# noise
tiantian	湉湉	2026-06-22	# name
tingting	廷廷	2026-06-22	# noise
tingting	霆霆	2026-06-22	# noise
tongtong	桶桶	2026-06-22	# noise
tongtong	铜铜	2026-06-22	# noise
toutou	投投	2026-06-22	# noise
tuitui	退退	2026-06-22	# noise
tuotuo	陀陀	2026-06-22	# noise
tuotuo	驼驼	2026-06-22	# name
wangwang	网网	2026-06-22	# noise
wanwan	碗碗	2026-06-22	# noise
wawa	瓦瓦	2026-06-22	# noise
wawa	袜袜	2026-06-22	# noise
weiwei	伟伟	2026-06-22	# name
weiwei	玮玮	2026-06-22	# name
wenwen	蚊蚊	2026-06-22	# noise
wuwu	捂捂	2026-06-22	# noise
wuwu	舞舞	2026-06-22	# noise
xiangxiang	乡乡	2026-06-22	# noise
xiangxiang	巷巷	2026-06-22	# noise
xiangxiang	湘湘	2026-06-22	# name
xiangxiang	祥祥	2026-06-22	# noise
xiangxiang	箱箱	2026-06-22	# noise
xiangxiang	翔翔	2026-06-22	# name
xianxian	县县	2026-06-22	# noise
xianxian	咸咸	2026-06-22	# noise
xianxian	贤贤	2026-06-22	# noise
xianxian	闲闲	2026-06-22	# noise
xiaxia	瞎瞎	2026-06-22	# noise
xiexie	斜斜	2026-06-22	# noise
xiexie	鞋鞋	2026-06-22	# noise
xiongxiong	凶凶	2026-06-22	# noise
xiongxiong	胸胸	2026-06-22	# noise
xiuxiu	绣绣	2026-06-22	# noise
xixi	夕夕	2026-06-22	# noise
xixi	曦曦	2026-06-22	# noise
xixi	汐汐	2026-06-22	# noise
xixi	溪溪	2026-06-22	# noise
xixi	锡锡	2026-06-22	# noise
xuanxuan	炫炫	2026-06-22	# noise
xuanxuan	璇璇	2026-06-22	# name
xuanxuan	选选	2026-06-22	# noise
xuexue	削削	2026-06-22	# noise
xuexue	薛薛	2026-06-22	# noise
xunxun	勋勋	2026-06-22	# noise
xunxun	熏熏	2026-06-22	# noise
xunxun	训训	2026-06-22	# noise
xuxu	叙叙	2026-06-22	# noise
xuxu	虚虚	2026-06-22	# noise
yangyang	央央	2026-06-22	# noise
yanyan	彦彦	2026-06-22	# noise
yanyan	演演	2026-06-22	# noise
yanyan	烟烟	2026-06-22	# noise
yanyan	盐盐	2026-06-22	# noise
yanyan	验验	2026-06-22	# noise
yaoyao	腰腰	2026-06-22	# noise
yaya	哑哑	2026-06-22	# noise
yaya	芽芽	2026-06-22	# noise
yeye	野野	2026-06-22	# noise
yeye	页页	2026-06-22	# noise
yingying	莺莺	2026-06-22	# name
yingying	营营	2026-06-22	# noise
yingying	赢赢	2026-06-22	# noise
yingying	颖颖	2026-06-22	# name
yinyin	阴阴	2026-06-22	# noise
yiyi	亿亿	2026-06-22	# noise
yiyi	逸逸	2026-06-22	# noise
yongyong	庸庸	2026-06-22	# noise
youyou	优优	2026-06-22	# noise
youyou	佑佑	2026-06-22	# noise
youyou	右右	2026-06-22	# noise
youyou	柚柚	2026-06-22	# noise
yuanyuan	怨怨	2026-06-22	# noise
yuanyuan	缘缘	2026-06-22	# noise
yunyun	匀匀	2026-06-22	# noise
yunyun	韵韵	2026-06-22	# noise
yuyu	羽羽	2026-06-22	# noise
zaozao	皂皂	2026-06-22	# noise
zaza	杂杂	2026-06-22	# noise
zaza	砸砸	2026-06-22	# noise
zeizei	贼贼	2026-06-22	# noise
zengzeng	增增	2026-06-22	# noise
zeze	泽泽	2026-06-22	# name
zhaizhai	宅宅	2026-06-22	# name
zhaizhai	摘摘	2026-06-22	# noise
zhaizhai	窄窄	2026-06-22	# noise
zhanzhan	詹詹	2026-06-22	# noise
zhaozhao	招招	2026-06-22	# noise
zhaozhao	罩罩	2026-06-22	# noise
zhengzheng	争争	2026-06-22	# noise
zhengzheng	征征	2026-06-22	# noise
zhenzhen	镇镇	2026-06-22	# noise
zhenzhen	震震	2026-06-22	# noise
zhezhe	哲哲	2026-06-22	# name
zhezhe	折折	2026-06-22	# noise
zhizhi	枝枝	2026-06-22	# noise
zhizhi	芝芝	2026-06-22	# noise
zhongzhong	肿肿	2026-06-22	# noise
zhouzhou	粥粥	2026-06-22	# noise
zhouzhou	舟舟	2026-06-22	# name
zhuaizhuai	拽拽	2026-06-22	# noise
zhuanzhuan	赚赚	2026-06-22	# noise
zhuozhuo	桌桌	2026-06-22	# noise
zhuzhu	助助	2026-06-22	# noise
zhuzhu	柱柱	2026-06-22	# noise
zhuzhu	煮煮	2026-06-22	# noise
zhuzhu	竹竹	2026-06-22	# noise
zhuzhu	蛛蛛	2026-06-22	# noise
zizi	姿姿	2026-06-22	# noise
zouzou	揍揍	2026-06-22	# noise
zuanzuan	钻钻	2026-06-22	# noise
zuizui	嘴嘴	2026-06-22	# noise
zunzun	尊尊	2026-06-22	# noise
zuozuo	座座	2026-06-22	# noise
zuzu	租租	2026-06-22	# noise

# 2026-06-22 Batch batch2 — AA-redup sweep, 419 rows deleted from library.tsv.
# Audit doc: docs/pinyin-AA-redup-sweep-2026-06-21/.
anan	按按	2026-06-22	# noise
aoao	熬熬	2026-06-22	# noise
baba	叭叭	2026-06-22	# noise
baba	拔拔	2026-06-22	# noise
baba	霸霸	2026-06-22	# noise
baibai	掰掰	2026-06-22	# noise
baibai	摆摆	2026-06-22	# noise
banban	板板	2026-06-22	# noise
banban	版版	2026-06-22	# noise
bangbang	邦邦	2026-06-22	# noise
baobao	报报	2026-06-22	# noise
baobao	爆爆	2026-06-22	# noise
baobao	薄薄	2026-06-22	# noise
beibei	杯杯	2026-06-22	# noise
beibei	背背	2026-06-22	# noise
beibei	蓓蓓	2026-06-22	# noise
benben	笨笨	2026-06-22	# noise
bianbian	变变	2026-06-22	# noise
bianbian	边边	2026-06-22	# noise
biaobiao	表表	2026-06-22	# noise
bibi	哔哔	2026-06-22	# noise
bibi	笔笔	2026-06-22	# noise
bibi	避避	2026-06-22	# noise
binbin	斌斌	2026-06-22	# noise
bingbing	病病	2026-06-22	# noise
bingbing	饼饼	2026-06-22	# noise
bobo	饽饽	2026-06-22	# noise
bubu	布布	2026-06-22	# noise
caicai	菜菜	2026-06-22	# noise
caicai	裁裁	2026-06-22	# noise
caicai	踩踩	2026-06-22	# noise
cancan	餐餐	2026-06-22	# noise
cece	测测	2026-06-22	# noise
chacha	叉叉	2026-06-22	# noise
chacha	茶茶	2026-06-22	# noise
chaichai	柴柴	2026-06-22	# noise
changchang	唱唱	2026-06-22	# noise
changchang	场场	2026-06-22	# noise
changchang	畅畅	2026-06-22	# noise
chaochao	吵吵	2026-06-22	# noise
chaochao	抄抄	2026-06-22	# noise
cheche	扯扯	2026-06-22	# noise
chengcheng	城城	2026-06-22	# noise
chengcheng	称称	2026-06-22	# noise
chongchong	充充	2026-06-22	# noise
chongchong	虫虫	2026-06-22	# noise
chouchou	丑丑	2026-06-22	# noise
chouchou	臭臭	2026-06-22	# noise
chuanchuan	川川	2026-06-22	# noise
chuanchuan	穿穿	2026-06-22	# noise
chuangchuang	闯闯	2026-06-22	# noise
chunchun	春春	2026-06-22	# name
congcong	聪聪	2026-06-22	# name
coucou	凑凑	2026-06-22	# noise
cucu	粗粗	2026-06-22	# noise
cuicui	催催	2026-06-22	# noise
cuicui	翠翠	2026-06-22	# noise
cuncun	村村	2026-06-22	# noise
cuocuo	搓搓	2026-06-22	# noise
dada	答答	2026-06-22	# noise
dada	达达	2026-06-22	# noise
daidai	戴戴	2026-06-22	# noise
dandan	弹弹	2026-06-22	# noise
dangdang	党党	2026-06-22	# noise
dantan	弹弹	2026-06-22	# noise
daodao	刀刀	2026-06-22	# noise
dede	得得	2026-06-22	# noise
dedei	得得	2026-06-22	# noise
deide	得得	2026-06-22	# noise
deidei	得得	2026-06-22	# noise
dengdeng	灯灯	2026-06-22	# noise
diadia	嗲嗲	2026-06-22	# noise
diadie	嗲嗲	2026-06-22	# noise
diandian	店店	2026-06-22	# noise
diaodiao	掉掉	2026-06-22	# noise
didi	嘀嘀	2026-06-22	# noise
diedia	嗲嗲	2026-06-22	# noise
diedie	跌跌	2026-06-22	# noise
dingding	叮叮	2026-06-22	# noise
dingding	定定	2026-06-22	# noise
dingding	钉钉	2026-06-22	# noise
dingding	顶顶	2026-06-22	# noise
dongdong	洞洞	2026-06-22	# noise
doudou	抖抖	2026-06-22	# noise
doudou	逗逗	2026-06-22	# noise
duanduan	段段	2026-06-22	# noise
dudu	独独	2026-06-22	# noise
dudu	肚肚	2026-06-22	# noise
duidui	堆堆	2026-06-22	# noise
duidui	怼怼	2026-06-22	# noise
dundun	墩墩	2026-06-22	# noise
dundun	顿顿	2026-06-22	# noise
duoduo	躲躲	2026-06-22	# noise
fanfan	泛泛	2026-06-22	# noise
fangfang	放放	2026-06-22	# noise
fenfen	芬芬	2026-06-22	# noise
fengfeng	疯疯	2026-06-22	# noise
fengfeng	缝缝	2026-06-22	# noise
fufu	负负	2026-06-22	# noise
gaigai	盖盖	2026-06-22	# noise
gaogao	搞搞	2026-06-22	# noise
gege	歌歌	2026-06-22	# noise
gengen	根根	2026-06-22	# noise
gougou	勾勾	2026-06-22	# noise
guagua	刮刮	2026-06-22	# noise
guagua	瓜瓜	2026-06-22	# noise
guanguan	罐罐	2026-06-22	# noise
guigui	贵贵	2026-06-22	# noise
guoguo	锅锅	2026-06-22	# noise
haihai	嗨嗨	2026-06-22	# noise
haihai	海海	2026-06-22	# noise
hanghang	航航	2026-06-22	# noise
hanhan	喊喊	2026-06-22	# noise
haohao	昊昊	2026-06-22	# name
haohao	豪豪	2026-06-22	# name
hehe	合合	2026-06-22	# noise
houhou	猴猴	2026-06-22	# noise
huaihuai	坏坏	2026-06-22	# noise
huanhuan	嬛嬛	2026-06-22	# noise
huhu	忽忽	2026-06-22	# noise
huhu	户户	2026-06-22	# noise
huhu	虎虎	2026-06-22	# name
huihui	慧慧	2026-06-22	# noise
huihui	辉辉	2026-06-22	# noise
hunhun	混混	2026-06-22	# noise
jiajia	嘉嘉	2026-06-22	# noise
jiangjiang	江江	2026-06-22	# noise
jianjian	剪剪	2026-06-22	# noise
jianjian	尖尖	2026-06-22	# noise
jiaojiao	娇娇	2026-06-22	# noise
jiaojiao	焦焦	2026-06-22	# noise
jiaojiao	脚脚	2026-06-22	# noise
jiaojiao	角角	2026-06-22	# noise
jiejie	接接	2026-06-22	# noise
jiejie	杰杰	2026-06-22	# name
jiejie	洁洁	2026-06-22	# noise
jiejie	结结	2026-06-22	# noise
jiji	几几	2026-06-22	# noise
jiji	吉吉	2026-06-22	# noise
jiji	基基	2026-06-22	# noise
jingjing	靓靓	2026-06-22	# noise
jinjin	进进	2026-06-22	# noise
jinjin	金金	2026-06-22	# noise
jiongjiong	囧囧	2026-06-22	# noise
jiujiu	揪揪	2026-06-22	# noise
jiujiu	酒酒	2026-06-22	# noise
juanjuan	卷卷	2026-06-22	# noise
juanjuan	娟娟	2026-06-22	# name
juju	居居	2026-06-22	# noise
juju	巨巨	2026-06-22	# noise
junjun	俊俊	2026-06-22	# noise
junjun	君君	2026-06-22	# noise
kaikai	凯凯	2026-06-22	# noise
kaikai	恺恺	2026-06-22	# noise
kaikai	楷楷	2026-06-22	# noise
keke	壳壳	2026-06-22	# noise
kengkeng	坑坑	2026-06-22	# noise
kuaikuai	块块	2026-06-22	# noise
kuankuan	宽宽	2026-06-22	# noise
kuku	裤裤	2026-06-22	# noise
kunkun	困困	2026-06-22	# noise
kunkun	坤坤	2026-06-22	# noise
lanlan	懒懒	2026-06-22	# noise
lanlan	蓝蓝	2026-06-22	# noise
leilei	磊磊	2026-06-22	# noise
leilei	蕾蕾	2026-06-22	# noise
leilei	雷雷	2026-06-22	# noise
liaoliao	撩撩	2026-06-22	# noise
lili	理理	2026-06-22	# noise
lili	粒粒	2026-06-22	# noise
linlin	琳琳	2026-06-22	# name
liuliu	流流	2026-06-22	# noise
liuliu	遛遛	2026-06-22	# noise
longlong	龙龙	2026-06-22	# noise
loulou	楼楼	2026-06-22	# noise
lulu	噜噜	2026-06-22	# noise
lulu	撸撸	2026-06-22	# noise
lulu	陆陆	2026-06-22	# noise
lulu	鲁鲁	2026-06-22	# noise
lulu	鹿鹿	2026-06-22	# noise
lunlun	伦伦	2026-06-22	# noise
luoluo	洛洛	2026-06-22	# name
luoluo	罗罗	2026-06-22	# noise
lvlv	绿绿	2026-06-22	# noise
maimai	卖卖	2026-06-22	# noise
maimai	麦麦	2026-06-22	# noise
mama	骂骂	2026-06-22	# noise
manman	曼曼	2026-06-22	# noise
meimei	霉霉	2026-06-22	# noise
mengmeng	懵懵	2026-06-22	# noise
menmen	门门	2026-06-22	# noise
miaomiao	淼淼	2026-06-22	# noise
miaomiao	秒秒	2026-06-22	# noise
miaomiao	苗苗	2026-06-22	# noise
mimi	咪咪	2026-06-22	# name
mimi	幂幂	2026-06-22	# noise
mimi	米米	2026-06-22	# noise
mimi	迷迷	2026-06-22	# noise
minmin	敏敏	2026-06-22	# noise
momo	沫沫	2026-06-22	# noise
momo	陌陌	2026-06-22	# noise
momo	馍馍	2026-06-22	# noise
mumu	木木	2026-06-22	# noise
nannan	囡囡	2026-06-22	# name
nannan	楠楠	2026-06-22	# name
neinei	内内	2026-06-22	# noise
nennen	嫩嫩	2026-06-22	# noise
niaoniao	鸟鸟	2026-06-22	# noise
nienie	捏捏	2026-06-22	# noise
nini	腻腻	2026-06-22	# noise
niuniu	扭扭	2026-06-22	# noise
niuniu	牛牛	2026-06-22	# name
nongnong	弄弄	2026-06-22	# noise
nuonuo	挪挪	2026-06-22	# noise
nvenve	虐虐	2026-06-22	# noise
paipai	牌牌	2026-06-22	# noise
panpan	潘潘	2026-06-22	# noise
panpan	盼盼	2026-06-22	# noise
paopao	炮炮	2026-06-22	# noise
papa	爬爬	2026-06-22	# noise
papa	趴趴	2026-06-22	# noise
peipei	佩佩	2026-06-22	# noise
peipei	培培	2026-06-22	# noise
pengpeng	鹏鹏	2026-06-22	# name
penpen	盆盆	2026-06-22	# noise
pianpian	骗骗	2026-06-22	# noise
piaopiao	漂漂	2026-06-22	# noise
piaopiao	票票	2026-06-22	# noise
pingping	瓶瓶	2026-06-22	# noise
pingping	萍萍	2026-06-22	# noise
pinpin	品品	2026-06-22	# noise
pipi	劈劈	2026-06-22	# noise
popo	破破	2026-06-22	# noise
qiangqiang	强强	2026-06-22	# name
qianqian	倩倩	2026-06-22	# noise
qianqian	浅浅	2026-06-22	# noise
qianqian	芊芊	2026-06-22	# noise
qianqian	茜茜	2026-06-22	# noise
qiaoqiao	乔乔	2026-06-22	# noise
qiaoqiao	翘翘	2026-06-22	# noise
qingqing	晴晴	2026-06-22	# noise
qiqi	琦琦	2026-06-22	# noise
qiuqiu	秋秋	2026-06-22	# noise
quanquan	劝劝	2026-06-22	# noise
queque	缺缺	2026-06-22	# noise
qunqun	群群	2026-06-22	# noise
qunqun	裙裙	2026-06-22	# noise
ququ	曲曲	2026-06-22	# noise
rongrong	蓉蓉	2026-06-22	# noise
rourou	柔柔	2026-06-22	# noise
ruirui	瑞瑞	2026-06-22	# name
ruirui	睿睿	2026-06-22	# name
ruirui	蕊蕊	2026-06-22	# noise
runrun	润润	2026-06-22	# noise
saisai	塞塞	2026-06-22	# noise
sangsang	桑桑	2026-06-22	# noise
saosao	扫扫	2026-06-22	# noise
sasa	撒撒	2026-06-22	# noise
sasa	洒洒	2026-06-22	# noise
sensen	森森	2026-06-22	# noise
shanshan	杉杉	2026-06-22	# noise
shanshan	珊珊	2026-06-22	# noise
shaoshao	烧烧	2026-06-22	# noise
shasha	杀杀	2026-06-22	# noise
shishi	使使	2026-06-22	# noise
shishi	市市	2026-06-22	# noise
shishi	师师	2026-06-22	# noise
shishi	湿湿	2026-06-22	# noise
shoushou	受受	2026-06-22	# noise
shoushou	收收	2026-06-22	# noise
shuashua	耍耍	2026-06-22	# noise
shushu	树树	2026-06-22	# noise
sisi	四四	2026-06-22	# noise
sisi	斯斯	2026-06-22	# name
sisi	死死	2026-06-22	# noise
songsong	送送	2026-06-22	# noise
sunsun	孙孙	2026-06-22	# noise
suosuo	索索	2026-06-22	# noise
suosuo	缩缩	2026-06-22	# noise
susu	素素	2026-06-22	# noise
susu	苏苏	2026-06-22	# noise
tandan	弹弹	2026-06-22	# noise
tantan	坦坦	2026-06-22	# noise
tantan	弹弹	2026-06-22	# noise
tantan	探探	2026-06-22	# noise
taotao	桃桃	2026-06-22	# noise
taotao	淘淘	2026-06-22	# noise
taotao	陶陶	2026-06-22	# noise
tata	塔塔	2026-06-22	# noise
tengteng	疼疼	2026-06-22	# noise
tiantian	恬恬	2026-06-22	# noise
tiantian	舔舔	2026-06-22	# noise
tiaotiao	挑挑	2026-06-22	# noise
tietie	贴贴	2026-06-22	# noise
tingting	挺挺	2026-06-22	# noise
titi	提提	2026-06-22	# noise
tongtong	桐桐	2026-06-22	# noise
toutou	透透	2026-06-22	# noise
tuitui	推推	2026-06-22	# noise
tuitui	腿腿	2026-06-22	# noise
tuotuo	坨坨	2026-06-22	# noise
tuotuo	托托	2026-06-22	# noise
tuotuo	拖拖	2026-06-22	# noise
tuotuo	脱脱	2026-06-22	# noise
tutu	吐吐	2026-06-22	# noise
tutu	土土	2026-06-22	# noise
tutu	涂涂	2026-06-22	# noise
tutu	秃秃	2026-06-22	# noise
tutu	突突	2026-06-22	# noise
wangwang	望望	2026-06-22	# noise
wanwan	湾湾	2026-06-22	# noise
wawa	挖挖	2026-06-22	# noise
wawa	蛙蛙	2026-06-22	# noise
weiwei	威威	2026-06-22	# noise
weiwei	维维	2026-06-22	# noise
wenwen	文文	2026-06-22	# noise
wenwen	闻闻	2026-06-22	# noise
wenwen	雯雯	2026-06-22	# name
xianxian	仙仙	2026-06-22	# noise
xiaoxiao	晓晓	2026-06-22	# noise
xiaoxiao	校校	2026-06-22	# noise
xiaoxiao	骁骁	2026-06-22	# noise
xiaxia	吓吓	2026-06-22	# noise
xiaxia	夏夏	2026-06-22	# noise
xiaxia	虾虾	2026-06-22	# noise
xiaxia	霞霞	2026-06-22	# noise
xiexie	些些	2026-06-22	# noise
xingxing	幸幸	2026-06-22	# noise
xinxin	鑫鑫	2026-06-22	# name
xinxin	馨馨	2026-06-22	# noise
xixi	希希	2026-06-22	# noise
xixi	惜惜	2026-06-22	# noise
xixi	稀稀	2026-06-22	# noise
xuanxuan	萱萱	2026-06-22	# name
xuanxuan	轩轩	2026-06-22	# noise
xuexue	雪雪	2026-06-22	# name
xuxu	嘘嘘	2026-06-22	# noise
xuxu	旭旭	2026-06-22	# noise
yangyang	养养	2026-06-22	# noise
yangyang	扬扬	2026-06-22	# noise
yangyang	烊烊	2026-06-22	# noise
yangyang	阳阳	2026-06-22	# name
yanyan	严严	2026-06-22	# noise
yanyan	妍妍	2026-06-22	# name
yanyan	嫣嫣	2026-06-22	# noise
yanyan	岩岩	2026-06-22	# name
yanyan	艳艳	2026-06-22	# noise
yanyan	言言	2026-06-22	# noise
yaoyao	妖妖	2026-06-22	# noise
yaoyao	瑶瑶	2026-06-22	# name
yaoyao	药药	2026-06-22	# noise
yaya	丫丫	2026-06-22	# noise
yaya	鸭鸭	2026-06-22	# noise
yingying	硬硬	2026-06-22	# noise
yingying	莹莹	2026-06-22	# noise
yiyi	姨姨	2026-06-22	# noise
youyou	游游	2026-06-22	# noise
yuanyuan	元元	2026-06-22	# noise
yuanyuan	园园	2026-06-22	# noise
yuanyuan	媛媛	2026-06-22	# name
yueyue	悦悦	2026-06-22	# noise
yueyue	玥玥	2026-06-22	# noise
yuyu	语语	2026-06-22	# noise
yuyu	雨雨	2026-06-22	# noise
yuyu	鱼鱼	2026-06-22	# noise
zaizai	再再	2026-06-22	# noise
zaizai	崽崽	2026-06-22	# noise
zanzan	攒攒	2026-06-22	# noise
zaza	咋咋	2026-06-22	# noise
zhangzhang	涨涨	2026-06-22	# noise
zhanzhan	站站	2026-06-22	# noise
zhanzhan	粘粘	2026-06-22	# noise
zhaozhao	爪爪	2026-06-22	# noise
zhaozhao	着着	2026-06-22	# noise
zhaozhe	着着	2026-06-22	# noise
zhaozhua	爪爪	2026-06-22	# noise
zhaozhuo	着着	2026-06-22	# noise
zhazha	扎扎	2026-06-22	# noise
zhazha	炸炸	2026-06-22	# noise
zhenzhen	珍珍	2026-06-22	# noise
zhezhao	着着	2026-06-22	# noise
zhezhe	着着	2026-06-22	# noise
zhezhuo	着着	2026-06-22	# noise
zhouzhou	州州	2026-06-22	# noise
zhouzhou	昼昼	2026-06-22	# noise
zhouzhou	洲洲	2026-06-22	# name
zhuangzhuang	壮壮	2026-06-22	# noise
zhuazhao	爪爪	2026-06-22	# noise
zhuazhua	抓抓	2026-06-22	# noise
zhuazhua	爪爪	2026-06-22	# noise
zhuizhui	追追	2026-06-22	# noise
zhuozhao	着着	2026-06-22	# noise
zhuozhe	着着	2026-06-22	# noise
zhuozhuo	着着	2026-06-22	# noise
zhuzhu	珠珠	2026-06-22	# noise
zizi	姊姊	2026-06-22	# noise
zuizui	醉醉	2026-06-22	# noise
zuozuo	佐佐	2026-06-22	# noise
zuozuo	左左	2026-06-22	# noise
zuzu	组组	2026-06-22	# noise

# 2026-06-22 Batch batch3 — AA-redup sweep, 50 rows deleted from library.tsv.
# Audit doc: docs/pinyin-AA-redup-sweep-2026-06-21/.
beibei	贝贝	2026-06-22	# childlike_duplicate
bianbian	便便	2026-06-22	# childlike_duplicate
binbin	彬彬	2026-06-22	# name
bobo	啵啵	2026-06-22	# childlike_duplicate
chenchen	晨晨	2026-06-22	# name
dandan	丹丹	2026-06-22	# name
didi	迪迪	2026-06-22	# name
doudou	兜兜	2026-06-22	# childlike_duplicate
duoduo	朵朵	2026-06-22	# weak_colloquial
fangfang	芳芳	2026-06-22	# name
feifei	菲菲	2026-06-22	# name
feifei	飞飞	2026-06-22	# name
huihui	灰灰	2026-06-22	# weak_colloquial
jiajia	佳佳	2026-06-22	# name
jiajia	加加	2026-06-22	# childlike_duplicate
jingjing	晶晶	2026-06-22	# name
junjun	军军	2026-06-22	# name
keke	科科	2026-06-22	# name
lili	丽丽	2026-06-22	# name
lingling	玲玲	2026-06-22	# name
lulu	璐璐	2026-06-22	# name
lulu	露露	2026-06-22	# name
maomao	猫猫	2026-06-22	# childlike_duplicate
meimei	梅梅	2026-06-22	# name
momo	嬷嬷	2026-06-22	# weak_colloquial
nini	妮妮	2026-06-22	# name
nini	尼尼	2026-06-22	# childlike_duplicate
niuniu	妞妞	2026-06-22	# childlike_duplicate
pipi	屁屁	2026-06-22	# childlike_duplicate
qiqi	琪琪	2026-06-22	# name
qiuqiu	球球	2026-06-22	# childlike_duplicate
shasha	啥啥	2026-06-22	# weak_colloquial
shasha	莎莎	2026-06-22	# name
sheishei	谁谁	2026-06-22	# weak_colloquial
sheishui	谁谁	2026-06-22	# weak_colloquial
shishi	诗诗	2026-06-22	# name
shuaishuai	帅帅	2026-06-22	# name
shuishei	谁谁	2026-06-22	# weak_colloquial
shuishui	谁谁	2026-06-22	# weak_colloquial
tangtang	糖糖	2026-06-22	# childlike_duplicate
taotao	涛涛	2026-06-22	# name
taotao	韬韬	2026-06-22	# name
tutu	兔兔	2026-06-22	# childlike_duplicate
tutu	图图	2026-06-22	# name
weiwei	薇薇	2026-06-22	# name
xiuxiu	修修	2026-06-22	# name
youyou	友友	2026-06-22	# name
zhouzhou	周周	2026-06-22	# name
zhuzhu	猪猪	2026-06-22	# childlike_duplicate
zoutaofen	邹韬奋	2026-06-26	# obscure_name_prefix_leak
wuliu	五六	2026-06-27	# jieba_subword_noise (from "五六个"/"五六十" patterns; not a standalone word)
zhengyu	正宇	2026-06-27	# given_name (proper noun, not daily-use word)
zhengyu	正于	2026-06-27	# jieba_subword_noise (from "正于此时" etc; not a standalone word)
zhengyu	证于	2026-06-27	# jieba_subword_noise (字字直拼 zhèng+yú)
# 2026-06-28 PHASE-SIP-sweep — bulk D1 of 17635 SIP rows (U+20000+, no font glyph + freq=0)
a	𠼞	2026-06-28	# SIP plane (no glyph)
a	𥥩	2026-06-28	# SIP plane (no glyph)
a	𨉚	2026-06-28	# SIP plane (no glyph)
a	𱚱	2026-06-28	# SIP plane (no glyph)
ai	𠊎	2026-06-28	# SIP plane (no glyph)
ai	𠳳	2026-06-28	# SIP plane (no glyph)
ai	𡁍	2026-06-28	# SIP plane (no glyph)
ai	𡉓	2026-06-28	# SIP plane (no glyph)
ai	𡟓	2026-06-28	# SIP plane (no glyph)
ai	𡰽	2026-06-28	# SIP plane (no glyph)
ai	𡶃	2026-06-28	# SIP plane (no glyph)
ai	𢟪	2026-06-28	# SIP plane (no glyph)
ai	𢟰	2026-06-28	# SIP plane (no glyph)
ai	𢣏	2026-06-28	# SIP plane (no glyph)
ai	𢣕	2026-06-28	# SIP plane (no glyph)
ai	𢰇	2026-06-28	# SIP plane (no glyph)
ai	𣉼	2026-06-28	# SIP plane (no glyph)
ai	𣋞	2026-06-28	# SIP plane (no glyph)
ai	𣜬	2026-06-28	# SIP plane (no glyph)
ai	𣝅	2026-06-28	# SIP plane (no glyph)
ai	𣤃	2026-06-28	# SIP plane (no glyph)
ai	𣩱	2026-06-28	# SIP plane (no glyph)
ai	𤢵	2026-06-28	# SIP plane (no glyph)
ai	𤸖	2026-06-28	# SIP plane (no glyph)
ai	𤸳	2026-06-28	# SIP plane (no glyph)
ai	𤻢	2026-06-28	# SIP plane (no glyph)
ai	𥡽	2026-06-28	# SIP plane (no glyph)
ai	𥤦	2026-06-28	# SIP plane (no glyph)
ai	𥴨	2026-06-28	# SIP plane (no glyph)
ai	𦗍	2026-06-28	# SIP plane (no glyph)
ai	𦗐	2026-06-28	# SIP plane (no glyph)
ai	𦥂	2026-06-28	# SIP plane (no glyph)
ai	𦥈	2026-06-28	# SIP plane (no glyph)
ai	𦩴	2026-06-28	# SIP plane (no glyph)
ai	𧏹	2026-06-28	# SIP plane (no glyph)
ai	𧓁	2026-06-28	# SIP plane (no glyph)
ai	𧡋	2026-06-28	# SIP plane (no glyph)
ai	𧪚	2026-06-28	# SIP plane (no glyph)
ai	𧰿	2026-06-28	# SIP plane (no glyph)
ai	𧵨	2026-06-28	# SIP plane (no glyph)
ai	𨶂	2026-06-28	# SIP plane (no glyph)
ai	𩈋	2026-06-28	# SIP plane (no glyph)
ai	𩪂	2026-06-28	# SIP plane (no glyph)
ai	𩫇	2026-06-28	# SIP plane (no glyph)
ai	𩮖	2026-06-28	# SIP plane (no glyph)
ai	𪇈	2026-06-28	# SIP plane (no glyph)
ai	𪕭	2026-06-28	# SIP plane (no glyph)
ai	𫂖	2026-06-28	# SIP plane (no glyph)
ai	𫉁	2026-06-28	# SIP plane (no glyph)
ai	𫘤	2026-06-28	# SIP plane (no glyph)
ai	𫣊	2026-06-28	# SIP plane (no glyph)
ai	𬤩	2026-06-28	# SIP plane (no glyph)
ai	𬺃	2026-06-28	# SIP plane (no glyph)
ai	𭏦	2026-06-28	# SIP plane (no glyph)
ai	𭞄	2026-06-28	# SIP plane (no glyph)
ai	𮩝	2026-06-28	# SIP plane (no glyph)
ai	𰛥	2026-06-28	# SIP plane (no glyph)
ai	𰾭	2026-06-28	# SIP plane (no glyph)
ai	𱉪	2026-06-28	# SIP plane (no glyph)
an	𠉬	2026-06-28	# SIP plane (no glyph)
an	𠰑	2026-06-28	# SIP plane (no glyph)
an	𠽪	2026-06-28	# SIP plane (no glyph)
an	𡎑	2026-06-28	# SIP plane (no glyph)
an	𡪁	2026-06-28	# SIP plane (no glyph)
an	𡪙	2026-06-28	# SIP plane (no glyph)
an	𡯏	2026-06-28	# SIP plane (no glyph)
an	𡹼	2026-06-28	# SIP plane (no glyph)
an	𡽜	2026-06-28	# SIP plane (no glyph)
an	𢰍	2026-06-28	# SIP plane (no glyph)
an	𣆛	2026-06-28	# SIP plane (no glyph)
an	𣚖	2026-06-28	# SIP plane (no glyph)
an	𣣚	2026-06-28	# SIP plane (no glyph)
an	𣵱	2026-06-28	# SIP plane (no glyph)
an	𣽥	2026-06-28	# SIP plane (no glyph)
an	𤃷	2026-06-28	# SIP plane (no glyph)
an	𤜁	2026-06-28	# SIP plane (no glyph)
an	𤞿	2026-06-28	# SIP plane (no glyph)
an	𤟉	2026-06-28	# SIP plane (no glyph)
an	𥏮	2026-06-28	# SIP plane (no glyph)
an	𥦍	2026-06-28	# SIP plane (no glyph)
an	𥳬	2026-06-28	# SIP plane (no glyph)
an	𦺽	2026-06-28	# SIP plane (no glyph)
an	𧖮	2026-06-28	# SIP plane (no glyph)
an	𧩸	2026-06-28	# SIP plane (no glyph)
an	𧫥	2026-06-28	# SIP plane (no glyph)
an	𧫧	2026-06-28	# SIP plane (no glyph)
an	𧮍	2026-06-28	# SIP plane (no glyph)
an	𨲊	2026-06-28	# SIP plane (no glyph)
an	𩅝	2026-06-28	# SIP plane (no glyph)
an	𩈴	2026-06-28	# SIP plane (no glyph)
an	𩓤	2026-06-28	# SIP plane (no glyph)
an	𩭢	2026-06-28	# SIP plane (no glyph)
an	𩹎	2026-06-28	# SIP plane (no glyph)
an	𩽾	2026-06-28	# SIP plane (no glyph)
an	𪁟	2026-06-28	# SIP plane (no glyph)
an	𪘒	2026-06-28	# SIP plane (no glyph)
an	𫗊	2026-06-28	# SIP plane (no glyph)
an	𬮴	2026-06-28	# SIP plane (no glyph)
an	𬴁	2026-06-28	# SIP plane (no glyph)
an	𬸝	2026-06-28	# SIP plane (no glyph)
an	𱊣	2026-06-28	# SIP plane (no glyph)
an	𱏋	2026-06-28	# SIP plane (no glyph)
ang	𠵫	2026-06-28	# SIP plane (no glyph)
ang	𠹃	2026-06-28	# SIP plane (no glyph)
ang	𡕉	2026-06-28	# SIP plane (no glyph)
ang	𡵙	2026-06-28	# SIP plane (no glyph)
ang	𢓋	2026-06-28	# SIP plane (no glyph)
ang	𣉗	2026-06-28	# SIP plane (no glyph)
ang	𣖮	2026-06-28	# SIP plane (no glyph)
ang	𤭒	2026-06-28	# SIP plane (no glyph)
ang	𦫫	2026-06-28	# SIP plane (no glyph)
ang	𩉰	2026-06-28	# SIP plane (no glyph)
ang	𩑝	2026-06-28	# SIP plane (no glyph)
ang	𩔘	2026-06-28	# SIP plane (no glyph)
ang	𩜟	2026-06-28	# SIP plane (no glyph)
ao	𡊛	2026-06-28	# SIP plane (no glyph)
ao	𡏼	2026-06-28	# SIP plane (no glyph)
ao	𢁱	2026-06-28	# SIP plane (no glyph)
ao	𢕟	2026-06-28	# SIP plane (no glyph)
ao	𢧴	2026-06-28	# SIP plane (no glyph)
ao	𢳆	2026-06-28	# SIP plane (no glyph)
ao	𣊁	2026-06-28	# SIP plane (no glyph)
ao	𣷫	2026-06-28	# SIP plane (no glyph)
ao	𤏶	2026-06-28	# SIP plane (no glyph)
ao	𤺾	2026-06-28	# SIP plane (no glyph)
ao	𥂢	2026-06-28	# SIP plane (no glyph)
ao	𥑑	2026-06-28	# SIP plane (no glyph)
ao	𥜌	2026-06-28	# SIP plane (no glyph)
ao	𦪈	2026-06-28	# SIP plane (no glyph)
ao	𦽀	2026-06-28	# SIP plane (no glyph)
ao	𧅃	2026-06-28	# SIP plane (no glyph)
ao	𧨲	2026-06-28	# SIP plane (no glyph)
ao	𩈏	2026-06-28	# SIP plane (no glyph)
ao	𩑍	2026-06-28	# SIP plane (no glyph)
ao	𩑤	2026-06-28	# SIP plane (no glyph)
ao	𩕀	2026-06-28	# SIP plane (no glyph)
ao	𩘮	2026-06-28	# SIP plane (no glyph)
ao	𩟇	2026-06-28	# SIP plane (no glyph)
ao	𩣻	2026-06-28	# SIP plane (no glyph)
ao	𩥊	2026-06-28	# SIP plane (no glyph)
ao	𩮯	2026-06-28	# SIP plane (no glyph)
ao	𩱏	2026-06-28	# SIP plane (no glyph)
ao	𩼈	2026-06-28	# SIP plane (no glyph)
ao	𪁾	2026-06-28	# SIP plane (no glyph)
ao	𪃨	2026-06-28	# SIP plane (no glyph)
ao	𪉑	2026-06-28	# SIP plane (no glyph)
ao	𫍵	2026-06-28	# SIP plane (no glyph)
ao	𬣦	2026-06-28	# SIP plane (no glyph)
ao	𬤡	2026-06-28	# SIP plane (no glyph)
ao	𬱮	2026-06-28	# SIP plane (no glyph)
ao	𬸩	2026-06-28	# SIP plane (no glyph)
ao	𰿁	2026-06-28	# SIP plane (no glyph)
ao	𱍛	2026-06-28	# SIP plane (no glyph)
ao	𱖎	2026-06-28	# SIP plane (no glyph)
ba	𠛋	2026-06-28	# SIP plane (no glyph)
ba	𠵺	2026-06-28	# SIP plane (no glyph)
ba	𡚭	2026-06-28	# SIP plane (no glyph)
ba	𢃳	2026-06-28	# SIP plane (no glyph)
ba	𢇷	2026-06-28	# SIP plane (no glyph)
ba	𢠭	2026-06-28	# SIP plane (no glyph)
ba	𢺞	2026-06-28	# SIP plane (no glyph)
ba	𢻷	2026-06-28	# SIP plane (no glyph)
ba	𣬶	2026-06-28	# SIP plane (no glyph)
ba	𣬷	2026-06-28	# SIP plane (no glyph)
ba	𤜕	2026-06-28	# SIP plane (no glyph)
ba	𤜱	2026-06-28	# SIP plane (no glyph)
ba	𤣸	2026-06-28	# SIP plane (no glyph)
ba	𤤒	2026-06-28	# SIP plane (no glyph)
ba	𥎱	2026-06-28	# SIP plane (no glyph)
ba	𥝧	2026-06-28	# SIP plane (no glyph)
ba	𦓧	2026-06-28	# SIP plane (no glyph)
ba	𦫙	2026-06-28	# SIP plane (no glyph)
ba	𦳺	2026-06-28	# SIP plane (no glyph)
ba	𧎱	2026-06-28	# SIP plane (no glyph)
ba	𧲧	2026-06-28	# SIP plane (no glyph)
ba	𧺡	2026-06-28	# SIP plane (no glyph)
ba	𧺺	2026-06-28	# SIP plane (no glyph)
ba	𧿏	2026-06-28	# SIP plane (no glyph)
ba	𨊹	2026-06-28	# SIP plane (no glyph)
ba	𩃴	2026-06-28	# SIP plane (no glyph)
ba	𩊤	2026-06-28	# SIP plane (no glyph)
ba	𩖽	2026-06-28	# SIP plane (no glyph)
ba	𩙥	2026-06-28	# SIP plane (no glyph)
ba	𩚥	2026-06-28	# SIP plane (no glyph)
ba	𩠀	2026-06-28	# SIP plane (no glyph)
ba	𩡩	2026-06-28	# SIP plane (no glyph)
ba	𩨜	2026-06-28	# SIP plane (no glyph)
ba	𩹏	2026-06-28	# SIP plane (no glyph)
ba	𩽷	2026-06-28	# SIP plane (no glyph)
ba	𫁂	2026-06-28	# SIP plane (no glyph)
ba	𫐈	2026-06-28	# SIP plane (no glyph)
ba	𫓥	2026-06-28	# SIP plane (no glyph)
ba	𫔆	2026-06-28	# SIP plane (no glyph)
ba	𫜨	2026-06-28	# SIP plane (no glyph)
ba	𬶻	2026-06-28	# SIP plane (no glyph)
ba	𰦜	2026-06-28	# SIP plane (no glyph)
ba	𰹻	2026-06-28	# SIP plane (no glyph)
ba	𰽖	2026-06-28	# SIP plane (no glyph)
ba	𱅄	2026-06-28	# SIP plane (no glyph)
bai	𠫛	2026-06-28	# SIP plane (no glyph)
bai	𡏯	2026-06-28	# SIP plane (no glyph)
bai	𡭢	2026-06-28	# SIP plane (no glyph)
bai	𢈕	2026-06-28	# SIP plane (no glyph)
bai	𢛞	2026-06-28	# SIP plane (no glyph)
bai	𣧙	2026-06-28	# SIP plane (no glyph)
bai	𣺽	2026-06-28	# SIP plane (no glyph)
bai	𤁣	2026-06-28	# SIP plane (no glyph)
bai	𤙅	2026-06-28	# SIP plane (no glyph)
bai	𤽹	2026-06-28	# SIP plane (no glyph)
bai	𥬝	2026-06-28	# SIP plane (no glyph)
bai	𦣺	2026-06-28	# SIP plane (no glyph)
bai	𦩋	2026-06-28	# SIP plane (no glyph)
bai	𦳞	2026-06-28	# SIP plane (no glyph)
bai	𨃅	2026-06-28	# SIP plane (no glyph)
bai	𩋂	2026-06-28	# SIP plane (no glyph)
bai	𩎻	2026-06-28	# SIP plane (no glyph)
bai	𩏞	2026-06-28	# SIP plane (no glyph)
bai	𪡈	2026-06-28	# SIP plane (no glyph)
bai	𫖔	2026-06-28	# SIP plane (no glyph)
ban	𠔯	2026-06-28	# SIP plane (no glyph)
ban	𠚼	2026-06-28	# SIP plane (no glyph)
ban	𠦒	2026-06-28	# SIP plane (no glyph)
ban	𠧫	2026-06-28	# SIP plane (no glyph)
ban	𠯘	2026-06-28	# SIP plane (no glyph)
ban	𠺚	2026-06-28	# SIP plane (no glyph)
ban	𡯘	2026-06-28	# SIP plane (no glyph)
ban	𢲔	2026-06-28	# SIP plane (no glyph)
ban	𢴬	2026-06-28	# SIP plane (no glyph)
ban	𣪂	2026-06-28	# SIP plane (no glyph)
ban	𤡰	2026-06-28	# SIP plane (no glyph)
ban	𤦦	2026-06-28	# SIP plane (no glyph)
ban	𤫫	2026-06-28	# SIP plane (no glyph)
ban	𤳖	2026-06-28	# SIP plane (no glyph)
ban	𥷁	2026-06-28	# SIP plane (no glyph)
ban	𥹓	2026-06-28	# SIP plane (no glyph)
ban	𦎊	2026-06-28	# SIP plane (no glyph)
ban	𦙹	2026-06-28	# SIP plane (no glyph)
ban	𦝤	2026-06-28	# SIP plane (no glyph)
ban	𧇥	2026-06-28	# SIP plane (no glyph)
ban	𧌿	2026-06-28	# SIP plane (no glyph)
ban	𧿨	2026-06-28	# SIP plane (no glyph)
ban	𨐦	2026-06-28	# SIP plane (no glyph)
ban	𨐱	2026-06-28	# SIP plane (no glyph)
ban	𨐾	2026-06-28	# SIP plane (no glyph)
ban	𨭉	2026-06-28	# SIP plane (no glyph)
ban	𩔮	2026-06-28	# SIP plane (no glyph)
ban	𩢔	2026-06-28	# SIP plane (no glyph)
ban	𩿉	2026-06-28	# SIP plane (no glyph)
ban	𪄕	2026-06-28	# SIP plane (no glyph)
ban	𪉒	2026-06-28	# SIP plane (no glyph)
ban	𪒋	2026-06-28	# SIP plane (no glyph)
ban	𬮳	2026-06-28	# SIP plane (no glyph)
ban	𰽰	2026-06-28	# SIP plane (no glyph)
ban	𱃷	2026-06-28	# SIP plane (no glyph)
ban	𱇖	2026-06-28	# SIP plane (no glyph)
ban	𱉑	2026-06-28	# SIP plane (no glyph)
bang	𠨵	2026-06-28	# SIP plane (no glyph)
bang	𠬣	2026-06-28	# SIP plane (no glyph)
bang	𠲑	2026-06-28	# SIP plane (no glyph)
bang	𠳐	2026-06-28	# SIP plane (no glyph)
bang	𡽲	2026-06-28	# SIP plane (no glyph)
bang	𢁏	2026-06-28	# SIP plane (no glyph)
bang	𢄎	2026-06-28	# SIP plane (no glyph)
bang	𢜗	2026-06-28	# SIP plane (no glyph)
bang	𢮏	2026-06-28	# SIP plane (no glyph)
bang	𢶶	2026-06-28	# SIP plane (no glyph)
bang	𢸌	2026-06-28	# SIP plane (no glyph)
bang	𣘙	2026-06-28	# SIP plane (no glyph)
bang	𣮡	2026-06-28	# SIP plane (no glyph)
bang	𣮧	2026-06-28	# SIP plane (no glyph)
bang	𤚰	2026-06-28	# SIP plane (no glyph)
bang	𤱵	2026-06-28	# SIP plane (no glyph)
bang	𦰥	2026-06-28	# SIP plane (no glyph)
bang	𦾭	2026-06-28	# SIP plane (no glyph)
bang	𨢐	2026-06-28	# SIP plane (no glyph)
bang	𩍗	2026-06-28	# SIP plane (no glyph)
bang	𩦠	2026-06-28	# SIP plane (no glyph)
bang	𩮗	2026-06-28	# SIP plane (no glyph)
bang	𫄰	2026-06-28	# SIP plane (no glyph)
bang	𫠌	2026-06-28	# SIP plane (no glyph)
bang	𬶆	2026-06-28	# SIP plane (no glyph)
bang	𱮿	2026-06-28	# SIP plane (no glyph)
bang	𲀃	2026-06-28	# SIP plane (no glyph)
bao	𠅬	2026-06-28	# SIP plane (no glyph)
bao	𠣒	2026-06-28	# SIP plane (no glyph)
bao	𠣺	2026-06-28	# SIP plane (no glyph)
bao	𠤏	2026-06-28	# SIP plane (no glyph)
bao	𠹕	2026-06-28	# SIP plane (no glyph)
bao	𡂟	2026-06-28	# SIP plane (no glyph)
bao	𡉩	2026-06-28	# SIP plane (no glyph)
bao	𡧖	2026-06-28	# SIP plane (no glyph)
bao	𡶄	2026-06-28	# SIP plane (no glyph)
bao	𢼌	2026-06-28	# SIP plane (no glyph)
bao	𣭀	2026-06-28	# SIP plane (no glyph)
bao	𤔣	2026-06-28	# SIP plane (no glyph)
bao	𤝧	2026-06-28	# SIP plane (no glyph)
bao	𤞥	2026-06-28	# SIP plane (no glyph)
bao	𤿈	2026-06-28	# SIP plane (no glyph)
bao	𥄹	2026-06-28	# SIP plane (no glyph)
bao	𥭓	2026-06-28	# SIP plane (no glyph)
bao	𦡕	2026-06-28	# SIP plane (no glyph)
bao	𦢊	2026-06-28	# SIP plane (no glyph)
bao	𧝘	2026-06-28	# SIP plane (no glyph)
bao	𧭤	2026-06-28	# SIP plane (no glyph)
bao	𧵢	2026-06-28	# SIP plane (no glyph)
bao	𨇅	2026-06-28	# SIP plane (no glyph)
bao	𨚔	2026-06-28	# SIP plane (no glyph)
bao	𨠖	2026-06-28	# SIP plane (no glyph)
bao	𨰦	2026-06-28	# SIP plane (no glyph)
bao	𨰻	2026-06-28	# SIP plane (no glyph)
bao	𩊅	2026-06-28	# SIP plane (no glyph)
bao	𩍂	2026-06-28	# SIP plane (no glyph)
bao	𩛞	2026-06-28	# SIP plane (no glyph)
bao	𩬽	2026-06-28	# SIP plane (no glyph)
bao	𩭼	2026-06-28	# SIP plane (no glyph)
bao	𩾡	2026-06-28	# SIP plane (no glyph)
bao	𩿓	2026-06-28	# SIP plane (no glyph)
bao	𪏶	2026-06-28	# SIP plane (no glyph)
bao	𬲺	2026-06-28	# SIP plane (no glyph)
bao	𱅀	2026-06-28	# SIP plane (no glyph)
bao	𲍹	2026-06-28	# SIP plane (no glyph)
bei	𠋭	2026-06-28	# SIP plane (no glyph)
bei	𠐡	2026-06-28	# SIP plane (no glyph)
bei	𠢥	2026-06-28	# SIP plane (no glyph)
bei	𡋭	2026-06-28	# SIP plane (no glyph)
bei	𢂏	2026-06-28	# SIP plane (no glyph)
bei	𢃍	2026-06-28	# SIP plane (no glyph)
bei	𢴾	2026-06-28	# SIP plane (no glyph)
bei	𢻵	2026-06-28	# SIP plane (no glyph)
bei	𣎵	2026-06-28	# SIP plane (no glyph)
bei	𣖾	2026-06-28	# SIP plane (no glyph)
bei	𣬍	2026-06-28	# SIP plane (no glyph)
bei	𣬪	2026-06-28	# SIP plane (no glyph)
bei	𤜲	2026-06-28	# SIP plane (no glyph)
bei	𤰈	2026-06-28	# SIP plane (no glyph)
bei	𤳦	2026-06-28	# SIP plane (no glyph)
bei	𤵛	2026-06-28	# SIP plane (no glyph)
bei	𤷁	2026-06-28	# SIP plane (no glyph)
bei	𤹲	2026-06-28	# SIP plane (no glyph)
bei	𤿒	2026-06-28	# SIP plane (no glyph)
bei	𤿾	2026-06-28	# SIP plane (no glyph)
bei	𥏓	2026-06-28	# SIP plane (no glyph)
bei	𥶓	2026-06-28	# SIP plane (no glyph)
bei	𦈧	2026-06-28	# SIP plane (no glyph)
bei	𦈶	2026-06-28	# SIP plane (no glyph)
bei	𦩖	2026-06-28	# SIP plane (no glyph)
bei	𦮷	2026-06-28	# SIP plane (no glyph)
bei	𦾙	2026-06-28	# SIP plane (no glyph)
bei	𧉥	2026-06-28	# SIP plane (no glyph)
bei	𧋲	2026-06-28	# SIP plane (no glyph)
bei	𧶙	2026-06-28	# SIP plane (no glyph)
bei	𧼠	2026-06-28	# SIP plane (no glyph)
bei	𩇩	2026-06-28	# SIP plane (no glyph)
bei	𩔹	2026-06-28	# SIP plane (no glyph)
bei	𩖠	2026-06-28	# SIP plane (no glyph)
bei	𩚾	2026-06-28	# SIP plane (no glyph)
bei	𪱷	2026-06-28	# SIP plane (no glyph)
bei	𫝦	2026-06-28	# SIP plane (no glyph)
bei	𫞥	2026-06-28	# SIP plane (no glyph)
bei	𬇙	2026-06-28	# SIP plane (no glyph)
bei	𬦥	2026-06-28	# SIP plane (no glyph)
bei	𰱯	2026-06-28	# SIP plane (no glyph)
bei	𱇑	2026-06-28	# SIP plane (no glyph)
bei	𱽎	2026-06-28	# SIP plane (no glyph)
ben	𣄏	2026-06-28	# SIP plane (no glyph)
ben	𣳰	2026-06-28	# SIP plane (no glyph)
ben	𣴞	2026-06-28	# SIP plane (no glyph)
ben	𥢊	2026-06-28	# SIP plane (no glyph)
ben	𦯀	2026-06-28	# SIP plane (no glyph)
ben	𨋒	2026-06-28	# SIP plane (no glyph)
ben	𩣺	2026-06-28	# SIP plane (no glyph)
ben	𩧼	2026-06-28	# SIP plane (no glyph)
ben	𪊜	2026-06-28	# SIP plane (no glyph)
ben	𪎝	2026-06-28	# SIP plane (no glyph)
ben	𪑖	2026-06-28	# SIP plane (no glyph)
ben	𬓱	2026-06-28	# SIP plane (no glyph)
ben	𰡞	2026-06-28	# SIP plane (no glyph)
ben	𱸛	2026-06-28	# SIP plane (no glyph)
beng	𠜳	2026-06-28	# SIP plane (no glyph)
beng	𠡮	2026-06-28	# SIP plane (no glyph)
beng	𡎾	2026-06-28	# SIP plane (no glyph)
beng	𡡈	2026-06-28	# SIP plane (no glyph)
beng	𡶤	2026-06-28	# SIP plane (no glyph)
beng	𡾛	2026-06-28	# SIP plane (no glyph)
beng	𢆸	2026-06-28	# SIP plane (no glyph)
beng	𢉁	2026-06-28	# SIP plane (no glyph)
beng	𢐒	2026-06-28	# SIP plane (no glyph)
beng	𣂤	2026-06-28	# SIP plane (no glyph)
beng	𣨥	2026-06-28	# SIP plane (no glyph)
beng	𤙾	2026-06-28	# SIP plane (no glyph)
beng	𤡭	2026-06-28	# SIP plane (no glyph)
beng	𤫬	2026-06-28	# SIP plane (no glyph)
beng	𥀂	2026-06-28	# SIP plane (no glyph)
beng	𥖗	2026-06-28	# SIP plane (no glyph)
beng	𥛱	2026-06-28	# SIP plane (no glyph)
beng	𥞩	2026-06-28	# SIP plane (no glyph)
beng	𥦜	2026-06-28	# SIP plane (no glyph)
beng	𦂌	2026-06-28	# SIP plane (no glyph)
beng	𦅈	2026-06-28	# SIP plane (no glyph)
beng	𦝷	2026-06-28	# SIP plane (no glyph)
beng	𦺑	2026-06-28	# SIP plane (no glyph)
beng	𧑑	2026-06-28	# SIP plane (no glyph)
beng	𧚭	2026-06-28	# SIP plane (no glyph)
beng	𧩱	2026-06-28	# SIP plane (no glyph)
beng	𧻓	2026-06-28	# SIP plane (no glyph)
beng	𨆊	2026-06-28	# SIP plane (no glyph)
beng	𨓁	2026-06-28	# SIP plane (no glyph)
beng	𨕧	2026-06-28	# SIP plane (no glyph)
beng	𨸂	2026-06-28	# SIP plane (no glyph)
beng	𨹹	2026-06-28	# SIP plane (no glyph)
beng	𨻱	2026-06-28	# SIP plane (no glyph)
beng	𩂦	2026-06-28	# SIP plane (no glyph)
beng	𩊌	2026-06-28	# SIP plane (no glyph)
beng	𩑚	2026-06-28	# SIP plane (no glyph)
beng	𩗴	2026-06-28	# SIP plane (no glyph)
beng	𪔑	2026-06-28	# SIP plane (no glyph)
beng	𫄵	2026-06-28	# SIP plane (no glyph)
beng	𫗉	2026-06-28	# SIP plane (no glyph)
beng	𰬔	2026-06-28	# SIP plane (no glyph)
beng	𰬭	2026-06-28	# SIP plane (no glyph)
beng	𱤺	2026-06-28	# SIP plane (no glyph)
bi	𠈺	2026-06-28	# SIP plane (no glyph)
bi	𠋯	2026-06-28	# SIP plane (no glyph)
bi	𠐌	2026-06-28	# SIP plane (no glyph)
bi	𠓷	2026-06-28	# SIP plane (no glyph)
bi	𠛡	2026-06-28	# SIP plane (no glyph)
bi	𠡂	2026-06-28	# SIP plane (no glyph)
bi	𠦈	2026-06-28	# SIP plane (no glyph)
bi	𠧅	2026-06-28	# SIP plane (no glyph)
bi	𠨘	2026-06-28	# SIP plane (no glyph)
bi	𠩿	2026-06-28	# SIP plane (no glyph)
bi	𠬈	2026-06-28	# SIP plane (no glyph)
bi	𠮃	2026-06-28	# SIP plane (no glyph)
bi	𠽩	2026-06-28	# SIP plane (no glyph)
bi	𡚁	2026-06-28	# SIP plane (no glyph)
bi	𡛗	2026-06-28	# SIP plane (no glyph)
bi	𡠚	2026-06-28	# SIP plane (no glyph)
bi	𡳄	2026-06-28	# SIP plane (no glyph)
bi	𡻞	2026-06-28	# SIP plane (no glyph)
bi	𡽶	2026-06-28	# SIP plane (no glyph)
bi	𢁽	2026-06-28	# SIP plane (no glyph)
bi	𢅩	2026-06-28	# SIP plane (no glyph)
bi	𢐦	2026-06-28	# SIP plane (no glyph)
bi	𢖬	2026-06-28	# SIP plane (no glyph)
bi	𢘍	2026-06-28	# SIP plane (no glyph)
bi	𢟵	2026-06-28	# SIP plane (no glyph)
bi	𢡅	2026-06-28	# SIP plane (no glyph)
bi	𢩒	2026-06-28	# SIP plane (no glyph)
bi	𢲾	2026-06-28	# SIP plane (no glyph)
bi	𢳋	2026-06-28	# SIP plane (no glyph)
bi	𢴩	2026-06-28	# SIP plane (no glyph)
bi	𣁉	2026-06-28	# SIP plane (no glyph)
bi	𣁢	2026-06-28	# SIP plane (no glyph)
bi	𣋹	2026-06-28	# SIP plane (no glyph)
bi	𣔓	2026-06-28	# SIP plane (no glyph)
bi	𣘥	2026-06-28	# SIP plane (no glyph)
bi	𣚡	2026-06-28	# SIP plane (no glyph)
bi	𣝍	2026-06-28	# SIP plane (no glyph)
bi	𣢠	2026-06-28	# SIP plane (no glyph)
bi	𣥣	2026-06-28	# SIP plane (no glyph)
bi	𣦇	2026-06-28	# SIP plane (no glyph)
bi	𣦢	2026-06-28	# SIP plane (no glyph)
bi	𣩩	2026-06-28	# SIP plane (no glyph)
bi	𣭤	2026-06-28	# SIP plane (no glyph)
bi	𣮐	2026-06-28	# SIP plane (no glyph)
bi	𣯴	2026-06-28	# SIP plane (no glyph)
bi	𣴨	2026-06-28	# SIP plane (no glyph)
bi	𤂀	2026-06-28	# SIP plane (no glyph)
bi	𤅹	2026-06-28	# SIP plane (no glyph)
bi	𤐙	2026-06-28	# SIP plane (no glyph)
bi	𤗚	2026-06-28	# SIP plane (no glyph)
bi	𤙞	2026-06-28	# SIP plane (no glyph)
bi	𤜻	2026-06-28	# SIP plane (no glyph)
bi	𤝸	2026-06-28	# SIP plane (no glyph)
bi	𤠺	2026-06-28	# SIP plane (no glyph)
bi	𤡝	2026-06-28	# SIP plane (no glyph)
bi	𤢣	2026-06-28	# SIP plane (no glyph)
bi	𤵘	2026-06-28	# SIP plane (no glyph)
bi	𤹝	2026-06-28	# SIP plane (no glyph)
bi	𤹦	2026-06-28	# SIP plane (no glyph)
bi	𤻖	2026-06-28	# SIP plane (no glyph)
bi	𤽊	2026-06-28	# SIP plane (no glyph)
bi	𥆯	2026-06-28	# SIP plane (no glyph)
bi	𥈗	2026-06-28	# SIP plane (no glyph)
bi	𥏠	2026-06-28	# SIP plane (no glyph)
bi	𥛘	2026-06-28	# SIP plane (no glyph)
bi	𥟗	2026-06-28	# SIP plane (no glyph)
bi	𥢦	2026-06-28	# SIP plane (no glyph)
bi	𥳆	2026-06-28	# SIP plane (no glyph)
bi	𥴬	2026-06-28	# SIP plane (no glyph)
bi	𥷑	2026-06-28	# SIP plane (no glyph)
bi	𦂖	2026-06-28	# SIP plane (no glyph)
bi	𦑞	2026-06-28	# SIP plane (no glyph)
bi	𦔆	2026-06-28	# SIP plane (no glyph)
bi	𦠞	2026-06-28	# SIP plane (no glyph)
bi	𦤫	2026-06-28	# SIP plane (no glyph)
bi	𦯛	2026-06-28	# SIP plane (no glyph)
bi	𦰙	2026-06-28	# SIP plane (no glyph)
bi	𦱔	2026-06-28	# SIP plane (no glyph)
bi	𦸣	2026-06-28	# SIP plane (no glyph)
bi	𧏻	2026-06-28	# SIP plane (no glyph)
bi	𧒀	2026-06-28	# SIP plane (no glyph)
bi	𧓄	2026-06-28	# SIP plane (no glyph)
bi	𧤃	2026-06-28	# SIP plane (no glyph)
bi	𧥑	2026-06-28	# SIP plane (no glyph)
bi	𧫤	2026-06-28	# SIP plane (no glyph)
bi	𧲜	2026-06-28	# SIP plane (no glyph)
bi	𧳠	2026-06-28	# SIP plane (no glyph)
bi	𨅗	2026-06-28	# SIP plane (no glyph)
bi	𨋥	2026-06-28	# SIP plane (no glyph)
bi	𨋩	2026-06-28	# SIP plane (no glyph)
bi	𨐨	2026-06-28	# SIP plane (no glyph)
bi	𨚍	2026-06-28	# SIP plane (no glyph)
bi	𨚓	2026-06-28	# SIP plane (no glyph)
bi	𨟵	2026-06-28	# SIP plane (no glyph)
bi	𨠔	2026-06-28	# SIP plane (no glyph)
bi	𨲋	2026-06-28	# SIP plane (no glyph)
bi	𨵰	2026-06-28	# SIP plane (no glyph)
bi	𨸼	2026-06-28	# SIP plane (no glyph)
bi	𨻼	2026-06-28	# SIP plane (no glyph)
bi	𩉫	2026-06-28	# SIP plane (no glyph)
bi	𩊰	2026-06-28	# SIP plane (no glyph)
bi	𩑻	2026-06-28	# SIP plane (no glyph)
bi	𩧿	2026-06-28	# SIP plane (no glyph)
bi	𩪖	2026-06-28	# SIP plane (no glyph)
bi	𩪧	2026-06-28	# SIP plane (no glyph)
bi	𩭧	2026-06-28	# SIP plane (no glyph)
bi	𩲢	2026-06-28	# SIP plane (no glyph)
bi	𩾳	2026-06-28	# SIP plane (no glyph)
bi	𪋜	2026-06-28	# SIP plane (no glyph)
bi	𪌄	2026-06-28	# SIP plane (no glyph)
bi	𪍪	2026-06-28	# SIP plane (no glyph)
bi	𪏺	2026-06-28	# SIP plane (no glyph)
bi	𪐄	2026-06-28	# SIP plane (no glyph)
bi	𪼋	2026-06-28	# SIP plane (no glyph)
bi	𫄞	2026-06-28	# SIP plane (no glyph)
bi	𫎳	2026-06-28	# SIP plane (no glyph)
bi	𫔇	2026-06-28	# SIP plane (no glyph)
bi	𫖒	2026-06-28	# SIP plane (no glyph)
bi	𫗣	2026-06-28	# SIP plane (no glyph)
bi	𫚑	2026-06-28	# SIP plane (no glyph)
bi	𫜁	2026-06-28	# SIP plane (no glyph)
bi	𫠈	2026-06-28	# SIP plane (no glyph)
bi	𫼫	2026-06-28	# SIP plane (no glyph)
bi	𫽳	2026-06-28	# SIP plane (no glyph)
bi	𬙝	2026-06-28	# SIP plane (no glyph)
bi	𬠃	2026-06-28	# SIP plane (no glyph)
bi	𬥶	2026-06-28	# SIP plane (no glyph)
bi	𬭽	2026-06-28	# SIP plane (no glyph)
bi	𬳃	2026-06-28	# SIP plane (no glyph)
bi	𮤲	2026-06-28	# SIP plane (no glyph)
bi	𮩛	2026-06-28	# SIP plane (no glyph)
bi	𮲰	2026-06-28	# SIP plane (no glyph)
bi	𰃻	2026-06-28	# SIP plane (no glyph)
bi	𰋾	2026-06-28	# SIP plane (no glyph)
bi	𰛡	2026-06-28	# SIP plane (no glyph)
bi	𰞲	2026-06-28	# SIP plane (no glyph)
bi	𰬎	2026-06-28	# SIP plane (no glyph)
bi	𰬤	2026-06-28	# SIP plane (no glyph)
bi	𰻳	2026-06-28	# SIP plane (no glyph)
bi	𱁴	2026-06-28	# SIP plane (no glyph)
bi	𱂅	2026-06-28	# SIP plane (no glyph)
bi	𱅈	2026-06-28	# SIP plane (no glyph)
bi	𱉝	2026-06-28	# SIP plane (no glyph)
bi	𱌉	2026-06-28	# SIP plane (no glyph)
bian	𠐈	2026-06-28	# SIP plane (no glyph)
bian	𠑟	2026-06-28	# SIP plane (no glyph)
bian	𠓫	2026-06-28	# SIP plane (no glyph)
bian	𠪂	2026-06-28	# SIP plane (no glyph)
bian	𠭹	2026-06-28	# SIP plane (no glyph)
bian	𠯴	2026-06-28	# SIP plane (no glyph)
bian	𠷖	2026-06-28	# SIP plane (no glyph)
bian	𡈯	2026-06-28	# SIP plane (no glyph)
bian	𡬯	2026-06-28	# SIP plane (no glyph)
bian	𡬲	2026-06-28	# SIP plane (no glyph)
bian	𡬸	2026-06-28	# SIP plane (no glyph)
bian	𢩟	2026-06-28	# SIP plane (no glyph)
bian	𢭥	2026-06-28	# SIP plane (no glyph)
bian	𢴂	2026-06-28	# SIP plane (no glyph)
bian	𢻶	2026-06-28	# SIP plane (no glyph)
bian	𣈠	2026-06-28	# SIP plane (no glyph)
bian	𣝜	2026-06-28	# SIP plane (no glyph)
bian	𣩀	2026-06-28	# SIP plane (no glyph)
bian	𣪭	2026-06-28	# SIP plane (no glyph)
bian	𣸇	2026-06-28	# SIP plane (no glyph)
bian	𤀫	2026-06-28	# SIP plane (no glyph)
bian	𤀲	2026-06-28	# SIP plane (no glyph)
bian	𤄺	2026-06-28	# SIP plane (no glyph)
bian	𤺇	2026-06-28	# SIP plane (no glyph)
bian	𤻶	2026-06-28	# SIP plane (no glyph)
bian	𥍚	2026-06-28	# SIP plane (no glyph)
bian	𥣝	2026-06-28	# SIP plane (no glyph)
bian	𥣰	2026-06-28	# SIP plane (no glyph)
bian	𦇭	2026-06-28	# SIP plane (no glyph)
bian	𦉙	2026-06-28	# SIP plane (no glyph)
bian	𦟣	2026-06-28	# SIP plane (no glyph)
bian	𦽟	2026-06-28	# SIP plane (no glyph)
bian	𧩰	2026-06-28	# SIP plane (no glyph)
bian	𨖠	2026-06-28	# SIP plane (no glyph)
bian	𨖾	2026-06-28	# SIP plane (no glyph)
bian	𨚕	2026-06-28	# SIP plane (no glyph)
bian	𨧕	2026-06-28	# SIP plane (no glyph)
bian	𨩫	2026-06-28	# SIP plane (no glyph)
bian	𨳲	2026-06-28	# SIP plane (no glyph)
bian	𩩯	2026-06-28	# SIP plane (no glyph)
bian	𩰍	2026-06-28	# SIP plane (no glyph)
bian	𪉱	2026-06-28	# SIP plane (no glyph)
bian	𪏗	2026-06-28	# SIP plane (no glyph)
bian	𪓍	2026-06-28	# SIP plane (no glyph)
bian	𪖯	2026-06-28	# SIP plane (no glyph)
bian	𫔰	2026-06-28	# SIP plane (no glyph)
bian	𫚣	2026-06-28	# SIP plane (no glyph)
bian	𬸸	2026-06-28	# SIP plane (no glyph)
bian	𱉡	2026-06-28	# SIP plane (no glyph)
bian	𱖅	2026-06-28	# SIP plane (no glyph)
biang	𰻝	2026-06-28	# SIP plane (no glyph)
biang	𰻞	2026-06-28	# SIP plane (no glyph)
biang	𱿗	2026-06-28	# SIP plane (no glyph)
biang	𲁓	2026-06-28	# SIP plane (no glyph)
biao	𠔂	2026-06-28	# SIP plane (no glyph)
biao	𠚠	2026-06-28	# SIP plane (no glyph)
biao	𠬪	2026-06-28	# SIP plane (no glyph)
biao	𢅚	2026-06-28	# SIP plane (no glyph)
biao	𢒯	2026-06-28	# SIP plane (no glyph)
biao	𢿏	2026-06-28	# SIP plane (no glyph)
biao	𣄠	2026-06-28	# SIP plane (no glyph)
biao	𤂆	2026-06-28	# SIP plane (no glyph)
biao	𤆀	2026-06-28	# SIP plane (no glyph)
biao	𤐫	2026-06-28	# SIP plane (no glyph)
biao	𥘤	2026-06-28	# SIP plane (no glyph)
biao	𥲦	2026-06-28	# SIP plane (no glyph)
biao	𦔗	2026-06-28	# SIP plane (no glyph)
biao	𦔩	2026-06-28	# SIP plane (no glyph)
biao	𦠎	2026-06-28	# SIP plane (no glyph)
biao	𦾑	2026-06-28	# SIP plane (no glyph)
biao	𧝪	2026-06-28	# SIP plane (no glyph)
biao	𧥍	2026-06-28	# SIP plane (no glyph)
biao	𧳀	2026-06-28	# SIP plane (no glyph)
biao	𧴎	2026-06-28	# SIP plane (no glyph)
biao	𧴕	2026-06-28	# SIP plane (no glyph)
biao	𨭚	2026-06-28	# SIP plane (no glyph)
biao	𩙪	2026-06-28	# SIP plane (no glyph)
biao	𩪊	2026-06-28	# SIP plane (no glyph)
biao	𩴩	2026-06-28	# SIP plane (no glyph)
biao	𩽁	2026-06-28	# SIP plane (no glyph)
biao	𬭺	2026-06-28	# SIP plane (no glyph)
biao	𬴍	2026-06-28	# SIP plane (no glyph)
biao	𮸼	2026-06-28	# SIP plane (no glyph)
biao	𰷫	2026-06-28	# SIP plane (no glyph)
biao	𰾍	2026-06-28	# SIP plane (no glyph)
biao	𱃔	2026-06-28	# SIP plane (no glyph)
biao	𱃠	2026-06-28	# SIP plane (no glyph)
bie	𠍯	2026-06-28	# SIP plane (no glyph)
bie	𡐞	2026-06-28	# SIP plane (no glyph)
bie	𡘴	2026-06-28	# SIP plane (no glyph)
bie	𡙀	2026-06-28	# SIP plane (no glyph)
bie	𡙪	2026-06-28	# SIP plane (no glyph)
bie	𡷘	2026-06-28	# SIP plane (no glyph)
bie	𢆣	2026-06-28	# SIP plane (no glyph)
bie	𢐳	2026-06-28	# SIP plane (no glyph)
bie	𢛎	2026-06-28	# SIP plane (no glyph)
bie	𢠳	2026-06-28	# SIP plane (no glyph)
bie	𣇢	2026-06-28	# SIP plane (no glyph)
bie	𣊶	2026-06-28	# SIP plane (no glyph)
bie	𤉤	2026-06-28	# SIP plane (no glyph)
bie	𤷗	2026-06-28	# SIP plane (no glyph)
bie	𤺓	2026-06-28	# SIP plane (no glyph)
bie	𤾵	2026-06-28	# SIP plane (no glyph)
bie	𥞲	2026-06-28	# SIP plane (no glyph)
bie	𥡁	2026-06-28	# SIP plane (no glyph)
bie	𧆊	2026-06-28	# SIP plane (no glyph)
bie	𧌽	2026-06-28	# SIP plane (no glyph)
bie	𧝬	2026-06-28	# SIP plane (no glyph)
bie	𧧸	2026-06-28	# SIP plane (no glyph)
bie	𧿥	2026-06-28	# SIP plane (no glyph)
bie	𨂅	2026-06-28	# SIP plane (no glyph)
bie	𨒜	2026-06-28	# SIP plane (no glyph)
bie	𩓝	2026-06-28	# SIP plane (no glyph)
bie	𩠻	2026-06-28	# SIP plane (no glyph)
bie	𩡟	2026-06-28	# SIP plane (no glyph)
bie	𩦉	2026-06-28	# SIP plane (no glyph)
bie	𩵛	2026-06-28	# SIP plane (no glyph)
bie	𩸁	2026-06-28	# SIP plane (no glyph)
bie	𪂟	2026-06-28	# SIP plane (no glyph)
bie	𪐆	2026-06-28	# SIP plane (no glyph)
bie	𫛮	2026-06-28	# SIP plane (no glyph)
bie	𰵬	2026-06-28	# SIP plane (no glyph)
bie	𱌇	2026-06-28	# SIP plane (no glyph)
bie	𱍈	2026-06-28	# SIP plane (no glyph)
bin	𠴇	2026-06-28	# SIP plane (no glyph)
bin	𡦆	2026-06-28	# SIP plane (no glyph)
bin	𡦻	2026-06-28	# SIP plane (no glyph)
bin	𡧼	2026-06-28	# SIP plane (no glyph)
bin	𢲰	2026-06-28	# SIP plane (no glyph)
bin	𣉮	2026-06-28	# SIP plane (no glyph)
bin	𣢏	2026-06-28	# SIP plane (no glyph)
bin	𣰨	2026-06-28	# SIP plane (no glyph)
bin	𥃰	2026-06-28	# SIP plane (no glyph)
bin	𧷟	2026-06-28	# SIP plane (no glyph)
bin	𧸈	2026-06-28	# SIP plane (no glyph)
bin	𨐰	2026-06-28	# SIP plane (no glyph)
bin	𨽗	2026-06-28	# SIP plane (no glyph)
bin	𩆱	2026-06-28	# SIP plane (no glyph)
bin	𩴱	2026-06-28	# SIP plane (no glyph)
bin	𪇕	2026-06-28	# SIP plane (no glyph)
bin	𬇄	2026-06-28	# SIP plane (no glyph)
bin	𱂸	2026-06-28	# SIP plane (no glyph)
bing	𠊧	2026-06-28	# SIP plane (no glyph)
bing	𠒝	2026-06-28	# SIP plane (no glyph)
bing	𠛥	2026-06-28	# SIP plane (no glyph)
bing	𠱛	2026-06-28	# SIP plane (no glyph)
bing	𡇤	2026-06-28	# SIP plane (no glyph)
bing	𡖛	2026-06-28	# SIP plane (no glyph)
bing	𡚛	2026-06-28	# SIP plane (no glyph)
bing	𡲍	2026-06-28	# SIP plane (no glyph)
bing	𡹾	2026-06-28	# SIP plane (no glyph)
bing	𢆩	2026-06-28	# SIP plane (no glyph)
bing	𢊜	2026-06-28	# SIP plane (no glyph)
bing	𢎴	2026-06-28	# SIP plane (no glyph)
bing	𢔧	2026-06-28	# SIP plane (no glyph)
bing	𣦪	2026-06-28	# SIP plane (no glyph)
bing	𣰜	2026-06-28	# SIP plane (no glyph)
bing	𥖬	2026-06-28	# SIP plane (no glyph)
bing	𥲂	2026-06-28	# SIP plane (no glyph)
bing	𦡻	2026-06-28	# SIP plane (no glyph)
bing	𦼹	2026-06-28	# SIP plane (no glyph)
bing	𦿅	2026-06-28	# SIP plane (no glyph)
bing	𨆱	2026-06-28	# SIP plane (no glyph)
bing	𨋲	2026-06-28	# SIP plane (no glyph)
bing	𨹗	2026-06-28	# SIP plane (no glyph)
bing	𩊖	2026-06-28	# SIP plane (no glyph)
bing	𩋒	2026-06-28	# SIP plane (no glyph)
bing	𩏂	2026-06-28	# SIP plane (no glyph)
bing	𩬝	2026-06-28	# SIP plane (no glyph)
bing	𩮟	2026-06-28	# SIP plane (no glyph)
bing	𩶁	2026-06-28	# SIP plane (no glyph)
bing	𪑰	2026-06-28	# SIP plane (no glyph)
bing	𫖓	2026-06-28	# SIP plane (no glyph)
bing	𫚎	2026-06-28	# SIP plane (no glyph)
bing	𬣲	2026-06-28	# SIP plane (no glyph)
bing	𬦴	2026-06-28	# SIP plane (no glyph)
bing	𰽥	2026-06-28	# SIP plane (no glyph)
bing	𰽼	2026-06-28	# SIP plane (no glyph)
bing	𱋔	2026-06-28	# SIP plane (no glyph)
bo	𠧛	2026-06-28	# SIP plane (no glyph)
bo	𠮭	2026-06-28	# SIP plane (no glyph)
bo	𠱀	2026-06-28	# SIP plane (no glyph)
bo	𠴸	2026-06-28	# SIP plane (no glyph)
bo	𠷺	2026-06-28	# SIP plane (no glyph)
bo	𠸳	2026-06-28	# SIP plane (no glyph)
bo	𠺣	2026-06-28	# SIP plane (no glyph)
bo	𡀖	2026-06-28	# SIP plane (no glyph)
bo	𡅂	2026-06-28	# SIP plane (no glyph)
bo	𡋯	2026-06-28	# SIP plane (no glyph)
bo	𡯳	2026-06-28	# SIP plane (no glyph)
bo	𡯷	2026-06-28	# SIP plane (no glyph)
bo	𢂍	2026-06-28	# SIP plane (no glyph)
bo	𢐾	2026-06-28	# SIP plane (no glyph)
bo	𢠺	2026-06-28	# SIP plane (no glyph)
bo	𢣞	2026-06-28	# SIP plane (no glyph)
bo	𢩞	2026-06-28	# SIP plane (no glyph)
bo	𢫯	2026-06-28	# SIP plane (no glyph)
bo	𢺽	2026-06-28	# SIP plane (no glyph)
bo	𣋵	2026-06-28	# SIP plane (no glyph)
bo	𣛓	2026-06-28	# SIP plane (no glyph)
bo	𣧧	2026-06-28	# SIP plane (no glyph)
bo	𣭷	2026-06-28	# SIP plane (no glyph)
bo	𣽡	2026-06-28	# SIP plane (no glyph)
bo	𤃵	2026-06-28	# SIP plane (no glyph)
bo	𤒔	2026-06-28	# SIP plane (no glyph)
bo	𤗳	2026-06-28	# SIP plane (no glyph)
bo	𤗺	2026-06-28	# SIP plane (no glyph)
bo	𤚽	2026-06-28	# SIP plane (no glyph)
bo	𤜧	2026-06-28	# SIP plane (no glyph)
bo	𤶋	2026-06-28	# SIP plane (no glyph)
bo	𤾝	2026-06-28	# SIP plane (no glyph)
bo	𤿑	2026-06-28	# SIP plane (no glyph)
bo	𥜖	2026-06-28	# SIP plane (no glyph)
bo	𥭖	2026-06-28	# SIP plane (no glyph)
bo	𥮯	2026-06-28	# SIP plane (no glyph)
bo	𥴮	2026-06-28	# SIP plane (no glyph)
bo	𥸥	2026-06-28	# SIP plane (no glyph)
bo	𥹸	2026-06-28	# SIP plane (no glyph)
bo	𦃙	2026-06-28	# SIP plane (no glyph)
bo	𦈞	2026-06-28	# SIP plane (no glyph)
bo	𦋉	2026-06-28	# SIP plane (no glyph)
bo	𦤚	2026-06-28	# SIP plane (no glyph)
bo	𦤣	2026-06-28	# SIP plane (no glyph)
bo	𦯉	2026-06-28	# SIP plane (no glyph)
bo	𦰬	2026-06-28	# SIP plane (no glyph)
bo	𦲱	2026-06-28	# SIP plane (no glyph)
bo	𦼭	2026-06-28	# SIP plane (no glyph)
bo	𦽮	2026-06-28	# SIP plane (no glyph)
bo	𧇚	2026-06-28	# SIP plane (no glyph)
bo	𧙄	2026-06-28	# SIP plane (no glyph)
bo	𧟱	2026-06-28	# SIP plane (no glyph)
bo	𧲯	2026-06-28	# SIP plane (no glyph)
bo	𨈩	2026-06-28	# SIP plane (no glyph)
bo	𨍭	2026-06-28	# SIP plane (no glyph)
bo	𨏫	2026-06-28	# SIP plane (no glyph)
bo	𨭂	2026-06-28	# SIP plane (no glyph)
bo	𩃶	2026-06-28	# SIP plane (no glyph)
bo	𩄿	2026-06-28	# SIP plane (no glyph)
bo	𩈔	2026-06-28	# SIP plane (no glyph)
bo	𩌏	2026-06-28	# SIP plane (no glyph)
bo	𩍿	2026-06-28	# SIP plane (no glyph)
bo	𩏯	2026-06-28	# SIP plane (no glyph)
bo	𩓐	2026-06-28	# SIP plane (no glyph)
bo	𩗀	2026-06-28	# SIP plane (no glyph)
bo	𩗒	2026-06-28	# SIP plane (no glyph)
bo	𩗓	2026-06-28	# SIP plane (no glyph)
bo	𩙦	2026-06-28	# SIP plane (no glyph)
bo	𩜥	2026-06-28	# SIP plane (no glyph)
bo	𩟕	2026-06-28	# SIP plane (no glyph)
bo	𩣡	2026-06-28	# SIP plane (no glyph)
bo	𩧯	2026-06-28	# SIP plane (no glyph)
bo	𩬸	2026-06-28	# SIP plane (no glyph)
bo	𩯌	2026-06-28	# SIP plane (no glyph)
bo	𩱚	2026-06-28	# SIP plane (no glyph)
bo	𩷚	2026-06-28	# SIP plane (no glyph)
bo	𩽛	2026-06-28	# SIP plane (no glyph)
bo	𪌰	2026-06-28	# SIP plane (no glyph)
bo	𪍡	2026-06-28	# SIP plane (no glyph)
bo	𪓜	2026-06-28	# SIP plane (no glyph)
bo	𪙍	2026-06-28	# SIP plane (no glyph)
bo	𪚷	2026-06-28	# SIP plane (no glyph)
bo	𫏆	2026-06-28	# SIP plane (no glyph)
bo	𫗈	2026-06-28	# SIP plane (no glyph)
bo	𬭛	2026-06-28	# SIP plane (no glyph)
bo	𬮁	2026-06-28	# SIP plane (no glyph)
bo	𬹇	2026-06-28	# SIP plane (no glyph)
bo	𬺏	2026-06-28	# SIP plane (no glyph)
bo	𮷊	2026-06-28	# SIP plane (no glyph)
bo	𰾀	2026-06-28	# SIP plane (no glyph)
bo	𱃳	2026-06-28	# SIP plane (no glyph)
bo	𱅐	2026-06-28	# SIP plane (no glyph)
bo	𱅓	2026-06-28	# SIP plane (no glyph)
bo	𱇣	2026-06-28	# SIP plane (no glyph)
bong	𱿅	2026-06-28	# SIP plane (no glyph)
bu	𠘁	2026-06-28	# SIP plane (no glyph)
bu	𠚉	2026-06-28	# SIP plane (no glyph)
bu	𠜙	2026-06-28	# SIP plane (no glyph)
bu	𡡐	2026-06-28	# SIP plane (no glyph)
bu	𢁻	2026-06-28	# SIP plane (no glyph)
bu	𢇴	2026-06-28	# SIP plane (no glyph)
bu	𣱶	2026-06-28	# SIP plane (no glyph)
bu	𤚵	2026-06-28	# SIP plane (no glyph)
bu	𤣰	2026-06-28	# SIP plane (no glyph)
bu	𤸵	2026-06-28	# SIP plane (no glyph)
bu	𥃨	2026-06-28	# SIP plane (no glyph)
bu	𥑢	2026-06-28	# SIP plane (no glyph)
bu	𥣌	2026-06-28	# SIP plane (no glyph)
bu	𥪀	2026-06-28	# SIP plane (no glyph)
bu	𥳖	2026-06-28	# SIP plane (no glyph)
bu	𥹴	2026-06-28	# SIP plane (no glyph)
bu	𥻞	2026-06-28	# SIP plane (no glyph)
bu	𧉩	2026-06-28	# SIP plane (no glyph)
bu	𧻷	2026-06-28	# SIP plane (no glyph)
bu	𨋞	2026-06-28	# SIP plane (no glyph)
bu	𨛒	2026-06-28	# SIP plane (no glyph)
bu	𨴪	2026-06-28	# SIP plane (no glyph)
bu	𩅇	2026-06-28	# SIP plane (no glyph)
bu	𩊬	2026-06-28	# SIP plane (no glyph)
bu	𩊶	2026-06-28	# SIP plane (no glyph)
bu	𩏮	2026-06-28	# SIP plane (no glyph)
bu	𩏵	2026-06-28	# SIP plane (no glyph)
bu	𩢕	2026-06-28	# SIP plane (no glyph)
bu	𩣝	2026-06-28	# SIP plane (no glyph)
bu	𩯏	2026-06-28	# SIP plane (no glyph)
bu	𩶉	2026-06-28	# SIP plane (no glyph)
bu	𩷖	2026-06-28	# SIP plane (no glyph)
bu	𩺼	2026-06-28	# SIP plane (no glyph)
bu	𩻗	2026-06-28	# SIP plane (no glyph)
bu	𪇰	2026-06-28	# SIP plane (no glyph)
bu	𫐗	2026-06-28	# SIP plane (no glyph)
bu	𫗦	2026-06-28	# SIP plane (no glyph)
bu	𫚨	2026-06-28	# SIP plane (no glyph)
bu	𬷕	2026-06-28	# SIP plane (no glyph)
bu	𰵩	2026-06-28	# SIP plane (no glyph)
bu	𱃾	2026-06-28	# SIP plane (no glyph)
bu	𱊲	2026-06-28	# SIP plane (no glyph)
bu	𱋝	2026-06-28	# SIP plane (no glyph)
ca	𤄖	2026-06-28	# SIP plane (no glyph)
ca	𥗭	2026-06-28	# SIP plane (no glyph)
ca	𥩝	2026-06-28	# SIP plane (no glyph)
ca	𨆾	2026-06-28	# SIP plane (no glyph)
ca	𨺭	2026-06-28	# SIP plane (no glyph)
ca	𪊗	2026-06-28	# SIP plane (no glyph)
cai	𡣮	2026-06-28	# SIP plane (no glyph)
cai	𢎂	2026-06-28	# SIP plane (no glyph)
cai	𤁱	2026-06-28	# SIP plane (no glyph)
cai	𤚀	2026-06-28	# SIP plane (no glyph)
cai	𤝭	2026-06-28	# SIP plane (no glyph)
cai	𤟖	2026-06-28	# SIP plane (no glyph)
cai	𤷕	2026-06-28	# SIP plane (no glyph)
cai	𦬁	2026-06-28	# SIP plane (no glyph)
cai	𧀊	2026-06-28	# SIP plane (no glyph)
cai	𧵤	2026-06-28	# SIP plane (no glyph)
cai	𨙴	2026-06-28	# SIP plane (no glyph)
cai	𨯓	2026-06-28	# SIP plane (no glyph)
cai	𩁞	2026-06-28	# SIP plane (no glyph)
cai	𩧇	2026-06-28	# SIP plane (no glyph)
cai	𪇭	2026-06-28	# SIP plane (no glyph)
cai	𬹅	2026-06-28	# SIP plane (no glyph)
cai	𮉯	2026-06-28	# SIP plane (no glyph)
can	𠠋	2026-06-28	# SIP plane (no glyph)
can	𠡡	2026-06-28	# SIP plane (no glyph)
can	𠫭	2026-06-28	# SIP plane (no glyph)
can	𡆮	2026-06-28	# SIP plane (no glyph)
can	𡛝	2026-06-28	# SIP plane (no glyph)
can	𡞋	2026-06-28	# SIP plane (no glyph)
can	𢦸	2026-06-28	# SIP plane (no glyph)
can	𢧮	2026-06-28	# SIP plane (no glyph)
can	𢾃	2026-06-28	# SIP plane (no glyph)
can	𣦼	2026-06-28	# SIP plane (no glyph)
can	𣶡	2026-06-28	# SIP plane (no glyph)
can	𣻬	2026-06-28	# SIP plane (no glyph)
can	𤅒	2026-06-28	# SIP plane (no glyph)
can	𥂥	2026-06-28	# SIP plane (no glyph)
can	𥠩	2026-06-28	# SIP plane (no glyph)
can	𥢽	2026-06-28	# SIP plane (no glyph)
can	𥮾	2026-06-28	# SIP plane (no glyph)
can	𥹛	2026-06-28	# SIP plane (no glyph)
can	𦪜	2026-06-28	# SIP plane (no glyph)
can	𦪫	2026-06-28	# SIP plane (no glyph)
can	𦺐	2026-06-28	# SIP plane (no glyph)
can	𧅀	2026-06-28	# SIP plane (no glyph)
can	𧓩	2026-06-28	# SIP plane (no glyph)
can	𨅔	2026-06-28	# SIP plane (no glyph)
can	𨞷	2026-06-28	# SIP plane (no glyph)
can	𨲱	2026-06-28	# SIP plane (no glyph)
can	𩀧	2026-06-28	# SIP plane (no glyph)
can	𩈻	2026-06-28	# SIP plane (no glyph)
can	𩈼	2026-06-28	# SIP plane (no glyph)
can	𩝖	2026-06-28	# SIP plane (no glyph)
can	𩟒	2026-06-28	# SIP plane (no glyph)
can	𩯞	2026-06-28	# SIP plane (no glyph)
can	𪆶	2026-06-28	# SIP plane (no glyph)
can	𪮃	2026-06-28	# SIP plane (no glyph)
can	𫎺	2026-06-28	# SIP plane (no glyph)
can	𫢺	2026-06-28	# SIP plane (no glyph)
can	𬢳	2026-06-28	# SIP plane (no glyph)
can	𬤄	2026-06-28	# SIP plane (no glyph)
can	𮬞	2026-06-28	# SIP plane (no glyph)
can	𰑧	2026-06-28	# SIP plane (no glyph)
cang	𠥐	2026-06-28	# SIP plane (no glyph)
cang	𡽴	2026-06-28	# SIP plane (no glyph)
cang	𡾻	2026-06-28	# SIP plane (no glyph)
cang	𡿄	2026-06-28	# SIP plane (no glyph)
cang	𤚬	2026-06-28	# SIP plane (no glyph)
cang	𦾝	2026-06-28	# SIP plane (no glyph)
cang	𨤃	2026-06-28	# SIP plane (no glyph)
cang	𩀞	2026-06-28	# SIP plane (no glyph)
cang	𩕹	2026-06-28	# SIP plane (no glyph)
cang	𩝞	2026-06-28	# SIP plane (no glyph)
cang	𪺷	2026-06-28	# SIP plane (no glyph)
cang	𰃷	2026-06-28	# SIP plane (no glyph)
cang	𱮷	2026-06-28	# SIP plane (no glyph)
cao	𠀊	2026-06-28	# SIP plane (no glyph)
cao	𠹊	2026-06-28	# SIP plane (no glyph)
cao	𡮦	2026-06-28	# SIP plane (no glyph)
cao	𣈅	2026-06-28	# SIP plane (no glyph)
cao	𣉿	2026-06-28	# SIP plane (no glyph)
cao	𤒕	2026-06-28	# SIP plane (no glyph)
cao	𤡐	2026-06-28	# SIP plane (no glyph)
cao	𤵥	2026-06-28	# SIP plane (no glyph)
cao	𥕢	2026-06-28	# SIP plane (no glyph)
cao	𥲍	2026-06-28	# SIP plane (no glyph)
cao	𦋿	2026-06-28	# SIP plane (no glyph)
cao	𨎝	2026-06-28	# SIP plane (no glyph)
cao	𩞄	2026-06-28	# SIP plane (no glyph)
cao	𩠎	2026-06-28	# SIP plane (no glyph)
cao	𩫥	2026-06-28	# SIP plane (no glyph)
cao	𮪤	2026-06-28	# SIP plane (no glyph)
ce	𡍫	2026-06-28	# SIP plane (no glyph)
ce	𢿸	2026-06-28	# SIP plane (no glyph)
ce	𣌧	2026-06-28	# SIP plane (no glyph)
ce	𥠉	2026-06-28	# SIP plane (no glyph)
ce	𥬰	2026-06-28	# SIP plane (no glyph)
ce	𥰡	2026-06-28	# SIP plane (no glyph)
ce	𥳯	2026-06-28	# SIP plane (no glyph)
ce	𦔎	2026-06-28	# SIP plane (no glyph)
ce	𦣧	2026-06-28	# SIP plane (no glyph)
ce	𦵪	2026-06-28	# SIP plane (no glyph)
ce	𧵡	2026-06-28	# SIP plane (no glyph)
ce	𨶨	2026-06-28	# SIP plane (no glyph)
ce	𩒄	2026-06-28	# SIP plane (no glyph)
ce	𫭮	2026-06-28	# SIP plane (no glyph)
ce	𱲆	2026-06-28	# SIP plane (no glyph)
cei	𤭢	2026-06-28	# SIP plane (no glyph)
cen	𣡎	2026-06-28	# SIP plane (no glyph)
cen	𦊃	2026-06-28	# SIP plane (no glyph)
cen	𨁊	2026-06-28	# SIP plane (no glyph)
cen	𨥣	2026-06-28	# SIP plane (no glyph)
cen	𨱼	2026-06-28	# SIP plane (no glyph)
cen	𩅨	2026-06-28	# SIP plane (no glyph)
cen	𩅮	2026-06-28	# SIP plane (no glyph)
cen	𩻛	2026-06-28	# SIP plane (no glyph)
cen	𬱣	2026-06-28	# SIP plane (no glyph)
cen	𱈔	2026-06-28	# SIP plane (no glyph)
ceng	𠟂	2026-06-28	# SIP plane (no glyph)
ceng	𡃆	2026-06-28	# SIP plane (no glyph)
ceng	𡪠	2026-06-28	# SIP plane (no glyph)
ceng	𡾓	2026-06-28	# SIP plane (no glyph)
ceng	𢅋	2026-06-28	# SIP plane (no glyph)
ceng	𤛢	2026-06-28	# SIP plane (no glyph)
ceng	𦠇	2026-06-28	# SIP plane (no glyph)
ceng	𧲅	2026-06-28	# SIP plane (no glyph)
ceng	𫘯	2026-06-28	# SIP plane (no glyph)
cha	𠝞	2026-06-28	# SIP plane (no glyph)
cha	𠞊	2026-06-28	# SIP plane (no glyph)
cha	𠽹	2026-06-28	# SIP plane (no glyph)
cha	𡋨	2026-06-28	# SIP plane (no glyph)
cha	𡌚	2026-06-28	# SIP plane (no glyph)
cha	𡝐	2026-06-28	# SIP plane (no glyph)
cha	𡝙	2026-06-28	# SIP plane (no glyph)
cha	𡨀	2026-06-28	# SIP plane (no glyph)
cha	𡵌	2026-06-28	# SIP plane (no glyph)
cha	𢔣	2026-06-28	# SIP plane (no glyph)
cha	𢘹	2026-06-28	# SIP plane (no glyph)
cha	𢣼	2026-06-28	# SIP plane (no glyph)
cha	𢭅	2026-06-28	# SIP plane (no glyph)
cha	𣆗	2026-06-28	# SIP plane (no glyph)
cha	𣍏	2026-06-28	# SIP plane (no glyph)
cha	𣘤	2026-06-28	# SIP plane (no glyph)
cha	𣘻	2026-06-28	# SIP plane (no glyph)
cha	𣱱	2026-06-28	# SIP plane (no glyph)
cha	𤜫	2026-06-28	# SIP plane (no glyph)
cha	𤜯	2026-06-28	# SIP plane (no glyph)
cha	𤞠	2026-06-28	# SIP plane (no glyph)
cha	𤳅	2026-06-28	# SIP plane (no glyph)
cha	𤳵	2026-06-28	# SIP plane (no glyph)
cha	𤵾	2026-06-28	# SIP plane (no glyph)
cha	𤶠	2026-06-28	# SIP plane (no glyph)
cha	𥃀	2026-06-28	# SIP plane (no glyph)
cha	𥌀	2026-06-28	# SIP plane (no glyph)
cha	𥑥	2026-06-28	# SIP plane (no glyph)
cha	𥥸	2026-06-28	# SIP plane (no glyph)
cha	𥫢	2026-06-28	# SIP plane (no glyph)
cha	𥻗	2026-06-28	# SIP plane (no glyph)
cha	𦉆	2026-06-28	# SIP plane (no glyph)
cha	𦑈	2026-06-28	# SIP plane (no glyph)
cha	𦑣	2026-06-28	# SIP plane (no glyph)
cha	𦛝	2026-06-28	# SIP plane (no glyph)
cha	𦝥	2026-06-28	# SIP plane (no glyph)
cha	𦦘	2026-06-28	# SIP plane (no glyph)
cha	𦦜	2026-06-28	# SIP plane (no glyph)
cha	𦦱	2026-06-28	# SIP plane (no glyph)
cha	𦳘	2026-06-28	# SIP plane (no glyph)
cha	𧠈	2026-06-28	# SIP plane (no glyph)
cha	𧫗	2026-06-28	# SIP plane (no glyph)
cha	𧶵	2026-06-28	# SIP plane (no glyph)
cha	𨀸	2026-06-28	# SIP plane (no glyph)
cha	𨃓	2026-06-28	# SIP plane (no glyph)
cha	𨆇	2026-06-28	# SIP plane (no glyph)
cha	𨙳	2026-06-28	# SIP plane (no glyph)
cha	𨩨	2026-06-28	# SIP plane (no glyph)
cha	𨪺	2026-06-28	# SIP plane (no glyph)
cha	𨼑	2026-06-28	# SIP plane (no glyph)
cha	𩝟	2026-06-28	# SIP plane (no glyph)
cha	𩟔	2026-06-28	# SIP plane (no glyph)
cha	𩴳	2026-06-28	# SIP plane (no glyph)
cha	𪑂	2026-06-28	# SIP plane (no glyph)
cha	𪑨	2026-06-28	# SIP plane (no glyph)
cha	𪒼	2026-06-28	# SIP plane (no glyph)
cha	𪘾	2026-06-28	# SIP plane (no glyph)
cha	𫟿	2026-06-28	# SIP plane (no glyph)
cha	𬤌	2026-06-28	# SIP plane (no glyph)
cha	𬭈	2026-06-28	# SIP plane (no glyph)
cha	𬭠	2026-06-28	# SIP plane (no glyph)
cha	𬺕	2026-06-28	# SIP plane (no glyph)
cha	𮵿	2026-06-28	# SIP plane (no glyph)
chai	𡟭	2026-06-28	# SIP plane (no glyph)
chai	𡺵	2026-06-28	# SIP plane (no glyph)
chai	𢹓	2026-06-28	# SIP plane (no glyph)
chai	𤞗	2026-06-28	# SIP plane (no glyph)
chai	𤠌	2026-06-28	# SIP plane (no glyph)
chai	𥐟	2026-06-28	# SIP plane (no glyph)
chai	𦐰	2026-06-28	# SIP plane (no glyph)
chai	𦑏	2026-06-28	# SIP plane (no glyph)
chai	𧀱	2026-06-28	# SIP plane (no glyph)
chai	𧒨	2026-06-28	# SIP plane (no glyph)
chai	𧔴	2026-06-28	# SIP plane (no glyph)
chai	𧕧	2026-06-28	# SIP plane (no glyph)
chai	𧪘	2026-06-28	# SIP plane (no glyph)
chai	𧸿	2026-06-28	# SIP plane (no glyph)
chai	𨌅	2026-06-28	# SIP plane (no glyph)
chai	𩑐	2026-06-28	# SIP plane (no glyph)
chai	𲊹	2026-06-28	# SIP plane (no glyph)
chan	𠁷	2026-06-28	# SIP plane (no glyph)
chan	𠋷	2026-06-28	# SIP plane (no glyph)
chan	𠐩	2026-06-28	# SIP plane (no glyph)
chan	𠑆	2026-06-28	# SIP plane (no glyph)
chan	𠑑	2026-06-28	# SIP plane (no glyph)
chan	𠑡	2026-06-28	# SIP plane (no glyph)
chan	𠣄	2026-06-28	# SIP plane (no glyph)
chan	𠹖	2026-06-28	# SIP plane (no glyph)
chan	𡍌	2026-06-28	# SIP plane (no glyph)
chan	𡎻	2026-06-28	# SIP plane (no glyph)
chan	𡖞	2026-06-28	# SIP plane (no glyph)
chan	𡖤	2026-06-28	# SIP plane (no glyph)
chan	𡝫	2026-06-28	# SIP plane (no glyph)
chan	𡮿	2026-06-28	# SIP plane (no glyph)
chan	𡶴	2026-06-28	# SIP plane (no glyph)
chan	𢁧	2026-06-28	# SIP plane (no glyph)
chan	𢌚	2026-06-28	# SIP plane (no glyph)
chan	𢥋	2026-06-28	# SIP plane (no glyph)
chan	𢱟	2026-06-28	# SIP plane (no glyph)
chan	𢷹	2026-06-28	# SIP plane (no glyph)
chan	𢺟	2026-06-28	# SIP plane (no glyph)
chan	𢽝	2026-06-28	# SIP plane (no glyph)
chan	𣃘	2026-06-28	# SIP plane (no glyph)
chan	𣔵	2026-06-28	# SIP plane (no glyph)
chan	𣤱	2026-06-28	# SIP plane (no glyph)
chan	𤗻	2026-06-28	# SIP plane (no glyph)
chan	𤚍	2026-06-28	# SIP plane (no glyph)
chan	𤪮	2026-06-28	# SIP plane (no glyph)
chan	𤮭	2026-06-28	# SIP plane (no glyph)
chan	𤯥	2026-06-28	# SIP plane (no glyph)
chan	𤴿	2026-06-28	# SIP plane (no glyph)
chan	𤸦	2026-06-28	# SIP plane (no glyph)
chan	𤼋	2026-06-28	# SIP plane (no glyph)
chan	𥊓	2026-06-28	# SIP plane (no glyph)
chan	𥭔	2026-06-28	# SIP plane (no glyph)
chan	𦆀	2026-06-28	# SIP plane (no glyph)
chan	𦈎	2026-06-28	# SIP plane (no glyph)
chan	𦝟	2026-06-28	# SIP plane (no glyph)
chan	𦢙	2026-06-28	# SIP plane (no glyph)
chan	𦸰	2026-06-28	# SIP plane (no glyph)
chan	𧈪	2026-06-28	# SIP plane (no glyph)
chan	𧐲	2026-06-28	# SIP plane (no glyph)
chan	𧓋	2026-06-28	# SIP plane (no glyph)
chan	𧕃	2026-06-28	# SIP plane (no glyph)
chan	𧠛	2026-06-28	# SIP plane (no glyph)
chan	𧥓	2026-06-28	# SIP plane (no glyph)
chan	𧨗	2026-06-28	# SIP plane (no glyph)
chan	𧬦	2026-06-28	# SIP plane (no glyph)
chan	𧴃	2026-06-28	# SIP plane (no glyph)
chan	𧾡	2026-06-28	# SIP plane (no glyph)
chan	𨄉	2026-06-28	# SIP plane (no glyph)
chan	𨇝	2026-06-28	# SIP plane (no glyph)
chan	𨇦	2026-06-28	# SIP plane (no glyph)
chan	𨊝	2026-06-28	# SIP plane (no glyph)
chan	𨔢	2026-06-28	# SIP plane (no glyph)
chan	𨩪	2026-06-28	# SIP plane (no glyph)
chan	𨪑	2026-06-28	# SIP plane (no glyph)
chan	𨬖	2026-06-28	# SIP plane (no glyph)
chan	𨮻	2026-06-28	# SIP plane (no glyph)
chan	𨲵	2026-06-28	# SIP plane (no glyph)
chan	𨳂	2026-06-28	# SIP plane (no glyph)
chan	𨵍	2026-06-28	# SIP plane (no glyph)
chan	𨷭	2026-06-28	# SIP plane (no glyph)
chan	𨼒	2026-06-28	# SIP plane (no glyph)
chan	𨽊	2026-06-28	# SIP plane (no glyph)
chan	𩖌	2026-06-28	# SIP plane (no glyph)
chan	𩝚	2026-06-28	# SIP plane (no glyph)
chan	𩟶	2026-06-28	# SIP plane (no glyph)
chan	𩥮	2026-06-28	# SIP plane (no glyph)
chan	𩮏	2026-06-28	# SIP plane (no glyph)
chan	𩽝	2026-06-28	# SIP plane (no glyph)
chan	𪏁	2026-06-28	# SIP plane (no glyph)
chan	𪏂	2026-06-28	# SIP plane (no glyph)
chan	𪏋	2026-06-28	# SIP plane (no glyph)
chan	𪏦	2026-06-28	# SIP plane (no glyph)
chan	𪓄	2026-06-28	# SIP plane (no glyph)
chan	𪖎	2026-06-28	# SIP plane (no glyph)
chan	𪗂	2026-06-28	# SIP plane (no glyph)
chan	𪙞	2026-06-28	# SIP plane (no glyph)
chan	𪚃	2026-06-28	# SIP plane (no glyph)
chan	𫔏	2026-06-28	# SIP plane (no glyph)
chan	𫞣	2026-06-28	# SIP plane (no glyph)
chan	𫟠	2026-06-28	# SIP plane (no glyph)
chan	𬊤	2026-06-28	# SIP plane (no glyph)
chan	𬡻	2026-06-28	# SIP plane (no glyph)
chan	𬤛	2026-06-28	# SIP plane (no glyph)
chan	𬰷	2026-06-28	# SIP plane (no glyph)
chan	𬳲	2026-06-28	# SIP plane (no glyph)
chan	𬺅	2026-06-28	# SIP plane (no glyph)
chan	𮣴	2026-06-28	# SIP plane (no glyph)
chan	𮸊	2026-06-28	# SIP plane (no glyph)
chan	𰓼	2026-06-28	# SIP plane (no glyph)
chan	𰗡	2026-06-28	# SIP plane (no glyph)
chan	𰡔	2026-06-28	# SIP plane (no glyph)
chan	𰵭	2026-06-28	# SIP plane (no glyph)
chan	𰸎	2026-06-28	# SIP plane (no glyph)
chan	𱋴	2026-06-28	# SIP plane (no glyph)
chan	𱐙	2026-06-28	# SIP plane (no glyph)
chan	𱟫	2026-06-28	# SIP plane (no glyph)
chang	𠙁	2026-06-28	# SIP plane (no glyph)
chang	𠚊	2026-06-28	# SIP plane (no glyph)
chang	𡭿	2026-06-28	# SIP plane (no glyph)
chang	𢁝	2026-06-28	# SIP plane (no glyph)
chang	𢗺	2026-06-28	# SIP plane (no glyph)
chang	𢢌	2026-06-28	# SIP plane (no glyph)
chang	𤢄	2026-06-28	# SIP plane (no glyph)
chang	𤽣	2026-06-28	# SIP plane (no glyph)
chang	𤿼	2026-06-28	# SIP plane (no glyph)
chang	𥇔	2026-06-28	# SIP plane (no glyph)
chang	𥋤	2026-06-28	# SIP plane (no glyph)
chang	𥗊	2026-06-28	# SIP plane (no glyph)
chang	𥟚	2026-06-28	# SIP plane (no glyph)
chang	𥠴	2026-06-28	# SIP plane (no glyph)
chang	𥫅	2026-06-28	# SIP plane (no glyph)
chang	𦰱	2026-06-28	# SIP plane (no glyph)
chang	𦼳	2026-06-28	# SIP plane (no glyph)
chang	𧀄	2026-06-28	# SIP plane (no glyph)
chang	𨣛	2026-06-28	# SIP plane (no glyph)
chang	𨱮	2026-06-28	# SIP plane (no glyph)
chang	𨷇	2026-06-28	# SIP plane (no glyph)
chang	𩲹	2026-06-28	# SIP plane (no glyph)
chang	𪁺	2026-06-28	# SIP plane (no glyph)
chang	𪂇	2026-06-28	# SIP plane (no glyph)
chang	𪄹	2026-06-28	# SIP plane (no glyph)
chang	𪉨	2026-06-28	# SIP plane (no glyph)
chang	𫊪	2026-06-28	# SIP plane (no glyph)
chang	𫏃	2026-06-28	# SIP plane (no glyph)
chang	𬑇	2026-06-28	# SIP plane (no glyph)
chang	𬬮	2026-06-28	# SIP plane (no glyph)
chang	𬸶	2026-06-28	# SIP plane (no glyph)
chang	𮧴	2026-06-28	# SIP plane (no glyph)
chang	𮸟	2026-06-28	# SIP plane (no glyph)
chang	𰈇	2026-06-28	# SIP plane (no glyph)
chang	𱈘	2026-06-28	# SIP plane (no glyph)
chang	𱌊	2026-06-28	# SIP plane (no glyph)
chang	𱴐	2026-06-28	# SIP plane (no glyph)
chao	𠰉	2026-06-28	# SIP plane (no glyph)
chao	𡏮	2026-06-28	# SIP plane (no glyph)
chao	𡡊	2026-06-28	# SIP plane (no glyph)
chao	𡯴	2026-06-28	# SIP plane (no glyph)
chao	𡻝	2026-06-28	# SIP plane (no glyph)
chao	𡼼	2026-06-28	# SIP plane (no glyph)
chao	𢁾	2026-06-28	# SIP plane (no glyph)
chao	𣰩	2026-06-28	# SIP plane (no glyph)
chao	𤙴	2026-06-28	# SIP plane (no glyph)
chao	𤰬	2026-06-28	# SIP plane (no glyph)
chao	𥕘	2026-06-28	# SIP plane (no glyph)
chao	𥲀	2026-06-28	# SIP plane (no glyph)
chao	𥿷	2026-06-28	# SIP plane (no glyph)
chao	𦙧	2026-06-28	# SIP plane (no glyph)
chao	𦨖	2026-06-28	# SIP plane (no glyph)
chao	𦸛	2026-06-28	# SIP plane (no glyph)
chao	𦾱	2026-06-28	# SIP plane (no glyph)
chao	𧧠	2026-06-28	# SIP plane (no glyph)
chao	𨄓	2026-06-28	# SIP plane (no glyph)
chao	𨌬	2026-06-28	# SIP plane (no glyph)
chao	𨗡	2026-06-28	# SIP plane (no glyph)
chao	𨢪	2026-06-28	# SIP plane (no glyph)
chao	𨨚	2026-06-28	# SIP plane (no glyph)
chao	𨴡	2026-06-28	# SIP plane (no glyph)
chao	𩈎	2026-06-28	# SIP plane (no glyph)
chao	𩖥	2026-06-28	# SIP plane (no glyph)
chao	𩱈	2026-06-28	# SIP plane (no glyph)
chao	𩱦	2026-06-28	# SIP plane (no glyph)
chao	𪍈	2026-06-28	# SIP plane (no glyph)
chao	𪍑	2026-06-28	# SIP plane (no glyph)
chao	𪎊	2026-06-28	# SIP plane (no glyph)
chao	𬊂	2026-06-28	# SIP plane (no glyph)
chao	𬨓	2026-06-28	# SIP plane (no glyph)
chao	𰵏	2026-06-28	# SIP plane (no glyph)
chao	𱆍	2026-06-28	# SIP plane (no glyph)
chao	𱆙	2026-06-28	# SIP plane (no glyph)
chao	𱋕	2026-06-28	# SIP plane (no glyph)
chao	𱋜	2026-06-28	# SIP plane (no glyph)
chao	𱋢	2026-06-28	# SIP plane (no glyph)
che	𡷖	2026-06-28	# SIP plane (no glyph)
che	𢇛	2026-06-28	# SIP plane (no glyph)
che	𢊏	2026-06-28	# SIP plane (no glyph)
che	𣨊	2026-06-28	# SIP plane (no glyph)
che	𤊿	2026-06-28	# SIP plane (no glyph)
che	𤕛	2026-06-28	# SIP plane (no glyph)
che	𤖷	2026-06-28	# SIP plane (no glyph)
che	𤗙	2026-06-28	# SIP plane (no glyph)
che	𤥭	2026-06-28	# SIP plane (no glyph)
che	𤹞	2026-06-28	# SIP plane (no glyph)
che	𥯥	2026-06-28	# SIP plane (no glyph)
che	𥿊	2026-06-28	# SIP plane (no glyph)
che	𦈈	2026-06-28	# SIP plane (no glyph)
che	𦓍	2026-06-28	# SIP plane (no glyph)
che	𦛖	2026-06-28	# SIP plane (no glyph)
che	𧙝	2026-06-28	# SIP plane (no glyph)
che	𧼳	2026-06-28	# SIP plane (no glyph)
che	𨀠	2026-06-28	# SIP plane (no glyph)
che	𨹡	2026-06-28	# SIP plane (no glyph)
che	𩂻	2026-06-28	# SIP plane (no glyph)
che	𩎚	2026-06-28	# SIP plane (no glyph)
che	𩒷	2026-06-28	# SIP plane (no glyph)
che	𩗙	2026-06-28	# SIP plane (no glyph)
che	𩴟	2026-06-28	# SIP plane (no glyph)
che	𪎺	2026-06-28	# SIP plane (no glyph)
che	𪠳	2026-06-28	# SIP plane (no glyph)
che	𰡰	2026-06-28	# SIP plane (no glyph)
che	𰲬	2026-06-28	# SIP plane (no glyph)
che	𱰗	2026-06-28	# SIP plane (no glyph)
chen	𠋆	2026-06-28	# SIP plane (no glyph)
chen	𢆺	2026-06-28	# SIP plane (no glyph)
chen	𢎕	2026-06-28	# SIP plane (no glyph)
chen	𣀍	2026-06-28	# SIP plane (no glyph)
chen	𣞟	2026-06-28	# SIP plane (no glyph)
chen	𤘣	2026-06-28	# SIP plane (no glyph)
chen	𤝚	2026-06-28	# SIP plane (no glyph)
chen	𤟸	2026-06-28	# SIP plane (no glyph)
chen	𤡳	2026-06-28	# SIP plane (no glyph)
chen	𤹛	2026-06-28	# SIP plane (no glyph)
chen	𥉜	2026-06-28	# SIP plane (no glyph)
chen	𥔪	2026-06-28	# SIP plane (no glyph)
chen	𥗒	2026-06-28	# SIP plane (no glyph)
chen	𥞁	2026-06-28	# SIP plane (no glyph)
chen	𥫹	2026-06-28	# SIP plane (no glyph)
chen	𦁄	2026-06-28	# SIP plane (no glyph)
chen	𦁟	2026-06-28	# SIP plane (no glyph)
chen	𧆂	2026-06-28	# SIP plane (no glyph)
chen	𧡬	2026-06-28	# SIP plane (no glyph)
chen	𧨡	2026-06-28	# SIP plane (no glyph)
chen	𧭼	2026-06-28	# SIP plane (no glyph)
chen	𧿒	2026-06-28	# SIP plane (no glyph)
chen	𨑌	2026-06-28	# SIP plane (no glyph)
chen	𨣔	2026-06-28	# SIP plane (no glyph)
chen	𨻖	2026-06-28	# SIP plane (no glyph)
chen	𨼌	2026-06-28	# SIP plane (no glyph)
chen	𨼐	2026-06-28	# SIP plane (no glyph)
chen	𨼤	2026-06-28	# SIP plane (no glyph)
chen	𩅌	2026-06-28	# SIP plane (no glyph)
chen	𩇖	2026-06-28	# SIP plane (no glyph)
chen	𪁏	2026-06-28	# SIP plane (no glyph)
chen	𫈟	2026-06-28	# SIP plane (no glyph)
chen	𫎩	2026-06-28	# SIP plane (no glyph)
chen	𫎪	2026-06-28	# SIP plane (no glyph)
chen	𫜀	2026-06-28	# SIP plane (no glyph)
chen	𫮅	2026-06-28	# SIP plane (no glyph)
chen	𬘭	2026-06-28	# SIP plane (no glyph)
chen	𬬵	2026-06-28	# SIP plane (no glyph)
chen	𮠳	2026-06-28	# SIP plane (no glyph)
chen	𮭦	2026-06-28	# SIP plane (no glyph)
chen	𰈍	2026-06-28	# SIP plane (no glyph)
chen	𰬙	2026-06-28	# SIP plane (no glyph)
chen	𰳄	2026-06-28	# SIP plane (no glyph)
chen	𰵒	2026-06-28	# SIP plane (no glyph)
chen	𰵱	2026-06-28	# SIP plane (no glyph)
chen	𰺭	2026-06-28	# SIP plane (no glyph)
chen	𰾘	2026-06-28	# SIP plane (no glyph)
cheng	𠏧	2026-06-28	# SIP plane (no glyph)
cheng	𠕠	2026-06-28	# SIP plane (no glyph)
cheng	𠳽	2026-06-28	# SIP plane (no glyph)
cheng	𡝚	2026-06-28	# SIP plane (no glyph)
cheng	𡤿	2026-06-28	# SIP plane (no glyph)
cheng	𡽊	2026-06-28	# SIP plane (no glyph)
cheng	𢐞	2026-06-28	# SIP plane (no glyph)
cheng	𢔤	2026-06-28	# SIP plane (no glyph)
cheng	𢜻	2026-06-28	# SIP plane (no glyph)
cheng	𢜼	2026-06-28	# SIP plane (no glyph)
cheng	𢟊	2026-06-28	# SIP plane (no glyph)
cheng	𢻓	2026-06-28	# SIP plane (no glyph)
cheng	𢾊	2026-06-28	# SIP plane (no glyph)
cheng	𢿦	2026-06-28	# SIP plane (no glyph)
cheng	𢿧	2026-06-28	# SIP plane (no glyph)
cheng	𣀏	2026-06-28	# SIP plane (no glyph)
cheng	𣥺	2026-06-28	# SIP plane (no glyph)
cheng	𣥻	2026-06-28	# SIP plane (no glyph)
cheng	𤆁	2026-06-28	# SIP plane (no glyph)
cheng	𤕀	2026-06-28	# SIP plane (no glyph)
cheng	𤗓	2026-06-28	# SIP plane (no glyph)
cheng	𤿣	2026-06-28	# SIP plane (no glyph)
cheng	𥢲	2026-06-28	# SIP plane (no glyph)
cheng	𥥱	2026-06-28	# SIP plane (no glyph)
cheng	𦓬	2026-06-28	# SIP plane (no glyph)
cheng	𦦢	2026-06-28	# SIP plane (no glyph)
cheng	𧡈	2026-06-28	# SIP plane (no glyph)
cheng	𧯒	2026-06-28	# SIP plane (no glyph)
cheng	𧶔	2026-06-28	# SIP plane (no glyph)
cheng	𧶸	2026-06-28	# SIP plane (no glyph)
cheng	𧷒	2026-06-28	# SIP plane (no glyph)
cheng	𧹓	2026-06-28	# SIP plane (no glyph)
cheng	𨁎	2026-06-28	# SIP plane (no glyph)
cheng	𨅝	2026-06-28	# SIP plane (no glyph)
cheng	𨌤	2026-06-28	# SIP plane (no glyph)
cheng	𨞐	2026-06-28	# SIP plane (no glyph)
cheng	𨭃	2026-06-28	# SIP plane (no glyph)
cheng	𨹚	2026-06-28	# SIP plane (no glyph)
cheng	𩁷	2026-06-28	# SIP plane (no glyph)
cheng	𩙆	2026-06-28	# SIP plane (no glyph)
cheng	𩛦	2026-06-28	# SIP plane (no glyph)
cheng	𩞦	2026-06-28	# SIP plane (no glyph)
cheng	𩠏	2026-06-28	# SIP plane (no glyph)
cheng	𩤙	2026-06-28	# SIP plane (no glyph)
cheng	𩨆	2026-06-28	# SIP plane (no glyph)
cheng	𩫹	2026-06-28	# SIP plane (no glyph)
cheng	𩯎	2026-06-28	# SIP plane (no glyph)
cheng	𪁋	2026-06-28	# SIP plane (no glyph)
cheng	𫎭	2026-06-28	# SIP plane (no glyph)
cheng	𬭷	2026-06-28	# SIP plane (no glyph)
cheng	𬲜	2026-06-28	# SIP plane (no glyph)
cheng	𰓄	2026-06-28	# SIP plane (no glyph)
cheng	𰩓	2026-06-28	# SIP plane (no glyph)
cheng	𰬖	2026-06-28	# SIP plane (no glyph)
cheng	𱅢	2026-06-28	# SIP plane (no glyph)
cheng	𱖷	2026-06-28	# SIP plane (no glyph)
cheng	𱴇	2026-06-28	# SIP plane (no glyph)
chi	𠛔	2026-06-28	# SIP plane (no glyph)
chi	𠝨	2026-06-28	# SIP plane (no glyph)
chi	𠞩	2026-06-28	# SIP plane (no glyph)
chi	𠡠	2026-06-28	# SIP plane (no glyph)
chi	𠧚	2026-06-28	# SIP plane (no glyph)
chi	𠧵	2026-06-28	# SIP plane (no glyph)
chi	𠭋	2026-06-28	# SIP plane (no glyph)
chi	𠮟	2026-06-28	# SIP plane (no glyph)
chi	𠻟	2026-06-28	# SIP plane (no glyph)
chi	𡂙	2026-06-28	# SIP plane (no glyph)
chi	𡉪	2026-06-28	# SIP plane (no glyph)
chi	𡌞	2026-06-28	# SIP plane (no glyph)
chi	𡎍	2026-06-28	# SIP plane (no glyph)
chi	𡖳	2026-06-28	# SIP plane (no glyph)
chi	𡚨	2026-06-28	# SIP plane (no glyph)
chi	𡣀	2026-06-28	# SIP plane (no glyph)
chi	𡳭	2026-06-28	# SIP plane (no glyph)
chi	𡼁	2026-06-28	# SIP plane (no glyph)
chi	𢂝	2026-06-28	# SIP plane (no glyph)
chi	𢇕	2026-06-28	# SIP plane (no glyph)
chi	𢓎	2026-06-28	# SIP plane (no glyph)
chi	𢔊	2026-06-28	# SIP plane (no glyph)
chi	𢜳	2026-06-28	# SIP plane (no glyph)
chi	𢨒	2026-06-28	# SIP plane (no glyph)
chi	𣉄	2026-06-28	# SIP plane (no glyph)
chi	𣐃	2026-06-28	# SIP plane (no glyph)
chi	𣙰	2026-06-28	# SIP plane (no glyph)
chi	𣚩	2026-06-28	# SIP plane (no glyph)
chi	𣣷	2026-06-28	# SIP plane (no glyph)
chi	𣤩	2026-06-28	# SIP plane (no glyph)
chi	𣲋	2026-06-28	# SIP plane (no glyph)
chi	𣹡	2026-06-28	# SIP plane (no glyph)
chi	𤆍	2026-06-28	# SIP plane (no glyph)
chi	𤈔	2026-06-28	# SIP plane (no glyph)
chi	𤟆	2026-06-28	# SIP plane (no glyph)
chi	𤡏	2026-06-28	# SIP plane (no glyph)
chi	𤡢	2026-06-28	# SIP plane (no glyph)
chi	𤰠	2026-06-28	# SIP plane (no glyph)
chi	𤵬	2026-06-28	# SIP plane (no glyph)
chi	𤸪	2026-06-28	# SIP plane (no glyph)
chi	𥄇	2026-06-28	# SIP plane (no glyph)
chi	𥚚	2026-06-28	# SIP plane (no glyph)
chi	𥛚	2026-06-28	# SIP plane (no glyph)
chi	𥭘	2026-06-28	# SIP plane (no glyph)
chi	𥱻	2026-06-28	# SIP plane (no glyph)
chi	𦂋	2026-06-28	# SIP plane (no glyph)
chi	𦆤	2026-06-28	# SIP plane (no glyph)
chi	𦎚	2026-06-28	# SIP plane (no glyph)
chi	𦏿	2026-06-28	# SIP plane (no glyph)
chi	𦐁	2026-06-28	# SIP plane (no glyph)
chi	𦐉	2026-06-28	# SIP plane (no glyph)
chi	𦑡	2026-06-28	# SIP plane (no glyph)
chi	𦔫	2026-06-28	# SIP plane (no glyph)
chi	𦘪	2026-06-28	# SIP plane (no glyph)
chi	𦙆	2026-06-28	# SIP plane (no glyph)
chi	𦞲	2026-06-28	# SIP plane (no glyph)
chi	𦤸	2026-06-28	# SIP plane (no glyph)
chi	𦥊	2026-06-28	# SIP plane (no glyph)
chi	𦱰	2026-06-28	# SIP plane (no glyph)
chi	𦳚	2026-06-28	# SIP plane (no glyph)
chi	𦵟	2026-06-28	# SIP plane (no glyph)
chi	𧀤	2026-06-28	# SIP plane (no glyph)
chi	𧉀	2026-06-28	# SIP plane (no glyph)
chi	𧋗	2026-06-28	# SIP plane (no glyph)
chi	𧎨	2026-06-28	# SIP plane (no glyph)
chi	𧛧	2026-06-28	# SIP plane (no glyph)
chi	𧛺	2026-06-28	# SIP plane (no glyph)
chi	𧤍	2026-06-28	# SIP plane (no glyph)
chi	𧩚	2026-06-28	# SIP plane (no glyph)
chi	𧩴	2026-06-28	# SIP plane (no glyph)
chi	𧩼	2026-06-28	# SIP plane (no glyph)
chi	𧪡	2026-06-28	# SIP plane (no glyph)
chi	𧭟	2026-06-28	# SIP plane (no glyph)
chi	𧰲	2026-06-28	# SIP plane (no glyph)
chi	𧴁	2026-06-28	# SIP plane (no glyph)
chi	𧺏	2026-06-28	# SIP plane (no glyph)
chi	𧺠	2026-06-28	# SIP plane (no glyph)
chi	𧺧	2026-06-28	# SIP plane (no glyph)
chi	𧺿	2026-06-28	# SIP plane (no glyph)
chi	𧼪	2026-06-28	# SIP plane (no glyph)
chi	𨂰	2026-06-28	# SIP plane (no glyph)
chi	𨑠	2026-06-28	# SIP plane (no glyph)
chi	𨒬	2026-06-28	# SIP plane (no glyph)
chi	𨔤	2026-06-28	# SIP plane (no glyph)
chi	𨖎	2026-06-28	# SIP plane (no glyph)
chi	𨘾	2026-06-28	# SIP plane (no glyph)
chi	𨧳	2026-06-28	# SIP plane (no glyph)
chi	𨨬	2026-06-28	# SIP plane (no glyph)
chi	𨨲	2026-06-28	# SIP plane (no glyph)
chi	𨾛	2026-06-28	# SIP plane (no glyph)
chi	𩒐	2026-06-28	# SIP plane (no glyph)
chi	𩚉	2026-06-28	# SIP plane (no glyph)
chi	𩤖	2026-06-28	# SIP plane (no glyph)
chi	𩥲	2026-06-28	# SIP plane (no glyph)
chi	𩳲	2026-06-28	# SIP plane (no glyph)
chi	𩶅	2026-06-28	# SIP plane (no glyph)
chi	𩷧	2026-06-28	# SIP plane (no glyph)
chi	𩾕	2026-06-28	# SIP plane (no glyph)
chi	𩿪	2026-06-28	# SIP plane (no glyph)
chi	𪀦	2026-06-28	# SIP plane (no glyph)
chi	𪅍	2026-06-28	# SIP plane (no glyph)
chi	𪅙	2026-06-28	# SIP plane (no glyph)
chi	𪆵	2026-06-28	# SIP plane (no glyph)
chi	𪉄	2026-06-28	# SIP plane (no glyph)
chi	𪉅	2026-06-28	# SIP plane (no glyph)
chi	𪉗	2026-06-28	# SIP plane (no glyph)
chi	𪌫	2026-06-28	# SIP plane (no glyph)
chi	𪌹	2026-06-28	# SIP plane (no glyph)
chi	𪏐	2026-06-28	# SIP plane (no glyph)
chi	𫄨	2026-06-28	# SIP plane (no glyph)
chi	𫍧	2026-06-28	# SIP plane (no glyph)
chi	𫛶	2026-06-28	# SIP plane (no glyph)
chi	𬤓	2026-06-28	# SIP plane (no glyph)
chi	𬤘	2026-06-28	# SIP plane (no glyph)
chi	𬳾	2026-06-28	# SIP plane (no glyph)
chi	𬴇	2026-06-28	# SIP plane (no glyph)
chi	𬸈	2026-06-28	# SIP plane (no glyph)
chi	𰒒	2026-06-28	# SIP plane (no glyph)
chi	𰶈	2026-06-28	# SIP plane (no glyph)
chi	𰷢	2026-06-28	# SIP plane (no glyph)
chi	𰸛	2026-06-28	# SIP plane (no glyph)
chi	𰽹	2026-06-28	# SIP plane (no glyph)
chi	𱌯	2026-06-28	# SIP plane (no glyph)
chi	𲎅	2026-06-28	# SIP plane (no glyph)
chong	𠑙	2026-06-28	# SIP plane (no glyph)
chong	𠖥	2026-06-28	# SIP plane (no glyph)
chong	𠝤	2026-06-28	# SIP plane (no glyph)
chong	𠟍	2026-06-28	# SIP plane (no glyph)
chong	𡿂	2026-06-28	# SIP plane (no glyph)
chong	𢖄	2026-06-28	# SIP plane (no glyph)
chong	𢛒	2026-06-28	# SIP plane (no glyph)
chong	𢝈	2026-06-28	# SIP plane (no glyph)
chong	𢡹	2026-06-28	# SIP plane (no glyph)
chong	𢥞	2026-06-28	# SIP plane (no glyph)
chong	𣐯	2026-06-28	# SIP plane (no glyph)
chong	𣑁	2026-06-28	# SIP plane (no glyph)
chong	𥁵	2026-06-28	# SIP plane (no glyph)
chong	𥅻	2026-06-28	# SIP plane (no glyph)
chong	𥫯	2026-06-28	# SIP plane (no glyph)
chong	𥬱	2026-06-28	# SIP plane (no glyph)
chong	𥭥	2026-06-28	# SIP plane (no glyph)
chong	𦑝	2026-06-28	# SIP plane (no glyph)
chong	𦟛	2026-06-28	# SIP plane (no glyph)
chong	𧐍	2026-06-28	# SIP plane (no glyph)
chong	𧘂	2026-06-28	# SIP plane (no glyph)
chong	𧝎	2026-06-28	# SIP plane (no glyph)
chong	𧩃	2026-06-28	# SIP plane (no glyph)
chong	𧼙	2026-06-28	# SIP plane (no glyph)
chong	𧼩	2026-06-28	# SIP plane (no glyph)
chong	𨈮	2026-06-28	# SIP plane (no glyph)
chong	𨖼	2026-06-28	# SIP plane (no glyph)
chong	𨛱	2026-06-28	# SIP plane (no glyph)
chong	𨤩	2026-06-28	# SIP plane (no glyph)
chong	𨳁	2026-06-28	# SIP plane (no glyph)
chong	𨿿	2026-06-28	# SIP plane (no glyph)
chong	𩌨	2026-06-28	# SIP plane (no glyph)
chong	𩒘	2026-06-28	# SIP plane (no glyph)
chong	𩜖	2026-06-28	# SIP plane (no glyph)
chong	𩞉	2026-06-28	# SIP plane (no glyph)
chong	𩞋	2026-06-28	# SIP plane (no glyph)
chong	𩥫	2026-06-28	# SIP plane (no glyph)
chong	𩩳	2026-06-28	# SIP plane (no glyph)
chong	𩬤	2026-06-28	# SIP plane (no glyph)
chong	𩰀	2026-06-28	# SIP plane (no glyph)
chong	𪄻	2026-06-28	# SIP plane (no glyph)
chong	𪅈	2026-06-28	# SIP plane (no glyph)
chong	𪅖	2026-06-28	# SIP plane (no glyph)
chong	𪎽	2026-06-28	# SIP plane (no glyph)
chong	𪒒	2026-06-28	# SIP plane (no glyph)
chong	𫟆	2026-06-28	# SIP plane (no glyph)
chong	𫢹	2026-06-28	# SIP plane (no glyph)
chong	𬳐	2026-06-28	# SIP plane (no glyph)
chong	𬸥	2026-06-28	# SIP plane (no glyph)
chong	𮰄	2026-06-28	# SIP plane (no glyph)
chong	𰺝	2026-06-28	# SIP plane (no glyph)
chong	𱖧	2026-06-28	# SIP plane (no glyph)
chou	𠌪	2026-06-28	# SIP plane (no glyph)
chou	𠜋	2026-06-28	# SIP plane (no glyph)
chou	𠝽	2026-06-28	# SIP plane (no glyph)
chou	𠷎	2026-06-28	# SIP plane (no glyph)
chou	𠹝	2026-06-28	# SIP plane (no glyph)
chou	𠼡	2026-06-28	# SIP plane (no glyph)
chou	𠾉	2026-06-28	# SIP plane (no glyph)
chou	𡕐	2026-06-28	# SIP plane (no glyph)
chou	𡕪	2026-06-28	# SIP plane (no glyph)
chou	𢣊	2026-06-28	# SIP plane (no glyph)
chou	𢭆	2026-06-28	# SIP plane (no glyph)
chou	𣀓	2026-06-28	# SIP plane (no glyph)
chou	𣕾	2026-06-28	# SIP plane (no glyph)
chou	𣪐	2026-06-28	# SIP plane (no glyph)
chou	𣫐	2026-06-28	# SIP plane (no glyph)
chou	𤘶	2026-06-28	# SIP plane (no glyph)
chou	𤳝	2026-06-28	# SIP plane (no glyph)
chou	𤳠	2026-06-28	# SIP plane (no glyph)
chou	𤽯	2026-06-28	# SIP plane (no glyph)
chou	𤾊	2026-06-28	# SIP plane (no glyph)
chou	𤾦	2026-06-28	# SIP plane (no glyph)
chou	𥃧	2026-06-28	# SIP plane (no glyph)
chou	𥄨	2026-06-28	# SIP plane (no glyph)
chou	𥏈	2026-06-28	# SIP plane (no glyph)
chou	𥡀	2026-06-28	# SIP plane (no glyph)
chou	𥦅	2026-06-28	# SIP plane (no glyph)
chou	𥬠	2026-06-28	# SIP plane (no glyph)
chou	𥰞	2026-06-28	# SIP plane (no glyph)
chou	𥲅	2026-06-28	# SIP plane (no glyph)
chou	𥵬	2026-06-28	# SIP plane (no glyph)
chou	𥺣	2026-06-28	# SIP plane (no glyph)
chou	𥻤	2026-06-28	# SIP plane (no glyph)
chou	𦡴	2026-06-28	# SIP plane (no glyph)
chou	𦭸	2026-06-28	# SIP plane (no glyph)
chou	𧃝	2026-06-28	# SIP plane (no glyph)
chou	𧮻	2026-06-28	# SIP plane (no glyph)
chou	𨀔	2026-06-28	# SIP plane (no glyph)
chou	𨖬	2026-06-28	# SIP plane (no glyph)
chou	𨡑	2026-06-28	# SIP plane (no glyph)
chou	𨡲	2026-06-28	# SIP plane (no glyph)
chou	𨤷	2026-06-28	# SIP plane (no glyph)
chou	𩋄	2026-06-28	# SIP plane (no glyph)
chou	𩌄	2026-06-28	# SIP plane (no glyph)
chou	𩗡	2026-06-28	# SIP plane (no glyph)
chou	𩽀	2026-06-28	# SIP plane (no glyph)
chou	𩾂	2026-06-28	# SIP plane (no glyph)
chou	𪇘	2026-06-28	# SIP plane (no glyph)
chou	𪫷	2026-06-28	# SIP plane (no glyph)
chou	𫝩	2026-06-28	# SIP plane (no glyph)
chou	𫼝	2026-06-28	# SIP plane (no glyph)
chou	𬊍	2026-06-28	# SIP plane (no glyph)
chou	𬑍	2026-06-28	# SIP plane (no glyph)
chou	𬑡	2026-06-28	# SIP plane (no glyph)
chou	𬖖	2026-06-28	# SIP plane (no glyph)
chou	𬣱	2026-06-28	# SIP plane (no glyph)
chou	𬸍	2026-06-28	# SIP plane (no glyph)
chou	𰗙	2026-06-28	# SIP plane (no glyph)
chou	𱆛	2026-06-28	# SIP plane (no glyph)
chu	𠁉	2026-06-28	# SIP plane (no glyph)
chu	𠇘	2026-06-28	# SIP plane (no glyph)
chu	𠧖	2026-06-28	# SIP plane (no glyph)
chu	𠰕	2026-06-28	# SIP plane (no glyph)
chu	𠿝	2026-06-28	# SIP plane (no glyph)
chu	𡐌	2026-06-28	# SIP plane (no glyph)
chu	𡝈	2026-06-28	# SIP plane (no glyph)
chu	𡳑	2026-06-28	# SIP plane (no glyph)
chu	𢅥	2026-06-28	# SIP plane (no glyph)
chu	𢊍	2026-06-28	# SIP plane (no glyph)
chu	𢒔	2026-06-28	# SIP plane (no glyph)
chu	𢕓	2026-06-28	# SIP plane (no glyph)
chu	𢣿	2026-06-28	# SIP plane (no glyph)
chu	𢨫	2026-06-28	# SIP plane (no glyph)
chu	𣢶	2026-06-28	# SIP plane (no glyph)
chu	𣥹	2026-06-28	# SIP plane (no glyph)
chu	𣦠	2026-06-28	# SIP plane (no glyph)
chu	𣦡	2026-06-28	# SIP plane (no glyph)
chu	𤏱	2026-06-28	# SIP plane (no glyph)
chu	𤙟	2026-06-28	# SIP plane (no glyph)
chu	𤝞	2026-06-28	# SIP plane (no glyph)
chu	𤻇	2026-06-28	# SIP plane (no glyph)
chu	𥁯	2026-06-28	# SIP plane (no glyph)
chu	𥒭	2026-06-28	# SIP plane (no glyph)
chu	𥹵	2026-06-28	# SIP plane (no glyph)
chu	𦷝	2026-06-28	# SIP plane (no glyph)
chu	𦺵	2026-06-28	# SIP plane (no glyph)
chu	𦿀	2026-06-28	# SIP plane (no glyph)
chu	𧃏	2026-06-28	# SIP plane (no glyph)
chu	𧎷	2026-06-28	# SIP plane (no glyph)
chu	𧢶	2026-06-28	# SIP plane (no glyph)
chu	𧯩	2026-06-28	# SIP plane (no glyph)
chu	𧰫	2026-06-28	# SIP plane (no glyph)
chu	𧺶	2026-06-28	# SIP plane (no glyph)
chu	𧽧	2026-06-28	# SIP plane (no glyph)
chu	𨁿	2026-06-28	# SIP plane (no glyph)
chu	𨃕	2026-06-28	# SIP plane (no glyph)
chu	𨕢	2026-06-28	# SIP plane (no glyph)
chu	𨴰	2026-06-28	# SIP plane (no glyph)
chu	𨼪	2026-06-28	# SIP plane (no glyph)
chu	𩂫	2026-06-28	# SIP plane (no glyph)
chu	𩈤	2026-06-28	# SIP plane (no glyph)
chu	𩙙	2026-06-28	# SIP plane (no glyph)
chu	𩨸	2026-06-28	# SIP plane (no glyph)
chu	𩹱	2026-06-28	# SIP plane (no glyph)
chu	𩿿	2026-06-28	# SIP plane (no glyph)
chu	𪁲	2026-06-28	# SIP plane (no glyph)
chu	𪆷	2026-06-28	# SIP plane (no glyph)
chu	𪇆	2026-06-28	# SIP plane (no glyph)
chu	𪓐	2026-06-28	# SIP plane (no glyph)
chu	𫀬	2026-06-28	# SIP plane (no glyph)
chu	𫇴	2026-06-28	# SIP plane (no glyph)
chu	𫛾	2026-06-28	# SIP plane (no glyph)
chu	𫜭	2026-06-28	# SIP plane (no glyph)
chu	𫩩	2026-06-28	# SIP plane (no glyph)
chu	𬌝	2026-06-28	# SIP plane (no glyph)
chu	𬬺	2026-06-28	# SIP plane (no glyph)
chu	𬮥	2026-06-28	# SIP plane (no glyph)
chu	𬸅	2026-06-28	# SIP plane (no glyph)
chu	𬺓	2026-06-28	# SIP plane (no glyph)
chu	𮤬	2026-06-28	# SIP plane (no glyph)
chu	𰵴	2026-06-28	# SIP plane (no glyph)
chu	𱊬	2026-06-28	# SIP plane (no glyph)
chu	𱌮	2026-06-28	# SIP plane (no glyph)
chu	𱳋	2026-06-28	# SIP plane (no glyph)
chu	𲈼	2026-06-28	# SIP plane (no glyph)
chua	𠹐	2026-06-28	# SIP plane (no glyph)
chua	𠻦	2026-06-28	# SIP plane (no glyph)
chua	𣛕	2026-06-28	# SIP plane (no glyph)
chua	𣹶	2026-06-28	# SIP plane (no glyph)
chua	𤁫	2026-06-28	# SIP plane (no glyph)
chuai	𠽶	2026-06-28	# SIP plane (no glyph)
chuai	𢲽	2026-06-28	# SIP plane (no glyph)
chuai	𣤌	2026-06-28	# SIP plane (no glyph)
chuai	𣲂	2026-06-28	# SIP plane (no glyph)
chuai	𨣅	2026-06-28	# SIP plane (no glyph)
chuai	𱊼	2026-06-28	# SIP plane (no glyph)
chuan	𠛖	2026-06-28	# SIP plane (no glyph)
chuan	𠯀	2026-06-28	# SIP plane (no glyph)
chuan	𠾮	2026-06-28	# SIP plane (no glyph)
chuan	𣀔	2026-06-28	# SIP plane (no glyph)
chuan	𣛹	2026-06-28	# SIP plane (no glyph)
chuan	𣧒	2026-06-28	# SIP plane (no glyph)
chuan	𤜼	2026-06-28	# SIP plane (no glyph)
chuan	𤮍	2026-06-28	# SIP plane (no glyph)
chuan	𤰌	2026-06-28	# SIP plane (no glyph)
chuan	𤶱	2026-06-28	# SIP plane (no glyph)
chuan	𥃹	2026-06-28	# SIP plane (no glyph)
chuan	𥬫	2026-06-28	# SIP plane (no glyph)
chuan	𥲏	2026-06-28	# SIP plane (no glyph)
chuan	𦎇	2026-06-28	# SIP plane (no glyph)
chuan	𦎜	2026-06-28	# SIP plane (no glyph)
chuan	𦺛	2026-06-28	# SIP plane (no glyph)
chuan	𧍒	2026-06-28	# SIP plane (no glyph)
chuan	𧑝	2026-06-28	# SIP plane (no glyph)
chuan	𨂦	2026-06-28	# SIP plane (no glyph)
chuan	𨘼	2026-06-28	# SIP plane (no glyph)
chuan	𨩴	2026-06-28	# SIP plane (no glyph)
chuan	𩂍	2026-06-28	# SIP plane (no glyph)
chuan	𬥸	2026-06-28	# SIP plane (no glyph)
chuan	𰺒	2026-06-28	# SIP plane (no glyph)
chuan	𱊘	2026-06-28	# SIP plane (no glyph)
chuang	𠏨	2026-06-28	# SIP plane (no glyph)
chuang	𠞮	2026-06-28	# SIP plane (no glyph)
chuang	𠳹	2026-06-28	# SIP plane (no glyph)
chuang	𡆪	2026-06-28	# SIP plane (no glyph)
chuang	𡻯	2026-06-28	# SIP plane (no glyph)
chuang	𥈄	2026-06-28	# SIP plane (no glyph)
chuang	𥎒	2026-06-28	# SIP plane (no glyph)
chuang	𥡟	2026-06-28	# SIP plane (no glyph)
chuang	𥲡	2026-06-28	# SIP plane (no glyph)
chuang	𦔛	2026-06-28	# SIP plane (no glyph)
chuang	𧜧	2026-06-28	# SIP plane (no glyph)
chuang	𧢆	2026-06-28	# SIP plane (no glyph)
chuang	𧬧	2026-06-28	# SIP plane (no glyph)
chuang	𨜾	2026-06-28	# SIP plane (no glyph)
chuang	𨧖	2026-06-28	# SIP plane (no glyph)
chuang	𩃕	2026-06-28	# SIP plane (no glyph)
chuang	𩞆	2026-06-28	# SIP plane (no glyph)
chuang	𩪘	2026-06-28	# SIP plane (no glyph)
chuang	𪁱	2026-06-28	# SIP plane (no glyph)
chuang	𪭢	2026-06-28	# SIP plane (no glyph)
chuang	𬥳	2026-06-28	# SIP plane (no glyph)
chuang	𬸐	2026-06-28	# SIP plane (no glyph)
chui	𠄒	2026-06-28	# SIP plane (no glyph)
chui	𡍮	2026-06-28	# SIP plane (no glyph)
chui	𢏒	2026-06-28	# SIP plane (no glyph)
chui	𣇦	2026-06-28	# SIP plane (no glyph)
chui	𣟈	2026-06-28	# SIP plane (no glyph)
chui	𤙵	2026-06-28	# SIP plane (no glyph)
chui	𥙋	2026-06-28	# SIP plane (no glyph)
chui	𥞃	2026-06-28	# SIP plane (no glyph)
chui	𦉈	2026-06-28	# SIP plane (no glyph)
chui	𩌝	2026-06-28	# SIP plane (no glyph)
chui	𩗰	2026-06-28	# SIP plane (no glyph)
chui	𩭦	2026-06-28	# SIP plane (no glyph)
chui	𬭨	2026-06-28	# SIP plane (no glyph)
chui	𰝾	2026-06-28	# SIP plane (no glyph)
chui	𱂭	2026-06-28	# SIP plane (no glyph)
chun	𡉐	2026-06-28	# SIP plane (no glyph)
chun	𡗥	2026-06-28	# SIP plane (no glyph)
chun	𢾎	2026-06-28	# SIP plane (no glyph)
chun	𣌚	2026-06-28	# SIP plane (no glyph)
chun	𣌠	2026-06-28	# SIP plane (no glyph)
chun	𣘣	2026-06-28	# SIP plane (no glyph)
chun	𣚆	2026-06-28	# SIP plane (no glyph)
chun	𣮢	2026-06-28	# SIP plane (no glyph)
chun	𤘛	2026-06-28	# SIP plane (no glyph)
chun	𦎧	2026-06-28	# SIP plane (no glyph)
chun	𦚧	2026-06-28	# SIP plane (no glyph)
chun	𧇶	2026-06-28	# SIP plane (no glyph)
chun	𨉩	2026-06-28	# SIP plane (no glyph)
chun	𩨁	2026-06-28	# SIP plane (no glyph)
chun	𪂹	2026-06-28	# SIP plane (no glyph)
chun	𬭚	2026-06-28	# SIP plane (no glyph)
chun	𮝸	2026-06-28	# SIP plane (no glyph)
chun	𰹳	2026-06-28	# SIP plane (no glyph)
chun	𱊑	2026-06-28	# SIP plane (no glyph)
chuo	𡁇	2026-06-28	# SIP plane (no glyph)
chuo	𢽸	2026-06-28	# SIP plane (no glyph)
chuo	𢿭	2026-06-28	# SIP plane (no glyph)
chuo	𤿫	2026-06-28	# SIP plane (no glyph)
chuo	𥓑	2026-06-28	# SIP plane (no glyph)
chuo	𦁶	2026-06-28	# SIP plane (no glyph)
chuo	𨆬	2026-06-28	# SIP plane (no glyph)
chuo	𨒢	2026-06-28	# SIP plane (no glyph)
chuo	𨮸	2026-06-28	# SIP plane (no glyph)
chuo	𨰆	2026-06-28	# SIP plane (no glyph)
chuo	𩟫	2026-06-28	# SIP plane (no glyph)
chuo	𩩟	2026-06-28	# SIP plane (no glyph)
chuo	𪘛	2026-06-28	# SIP plane (no glyph)
chuo	𪢕	2026-06-28	# SIP plane (no glyph)
chuo	𬭔	2026-06-28	# SIP plane (no glyph)
ci	𠤫	2026-06-28	# SIP plane (no glyph)
ci	𠦐	2026-06-28	# SIP plane (no glyph)
ci	𠩆	2026-06-28	# SIP plane (no glyph)
ci	𠯂	2026-06-28	# SIP plane (no glyph)
ci	𡃸	2026-06-28	# SIP plane (no glyph)
ci	𡥎	2026-06-28	# SIP plane (no glyph)
ci	𡰾	2026-06-28	# SIP plane (no glyph)
ci	𢅜	2026-06-28	# SIP plane (no glyph)
ci	𢓗	2026-06-28	# SIP plane (no glyph)
ci	𢫴	2026-06-28	# SIP plane (no glyph)
ci	𢶴	2026-06-28	# SIP plane (no glyph)
ci	𣐑	2026-06-28	# SIP plane (no glyph)
ci	𣜁	2026-06-28	# SIP plane (no glyph)
ci	𣢕	2026-06-28	# SIP plane (no glyph)
ci	𥴺	2026-06-28	# SIP plane (no glyph)
ci	𥿆	2026-06-28	# SIP plane (no glyph)
ci	𥿴	2026-06-28	# SIP plane (no glyph)
ci	𦍧	2026-06-28	# SIP plane (no glyph)
ci	𦐨	2026-06-28	# SIP plane (no glyph)
ci	𦐾	2026-06-28	# SIP plane (no glyph)
ci	𦑺	2026-06-28	# SIP plane (no glyph)
ci	𦒁	2026-06-28	# SIP plane (no glyph)
ci	𦖝	2026-06-28	# SIP plane (no glyph)
ci	𦼡	2026-06-28	# SIP plane (no glyph)
ci	𧊒	2026-06-28	# SIP plane (no glyph)
ci	𧌐	2026-06-28	# SIP plane (no glyph)
ci	𧏗	2026-06-28	# SIP plane (no glyph)
ci	𧑖	2026-06-28	# SIP plane (no glyph)
ci	𧙈	2026-06-28	# SIP plane (no glyph)
ci	𧠎	2026-06-28	# SIP plane (no glyph)
ci	𧠥	2026-06-28	# SIP plane (no glyph)
ci	𧧒	2026-06-28	# SIP plane (no glyph)
ci	𧺼	2026-06-28	# SIP plane (no glyph)
ci	𨋰	2026-06-28	# SIP plane (no glyph)
ci	𨒤	2026-06-28	# SIP plane (no glyph)
ci	𨒮	2026-06-28	# SIP plane (no glyph)
ci	𨠐	2026-06-28	# SIP plane (no glyph)
ci	𨲁	2026-06-28	# SIP plane (no glyph)
ci	𨾅	2026-06-28	# SIP plane (no glyph)
ci	𩆂	2026-06-28	# SIP plane (no glyph)
ci	𩉋	2026-06-28	# SIP plane (no glyph)
ci	𩝐	2026-06-28	# SIP plane (no glyph)
ci	𩢑	2026-06-28	# SIP plane (no glyph)
ci	𩨨	2026-06-28	# SIP plane (no glyph)
ci	𩾔	2026-06-28	# SIP plane (no glyph)
ci	𪉈	2026-06-28	# SIP plane (no glyph)
ci	𪉪	2026-06-28	# SIP plane (no glyph)
ci	𪑟	2026-06-28	# SIP plane (no glyph)
ci	𫚖	2026-06-28	# SIP plane (no glyph)
ci	𬢉	2026-06-28	# SIP plane (no glyph)
ci	𬲶	2026-06-28	# SIP plane (no glyph)
ci	𬺎	2026-06-28	# SIP plane (no glyph)
ci	𰬒	2026-06-28	# SIP plane (no glyph)
ci	𰱱	2026-06-28	# SIP plane (no glyph)
ci	𲊽	2026-06-28	# SIP plane (no glyph)
cong	𠂥	2026-06-28	# SIP plane (no glyph)
cong	𠕁	2026-06-28	# SIP plane (no glyph)
cong	𠙂	2026-06-28	# SIP plane (no glyph)
cong	𠢛	2026-06-28	# SIP plane (no glyph)
cong	𠤰	2026-06-28	# SIP plane (no glyph)
cong	𡅇	2026-06-28	# SIP plane (no glyph)
cong	𡟟	2026-06-28	# SIP plane (no glyph)
cong	𡦷	2026-06-28	# SIP plane (no glyph)
cong	𡵷	2026-06-28	# SIP plane (no glyph)
cong	𡹸	2026-06-28	# SIP plane (no glyph)
cong	𢃏	2026-06-28	# SIP plane (no glyph)
cong	𢊕	2026-06-28	# SIP plane (no glyph)
cong	𢐔	2026-06-28	# SIP plane (no glyph)
cong	𢔩	2026-06-28	# SIP plane (no glyph)
cong	𣃗	2026-06-28	# SIP plane (no glyph)
cong	𣊷	2026-06-28	# SIP plane (no glyph)
cong	𤄓	2026-06-28	# SIP plane (no glyph)
cong	𤧚	2026-06-28	# SIP plane (no glyph)
cong	𥍷	2026-06-28	# SIP plane (no glyph)
cong	𥎋	2026-06-28	# SIP plane (no glyph)
cong	𥡬	2026-06-28	# SIP plane (no glyph)
cong	𥮨	2026-06-28	# SIP plane (no glyph)
cong	𥵫	2026-06-28	# SIP plane (no glyph)
cong	𦇎	2026-06-28	# SIP plane (no glyph)
cong	𦇱	2026-06-28	# SIP plane (no glyph)
cong	𦗜	2026-06-28	# SIP plane (no glyph)
cong	𦝰	2026-06-28	# SIP plane (no glyph)
cong	𧐱	2026-06-28	# SIP plane (no glyph)
cong	𧓏	2026-06-28	# SIP plane (no glyph)
cong	𧝮	2026-06-28	# SIP plane (no glyph)
cong	𧩪	2026-06-28	# SIP plane (no glyph)
cong	𨂴	2026-06-28	# SIP plane (no glyph)
cong	𨍉	2026-06-28	# SIP plane (no glyph)
cong	𨑪	2026-06-28	# SIP plane (no glyph)
cong	𨑹	2026-06-28	# SIP plane (no glyph)
cong	𨒀	2026-06-28	# SIP plane (no glyph)
cong	𨡮	2026-06-28	# SIP plane (no glyph)
cong	𨦱	2026-06-28	# SIP plane (no glyph)
cong	𨱸	2026-06-28	# SIP plane (no glyph)
cong	𨲧	2026-06-28	# SIP plane (no glyph)
cong	𩬼	2026-06-28	# SIP plane (no glyph)
cong	𩯍	2026-06-28	# SIP plane (no glyph)
cong	𪻐	2026-06-28	# SIP plane (no glyph)
cong	𫓩	2026-06-28	# SIP plane (no glyph)
cong	𫓽	2026-06-28	# SIP plane (no glyph)
cong	𫟡	2026-06-28	# SIP plane (no glyph)
cong	𫩛	2026-06-28	# SIP plane (no glyph)
cong	𬎧	2026-06-28	# SIP plane (no glyph)
cong	𬟺	2026-06-28	# SIP plane (no glyph)
cong	𬤋	2026-06-28	# SIP plane (no glyph)
cong	𮴨	2026-06-28	# SIP plane (no glyph)
cong	𰛏	2026-06-28	# SIP plane (no glyph)
cong	𰥒	2026-06-28	# SIP plane (no glyph)
cong	𰭁	2026-06-28	# SIP plane (no glyph)
cong	𰶂	2026-06-28	# SIP plane (no glyph)
cong	𰷥	2026-06-28	# SIP plane (no glyph)
cong	𰾊	2026-06-28	# SIP plane (no glyph)
cou	𢈾	2026-06-28	# SIP plane (no glyph)
cou	𣉅	2026-06-28	# SIP plane (no glyph)
cou	𣙘	2026-06-28	# SIP plane (no glyph)
cou	𣞜	2026-06-28	# SIP plane (no glyph)
cou	𤆑	2026-06-28	# SIP plane (no glyph)
cou	𦦅	2026-06-28	# SIP plane (no glyph)
cou	𦳿	2026-06-28	# SIP plane (no glyph)
cou	𦺀	2026-06-28	# SIP plane (no glyph)
cou	𧡣	2026-06-28	# SIP plane (no glyph)
cou	𧱪	2026-06-28	# SIP plane (no glyph)
cou	𨨯	2026-06-28	# SIP plane (no glyph)
cou	𩹀	2026-06-28	# SIP plane (no glyph)
cou	𪉮	2026-06-28	# SIP plane (no glyph)
cou	𬭟	2026-06-28	# SIP plane (no glyph)
cou	𬸷	2026-06-28	# SIP plane (no glyph)
cu	𠑯	2026-06-28	# SIP plane (no glyph)
cu	𠛙	2026-06-28	# SIP plane (no glyph)
cu	𡄱	2026-06-28	# SIP plane (no glyph)
cu	𡘛	2026-06-28	# SIP plane (no glyph)
cu	𡝉	2026-06-28	# SIP plane (no glyph)
cu	𡞜	2026-06-28	# SIP plane (no glyph)
cu	𢄧	2026-06-28	# SIP plane (no glyph)
cu	𢈠	2026-06-28	# SIP plane (no glyph)
cu	𢪃	2026-06-28	# SIP plane (no glyph)
cu	𤗁	2026-06-28	# SIP plane (no glyph)
cu	𤛏	2026-06-28	# SIP plane (no glyph)
cu	𤠽	2026-06-28	# SIP plane (no glyph)
cu	𤿚	2026-06-28	# SIP plane (no glyph)
cu	𥅗	2026-06-28	# SIP plane (no glyph)
cu	𥪱	2026-06-28	# SIP plane (no glyph)
cu	𥷼	2026-06-28	# SIP plane (no glyph)
cu	𥻒	2026-06-28	# SIP plane (no glyph)
cu	𥾛	2026-06-28	# SIP plane (no glyph)
cu	𦈚	2026-06-28	# SIP plane (no glyph)
cu	𦟠	2026-06-28	# SIP plane (no glyph)
cu	𦠁	2026-06-28	# SIP plane (no glyph)
cu	𦯣	2026-06-28	# SIP plane (no glyph)
cu	𧆓	2026-06-28	# SIP plane (no glyph)
cu	𧺲	2026-06-28	# SIP plane (no glyph)
cu	𧼜	2026-06-28	# SIP plane (no glyph)
cu	𪓡	2026-06-28	# SIP plane (no glyph)
cu	𪓰	2026-06-28	# SIP plane (no glyph)
cu	𪕝	2026-06-28	# SIP plane (no glyph)
cu	𪚯	2026-06-28	# SIP plane (no glyph)
cu	𫖹	2026-06-28	# SIP plane (no glyph)
cu	𫜟	2026-06-28	# SIP plane (no glyph)
cu	𫠀	2026-06-28	# SIP plane (no glyph)
cu	𬣹	2026-06-28	# SIP plane (no glyph)
cu	𱋾	2026-06-28	# SIP plane (no glyph)
cuan	𢖑	2026-06-28	# SIP plane (no glyph)
cuan	𢸥	2026-06-28	# SIP plane (no glyph)
cuan	𤐲	2026-06-28	# SIP plane (no glyph)
cuan	𥍬	2026-06-28	# SIP plane (no glyph)
cuan	𥎢	2026-06-28	# SIP plane (no glyph)
cuan	𥎣	2026-06-28	# SIP plane (no glyph)
cuan	𥎤	2026-06-28	# SIP plane (no glyph)
cuan	𨣵	2026-06-28	# SIP plane (no glyph)
cuan	𨼉	2026-06-28	# SIP plane (no glyph)
cuan	𪴙	2026-06-28	# SIP plane (no glyph)
cuan	𮸏	2026-06-28	# SIP plane (no glyph)
cuan	𰏁	2026-06-28	# SIP plane (no glyph)
cui	𠗚	2026-06-28	# SIP plane (no glyph)
cui	𠞿	2026-06-28	# SIP plane (no glyph)
cui	𠟓	2026-06-28	# SIP plane (no glyph)
cui	𠩪	2026-06-28	# SIP plane (no glyph)
cui	𢂕	2026-06-28	# SIP plane (no glyph)
cui	𢄸	2026-06-28	# SIP plane (no glyph)
cui	𢕘	2026-06-28	# SIP plane (no glyph)
cui	𢡈	2026-06-28	# SIP plane (no glyph)
cui	𢶓	2026-06-28	# SIP plane (no glyph)
cui	𣃍	2026-06-28	# SIP plane (no glyph)
cui	𣯧	2026-06-28	# SIP plane (no glyph)
cui	𣰚	2026-06-28	# SIP plane (no glyph)
cui	𣿒	2026-06-28	# SIP plane (no glyph)
cui	𣿓	2026-06-28	# SIP plane (no glyph)
cui	𤎋	2026-06-28	# SIP plane (no glyph)
cui	𤗯	2026-06-28	# SIP plane (no glyph)
cui	𤛍	2026-06-28	# SIP plane (no glyph)
cui	𥨒	2026-06-28	# SIP plane (no glyph)
cui	𥳈	2026-06-28	# SIP plane (no glyph)
cui	𥻮	2026-06-28	# SIP plane (no glyph)
cui	𥼂	2026-06-28	# SIP plane (no glyph)
cui	𥼛	2026-06-28	# SIP plane (no glyph)
cui	𥼺	2026-06-28	# SIP plane (no glyph)
cui	𦦣	2026-06-28	# SIP plane (no glyph)
cui	𧎃	2026-06-28	# SIP plane (no glyph)
cui	𧑎	2026-06-28	# SIP plane (no glyph)
cui	𧚥	2026-06-28	# SIP plane (no glyph)
cui	𧜱	2026-06-28	# SIP plane (no glyph)
cui	𧳚	2026-06-28	# SIP plane (no glyph)
cui	𧹺	2026-06-28	# SIP plane (no glyph)
cui	𧼬	2026-06-28	# SIP plane (no glyph)
cui	𧽠	2026-06-28	# SIP plane (no glyph)
cui	𨄍	2026-06-28	# SIP plane (no glyph)
cui	𨅎	2026-06-28	# SIP plane (no glyph)
cui	𨊉	2026-06-28	# SIP plane (no glyph)
cui	𨻵	2026-06-28	# SIP plane (no glyph)
cui	𨿐	2026-06-28	# SIP plane (no glyph)
cui	𩤏	2026-06-28	# SIP plane (no glyph)
cui	𮉬	2026-06-28	# SIP plane (no glyph)
cui	𰾰	2026-06-28	# SIP plane (no glyph)
cui	𱂯	2026-06-28	# SIP plane (no glyph)
cun	𤿄	2026-06-28	# SIP plane (no glyph)
cun	𧚉	2026-06-28	# SIP plane (no glyph)
cun	𨀛	2026-06-28	# SIP plane (no glyph)
cun	𨙯	2026-06-28	# SIP plane (no glyph)
cun	𨚲	2026-06-28	# SIP plane (no glyph)
cuo	𠦏	2026-06-28	# SIP plane (no glyph)
cuo	𢒐	2026-06-28	# SIP plane (no glyph)
cuo	𢚂	2026-06-28	# SIP plane (no glyph)
cuo	𢤎	2026-06-28	# SIP plane (no glyph)
cuo	𢯽	2026-06-28	# SIP plane (no glyph)
cuo	𣖵	2026-06-28	# SIP plane (no glyph)
cuo	𣨎	2026-06-28	# SIP plane (no glyph)
cuo	𣩈	2026-06-28	# SIP plane (no glyph)
cuo	𤠝	2026-06-28	# SIP plane (no glyph)
cuo	𥕉	2026-06-28	# SIP plane (no glyph)
cuo	𥭭	2026-06-28	# SIP plane (no glyph)
cuo	𥰭	2026-06-28	# SIP plane (no glyph)
cuo	𧚏	2026-06-28	# SIP plane (no glyph)
cuo	𨇃	2026-06-28	# SIP plane (no glyph)
cuo	𨛏	2026-06-28	# SIP plane (no glyph)
cuo	𩄝	2026-06-28	# SIP plane (no glyph)
cuo	𩯉	2026-06-28	# SIP plane (no glyph)
cuo	𪒙	2026-06-28	# SIP plane (no glyph)
cuo	𪘓	2026-06-28	# SIP plane (no glyph)
cuo	𬘷	2026-06-28	# SIP plane (no glyph)
cuo	𬺇	2026-06-28	# SIP plane (no glyph)
cuo	𱇷	2026-06-28	# SIP plane (no glyph)
da	𠉤	2026-06-28	# SIP plane (no glyph)
da	𠞈	2026-06-28	# SIP plane (no glyph)
da	𠶫	2026-06-28	# SIP plane (no glyph)
da	𠹥	2026-06-28	# SIP plane (no glyph)
da	𡈐	2026-06-28	# SIP plane (no glyph)
da	𡉑	2026-06-28	# SIP plane (no glyph)
da	𡍲	2026-06-28	# SIP plane (no glyph)
da	𡐿	2026-06-28	# SIP plane (no glyph)
da	𡚻	2026-06-28	# SIP plane (no glyph)
da	𢘇	2026-06-28	# SIP plane (no glyph)
da	𢛁	2026-06-28	# SIP plane (no glyph)
da	𢝉	2026-06-28	# SIP plane (no glyph)
da	𢽇	2026-06-28	# SIP plane (no glyph)
da	𣣴	2026-06-28	# SIP plane (no glyph)
da	𣥾	2026-06-28	# SIP plane (no glyph)
da	𣸉	2026-06-28	# SIP plane (no glyph)
da	𤝰	2026-06-28	# SIP plane (no glyph)
da	𤤊	2026-06-28	# SIP plane (no glyph)
da	𤨑	2026-06-28	# SIP plane (no glyph)
da	𥉌	2026-06-28	# SIP plane (no glyph)
da	𥕇	2026-06-28	# SIP plane (no glyph)
da	𦂀	2026-06-28	# SIP plane (no glyph)
da	𦈘	2026-06-28	# SIP plane (no glyph)
da	𦑻	2026-06-28	# SIP plane (no glyph)
da	𦖿	2026-06-28	# SIP plane (no glyph)
da	𦗧	2026-06-28	# SIP plane (no glyph)
da	𦞂	2026-06-28	# SIP plane (no glyph)
da	𦪭	2026-06-28	# SIP plane (no glyph)
da	𦬹	2026-06-28	# SIP plane (no glyph)
da	𨗾	2026-06-28	# SIP plane (no glyph)
da	𨨹	2026-06-28	# SIP plane (no glyph)
da	𨱏	2026-06-28	# SIP plane (no glyph)
da	𩏒	2026-06-28	# SIP plane (no glyph)
da	𩝣	2026-06-28	# SIP plane (no glyph)
da	𩟐	2026-06-28	# SIP plane (no glyph)
da	𩠅	2026-06-28	# SIP plane (no glyph)
da	𩣯	2026-06-28	# SIP plane (no glyph)
da	𩭣	2026-06-28	# SIP plane (no glyph)
da	𫄤	2026-06-28	# SIP plane (no glyph)
da	𫟼	2026-06-28	# SIP plane (no glyph)
da	𬊉	2026-06-28	# SIP plane (no glyph)
da	𬜔	2026-06-28	# SIP plane (no glyph)
da	𬭞	2026-06-28	# SIP plane (no glyph)
da	𬳉	2026-06-28	# SIP plane (no glyph)
da	𰲻	2026-06-28	# SIP plane (no glyph)
da	𰾬	2026-06-28	# SIP plane (no glyph)
da	𱍂	2026-06-28	# SIP plane (no glyph)
dai	𠯈	2026-06-28	# SIP plane (no glyph)
dai	𠯪	2026-06-28	# SIP plane (no glyph)
dai	𠰺	2026-06-28	# SIP plane (no glyph)
dai	𠷂	2026-06-28	# SIP plane (no glyph)
dai	𡧹	2026-06-28	# SIP plane (no glyph)
dai	𢄔	2026-06-28	# SIP plane (no glyph)
dai	𢎌	2026-06-28	# SIP plane (no glyph)
dai	𣇨	2026-06-28	# SIP plane (no glyph)
dai	𣐮	2026-06-28	# SIP plane (no glyph)
dai	𣦶	2026-06-28	# SIP plane (no glyph)
dai	𣫹	2026-06-28	# SIP plane (no glyph)
dai	𤮼	2026-06-28	# SIP plane (no glyph)
dai	𤸊	2026-06-28	# SIP plane (no glyph)
dai	𥿝	2026-06-28	# SIP plane (no glyph)
dai	𦄂	2026-06-28	# SIP plane (no glyph)
dai	𦙯	2026-06-28	# SIP plane (no glyph)
dai	𦪍	2026-06-28	# SIP plane (no glyph)
dai	𧊇	2026-06-28	# SIP plane (no glyph)
dai	𧑔	2026-06-28	# SIP plane (no glyph)
dai	𨊺	2026-06-28	# SIP plane (no glyph)
dai	𨓞	2026-06-28	# SIP plane (no glyph)
dai	𨟲	2026-06-28	# SIP plane (no glyph)
dai	𨥶	2026-06-28	# SIP plane (no glyph)
dai	𨽿	2026-06-28	# SIP plane (no glyph)
dai	𩃠	2026-06-28	# SIP plane (no glyph)
dai	𩃷	2026-06-28	# SIP plane (no glyph)
dai	𪐝	2026-06-28	# SIP plane (no glyph)
dai	𬶌	2026-06-28	# SIP plane (no glyph)
dai	𮷗	2026-06-28	# SIP plane (no glyph)
dai	𰏼	2026-06-28	# SIP plane (no glyph)
dai	𰘀	2026-06-28	# SIP plane (no glyph)
dai	𰰏	2026-06-28	# SIP plane (no glyph)
dai	𰴤	2026-06-28	# SIP plane (no glyph)
dai	𰸚	2026-06-28	# SIP plane (no glyph)
dai	𱳪	2026-06-28	# SIP plane (no glyph)
dan	𠆛	2026-06-28	# SIP plane (no glyph)
dan	𠆶	2026-06-28	# SIP plane (no glyph)
dan	𠇋	2026-06-28	# SIP plane (no glyph)
dan	𠈰	2026-06-28	# SIP plane (no glyph)
dan	𠹆	2026-06-28	# SIP plane (no glyph)
dan	𡖓	2026-06-28	# SIP plane (no glyph)
dan	𡦨	2026-06-28	# SIP plane (no glyph)
dan	𡵕	2026-06-28	# SIP plane (no glyph)
dan	𢅒	2026-06-28	# SIP plane (no glyph)
dan	𢉑	2026-06-28	# SIP plane (no glyph)
dan	𢋃	2026-06-28	# SIP plane (no glyph)
dan	𢎪	2026-06-28	# SIP plane (no glyph)
dan	𢑝	2026-06-28	# SIP plane (no glyph)
dan	𢻼	2026-06-28	# SIP plane (no glyph)
dan	𣅟	2026-06-28	# SIP plane (no glyph)
dan	𣇇	2026-06-28	# SIP plane (no glyph)
dan	𣋊	2026-06-28	# SIP plane (no glyph)
dan	𣛱	2026-06-28	# SIP plane (no glyph)
dan	𣱍	2026-06-28	# SIP plane (no glyph)
dan	𣲥	2026-06-28	# SIP plane (no glyph)
dan	𤁡	2026-06-28	# SIP plane (no glyph)
dan	𤢏	2026-06-28	# SIP plane (no glyph)
dan	𤲭	2026-06-28	# SIP plane (no glyph)
dan	𤺺	2026-06-28	# SIP plane (no glyph)
dan	𥄦	2026-06-28	# SIP plane (no glyph)
dan	𥐹	2026-06-28	# SIP plane (no glyph)
dan	𥨎	2026-06-28	# SIP plane (no glyph)
dan	𥱷	2026-06-28	# SIP plane (no glyph)
dan	𥲄	2026-06-28	# SIP plane (no glyph)
dan	𥲇	2026-06-28	# SIP plane (no glyph)
dan	𥳸	2026-06-28	# SIP plane (no glyph)
dan	𥳹	2026-06-28	# SIP plane (no glyph)
dan	𦅼	2026-06-28	# SIP plane (no glyph)
dan	𦋪	2026-06-28	# SIP plane (no glyph)
dan	𦻁	2026-06-28	# SIP plane (no glyph)
dan	𦽜	2026-06-28	# SIP plane (no glyph)
dan	𦽫	2026-06-28	# SIP plane (no glyph)
dan	𦾩	2026-06-28	# SIP plane (no glyph)
dan	𧀻	2026-06-28	# SIP plane (no glyph)
dan	𧂄	2026-06-28	# SIP plane (no glyph)
dan	𧡪	2026-06-28	# SIP plane (no glyph)
dan	𧭃	2026-06-28	# SIP plane (no glyph)
dan	𧴸	2026-06-28	# SIP plane (no glyph)
dan	𨡙	2026-06-28	# SIP plane (no glyph)
dan	𨢿	2026-06-28	# SIP plane (no glyph)
dan	𩄕	2026-06-28	# SIP plane (no glyph)
dan	𩅾	2026-06-28	# SIP plane (no glyph)
dan	𩈉	2026-06-28	# SIP plane (no glyph)
dan	𩈊	2026-06-28	# SIP plane (no glyph)
dan	𩏥	2026-06-28	# SIP plane (no glyph)
dan	𩕤	2026-06-28	# SIP plane (no glyph)
dan	𩩧	2026-06-28	# SIP plane (no glyph)
dan	𪆻	2026-06-28	# SIP plane (no glyph)
dan	𪒾	2026-06-28	# SIP plane (no glyph)
dan	𫎫	2026-06-28	# SIP plane (no glyph)
dan	𫡶	2026-06-28	# SIP plane (no glyph)
dan	𫢸	2026-06-28	# SIP plane (no glyph)
dan	𫫦	2026-06-28	# SIP plane (no glyph)
dan	𬂅	2026-06-28	# SIP plane (no glyph)
dan	𬘘	2026-06-28	# SIP plane (no glyph)
dan	𬙉	2026-06-28	# SIP plane (no glyph)
dan	𬢏	2026-06-28	# SIP plane (no glyph)
dan	𬱗	2026-06-28	# SIP plane (no glyph)
dan	𮱯	2026-06-28	# SIP plane (no glyph)
dan	𰅦	2026-06-28	# SIP plane (no glyph)
dan	𱆥	2026-06-28	# SIP plane (no glyph)
dan	𱉗	2026-06-28	# SIP plane (no glyph)
dang	𡇈	2026-06-28	# SIP plane (no glyph)
dang	𡇵	2026-06-28	# SIP plane (no glyph)
dang	𡗍	2026-06-28	# SIP plane (no glyph)
dang	𡢈	2026-06-28	# SIP plane (no glyph)
dang	𡰨	2026-06-28	# SIP plane (no glyph)
dang	𡾕	2026-06-28	# SIP plane (no glyph)
dang	𢠽	2026-06-28	# SIP plane (no glyph)
dang	𢡂	2026-06-28	# SIP plane (no glyph)
dang	𣂳	2026-06-28	# SIP plane (no glyph)
dang	𣃉	2026-06-28	# SIP plane (no glyph)
dang	𣗋	2026-06-28	# SIP plane (no glyph)
dang	𣺼	2026-06-28	# SIP plane (no glyph)
dang	𣻍	2026-06-28	# SIP plane (no glyph)
dang	𤔶	2026-06-28	# SIP plane (no glyph)
dang	𤗾	2026-06-28	# SIP plane (no glyph)
dang	𤢎	2026-06-28	# SIP plane (no glyph)
dang	𤣞	2026-06-28	# SIP plane (no glyph)
dang	𥢷	2026-06-28	# SIP plane (no glyph)
dang	𥤗	2026-06-28	# SIP plane (no glyph)
dang	𥯕	2026-06-28	# SIP plane (no glyph)
dang	𥸈	2026-06-28	# SIP plane (no glyph)
dang	𦗴	2026-06-28	# SIP plane (no glyph)
dang	𦼲	2026-06-28	# SIP plane (no glyph)
dang	𦿆	2026-06-28	# SIP plane (no glyph)
dang	𧅗	2026-06-28	# SIP plane (no glyph)
dang	𧑘	2026-06-28	# SIP plane (no glyph)
dang	𨎴	2026-06-28	# SIP plane (no glyph)
dang	𨝦	2026-06-28	# SIP plane (no glyph)
dang	𨷾	2026-06-28	# SIP plane (no glyph)
dang	𩟈	2026-06-28	# SIP plane (no glyph)
dang	𩼉	2026-06-28	# SIP plane (no glyph)
dang	𩽳	2026-06-28	# SIP plane (no glyph)
dang	𪇁	2026-06-28	# SIP plane (no glyph)
dang	𪠽	2026-06-28	# SIP plane (no glyph)
dang	𫀮	2026-06-28	# SIP plane (no glyph)
dang	𫽮	2026-06-28	# SIP plane (no glyph)
dang	𬍡	2026-06-28	# SIP plane (no glyph)
dang	𬛹	2026-06-28	# SIP plane (no glyph)
dang	𬠅	2026-06-28	# SIP plane (no glyph)
dang	𬣭	2026-06-28	# SIP plane (no glyph)
dang	𭰎	2026-06-28	# SIP plane (no glyph)
dang	𰁸	2026-06-28	# SIP plane (no glyph)
dang	𰋸	2026-06-28	# SIP plane (no glyph)
dang	𰩹	2026-06-28	# SIP plane (no glyph)
dang	𰺲	2026-06-28	# SIP plane (no glyph)
dao	𠐵	2026-06-28	# SIP plane (no glyph)
dao	𠴼	2026-06-28	# SIP plane (no glyph)
dao	𡄒	2026-06-28	# SIP plane (no glyph)
dao	𢭏	2026-06-28	# SIP plane (no glyph)
dao	𣁍	2026-06-28	# SIP plane (no glyph)
dao	𣫜	2026-06-28	# SIP plane (no glyph)
dao	𣱼	2026-06-28	# SIP plane (no glyph)
dao	𤓾	2026-06-28	# SIP plane (no glyph)
dao	𤘀	2026-06-28	# SIP plane (no glyph)
dao	𤷘	2026-06-28	# SIP plane (no glyph)
dao	𤹷	2026-06-28	# SIP plane (no glyph)
dao	𥓬	2026-06-28	# SIP plane (no glyph)
dao	𥗚	2026-06-28	# SIP plane (no glyph)
dao	𥺅	2026-06-28	# SIP plane (no glyph)
dao	𦒺	2026-06-28	# SIP plane (no glyph)
dao	𦦺	2026-06-28	# SIP plane (no glyph)
dao	𦦾	2026-06-28	# SIP plane (no glyph)
dao	𦩍	2026-06-28	# SIP plane (no glyph)
dao	𧼤	2026-06-28	# SIP plane (no glyph)
dao	𨗓	2026-06-28	# SIP plane (no glyph)
dao	𨱦	2026-06-28	# SIP plane (no glyph)
dao	𩈞	2026-06-28	# SIP plane (no glyph)
dao	𩕯	2026-06-28	# SIP plane (no glyph)
dao	𩬱	2026-06-28	# SIP plane (no glyph)
dao	𩭟	2026-06-28	# SIP plane (no glyph)
dao	𪺣	2026-06-28	# SIP plane (no glyph)
dao	𫝵	2026-06-28	# SIP plane (no glyph)
dao	𭎜	2026-06-28	# SIP plane (no glyph)
dao	𮜶	2026-06-28	# SIP plane (no glyph)
dao	𰭣	2026-06-28	# SIP plane (no glyph)
dao	𱽕	2026-06-28	# SIP plane (no glyph)
de	𠮊	2026-06-28	# SIP plane (no glyph)
de	𠵨	2026-06-28	# SIP plane (no glyph)
de	𡋩	2026-06-28	# SIP plane (no glyph)
de	𡭂	2026-06-28	# SIP plane (no glyph)
de	𣌏	2026-06-28	# SIP plane (no glyph)
de	𣮊	2026-06-28	# SIP plane (no glyph)
de	𣮰	2026-06-28	# SIP plane (no glyph)
de	𤷙	2026-06-28	# SIP plane (no glyph)
de	𨁽	2026-06-28	# SIP plane (no glyph)
deng	𡦔	2026-06-28	# SIP plane (no glyph)
deng	𢯭	2026-06-28	# SIP plane (no glyph)
deng	𢿤	2026-06-28	# SIP plane (no glyph)
deng	𣩟	2026-06-28	# SIP plane (no glyph)
deng	𤮘	2026-06-28	# SIP plane (no glyph)
deng	𤺌	2026-06-28	# SIP plane (no glyph)
deng	𤼶	2026-06-28	# SIP plane (no glyph)
deng	𤾢	2026-06-28	# SIP plane (no glyph)
deng	𦩫	2026-06-28	# SIP plane (no glyph)
deng	𧄼	2026-06-28	# SIP plane (no glyph)
deng	𧾊	2026-06-28	# SIP plane (no glyph)
deng	𨄇	2026-06-28	# SIP plane (no glyph)
deng	𨎤	2026-06-28	# SIP plane (no glyph)
deng	𨮴	2026-06-28	# SIP plane (no glyph)
deng	𨶿	2026-06-28	# SIP plane (no glyph)
deng	𩍐	2026-06-28	# SIP plane (no glyph)
deng	𩞬	2026-06-28	# SIP plane (no glyph)
deng	𩯇	2026-06-28	# SIP plane (no glyph)
deng	𪌷	2026-06-28	# SIP plane (no glyph)
deng	𪑬	2026-06-28	# SIP plane (no glyph)
deng	𪒘	2026-06-28	# SIP plane (no glyph)
deng	𪔏	2026-06-28	# SIP plane (no glyph)
deng	𬢔	2026-06-28	# SIP plane (no glyph)
deng	𬮹	2026-06-28	# SIP plane (no glyph)
deng	𬳒	2026-06-28	# SIP plane (no glyph)
di	𠍪	2026-06-28	# SIP plane (no glyph)
di	𠐑	2026-06-28	# SIP plane (no glyph)
di	𠒿	2026-06-28	# SIP plane (no glyph)
di	𠕳	2026-06-28	# SIP plane (no glyph)
di	𠚭	2026-06-28	# SIP plane (no glyph)
di	𠥖	2026-06-28	# SIP plane (no glyph)
di	𠨿	2026-06-28	# SIP plane (no glyph)
di	𠫜	2026-06-28	# SIP plane (no glyph)
di	𠽰	2026-06-28	# SIP plane (no glyph)
di	𡄷	2026-06-28	# SIP plane (no glyph)
di	𡒱	2026-06-28	# SIP plane (no glyph)
di	𡚙	2026-06-28	# SIP plane (no glyph)
di	𡚷	2026-06-28	# SIP plane (no glyph)
di	𡛜	2026-06-28	# SIP plane (no glyph)
di	𡰖	2026-06-28	# SIP plane (no glyph)
di	𡽢	2026-06-28	# SIP plane (no glyph)
di	𢅊	2026-06-28	# SIP plane (no glyph)
di	𢉆	2026-06-28	# SIP plane (no glyph)
di	𢓧	2026-06-28	# SIP plane (no glyph)
di	𢕚	2026-06-28	# SIP plane (no glyph)
di	𣂉	2026-06-28	# SIP plane (no glyph)
di	𣅥	2026-06-28	# SIP plane (no glyph)
di	𣚌	2026-06-28	# SIP plane (no glyph)
di	𣬴	2026-06-28	# SIP plane (no glyph)
di	𣯵	2026-06-28	# SIP plane (no glyph)
di	𣲢	2026-06-28	# SIP plane (no glyph)
di	𤁰	2026-06-28	# SIP plane (no glyph)
di	𤈥	2026-06-28	# SIP plane (no glyph)
di	𤝬	2026-06-28	# SIP plane (no glyph)
di	𤞈	2026-06-28	# SIP plane (no glyph)
di	𤧛	2026-06-28	# SIP plane (no glyph)
di	𤬵	2026-06-28	# SIP plane (no glyph)
di	𤾠	2026-06-28	# SIP plane (no glyph)
di	𥕐	2026-06-28	# SIP plane (no glyph)
di	𥖾	2026-06-28	# SIP plane (no glyph)
di	𥳠	2026-06-28	# SIP plane (no glyph)
di	𥸚	2026-06-28	# SIP plane (no glyph)
di	𥾬	2026-06-28	# SIP plane (no glyph)
di	𥿄	2026-06-28	# SIP plane (no glyph)
di	𦉹	2026-06-28	# SIP plane (no glyph)
di	𦨢	2026-06-28	# SIP plane (no glyph)
di	𦵦	2026-06-28	# SIP plane (no glyph)
di	𧀶	2026-06-28	# SIP plane (no glyph)
di	𧂨	2026-06-28	# SIP plane (no glyph)
di	𧉛	2026-06-28	# SIP plane (no glyph)
di	𧋍	2026-06-28	# SIP plane (no glyph)
di	𧍝	2026-06-28	# SIP plane (no glyph)
di	𧤲	2026-06-28	# SIP plane (no glyph)
di	𧺽	2026-06-28	# SIP plane (no glyph)
di	𨂇	2026-06-28	# SIP plane (no glyph)
di	𨌮	2026-06-28	# SIP plane (no glyph)
di	𨑩	2026-06-28	# SIP plane (no glyph)
di	𨑼	2026-06-28	# SIP plane (no glyph)
di	𨗼	2026-06-28	# SIP plane (no glyph)
di	𨘬	2026-06-28	# SIP plane (no glyph)
di	𨪾	2026-06-28	# SIP plane (no glyph)
di	𨮹	2026-06-28	# SIP plane (no glyph)
di	𩉱	2026-06-28	# SIP plane (no glyph)
di	𩑾	2026-06-28	# SIP plane (no glyph)
di	𩭲	2026-06-28	# SIP plane (no glyph)
di	𩴺	2026-06-28	# SIP plane (no glyph)
di	𩷎	2026-06-28	# SIP plane (no glyph)
di	𪄱	2026-06-28	# SIP plane (no glyph)
di	𫔂	2026-06-28	# SIP plane (no glyph)
di	𬱖	2026-06-28	# SIP plane (no glyph)
di	𬲮	2026-06-28	# SIP plane (no glyph)
di	𭫙	2026-06-28	# SIP plane (no glyph)
di	𰂗	2026-06-28	# SIP plane (no glyph)
di	𰑵	2026-06-28	# SIP plane (no glyph)
di	𰔇	2026-06-28	# SIP plane (no glyph)
di	𰺀	2026-06-28	# SIP plane (no glyph)
di	𰻆	2026-06-28	# SIP plane (no glyph)
di	𰽘	2026-06-28	# SIP plane (no glyph)
di	𱊱	2026-06-28	# SIP plane (no glyph)
dian	𠑘	2026-06-28	# SIP plane (no glyph)
dian	𠢣	2026-06-28	# SIP plane (no glyph)
dian	𠩷	2026-06-28	# SIP plane (no glyph)
dian	𠫉	2026-06-28	# SIP plane (no glyph)
dian	𠶧	2026-06-28	# SIP plane (no glyph)
dian	𡱇	2026-06-28	# SIP plane (no glyph)
dian	𡼓	2026-06-28	# SIP plane (no glyph)
dian	𢅝	2026-06-28	# SIP plane (no glyph)
dian	𢕯	2026-06-28	# SIP plane (no glyph)
dian	𢖩	2026-06-28	# SIP plane (no glyph)
dian	𢻅	2026-06-28	# SIP plane (no glyph)
dian	𣇖	2026-06-28	# SIP plane (no glyph)
dian	𣒂	2026-06-28	# SIP plane (no glyph)
dian	𣢥	2026-06-28	# SIP plane (no glyph)
dian	𣣈	2026-06-28	# SIP plane (no glyph)
dian	𣣣	2026-06-28	# SIP plane (no glyph)
dian	𣧛	2026-06-28	# SIP plane (no glyph)
dian	𣪀	2026-06-28	# SIP plane (no glyph)
dian	𣪪	2026-06-28	# SIP plane (no glyph)
dian	𤠶	2026-06-28	# SIP plane (no glyph)
dian	𤩱	2026-06-28	# SIP plane (no glyph)
dian	𤿶	2026-06-28	# SIP plane (no glyph)
dian	𥅑	2026-06-28	# SIP plane (no glyph)
dian	𥇞	2026-06-28	# SIP plane (no glyph)
dian	𥑼	2026-06-28	# SIP plane (no glyph)
dian	𥢏	2026-06-28	# SIP plane (no glyph)
dian	𥦟	2026-06-28	# SIP plane (no glyph)
dian	𥮏	2026-06-28	# SIP plane (no glyph)
dian	𥳢	2026-06-28	# SIP plane (no glyph)
dian	𥵏	2026-06-28	# SIP plane (no glyph)
dian	𦅆	2026-06-28	# SIP plane (no glyph)
dian	𦒻	2026-06-28	# SIP plane (no glyph)
dian	𦕒	2026-06-28	# SIP plane (no glyph)
dian	𦽄	2026-06-28	# SIP plane (no glyph)
dian	𧄺	2026-06-28	# SIP plane (no glyph)
dian	𧍿	2026-06-28	# SIP plane (no glyph)
dian	𧽍	2026-06-28	# SIP plane (no glyph)
dian	𨈀	2026-06-28	# SIP plane (no glyph)
dian	𩂵	2026-06-28	# SIP plane (no glyph)
dian	𩄠	2026-06-28	# SIP plane (no glyph)
dian	𩅀	2026-06-28	# SIP plane (no glyph)
dian	𩆔	2026-06-28	# SIP plane (no glyph)
dian	𩥄	2026-06-28	# SIP plane (no glyph)
dian	𩨋	2026-06-28	# SIP plane (no glyph)
dian	𩬑	2026-06-28	# SIP plane (no glyph)
dian	𪑩	2026-06-28	# SIP plane (no glyph)
dian	𪓼	2026-06-28	# SIP plane (no glyph)
dian	𪖚	2026-06-28	# SIP plane (no glyph)
dian	𬧚	2026-06-28	# SIP plane (no glyph)
dian	𭣇	2026-06-28	# SIP plane (no glyph)
dian	𰈊	2026-06-28	# SIP plane (no glyph)
dian	𱅪	2026-06-28	# SIP plane (no glyph)
dian	𱌺	2026-06-28	# SIP plane (no glyph)
diao	𠄏	2026-06-28	# SIP plane (no glyph)
diao	𠚥	2026-06-28	# SIP plane (no glyph)
diao	𠚻	2026-06-28	# SIP plane (no glyph)
diao	𠤼	2026-06-28	# SIP plane (no glyph)
diao	𠥑	2026-06-28	# SIP plane (no glyph)
diao	𠶰	2026-06-28	# SIP plane (no glyph)
diao	𢁕	2026-06-28	# SIP plane (no glyph)
diao	𢄦	2026-06-28	# SIP plane (no glyph)
diao	𢆴	2026-06-28	# SIP plane (no glyph)
diao	𣩰	2026-06-28	# SIP plane (no glyph)
diao	𤕷	2026-06-28	# SIP plane (no glyph)
diao	𤭈	2026-06-28	# SIP plane (no glyph)
diao	𤱩	2026-06-28	# SIP plane (no glyph)
diao	𥁮	2026-06-28	# SIP plane (no glyph)
diao	𥮐	2026-06-28	# SIP plane (no glyph)
diao	𥲟	2026-06-28	# SIP plane (no glyph)
diao	𥾯	2026-06-28	# SIP plane (no glyph)
diao	𦄋	2026-06-28	# SIP plane (no glyph)
diao	𦨣	2026-06-28	# SIP plane (no glyph)
diao	𦰏	2026-06-28	# SIP plane (no glyph)
diao	𦶌	2026-06-28	# SIP plane (no glyph)
diao	𦸔	2026-06-28	# SIP plane (no glyph)
diao	𧅈	2026-06-28	# SIP plane (no glyph)
diao	𧘨	2026-06-28	# SIP plane (no glyph)
diao	𧘩	2026-06-28	# SIP plane (no glyph)
diao	𧜣	2026-06-28	# SIP plane (no glyph)
diao	𨰑	2026-06-28	# SIP plane (no glyph)
diao	𨸓	2026-06-28	# SIP plane (no glyph)
diao	𩀜	2026-06-28	# SIP plane (no glyph)
diao	𩈮	2026-06-28	# SIP plane (no glyph)
diao	𩋙	2026-06-28	# SIP plane (no glyph)
diao	𩾗	2026-06-28	# SIP plane (no glyph)
diao	𫄝	2026-06-28	# SIP plane (no glyph)
diao	𫛲	2026-06-28	# SIP plane (no glyph)
diao	𫼛	2026-06-28	# SIP plane (no glyph)
diao	𬘞	2026-06-28	# SIP plane (no glyph)
diao	𬡍	2026-06-28	# SIP plane (no glyph)
diao	𬭕	2026-06-28	# SIP plane (no glyph)
diao	𬶄	2026-06-28	# SIP plane (no glyph)
diao	𮵮	2026-06-28	# SIP plane (no glyph)
diao	𱉈	2026-06-28	# SIP plane (no glyph)
die	𠅗	2026-06-28	# SIP plane (no glyph)
die	𠆙	2026-06-28	# SIP plane (no glyph)
die	𠗛	2026-06-28	# SIP plane (no glyph)
die	𠗨	2026-06-28	# SIP plane (no glyph)
die	𠠯	2026-06-28	# SIP plane (no glyph)
die	𠲷	2026-06-28	# SIP plane (no glyph)
die	𡅥	2026-06-28	# SIP plane (no glyph)
die	𡇓	2026-06-28	# SIP plane (no glyph)
die	𡖐	2026-06-28	# SIP plane (no glyph)
die	𡱷	2026-06-28	# SIP plane (no glyph)
die	𡹭	2026-06-28	# SIP plane (no glyph)
die	𡺑	2026-06-28	# SIP plane (no glyph)
die	𡼄	2026-06-28	# SIP plane (no glyph)
die	𢎆	2026-06-28	# SIP plane (no glyph)
die	𢲼	2026-06-28	# SIP plane (no glyph)
die	𢶣	2026-06-28	# SIP plane (no glyph)
die	𣈍	2026-06-28	# SIP plane (no glyph)
die	𣛻	2026-06-28	# SIP plane (no glyph)
die	𣡟	2026-06-28	# SIP plane (no glyph)
die	𣧈	2026-06-28	# SIP plane (no glyph)
die	𣨂	2026-06-28	# SIP plane (no glyph)
die	𤖒	2026-06-28	# SIP plane (no glyph)
die	𤗨	2026-06-28	# SIP plane (no glyph)
die	𤚊	2026-06-28	# SIP plane (no glyph)
die	𤴍	2026-06-28	# SIP plane (no glyph)
die	𥈖	2026-06-28	# SIP plane (no glyph)
die	𥉺	2026-06-28	# SIP plane (no glyph)
die	𥑇	2026-06-28	# SIP plane (no glyph)
die	𥶺	2026-06-28	# SIP plane (no glyph)
die	𥷕	2026-06-28	# SIP plane (no glyph)
die	𦁜	2026-06-28	# SIP plane (no glyph)
die	𦄔	2026-06-28	# SIP plane (no glyph)
die	𦈅	2026-06-28	# SIP plane (no glyph)
die	𧍱	2026-06-28	# SIP plane (no glyph)
die	𨄌	2026-06-28	# SIP plane (no glyph)
die	𨈈	2026-06-28	# SIP plane (no glyph)
die	𨐁	2026-06-28	# SIP plane (no glyph)
die	𨓊	2026-06-28	# SIP plane (no glyph)
die	𨭓	2026-06-28	# SIP plane (no glyph)
die	𨳺	2026-06-28	# SIP plane (no glyph)
die	𨴗	2026-06-28	# SIP plane (no glyph)
die	𨸅	2026-06-28	# SIP plane (no glyph)
die	𨻗	2026-06-28	# SIP plane (no glyph)
die	𨾤	2026-06-28	# SIP plane (no glyph)
die	𩋞	2026-06-28	# SIP plane (no glyph)
die	𩻵	2026-06-28	# SIP plane (no glyph)
die	𪀒	2026-06-28	# SIP plane (no glyph)
die	𪑧	2026-06-28	# SIP plane (no glyph)
die	𫬟	2026-06-28	# SIP plane (no glyph)
die	𫶇	2026-06-28	# SIP plane (no glyph)
die	𬇇	2026-06-28	# SIP plane (no glyph)
die	𬡓	2026-06-28	# SIP plane (no glyph)
die	𬰳	2026-06-28	# SIP plane (no glyph)
die	𰵙	2026-06-28	# SIP plane (no glyph)
die	𰸈	2026-06-28	# SIP plane (no glyph)
die	𱉚	2026-06-28	# SIP plane (no glyph)
din	𨈖	2026-06-28	# SIP plane (no glyph)
ding	𢑅	2026-06-28	# SIP plane (no glyph)
ding	𣆍	2026-06-28	# SIP plane (no glyph)
ding	𣢳	2026-06-28	# SIP plane (no glyph)
ding	𤐣	2026-06-28	# SIP plane (no glyph)
ding	𤛙	2026-06-28	# SIP plane (no glyph)
ding	𥇓	2026-06-28	# SIP plane (no glyph)
ding	𥯢	2026-06-28	# SIP plane (no glyph)
ding	𥳰	2026-06-28	# SIP plane (no glyph)
ding	𥸧	2026-06-28	# SIP plane (no glyph)
ding	𦨍	2026-06-28	# SIP plane (no glyph)
ding	𦩘	2026-06-28	# SIP plane (no glyph)
ding	𧇷	2026-06-28	# SIP plane (no glyph)
ding	𧌾	2026-06-28	# SIP plane (no glyph)
ding	𧳉	2026-06-28	# SIP plane (no glyph)
ding	𩜦	2026-06-28	# SIP plane (no glyph)
ding	𩠆	2026-06-28	# SIP plane (no glyph)
ding	𩠑	2026-06-28	# SIP plane (no glyph)
ding	𩡯	2026-06-28	# SIP plane (no glyph)
ding	𩸎	2026-06-28	# SIP plane (no glyph)
ding	𩾚	2026-06-28	# SIP plane (no glyph)
ding	𪔂	2026-06-28	# SIP plane (no glyph)
ding	𬱫	2026-06-28	# SIP plane (no glyph)
ding	𰛽	2026-06-28	# SIP plane (no glyph)
ding	𰾸	2026-06-28	# SIP plane (no glyph)
diu	𠲍	2026-06-28	# SIP plane (no glyph)
diu	𢒝	2026-06-28	# SIP plane (no glyph)
dong	𠄉	2026-06-28	# SIP plane (no glyph)
dong	𢔅	2026-06-28	# SIP plane (no glyph)
dong	𢛔	2026-06-28	# SIP plane (no glyph)
dong	𢳾	2026-06-28	# SIP plane (no glyph)
dong	𣱝	2026-06-28	# SIP plane (no glyph)
dong	𣿅	2026-06-28	# SIP plane (no glyph)
dong	𤤮	2026-06-28	# SIP plane (no glyph)
dong	𤦪	2026-06-28	# SIP plane (no glyph)
dong	𤲚	2026-06-28	# SIP plane (no glyph)
dong	𤷆	2026-06-28	# SIP plane (no glyph)
dong	𥫎	2026-06-28	# SIP plane (no glyph)
dong	𥳘	2026-06-28	# SIP plane (no glyph)
dong	𦡂	2026-06-28	# SIP plane (no glyph)
dong	𧄓	2026-06-28	# SIP plane (no glyph)
dong	𧓕	2026-06-28	# SIP plane (no glyph)
dong	𧡍	2026-06-28	# SIP plane (no glyph)
dong	𧯾	2026-06-28	# SIP plane (no glyph)
dong	𧲴	2026-06-28	# SIP plane (no glyph)
dong	𧳣	2026-06-28	# SIP plane (no glyph)
dong	𧼓	2026-06-28	# SIP plane (no glyph)
dong	𧽿	2026-06-28	# SIP plane (no glyph)
dong	𨩧	2026-06-28	# SIP plane (no glyph)
dong	𨿢	2026-06-28	# SIP plane (no glyph)
dong	𩂓	2026-06-28	# SIP plane (no glyph)
dong	𩐤	2026-06-28	# SIP plane (no glyph)
dong	𩐵	2026-06-28	# SIP plane (no glyph)
dong	𩜍	2026-06-28	# SIP plane (no glyph)
dong	𩣳	2026-06-28	# SIP plane (no glyph)
dong	𩧲	2026-06-28	# SIP plane (no glyph)
dong	𩭩	2026-06-28	# SIP plane (no glyph)
dong	𪐈	2026-06-28	# SIP plane (no glyph)
dong	𪔦	2026-06-28	# SIP plane (no glyph)
dong	𪣆	2026-06-28	# SIP plane (no glyph)
dong	𫄡	2026-06-28	# SIP plane (no glyph)
dong	𫢙	2026-06-28	# SIP plane (no glyph)
dong	𫹼	2026-06-28	# SIP plane (no glyph)
dong	𬟽	2026-06-28	# SIP plane (no glyph)
dong	𬢈	2026-06-28	# SIP plane (no glyph)
dong	𮷅	2026-06-28	# SIP plane (no glyph)
dong	𰇎	2026-06-28	# SIP plane (no glyph)
dong	𰎏	2026-06-28	# SIP plane (no glyph)
dong	𰛒	2026-06-28	# SIP plane (no glyph)
dou	𠁁	2026-06-28	# SIP plane (no glyph)
dou	𠍄	2026-06-28	# SIP plane (no glyph)
dou	𠱑	2026-06-28	# SIP plane (no glyph)
dou	𠾇	2026-06-28	# SIP plane (no glyph)
dou	𡂛	2026-06-28	# SIP plane (no glyph)
dou	𡂝	2026-06-28	# SIP plane (no glyph)
dou	𡆏	2026-06-28	# SIP plane (no glyph)
dou	𡙬	2026-06-28	# SIP plane (no glyph)
dou	𡟳	2026-06-28	# SIP plane (no glyph)
dou	𢦍	2026-06-28	# SIP plane (no glyph)
dou	𣁵	2026-06-28	# SIP plane (no glyph)
dou	𣂮	2026-06-28	# SIP plane (no glyph)
dou	𣘛	2026-06-28	# SIP plane (no glyph)
dou	𣭗	2026-06-28	# SIP plane (no glyph)
dou	𤀨	2026-06-28	# SIP plane (no glyph)
dou	𤅋	2026-06-28	# SIP plane (no glyph)
dou	𤝈	2026-06-28	# SIP plane (no glyph)
dou	𤞟	2026-06-28	# SIP plane (no glyph)
dou	𤾒	2026-06-28	# SIP plane (no glyph)
dou	𥆖	2026-06-28	# SIP plane (no glyph)
dou	𥉝	2026-06-28	# SIP plane (no glyph)
dou	𥥷	2026-06-28	# SIP plane (no glyph)
dou	𥺉	2026-06-28	# SIP plane (no glyph)
dou	𦄓	2026-06-28	# SIP plane (no glyph)
dou	𦆘	2026-06-28	# SIP plane (no glyph)
dou	𧏆	2026-06-28	# SIP plane (no glyph)
dou	𧘞	2026-06-28	# SIP plane (no glyph)
dou	𧡸	2026-06-28	# SIP plane (no glyph)
dou	𧮡	2026-06-28	# SIP plane (no glyph)
dou	𧯞	2026-06-28	# SIP plane (no glyph)
dou	𧯠	2026-06-28	# SIP plane (no glyph)
dou	𧯤	2026-06-28	# SIP plane (no glyph)
dou	𧱓	2026-06-28	# SIP plane (no glyph)
dou	𨁋	2026-06-28	# SIP plane (no glyph)
dou	𨥪	2026-06-28	# SIP plane (no glyph)
dou	𨪐	2026-06-28	# SIP plane (no glyph)
dou	𨴜	2026-06-28	# SIP plane (no glyph)
dou	𨶜	2026-06-28	# SIP plane (no glyph)
dou	𨹜	2026-06-28	# SIP plane (no glyph)
dou	𩊪	2026-06-28	# SIP plane (no glyph)
dou	𩑯	2026-06-28	# SIP plane (no glyph)
dou	𩔡	2026-06-28	# SIP plane (no glyph)
dou	𩮷	2026-06-28	# SIP plane (no glyph)
dou	𩳈	2026-06-28	# SIP plane (no glyph)
dou	𪌉	2026-06-28	# SIP plane (no glyph)
dou	𪐺	2026-06-28	# SIP plane (no glyph)
dou	𫔯	2026-06-28	# SIP plane (no glyph)
dou	𰴛	2026-06-28	# SIP plane (no glyph)
dou	𰵫	2026-06-28	# SIP plane (no glyph)
du	𠉩	2026-06-28	# SIP plane (no glyph)
du	𠠔	2026-06-28	# SIP plane (no glyph)
du	𠠠	2026-06-28	# SIP plane (no glyph)
du	𠣰	2026-06-28	# SIP plane (no glyph)
du	𡍨	2026-06-28	# SIP plane (no glyph)
du	𡎉	2026-06-28	# SIP plane (no glyph)
du	𡝜	2026-06-28	# SIP plane (no glyph)
du	𡰪	2026-06-28	# SIP plane (no glyph)
du	𢉜	2026-06-28	# SIP plane (no glyph)
du	𢝂	2026-06-28	# SIP plane (no glyph)
du	𢷺	2026-06-28	# SIP plane (no glyph)
du	𢾀	2026-06-28	# SIP plane (no glyph)
du	𢾅	2026-06-28	# SIP plane (no glyph)
du	𣧃	2026-06-28	# SIP plane (no glyph)
du	𣨲	2026-06-28	# SIP plane (no glyph)
du	𣫔	2026-06-28	# SIP plane (no glyph)
du	𣰬	2026-06-28	# SIP plane (no glyph)
du	𤚚	2026-06-28	# SIP plane (no glyph)
du	𤚡	2026-06-28	# SIP plane (no glyph)
du	𤫻	2026-06-28	# SIP plane (no glyph)
du	𤬂	2026-06-28	# SIP plane (no glyph)
du	𤬪	2026-06-28	# SIP plane (no glyph)
du	𤴱	2026-06-28	# SIP plane (no glyph)
du	𤵊	2026-06-28	# SIP plane (no glyph)
du	𤶮	2026-06-28	# SIP plane (no glyph)
du	𥀁	2026-06-28	# SIP plane (no glyph)
du	𥀲	2026-06-28	# SIP plane (no glyph)
du	𥃾	2026-06-28	# SIP plane (no glyph)
du	𥑯	2026-06-28	# SIP plane (no glyph)
du	𥓇	2026-06-28	# SIP plane (no glyph)
du	𥓍	2026-06-28	# SIP plane (no glyph)
du	𥖿	2026-06-28	# SIP plane (no glyph)
du	𥝟	2026-06-28	# SIP plane (no glyph)
du	𥝾	2026-06-28	# SIP plane (no glyph)
du	𥯖	2026-06-28	# SIP plane (no glyph)
du	𥲗	2026-06-28	# SIP plane (no glyph)
du	𥳉	2026-06-28	# SIP plane (no glyph)
du	𥳲	2026-06-28	# SIP plane (no glyph)
du	𦌷	2026-06-28	# SIP plane (no glyph)
du	𦏕	2026-06-28	# SIP plane (no glyph)
du	𦘴	2026-06-28	# SIP plane (no glyph)
du	𦙋	2026-06-28	# SIP plane (no glyph)
du	𦛯	2026-06-28	# SIP plane (no glyph)
du	𦡄	2026-06-28	# SIP plane (no glyph)
du	𦳔	2026-06-28	# SIP plane (no glyph)
du	𦺇	2026-06-28	# SIP plane (no glyph)
du	𦺥	2026-06-28	# SIP plane (no glyph)
du	𧁿	2026-06-28	# SIP plane (no glyph)
du	𧉓	2026-06-28	# SIP plane (no glyph)
du	𧋌	2026-06-28	# SIP plane (no glyph)
du	𧐰	2026-06-28	# SIP plane (no glyph)
du	𧑠	2026-06-28	# SIP plane (no glyph)
du	𧔬	2026-06-28	# SIP plane (no glyph)
du	𧛔	2026-06-28	# SIP plane (no glyph)
du	𧞹	2026-06-28	# SIP plane (no glyph)
du	𧰵	2026-06-28	# SIP plane (no glyph)
du	𧷿	2026-06-28	# SIP plane (no glyph)
du	𧾥	2026-06-28	# SIP plane (no glyph)
du	𨂭	2026-06-28	# SIP plane (no glyph)
du	𨋈	2026-06-28	# SIP plane (no glyph)
du	𨍛	2026-06-28	# SIP plane (no glyph)
du	𨽍	2026-06-28	# SIP plane (no glyph)
du	𩞾	2026-06-28	# SIP plane (no glyph)
du	𩧈	2026-06-28	# SIP plane (no glyph)
du	𩩮	2026-06-28	# SIP plane (no glyph)
du	𩵚	2026-06-28	# SIP plane (no glyph)
du	𪍹	2026-06-28	# SIP plane (no glyph)
du	𪐞	2026-06-28	# SIP plane (no glyph)
du	𪥿	2026-06-28	# SIP plane (no glyph)
du	𪻨	2026-06-28	# SIP plane (no glyph)
du	𫧿	2026-06-28	# SIP plane (no glyph)
du	𬢎	2026-06-28	# SIP plane (no glyph)
du	𬭊	2026-06-28	# SIP plane (no glyph)
du	𬶂	2026-06-28	# SIP plane (no glyph)
du	𮏺	2026-06-28	# SIP plane (no glyph)
du	𮙋	2026-06-28	# SIP plane (no glyph)
du	𰃿	2026-06-28	# SIP plane (no glyph)
du	𰅥	2026-06-28	# SIP plane (no glyph)
du	𰤫	2026-06-28	# SIP plane (no glyph)
du	𰤬	2026-06-28	# SIP plane (no glyph)
du	𰶔	2026-06-28	# SIP plane (no glyph)
du	𰷸	2026-06-28	# SIP plane (no glyph)
du	𱁷	2026-06-28	# SIP plane (no glyph)
du	𱂋	2026-06-28	# SIP plane (no glyph)
du	𱄿	2026-06-28	# SIP plane (no glyph)
duan	𠡱	2026-06-28	# SIP plane (no glyph)
duan	𢭃	2026-06-28	# SIP plane (no glyph)
duan	𢯫	2026-06-28	# SIP plane (no glyph)
duan	𢷖	2026-06-28	# SIP plane (no glyph)
duan	𣠭	2026-06-28	# SIP plane (no glyph)
duan	𥠄	2026-06-28	# SIP plane (no glyph)
duan	𥵣	2026-06-28	# SIP plane (no glyph)
duan	𦾸	2026-06-28	# SIP plane (no glyph)
duan	𧤗	2026-06-28	# SIP plane (no glyph)
duan	𧶲	2026-06-28	# SIP plane (no glyph)
duan	𨱚	2026-06-28	# SIP plane (no glyph)
duan	𨺣	2026-06-28	# SIP plane (no glyph)
duan	𩏇	2026-06-28	# SIP plane (no glyph)
duan	𩤚	2026-06-28	# SIP plane (no glyph)
duan	𩤣	2026-06-28	# SIP plane (no glyph)
duan	𰾜	2026-06-28	# SIP plane (no glyph)
duan	𱛽	2026-06-28	# SIP plane (no glyph)
dui	𠂤	2026-06-28	# SIP plane (no glyph)
dui	𠏮	2026-06-28	# SIP plane (no glyph)
dui	𠜑	2026-06-28	# SIP plane (no glyph)
dui	𠡒	2026-06-28	# SIP plane (no glyph)
dui	𠦗	2026-06-28	# SIP plane (no glyph)
dui	𠫨	2026-06-28	# SIP plane (no glyph)
dui	𡁨	2026-06-28	# SIP plane (no glyph)
dui	𡏩	2026-06-28	# SIP plane (no glyph)
dui	𡑈	2026-06-28	# SIP plane (no glyph)
dui	𡜥	2026-06-28	# SIP plane (no glyph)
dui	𡷋	2026-06-28	# SIP plane (no glyph)
dui	𡼻	2026-06-28	# SIP plane (no glyph)
dui	𢈹	2026-06-28	# SIP plane (no glyph)
dui	𢟋	2026-06-28	# SIP plane (no glyph)
dui	𣝉	2026-06-28	# SIP plane (no glyph)
dui	𤄛	2026-06-28	# SIP plane (no glyph)
dui	𤤷	2026-06-28	# SIP plane (no glyph)
dui	𤮩	2026-06-28	# SIP plane (no glyph)
dui	𤷎	2026-06-28	# SIP plane (no glyph)
dui	𤹵	2026-06-28	# SIP plane (no glyph)
dui	𥑵	2026-06-28	# SIP plane (no glyph)
dui	𥹲	2026-06-28	# SIP plane (no glyph)
dui	𦞱	2026-06-28	# SIP plane (no glyph)
dui	𦡷	2026-06-28	# SIP plane (no glyph)
dui	𦶏	2026-06-28	# SIP plane (no glyph)
dui	𧧆	2026-06-28	# SIP plane (no glyph)
dui	𨹅	2026-06-28	# SIP plane (no glyph)
dui	𩄮	2026-06-28	# SIP plane (no glyph)
dui	𩅆	2026-06-28	# SIP plane (no glyph)
dui	𩅥	2026-06-28	# SIP plane (no glyph)
dui	𩅲	2026-06-28	# SIP plane (no glyph)
dui	𩈁	2026-06-28	# SIP plane (no glyph)
dui	𩈜	2026-06-28	# SIP plane (no glyph)
dui	𩊭	2026-06-28	# SIP plane (no glyph)
dui	𩐌	2026-06-28	# SIP plane (no glyph)
dui	𩨽	2026-06-28	# SIP plane (no glyph)
dui	𪌤	2026-06-28	# SIP plane (no glyph)
dui	𪒛	2026-06-28	# SIP plane (no glyph)
dui	𪒡	2026-06-28	# SIP plane (no glyph)
dui	𫗰	2026-06-28	# SIP plane (no glyph)
dui	𫢘	2026-06-28	# SIP plane (no glyph)
dui	𬀮	2026-06-28	# SIP plane (no glyph)
dui	𬤣	2026-06-28	# SIP plane (no glyph)
dui	𰰱	2026-06-28	# SIP plane (no glyph)
dui	𰳸	2026-06-28	# SIP plane (no glyph)
dui	𰺃	2026-06-28	# SIP plane (no glyph)
dui	𱁒	2026-06-28	# SIP plane (no glyph)
dui	𱂍	2026-06-28	# SIP plane (no glyph)
dun	𠎻	2026-06-28	# SIP plane (no glyph)
dun	𡆰	2026-06-28	# SIP plane (no glyph)
dun	𡼖	2026-06-28	# SIP plane (no glyph)
dun	𢬼	2026-06-28	# SIP plane (no glyph)
dun	𣎴	2026-06-28	# SIP plane (no glyph)
dun	𣗁	2026-06-28	# SIP plane (no glyph)
dun	𣚪	2026-06-28	# SIP plane (no glyph)
dun	𣞇	2026-06-28	# SIP plane (no glyph)
dun	𤟢	2026-06-28	# SIP plane (no glyph)
dun	𤭞	2026-06-28	# SIP plane (no glyph)
dun	𥂦	2026-06-28	# SIP plane (no glyph)
dun	𥫬	2026-06-28	# SIP plane (no glyph)
dun	𥫱	2026-06-28	# SIP plane (no glyph)
dun	𥭒	2026-06-28	# SIP plane (no glyph)
dun	𦪔	2026-06-28	# SIP plane (no glyph)
dun	𦰭	2026-06-28	# SIP plane (no glyph)
dun	𦼿	2026-06-28	# SIP plane (no glyph)
dun	𧝗	2026-06-28	# SIP plane (no glyph)
dun	𧿗	2026-06-28	# SIP plane (no glyph)
dun	𨔡	2026-06-28	# SIP plane (no glyph)
dun	𩔂	2026-06-28	# SIP plane (no glyph)
dun	𩞤	2026-06-28	# SIP plane (no glyph)
dun	𮪥	2026-06-28	# SIP plane (no glyph)
duo	𠛫	2026-06-28	# SIP plane (no glyph)
duo	𡌭	2026-06-28	# SIP plane (no glyph)
duo	𡓉	2026-06-28	# SIP plane (no glyph)
duo	𡓷	2026-06-28	# SIP plane (no glyph)
duo	𡶲	2026-06-28	# SIP plane (no glyph)
duo	𡺇	2026-06-28	# SIP plane (no glyph)
duo	𢜬	2026-06-28	# SIP plane (no glyph)
duo	𢳽	2026-06-28	# SIP plane (no glyph)
duo	𢼠	2026-06-28	# SIP plane (no glyph)
duo	𢿎	2026-06-28	# SIP plane (no glyph)
duo	𣑧	2026-06-28	# SIP plane (no glyph)
duo	𣧷	2026-06-28	# SIP plane (no glyph)
duo	𣵺	2026-06-28	# SIP plane (no glyph)
duo	𣵻	2026-06-28	# SIP plane (no glyph)
duo	𤋨	2026-06-28	# SIP plane (no glyph)
duo	𤌃	2026-06-28	# SIP plane (no glyph)
duo	𤛛	2026-06-28	# SIP plane (no glyph)
duo	𤢕	2026-06-28	# SIP plane (no glyph)
duo	𤤸	2026-06-28	# SIP plane (no glyph)
duo	𤬾	2026-06-28	# SIP plane (no glyph)
duo	𥞛	2026-06-28	# SIP plane (no glyph)
duo	𥳔	2026-06-28	# SIP plane (no glyph)
duo	𥿰	2026-06-28	# SIP plane (no glyph)
duo	𦍦	2026-06-28	# SIP plane (no glyph)
duo	𦕰	2026-06-28	# SIP plane (no glyph)
duo	𦖋	2026-06-28	# SIP plane (no glyph)
duo	𧊱	2026-06-28	# SIP plane (no glyph)
duo	𧙤	2026-06-28	# SIP plane (no glyph)
duo	𧢵	2026-06-28	# SIP plane (no glyph)
duo	𧧇	2026-06-28	# SIP plane (no glyph)
duo	𧩧	2026-06-28	# SIP plane (no glyph)
duo	𧱫	2026-06-28	# SIP plane (no glyph)
duo	𨀟	2026-06-28	# SIP plane (no glyph)
duo	𨆅	2026-06-28	# SIP plane (no glyph)
duo	𨉡	2026-06-28	# SIP plane (no glyph)
duo	𨍏	2026-06-28	# SIP plane (no glyph)
duo	𨦃	2026-06-28	# SIP plane (no glyph)
duo	𨬍	2026-06-28	# SIP plane (no glyph)
duo	𨲉	2026-06-28	# SIP plane (no glyph)
duo	𨹃	2026-06-28	# SIP plane (no glyph)
duo	𩃒	2026-06-28	# SIP plane (no glyph)
duo	𩊜	2026-06-28	# SIP plane (no glyph)
duo	𩍜	2026-06-28	# SIP plane (no glyph)
duo	𩎫	2026-06-28	# SIP plane (no glyph)
duo	𩑒	2026-06-28	# SIP plane (no glyph)
duo	𩢎	2026-06-28	# SIP plane (no glyph)
duo	𩬻	2026-06-28	# SIP plane (no glyph)
duo	𪃒	2026-06-28	# SIP plane (no glyph)
duo	𪘉	2026-06-28	# SIP plane (no glyph)
duo	𪞝	2026-06-28	# SIP plane (no glyph)
duo	𫖰	2026-06-28	# SIP plane (no glyph)
duo	𫛻	2026-06-28	# SIP plane (no glyph)
duo	𫰂	2026-06-28	# SIP plane (no glyph)
duo	𬤏	2026-06-28	# SIP plane (no glyph)
duo	𬦫	2026-06-28	# SIP plane (no glyph)
duo	𬭆	2026-06-28	# SIP plane (no glyph)
duo	𰹀	2026-06-28	# SIP plane (no glyph)
duo	𰺕	2026-06-28	# SIP plane (no glyph)
duo	𰾖	2026-06-28	# SIP plane (no glyph)
duo	𱁳	2026-06-28	# SIP plane (no glyph)
duo	𱂠	2026-06-28	# SIP plane (no glyph)
duo	𱊍	2026-06-28	# SIP plane (no glyph)
e	𠥍	2026-06-28	# SIP plane (no glyph)
e	𠥕	2026-06-28	# SIP plane (no glyph)
e	𠥜	2026-06-28	# SIP plane (no glyph)
e	𠰜	2026-06-28	# SIP plane (no glyph)
e	𠱥	2026-06-28	# SIP plane (no glyph)
e	𠱫	2026-06-28	# SIP plane (no glyph)
e	𠷸	2026-06-28	# SIP plane (no glyph)
e	𡀾	2026-06-28	# SIP plane (no glyph)
e	𡅅	2026-06-28	# SIP plane (no glyph)
e	𡅡	2026-06-28	# SIP plane (no glyph)
e	𡪑	2026-06-28	# SIP plane (no glyph)
e	𡪗	2026-06-28	# SIP plane (no glyph)
e	𡴯	2026-06-28	# SIP plane (no glyph)
e	𡹣	2026-06-28	# SIP plane (no glyph)
e	𡾙	2026-06-28	# SIP plane (no glyph)
e	𢃲	2026-06-28	# SIP plane (no glyph)
e	𢨡	2026-06-28	# SIP plane (no glyph)
e	𢼚	2026-06-28	# SIP plane (no glyph)
e	𣄰	2026-06-28	# SIP plane (no glyph)
e	𣘨	2026-06-28	# SIP plane (no glyph)
e	𣢛	2026-06-28	# SIP plane (no glyph)
e	𣤲	2026-06-28	# SIP plane (no glyph)
e	𣦵	2026-06-28	# SIP plane (no glyph)
e	𤂷	2026-06-28	# SIP plane (no glyph)
e	𤎣	2026-06-28	# SIP plane (no glyph)
e	𤡾	2026-06-28	# SIP plane (no glyph)
e	𤪄	2026-06-28	# SIP plane (no glyph)
e	𤭼	2026-06-28	# SIP plane (no glyph)
e	𤸱	2026-06-28	# SIP plane (no glyph)
e	𤹺	2026-06-28	# SIP plane (no glyph)
e	𥋙	2026-06-28	# SIP plane (no glyph)
e	𥑺	2026-06-28	# SIP plane (no glyph)
e	𥑾	2026-06-28	# SIP plane (no glyph)
e	𥓈	2026-06-28	# SIP plane (no glyph)
e	𥔲	2026-06-28	# SIP plane (no glyph)
e	𥯳	2026-06-28	# SIP plane (no glyph)
e	𦊪	2026-06-28	# SIP plane (no glyph)
e	𦛅	2026-06-28	# SIP plane (no glyph)
e	𧊜	2026-06-28	# SIP plane (no glyph)
e	𧌄	2026-06-28	# SIP plane (no glyph)
e	𧍬	2026-06-28	# SIP plane (no glyph)
e	𧒎	2026-06-28	# SIP plane (no glyph)
e	𧔼	2026-06-28	# SIP plane (no glyph)
e	𧙃	2026-06-28	# SIP plane (no glyph)
e	𧚄	2026-06-28	# SIP plane (no glyph)
e	𧠞	2026-06-28	# SIP plane (no glyph)
e	𧢽	2026-06-28	# SIP plane (no glyph)
e	𧨟	2026-06-28	# SIP plane (no glyph)
e	𧭪	2026-06-28	# SIP plane (no glyph)
e	𧼎	2026-06-28	# SIP plane (no glyph)
e	𧽶	2026-06-28	# SIP plane (no glyph)
e	𧿕	2026-06-28	# SIP plane (no glyph)
e	𨂁	2026-06-28	# SIP plane (no glyph)
e	𨃃	2026-06-28	# SIP plane (no glyph)
e	𨌧	2026-06-28	# SIP plane (no glyph)
e	𨤕	2026-06-28	# SIP plane (no glyph)
e	𨱂	2026-06-28	# SIP plane (no glyph)
e	𨵌	2026-06-28	# SIP plane (no glyph)
e	𨶯	2026-06-28	# SIP plane (no glyph)
e	𨸷	2026-06-28	# SIP plane (no glyph)
e	𨺨	2026-06-28	# SIP plane (no glyph)
e	𩇠	2026-06-28	# SIP plane (no glyph)
e	𩉴	2026-06-28	# SIP plane (no glyph)
e	𩊢	2026-06-28	# SIP plane (no glyph)
e	𩋊	2026-06-28	# SIP plane (no glyph)
e	𩋽	2026-06-28	# SIP plane (no glyph)
e	𩐰	2026-06-28	# SIP plane (no glyph)
e	𩑁	2026-06-28	# SIP plane (no glyph)
e	𩒰	2026-06-28	# SIP plane (no glyph)
e	𩕟	2026-06-28	# SIP plane (no glyph)
e	𩕬	2026-06-28	# SIP plane (no glyph)
e	𩖀	2026-06-28	# SIP plane (no glyph)
e	𩚬	2026-06-28	# SIP plane (no glyph)
e	𩣣	2026-06-28	# SIP plane (no glyph)
e	𩤩	2026-06-28	# SIP plane (no glyph)
e	𩨮	2026-06-28	# SIP plane (no glyph)
e	𩪤	2026-06-28	# SIP plane (no glyph)
e	𩸇	2026-06-28	# SIP plane (no glyph)
e	𩸋	2026-06-28	# SIP plane (no glyph)
e	𩸖	2026-06-28	# SIP plane (no glyph)
e	𩽹	2026-06-28	# SIP plane (no glyph)
e	𪀝	2026-06-28	# SIP plane (no glyph)
e	𪅴	2026-06-28	# SIP plane (no glyph)
e	𪘊	2026-06-28	# SIP plane (no glyph)
e	𪘐	2026-06-28	# SIP plane (no glyph)
e	𪙯	2026-06-28	# SIP plane (no glyph)
e	𪴯	2026-06-28	# SIP plane (no glyph)
e	𫫇	2026-06-28	# SIP plane (no glyph)
e	𬮰	2026-06-28	# SIP plane (no glyph)
e	𮤸	2026-06-28	# SIP plane (no glyph)
e	𰲸	2026-06-28	# SIP plane (no glyph)
e	𰵑	2026-06-28	# SIP plane (no glyph)
e	𰵤	2026-06-28	# SIP plane (no glyph)
e	𰵮	2026-06-28	# SIP plane (no glyph)
e	𰽞	2026-06-28	# SIP plane (no glyph)
e	𱂥	2026-06-28	# SIP plane (no glyph)
e	𱂨	2026-06-28	# SIP plane (no glyph)
e	𱃽	2026-06-28	# SIP plane (no glyph)
e	𱅗	2026-06-28	# SIP plane (no glyph)
e	𱈚	2026-06-28	# SIP plane (no glyph)
e	𱩽	2026-06-28	# SIP plane (no glyph)
en	𡟯	2026-06-28	# SIP plane (no glyph)
en	𡵖	2026-06-28	# SIP plane (no glyph)
en	𡷐	2026-06-28	# SIP plane (no glyph)
en	𤇯	2026-06-28	# SIP plane (no glyph)
en	𤫹	2026-06-28	# SIP plane (no glyph)
en	𬲷	2026-06-28	# SIP plane (no glyph)
en	𱃹	2026-06-28	# SIP plane (no glyph)
en	𱄉	2026-06-28	# SIP plane (no glyph)
en	𱴨	2026-06-28	# SIP plane (no glyph)
er	𠚧	2026-06-28	# SIP plane (no glyph)
er	𡦕	2026-06-28	# SIP plane (no glyph)
er	𢀪	2026-06-28	# SIP plane (no glyph)
er	𢄽	2026-06-28	# SIP plane (no glyph)
er	𣧹	2026-06-28	# SIP plane (no glyph)
er	𣩚	2026-06-28	# SIP plane (no glyph)
er	𤽓	2026-06-28	# SIP plane (no glyph)
er	𥅡	2026-06-28	# SIP plane (no glyph)
er	𦓓	2026-06-28	# SIP plane (no glyph)
er	𦓔	2026-06-28	# SIP plane (no glyph)
er	𦖢	2026-06-28	# SIP plane (no glyph)
er	𦗼	2026-06-28	# SIP plane (no glyph)
er	𧌣	2026-06-28	# SIP plane (no glyph)
er	𨎪	2026-06-28	# SIP plane (no glyph)
er	𩚪	2026-06-28	# SIP plane (no glyph)
er	𩰴	2026-06-28	# SIP plane (no glyph)
er	𩱊	2026-06-28	# SIP plane (no glyph)
er	𩱓	2026-06-28	# SIP plane (no glyph)
er	𪐰	2026-06-28	# SIP plane (no glyph)
er	𪕔	2026-06-28	# SIP plane (no glyph)
er	𪕨	2026-06-28	# SIP plane (no glyph)
er	𪭧	2026-06-28	# SIP plane (no glyph)
er	𬃘	2026-06-28	# SIP plane (no glyph)
er	𮝵	2026-06-28	# SIP plane (no glyph)
er	𰺚	2026-06-28	# SIP plane (no glyph)
er	𱅋	2026-06-28	# SIP plane (no glyph)
fa	𠞵	2026-06-28	# SIP plane (no glyph)
fa	𠲎	2026-06-28	# SIP plane (no glyph)
fa	𤇰	2026-06-28	# SIP plane (no glyph)
fa	𤣹	2026-06-28	# SIP plane (no glyph)
fa	𤿓	2026-06-28	# SIP plane (no glyph)
fa	𥎰	2026-06-28	# SIP plane (no glyph)
fa	𥩱	2026-06-28	# SIP plane (no glyph)
fa	𦪑	2026-06-28	# SIP plane (no glyph)
fa	𧬋	2026-06-28	# SIP plane (no glyph)
fa	𨀳	2026-06-28	# SIP plane (no glyph)
fa	𨋺	2026-06-28	# SIP plane (no glyph)
fa	𫭨	2026-06-28	# SIP plane (no glyph)
fa	𬜧	2026-06-28	# SIP plane (no glyph)
fa	𭩰	2026-06-28	# SIP plane (no glyph)
fan	𠆩	2026-06-28	# SIP plane (no glyph)
fan	𠒾	2026-06-28	# SIP plane (no glyph)
fan	𡁈	2026-06-28	# SIP plane (no glyph)
fan	𡗹	2026-06-28	# SIP plane (no glyph)
fan	𡜀	2026-06-28	# SIP plane (no glyph)
fan	𡤎	2026-06-28	# SIP plane (no glyph)
fan	𡶉	2026-06-28	# SIP plane (no glyph)
fan	𢇪	2026-06-28	# SIP plane (no glyph)
fan	𢐲	2026-06-28	# SIP plane (no glyph)
fan	𢗰	2026-06-28	# SIP plane (no glyph)
fan	𢶃	2026-06-28	# SIP plane (no glyph)
fan	𣔶	2026-06-28	# SIP plane (no glyph)
fan	𣳜	2026-06-28	# SIP plane (no glyph)
fan	𤄑	2026-06-28	# SIP plane (no glyph)
fan	𤄫	2026-06-28	# SIP plane (no glyph)
fan	𤬨	2026-06-28	# SIP plane (no glyph)
fan	𤭍	2026-06-28	# SIP plane (no glyph)
fan	𥃵	2026-06-28	# SIP plane (no glyph)
fan	𥅒	2026-06-28	# SIP plane (no glyph)
fan	𥢌	2026-06-28	# SIP plane (no glyph)
fan	𥸨	2026-06-28	# SIP plane (no glyph)
fan	𥹇	2026-06-28	# SIP plane (no glyph)
fan	𥻫	2026-06-28	# SIP plane (no glyph)
fan	𥼞	2026-06-28	# SIP plane (no glyph)
fan	𥿋	2026-06-28	# SIP plane (no glyph)
fan	𦊻	2026-06-28	# SIP plane (no glyph)
fan	𦜒	2026-06-28	# SIP plane (no glyph)
fan	𦨲	2026-06-28	# SIP plane (no glyph)
fan	𦪖	2026-06-28	# SIP plane (no glyph)
fan	𧀭	2026-06-28	# SIP plane (no glyph)
fan	𧁉	2026-06-28	# SIP plane (no glyph)
fan	𧉤	2026-06-28	# SIP plane (no glyph)
fan	𧊾	2026-06-28	# SIP plane (no glyph)
fan	𧍙	2026-06-28	# SIP plane (no glyph)
fan	𧢜	2026-06-28	# SIP plane (no glyph)
fan	𧦟	2026-06-28	# SIP plane (no glyph)
fan	𧶶	2026-06-28	# SIP plane (no glyph)
fan	𨆌	2026-06-28	# SIP plane (no glyph)
fan	𨙮	2026-06-28	# SIP plane (no glyph)
fan	𨟄	2026-06-28	# SIP plane (no glyph)
fan	𨠒	2026-06-28	# SIP plane (no glyph)
fan	𩡫	2026-06-28	# SIP plane (no glyph)
fan	𩧅	2026-06-28	# SIP plane (no glyph)
fan	𩨏	2026-06-28	# SIP plane (no glyph)
fan	𩨩	2026-06-28	# SIP plane (no glyph)
fan	𪖇	2026-06-28	# SIP plane (no glyph)
fan	𫄩	2026-06-28	# SIP plane (no glyph)
fan	𫐊	2026-06-28	# SIP plane (no glyph)
fan	𫔍	2026-06-28	# SIP plane (no glyph)
fan	𫖺	2026-06-28	# SIP plane (no glyph)
fan	𬙆	2026-06-28	# SIP plane (no glyph)
fan	𬳳	2026-06-28	# SIP plane (no glyph)
fan	𬸪	2026-06-28	# SIP plane (no glyph)
fan	𮐚	2026-06-28	# SIP plane (no glyph)
fan	𰵐	2026-06-28	# SIP plane (no glyph)
fan	𰹴	2026-06-28	# SIP plane (no glyph)
fan	𰹺	2026-06-28	# SIP plane (no glyph)
fan	𰺜	2026-06-28	# SIP plane (no glyph)
fan	𱃴	2026-06-28	# SIP plane (no glyph)
fan	𱈕	2026-06-28	# SIP plane (no glyph)
fang	𣄅	2026-06-28	# SIP plane (no glyph)
fang	𥫳	2026-06-28	# SIP plane (no glyph)
fang	𨾔	2026-06-28	# SIP plane (no glyph)
fang	𩇴	2026-06-28	# SIP plane (no glyph)
fang	𩗧	2026-06-28	# SIP plane (no glyph)
fang	𩲌	2026-06-28	# SIP plane (no glyph)
fang	𩷸	2026-06-28	# SIP plane (no glyph)
fang	𪕃	2026-06-28	# SIP plane (no glyph)
fang	𫛯	2026-06-28	# SIP plane (no glyph)
fang	𮸐	2026-06-28	# SIP plane (no glyph)
fang	𲍮	2026-06-28	# SIP plane (no glyph)
fei	𠏿	2026-06-28	# SIP plane (no glyph)
fei	𠮆	2026-06-28	# SIP plane (no glyph)
fei	𡌦	2026-06-28	# SIP plane (no glyph)
fei	𢑮	2026-06-28	# SIP plane (no glyph)
fei	𢒍	2026-06-28	# SIP plane (no glyph)
fei	𢳁	2026-06-28	# SIP plane (no glyph)
fei	𢾺	2026-06-28	# SIP plane (no glyph)
fei	𣍧	2026-06-28	# SIP plane (no glyph)
fei	𣙿	2026-06-28	# SIP plane (no glyph)
fei	𤷂	2026-06-28	# SIP plane (no glyph)
fei	𤺕	2026-06-28	# SIP plane (no glyph)
fei	𤼺	2026-06-28	# SIP plane (no glyph)
fei	𥄱	2026-06-28	# SIP plane (no glyph)
fei	𥇖	2026-06-28	# SIP plane (no glyph)
fei	𥝊	2026-06-28	# SIP plane (no glyph)
fei	𥝋	2026-06-28	# SIP plane (no glyph)
fei	𥟍	2026-06-28	# SIP plane (no glyph)
fei	𥠶	2026-06-28	# SIP plane (no glyph)
fei	𥭬	2026-06-28	# SIP plane (no glyph)
fei	𦃄	2026-06-28	# SIP plane (no glyph)
fei	𦈗	2026-06-28	# SIP plane (no glyph)
fei	𦱷	2026-06-28	# SIP plane (no glyph)
fei	𧌘	2026-06-28	# SIP plane (no glyph)
fei	𧍃	2026-06-28	# SIP plane (no glyph)
fei	𧑈	2026-06-28	# SIP plane (no glyph)
fei	𧓖	2026-06-28	# SIP plane (no glyph)
fei	𧕒	2026-06-28	# SIP plane (no glyph)
fei	𧕿	2026-06-28	# SIP plane (no glyph)
fei	𧚆	2026-06-28	# SIP plane (no glyph)
fei	𧝇	2026-06-28	# SIP plane (no glyph)
fei	𨵈	2026-06-28	# SIP plane (no glyph)
fei	𨻃	2026-06-28	# SIP plane (no glyph)
fei	𩄼	2026-06-28	# SIP plane (no glyph)
fei	𩆦	2026-06-28	# SIP plane (no glyph)
fei	𩇫	2026-06-28	# SIP plane (no glyph)
fei	𩇮	2026-06-28	# SIP plane (no glyph)
fei	𩇯	2026-06-28	# SIP plane (no glyph)
fei	𩇽	2026-06-28	# SIP plane (no glyph)
fei	𩙲	2026-06-28	# SIP plane (no glyph)
fei	𩦎	2026-06-28	# SIP plane (no glyph)
fei	𩯃	2026-06-28	# SIP plane (no glyph)
fei	𩰾	2026-06-28	# SIP plane (no glyph)
fei	𩱎	2026-06-28	# SIP plane (no glyph)
fei	𩵥	2026-06-28	# SIP plane (no glyph)
fei	𩹉	2026-06-28	# SIP plane (no glyph)
fei	𪁹	2026-06-28	# SIP plane (no glyph)
fei	𪂏	2026-06-28	# SIP plane (no glyph)
fei	𪰶	2026-06-28	# SIP plane (no glyph)
fei	𪲮	2026-06-28	# SIP plane (no glyph)
fei	𫂈	2026-06-28	# SIP plane (no glyph)
fei	𫽧	2026-06-28	# SIP plane (no glyph)
fei	𬃮	2026-06-28	# SIP plane (no glyph)
fei	𬈕	2026-06-28	# SIP plane (no glyph)
fei	𬏦	2026-06-28	# SIP plane (no glyph)
fei	𬣧	2026-06-28	# SIP plane (no glyph)
fei	𬴂	2026-06-28	# SIP plane (no glyph)
fei	𮸽	2026-06-28	# SIP plane (no glyph)
fei	𮹂	2026-06-28	# SIP plane (no glyph)
fei	𰳊	2026-06-28	# SIP plane (no glyph)
fei	𰷦	2026-06-28	# SIP plane (no glyph)
fei	𰾐	2026-06-28	# SIP plane (no glyph)
fei	𱆄	2026-06-28	# SIP plane (no glyph)
fen	𠛸	2026-06-28	# SIP plane (no glyph)
fen	𠵮	2026-06-28	# SIP plane (no glyph)
fen	𠻫	2026-06-28	# SIP plane (no glyph)
fen	𡊄	2026-06-28	# SIP plane (no glyph)
fen	𡊅	2026-06-28	# SIP plane (no glyph)
fen	𡨖	2026-06-28	# SIP plane (no glyph)
fen	𢁤	2026-06-28	# SIP plane (no glyph)
fen	𢅯	2026-06-28	# SIP plane (no glyph)
fen	𢊱	2026-06-28	# SIP plane (no glyph)
fen	𢚅	2026-06-28	# SIP plane (no glyph)
fen	𢧝	2026-06-28	# SIP plane (no glyph)
fen	𢴢	2026-06-28	# SIP plane (no glyph)
fen	𢹔	2026-06-28	# SIP plane (no glyph)
fen	𣬩	2026-06-28	# SIP plane (no glyph)
fen	𣯻	2026-06-28	# SIP plane (no glyph)
fen	𣱦	2026-06-28	# SIP plane (no glyph)
fen	𣸣	2026-06-28	# SIP plane (no glyph)
fen	𤔟	2026-06-28	# SIP plane (no glyph)
fen	𤖘	2026-06-28	# SIP plane (no glyph)
fen	𤗸	2026-06-28	# SIP plane (no glyph)
fen	𤘝	2026-06-28	# SIP plane (no glyph)
fen	𤰪	2026-06-28	# SIP plane (no glyph)
fen	𥂙	2026-06-28	# SIP plane (no glyph)
fen	𥳡	2026-06-28	# SIP plane (no glyph)
fen	𥹻	2026-06-28	# SIP plane (no glyph)
fen	𥽒	2026-06-28	# SIP plane (no glyph)
fen	𦍏	2026-06-28	# SIP plane (no glyph)
fen	𦍪	2026-06-28	# SIP plane (no glyph)
fen	𦐈	2026-06-28	# SIP plane (no glyph)
fen	𦦑	2026-06-28	# SIP plane (no glyph)
fen	𦰛	2026-06-28	# SIP plane (no glyph)
fen	𦶚	2026-06-28	# SIP plane (no glyph)
fen	𧮱	2026-06-28	# SIP plane (no glyph)
fen	𧷐	2026-06-28	# SIP plane (no glyph)
fen	𧿚	2026-06-28	# SIP plane (no glyph)
fen	𨎾	2026-06-28	# SIP plane (no glyph)
fen	𨤘	2026-06-28	# SIP plane (no glyph)
fen	𨤚	2026-06-28	# SIP plane (no glyph)
fen	𨳣	2026-06-28	# SIP plane (no glyph)
fen	𨷒	2026-06-28	# SIP plane (no glyph)
fen	𩉵	2026-06-28	# SIP plane (no glyph)
fen	𩡷	2026-06-28	# SIP plane (no glyph)
fen	𩢈	2026-06-28	# SIP plane (no glyph)
fen	𩰟	2026-06-28	# SIP plane (no glyph)
fen	𩸂	2026-06-28	# SIP plane (no glyph)
fen	𩿈	2026-06-28	# SIP plane (no glyph)
fen	𪩸	2026-06-28	# SIP plane (no glyph)
fen	𪱥	2026-06-28	# SIP plane (no glyph)
fen	𫅗	2026-06-28	# SIP plane (no glyph)
fen	𫍛	2026-06-28	# SIP plane (no glyph)
fen	𫔁	2026-06-28	# SIP plane (no glyph)
fen	𫚍	2026-06-28	# SIP plane (no glyph)
fen	𫟴	2026-06-28	# SIP plane (no glyph)
fen	𬉂	2026-06-28	# SIP plane (no glyph)
fen	𬏷	2026-06-28	# SIP plane (no glyph)
fen	𬳟	2026-06-28	# SIP plane (no glyph)
fen	𮝷	2026-06-28	# SIP plane (no glyph)
fen	𰗺	2026-06-28	# SIP plane (no glyph)
fen	𰞻	2026-06-28	# SIP plane (no glyph)
fen	𰥛	2026-06-28	# SIP plane (no glyph)
fen	𰱍	2026-06-28	# SIP plane (no glyph)
fen	𰱟	2026-06-28	# SIP plane (no glyph)
fen	𱀡	2026-06-28	# SIP plane (no glyph)
fen	𱃼	2026-06-28	# SIP plane (no glyph)
fen	𱄀	2026-06-28	# SIP plane (no glyph)
fen	𱋱	2026-06-28	# SIP plane (no glyph)
fen	𱘮	2026-06-28	# SIP plane (no glyph)
feng	𡨛	2026-06-28	# SIP plane (no glyph)
feng	𡵞	2026-06-28	# SIP plane (no glyph)
feng	𢇫	2026-06-28	# SIP plane (no glyph)
feng	𢓱	2026-06-28	# SIP plane (no glyph)
feng	𣿝	2026-06-28	# SIP plane (no glyph)
feng	𤖀	2026-06-28	# SIP plane (no glyph)
feng	𥊒	2026-06-28	# SIP plane (no glyph)
feng	𥍮	2026-06-28	# SIP plane (no glyph)
feng	𥛝	2026-06-28	# SIP plane (no glyph)
feng	𥷜	2026-06-28	# SIP plane (no glyph)
feng	𥽈	2026-06-28	# SIP plane (no glyph)
feng	𦜁	2026-06-28	# SIP plane (no glyph)
feng	𦧁	2026-06-28	# SIP plane (no glyph)
feng	𧆉	2026-06-28	# SIP plane (no glyph)
feng	𧍯	2026-06-28	# SIP plane (no glyph)
feng	𧥹	2026-06-28	# SIP plane (no glyph)
feng	𧾳	2026-06-28	# SIP plane (no glyph)
feng	𨝭	2026-06-28	# SIP plane (no glyph)
feng	𨩥	2026-06-28	# SIP plane (no glyph)
feng	𨲫	2026-06-28	# SIP plane (no glyph)
feng	𨺢	2026-06-28	# SIP plane (no glyph)
feng	𩉧	2026-06-28	# SIP plane (no glyph)
feng	𩊩	2026-06-28	# SIP plane (no glyph)
feng	𩋮	2026-06-28	# SIP plane (no glyph)
feng	𩐯	2026-06-28	# SIP plane (no glyph)
feng	𩘵	2026-06-28	# SIP plane (no glyph)
feng	𩙐	2026-06-28	# SIP plane (no glyph)
feng	𩙣	2026-06-28	# SIP plane (no glyph)
feng	𩪌	2026-06-28	# SIP plane (no glyph)
feng	𪐃	2026-06-28	# SIP plane (no glyph)
feng	𫜑	2026-06-28	# SIP plane (no glyph)
feng	𫲸	2026-06-28	# SIP plane (no glyph)
feng	𮨴	2026-06-28	# SIP plane (no glyph)
feng	𮳠	2026-06-28	# SIP plane (no glyph)
feng	𮶂	2026-06-28	# SIP plane (no glyph)
fo	𧥚	2026-06-28	# SIP plane (no glyph)
fo	𧼴	2026-06-28	# SIP plane (no glyph)
fou	𡜊	2026-06-28	# SIP plane (no glyph)
fou	𤊻	2026-06-28	# SIP plane (no glyph)
fou	𤽦	2026-06-28	# SIP plane (no glyph)
fou	𧉈	2026-06-28	# SIP plane (no glyph)
fou	𧊦	2026-06-28	# SIP plane (no glyph)
fou	𨛔	2026-06-28	# SIP plane (no glyph)
fou	𩂆	2026-06-28	# SIP plane (no glyph)
fou	𫛜	2026-06-28	# SIP plane (no glyph)
fou	𰫽	2026-06-28	# SIP plane (no glyph)
fu	𠋩	2026-06-28	# SIP plane (no glyph)
fu	𠌽	2026-06-28	# SIP plane (no glyph)
fu	𠓗	2026-06-28	# SIP plane (no glyph)
fu	𠟌	2026-06-28	# SIP plane (no glyph)
fu	𠣾	2026-06-28	# SIP plane (no glyph)
fu	𠪻	2026-06-28	# SIP plane (no glyph)
fu	𠬝	2026-06-28	# SIP plane (no glyph)
fu	𠲽	2026-06-28	# SIP plane (no glyph)
fu	𡏪	2026-06-28	# SIP plane (no glyph)
fu	𡐝	2026-06-28	# SIP plane (no glyph)
fu	𡞪	2026-06-28	# SIP plane (no glyph)
fu	𡠞	2026-06-28	# SIP plane (no glyph)
fu	𡦄	2026-06-28	# SIP plane (no glyph)
fu	𡫺	2026-06-28	# SIP plane (no glyph)
fu	𡬇	2026-06-28	# SIP plane (no glyph)
fu	𡵛	2026-06-28	# SIP plane (no glyph)
fu	𢀼	2026-06-28	# SIP plane (no glyph)
fu	𢁀	2026-06-28	# SIP plane (no glyph)
fu	𢂀	2026-06-28	# SIP plane (no glyph)
fu	𢂆	2026-06-28	# SIP plane (no glyph)
fu	𢌹	2026-06-28	# SIP plane (no glyph)
fu	𢏍	2026-06-28	# SIP plane (no glyph)
fu	𢒒	2026-06-28	# SIP plane (no glyph)
fu	𢗫	2026-06-28	# SIP plane (no glyph)
fu	𢗲	2026-06-28	# SIP plane (no glyph)
fu	𢞦	2026-06-28	# SIP plane (no glyph)
fu	𢠲	2026-06-28	# SIP plane (no glyph)
fu	𢯋	2026-06-28	# SIP plane (no glyph)
fu	𢰆	2026-06-28	# SIP plane (no glyph)
fu	𢻀	2026-06-28	# SIP plane (no glyph)
fu	𣀣	2026-06-28	# SIP plane (no glyph)
fu	𣀾	2026-06-28	# SIP plane (no glyph)
fu	𣄎	2026-06-28	# SIP plane (no glyph)
fu	𣆵	2026-06-28	# SIP plane (no glyph)
fu	𣑿	2026-06-28	# SIP plane (no glyph)
fu	𣘧	2026-06-28	# SIP plane (no glyph)
fu	𣞒	2026-06-28	# SIP plane (no glyph)
fu	𣥋	2026-06-28	# SIP plane (no glyph)
fu	𣭘	2026-06-28	# SIP plane (no glyph)
fu	𣹋	2026-06-28	# SIP plane (no glyph)
fu	𣻜	2026-06-28	# SIP plane (no glyph)
fu	𣿆	2026-06-28	# SIP plane (no glyph)
fu	𤆮	2026-06-28	# SIP plane (no glyph)
fu	𤉨	2026-06-28	# SIP plane (no glyph)
fu	𤙤	2026-06-28	# SIP plane (no glyph)
fu	𤙭	2026-06-28	# SIP plane (no glyph)
fu	𤝔	2026-06-28	# SIP plane (no glyph)
fu	𤝟	2026-06-28	# SIP plane (no glyph)
fu	𤠪	2026-06-28	# SIP plane (no glyph)
fu	𤭟	2026-06-28	# SIP plane (no glyph)
fu	𤱽	2026-06-28	# SIP plane (no glyph)
fu	𤶖	2026-06-28	# SIP plane (no glyph)
fu	𤸑	2026-06-28	# SIP plane (no glyph)
fu	𤸗	2026-06-28	# SIP plane (no glyph)
fu	𤿭	2026-06-28	# SIP plane (no glyph)
fu	𤿲	2026-06-28	# SIP plane (no glyph)
fu	𥄑	2026-06-28	# SIP plane (no glyph)
fu	𥄓	2026-06-28	# SIP plane (no glyph)
fu	𥒫	2026-06-28	# SIP plane (no glyph)
fu	𥒰	2026-06-28	# SIP plane (no glyph)
fu	𥘬	2026-06-28	# SIP plane (no glyph)
fu	𥦘	2026-06-28	# SIP plane (no glyph)
fu	𥧷	2026-06-28	# SIP plane (no glyph)
fu	𥨍	2026-06-28	# SIP plane (no glyph)
fu	𥪋	2026-06-28	# SIP plane (no glyph)
fu	𥪚	2026-06-28	# SIP plane (no glyph)
fu	𥰛	2026-06-28	# SIP plane (no glyph)
fu	𥱀	2026-06-28	# SIP plane (no glyph)
fu	𥲛	2026-06-28	# SIP plane (no glyph)
fu	𥳇	2026-06-28	# SIP plane (no glyph)
fu	𥷱	2026-06-28	# SIP plane (no glyph)
fu	𥼼	2026-06-28	# SIP plane (no glyph)
fu	𥾧	2026-06-28	# SIP plane (no glyph)
fu	𦂊	2026-06-28	# SIP plane (no glyph)
fu	𦇁	2026-06-28	# SIP plane (no glyph)
fu	𦊦	2026-06-28	# SIP plane (no glyph)
fu	𦊾	2026-06-28	# SIP plane (no glyph)
fu	𦎎	2026-06-28	# SIP plane (no glyph)
fu	𦎭	2026-06-28	# SIP plane (no glyph)
fu	𦐡	2026-06-28	# SIP plane (no glyph)
fu	𦑹	2026-06-28	# SIP plane (no glyph)
fu	𦔍	2026-06-28	# SIP plane (no glyph)
fu	𦖀	2026-06-28	# SIP plane (no glyph)
fu	𦨈	2026-06-28	# SIP plane (no glyph)
fu	𦨋	2026-06-28	# SIP plane (no glyph)
fu	𦨡	2026-06-28	# SIP plane (no glyph)
fu	𦩡	2026-06-28	# SIP plane (no glyph)
fu	𦮹	2026-06-28	# SIP plane (no glyph)
fu	𦰺	2026-06-28	# SIP plane (no glyph)
fu	𦱖	2026-06-28	# SIP plane (no glyph)
fu	𦲫	2026-06-28	# SIP plane (no glyph)
fu	𦳓	2026-06-28	# SIP plane (no glyph)
fu	𦸱	2026-06-28	# SIP plane (no glyph)
fu	𦺉	2026-06-28	# SIP plane (no glyph)
fu	𦽏	2026-06-28	# SIP plane (no glyph)
fu	𦿁	2026-06-28	# SIP plane (no glyph)
fu	𧀮	2026-06-28	# SIP plane (no glyph)
fu	𧀴	2026-06-28	# SIP plane (no glyph)
fu	𧄏	2026-06-28	# SIP plane (no glyph)
fu	𧉊	2026-06-28	# SIP plane (no glyph)
fu	𧌈	2026-06-28	# SIP plane (no glyph)
fu	𧌓	2026-06-28	# SIP plane (no glyph)
fu	𧒂	2026-06-28	# SIP plane (no glyph)
fu	𧒙	2026-06-28	# SIP plane (no glyph)
fu	𧕡	2026-06-28	# SIP plane (no glyph)
fu	𧖚	2026-06-28	# SIP plane (no glyph)
fu	𧥱	2026-06-28	# SIP plane (no glyph)
fu	𧳂	2026-06-28	# SIP plane (no glyph)
fu	𧴌	2026-06-28	# SIP plane (no glyph)
fu	𧻳	2026-06-28	# SIP plane (no glyph)
fu	𧼗	2026-06-28	# SIP plane (no glyph)
fu	𧼱	2026-06-28	# SIP plane (no glyph)
fu	𧿳	2026-06-28	# SIP plane (no glyph)
fu	𨁒	2026-06-28	# SIP plane (no glyph)
fu	𨌥	2026-06-28	# SIP plane (no glyph)
fu	𨑑	2026-06-28	# SIP plane (no glyph)
fu	𨦛	2026-06-28	# SIP plane (no glyph)
fu	𨵟	2026-06-28	# SIP plane (no glyph)
fu	𨺅	2026-06-28	# SIP plane (no glyph)
fu	𩂎	2026-06-28	# SIP plane (no glyph)
fu	𩂔	2026-06-28	# SIP plane (no glyph)
fu	𩂕	2026-06-28	# SIP plane (no glyph)
fu	𩅿	2026-06-28	# SIP plane (no glyph)
fu	𩉽	2026-06-28	# SIP plane (no glyph)
fu	𩋟	2026-06-28	# SIP plane (no glyph)
fu	𩋨	2026-06-28	# SIP plane (no glyph)
fu	𩍏	2026-06-28	# SIP plane (no glyph)
fu	𩎛	2026-06-28	# SIP plane (no glyph)
fu	𩐚	2026-06-28	# SIP plane (no glyph)
fu	𩑬	2026-06-28	# SIP plane (no glyph)
fu	𩒙	2026-06-28	# SIP plane (no glyph)
fu	𩒺	2026-06-28	# SIP plane (no glyph)
fu	𩓖	2026-06-28	# SIP plane (no glyph)
fu	𩖬	2026-06-28	# SIP plane (no glyph)
fu	𩖼	2026-06-28	# SIP plane (no glyph)
fu	𩜲	2026-06-28	# SIP plane (no glyph)
fu	𩠷	2026-06-28	# SIP plane (no glyph)
fu	𩢰	2026-06-28	# SIP plane (no glyph)
fu	𩢿	2026-06-28	# SIP plane (no glyph)
fu	𩣜	2026-06-28	# SIP plane (no glyph)
fu	𩣸	2026-06-28	# SIP plane (no glyph)
fu	𩬙	2026-06-28	# SIP plane (no glyph)
fu	𩭺	2026-06-28	# SIP plane (no glyph)
fu	𩳎	2026-06-28	# SIP plane (no glyph)
fu	𩳐	2026-06-28	# SIP plane (no glyph)
fu	𩵩	2026-06-28	# SIP plane (no glyph)
fu	𩵹	2026-06-28	# SIP plane (no glyph)
fu	𩽺	2026-06-28	# SIP plane (no glyph)
fu	𩽻	2026-06-28	# SIP plane (no glyph)
fu	𩾿	2026-06-28	# SIP plane (no glyph)
fu	𩿧	2026-06-28	# SIP plane (no glyph)
fu	𪀺	2026-06-28	# SIP plane (no glyph)
fu	𪂀	2026-06-28	# SIP plane (no glyph)
fu	𪂋	2026-06-28	# SIP plane (no glyph)
fu	𪂾	2026-06-28	# SIP plane (no glyph)
fu	𪃓	2026-06-28	# SIP plane (no glyph)
fu	𪆠	2026-06-28	# SIP plane (no glyph)
fu	𪊐	2026-06-28	# SIP plane (no glyph)
fu	𪍏	2026-06-28	# SIP plane (no glyph)
fu	𫄢	2026-06-28	# SIP plane (no glyph)
fu	𫄭	2026-06-28	# SIP plane (no glyph)
fu	𫓧	2026-06-28	# SIP plane (no glyph)
fu	𫖯	2026-06-28	# SIP plane (no glyph)
fu	𫚒	2026-06-28	# SIP plane (no glyph)
fu	𫛡	2026-06-28	# SIP plane (no glyph)
fu	𫛳	2026-06-28	# SIP plane (no glyph)
fu	𮔅	2026-06-28	# SIP plane (no glyph)
fu	𮸕	2026-06-28	# SIP plane (no glyph)
fu	𮸦	2026-06-28	# SIP plane (no glyph)
fu	𰁾	2026-06-28	# SIP plane (no glyph)
fu	𰬅	2026-06-28	# SIP plane (no glyph)
fu	𰬘	2026-06-28	# SIP plane (no glyph)
fu	𰰷	2026-06-28	# SIP plane (no glyph)
fu	𰱦	2026-06-28	# SIP plane (no glyph)
fu	𰺓	2026-06-28	# SIP plane (no glyph)
fu	𰽮	2026-06-28	# SIP plane (no glyph)
fu	𰽱	2026-06-28	# SIP plane (no glyph)
fu	𰾟	2026-06-28	# SIP plane (no glyph)
fu	𱂩	2026-06-28	# SIP plane (no glyph)
fu	𱅎	2026-06-28	# SIP plane (no glyph)
fu	𱇲	2026-06-28	# SIP plane (no glyph)
fu	𱉎	2026-06-28	# SIP plane (no glyph)
fu	𱉜	2026-06-28	# SIP plane (no glyph)
fu	𱉺	2026-06-28	# SIP plane (no glyph)
fu	𱊏	2026-06-28	# SIP plane (no glyph)
fu	𱋖	2026-06-28	# SIP plane (no glyph)
fu	𱋗	2026-06-28	# SIP plane (no glyph)
fu	𱯧	2026-06-28	# SIP plane (no glyph)
ga	𠁥	2026-06-28	# SIP plane (no glyph)
ga	𡉅	2026-06-28	# SIP plane (no glyph)
ga	𡯰	2026-06-28	# SIP plane (no glyph)
ga	𡯽	2026-06-28	# SIP plane (no glyph)
ga	𡼛	2026-06-28	# SIP plane (no glyph)
ga	𲈖	2026-06-28	# SIP plane (no glyph)
gai	𠌰	2026-06-28	# SIP plane (no glyph)
gai	𡒖	2026-06-28	# SIP plane (no glyph)
gai	𡧣	2026-06-28	# SIP plane (no glyph)
gai	𢅤	2026-06-28	# SIP plane (no glyph)
gai	𢍓	2026-06-28	# SIP plane (no glyph)
gai	𢻉	2026-06-28	# SIP plane (no glyph)
gai	𦫻	2026-06-28	# SIP plane (no glyph)
gai	𧊏	2026-06-28	# SIP plane (no glyph)
gai	𧯺	2026-06-28	# SIP plane (no glyph)
gai	𨝕	2026-06-28	# SIP plane (no glyph)
gai	𨞨	2026-06-28	# SIP plane (no glyph)
gai	𨮂	2026-06-28	# SIP plane (no glyph)
gai	𨱕	2026-06-28	# SIP plane (no glyph)
gai	𨱣	2026-06-28	# SIP plane (no glyph)
gai	𨸛	2026-06-28	# SIP plane (no glyph)
gai	𩕭	2026-06-28	# SIP plane (no glyph)
gai	𬘠	2026-06-28	# SIP plane (no glyph)
gai	𬮿	2026-06-28	# SIP plane (no glyph)
gai	𰇀	2026-06-28	# SIP plane (no glyph)
gai	𰬓	2026-06-28	# SIP plane (no glyph)
gan	𠇵	2026-06-28	# SIP plane (no glyph)
gan	𠖫	2026-06-28	# SIP plane (no glyph)
gan	𡯋	2026-06-28	# SIP plane (no glyph)
gan	𡶑	2026-06-28	# SIP plane (no glyph)
gan	𢧀	2026-06-28	# SIP plane (no glyph)
gan	𣁖	2026-06-28	# SIP plane (no glyph)
gan	𣆙	2026-06-28	# SIP plane (no glyph)
gan	𣔼	2026-06-28	# SIP plane (no glyph)
gan	𣗲	2026-06-28	# SIP plane (no glyph)
gan	𣘠	2026-06-28	# SIP plane (no glyph)
gan	𣦖	2026-06-28	# SIP plane (no glyph)
gan	𣵼	2026-06-28	# SIP plane (no glyph)
gan	𣹟	2026-06-28	# SIP plane (no glyph)
gan	𤌹	2026-06-28	# SIP plane (no glyph)
gan	𤮽	2026-06-28	# SIP plane (no glyph)
gan	𤯌	2026-06-28	# SIP plane (no glyph)
gan	𥕵	2026-06-28	# SIP plane (no glyph)
gan	𥘏	2026-06-28	# SIP plane (no glyph)
gan	𥸡	2026-06-28	# SIP plane (no glyph)
gan	𥾍	2026-06-28	# SIP plane (no glyph)
gan	𦪧	2026-06-28	# SIP plane (no glyph)
gan	𦼮	2026-06-28	# SIP plane (no glyph)
gan	𦾮	2026-06-28	# SIP plane (no glyph)
gan	𧆐	2026-06-28	# SIP plane (no glyph)
gan	𧹳	2026-06-28	# SIP plane (no glyph)
gan	𧾲	2026-06-28	# SIP plane (no glyph)
gan	𨝌	2026-06-28	# SIP plane (no glyph)
gan	𨣝	2026-06-28	# SIP plane (no glyph)
gan	𨳼	2026-06-28	# SIP plane (no glyph)
gan	𩉐	2026-06-28	# SIP plane (no glyph)
gan	𩖦	2026-06-28	# SIP plane (no glyph)
gan	𩚵	2026-06-28	# SIP plane (no glyph)
gan	𩠁	2026-06-28	# SIP plane (no glyph)
gan	𩢨	2026-06-28	# SIP plane (no glyph)
gan	𩴁	2026-06-28	# SIP plane (no glyph)
gan	𩴌	2026-06-28	# SIP plane (no glyph)
gan	𩴵	2026-06-28	# SIP plane (no glyph)
gan	𩹸	2026-06-28	# SIP plane (no glyph)
gan	𪉿	2026-06-28	# SIP plane (no glyph)
gan	𪊄	2026-06-28	# SIP plane (no glyph)
gan	𪊇	2026-06-28	# SIP plane (no glyph)
gan	𪔆	2026-06-28	# SIP plane (no glyph)
gan	𪚬	2026-06-28	# SIP plane (no glyph)
gan	𫎬	2026-06-28	# SIP plane (no glyph)
gan	𫤽	2026-06-28	# SIP plane (no glyph)
gan	𬣠	2026-06-28	# SIP plane (no glyph)
gan	𬸹	2026-06-28	# SIP plane (no glyph)
gan	𱉊	2026-06-28	# SIP plane (no glyph)
gan	𱖇	2026-06-28	# SIP plane (no glyph)
gan	𱶡	2026-06-28	# SIP plane (no glyph)
gan	𱸜	2026-06-28	# SIP plane (no glyph)
gang	𠵹	2026-06-28	# SIP plane (no glyph)
gang	𡇬	2026-06-28	# SIP plane (no glyph)
gang	𢭈	2026-06-28	# SIP plane (no glyph)
gang	𢰌	2026-06-28	# SIP plane (no glyph)
gang	𣗵	2026-06-28	# SIP plane (no glyph)
gang	𣦐	2026-06-28	# SIP plane (no glyph)
gang	𤭛	2026-06-28	# SIP plane (no glyph)
gang	𦋳	2026-06-28	# SIP plane (no glyph)
gang	𦱌	2026-06-28	# SIP plane (no glyph)
gang	𨟼	2026-06-28	# SIP plane (no glyph)
gang	𫇪	2026-06-28	# SIP plane (no glyph)
gang	𫩚	2026-06-28	# SIP plane (no glyph)
gang	𫼱	2026-06-28	# SIP plane (no glyph)
gang	𮣲	2026-06-28	# SIP plane (no glyph)
gang	𮭰	2026-06-28	# SIP plane (no glyph)
gang	𰉙	2026-06-28	# SIP plane (no glyph)
gang	𰠫	2026-06-28	# SIP plane (no glyph)
gang	𱮴	2026-06-28	# SIP plane (no glyph)
gao	𡋟	2026-06-28	# SIP plane (no glyph)
gao	𡜲	2026-06-28	# SIP plane (no glyph)
gao	𡷥	2026-06-28	# SIP plane (no glyph)
gao	𡼗	2026-06-28	# SIP plane (no glyph)
gao	𢍎	2026-06-28	# SIP plane (no glyph)
gao	𢞟	2026-06-28	# SIP plane (no glyph)
gao	𣓌	2026-06-28	# SIP plane (no glyph)
gao	𣝏	2026-06-28	# SIP plane (no glyph)
gao	𣽎	2026-06-28	# SIP plane (no glyph)
gao	𤱟	2026-06-28	# SIP plane (no glyph)
gao	𥓖	2026-06-28	# SIP plane (no glyph)
gao	𥢐	2026-06-28	# SIP plane (no glyph)
gao	𥢑	2026-06-28	# SIP plane (no glyph)
gao	𦍱	2026-06-28	# SIP plane (no glyph)
gao	𦏦	2026-06-28	# SIP plane (no glyph)
gao	𦤎	2026-06-28	# SIP plane (no glyph)
gao	𦺆	2026-06-28	# SIP plane (no glyph)
gao	𧚡	2026-06-28	# SIP plane (no glyph)
gao	𧜉	2026-06-28	# SIP plane (no glyph)
gao	𧠼	2026-06-28	# SIP plane (no glyph)
gao	𧢌	2026-06-28	# SIP plane (no glyph)
gao	𨝲	2026-06-28	# SIP plane (no glyph)
gao	𩋺	2026-06-28	# SIP plane (no glyph)
gao	𩏤	2026-06-28	# SIP plane (no glyph)
gao	𩓢	2026-06-28	# SIP plane (no glyph)
gao	𩔇	2026-06-28	# SIP plane (no glyph)
gao	𩕍	2026-06-28	# SIP plane (no glyph)
gao	𩫓	2026-06-28	# SIP plane (no glyph)
gao	𪔘	2026-06-28	# SIP plane (no glyph)
gao	𬸢	2026-06-28	# SIP plane (no glyph)
gao	𱂳	2026-06-28	# SIP plane (no glyph)
gao	𱗤	2026-06-28	# SIP plane (no glyph)
ge	𠛊	2026-06-28	# SIP plane (no glyph)
ge	𠯫	2026-06-28	# SIP plane (no glyph)
ge	𠲱	2026-06-28	# SIP plane (no glyph)
ge	𠸲	2026-06-28	# SIP plane (no glyph)
ge	𠹓	2026-06-28	# SIP plane (no glyph)
ge	𠺝	2026-06-28	# SIP plane (no glyph)
ge	𡟍	2026-06-28	# SIP plane (no glyph)
ge	𢆜	2026-06-28	# SIP plane (no glyph)
ge	𢎄	2026-06-28	# SIP plane (no glyph)
ge	𢓜	2026-06-28	# SIP plane (no glyph)
ge	𢡍	2026-06-28	# SIP plane (no glyph)
ge	𢧧	2026-06-28	# SIP plane (no glyph)
ge	𢩓	2026-06-28	# SIP plane (no glyph)
ge	𢯹	2026-06-28	# SIP plane (no glyph)
ge	𢼛	2026-06-28	# SIP plane (no glyph)
ge	𣭝	2026-06-28	# SIP plane (no glyph)
ge	𤇞	2026-06-28	# SIP plane (no glyph)
ge	𤕒	2026-06-28	# SIP plane (no glyph)
ge	𤜊	2026-06-28	# SIP plane (no glyph)
ge	𤠇	2026-06-28	# SIP plane (no glyph)
ge	𤩲	2026-06-28	# SIP plane (no glyph)
ge	𤭻	2026-06-28	# SIP plane (no glyph)
ge	𥉅	2026-06-28	# SIP plane (no glyph)
ge	𥢸	2026-06-28	# SIP plane (no glyph)
ge	𥰮	2026-06-28	# SIP plane (no glyph)
ge	𥴩	2026-06-28	# SIP plane (no glyph)
ge	𥺊	2026-06-28	# SIP plane (no glyph)
ge	𦑜	2026-06-28	# SIP plane (no glyph)
ge	𦓱	2026-06-28	# SIP plane (no glyph)
ge	𦨜	2026-06-28	# SIP plane (no glyph)
ge	𧈌	2026-06-28	# SIP plane (no glyph)
ge	𧈑	2026-06-28	# SIP plane (no glyph)
ge	𧈖	2026-06-28	# SIP plane (no glyph)
ge	𧊧	2026-06-28	# SIP plane (no glyph)
ge	𧎺	2026-06-28	# SIP plane (no glyph)
ge	𧗶	2026-06-28	# SIP plane (no glyph)
ge	𧿩	2026-06-28	# SIP plane (no glyph)
ge	𨍮	2026-06-28	# SIP plane (no glyph)
ge	𨏚	2026-06-28	# SIP plane (no glyph)
ge	𨏴	2026-06-28	# SIP plane (no glyph)
ge	𨐥	2026-06-28	# SIP plane (no glyph)
ge	𨝆	2026-06-28	# SIP plane (no glyph)
ge	𨞛	2026-06-28	# SIP plane (no glyph)
ge	𨟶	2026-06-28	# SIP plane (no glyph)
ge	𨼣	2026-06-28	# SIP plane (no glyph)
ge	𨾓	2026-06-28	# SIP plane (no glyph)
ge	𩎎	2026-06-28	# SIP plane (no glyph)
ge	𩢅	2026-06-28	# SIP plane (no glyph)
ge	𩢛	2026-06-28	# SIP plane (no glyph)
ge	𩨀	2026-06-28	# SIP plane (no glyph)
ge	𩹺	2026-06-28	# SIP plane (no glyph)
ge	𩹿	2026-06-28	# SIP plane (no glyph)
ge	𩼙	2026-06-28	# SIP plane (no glyph)
ge	𩾷	2026-06-28	# SIP plane (no glyph)
ge	𪀁	2026-06-28	# SIP plane (no glyph)
ge	𪀉	2026-06-28	# SIP plane (no glyph)
ge	𪃿	2026-06-28	# SIP plane (no glyph)
ge	𪄎	2026-06-28	# SIP plane (no glyph)
ge	𪌣	2026-06-28	# SIP plane (no glyph)
ge	𫚗	2026-06-28	# SIP plane (no glyph)
ge	𫠅	2026-06-28	# SIP plane (no glyph)
ge	𬤐	2026-06-28	# SIP plane (no glyph)
ge	𬤑	2026-06-28	# SIP plane (no glyph)
ge	𬤒	2026-06-28	# SIP plane (no glyph)
ge	𬨍	2026-06-28	# SIP plane (no glyph)
ge	𬮤	2026-06-28	# SIP plane (no glyph)
ge	𬸂	2026-06-28	# SIP plane (no glyph)
ge	𬸠	2026-06-28	# SIP plane (no glyph)
ge	𮝺	2026-06-28	# SIP plane (no glyph)
ge	𱂆	2026-06-28	# SIP plane (no glyph)
ge	𱉕	2026-06-28	# SIP plane (no glyph)
ge	𱋓	2026-06-28	# SIP plane (no glyph)
ge	𱎼	2026-06-28	# SIP plane (no glyph)
ge	𱗋	2026-06-28	# SIP plane (no glyph)
ge	𱤗	2026-06-28	# SIP plane (no glyph)
gen	𠄣	2026-06-28	# SIP plane (no glyph)
gen	𠛵	2026-06-28	# SIP plane (no glyph)
gen	𥃩	2026-06-28	# SIP plane (no glyph)
gen	𨒼	2026-06-28	# SIP plane (no glyph)
gen	𩒝	2026-06-28	# SIP plane (no glyph)
gen	𩓓	2026-06-28	# SIP plane (no glyph)
gen	𫖱	2026-06-28	# SIP plane (no glyph)
gen	𬱝	2026-06-28	# SIP plane (no glyph)
geng	𠡣	2026-06-28	# SIP plane (no glyph)
geng	𡍷	2026-06-28	# SIP plane (no glyph)
geng	𡩃	2026-06-28	# SIP plane (no glyph)
geng	𢙾	2026-06-28	# SIP plane (no glyph)
geng	𢞚	2026-06-28	# SIP plane (no glyph)
geng	𣆳	2026-06-28	# SIP plane (no glyph)
geng	𣈶	2026-06-28	# SIP plane (no glyph)
geng	𣎄	2026-06-28	# SIP plane (no glyph)
geng	𥅨	2026-06-28	# SIP plane (no glyph)
geng	𥉔	2026-06-28	# SIP plane (no glyph)
geng	𥔂	2026-06-28	# SIP plane (no glyph)
geng	𥾚	2026-06-28	# SIP plane (no glyph)
geng	𦚸	2026-06-28	# SIP plane (no glyph)
geng	𦛟	2026-06-28	# SIP plane (no glyph)
geng	𦜷	2026-06-28	# SIP plane (no glyph)
geng	𦞌	2026-06-28	# SIP plane (no glyph)
geng	𦣍	2026-06-28	# SIP plane (no glyph)
geng	𦵸	2026-06-28	# SIP plane (no glyph)
geng	𧀙	2026-06-28	# SIP plane (no glyph)
geng	𧋑	2026-06-28	# SIP plane (no glyph)
geng	𧙸	2026-06-28	# SIP plane (no glyph)
geng	𧰨	2026-06-28	# SIP plane (no glyph)
geng	𩂼	2026-06-28	# SIP plane (no glyph)
geng	𩜣	2026-06-28	# SIP plane (no glyph)
geng	𩱁	2026-06-28	# SIP plane (no glyph)
geng	𩱋	2026-06-28	# SIP plane (no glyph)
geng	𩱧	2026-06-28	# SIP plane (no glyph)
geng	𬒔	2026-06-28	# SIP plane (no glyph)
geng	𬘵	2026-06-28	# SIP plane (no glyph)
geng	𬶊	2026-06-28	# SIP plane (no glyph)
geng	𮀲	2026-06-28	# SIP plane (no glyph)
geng	𰬌	2026-06-28	# SIP plane (no glyph)
geng	𱇥	2026-06-28	# SIP plane (no glyph)
geng	𱈇	2026-06-28	# SIP plane (no glyph)
geng	𱈈	2026-06-28	# SIP plane (no glyph)
gong	𠇒	2026-06-28	# SIP plane (no glyph)
gong	𠌕	2026-06-28	# SIP plane (no glyph)
gong	𠞖	2026-06-28	# SIP plane (no glyph)
gong	𡔕	2026-06-28	# SIP plane (no glyph)
gong	𡚑	2026-06-28	# SIP plane (no glyph)
gong	𡟫	2026-06-28	# SIP plane (no glyph)
gong	𢀜	2026-06-28	# SIP plane (no glyph)
gong	𢁠	2026-06-28	# SIP plane (no glyph)
gong	𢖷	2026-06-28	# SIP plane (no glyph)
gong	𢸁	2026-06-28	# SIP plane (no glyph)
gong	𤅐	2026-06-28	# SIP plane (no glyph)
gong	𤨶	2026-06-28	# SIP plane (no glyph)
gong	𤬳	2026-06-28	# SIP plane (no glyph)
gong	𤱨	2026-06-28	# SIP plane (no glyph)
gong	𥧂	2026-06-28	# SIP plane (no glyph)
gong	𥧡	2026-06-28	# SIP plane (no glyph)
gong	𥨐	2026-06-28	# SIP plane (no glyph)
gong	𥫋	2026-06-28	# SIP plane (no glyph)
gong	𥸲	2026-06-28	# SIP plane (no glyph)
gong	𦄜	2026-06-28	# SIP plane (no glyph)
gong	𦈩	2026-06-28	# SIP plane (no glyph)
gong	𦊫	2026-06-28	# SIP plane (no glyph)
gong	𦓳	2026-06-28	# SIP plane (no glyph)
gong	𦔸	2026-06-28	# SIP plane (no glyph)
gong	𦞗	2026-06-28	# SIP plane (no glyph)
gong	𦞨	2026-06-28	# SIP plane (no glyph)
gong	𦩼	2026-06-28	# SIP plane (no glyph)
gong	𦬘	2026-06-28	# SIP plane (no glyph)
gong	𧆷	2026-06-28	# SIP plane (no glyph)
gong	𧎡	2026-06-28	# SIP plane (no glyph)
gong	𧘏	2026-06-28	# SIP plane (no glyph)
gong	𨉫	2026-06-28	# SIP plane (no glyph)
gong	𨊧	2026-06-28	# SIP plane (no glyph)
gong	𨋑	2026-06-28	# SIP plane (no glyph)
gong	𨋝	2026-06-28	# SIP plane (no glyph)
gong	𨋷	2026-06-28	# SIP plane (no glyph)
gong	𨒱	2026-06-28	# SIP plane (no glyph)
gong	𨣂	2026-06-28	# SIP plane (no glyph)
gong	𨴛	2026-06-28	# SIP plane (no glyph)
gong	𩃙	2026-06-28	# SIP plane (no glyph)
gong	𩌌	2026-06-28	# SIP plane (no glyph)
gong	𩐣	2026-06-28	# SIP plane (no glyph)
gong	𩛘	2026-06-28	# SIP plane (no glyph)
gong	𪄌	2026-06-28	# SIP plane (no glyph)
gong	𪏠	2026-06-28	# SIP plane (no glyph)
gong	𪏢	2026-06-28	# SIP plane (no glyph)
gong	𫋐	2026-06-28	# SIP plane (no glyph)
gong	𫝪	2026-06-28	# SIP plane (no glyph)
gong	𫺌	2026-06-28	# SIP plane (no glyph)
gong	𬊎	2026-06-28	# SIP plane (no glyph)
gong	𬠈	2026-06-28	# SIP plane (no glyph)
gong	𬨆	2026-06-28	# SIP plane (no glyph)
gong	𮭥	2026-06-28	# SIP plane (no glyph)
gong	𰑟	2026-06-28	# SIP plane (no glyph)
gong	𰱀	2026-06-28	# SIP plane (no glyph)
gong	𰺄	2026-06-28	# SIP plane (no glyph)
gong	𱍁	2026-06-28	# SIP plane (no glyph)
gong	𱖭	2026-06-28	# SIP plane (no glyph)
gou	𠛎	2026-06-28	# SIP plane (no glyph)
gou	𡖑	2026-06-28	# SIP plane (no glyph)
gou	𡗁	2026-06-28	# SIP plane (no glyph)
gou	𢄇	2026-06-28	# SIP plane (no glyph)
gou	𣕉	2026-06-28	# SIP plane (no glyph)
gou	𣕌	2026-06-28	# SIP plane (no glyph)
gou	𣙱	2026-06-28	# SIP plane (no glyph)
gou	𣫌	2026-06-28	# SIP plane (no glyph)
gou	𤖮	2026-06-28	# SIP plane (no glyph)
gou	𤚼	2026-06-28	# SIP plane (no glyph)
gou	𤠼	2026-06-28	# SIP plane (no glyph)
gou	𤫱	2026-06-28	# SIP plane (no glyph)
gou	𥉇	2026-06-28	# SIP plane (no glyph)
gou	𥧒	2026-06-28	# SIP plane (no glyph)
gou	𥬉	2026-06-28	# SIP plane (no glyph)
gou	𥴴	2026-06-28	# SIP plane (no glyph)
gou	𥿺	2026-06-28	# SIP plane (no glyph)
gou	𦎯	2026-06-28	# SIP plane (no glyph)
gou	𦎼	2026-06-28	# SIP plane (no glyph)
gou	𦩷	2026-06-28	# SIP plane (no glyph)
gou	𦱣	2026-06-28	# SIP plane (no glyph)
gou	𦵷	2026-06-28	# SIP plane (no glyph)
gou	𦽋	2026-06-28	# SIP plane (no glyph)
gou	𧃛	2026-06-28	# SIP plane (no glyph)
gou	𧲿	2026-06-28	# SIP plane (no glyph)
gou	𧵈	2026-06-28	# SIP plane (no glyph)
gou	𨩦	2026-06-28	# SIP plane (no glyph)
gou	𩄢	2026-06-28	# SIP plane (no glyph)
gou	𪃺	2026-06-28	# SIP plane (no glyph)
gou	𪚭	2026-06-28	# SIP plane (no glyph)
gou	𫎧	2026-06-28	# SIP plane (no glyph)
gou	𫖕	2026-06-28	# SIP plane (no glyph)
gou	𬲯	2026-06-28	# SIP plane (no glyph)
gou	𰵛	2026-06-28	# SIP plane (no glyph)
gou	𰽭	2026-06-28	# SIP plane (no glyph)
gou	𱍅	2026-06-28	# SIP plane (no glyph)
gu	𠑹	2026-06-28	# SIP plane (no glyph)
gu	𠷞	2026-06-28	# SIP plane (no glyph)
gu	𠻧	2026-06-28	# SIP plane (no glyph)
gu	𠽿	2026-06-28	# SIP plane (no glyph)
gu	𡗷	2026-06-28	# SIP plane (no glyph)
gu	𡷓	2026-06-28	# SIP plane (no glyph)
gu	𡽂	2026-06-28	# SIP plane (no glyph)
gu	𢝳	2026-06-28	# SIP plane (no glyph)
gu	𢡇	2026-06-28	# SIP plane (no glyph)
gu	𣀐	2026-06-28	# SIP plane (no glyph)
gu	𣖫	2026-06-28	# SIP plane (no glyph)
gu	𣦩	2026-06-28	# SIP plane (no glyph)
gu	𣦭	2026-06-28	# SIP plane (no glyph)
gu	𣨍	2026-06-28	# SIP plane (no glyph)
gu	𣨺	2026-06-28	# SIP plane (no glyph)
gu	𣪸	2026-06-28	# SIP plane (no glyph)
gu	𣫀	2026-06-28	# SIP plane (no glyph)
gu	𣱫	2026-06-28	# SIP plane (no glyph)
gu	𤅱	2026-06-28	# SIP plane (no glyph)
gu	𤚱	2026-06-28	# SIP plane (no glyph)
gu	𥂰	2026-06-28	# SIP plane (no glyph)
gu	𥐬	2026-06-28	# SIP plane (no glyph)
gu	𥠳	2026-06-28	# SIP plane (no glyph)
gu	𥮝	2026-06-28	# SIP plane (no glyph)
gu	𥵠	2026-06-28	# SIP plane (no glyph)
gu	𥿍	2026-06-28	# SIP plane (no glyph)
gu	𦈔	2026-06-28	# SIP plane (no glyph)
gu	𦊬	2026-06-28	# SIP plane (no glyph)
gu	𦋆	2026-06-28	# SIP plane (no glyph)
gu	𦍩	2026-06-28	# SIP plane (no glyph)
gu	𦎰	2026-06-28	# SIP plane (no glyph)
gu	𦙶	2026-06-28	# SIP plane (no glyph)
gu	𦺠	2026-06-28	# SIP plane (no glyph)
gu	𦾫	2026-06-28	# SIP plane (no glyph)
gu	𧆻	2026-06-28	# SIP plane (no glyph)
gu	𧇡	2026-06-28	# SIP plane (no glyph)
gu	𧟣	2026-06-28	# SIP plane (no glyph)
gu	𧣡	2026-06-28	# SIP plane (no glyph)
gu	𧬕	2026-06-28	# SIP plane (no glyph)
gu	𧳸	2026-06-28	# SIP plane (no glyph)
gu	𧵎	2026-06-28	# SIP plane (no glyph)
gu	𨠋	2026-06-28	# SIP plane (no glyph)
gu	𨪷	2026-06-28	# SIP plane (no glyph)
gu	𨬕	2026-06-28	# SIP plane (no glyph)
gu	𨱃	2026-06-28	# SIP plane (no glyph)
gu	𨵐	2026-06-28	# SIP plane (no glyph)
gu	𨸯	2026-06-28	# SIP plane (no glyph)
gu	𩙏	2026-06-28	# SIP plane (no glyph)
gu	𩲱	2026-06-28	# SIP plane (no glyph)
gu	𩴡	2026-06-28	# SIP plane (no glyph)
gu	𪇗	2026-06-28	# SIP plane (no glyph)
gu	𪕷	2026-06-28	# SIP plane (no glyph)
gu	𮝴	2026-06-28	# SIP plane (no glyph)
gu	𮸹	2026-06-28	# SIP plane (no glyph)
gu	𱐏	2026-06-28	# SIP plane (no glyph)
gua	𠆣	2026-06-28	# SIP plane (no glyph)
gua	𠈥	2026-06-28	# SIP plane (no glyph)
gua	𠊰	2026-06-28	# SIP plane (no glyph)
gua	𠙼	2026-06-28	# SIP plane (no glyph)
gua	𠛒	2026-06-28	# SIP plane (no glyph)
gua	𠜵	2026-06-28	# SIP plane (no glyph)
gua	𠟗	2026-06-28	# SIP plane (no glyph)
gua	𠮠	2026-06-28	# SIP plane (no glyph)
gua	𠯑	2026-06-28	# SIP plane (no glyph)
gua	𠵯	2026-06-28	# SIP plane (no glyph)
gua	𡜁	2026-06-28	# SIP plane (no glyph)
gua	𣅻	2026-06-28	# SIP plane (no glyph)
gua	𤆜	2026-06-28	# SIP plane (no glyph)
gua	𥄼	2026-06-28	# SIP plane (no glyph)
gua	𥈓	2026-06-28	# SIP plane (no glyph)
gua	𥝒	2026-06-28	# SIP plane (no glyph)
gua	𦊱	2026-06-28	# SIP plane (no glyph)
gua	𧤐	2026-06-28	# SIP plane (no glyph)
gua	𧿼	2026-06-28	# SIP plane (no glyph)
gua	𨵃	2026-06-28	# SIP plane (no glyph)
gua	𩢍	2026-06-28	# SIP plane (no glyph)
gua	𩻎	2026-06-28	# SIP plane (no glyph)
gua	𪇜	2026-06-28	# SIP plane (no glyph)
gua	𬅥	2026-06-28	# SIP plane (no glyph)
gua	𬱠	2026-06-28	# SIP plane (no glyph)
gua	𬳷	2026-06-28	# SIP plane (no glyph)
gua	𮉤	2026-06-28	# SIP plane (no glyph)
gua	𮉨	2026-06-28	# SIP plane (no glyph)
gua	𱴾	2026-06-28	# SIP plane (no glyph)
guai	𠛕	2026-06-28	# SIP plane (no glyph)
guai	𠦬	2026-06-28	# SIP plane (no glyph)
guai	𡇸	2026-06-28	# SIP plane (no glyph)
guai	𡌪	2026-06-28	# SIP plane (no glyph)
guai	𡖪	2026-06-28	# SIP plane (no glyph)
guai	𡧩	2026-06-28	# SIP plane (no glyph)
guai	𢶒	2026-06-28	# SIP plane (no glyph)
guai	𣲾	2026-06-28	# SIP plane (no glyph)
guai	𥑋	2026-06-28	# SIP plane (no glyph)
guai	𥑰	2026-06-28	# SIP plane (no glyph)
guai	𦫳	2026-06-28	# SIP plane (no glyph)
guai	𦮃	2026-06-28	# SIP plane (no glyph)
guai	𧊅	2026-06-28	# SIP plane (no glyph)
guai	𧱾	2026-06-28	# SIP plane (no glyph)
guai	𧴚	2026-06-28	# SIP plane (no glyph)
guai	𩶦	2026-06-28	# SIP plane (no glyph)
guai	𪭯	2026-06-28	# SIP plane (no glyph)
guan	𠬆	2026-06-28	# SIP plane (no glyph)
guan	𠴨	2026-06-28	# SIP plane (no glyph)
guan	𡅭	2026-06-28	# SIP plane (no glyph)
guan	𡠒	2026-06-28	# SIP plane (no glyph)
guan	𡭷	2026-06-28	# SIP plane (no glyph)
guan	𢇇	2026-06-28	# SIP plane (no glyph)
guan	𢉂	2026-06-28	# SIP plane (no glyph)
guan	𢺄	2026-06-28	# SIP plane (no glyph)
guan	𣥥	2026-06-28	# SIP plane (no glyph)
guan	𣩔	2026-06-28	# SIP plane (no glyph)
guan	𣬂	2026-06-28	# SIP plane (no glyph)
guan	𤼐	2026-06-28	# SIP plane (no glyph)
guan	𥈒	2026-06-28	# SIP plane (no glyph)
guan	𥉀	2026-06-28	# SIP plane (no glyph)
guan	𥊫	2026-06-28	# SIP plane (no glyph)
guan	𥍅	2026-06-28	# SIP plane (no glyph)
guan	𥎅	2026-06-28	# SIP plane (no glyph)
guan	𥜄	2026-06-28	# SIP plane (no glyph)
guan	𥷬	2026-06-28	# SIP plane (no glyph)
guan	𥿑	2026-06-28	# SIP plane (no glyph)
guan	𦛤	2026-06-28	# SIP plane (no glyph)
guan	𦺊	2026-06-28	# SIP plane (no glyph)
guan	𨝑	2026-06-28	# SIP plane (no glyph)
guan	𨱌	2026-06-28	# SIP plane (no glyph)
guan	𨵄	2026-06-28	# SIP plane (no glyph)
guan	𨷀	2026-06-28	# SIP plane (no glyph)
guan	𩖒	2026-06-28	# SIP plane (no glyph)
guan	𪈸	2026-06-28	# SIP plane (no glyph)
guan	𫐑	2026-06-28	# SIP plane (no glyph)
guan	𬦻	2026-06-28	# SIP plane (no glyph)
guan	𬶵	2026-06-28	# SIP plane (no glyph)
guan	𬶺	2026-06-28	# SIP plane (no glyph)
guan	𮶁	2026-06-28	# SIP plane (no glyph)
guan	𰭄	2026-06-28	# SIP plane (no glyph)
guan	𰾒	2026-06-28	# SIP plane (no glyph)
guan	𰿨	2026-06-28	# SIP plane (no glyph)
guan	𱑖	2026-06-28	# SIP plane (no glyph)
guan	𱾆	2026-06-28	# SIP plane (no glyph)
guang	𠏤	2026-06-28	# SIP plane (no glyph)
guang	𢓯	2026-06-28	# SIP plane (no glyph)
guang	𤖖	2026-06-28	# SIP plane (no glyph)
guang	𤳭	2026-06-28	# SIP plane (no glyph)
guang	𤴀	2026-06-28	# SIP plane (no glyph)
guang	𥀱	2026-06-28	# SIP plane (no glyph)
guang	𦢎	2026-06-28	# SIP plane (no glyph)
guang	𧻺	2026-06-28	# SIP plane (no glyph)
guang	𨎩	2026-06-28	# SIP plane (no glyph)
guang	𨐈	2026-06-28	# SIP plane (no glyph)
guang	𨤡	2026-06-28	# SIP plane (no glyph)
guang	𨶰	2026-06-28	# SIP plane (no glyph)
guang	𩑈	2026-06-28	# SIP plane (no glyph)
guang	𩒚	2026-06-28	# SIP plane (no glyph)
guang	𩧉	2026-06-28	# SIP plane (no glyph)
guang	𪇵	2026-06-28	# SIP plane (no glyph)
guang	𪕓	2026-06-28	# SIP plane (no glyph)
guang	𬨒	2026-06-28	# SIP plane (no glyph)
guang	𬪺	2026-06-28	# SIP plane (no glyph)
guang	𰽵	2026-06-28	# SIP plane (no glyph)
guang	𰿹	2026-06-28	# SIP plane (no glyph)
guang	𱄾	2026-06-28	# SIP plane (no glyph)
gui	𠐽	2026-06-28	# SIP plane (no glyph)
gui	𠪑	2026-06-28	# SIP plane (no glyph)
gui	𠱓	2026-06-28	# SIP plane (no glyph)
gui	𡃩	2026-06-28	# SIP plane (no glyph)
gui	𡌲	2026-06-28	# SIP plane (no glyph)
gui	𡗤	2026-06-28	# SIP plane (no glyph)
gui	𡧭	2026-06-28	# SIP plane (no glyph)
gui	𡬂	2026-06-28	# SIP plane (no glyph)
gui	𡷺	2026-06-28	# SIP plane (no glyph)
gui	𡹙	2026-06-28	# SIP plane (no glyph)
gui	𢃯	2026-06-28	# SIP plane (no glyph)
gui	𢄊	2026-06-28	# SIP plane (no glyph)
gui	𢠿	2026-06-28	# SIP plane (no glyph)
gui	𢻂	2026-06-28	# SIP plane (no glyph)
gui	𣄜	2026-06-28	# SIP plane (no glyph)
gui	𣢪	2026-06-28	# SIP plane (no glyph)
gui	𣦦	2026-06-28	# SIP plane (no glyph)
gui	𣧎	2026-06-28	# SIP plane (no glyph)
gui	𣪕	2026-06-28	# SIP plane (no glyph)
gui	𣷾	2026-06-28	# SIP plane (no glyph)
gui	𤘧	2026-06-28	# SIP plane (no glyph)
gui	𤡱	2026-06-28	# SIP plane (no glyph)
gui	𤱺	2026-06-28	# SIP plane (no glyph)
gui	𤱾	2026-06-28	# SIP plane (no glyph)
gui	𤲉	2026-06-28	# SIP plane (no glyph)
gui	𤶊	2026-06-28	# SIP plane (no glyph)
gui	𤻿	2026-06-28	# SIP plane (no glyph)
gui	𤼮	2026-06-28	# SIP plane (no glyph)
gui	𤿡	2026-06-28	# SIP plane (no glyph)
gui	𥇳	2026-06-28	# SIP plane (no glyph)
gui	𥈸	2026-06-28	# SIP plane (no glyph)
gui	𥍁	2026-06-28	# SIP plane (no glyph)
gui	𥍨	2026-06-28	# SIP plane (no glyph)
gui	𥎛	2026-06-28	# SIP plane (no glyph)
gui	𥜏	2026-06-28	# SIP plane (no glyph)
gui	𥥠	2026-06-28	# SIP plane (no glyph)
gui	𥦣	2026-06-28	# SIP plane (no glyph)
gui	𦓯	2026-06-28	# SIP plane (no glyph)
gui	𦤇	2026-06-28	# SIP plane (no glyph)
gui	𦳛	2026-06-28	# SIP plane (no glyph)
gui	𧊄	2026-06-28	# SIP plane (no glyph)
gui	𧡫	2026-06-28	# SIP plane (no glyph)
gui	𧷱	2026-06-28	# SIP plane (no glyph)
gui	𧹑	2026-06-28	# SIP plane (no glyph)
gui	𧻜	2026-06-28	# SIP plane (no glyph)
gui	𨇙	2026-06-28	# SIP plane (no glyph)
gui	𨋡	2026-06-28	# SIP plane (no glyph)
gui	𨲿	2026-06-28	# SIP plane (no glyph)
gui	𨾚	2026-06-28	# SIP plane (no glyph)
gui	𨾴	2026-06-28	# SIP plane (no glyph)
gui	𩉝	2026-06-28	# SIP plane (no glyph)
gui	𩊛	2026-06-28	# SIP plane (no glyph)
gui	𩍨	2026-06-28	# SIP plane (no glyph)
gui	𩏐	2026-06-28	# SIP plane (no glyph)
gui	𩏡	2026-06-28	# SIP plane (no glyph)
gui	𩓠	2026-06-28	# SIP plane (no glyph)
gui	𩔆	2026-06-28	# SIP plane (no glyph)
gui	𩪁	2026-06-28	# SIP plane (no glyph)
gui	𩱻	2026-06-28	# SIP plane (no glyph)
gui	𩲡	2026-06-28	# SIP plane (no glyph)
gui	𩳝	2026-06-28	# SIP plane (no glyph)
gui	𩳧	2026-06-28	# SIP plane (no glyph)
gui	𪀗	2026-06-28	# SIP plane (no glyph)
gui	𪄯	2026-06-28	# SIP plane (no glyph)
gui	𪆳	2026-06-28	# SIP plane (no glyph)
gui	𪈥	2026-06-28	# SIP plane (no glyph)
gui	𪊧	2026-06-28	# SIP plane (no glyph)
gui	𪏤	2026-06-28	# SIP plane (no glyph)
gui	𪻺	2026-06-28	# SIP plane (no glyph)
gui	𫂆	2026-06-28	# SIP plane (no glyph)
gui	𫋻	2026-06-28	# SIP plane (no glyph)
gui	𫚜	2026-06-28	# SIP plane (no glyph)
gui	𫢔	2026-06-28	# SIP plane (no glyph)
gui	𫰹	2026-06-28	# SIP plane (no glyph)
gui	𬃀	2026-06-28	# SIP plane (no glyph)
gui	𬭢	2026-06-28	# SIP plane (no glyph)
gui	𮬝	2026-06-28	# SIP plane (no glyph)
gui	𰓻	2026-06-28	# SIP plane (no glyph)
gui	𰔋	2026-06-28	# SIP plane (no glyph)
gui	𰥪	2026-06-28	# SIP plane (no glyph)
gui	𰧻	2026-06-28	# SIP plane (no glyph)
gui	𰲲	2026-06-28	# SIP plane (no glyph)
gui	𰸊	2026-06-28	# SIP plane (no glyph)
gui	𰽺	2026-06-28	# SIP plane (no glyph)
gui	𱁹	2026-06-28	# SIP plane (no glyph)
gui	𱅡	2026-06-28	# SIP plane (no glyph)
gui	𱉤	2026-06-28	# SIP plane (no glyph)
gui	𱉭	2026-06-28	# SIP plane (no glyph)
gui	𱤑	2026-06-28	# SIP plane (no glyph)
gui	𱦈	2026-06-28	# SIP plane (no glyph)
gun	𠃌	2026-06-28	# SIP plane (no glyph)
gun	𠞬	2026-06-28	# SIP plane (no glyph)
gun	𡈧	2026-06-28	# SIP plane (no glyph)
gun	𡘝	2026-06-28	# SIP plane (no glyph)
gun	𡻨	2026-06-28	# SIP plane (no glyph)
gun	𢃩	2026-06-28	# SIP plane (no glyph)
gun	𣮎	2026-06-28	# SIP plane (no glyph)
gun	𥕦	2026-06-28	# SIP plane (no glyph)
gun	𦓼	2026-06-28	# SIP plane (no glyph)
gun	𦠺	2026-06-28	# SIP plane (no glyph)
gun	𦫎	2026-06-28	# SIP plane (no glyph)
gun	𧬪	2026-06-28	# SIP plane (no glyph)
gun	𧸫	2026-06-28	# SIP plane (no glyph)
gun	𩨬	2026-06-28	# SIP plane (no glyph)
gun	𩩌	2026-06-28	# SIP plane (no glyph)
gun	𫬙	2026-06-28	# SIP plane (no glyph)
gun	𬑆	2026-06-28	# SIP plane (no glyph)
gun	𬤆	2026-06-28	# SIP plane (no glyph)
gun	𬤖	2026-06-28	# SIP plane (no glyph)
gun	𱇢	2026-06-28	# SIP plane (no glyph)
guo	𠋜	2026-06-28	# SIP plane (no glyph)
guo	𠜴	2026-06-28	# SIP plane (no glyph)
guo	𠩥	2026-06-28	# SIP plane (no glyph)
guo	𠿤	2026-06-28	# SIP plane (no glyph)
guo	𡇄	2026-06-28	# SIP plane (no glyph)
guo	𡓣	2026-06-28	# SIP plane (no glyph)
guo	𢃦	2026-06-28	# SIP plane (no glyph)
guo	𢅗	2026-06-28	# SIP plane (no glyph)
guo	𢐚	2026-06-28	# SIP plane (no glyph)
guo	𢝸	2026-06-28	# SIP plane (no glyph)
guo	𢧰	2026-06-28	# SIP plane (no glyph)
guo	𢸗	2026-06-28	# SIP plane (no glyph)
guo	𢹖	2026-06-28	# SIP plane (no glyph)
guo	𣁯	2026-06-28	# SIP plane (no glyph)
guo	𣂄	2026-06-28	# SIP plane (no glyph)
guo	𣒌	2026-06-28	# SIP plane (no glyph)
guo	𣽅	2026-06-28	# SIP plane (no glyph)
guo	𣽰	2026-06-28	# SIP plane (no glyph)
guo	𤂁	2026-06-28	# SIP plane (no glyph)
guo	𤮋	2026-06-28	# SIP plane (no glyph)
guo	𥁁	2026-06-28	# SIP plane (no glyph)
guo	𥂣	2026-06-28	# SIP plane (no glyph)
guo	𥄍	2026-06-28	# SIP plane (no glyph)
guo	𥆘	2026-06-28	# SIP plane (no glyph)
guo	𥕖	2026-06-28	# SIP plane (no glyph)
guo	𥜭	2026-06-28	# SIP plane (no glyph)
guo	𦄰	2026-06-28	# SIP plane (no glyph)
guo	𦗒	2026-06-28	# SIP plane (no glyph)
guo	𦘌	2026-06-28	# SIP plane (no glyph)
guo	𦛢	2026-06-28	# SIP plane (no glyph)
guo	𦬗	2026-06-28	# SIP plane (no glyph)
guo	𦸈	2026-06-28	# SIP plane (no glyph)
guo	𧒖	2026-06-28	# SIP plane (no glyph)
guo	𧖻	2026-06-28	# SIP plane (no glyph)
guo	𧤯	2026-06-28	# SIP plane (no glyph)
guo	𧥵	2026-06-28	# SIP plane (no glyph)
guo	𧭕	2026-06-28	# SIP plane (no glyph)
guo	𧭣	2026-06-28	# SIP plane (no glyph)
guo	𧰒	2026-06-28	# SIP plane (no glyph)
guo	𧾛	2026-06-28	# SIP plane (no glyph)
guo	𨉹	2026-06-28	# SIP plane (no glyph)
guo	𨭗	2026-06-28	# SIP plane (no glyph)
guo	𨽏	2026-06-28	# SIP plane (no glyph)
guo	𩉕	2026-06-28	# SIP plane (no glyph)
guo	𩋗	2026-06-28	# SIP plane (no glyph)
guo	𩟂	2026-06-28	# SIP plane (no glyph)
guo	𩪐	2026-06-28	# SIP plane (no glyph)
guo	𩫏	2026-06-28	# SIP plane (no glyph)
guo	𩰬	2026-06-28	# SIP plane (no glyph)
guo	𩰭	2026-06-28	# SIP plane (no glyph)
guo	𩻧	2026-06-28	# SIP plane (no glyph)
guo	𪂠	2026-06-28	# SIP plane (no glyph)
guo	𪆹	2026-06-28	# SIP plane (no glyph)
guo	𪈃	2026-06-28	# SIP plane (no glyph)
guo	𪋊	2026-06-28	# SIP plane (no glyph)
guo	𫓨	2026-06-28	# SIP plane (no glyph)
guo	𫪀	2026-06-28	# SIP plane (no glyph)
guo	𬇹	2026-06-28	# SIP plane (no glyph)
guo	𬏮	2026-06-28	# SIP plane (no glyph)
guo	𬜿	2026-06-28	# SIP plane (no glyph)
guo	𬧩	2026-06-28	# SIP plane (no glyph)
guo	𬭇	2026-06-28	# SIP plane (no glyph)
guo	𬱿	2026-06-28	# SIP plane (no glyph)
guo	𬲸	2026-06-28	# SIP plane (no glyph)
guo	𬶯	2026-06-28	# SIP plane (no glyph)
guo	𭚦	2026-06-28	# SIP plane (no glyph)
guo	𮲇	2026-06-28	# SIP plane (no glyph)
guo	𰲺	2026-06-28	# SIP plane (no glyph)
guo	𰺍	2026-06-28	# SIP plane (no glyph)
guo	𰽾	2026-06-28	# SIP plane (no glyph)
guo	𱋙	2026-06-28	# SIP plane (no glyph)
ha	𡄟	2026-06-28	# SIP plane (no glyph)
ha	𨉣	2026-06-28	# SIP plane (no glyph)
ha	𬢇	2026-06-28	# SIP plane (no glyph)
hai	𠀅	2026-06-28	# SIP plane (no glyph)
hai	𠔑	2026-06-28	# SIP plane (no glyph)
hai	𠹛	2026-06-28	# SIP plane (no glyph)
hai	𡕗	2026-06-28	# SIP plane (no glyph)
hai	𡾨	2026-06-28	# SIP plane (no glyph)
hai	𢞐	2026-06-28	# SIP plane (no glyph)
hai	𢩸	2026-06-28	# SIP plane (no glyph)
hai	𢻜	2026-06-28	# SIP plane (no glyph)
hai	𣖻	2026-06-28	# SIP plane (no glyph)
hai	𣢇	2026-06-28	# SIP plane (no glyph)
hai	𣳠	2026-06-28	# SIP plane (no glyph)
hai	𤵽	2026-06-28	# SIP plane (no glyph)
hai	𥁐	2026-06-28	# SIP plane (no glyph)
hai	𥂧	2026-06-28	# SIP plane (no glyph)
hai	𥩤	2026-06-28	# SIP plane (no glyph)
hai	𥩲	2026-06-28	# SIP plane (no glyph)
hai	𦐤	2026-06-28	# SIP plane (no glyph)
hai	𦤦	2026-06-28	# SIP plane (no glyph)
hai	𦤬	2026-06-28	# SIP plane (no glyph)
hai	𦷷	2026-06-28	# SIP plane (no glyph)
hai	𧻲	2026-06-28	# SIP plane (no glyph)
hai	𧽊	2026-06-28	# SIP plane (no glyph)
hai	𧽖	2026-06-28	# SIP plane (no glyph)
hai	𨀖	2026-06-28	# SIP plane (no glyph)
hai	𨒨	2026-06-28	# SIP plane (no glyph)
hai	𨡬	2026-06-28	# SIP plane (no glyph)
hai	𨸜	2026-06-28	# SIP plane (no glyph)
hai	𩞞	2026-06-28	# SIP plane (no glyph)
hai	𩠚	2026-06-28	# SIP plane (no glyph)
hai	𩡔	2026-06-28	# SIP plane (no glyph)
hai	𩪃	2026-06-28	# SIP plane (no glyph)
hai	𩰶	2026-06-28	# SIP plane (no glyph)
hai	𩹄	2026-06-28	# SIP plane (no glyph)
hai	𫩯	2026-06-28	# SIP plane (no glyph)
hai	𫼥	2026-06-28	# SIP plane (no glyph)
hai	𬐚	2026-06-28	# SIP plane (no glyph)
hai	𮩜	2026-06-28	# SIP plane (no glyph)
hai	𮪢	2026-06-28	# SIP plane (no glyph)
hai	𱘆	2026-06-28	# SIP plane (no glyph)
han	𠗴	2026-06-28	# SIP plane (no glyph)
han	𠢇	2026-06-28	# SIP plane (no glyph)
han	𠤮	2026-06-28	# SIP plane (no glyph)
han	𠤾	2026-06-28	# SIP plane (no glyph)
han	𠥴	2026-06-28	# SIP plane (no glyph)
han	𠦊	2026-06-28	# SIP plane (no glyph)
han	𠲒	2026-06-28	# SIP plane (no glyph)
han	𠵸	2026-06-28	# SIP plane (no glyph)
han	𠹄	2026-06-28	# SIP plane (no glyph)
han	𠽦	2026-06-28	# SIP plane (no glyph)
han	𠿑	2026-06-28	# SIP plane (no glyph)
han	𡁀	2026-06-28	# SIP plane (no glyph)
han	𡇜	2026-06-28	# SIP plane (no glyph)
han	𡣔	2026-06-28	# SIP plane (no glyph)
han	𡬖	2026-06-28	# SIP plane (no glyph)
han	𡷛	2026-06-28	# SIP plane (no glyph)
han	𡻡	2026-06-28	# SIP plane (no glyph)
han	𢀵	2026-06-28	# SIP plane (no glyph)
han	𢃗	2026-06-28	# SIP plane (no glyph)
han	𢄜	2026-06-28	# SIP plane (no glyph)
han	𢇞	2026-06-28	# SIP plane (no glyph)
han	𢎘	2026-06-28	# SIP plane (no glyph)
han	𢔈	2026-06-28	# SIP plane (no glyph)
han	𢔔	2026-06-28	# SIP plane (no glyph)
han	𢧦	2026-06-28	# SIP plane (no glyph)
han	𣐺	2026-06-28	# SIP plane (no glyph)
han	𣒷	2026-06-28	# SIP plane (no glyph)
han	𣘞	2026-06-28	# SIP plane (no glyph)
han	𣛴	2026-06-28	# SIP plane (no glyph)
han	𣝽	2026-06-28	# SIP plane (no glyph)
han	𣢅	2026-06-28	# SIP plane (no glyph)
han	𣢟	2026-06-28	# SIP plane (no glyph)
han	𣢺	2026-06-28	# SIP plane (no glyph)
han	𣵷	2026-06-28	# SIP plane (no glyph)
han	𤀉	2026-06-28	# SIP plane (no glyph)
han	𤌐	2026-06-28	# SIP plane (no glyph)
han	𤞶	2026-06-28	# SIP plane (no glyph)
han	𤬯	2026-06-28	# SIP plane (no glyph)
han	𤭙	2026-06-28	# SIP plane (no glyph)
han	𤳉	2026-06-28	# SIP plane (no glyph)
han	𤸕	2026-06-28	# SIP plane (no glyph)
han	𤿧	2026-06-28	# SIP plane (no glyph)
han	𥀐	2026-06-28	# SIP plane (no glyph)
han	𥆡	2026-06-28	# SIP plane (no glyph)
han	𥇌	2026-06-28	# SIP plane (no glyph)
han	𥉰	2026-06-28	# SIP plane (no glyph)
han	𦋣	2026-06-28	# SIP plane (no glyph)
han	𦒅	2026-06-28	# SIP plane (no glyph)
han	𦒝	2026-06-28	# SIP plane (no glyph)
han	𦜆	2026-06-28	# SIP plane (no glyph)
han	𦞞	2026-06-28	# SIP plane (no glyph)
han	𦥖	2026-06-28	# SIP plane (no glyph)
han	𦺦	2026-06-28	# SIP plane (no glyph)
han	𧂃	2026-06-28	# SIP plane (no glyph)
han	𧃙	2026-06-28	# SIP plane (no glyph)
han	𧑚	2026-06-28	# SIP plane (no glyph)
han	𧭻	2026-06-28	# SIP plane (no glyph)
han	𧮰	2026-06-28	# SIP plane (no glyph)
han	𧮳	2026-06-28	# SIP plane (no glyph)
han	𧯘	2026-06-28	# SIP plane (no glyph)
han	𧰪	2026-06-28	# SIP plane (no glyph)
han	𧵊	2026-06-28	# SIP plane (no glyph)
han	𧹣	2026-06-28	# SIP plane (no glyph)
han	𧾔	2026-06-28	# SIP plane (no glyph)
han	𨁄	2026-06-28	# SIP plane (no glyph)
han	𨛎	2026-06-28	# SIP plane (no glyph)
han	𨢈	2026-06-28	# SIP plane (no glyph)
han	𨸗	2026-06-28	# SIP plane (no glyph)
han	𩄙	2026-06-28	# SIP plane (no glyph)
han	𩈣	2026-06-28	# SIP plane (no glyph)
han	𩎒	2026-06-28	# SIP plane (no glyph)
han	𩕠	2026-06-28	# SIP plane (no glyph)
han	𩖺	2026-06-28	# SIP plane (no glyph)
han	𩗤	2026-06-28	# SIP plane (no glyph)
han	𩞿	2026-06-28	# SIP plane (no glyph)
han	𩦊	2026-06-28	# SIP plane (no glyph)
han	𩭥	2026-06-28	# SIP plane (no glyph)
han	𩹑	2026-06-28	# SIP plane (no glyph)
han	𩹼	2026-06-28	# SIP plane (no glyph)
han	𩾝	2026-06-28	# SIP plane (no glyph)
han	𫒶	2026-06-28	# SIP plane (no glyph)
han	𫘛	2026-06-28	# SIP plane (no glyph)
han	𫘣	2026-06-28	# SIP plane (no glyph)
han	𫠐	2026-06-28	# SIP plane (no glyph)
han	𬉧	2026-06-28	# SIP plane (no glyph)
han	𬣸	2026-06-28	# SIP plane (no glyph)
han	𬥴	2026-06-28	# SIP plane (no glyph)
han	𬬧	2026-06-28	# SIP plane (no glyph)
han	𬭍	2026-06-28	# SIP plane (no glyph)
han	𰙎	2026-06-28	# SIP plane (no glyph)
han	𰶆	2026-06-28	# SIP plane (no glyph)
han	𰾅	2026-06-28	# SIP plane (no glyph)
han	𱂰	2026-06-28	# SIP plane (no glyph)
han	𱅠	2026-06-28	# SIP plane (no glyph)
han	𱉋	2026-06-28	# SIP plane (no glyph)
han	𱉶	2026-06-28	# SIP plane (no glyph)
han	𱼞	2026-06-28	# SIP plane (no glyph)
hang	𠡊	2026-06-28	# SIP plane (no glyph)
hang	𡕧	2026-06-28	# SIP plane (no glyph)
hang	𤰟	2026-06-28	# SIP plane (no glyph)
hang	𤵻	2026-06-28	# SIP plane (no glyph)
hang	𤼍	2026-06-28	# SIP plane (no glyph)
hang	𥮕	2026-06-28	# SIP plane (no glyph)
hang	𦐄	2026-06-28	# SIP plane (no glyph)
hang	𦨵	2026-06-28	# SIP plane (no glyph)
hang	𧘃	2026-06-28	# SIP plane (no glyph)
hang	𧦑	2026-06-28	# SIP plane (no glyph)
hang	𨁈	2026-06-28	# SIP plane (no glyph)
hang	𨾒	2026-06-28	# SIP plane (no glyph)
hang	𩔋	2026-06-28	# SIP plane (no glyph)
hang	𩠾	2026-06-28	# SIP plane (no glyph)
hang	𩲋	2026-06-28	# SIP plane (no glyph)
hang	𪐦	2026-06-28	# SIP plane (no glyph)
hang	𪕇	2026-06-28	# SIP plane (no glyph)
hang	𪗜	2026-06-28	# SIP plane (no glyph)
hang	𬹽	2026-06-28	# SIP plane (no glyph)
hang	𱇘	2026-06-28	# SIP plane (no glyph)
hang	𲀟	2026-06-28	# SIP plane (no glyph)
hao	𠚃	2026-06-28	# SIP plane (no glyph)
hao	𠢕	2026-06-28	# SIP plane (no glyph)
hao	𡐒	2026-06-28	# SIP plane (no glyph)
hao	𡚌	2026-06-28	# SIP plane (no glyph)
hao	𡚽	2026-06-28	# SIP plane (no glyph)
hao	𡠖	2026-06-28	# SIP plane (no glyph)
hao	𡥆	2026-06-28	# SIP plane (no glyph)
hao	𡽝	2026-06-28	# SIP plane (no glyph)
hao	𢻇	2026-06-28	# SIP plane (no glyph)
hao	𣆧	2026-06-28	# SIP plane (no glyph)
hao	𣘫	2026-06-28	# SIP plane (no glyph)
hao	𣚧	2026-06-28	# SIP plane (no glyph)
hao	𣭖	2026-06-28	# SIP plane (no glyph)
hao	𣭹	2026-06-28	# SIP plane (no glyph)
hao	𤀃	2026-06-28	# SIP plane (no glyph)
hao	𤝐	2026-06-28	# SIP plane (no glyph)
hao	𤡇	2026-06-28	# SIP plane (no glyph)
hao	𤢨	2026-06-28	# SIP plane (no glyph)
hao	𤢭	2026-06-28	# SIP plane (no glyph)
hao	𤩩	2026-06-28	# SIP plane (no glyph)
hao	𤩭	2026-06-28	# SIP plane (no glyph)
hao	𤫧	2026-06-28	# SIP plane (no glyph)
hao	𥍣	2026-06-28	# SIP plane (no glyph)
hao	𦳁	2026-06-28	# SIP plane (no glyph)
hao	𧇼	2026-06-28	# SIP plane (no glyph)
hao	𧬁	2026-06-28	# SIP plane (no glyph)
hao	𧯌	2026-06-28	# SIP plane (no glyph)
hao	𨂜	2026-06-28	# SIP plane (no glyph)
hao	𨒑	2026-06-28	# SIP plane (no glyph)
hao	𨚙	2026-06-28	# SIP plane (no glyph)
hao	𨚮	2026-06-28	# SIP plane (no glyph)
hao	𨠬	2026-06-28	# SIP plane (no glyph)
hao	𨼍	2026-06-28	# SIP plane (no glyph)
hao	𩐮	2026-06-28	# SIP plane (no glyph)
hao	𩖸	2026-06-28	# SIP plane (no glyph)
hao	𩫕	2026-06-28	# SIP plane (no glyph)
hao	𩮘	2026-06-28	# SIP plane (no glyph)
hao	𩲊	2026-06-28	# SIP plane (no glyph)
hao	𬣜	2026-06-28	# SIP plane (no glyph)
hao	𬤫	2026-06-28	# SIP plane (no glyph)
hao	𰶅	2026-06-28	# SIP plane (no glyph)
hao	𱈋	2026-06-28	# SIP plane (no glyph)
hao	𱛧	2026-06-28	# SIP plane (no glyph)
hao	𱸡	2026-06-28	# SIP plane (no glyph)
hao	𱺮	2026-06-28	# SIP plane (no glyph)
he	𠀀	2026-06-28	# SIP plane (no glyph)
he	𠗂	2026-06-28	# SIP plane (no glyph)
he	𠘢	2026-06-28	# SIP plane (no glyph)
he	𠚔	2026-06-28	# SIP plane (no glyph)
he	𠡀	2026-06-28	# SIP plane (no glyph)
he	𠧕	2026-06-28	# SIP plane (no glyph)
he	𠰓	2026-06-28	# SIP plane (no glyph)
he	𠳇	2026-06-28	# SIP plane (no glyph)
he	𠳊	2026-06-28	# SIP plane (no glyph)
he	𠵩	2026-06-28	# SIP plane (no glyph)
he	𠶹	2026-06-28	# SIP plane (no glyph)
he	𠶾	2026-06-28	# SIP plane (no glyph)
he	𠻙	2026-06-28	# SIP plane (no glyph)
he	𡇞	2026-06-28	# SIP plane (no glyph)
he	𡇶	2026-06-28	# SIP plane (no glyph)
he	𡫥	2026-06-28	# SIP plane (no glyph)
he	𢄍	2026-06-28	# SIP plane (no glyph)
he	𢅰	2026-06-28	# SIP plane (no glyph)
he	𢥳	2026-06-28	# SIP plane (no glyph)
he	𢬲	2026-06-28	# SIP plane (no glyph)
he	𣆈	2026-06-28	# SIP plane (no glyph)
he	𣏷	2026-06-28	# SIP plane (no glyph)
he	𣣹	2026-06-28	# SIP plane (no glyph)
he	𣲲	2026-06-28	# SIP plane (no glyph)
he	𣿌	2026-06-28	# SIP plane (no glyph)
he	𤈧	2026-06-28	# SIP plane (no glyph)
he	𤌾	2026-06-28	# SIP plane (no glyph)
he	𤖱	2026-06-28	# SIP plane (no glyph)
he	𥋿	2026-06-28	# SIP plane (no glyph)
he	𥘫	2026-06-28	# SIP plane (no glyph)
he	𥝖	2026-06-28	# SIP plane (no glyph)
he	𥝸	2026-06-28	# SIP plane (no glyph)
he	𥞄	2026-06-28	# SIP plane (no glyph)
he	𥞍	2026-06-28	# SIP plane (no glyph)
he	𥟃	2026-06-28	# SIP plane (no glyph)
he	𥻉	2026-06-28	# SIP plane (no glyph)
he	𥽶	2026-06-28	# SIP plane (no glyph)
he	𦃔	2026-06-28	# SIP plane (no glyph)
he	𦇸	2026-06-28	# SIP plane (no glyph)
he	𦒏	2026-06-28	# SIP plane (no glyph)
he	𦘿	2026-06-28	# SIP plane (no glyph)
he	𦛘	2026-06-28	# SIP plane (no glyph)
he	𦛜	2026-06-28	# SIP plane (no glyph)
he	𦳬	2026-06-28	# SIP plane (no glyph)
he	𦺞	2026-06-28	# SIP plane (no glyph)
he	𦼵	2026-06-28	# SIP plane (no glyph)
he	𦽅	2026-06-28	# SIP plane (no glyph)
he	𧀔	2026-06-28	# SIP plane (no glyph)
he	𧇎	2026-06-28	# SIP plane (no glyph)
he	𧇮	2026-06-28	# SIP plane (no glyph)
he	𧊬	2026-06-28	# SIP plane (no glyph)
he	𧝂	2026-06-28	# SIP plane (no glyph)
he	𧝳	2026-06-28	# SIP plane (no glyph)
he	𧨂	2026-06-28	# SIP plane (no glyph)
he	𧪞	2026-06-28	# SIP plane (no glyph)
he	𧬂	2026-06-28	# SIP plane (no glyph)
he	𧬱	2026-06-28	# SIP plane (no glyph)
he	𧭳	2026-06-28	# SIP plane (no glyph)
he	𧮵	2026-06-28	# SIP plane (no glyph)
he	𧯉	2026-06-28	# SIP plane (no glyph)
he	𨋟	2026-06-28	# SIP plane (no glyph)
he	𨍇	2026-06-28	# SIP plane (no glyph)
he	𨜱	2026-06-28	# SIP plane (no glyph)
he	𨜴	2026-06-28	# SIP plane (no glyph)
he	𨨛	2026-06-28	# SIP plane (no glyph)
he	𨴢	2026-06-28	# SIP plane (no glyph)
he	𩄸	2026-06-28	# SIP plane (no glyph)
he	𩅢	2026-06-28	# SIP plane (no glyph)
he	𩌡	2026-06-28	# SIP plane (no glyph)
he	𩐥	2026-06-28	# SIP plane (no glyph)
he	𩑸	2026-06-28	# SIP plane (no glyph)
he	𩩒	2026-06-28	# SIP plane (no glyph)
he	𩩲	2026-06-28	# SIP plane (no glyph)
he	𩵢	2026-06-28	# SIP plane (no glyph)
he	𪈊	2026-06-28	# SIP plane (no glyph)
he	𪖲	2026-06-28	# SIP plane (no glyph)
he	𪘹	2026-06-28	# SIP plane (no glyph)
he	𪡛	2026-06-28	# SIP plane (no glyph)
he	𫓼	2026-06-28	# SIP plane (no glyph)
he	𫠁	2026-06-28	# SIP plane (no glyph)
he	𬌗	2026-06-28	# SIP plane (no glyph)
he	𬸰	2026-06-28	# SIP plane (no glyph)
he	𮳆	2026-06-28	# SIP plane (no glyph)
he	𮹙	2026-06-28	# SIP plane (no glyph)
he	𰇡	2026-06-28	# SIP plane (no glyph)
he	𰜢	2026-06-28	# SIP plane (no glyph)
he	𰵝	2026-06-28	# SIP plane (no glyph)
he	𰵣	2026-06-28	# SIP plane (no glyph)
he	𰵿	2026-06-28	# SIP plane (no glyph)
he	𰽬	2026-06-28	# SIP plane (no glyph)
he	𱋇	2026-06-28	# SIP plane (no glyph)
he	𱣻	2026-06-28	# SIP plane (no glyph)
hei	𢖛	2026-06-28	# SIP plane (no glyph)
hei	𢡀	2026-06-28	# SIP plane (no glyph)
hei	𥕙	2026-06-28	# SIP plane (no glyph)
hei	𩻤	2026-06-28	# SIP plane (no glyph)
hei	𬭶	2026-06-28	# SIP plane (no glyph)
hen	𦚣	2026-06-28	# SIP plane (no glyph)
hen	𬣳	2026-06-28	# SIP plane (no glyph)
hen	𱖙	2026-06-28	# SIP plane (no glyph)
hen	𱳩	2026-06-28	# SIP plane (no glyph)
heng	𠔲	2026-06-28	# SIP plane (no glyph)
heng	𠧿	2026-06-28	# SIP plane (no glyph)
heng	𡧦	2026-06-28	# SIP plane (no glyph)
heng	𣕲	2026-06-28	# SIP plane (no glyph)
heng	𣨉	2026-06-28	# SIP plane (no glyph)
heng	𤮏	2026-06-28	# SIP plane (no glyph)
heng	𥞧	2026-06-28	# SIP plane (no glyph)
heng	𦨾	2026-06-28	# SIP plane (no glyph)
heng	𦶙	2026-06-28	# SIP plane (no glyph)
heng	𧝒	2026-06-28	# SIP plane (no glyph)
heng	𩙯	2026-06-28	# SIP plane (no glyph)
heng	𪏓	2026-06-28	# SIP plane (no glyph)
hong	𠐿	2026-06-28	# SIP plane (no glyph)
hong	𠪷	2026-06-28	# SIP plane (no glyph)
hong	𠲓	2026-06-28	# SIP plane (no glyph)
hong	𠳃	2026-06-28	# SIP plane (no glyph)
hong	𠹅	2026-06-28	# SIP plane (no glyph)
hong	𡇳	2026-06-28	# SIP plane (no glyph)
hong	𡵓	2026-06-28	# SIP plane (no glyph)
hong	𡺭	2026-06-28	# SIP plane (no glyph)
hong	𢂔	2026-06-28	# SIP plane (no glyph)
hong	𢗵	2026-06-28	# SIP plane (no glyph)
hong	𢘌	2026-06-28	# SIP plane (no glyph)
hong	𢝁	2026-06-28	# SIP plane (no glyph)
hong	𢦅	2026-06-28	# SIP plane (no glyph)
hong	𢬀	2026-06-28	# SIP plane (no glyph)
hong	𢼦	2026-06-28	# SIP plane (no glyph)
hong	𣽝	2026-06-28	# SIP plane (no glyph)
hong	𤂲	2026-06-28	# SIP plane (no glyph)
hong	𤃫	2026-06-28	# SIP plane (no glyph)
hong	𤄏	2026-06-28	# SIP plane (no glyph)
hong	𤟼	2026-06-28	# SIP plane (no glyph)
hong	𥈿	2026-06-28	# SIP plane (no glyph)
hong	𥏕	2026-06-28	# SIP plane (no glyph)
hong	𥓰	2026-06-28	# SIP plane (no glyph)
hong	𥔀	2026-06-28	# SIP plane (no glyph)
hong	𥕗	2026-06-28	# SIP plane (no glyph)
hong	𥥈	2026-06-28	# SIP plane (no glyph)
hong	𥥡	2026-06-28	# SIP plane (no glyph)
hong	𥰲	2026-06-28	# SIP plane (no glyph)
hong	𦁷	2026-06-28	# SIP plane (no glyph)
hong	𦏺	2026-06-28	# SIP plane (no glyph)
hong	𦐌	2026-06-28	# SIP plane (no glyph)
hong	𦐳	2026-06-28	# SIP plane (no glyph)
hong	𦑟	2026-06-28	# SIP plane (no glyph)
hong	𦑠	2026-06-28	# SIP plane (no glyph)
hong	𦒃	2026-06-28	# SIP plane (no glyph)
hong	𦕠	2026-06-28	# SIP plane (no glyph)
hong	𦕷	2026-06-28	# SIP plane (no glyph)
hong	𦶓	2026-06-28	# SIP plane (no glyph)
hong	𧈽	2026-06-28	# SIP plane (no glyph)
hong	𧊯	2026-06-28	# SIP plane (no glyph)
hong	𧋔	2026-06-28	# SIP plane (no glyph)
hong	𧐬	2026-06-28	# SIP plane (no glyph)
hong	𧮴	2026-06-28	# SIP plane (no glyph)
hong	𧾧	2026-06-28	# SIP plane (no glyph)
hong	𨋮	2026-06-28	# SIP plane (no glyph)
hong	𨌁	2026-06-28	# SIP plane (no glyph)
hong	𨌆	2026-06-28	# SIP plane (no glyph)
hong	𨎗	2026-06-28	# SIP plane (no glyph)
hong	𨢣	2026-06-28	# SIP plane (no glyph)
hong	𨥺	2026-06-28	# SIP plane (no glyph)
hong	𨹁	2026-06-28	# SIP plane (no glyph)
hong	𨾊	2026-06-28	# SIP plane (no glyph)
hong	𩐠	2026-06-28	# SIP plane (no glyph)
hong	𩒓	2026-06-28	# SIP plane (no glyph)
hong	𩒴	2026-06-28	# SIP plane (no glyph)
hong	𩒼	2026-06-28	# SIP plane (no glyph)
hong	𩓅	2026-06-28	# SIP plane (no glyph)
hong	𩕆	2026-06-28	# SIP plane (no glyph)
hong	𩕉	2026-06-28	# SIP plane (no glyph)
hong	𩖉	2026-06-28	# SIP plane (no glyph)
hong	𩗄	2026-06-28	# SIP plane (no glyph)
hong	𩗢	2026-06-28	# SIP plane (no glyph)
hong	𩘇	2026-06-28	# SIP plane (no glyph)
hong	𩘎	2026-06-28	# SIP plane (no glyph)
hong	𩙛	2026-06-28	# SIP plane (no glyph)
hong	𩰓	2026-06-28	# SIP plane (no glyph)
hong	𪈘	2026-06-28	# SIP plane (no glyph)
hong	𫐒	2026-06-28	# SIP plane (no glyph)
hong	𫚉	2026-06-28	# SIP plane (no glyph)
hong	𫟄	2026-06-28	# SIP plane (no glyph)
hong	𫟹	2026-06-28	# SIP plane (no glyph)
hong	𫩕	2026-06-28	# SIP plane (no glyph)
hong	𬭂	2026-06-28	# SIP plane (no glyph)
hong	𬭎	2026-06-28	# SIP plane (no glyph)
hong	𬮢	2026-06-28	# SIP plane (no glyph)
hong	𬱥	2026-06-28	# SIP plane (no glyph)
hong	𬷾	2026-06-28	# SIP plane (no glyph)
hong	𭱊	2026-06-28	# SIP plane (no glyph)
hong	𮣳	2026-06-28	# SIP plane (no glyph)
hong	𮷛	2026-06-28	# SIP plane (no glyph)
hong	𰇖	2026-06-28	# SIP plane (no glyph)
hong	𰬋	2026-06-28	# SIP plane (no glyph)
hong	𰺆	2026-06-28	# SIP plane (no glyph)
hong	𰾁	2026-06-28	# SIP plane (no glyph)
hong	𰾡	2026-06-28	# SIP plane (no glyph)
hong	𱖀	2026-06-28	# SIP plane (no glyph)
hong	𱛒	2026-06-28	# SIP plane (no glyph)
hong	𱛨	2026-06-28	# SIP plane (no glyph)
hou	𠯜	2026-06-28	# SIP plane (no glyph)
hou	𠴣	2026-06-28	# SIP plane (no glyph)
hou	𠷋	2026-06-28	# SIP plane (no glyph)
hou	𡞥	2026-06-28	# SIP plane (no glyph)
hou	𡟑	2026-06-28	# SIP plane (no glyph)
hou	𡹵	2026-06-28	# SIP plane (no glyph)
hou	𢜴	2026-06-28	# SIP plane (no glyph)
hou	𣔹	2026-06-28	# SIP plane (no glyph)
hou	𣣠	2026-06-28	# SIP plane (no glyph)
hou	𣣡	2026-06-28	# SIP plane (no glyph)
hou	𤘽	2026-06-28	# SIP plane (no glyph)
hou	𤙽	2026-06-28	# SIP plane (no glyph)
hou	𥀃	2026-06-28	# SIP plane (no glyph)
hou	𥅠	2026-06-28	# SIP plane (no glyph)
hou	𥈑	2026-06-28	# SIP plane (no glyph)
hou	𥚦	2026-06-28	# SIP plane (no glyph)
hou	𦍵	2026-06-28	# SIP plane (no glyph)
hou	𦑚	2026-06-28	# SIP plane (no glyph)
hou	𦚥	2026-06-28	# SIP plane (no glyph)
hou	𦞈	2026-06-28	# SIP plane (no glyph)
hou	𦞕	2026-06-28	# SIP plane (no glyph)
hou	𧇹	2026-06-28	# SIP plane (no glyph)
hou	𧙺	2026-06-28	# SIP plane (no glyph)
hou	𧩨	2026-06-28	# SIP plane (no glyph)
hou	𧮶	2026-06-28	# SIP plane (no glyph)
hou	𧻿	2026-06-28	# SIP plane (no glyph)
hou	𧼵	2026-06-28	# SIP plane (no glyph)
hou	𩃺	2026-06-28	# SIP plane (no glyph)
hou	𩄬	2026-06-28	# SIP plane (no glyph)
hou	𩘋	2026-06-28	# SIP plane (no glyph)
hou	𩙡	2026-06-28	# SIP plane (no glyph)
hou	𪃶	2026-06-28	# SIP plane (no glyph)
hou	𪄗	2026-06-28	# SIP plane (no glyph)
hou	𪅺	2026-06-28	# SIP plane (no glyph)
hou	𪇂	2026-06-28	# SIP plane (no glyph)
hou	𪑻	2026-06-28	# SIP plane (no glyph)
hou	𪖙	2026-06-28	# SIP plane (no glyph)
hou	𫗯	2026-06-28	# SIP plane (no glyph)
hou	𫛺	2026-06-28	# SIP plane (no glyph)
hou	𬥽	2026-06-28	# SIP plane (no glyph)
hou	𬭤	2026-06-28	# SIP plane (no glyph)
hou	𱈄	2026-06-28	# SIP plane (no glyph)
hou	𱴞	2026-06-28	# SIP plane (no glyph)
hu	𠥰	2026-06-28	# SIP plane (no glyph)
hu	𠦪	2026-06-28	# SIP plane (no glyph)
hu	𠯳	2026-06-28	# SIP plane (no glyph)
hu	𠰛	2026-06-28	# SIP plane (no glyph)
hu	𠴱	2026-06-28	# SIP plane (no glyph)
hu	𡍐	2026-06-28	# SIP plane (no glyph)
hu	𡜂	2026-06-28	# SIP plane (no glyph)
hu	𡞠	2026-06-28	# SIP plane (no glyph)
hu	𡧥	2026-06-28	# SIP plane (no glyph)
hu	𡰅	2026-06-28	# SIP plane (no glyph)
hu	𡱽	2026-06-28	# SIP plane (no glyph)
hu	𡴱	2026-06-28	# SIP plane (no glyph)
hu	𡵘	2026-06-28	# SIP plane (no glyph)
hu	𡹹	2026-06-28	# SIP plane (no glyph)
hu	𡻮	2026-06-28	# SIP plane (no glyph)
hu	𡼘	2026-06-28	# SIP plane (no glyph)
hu	𢆰	2026-06-28	# SIP plane (no glyph)
hu	𢉢	2026-06-28	# SIP plane (no glyph)
hu	𢎵	2026-06-28	# SIP plane (no glyph)
hu	𢏯	2026-06-28	# SIP plane (no glyph)
hu	𢑢	2026-06-28	# SIP plane (no glyph)
hu	𢑹	2026-06-28	# SIP plane (no glyph)
hu	𢚪	2026-06-28	# SIP plane (no glyph)
hu	𢝻	2026-06-28	# SIP plane (no glyph)
hu	𢨥	2026-06-28	# SIP plane (no glyph)
hu	𢨦	2026-06-28	# SIP plane (no glyph)
hu	𢪏	2026-06-28	# SIP plane (no glyph)
hu	𢽨	2026-06-28	# SIP plane (no glyph)
hu	𣄟	2026-06-28	# SIP plane (no glyph)
hu	𣎚	2026-06-28	# SIP plane (no glyph)
hu	𣑂	2026-06-28	# SIP plane (no glyph)
hu	𣓗	2026-06-28	# SIP plane (no glyph)
hu	𣙶	2026-06-28	# SIP plane (no glyph)
hu	𣛫	2026-06-28	# SIP plane (no glyph)
hu	𣝗	2026-06-28	# SIP plane (no glyph)
hu	𣡾	2026-06-28	# SIP plane (no glyph)
hu	𣫈	2026-06-28	# SIP plane (no glyph)
hu	𣲑	2026-06-28	# SIP plane (no glyph)
hu	𣹬	2026-06-28	# SIP plane (no glyph)
hu	𤇠	2026-06-28	# SIP plane (no glyph)
hu	𤌍	2026-06-28	# SIP plane (no glyph)
hu	𤎲	2026-06-28	# SIP plane (no glyph)
hu	𤐀	2026-06-28	# SIP plane (no glyph)
hu	𤘔	2026-06-28	# SIP plane (no glyph)
hu	𤘵	2026-06-28	# SIP plane (no glyph)
hu	𤜷	2026-06-28	# SIP plane (no glyph)
hu	𤝘	2026-06-28	# SIP plane (no glyph)
hu	𤞲	2026-06-28	# SIP plane (no glyph)
hu	𤨖	2026-06-28	# SIP plane (no glyph)
hu	𤭱	2026-06-28	# SIP plane (no glyph)
hu	𤶘	2026-06-28	# SIP plane (no glyph)
hu	𤹣	2026-06-28	# SIP plane (no glyph)
hu	𤾅	2026-06-28	# SIP plane (no glyph)
hu	𥂤	2026-06-28	# SIP plane (no glyph)
hu	𥇰	2026-06-28	# SIP plane (no glyph)
hu	𥐿	2026-06-28	# SIP plane (no glyph)
hu	𥰪	2026-06-28	# SIP plane (no glyph)
hu	𥲉	2026-06-28	# SIP plane (no glyph)
hu	𥶜	2026-06-28	# SIP plane (no glyph)
hu	𥷆	2026-06-28	# SIP plane (no glyph)
hu	𥾨	2026-06-28	# SIP plane (no glyph)
hu	𦁕	2026-06-28	# SIP plane (no glyph)
hu	𦊂	2026-06-28	# SIP plane (no glyph)
hu	𦊘	2026-06-28	# SIP plane (no glyph)
hu	𦊧	2026-06-28	# SIP plane (no glyph)
hu	𦏗	2026-06-28	# SIP plane (no glyph)
hu	𦖼	2026-06-28	# SIP plane (no glyph)
hu	𦗣	2026-06-28	# SIP plane (no glyph)
hu	𦧘	2026-06-28	# SIP plane (no glyph)
hu	𦩕	2026-06-28	# SIP plane (no glyph)
hu	𦬚	2026-06-28	# SIP plane (no glyph)
hu	𦭈	2026-06-28	# SIP plane (no glyph)
hu	𦴉	2026-06-28	# SIP plane (no glyph)
hu	𦷳	2026-06-28	# SIP plane (no glyph)
hu	𦺟	2026-06-28	# SIP plane (no glyph)
hu	𧂔	2026-06-28	# SIP plane (no glyph)
hu	𧅰	2026-06-28	# SIP plane (no glyph)
hu	𧆢	2026-06-28	# SIP plane (no glyph)
hu	𧆮	2026-06-28	# SIP plane (no glyph)
hu	𧆯	2026-06-28	# SIP plane (no glyph)
hu	𧇛	2026-06-28	# SIP plane (no glyph)
hu	𧇰	2026-06-28	# SIP plane (no glyph)
hu	𧌧	2026-06-28	# SIP plane (no glyph)
hu	𧍵	2026-06-28	# SIP plane (no glyph)
hu	𧗌	2026-06-28	# SIP plane (no glyph)
hu	𧘢	2026-06-28	# SIP plane (no glyph)
hu	𧛞	2026-06-28	# SIP plane (no glyph)
hu	𧞒	2026-06-28	# SIP plane (no glyph)
hu	𧠩	2026-06-28	# SIP plane (no glyph)
hu	𧢰	2026-06-28	# SIP plane (no glyph)
hu	𧣼	2026-06-28	# SIP plane (no glyph)
hu	𧥮	2026-06-28	# SIP plane (no glyph)
hu	𧥯	2026-06-28	# SIP plane (no glyph)
hu	𧦚	2026-06-28	# SIP plane (no glyph)
hu	𧦝	2026-06-28	# SIP plane (no glyph)
hu	𧩓	2026-06-28	# SIP plane (no glyph)
hu	𧰴	2026-06-28	# SIP plane (no glyph)
hu	𧲇	2026-06-28	# SIP plane (no glyph)
hu	𧲥	2026-06-28	# SIP plane (no glyph)
hu	𧹲	2026-06-28	# SIP plane (no glyph)
hu	𧹾	2026-06-28	# SIP plane (no glyph)
hu	𧻰	2026-06-28	# SIP plane (no glyph)
hu	𧿓	2026-06-28	# SIP plane (no glyph)
hu	𧿠	2026-06-28	# SIP plane (no glyph)
hu	𨍲	2026-06-28	# SIP plane (no glyph)
hu	𨕚	2026-06-28	# SIP plane (no glyph)
hu	𨖃	2026-06-28	# SIP plane (no glyph)
hu	𨛵	2026-06-28	# SIP plane (no glyph)
hu	𨝘	2026-06-28	# SIP plane (no glyph)
hu	𨝞	2026-06-28	# SIP plane (no glyph)
hu	𨢋	2026-06-28	# SIP plane (no glyph)
hu	𨢤	2026-06-28	# SIP plane (no glyph)
hu	𨣗	2026-06-28	# SIP plane (no glyph)
hu	𨥛	2026-06-28	# SIP plane (no glyph)
hu	𨱀	2026-06-28	# SIP plane (no glyph)
hu	𨴬	2026-06-28	# SIP plane (no glyph)
hu	𩂂	2026-06-28	# SIP plane (no glyph)
hu	𩑶	2026-06-28	# SIP plane (no glyph)
hu	𩖨	2026-06-28	# SIP plane (no glyph)
hu	𩢪	2026-06-28	# SIP plane (no glyph)
hu	𩨔	2026-06-28	# SIP plane (no glyph)
hu	𩰯	2026-06-28	# SIP plane (no glyph)
hu	𩱍	2026-06-28	# SIP plane (no glyph)
hu	𩳨	2026-06-28	# SIP plane (no glyph)
hu	𩵬	2026-06-28	# SIP plane (no glyph)
hu	𩶈	2026-06-28	# SIP plane (no glyph)
hu	𩾇	2026-06-28	# SIP plane (no glyph)
hu	𩾻	2026-06-28	# SIP plane (no glyph)
hu	𪂒	2026-06-28	# SIP plane (no glyph)
hu	𪄮	2026-06-28	# SIP plane (no glyph)
hu	𪍂	2026-06-28	# SIP plane (no glyph)
hu	𪏳	2026-06-28	# SIP plane (no glyph)
hu	𪏻	2026-06-28	# SIP plane (no glyph)
hu	𪕉	2026-06-28	# SIP plane (no glyph)
hu	𪕮	2026-06-28	# SIP plane (no glyph)
hu	𪕱	2026-06-28	# SIP plane (no glyph)
hu	𪙈	2026-06-28	# SIP plane (no glyph)
hu	𪠸	2026-06-28	# SIP plane (no glyph)
hu	𫄚	2026-06-28	# SIP plane (no glyph)
hu	𫍞	2026-06-28	# SIP plane (no glyph)
hu	𫗫	2026-06-28	# SIP plane (no glyph)
hu	𫛷	2026-06-28	# SIP plane (no glyph)
hu	𬤙	2026-06-28	# SIP plane (no glyph)
hu	𬲀	2026-06-28	# SIP plane (no glyph)
hu	𬲾	2026-06-28	# SIP plane (no glyph)
hu	𬶞	2026-06-28	# SIP plane (no glyph)
hu	𭘓	2026-06-28	# SIP plane (no glyph)
hu	𰬦	2026-06-28	# SIP plane (no glyph)
hu	𰮇	2026-06-28	# SIP plane (no glyph)
hu	𱂌	2026-06-28	# SIP plane (no glyph)
hu	𱇓	2026-06-28	# SIP plane (no glyph)
hu	𱉓	2026-06-28	# SIP plane (no glyph)
hu	𱝴	2026-06-28	# SIP plane (no glyph)
hua	𠝐	2026-06-28	# SIP plane (no glyph)
hua	𠤎	2026-06-28	# SIP plane (no glyph)
hua	𠳂	2026-06-28	# SIP plane (no glyph)
hua	𠿜	2026-06-28	# SIP plane (no glyph)
hua	𡁑	2026-06-28	# SIP plane (no glyph)
hua	𢄶	2026-06-28	# SIP plane (no glyph)
hua	𢦚	2026-06-28	# SIP plane (no glyph)
hua	𢼤	2026-06-28	# SIP plane (no glyph)
hua	𣶩	2026-06-28	# SIP plane (no glyph)
hua	𤁪	2026-06-28	# SIP plane (no glyph)
hua	𤙕	2026-06-28	# SIP plane (no glyph)
hua	𥉄	2026-06-28	# SIP plane (no glyph)
hua	𥒶	2026-06-28	# SIP plane (no glyph)
hua	𥢮	2026-06-28	# SIP plane (no glyph)
hua	𥧰	2026-06-28	# SIP plane (no glyph)
hua	𦁊	2026-06-28	# SIP plane (no glyph)
hua	𦖍	2026-06-28	# SIP plane (no glyph)
hua	𦧠	2026-06-28	# SIP plane (no glyph)
hua	𦧵	2026-06-28	# SIP plane (no glyph)
hua	𦧹	2026-06-28	# SIP plane (no glyph)
hua	𦪠	2026-06-28	# SIP plane (no glyph)
hua	𦶎	2026-06-28	# SIP plane (no glyph)
hua	𦽊	2026-06-28	# SIP plane (no glyph)
hua	𧑍	2026-06-28	# SIP plane (no glyph)
hua	𧨋	2026-06-28	# SIP plane (no glyph)
hua	𧽌	2026-06-28	# SIP plane (no glyph)
hua	𨣄	2026-06-28	# SIP plane (no glyph)
hua	𨶬	2026-06-28	# SIP plane (no glyph)
hua	𨶱	2026-06-28	# SIP plane (no glyph)
hua	𩂤	2026-06-28	# SIP plane (no glyph)
hua	𩗐	2026-06-28	# SIP plane (no glyph)
hua	𩝨	2026-06-28	# SIP plane (no glyph)
hua	𩤉	2026-06-28	# SIP plane (no glyph)
hua	𩲏	2026-06-28	# SIP plane (no glyph)
hua	𩵏	2026-06-28	# SIP plane (no glyph)
hua	𩸄	2026-06-28	# SIP plane (no glyph)
hua	𪉊	2026-06-28	# SIP plane (no glyph)
hua	𫍩	2026-06-28	# SIP plane (no glyph)
hua	𫚝	2026-06-28	# SIP plane (no glyph)
hua	𫜸	2026-06-28	# SIP plane (no glyph)
hua	𫰡	2026-06-28	# SIP plane (no glyph)
hua	𫺆	2026-06-28	# SIP plane (no glyph)
hua	𫼧	2026-06-28	# SIP plane (no glyph)
hua	𬈾	2026-06-28	# SIP plane (no glyph)
hua	𬬨	2026-06-28	# SIP plane (no glyph)
hua	𬭌	2026-06-28	# SIP plane (no glyph)
hua	𮬡	2026-06-28	# SIP plane (no glyph)
hua	𰬠	2026-06-28	# SIP plane (no glyph)
hua	𰵻	2026-06-28	# SIP plane (no glyph)
hua	𰽗	2026-06-28	# SIP plane (no glyph)
hua	𱋎	2026-06-28	# SIP plane (no glyph)
hua	𱞌	2026-06-28	# SIP plane (no glyph)
hua	𱾃	2026-06-28	# SIP plane (no glyph)
huai	𣟉	2026-06-28	# SIP plane (no glyph)
huai	𣩹	2026-06-28	# SIP plane (no glyph)
huai	𣸎	2026-06-28	# SIP plane (no glyph)
huai	𤜄	2026-06-28	# SIP plane (no glyph)
huai	𦏨	2026-06-28	# SIP plane (no glyph)
huai	𦧬	2026-06-28	# SIP plane (no glyph)
huai	𧱳	2026-06-28	# SIP plane (no glyph)
huai	𩌃	2026-06-28	# SIP plane (no glyph)
huai	𩟮	2026-06-28	# SIP plane (no glyph)
huai	𪊉	2026-06-28	# SIP plane (no glyph)
huai	𬜸	2026-06-28	# SIP plane (no glyph)
huai	𱊽	2026-06-28	# SIP plane (no glyph)
huan	𠂄	2026-06-28	# SIP plane (no glyph)
huan	𠟼	2026-06-28	# SIP plane (no glyph)
huan	𠺐	2026-06-28	# SIP plane (no glyph)
huan	𠻍	2026-06-28	# SIP plane (no glyph)
huan	𡄤	2026-06-28	# SIP plane (no glyph)
huan	𡅱	2026-06-28	# SIP plane (no glyph)
huan	𡅻	2026-06-28	# SIP plane (no glyph)
huan	𡍦	2026-06-28	# SIP plane (no glyph)
huan	𡘍	2026-06-28	# SIP plane (no glyph)
huan	𡚊	2026-06-28	# SIP plane (no glyph)
huan	𡚜	2026-06-28	# SIP plane (no glyph)
huan	𡩂	2026-06-28	# SIP plane (no glyph)
huan	𡱌	2026-06-28	# SIP plane (no glyph)
huan	𡷗	2026-06-28	# SIP plane (no glyph)
huan	𢟿	2026-06-28	# SIP plane (no glyph)
huan	𣌓	2026-06-28	# SIP plane (no glyph)
huan	𤀣	2026-06-28	# SIP plane (no glyph)
huan	𤛚	2026-06-28	# SIP plane (no glyph)
huan	𤡟	2026-06-28	# SIP plane (no glyph)
huan	𤢁	2026-06-28	# SIP plane (no glyph)
huan	𤩽	2026-06-28	# SIP plane (no glyph)
huan	𤴯	2026-06-28	# SIP plane (no glyph)
huan	𤼢	2026-06-28	# SIP plane (no glyph)
huan	𤽅	2026-06-28	# SIP plane (no glyph)
huan	𤽕	2026-06-28	# SIP plane (no glyph)
huan	𥈉	2026-06-28	# SIP plane (no glyph)
huan	𥏇	2026-06-28	# SIP plane (no glyph)
huan	𥐓	2026-06-28	# SIP plane (no glyph)
huan	𥠅	2026-06-28	# SIP plane (no glyph)
huan	𥶍	2026-06-28	# SIP plane (no glyph)
huan	𥹚	2026-06-28	# SIP plane (no glyph)
huan	𦌦	2026-06-28	# SIP plane (no glyph)
huan	𦑛	2026-06-28	# SIP plane (no glyph)
huan	𦝝	2026-06-28	# SIP plane (no glyph)
huan	𦣴	2026-06-28	# SIP plane (no glyph)
huan	𦻃	2026-06-28	# SIP plane (no glyph)
huan	𦼉	2026-06-28	# SIP plane (no glyph)
huan	𧚁	2026-06-28	# SIP plane (no glyph)
huan	𧡩	2026-06-28	# SIP plane (no glyph)
huan	𧴊	2026-06-28	# SIP plane (no glyph)
huan	𨕹	2026-06-28	# SIP plane (no glyph)
huan	𨜌	2026-06-28	# SIP plane (no glyph)
huan	𨽧	2026-06-28	# SIP plane (no glyph)
huan	𩍡	2026-06-28	# SIP plane (no glyph)
huan	𩑖	2026-06-28	# SIP plane (no glyph)
huan	𩙽	2026-06-28	# SIP plane (no glyph)
huan	𩡧	2026-06-28	# SIP plane (no glyph)
huan	𩦘	2026-06-28	# SIP plane (no glyph)
huan	𩵄	2026-06-28	# SIP plane (no glyph)
huan	𩿊	2026-06-28	# SIP plane (no glyph)
huan	𪈩	2026-06-28	# SIP plane (no glyph)
huan	𪊥	2026-06-28	# SIP plane (no glyph)
huan	𪍺	2026-06-28	# SIP plane (no glyph)
huan	𪣒	2026-06-28	# SIP plane (no glyph)
huan	𫄠	2026-06-28	# SIP plane (no glyph)
huan	𫛝	2026-06-28	# SIP plane (no glyph)
huan	𫜅	2026-06-28	# SIP plane (no glyph)
huan	𬘫	2026-06-28	# SIP plane (no glyph)
huan	𬤰	2026-06-28	# SIP plane (no glyph)
huan	𬴐	2026-06-28	# SIP plane (no glyph)
huan	𭈮	2026-06-28	# SIP plane (no glyph)
huan	𮝹	2026-06-28	# SIP plane (no glyph)
huan	𱉒	2026-06-28	# SIP plane (no glyph)
huan	𱢡	2026-06-28	# SIP plane (no glyph)
huan	𲍗	2026-06-28	# SIP plane (no glyph)
huang	𠂸	2026-06-28	# SIP plane (no glyph)
huang	𡉚	2026-06-28	# SIP plane (no glyph)
huang	𡜋	2026-06-28	# SIP plane (no glyph)
huang	𡡄	2026-06-28	# SIP plane (no glyph)
huang	𡧽	2026-06-28	# SIP plane (no glyph)
huang	𡿰	2026-06-28	# SIP plane (no glyph)
huang	𢁹	2026-06-28	# SIP plane (no glyph)
huang	𢇟	2026-06-28	# SIP plane (no glyph)
huang	𣄙	2026-06-28	# SIP plane (no glyph)
huang	𣆖	2026-06-28	# SIP plane (no glyph)
huang	𣉪	2026-06-28	# SIP plane (no glyph)
huang	𣺬	2026-06-28	# SIP plane (no glyph)
huang	𤆴	2026-06-28	# SIP plane (no glyph)
huang	𤚝	2026-06-28	# SIP plane (no glyph)
huang	𤛥	2026-06-28	# SIP plane (no glyph)
huang	𤠛	2026-06-28	# SIP plane (no glyph)
huang	𤭉	2026-06-28	# SIP plane (no glyph)
huang	𤯷	2026-06-28	# SIP plane (no glyph)
huang	𤾑	2026-06-28	# SIP plane (no glyph)
huang	𥫼	2026-06-28	# SIP plane (no glyph)
huang	𥿪	2026-06-28	# SIP plane (no glyph)
huang	𦟮	2026-06-28	# SIP plane (no glyph)
huang	𦡽	2026-06-28	# SIP plane (no glyph)
huang	𦪗	2026-06-28	# SIP plane (no glyph)
huang	𦵽	2026-06-28	# SIP plane (no glyph)
huang	𧕸	2026-06-28	# SIP plane (no glyph)
huang	𧖬	2026-06-28	# SIP plane (no glyph)
huang	𧠬	2026-06-28	# SIP plane (no glyph)
huang	𨉁	2026-06-28	# SIP plane (no glyph)
huang	𨉤	2026-06-28	# SIP plane (no glyph)
huang	𨍧	2026-06-28	# SIP plane (no glyph)
huang	𨚳	2026-06-28	# SIP plane (no glyph)
huang	𨜔	2026-06-28	# SIP plane (no glyph)
huang	𨝴	2026-06-28	# SIP plane (no glyph)
huang	𨱑	2026-06-28	# SIP plane (no glyph)
huang	𩞩	2026-06-28	# SIP plane (no glyph)
huang	𩢯	2026-06-28	# SIP plane (no glyph)
huang	𪀞	2026-06-28	# SIP plane (no glyph)
huang	𪏍	2026-06-28	# SIP plane (no glyph)
huang	𪏒	2026-06-28	# SIP plane (no glyph)
huang	𪏙	2026-06-28	# SIP plane (no glyph)
huang	𫗮	2026-06-28	# SIP plane (no glyph)
huang	𫘩	2026-06-28	# SIP plane (no glyph)
huang	𬤍	2026-06-28	# SIP plane (no glyph)
huang	𬶫	2026-06-28	# SIP plane (no glyph)
huang	𬸛	2026-06-28	# SIP plane (no glyph)
huang	𰗓	2026-06-28	# SIP plane (no glyph)
huang	𱅦	2026-06-28	# SIP plane (no glyph)
huang	𱗢	2026-06-28	# SIP plane (no glyph)
hui	𠍗	2026-06-28	# SIP plane (no glyph)
hui	𠓊	2026-06-28	# SIP plane (no glyph)
hui	𠧩	2026-06-28	# SIP plane (no glyph)
hui	𠯠	2026-06-28	# SIP plane (no glyph)
hui	𠲛	2026-06-28	# SIP plane (no glyph)
hui	𠽡	2026-06-28	# SIP plane (no glyph)
hui	𠿔	2026-06-28	# SIP plane (no glyph)
hui	𡋙	2026-06-28	# SIP plane (no glyph)
hui	𡏁	2026-06-28	# SIP plane (no glyph)
hui	𡒾	2026-06-28	# SIP plane (no glyph)
hui	𡜦	2026-06-28	# SIP plane (no glyph)
hui	𡢕	2026-06-28	# SIP plane (no glyph)
hui	𡥋	2026-06-28	# SIP plane (no glyph)
hui	𡭛	2026-06-28	# SIP plane (no glyph)
hui	𡯥	2026-06-28	# SIP plane (no glyph)
hui	𡰋	2026-06-28	# SIP plane (no glyph)
hui	𡹎	2026-06-28	# SIP plane (no glyph)
hui	𡹯	2026-06-28	# SIP plane (no glyph)
hui	𢀡	2026-06-28	# SIP plane (no glyph)
hui	𢄣	2026-06-28	# SIP plane (no glyph)
hui	𢅫	2026-06-28	# SIP plane (no glyph)
hui	𢊄	2026-06-28	# SIP plane (no glyph)
hui	𢊇	2026-06-28	# SIP plane (no glyph)
hui	𢕺	2026-06-28	# SIP plane (no glyph)
hui	𢟾	2026-06-28	# SIP plane (no glyph)
hui	𢻔	2026-06-28	# SIP plane (no glyph)
hui	𣄓	2026-06-28	# SIP plane (no glyph)
hui	𣋘	2026-06-28	# SIP plane (no glyph)
hui	𣌭	2026-06-28	# SIP plane (no glyph)
hui	𣨶	2026-06-28	# SIP plane (no glyph)
hui	𣸀	2026-06-28	# SIP plane (no glyph)
hui	𤃽	2026-06-28	# SIP plane (no glyph)
hui	𤆳	2026-06-28	# SIP plane (no glyph)
hui	𤈦	2026-06-28	# SIP plane (no glyph)
hui	𤌋	2026-06-28	# SIP plane (no glyph)
hui	𤕚	2026-06-28	# SIP plane (no glyph)
hui	𤜋	2026-06-28	# SIP plane (no glyph)
hui	𤜡	2026-06-28	# SIP plane (no glyph)
hui	𤞃	2026-06-28	# SIP plane (no glyph)
hui	𤟤	2026-06-28	# SIP plane (no glyph)
hui	𤸁	2026-06-28	# SIP plane (no glyph)
hui	𤾈	2026-06-28	# SIP plane (no glyph)
hui	𥀠	2026-06-28	# SIP plane (no glyph)
hui	𥃌	2026-06-28	# SIP plane (no glyph)
hui	𥊔	2026-06-28	# SIP plane (no glyph)
hui	𥌍	2026-06-28	# SIP plane (no glyph)
hui	𥔯	2026-06-28	# SIP plane (no glyph)
hui	𥱵	2026-06-28	# SIP plane (no glyph)
hui	𥴯	2026-06-28	# SIP plane (no glyph)
hui	𥶵	2026-06-28	# SIP plane (no glyph)
hui	𥸃	2026-06-28	# SIP plane (no glyph)
hui	𦂆	2026-06-28	# SIP plane (no glyph)
hui	𦒎	2026-06-28	# SIP plane (no glyph)
hui	𦞙	2026-06-28	# SIP plane (no glyph)
hui	𦡖	2026-06-28	# SIP plane (no glyph)
hui	𦭹	2026-06-28	# SIP plane (no glyph)
hui	𦽐	2026-06-28	# SIP plane (no glyph)
hui	𧉇	2026-06-28	# SIP plane (no glyph)
hui	𧏧	2026-06-28	# SIP plane (no glyph)
hui	𧖢	2026-06-28	# SIP plane (no glyph)
hui	𧗏	2026-06-28	# SIP plane (no glyph)
hui	𧗼	2026-06-28	# SIP plane (no glyph)
hui	𧧾	2026-06-28	# SIP plane (no glyph)
hui	𧬨	2026-06-28	# SIP plane (no glyph)
hui	𧭾	2026-06-28	# SIP plane (no glyph)
hui	𧳐	2026-06-28	# SIP plane (no glyph)
hui	𨊢	2026-06-28	# SIP plane (no glyph)
hui	𨍹	2026-06-28	# SIP plane (no glyph)
hui	𨗥	2026-06-28	# SIP plane (no glyph)
hui	𨘇	2026-06-28	# SIP plane (no glyph)
hui	𨘲	2026-06-28	# SIP plane (no glyph)
hui	𨛤	2026-06-28	# SIP plane (no glyph)
hui	𨦗	2026-06-28	# SIP plane (no glyph)
hui	𨵘	2026-06-28	# SIP plane (no glyph)
hui	𩃾	2026-06-28	# SIP plane (no glyph)
hui	𩆁	2026-06-28	# SIP plane (no glyph)
hui	𩇻	2026-06-28	# SIP plane (no glyph)
hui	𩒏	2026-06-28	# SIP plane (no glyph)
hui	𩒳	2026-06-28	# SIP plane (no glyph)
hui	𩔁	2026-06-28	# SIP plane (no glyph)
hui	𩗝	2026-06-28	# SIP plane (no glyph)
hui	𩢱	2026-06-28	# SIP plane (no glyph)
hui	𩶥	2026-06-28	# SIP plane (no glyph)
hui	𩻟	2026-06-28	# SIP plane (no glyph)
hui	𪀟	2026-06-28	# SIP plane (no glyph)
hui	𪀬	2026-06-28	# SIP plane (no glyph)
hui	𪈑	2026-06-28	# SIP plane (no glyph)
hui	𪊂	2026-06-28	# SIP plane (no glyph)
hui	𪏇	2026-06-28	# SIP plane (no glyph)
hui	𪏏	2026-06-28	# SIP plane (no glyph)
hui	𪑀	2026-06-28	# SIP plane (no glyph)
hui	𪑅	2026-06-28	# SIP plane (no glyph)
hui	𪔊	2026-06-28	# SIP plane (no glyph)
hui	𪖕	2026-06-28	# SIP plane (no glyph)
hui	𪛂	2026-06-28	# SIP plane (no glyph)
hui	𪸩	2026-06-28	# SIP plane (no glyph)
hui	𫖃	2026-06-28	# SIP plane (no glyph)
hui	𫚔	2026-06-28	# SIP plane (no glyph)
hui	𫝨	2026-06-28	# SIP plane (no glyph)
hui	𫰢	2026-06-28	# SIP plane (no glyph)
hui	𬜨	2026-06-28	# SIP plane (no glyph)
hui	𬣪	2026-06-28	# SIP plane (no glyph)
hui	𬣬	2026-06-28	# SIP plane (no glyph)
hui	𬣰	2026-06-28	# SIP plane (no glyph)
hui	𬤉	2026-06-28	# SIP plane (no glyph)
hui	𬤝	2026-06-28	# SIP plane (no glyph)
hui	𬤭	2026-06-28	# SIP plane (no glyph)
hui	𬨐	2026-06-28	# SIP plane (no glyph)
hui	𬭬	2026-06-28	# SIP plane (no glyph)
hui	灰	2026-06-28	# SIP plane (no glyph)
hui	𰗆	2026-06-28	# SIP plane (no glyph)
hui	𰗢	2026-06-28	# SIP plane (no glyph)
hui	𰛦	2026-06-28	# SIP plane (no glyph)
hui	𰝍	2026-06-28	# SIP plane (no glyph)
hui	𰡋	2026-06-28	# SIP plane (no glyph)
hui	𰦨	2026-06-28	# SIP plane (no glyph)
hui	𰽷	2026-06-28	# SIP plane (no glyph)
hui	𰾶	2026-06-28	# SIP plane (no glyph)
hui	𱂤	2026-06-28	# SIP plane (no glyph)
hui	𱄄	2026-06-28	# SIP plane (no glyph)
hui	𱈑	2026-06-28	# SIP plane (no glyph)
hui	𱣄	2026-06-28	# SIP plane (no glyph)
hui	𱳢	2026-06-28	# SIP plane (no glyph)
hun	𠉣	2026-06-28	# SIP plane (no glyph)
hun	𡇯	2026-06-28	# SIP plane (no glyph)
hun	𡨩	2026-06-28	# SIP plane (no glyph)
hun	𣇲	2026-06-28	# SIP plane (no glyph)
hun	𣝂	2026-06-28	# SIP plane (no glyph)
hun	𣣏	2026-06-28	# SIP plane (no glyph)
hun	𣣞	2026-06-28	# SIP plane (no glyph)
hun	𣨿	2026-06-28	# SIP plane (no glyph)
hun	𦃕	2026-06-28	# SIP plane (no glyph)
hun	𦞢	2026-06-28	# SIP plane (no glyph)
hun	𦟲	2026-06-28	# SIP plane (no glyph)
hun	𦡵	2026-06-28	# SIP plane (no glyph)
hun	𦵣	2026-06-28	# SIP plane (no glyph)
hun	𧠚	2026-06-28	# SIP plane (no glyph)
hun	𧣢	2026-06-28	# SIP plane (no glyph)
hun	𨂱	2026-06-28	# SIP plane (no glyph)
hun	𨋨	2026-06-28	# SIP plane (no glyph)
hun	𨏂	2026-06-28	# SIP plane (no glyph)
hun	𨡫	2026-06-28	# SIP plane (no glyph)
hun	𩅴	2026-06-28	# SIP plane (no glyph)
hun	𩇇	2026-06-28	# SIP plane (no glyph)
hun	𩏖	2026-06-28	# SIP plane (no glyph)
hun	𩧰	2026-06-28	# SIP plane (no glyph)
hun	𩽼	2026-06-28	# SIP plane (no glyph)
hun	𪌽	2026-06-28	# SIP plane (no glyph)
hun	𪑕	2026-06-28	# SIP plane (no glyph)
hun	𫖲	2026-06-28	# SIP plane (no glyph)
hun	𫝈	2026-06-28	# SIP plane (no glyph)
hun	𬑕	2026-06-28	# SIP plane (no glyph)
hun	𬹉	2026-06-28	# SIP plane (no glyph)
hun	𬹋	2026-06-28	# SIP plane (no glyph)
hun	𱌏	2026-06-28	# SIP plane (no glyph)
hun	𱗃	2026-06-28	# SIP plane (no glyph)
huo	𠙞	2026-06-28	# SIP plane (no glyph)
huo	𠯐	2026-06-28	# SIP plane (no glyph)
huo	𠵾	2026-06-28	# SIP plane (no glyph)
huo	𡄴	2026-06-28	# SIP plane (no glyph)
huo	𡓘	2026-06-28	# SIP plane (no glyph)
huo	𡪞	2026-06-28	# SIP plane (no glyph)
huo	𡯢	2026-06-28	# SIP plane (no glyph)
huo	𡿿	2026-06-28	# SIP plane (no glyph)
huo	𢃎	2026-06-28	# SIP plane (no glyph)
huo	𢋒	2026-06-28	# SIP plane (no glyph)
huo	𢛯	2026-06-28	# SIP plane (no glyph)
huo	𢝇	2026-06-28	# SIP plane (no glyph)
huo	𢞕	2026-06-28	# SIP plane (no glyph)
huo	𣄸	2026-06-28	# SIP plane (no glyph)
huo	𣉒	2026-06-28	# SIP plane (no glyph)
huo	𣤨	2026-06-28	# SIP plane (no glyph)
huo	𤁹	2026-06-28	# SIP plane (no glyph)
huo	𤆄	2026-06-28	# SIP plane (no glyph)
huo	𤊴	2026-06-28	# SIP plane (no glyph)
huo	𤏘	2026-06-28	# SIP plane (no glyph)
huo	𤐰	2026-06-28	# SIP plane (no glyph)
huo	𤬁	2026-06-28	# SIP plane (no glyph)
huo	𤻙	2026-06-28	# SIP plane (no glyph)
huo	𥇙	2026-06-28	# SIP plane (no glyph)
huo	𥊮	2026-06-28	# SIP plane (no glyph)
huo	𥒠	2026-06-28	# SIP plane (no glyph)
huo	𥙨	2026-06-28	# SIP plane (no glyph)
huo	𥝂	2026-06-28	# SIP plane (no glyph)
huo	𥽥	2026-06-28	# SIP plane (no glyph)
huo	𦑌	2026-06-28	# SIP plane (no glyph)
huo	𦒧	2026-06-28	# SIP plane (no glyph)
huo	𦞦	2026-06-28	# SIP plane (no glyph)
huo	𦨯	2026-06-28	# SIP plane (no glyph)
huo	𧆑	2026-06-28	# SIP plane (no glyph)
huo	𧤴	2026-06-28	# SIP plane (no glyph)
huo	𧯆	2026-06-28	# SIP plane (no glyph)
huo	𧯱	2026-06-28	# SIP plane (no glyph)
huo	𧵻	2026-06-28	# SIP plane (no glyph)
huo	𨐶	2026-06-28	# SIP plane (no glyph)
huo	𨘌	2026-06-28	# SIP plane (no glyph)
huo	𨙀	2026-06-28	# SIP plane (no glyph)
huo	𨷮	2026-06-28	# SIP plane (no glyph)
huo	𩆀	2026-06-28	# SIP plane (no glyph)
huo	𩞺	2026-06-28	# SIP plane (no glyph)
huo	𩟨	2026-06-28	# SIP plane (no glyph)
huo	𩟸	2026-06-28	# SIP plane (no glyph)
huo	𩪭	2026-06-28	# SIP plane (no glyph)
huo	𩭳	2026-06-28	# SIP plane (no glyph)
huo	𪒩	2026-06-28	# SIP plane (no glyph)
huo	𫩥	2026-06-28	# SIP plane (no glyph)
huo	𫯥	2026-06-28	# SIP plane (no glyph)
huo	𫽇	2026-06-28	# SIP plane (no glyph)
huo	𬀥	2026-06-28	# SIP plane (no glyph)
huo	𬩎	2026-06-28	# SIP plane (no glyph)
huo	𬮘	2026-06-28	# SIP plane (no glyph)
huo	𬮨	2026-06-28	# SIP plane (no glyph)
huo	𬴃	2026-06-28	# SIP plane (no glyph)
huo	𮬟	2026-06-28	# SIP plane (no glyph)
huo	𰵼	2026-06-28	# SIP plane (no glyph)
huo	𰺨	2026-06-28	# SIP plane (no glyph)
ji	𠀷	2026-06-28	# SIP plane (no glyph)
ji	𠋻	2026-06-28	# SIP plane (no glyph)
ji	𠍃	2026-06-28	# SIP plane (no glyph)
ji	𠑃	2026-06-28	# SIP plane (no glyph)
ji	𠓞	2026-06-28	# SIP plane (no glyph)
ji	𠔋	2026-06-28	# SIP plane (no glyph)
ji	𠗏	2026-06-28	# SIP plane (no glyph)
ji	𠚽	2026-06-28	# SIP plane (no glyph)
ji	𠟣	2026-06-28	# SIP plane (no glyph)
ji	𠦫	2026-06-28	# SIP plane (no glyph)
ji	𠨕	2026-06-28	# SIP plane (no glyph)
ji	𠨠	2026-06-28	# SIP plane (no glyph)
ji	𠫷	2026-06-28	# SIP plane (no glyph)
ji	𠮯	2026-06-28	# SIP plane (no glyph)
ji	𠯉	2026-06-28	# SIP plane (no glyph)
ji	𠱨	2026-06-28	# SIP plane (no glyph)
ji	𠲹	2026-06-28	# SIP plane (no glyph)
ji	𠴩	2026-06-28	# SIP plane (no glyph)
ji	𠴫	2026-06-28	# SIP plane (no glyph)
ji	𠶻	2026-06-28	# SIP plane (no glyph)
ji	𠷌	2026-06-28	# SIP plane (no glyph)
ji	𠹋	2026-06-28	# SIP plane (no glyph)
ji	𠼻	2026-06-28	# SIP plane (no glyph)
ji	𠿉	2026-06-28	# SIP plane (no glyph)
ji	𠿠	2026-06-28	# SIP plane (no glyph)
ji	𡁪	2026-06-28	# SIP plane (no glyph)
ji	𡁰	2026-06-28	# SIP plane (no glyph)
ji	𡃃	2026-06-28	# SIP plane (no glyph)
ji	𡅺	2026-06-28	# SIP plane (no glyph)
ji	𡇟	2026-06-28	# SIP plane (no glyph)
ji	𡋚	2026-06-28	# SIP plane (no glyph)
ji	𡜱	2026-06-28	# SIP plane (no glyph)
ji	𡥞	2026-06-28	# SIP plane (no glyph)
ji	𡦊	2026-06-28	# SIP plane (no glyph)
ji	𡦪	2026-06-28	# SIP plane (no glyph)
ji	𡪱	2026-06-28	# SIP plane (no glyph)
ji	𡫀	2026-06-28	# SIP plane (no glyph)
ji	𡬄	2026-06-28	# SIP plane (no glyph)
ji	𡳮	2026-06-28	# SIP plane (no glyph)
ji	𡹪	2026-06-28	# SIP plane (no glyph)
ji	𡽉	2026-06-28	# SIP plane (no glyph)
ji	𡿙	2026-06-28	# SIP plane (no glyph)
ji	𢁂	2026-06-28	# SIP plane (no glyph)
ji	𢃺	2026-06-28	# SIP plane (no glyph)
ji	𢆻	2026-06-28	# SIP plane (no glyph)
ji	𢉗	2026-06-28	# SIP plane (no glyph)
ji	𢍇	2026-06-28	# SIP plane (no glyph)
ji	𢏞	2026-06-28	# SIP plane (no glyph)
ji	𢓄	2026-06-28	# SIP plane (no glyph)
ji	𢗂	2026-06-28	# SIP plane (no glyph)
ji	𢗹	2026-06-28	# SIP plane (no glyph)
ji	𢚁	2026-06-28	# SIP plane (no glyph)
ji	𢜭	2026-06-28	# SIP plane (no glyph)
ji	𢡴	2026-06-28	# SIP plane (no glyph)
ji	𢨐	2026-06-28	# SIP plane (no glyph)
ji	𢩦	2026-06-28	# SIP plane (no glyph)
ji	𢭄	2026-06-28	# SIP plane (no glyph)
ji	𢰒	2026-06-28	# SIP plane (no glyph)
ji	𢱣	2026-06-28	# SIP plane (no glyph)
ji	𢺼	2026-06-28	# SIP plane (no glyph)
ji	𢼋	2026-06-28	# SIP plane (no glyph)
ji	𢼷	2026-06-28	# SIP plane (no glyph)
ji	𣄯	2026-06-28	# SIP plane (no glyph)
ji	𣄱	2026-06-28	# SIP plane (no glyph)
ji	𣇳	2026-06-28	# SIP plane (no glyph)
ji	𣏡	2026-06-28	# SIP plane (no glyph)
ji	𣔽	2026-06-28	# SIP plane (no glyph)
ji	𣖷	2026-06-28	# SIP plane (no glyph)
ji	𣘐	2026-06-28	# SIP plane (no glyph)
ji	𣛔	2026-06-28	# SIP plane (no glyph)
ji	𣜇	2026-06-28	# SIP plane (no glyph)
ji	𣣝	2026-06-28	# SIP plane (no glyph)
ji	𣪠	2026-06-28	# SIP plane (no glyph)
ji	𣬠	2026-06-28	# SIP plane (no glyph)
ji	𣯅	2026-06-28	# SIP plane (no glyph)
ji	𣰈	2026-06-28	# SIP plane (no glyph)
ji	𣱗	2026-06-28	# SIP plane (no glyph)
ji	𣳃	2026-06-28	# SIP plane (no glyph)
ji	𣹜	2026-06-28	# SIP plane (no glyph)
ji	𣽍	2026-06-28	# SIP plane (no glyph)
ji	𤊵	2026-06-28	# SIP plane (no glyph)
ji	𤋭	2026-06-28	# SIP plane (no glyph)
ji	𤌿	2026-06-28	# SIP plane (no glyph)
ji	𤎗	2026-06-28	# SIP plane (no glyph)
ji	𤓑	2026-06-28	# SIP plane (no glyph)
ji	𤛄	2026-06-28	# SIP plane (no glyph)
ji	𤜝	2026-06-28	# SIP plane (no glyph)
ji	𤜾	2026-06-28	# SIP plane (no glyph)
ji	𤠎	2026-06-28	# SIP plane (no glyph)
ji	𤤋	2026-06-28	# SIP plane (no glyph)
ji	𤫝	2026-06-28	# SIP plane (no glyph)
ji	𤳎	2026-06-28	# SIP plane (no glyph)
ji	𤵀	2026-06-28	# SIP plane (no glyph)
ji	𤷉	2026-06-28	# SIP plane (no glyph)
ji	𤺷	2026-06-28	# SIP plane (no glyph)
ji	𤿠	2026-06-28	# SIP plane (no glyph)
ji	𥈂	2026-06-28	# SIP plane (no glyph)
ji	𥊬	2026-06-28	# SIP plane (no glyph)
ji	𥋥	2026-06-28	# SIP plane (no glyph)
ji	𥒡	2026-06-28	# SIP plane (no glyph)
ji	𥕂	2026-06-28	# SIP plane (no glyph)
ji	𥖙	2026-06-28	# SIP plane (no glyph)
ji	𥘌	2026-06-28	# SIP plane (no glyph)
ji	𥠋	2026-06-28	# SIP plane (no glyph)
ji	𥡒	2026-06-28	# SIP plane (no glyph)
ji	𥡴	2026-06-28	# SIP plane (no glyph)
ji	𥣩	2026-06-28	# SIP plane (no glyph)
ji	𥨿	2026-06-28	# SIP plane (no glyph)
ji	𥪫	2026-06-28	# SIP plane (no glyph)
ji	𥪼	2026-06-28	# SIP plane (no glyph)
ji	𥫶	2026-06-28	# SIP plane (no glyph)
ji	𥭋	2026-06-28	# SIP plane (no glyph)
ji	𥭌	2026-06-28	# SIP plane (no glyph)
ji	𥭜	2026-06-28	# SIP plane (no glyph)
ji	𥰦	2026-06-28	# SIP plane (no glyph)
ji	𥳏	2026-06-28	# SIP plane (no glyph)
ji	𥷙	2026-06-28	# SIP plane (no glyph)
ji	𥺵	2026-06-28	# SIP plane (no glyph)
ji	𥾊	2026-06-28	# SIP plane (no glyph)
ji	𦁳	2026-06-28	# SIP plane (no glyph)
ji	𦂑	2026-06-28	# SIP plane (no glyph)
ji	𦆡	2026-06-28	# SIP plane (no glyph)
ji	𦇧	2026-06-28	# SIP plane (no glyph)
ji	𦋋	2026-06-28	# SIP plane (no glyph)
ji	𦌗	2026-06-28	# SIP plane (no glyph)
ji	𦌰	2026-06-28	# SIP plane (no glyph)
ji	𦎢	2026-06-28	# SIP plane (no glyph)
ji	𦜸	2026-06-28	# SIP plane (no glyph)
ji	𦝖	2026-06-28	# SIP plane (no glyph)
ji	𦠄	2026-06-28	# SIP plane (no glyph)
ji	𦠾	2026-06-28	# SIP plane (no glyph)
ji	𦩧	2026-06-28	# SIP plane (no glyph)
ji	𦪱	2026-06-28	# SIP plane (no glyph)
ji	𦮯	2026-06-28	# SIP plane (no glyph)
ji	𦮼	2026-06-28	# SIP plane (no glyph)
ji	𦳌	2026-06-28	# SIP plane (no glyph)
ji	𦵾	2026-06-28	# SIP plane (no glyph)
ji	𦶍	2026-06-28	# SIP plane (no glyph)
ji	𦺩	2026-06-28	# SIP plane (no glyph)
ji	𦺬	2026-06-28	# SIP plane (no glyph)
ji	𦺴	2026-06-28	# SIP plane (no glyph)
ji	𦺶	2026-06-28	# SIP plane (no glyph)
ji	𦼷	2026-06-28	# SIP plane (no glyph)
ji	𦾲	2026-06-28	# SIP plane (no glyph)
ji	𦿓	2026-06-28	# SIP plane (no glyph)
ji	𧃞	2026-06-28	# SIP plane (no glyph)
ji	𧇯	2026-06-28	# SIP plane (no glyph)
ji	𧉆	2026-06-28	# SIP plane (no glyph)
ji	𧉍	2026-06-28	# SIP plane (no glyph)
ji	𧎿	2026-06-28	# SIP plane (no glyph)
ji	𧐐	2026-06-28	# SIP plane (no glyph)
ji	𧓓	2026-06-28	# SIP plane (no glyph)
ji	𧗒	2026-06-28	# SIP plane (no glyph)
ji	𧟜	2026-06-28	# SIP plane (no glyph)
ji	𧡉	2026-06-28	# SIP plane (no glyph)
ji	𧡯	2026-06-28	# SIP plane (no glyph)
ji	𧢾	2026-06-28	# SIP plane (no glyph)
ji	𧤏	2026-06-28	# SIP plane (no glyph)
ji	𧥄	2026-06-28	# SIP plane (no glyph)
ji	𧧃	2026-06-28	# SIP plane (no glyph)
ji	𧧟	2026-06-28	# SIP plane (no glyph)
ji	𧧩	2026-06-28	# SIP plane (no glyph)
ji	𧩦	2026-06-28	# SIP plane (no glyph)
ji	𧪇	2026-06-28	# SIP plane (no glyph)
ji	𧪠	2026-06-28	# SIP plane (no glyph)
ji	𧫜	2026-06-28	# SIP plane (no glyph)
ji	𧫠	2026-06-28	# SIP plane (no glyph)
ji	𧮭	2026-06-28	# SIP plane (no glyph)
ji	𧽑	2026-06-28	# SIP plane (no glyph)
ji	𧾽	2026-06-28	# SIP plane (no glyph)
ji	𧾾	2026-06-28	# SIP plane (no glyph)
ji	𨀶	2026-06-28	# SIP plane (no glyph)
ji	𨂢	2026-06-28	# SIP plane (no glyph)
ji	𨄐	2026-06-28	# SIP plane (no glyph)
ji	𨅤	2026-06-28	# SIP plane (no glyph)
ji	𨊻	2026-06-28	# SIP plane (no glyph)
ji	𨋉	2026-06-28	# SIP plane (no glyph)
ji	𨍺	2026-06-28	# SIP plane (no glyph)
ji	𨐆	2026-06-28	# SIP plane (no glyph)
ji	𨒴	2026-06-28	# SIP plane (no glyph)
ji	𨛉	2026-06-28	# SIP plane (no glyph)
ji	𨛑	2026-06-28	# SIP plane (no glyph)
ji	𨜒	2026-06-28	# SIP plane (no glyph)
ji	𨠨	2026-06-28	# SIP plane (no glyph)
ji	𨢵	2026-06-28	# SIP plane (no glyph)
ji	𨣧	2026-06-28	# SIP plane (no glyph)
ji	𨤹	2026-06-28	# SIP plane (no glyph)
ji	𨦮	2026-06-28	# SIP plane (no glyph)
ji	𨪏	2026-06-28	# SIP plane (no glyph)
ji	𨮺	2026-06-28	# SIP plane (no glyph)
ji	𨲪	2026-06-28	# SIP plane (no glyph)
ji	𨳋	2026-06-28	# SIP plane (no glyph)
ji	𨳻	2026-06-28	# SIP plane (no glyph)
ji	𨸚	2026-06-28	# SIP plane (no glyph)
ji	𨹶	2026-06-28	# SIP plane (no glyph)
ji	𨻕	2026-06-28	# SIP plane (no glyph)
ji	𩀖	2026-06-28	# SIP plane (no glyph)
ji	𩉜	2026-06-28	# SIP plane (no glyph)
ji	𩉢	2026-06-28	# SIP plane (no glyph)
ji	𩐆	2026-06-28	# SIP plane (no glyph)
ji	𩓮	2026-06-28	# SIP plane (no glyph)
ji	𩚮	2026-06-28	# SIP plane (no glyph)
ji	𩜆	2026-06-28	# SIP plane (no glyph)
ji	𩞊	2026-06-28	# SIP plane (no glyph)
ji	𩠨	2026-06-28	# SIP plane (no glyph)
ji	𩥉	2026-06-28	# SIP plane (no glyph)
ji	𩦤	2026-06-28	# SIP plane (no glyph)
ji	𩧱	2026-06-28	# SIP plane (no glyph)
ji	𩨒	2026-06-28	# SIP plane (no glyph)
ji	𩩛	2026-06-28	# SIP plane (no glyph)
ji	𩯋	2026-06-28	# SIP plane (no glyph)
ji	𩴃	2026-06-28	# SIP plane (no glyph)
ji	𩼄	2026-06-28	# SIP plane (no glyph)
ji	𩼚	2026-06-28	# SIP plane (no glyph)
ji	𪂍	2026-06-28	# SIP plane (no glyph)
ji	𪂺	2026-06-28	# SIP plane (no glyph)
ji	𪄵	2026-06-28	# SIP plane (no glyph)
ji	𪄸	2026-06-28	# SIP plane (no glyph)
ji	𪅹	2026-06-28	# SIP plane (no glyph)
ji	𪊆	2026-06-28	# SIP plane (no glyph)
ji	𪌍	2026-06-28	# SIP plane (no glyph)
ji	𪔋	2026-06-28	# SIP plane (no glyph)
ji	𪘥	2026-06-28	# SIP plane (no glyph)
ji	𪟝	2026-06-28	# SIP plane (no glyph)
ji	𪲎	2026-06-28	# SIP plane (no glyph)
ji	𪲛	2026-06-28	# SIP plane (no glyph)
ji	𫅅	2026-06-28	# SIP plane (no glyph)
ji	𫌀	2026-06-28	# SIP plane (no glyph)
ji	𫍪	2026-06-28	# SIP plane (no glyph)
ji	𫓯	2026-06-28	# SIP plane (no glyph)
ji	𫓹	2026-06-28	# SIP plane (no glyph)
ji	𫞦	2026-06-28	# SIP plane (no glyph)
ji	𫟕	2026-06-28	# SIP plane (no glyph)
ji	𬆦	2026-06-28	# SIP plane (no glyph)
ji	𬏟	2026-06-28	# SIP plane (no glyph)
ji	𬓠	2026-06-28	# SIP plane (no glyph)
ji	𬘧	2026-06-28	# SIP plane (no glyph)
ji	𬤅	2026-06-28	# SIP plane (no glyph)
ji	𬭉	2026-06-28	# SIP plane (no glyph)
ji	𬭿	2026-06-28	# SIP plane (no glyph)
ji	𬯀	2026-06-28	# SIP plane (no glyph)
ji	𬶨	2026-06-28	# SIP plane (no glyph)
ji	𬶭	2026-06-28	# SIP plane (no glyph)
ji	𮷈	2026-06-28	# SIP plane (no glyph)
ji	𰇘	2026-06-28	# SIP plane (no glyph)
ji	𰣬	2026-06-28	# SIP plane (no glyph)
ji	𰣼	2026-06-28	# SIP plane (no glyph)
ji	𰨦	2026-06-28	# SIP plane (no glyph)
ji	𰬀	2026-06-28	# SIP plane (no glyph)
ji	𰳁	2026-06-28	# SIP plane (no glyph)
ji	𰺟	2026-06-28	# SIP plane (no glyph)
ji	𰽕	2026-06-28	# SIP plane (no glyph)
ji	𰽲	2026-06-28	# SIP plane (no glyph)
ji	𱇵	2026-06-28	# SIP plane (no glyph)
ji	𱇺	2026-06-28	# SIP plane (no glyph)
ji	𱉼	2026-06-28	# SIP plane (no glyph)
ji	𱉽	2026-06-28	# SIP plane (no glyph)
ji	𱊢	2026-06-28	# SIP plane (no glyph)
ji	𱊯	2026-06-28	# SIP plane (no glyph)
ji	𱌗	2026-06-28	# SIP plane (no glyph)
ji	𱌸	2026-06-28	# SIP plane (no glyph)
ji	𱏅	2026-06-28	# SIP plane (no glyph)
jia	𠷉	2026-06-28	# SIP plane (no glyph)
jia	𠺢	2026-06-28	# SIP plane (no glyph)
jia	𡊠	2026-06-28	# SIP plane (no glyph)
jia	𡩚	2026-06-28	# SIP plane (no glyph)
jia	𡭘	2026-06-28	# SIP plane (no glyph)
jia	𡶥	2026-06-28	# SIP plane (no glyph)
jia	𢉤	2026-06-28	# SIP plane (no glyph)
jia	𢜿	2026-06-28	# SIP plane (no glyph)
jia	𢫢	2026-06-28	# SIP plane (no glyph)
jia	𢱈	2026-06-28	# SIP plane (no glyph)
jia	𢱌	2026-06-28	# SIP plane (no glyph)
jia	𣦉	2026-06-28	# SIP plane (no glyph)
jia	𣪇	2026-06-28	# SIP plane (no glyph)
jia	𣮫	2026-06-28	# SIP plane (no glyph)
jia	𤖰	2026-06-28	# SIP plane (no glyph)
jia	𤗜	2026-06-28	# SIP plane (no glyph)
jia	𤟚	2026-06-28	# SIP plane (no glyph)
jia	𤠙	2026-06-28	# SIP plane (no glyph)
jia	𥇗	2026-06-28	# SIP plane (no glyph)
jia	𥋣	2026-06-28	# SIP plane (no glyph)
jia	𥑐	2026-06-28	# SIP plane (no glyph)
jia	𥑔	2026-06-28	# SIP plane (no glyph)
jia	𥝿	2026-06-28	# SIP plane (no glyph)
jia	𥞦	2026-06-28	# SIP plane (no glyph)
jia	𥞵	2026-06-28	# SIP plane (no glyph)
jia	𥡮	2026-06-28	# SIP plane (no glyph)
jia	𥹌	2026-06-28	# SIP plane (no glyph)
jia	𦎮	2026-06-28	# SIP plane (no glyph)
jia	𦎱	2026-06-28	# SIP plane (no glyph)
jia	𦙺	2026-06-28	# SIP plane (no glyph)
jia	𦣯	2026-06-28	# SIP plane (no glyph)
jia	𦧮	2026-06-28	# SIP plane (no glyph)
jia	𦨦	2026-06-28	# SIP plane (no glyph)
jia	𦸘	2026-06-28	# SIP plane (no glyph)
jia	𦺧	2026-06-28	# SIP plane (no glyph)
jia	𦽤	2026-06-28	# SIP plane (no glyph)
jia	𧉪	2026-06-28	# SIP plane (no glyph)
jia	𧦤	2026-06-28	# SIP plane (no glyph)
jia	𧿵	2026-06-28	# SIP plane (no glyph)
jia	𨒇	2026-06-28	# SIP plane (no glyph)
jia	𨔗	2026-06-28	# SIP plane (no glyph)
jia	𨔣	2026-06-28	# SIP plane (no glyph)
jia	𩉡	2026-06-28	# SIP plane (no glyph)
jia	𩊏	2026-06-28	# SIP plane (no glyph)
jia	𩌍	2026-06-28	# SIP plane (no glyph)
jia	𩚲	2026-06-28	# SIP plane (no glyph)
jia	𩛩	2026-06-28	# SIP plane (no glyph)
jia	𩠃	2026-06-28	# SIP plane (no glyph)
jia	𩨹	2026-06-28	# SIP plane (no glyph)
jia	𩲣	2026-06-28	# SIP plane (no glyph)
jia	𩶛	2026-06-28	# SIP plane (no glyph)
jia	𪆲	2026-06-28	# SIP plane (no glyph)
jia	𪇷	2026-06-28	# SIP plane (no glyph)
jia	𪈟	2026-06-28	# SIP plane (no glyph)
jia	𪐓	2026-06-28	# SIP plane (no glyph)
jia	𪔟	2026-06-28	# SIP plane (no glyph)
jia	𫛤	2026-06-28	# SIP plane (no glyph)
jia	𫛥	2026-06-28	# SIP plane (no glyph)
jia	𬂩	2026-06-28	# SIP plane (no glyph)
jia	𬡒	2026-06-28	# SIP plane (no glyph)
jia	𰇕	2026-06-28	# SIP plane (no glyph)
jia	𰉥	2026-06-28	# SIP plane (no glyph)
jia	𰵢	2026-06-28	# SIP plane (no glyph)
jia	𱉥	2026-06-28	# SIP plane (no glyph)
jian	𠊒	2026-06-28	# SIP plane (no glyph)
jian	𠍚	2026-06-28	# SIP plane (no glyph)
jian	𠏇	2026-06-28	# SIP plane (no glyph)
jian	𠐻	2026-06-28	# SIP plane (no glyph)
jian	𠫘	2026-06-28	# SIP plane (no glyph)
jian	𠹟	2026-06-28	# SIP plane (no glyph)
jian	𠼤	2026-06-28	# SIP plane (no glyph)
jian	𠽱	2026-06-28	# SIP plane (no glyph)
jian	𠿏	2026-06-28	# SIP plane (no glyph)
jian	𡄑	2026-06-28	# SIP plane (no glyph)
jian	𡄓	2026-06-28	# SIP plane (no glyph)
jian	𡅶	2026-06-28	# SIP plane (no glyph)
jian	𡑯	2026-06-28	# SIP plane (no glyph)
jian	𡬵	2026-06-28	# SIP plane (no glyph)
jian	𡭭	2026-06-28	# SIP plane (no glyph)
jian	𡾰	2026-06-28	# SIP plane (no glyph)
jian	𢃬	2026-06-28	# SIP plane (no glyph)
jian	𢆞	2026-06-28	# SIP plane (no glyph)
jian	𢆦	2026-06-28	# SIP plane (no glyph)
jian	𢍫	2026-06-28	# SIP plane (no glyph)
jian	𢐆	2026-06-28	# SIP plane (no glyph)
jian	𢦺	2026-06-28	# SIP plane (no glyph)
jian	𢨿	2026-06-28	# SIP plane (no glyph)
jian	𢩀	2026-06-28	# SIP plane (no glyph)
jian	𢳚	2026-06-28	# SIP plane (no glyph)
jian	𢵈	2026-06-28	# SIP plane (no glyph)
jian	𣘖	2026-06-28	# SIP plane (no glyph)
jian	𣘷	2026-06-28	# SIP plane (no glyph)
jian	𣚙	2026-06-28	# SIP plane (no glyph)
jian	𣜭	2026-06-28	# SIP plane (no glyph)
jian	𣝕	2026-06-28	# SIP plane (no glyph)
jian	𣠷	2026-06-28	# SIP plane (no glyph)
jian	𣥞	2026-06-28	# SIP plane (no glyph)
jian	𣮏	2026-06-28	# SIP plane (no glyph)
jian	𣳲	2026-06-28	# SIP plane (no glyph)
jian	𣴓	2026-06-28	# SIP plane (no glyph)
jian	𣽖	2026-06-28	# SIP plane (no glyph)
jian	𣽦	2026-06-28	# SIP plane (no glyph)
jian	𤀩	2026-06-28	# SIP plane (no glyph)
jian	𤄒	2026-06-28	# SIP plane (no glyph)
jian	𤍖	2026-06-28	# SIP plane (no glyph)
jian	𤧣	2026-06-28	# SIP plane (no glyph)
jian	𤪋	2026-06-28	# SIP plane (no glyph)
jian	𤷃	2026-06-28	# SIP plane (no glyph)
jian	𥀹	2026-06-28	# SIP plane (no glyph)
jian	𥊇	2026-06-28	# SIP plane (no glyph)
jian	𥌈	2026-06-28	# SIP plane (no glyph)
jian	𥍀	2026-06-28	# SIP plane (no glyph)
jian	𥍹	2026-06-28	# SIP plane (no glyph)
jian	𥡝	2026-06-28	# SIP plane (no glyph)
jian	𥢇	2026-06-28	# SIP plane (no glyph)
jian	𥯦	2026-06-28	# SIP plane (no glyph)
jian	𥳒	2026-06-28	# SIP plane (no glyph)
jian	𥳟	2026-06-28	# SIP plane (no glyph)
jian	𥳷	2026-06-28	# SIP plane (no glyph)
jian	𥴱	2026-06-28	# SIP plane (no glyph)
jian	𥽐	2026-06-28	# SIP plane (no glyph)
jian	𦁲	2026-06-28	# SIP plane (no glyph)
jian	𦂇	2026-06-28	# SIP plane (no glyph)
jian	𦋰	2026-06-28	# SIP plane (no glyph)
jian	𦏔	2026-06-28	# SIP plane (no glyph)
jian	𦢣	2026-06-28	# SIP plane (no glyph)
jian	𦣨	2026-06-28	# SIP plane (no glyph)
jian	𦩵	2026-06-28	# SIP plane (no glyph)
jian	𦺍	2026-06-28	# SIP plane (no glyph)
jian	𦺘	2026-06-28	# SIP plane (no glyph)
jian	𦽇	2026-06-28	# SIP plane (no glyph)
jian	𦾶	2026-06-28	# SIP plane (no glyph)
jian	𧀇	2026-06-28	# SIP plane (no glyph)
jian	𧀵	2026-06-28	# SIP plane (no glyph)
jian	𧂂	2026-06-28	# SIP plane (no glyph)
jian	𧂆	2026-06-28	# SIP plane (no glyph)
jian	𧂢	2026-06-28	# SIP plane (no glyph)
jian	𧅆	2026-06-28	# SIP plane (no glyph)
jian	𧗸	2026-06-28	# SIP plane (no glyph)
jian	𧙧	2026-06-28	# SIP plane (no glyph)
jian	𧢖	2026-06-28	# SIP plane (no glyph)
jian	𧤨	2026-06-28	# SIP plane (no glyph)
jian	𧥈	2026-06-28	# SIP plane (no glyph)
jian	𧬫	2026-06-28	# SIP plane (no glyph)
jian	𧮈	2026-06-28	# SIP plane (no glyph)
jian	𧲨	2026-06-28	# SIP plane (no glyph)
jian	𨎫	2026-06-28	# SIP plane (no glyph)
jian	𨏊	2026-06-28	# SIP plane (no glyph)
jian	𨔥	2026-06-28	# SIP plane (no glyph)
jian	𨢑	2026-06-28	# SIP plane (no glyph)
jian	𨣇	2026-06-28	# SIP plane (no glyph)
jian	𨤄	2026-06-28	# SIP plane (no glyph)
jian	𨪅	2026-06-28	# SIP plane (no glyph)
jian	𨰓	2026-06-28	# SIP plane (no glyph)
jian	𨳡	2026-06-28	# SIP plane (no glyph)
jian	𨳿	2026-06-28	# SIP plane (no glyph)
jian	𨴾	2026-06-28	# SIP plane (no glyph)
jian	𨵭	2026-06-28	# SIP plane (no glyph)
jian	𨷓	2026-06-28	# SIP plane (no glyph)
jian	𩅼	2026-06-28	# SIP plane (no glyph)
jian	𩆷	2026-06-28	# SIP plane (no glyph)
jian	𩇏	2026-06-28	# SIP plane (no glyph)
jian	𩉍	2026-06-28	# SIP plane (no glyph)
jian	𩉔	2026-06-28	# SIP plane (no glyph)
jian	𩋋	2026-06-28	# SIP plane (no glyph)
jian	𩌯	2026-06-28	# SIP plane (no glyph)
jian	𩍎	2026-06-28	# SIP plane (no glyph)
jian	𩛧	2026-06-28	# SIP plane (no glyph)
jian	𩟗	2026-06-28	# SIP plane (no glyph)
jian	𩱃	2026-06-28	# SIP plane (no glyph)
jian	𩻘	2026-06-28	# SIP plane (no glyph)
jian	𩽜	2026-06-28	# SIP plane (no glyph)
jian	𪃛	2026-06-28	# SIP plane (no glyph)
jian	𪆿	2026-06-28	# SIP plane (no glyph)
jian	𪉦	2026-06-28	# SIP plane (no glyph)
jian	𪋁	2026-06-28	# SIP plane (no glyph)
jian	𪏊	2026-06-28	# SIP plane (no glyph)
jian	𪐻	2026-06-28	# SIP plane (no glyph)
jian	𪒫	2026-06-28	# SIP plane (no glyph)
jian	𪒹	2026-06-28	# SIP plane (no glyph)
jian	𪙨	2026-06-28	# SIP plane (no glyph)
jian	𪟎	2026-06-28	# SIP plane (no glyph)
jian	𪽭	2026-06-28	# SIP plane (no glyph)
jian	𫀨	2026-06-28	# SIP plane (no glyph)
jian	𫈉	2026-06-28	# SIP plane (no glyph)
jian	𫊱	2026-06-28	# SIP plane (no glyph)
jian	𫍿	2026-06-28	# SIP plane (no glyph)
jian	𫗚	2026-06-28	# SIP plane (no glyph)
jian	𫛚	2026-06-28	# SIP plane (no glyph)
jian	𫪄	2026-06-28	# SIP plane (no glyph)
jian	𫽐	2026-06-28	# SIP plane (no glyph)
jian	𬃦	2026-06-28	# SIP plane (no glyph)
jian	𬇃	2026-06-28	# SIP plane (no glyph)
jian	𬊗	2026-06-28	# SIP plane (no glyph)
jian	𬕊	2026-06-28	# SIP plane (no glyph)
jian	𬘖	2026-06-28	# SIP plane (no glyph)
jian	𬞋	2026-06-28	# SIP plane (no glyph)
jian	𬣡	2026-06-28	# SIP plane (no glyph)
jian	𬤯	2026-06-28	# SIP plane (no glyph)
jian	𬰣	2026-06-28	# SIP plane (no glyph)
jian	𬰱	2026-06-28	# SIP plane (no glyph)
jian	𬲕	2026-06-28	# SIP plane (no glyph)
jian	𬳆	2026-06-28	# SIP plane (no glyph)
jian	𬴏	2026-06-28	# SIP plane (no glyph)
jian	𬺍	2026-06-28	# SIP plane (no glyph)
jian	𮲶	2026-06-28	# SIP plane (no glyph)
jian	𮶙	2026-06-28	# SIP plane (no glyph)
jian	𮶬	2026-06-28	# SIP plane (no glyph)
jian	𰀢	2026-06-28	# SIP plane (no glyph)
jian	𰉱	2026-06-28	# SIP plane (no glyph)
jian	𰜨	2026-06-28	# SIP plane (no glyph)
jian	𰝗	2026-06-28	# SIP plane (no glyph)
jian	𰞤	2026-06-28	# SIP plane (no glyph)
jian	𰠛	2026-06-28	# SIP plane (no glyph)
jian	𰧃	2026-06-28	# SIP plane (no glyph)
jian	𰧔	2026-06-28	# SIP plane (no glyph)
jian	𰯲	2026-06-28	# SIP plane (no glyph)
jian	𰱇	2026-06-28	# SIP plane (no glyph)
jian	𰱑	2026-06-28	# SIP plane (no glyph)
jian	𰳂	2026-06-28	# SIP plane (no glyph)
jian	𰴘	2026-06-28	# SIP plane (no glyph)
jian	𰺗	2026-06-28	# SIP plane (no glyph)
jian	𰾌	2026-06-28	# SIP plane (no glyph)
jian	𰾫	2026-06-28	# SIP plane (no glyph)
jian	𰿈	2026-06-28	# SIP plane (no glyph)
jian	𱄃	2026-06-28	# SIP plane (no glyph)
jian	𱊋	2026-06-28	# SIP plane (no glyph)
jian	𱖲	2026-06-28	# SIP plane (no glyph)
jian	𲍯	2026-06-28	# SIP plane (no glyph)
jiang	𠘌	2026-06-28	# SIP plane (no glyph)
jiang	𠼢	2026-06-28	# SIP plane (no glyph)
jiang	𡏞	2026-06-28	# SIP plane (no glyph)
jiang	𡑶	2026-06-28	# SIP plane (no glyph)
jiang	𡲣	2026-06-28	# SIP plane (no glyph)
jiang	𡷍	2026-06-28	# SIP plane (no glyph)
jiang	𢘸	2026-06-28	# SIP plane (no glyph)
jiang	𢪇	2026-06-28	# SIP plane (no glyph)
jiang	𣚦	2026-06-28	# SIP plane (no glyph)
jiang	𣨣	2026-06-28	# SIP plane (no glyph)
jiang	𣩴	2026-06-28	# SIP plane (no glyph)
jiang	𣫳	2026-06-28	# SIP plane (no glyph)
jiang	𤕭	2026-06-28	# SIP plane (no glyph)
jiang	𤕯	2026-06-28	# SIP plane (no glyph)
jiang	𤖛	2026-06-28	# SIP plane (no glyph)
jiang	𤛜	2026-06-28	# SIP plane (no glyph)
jiang	𥆅	2026-06-28	# SIP plane (no glyph)
jiang	𥔣	2026-06-28	# SIP plane (no glyph)
jiang	𥗪	2026-06-28	# SIP plane (no glyph)
jiang	𥞜	2026-06-28	# SIP plane (no glyph)
jiang	𥬮	2026-06-28	# SIP plane (no glyph)
jiang	𥷃	2026-06-28	# SIP plane (no glyph)
jiang	𦦗	2026-06-28	# SIP plane (no glyph)
jiang	𧘍	2026-06-28	# SIP plane (no glyph)
jiang	𨃇	2026-06-28	# SIP plane (no glyph)
jiang	𨜰	2026-06-28	# SIP plane (no glyph)
jiang	𨯞	2026-06-28	# SIP plane (no glyph)
jiang	𩌾	2026-06-28	# SIP plane (no glyph)
jiang	𩝽	2026-06-28	# SIP plane (no glyph)
jiang	𩴒	2026-06-28	# SIP plane (no glyph)
jiang	𩷄	2026-06-28	# SIP plane (no glyph)
jiang	𩷭	2026-06-28	# SIP plane (no glyph)
jiang	𪀘	2026-06-28	# SIP plane (no glyph)
jiang	𫮬	2026-06-28	# SIP plane (no glyph)
jiang	𫽣	2026-06-28	# SIP plane (no glyph)
jiang	𱂴	2026-06-28	# SIP plane (no glyph)
jiang	𱴘	2026-06-28	# SIP plane (no glyph)
jiang	𱽿	2026-06-28	# SIP plane (no glyph)
jiao	𠕧	2026-06-28	# SIP plane (no glyph)
jiao	𠘣	2026-06-28	# SIP plane (no glyph)
jiao	𠜅	2026-06-28	# SIP plane (no glyph)
jiao	𠝑	2026-06-28	# SIP plane (no glyph)
jiao	𠞰	2026-06-28	# SIP plane (no glyph)
jiao	𠩏	2026-06-28	# SIP plane (no glyph)
jiao	𡏭	2026-06-28	# SIP plane (no glyph)
jiao	𡓖	2026-06-28	# SIP plane (no glyph)
jiao	𡙎	2026-06-28	# SIP plane (no glyph)
jiao	𡟠	2026-06-28	# SIP plane (no glyph)
jiao	𡥈	2026-06-28	# SIP plane (no glyph)
jiao	𡬋	2026-06-28	# SIP plane (no glyph)
jiao	𢀌	2026-06-28	# SIP plane (no glyph)
jiao	𢄺	2026-06-28	# SIP plane (no glyph)
jiao	𢅎	2026-06-28	# SIP plane (no glyph)
jiao	𢒾	2026-06-28	# SIP plane (no glyph)
jiao	𢕪	2026-06-28	# SIP plane (no glyph)
jiao	𢥚	2026-06-28	# SIP plane (no glyph)
jiao	𢧱	2026-06-28	# SIP plane (no glyph)
jiao	𢯴	2026-06-28	# SIP plane (no glyph)
jiao	𢻟	2026-06-28	# SIP plane (no glyph)
jiao	𢼫	2026-06-28	# SIP plane (no glyph)
jiao	𣁹	2026-06-28	# SIP plane (no glyph)
jiao	𣏑	2026-06-28	# SIP plane (no glyph)
jiao	𣝞	2026-06-28	# SIP plane (no glyph)
jiao	𣧦	2026-06-28	# SIP plane (no glyph)
jiao	𣩓	2026-06-28	# SIP plane (no glyph)
jiao	𣺳	2026-06-28	# SIP plane (no glyph)
jiao	𤃭	2026-06-28	# SIP plane (no glyph)
jiao	𤉧	2026-06-28	# SIP plane (no glyph)
jiao	𤕝	2026-06-28	# SIP plane (no glyph)
jiao	𤫷	2026-06-28	# SIP plane (no glyph)
jiao	𤶀	2026-06-28	# SIP plane (no glyph)
jiao	𤶳	2026-06-28	# SIP plane (no glyph)
jiao	𥂨	2026-06-28	# SIP plane (no glyph)
jiao	𥃤	2026-06-28	# SIP plane (no glyph)
jiao	𥃪	2026-06-28	# SIP plane (no glyph)
jiao	𥄉	2026-06-28	# SIP plane (no glyph)
jiao	𥅟	2026-06-28	# SIP plane (no glyph)
jiao	𥇟	2026-06-28	# SIP plane (no glyph)
jiao	𥉒	2026-06-28	# SIP plane (no glyph)
jiao	𥉼	2026-06-28	# SIP plane (no glyph)
jiao	𥏹	2026-06-28	# SIP plane (no glyph)
jiao	𥘊	2026-06-28	# SIP plane (no glyph)
jiao	𥡤	2026-06-28	# SIP plane (no glyph)
jiao	𥦢	2026-06-28	# SIP plane (no glyph)
jiao	𥳴	2026-06-28	# SIP plane (no glyph)
jiao	𥹜	2026-06-28	# SIP plane (no glyph)
jiao	𦅃	2026-06-28	# SIP plane (no glyph)
jiao	𦌆	2026-06-28	# SIP plane (no glyph)
jiao	𦗵	2026-06-28	# SIP plane (no glyph)
jiao	𦫶	2026-06-28	# SIP plane (no glyph)
jiao	𦮁	2026-06-28	# SIP plane (no glyph)
jiao	𧂈	2026-06-28	# SIP plane (no glyph)
jiao	𧎙	2026-06-28	# SIP plane (no glyph)
jiao	𧎸	2026-06-28	# SIP plane (no glyph)
jiao	𧣦	2026-06-28	# SIP plane (no glyph)
jiao	𧺜	2026-06-28	# SIP plane (no glyph)
jiao	𧾐	2026-06-28	# SIP plane (no glyph)
jiao	𨇕	2026-06-28	# SIP plane (no glyph)
jiao	𨎦	2026-06-28	# SIP plane (no glyph)
jiao	𨎬	2026-06-28	# SIP plane (no glyph)
jiao	𨓩	2026-06-28	# SIP plane (no glyph)
jiao	𨖵	2026-06-28	# SIP plane (no glyph)
jiao	𨝰	2026-06-28	# SIP plane (no glyph)
jiao	𨡃	2026-06-28	# SIP plane (no glyph)
jiao	𨨴	2026-06-28	# SIP plane (no glyph)
jiao	𨱓	2026-06-28	# SIP plane (no glyph)
jiao	𨲭	2026-06-28	# SIP plane (no glyph)
jiao	𨶟	2026-06-28	# SIP plane (no glyph)
jiao	𨶪	2026-06-28	# SIP plane (no glyph)
jiao	𨶲	2026-06-28	# SIP plane (no glyph)
jiao	𨸋	2026-06-28	# SIP plane (no glyph)
jiao	𨺹	2026-06-28	# SIP plane (no glyph)
jiao	𩊔	2026-06-28	# SIP plane (no glyph)
jiao	𩎔	2026-06-28	# SIP plane (no glyph)
jiao	𩯘	2026-06-28	# SIP plane (no glyph)
jiao	𩱞	2026-06-28	# SIP plane (no glyph)
jiao	𩴧	2026-06-28	# SIP plane (no glyph)
jiao	𩵰	2026-06-28	# SIP plane (no glyph)
jiao	𩿑	2026-06-28	# SIP plane (no glyph)
jiao	𪁉	2026-06-28	# SIP plane (no glyph)
jiao	𪖄	2026-06-28	# SIP plane (no glyph)
jiao	𪚰	2026-06-28	# SIP plane (no glyph)
jiao	𫊸	2026-06-28	# SIP plane (no glyph)
jiao	𫌯	2026-06-28	# SIP plane (no glyph)
jiao	𫍤	2026-06-28	# SIP plane (no glyph)
jiao	𫐖	2026-06-28	# SIP plane (no glyph)
jiao	𫪧	2026-06-28	# SIP plane (no glyph)
jiao	𫽊	2026-06-28	# SIP plane (no glyph)
jiao	𬭻	2026-06-28	# SIP plane (no glyph)
jiao	𬮄	2026-06-28	# SIP plane (no glyph)
jiao	𰕈	2026-06-28	# SIP plane (no glyph)
jiao	𰩸	2026-06-28	# SIP plane (no glyph)
jiao	𰵊	2026-06-28	# SIP plane (no glyph)
jiao	𱇩	2026-06-28	# SIP plane (no glyph)
jiao	𱉬	2026-06-28	# SIP plane (no glyph)
jiao	𱍆	2026-06-28	# SIP plane (no glyph)
jie	𠂈	2026-06-28	# SIP plane (no glyph)
jie	𠄍	2026-06-28	# SIP plane (no glyph)
jie	𠅂	2026-06-28	# SIP plane (no glyph)
jie	𠎿	2026-06-28	# SIP plane (no glyph)
jie	𠐉	2026-06-28	# SIP plane (no glyph)
jie	𠓢	2026-06-28	# SIP plane (no glyph)
jie	𠙤	2026-06-28	# SIP plane (no glyph)
jie	𠬮	2026-06-28	# SIP plane (no glyph)
jie	𠯙	2026-06-28	# SIP plane (no glyph)
jie	𠷟	2026-06-28	# SIP plane (no glyph)
jie	𡉷	2026-06-28	# SIP plane (no glyph)
jie	𡔣	2026-06-28	# SIP plane (no glyph)
jie	𡗦	2026-06-28	# SIP plane (no glyph)
jie	𡗲	2026-06-28	# SIP plane (no glyph)
jie	𡙣	2026-06-28	# SIP plane (no glyph)
jie	𡣯	2026-06-28	# SIP plane (no glyph)
jie	𡨲	2026-06-28	# SIP plane (no glyph)
jie	𡩣	2026-06-28	# SIP plane (no glyph)
jie	𡵒	2026-06-28	# SIP plane (no glyph)
jie	𡵚	2026-06-28	# SIP plane (no glyph)
jie	𡸎	2026-06-28	# SIP plane (no glyph)
jie	𡽱	2026-06-28	# SIP plane (no glyph)
jie	𢈻	2026-06-28	# SIP plane (no glyph)
jie	𢎔	2026-06-28	# SIP plane (no glyph)
jie	𢎡	2026-06-28	# SIP plane (no glyph)
jie	𢢂	2026-06-28	# SIP plane (no glyph)
jie	𢨜	2026-06-28	# SIP plane (no glyph)
jie	𢪍	2026-06-28	# SIP plane (no glyph)
jie	𢫐	2026-06-28	# SIP plane (no glyph)
jie	𢬱	2026-06-28	# SIP plane (no glyph)
jie	𢱄	2026-06-28	# SIP plane (no glyph)
jie	𢷿	2026-06-28	# SIP plane (no glyph)
jie	𢻮	2026-06-28	# SIP plane (no glyph)
jie	𣙴	2026-06-28	# SIP plane (no glyph)
jie	𣚃	2026-06-28	# SIP plane (no glyph)
jie	𣬫	2026-06-28	# SIP plane (no glyph)
jie	𣮌	2026-06-28	# SIP plane (no glyph)
jie	𣮍	2026-06-28	# SIP plane (no glyph)
jie	𣰞	2026-06-28	# SIP plane (no glyph)
jie	𣳟	2026-06-28	# SIP plane (no glyph)
jie	𣶏	2026-06-28	# SIP plane (no glyph)
jie	𤁢	2026-06-28	# SIP plane (no glyph)
jie	𤘦	2026-06-28	# SIP plane (no glyph)
jie	𤙩	2026-06-28	# SIP plane (no glyph)
jie	𤭧	2026-06-28	# SIP plane (no glyph)
jie	𤮌	2026-06-28	# SIP plane (no glyph)
jie	𥁂	2026-06-28	# SIP plane (no glyph)
jie	𥅴	2026-06-28	# SIP plane (no glyph)
jie	𥇒	2026-06-28	# SIP plane (no glyph)
jie	𥓐	2026-06-28	# SIP plane (no glyph)
jie	𥝔	2026-06-28	# SIP plane (no glyph)
jie	𥝥	2026-06-28	# SIP plane (no glyph)
jie	𥠹	2026-06-28	# SIP plane (no glyph)
jie	𥢻	2026-06-28	# SIP plane (no glyph)
jie	𥵞	2026-06-28	# SIP plane (no glyph)
jie	𥷫	2026-06-28	# SIP plane (no glyph)
jie	𥾌	2026-06-28	# SIP plane (no glyph)
jie	𦀖	2026-06-28	# SIP plane (no glyph)
jie	𦁉	2026-06-28	# SIP plane (no glyph)
jie	𦈜	2026-06-28	# SIP plane (no glyph)
jie	𦈰	2026-06-28	# SIP plane (no glyph)
jie	𦎒	2026-06-28	# SIP plane (no glyph)
jie	𦝨	2026-06-28	# SIP plane (no glyph)
jie	𦵴	2026-06-28	# SIP plane (no glyph)
jie	𦺢	2026-06-28	# SIP plane (no glyph)
jie	𦿐	2026-06-28	# SIP plane (no glyph)
jie	𧍠	2026-06-28	# SIP plane (no glyph)
jie	𧍩	2026-06-28	# SIP plane (no glyph)
jie	𧏥	2026-06-28	# SIP plane (no glyph)
jie	𧜅	2026-06-28	# SIP plane (no glyph)
jie	𧞔	2026-06-28	# SIP plane (no glyph)
jie	𧞝	2026-06-28	# SIP plane (no glyph)
jie	𧞩	2026-06-28	# SIP plane (no glyph)
jie	𧞬	2026-06-28	# SIP plane (no glyph)
jie	𧣋	2026-06-28	# SIP plane (no glyph)
jie	𧫑	2026-06-28	# SIP plane (no glyph)
jie	𧼨	2026-06-28	# SIP plane (no glyph)
jie	𧽄	2026-06-28	# SIP plane (no glyph)
jie	𧽟	2026-06-28	# SIP plane (no glyph)
jie	𧾢	2026-06-28	# SIP plane (no glyph)
jie	𧾯	2026-06-28	# SIP plane (no glyph)
jie	𨃲	2026-06-28	# SIP plane (no glyph)
jie	𨐑	2026-06-28	# SIP plane (no glyph)
jie	𨓰	2026-06-28	# SIP plane (no glyph)
jie	𨕽	2026-06-28	# SIP plane (no glyph)
jie	𨥂	2026-06-28	# SIP plane (no glyph)
jie	𨵠	2026-06-28	# SIP plane (no glyph)
jie	𩔄	2026-06-28	# SIP plane (no glyph)
jie	𩘅	2026-06-28	# SIP plane (no glyph)
jie	𩟦	2026-06-28	# SIP plane (no glyph)
jie	𩡺	2026-06-28	# SIP plane (no glyph)
jie	𩢴	2026-06-28	# SIP plane (no glyph)
jie	𩧦	2026-06-28	# SIP plane (no glyph)
jie	𩧵	2026-06-28	# SIP plane (no glyph)
jie	𩩰	2026-06-28	# SIP plane (no glyph)
jie	𩯰	2026-06-28	# SIP plane (no glyph)
jie	𩾶	2026-06-28	# SIP plane (no glyph)
jie	𪀾	2026-06-28	# SIP plane (no glyph)
jie	𪁍	2026-06-28	# SIP plane (no glyph)
jie	𪃈	2026-06-28	# SIP plane (no glyph)
jie	𪅸	2026-06-28	# SIP plane (no glyph)
jie	𪇲	2026-06-28	# SIP plane (no glyph)
jie	𪉋	2026-06-28	# SIP plane (no glyph)
jie	𪉚	2026-06-28	# SIP plane (no glyph)
jie	𪌧	2026-06-28	# SIP plane (no glyph)
jie	𪑹	2026-06-28	# SIP plane (no glyph)
jie	𪖋	2026-06-28	# SIP plane (no glyph)
jie	𪙏	2026-06-28	# SIP plane (no glyph)
jie	𫄦	2026-06-28	# SIP plane (no glyph)
jie	𫍹	2026-06-28	# SIP plane (no glyph)
jie	𫜯	2026-06-28	# SIP plane (no glyph)
jie	𬝋	2026-06-28	# SIP plane (no glyph)
jie	𬭴	2026-06-28	# SIP plane (no glyph)
jie	𬲭	2026-06-28	# SIP plane (no glyph)
jie	𬶀	2026-06-28	# SIP plane (no glyph)
jie	𬶇	2026-06-28	# SIP plane (no glyph)
jie	𬶎	2026-06-28	# SIP plane (no glyph)
jie	𮔂	2026-06-28	# SIP plane (no glyph)
jie	𮭡	2026-06-28	# SIP plane (no glyph)
jie	𰞍	2026-06-28	# SIP plane (no glyph)
jie	𰾛	2026-06-28	# SIP plane (no glyph)
jie	𱊐	2026-06-28	# SIP plane (no glyph)
jin	𠂟	2026-06-28	# SIP plane (no glyph)
jin	𠞱	2026-06-28	# SIP plane (no glyph)
jin	𠞾	2026-06-28	# SIP plane (no glyph)
jin	𠢱	2026-06-28	# SIP plane (no glyph)
jin	𠢵	2026-06-28	# SIP plane (no glyph)
jin	𠬶	2026-06-28	# SIP plane (no glyph)
jin	𠰇	2026-06-28	# SIP plane (no glyph)
jin	𠾤	2026-06-28	# SIP plane (no glyph)
jin	𠾬	2026-06-28	# SIP plane (no glyph)
jin	𡋤	2026-06-28	# SIP plane (no glyph)
jin	𡢳	2026-06-28	# SIP plane (no glyph)
jin	𡥧	2026-06-28	# SIP plane (no glyph)
jin	𡺽	2026-06-28	# SIP plane (no glyph)
jin	𢉅	2026-06-28	# SIP plane (no glyph)
jin	𢎭	2026-06-28	# SIP plane (no glyph)
jin	𢙿	2026-06-28	# SIP plane (no glyph)
jin	𢦊	2026-06-28	# SIP plane (no glyph)
jin	𢬬	2026-06-28	# SIP plane (no glyph)
jin	𢬶	2026-06-28	# SIP plane (no glyph)
jin	𢱷	2026-06-28	# SIP plane (no glyph)
jin	𢽖	2026-06-28	# SIP plane (no glyph)
jin	𣓏	2026-06-28	# SIP plane (no glyph)
jin	𣝌	2026-06-28	# SIP plane (no glyph)
jin	𤄼	2026-06-28	# SIP plane (no glyph)
jin	𤘡	2026-06-28	# SIP plane (no glyph)
jin	𤣶	2026-06-28	# SIP plane (no glyph)
jin	𤧫	2026-06-28	# SIP plane (no glyph)
jin	𤵞	2026-06-28	# SIP plane (no glyph)
jin	𥂵	2026-06-28	# SIP plane (no glyph)
jin	𥖜	2026-06-28	# SIP plane (no glyph)
jin	𥧲	2026-06-28	# SIP plane (no glyph)
jin	𥯑	2026-06-28	# SIP plane (no glyph)
jin	𦈟	2026-06-28	# SIP plane (no glyph)
jin	𦎷	2026-06-28	# SIP plane (no glyph)
jin	𦘔	2026-06-28	# SIP plane (no glyph)
jin	𦞬	2026-06-28	# SIP plane (no glyph)
jin	𦧈	2026-06-28	# SIP plane (no glyph)
jin	𦩏	2026-06-28	# SIP plane (no glyph)
jin	𦽔	2026-06-28	# SIP plane (no glyph)
jin	𧔷	2026-06-28	# SIP plane (no glyph)
jin	𧗁	2026-06-28	# SIP plane (no glyph)
jin	𨆃	2026-06-28	# SIP plane (no glyph)
jin	𨚡	2026-06-28	# SIP plane (no glyph)
jin	𨭺	2026-06-28	# SIP plane (no glyph)
jin	𩀿	2026-06-28	# SIP plane (no glyph)
jin	𩖗	2026-06-28	# SIP plane (no glyph)
jin	𩤿	2026-06-28	# SIP plane (no glyph)
jin	𪉢	2026-06-28	# SIP plane (no glyph)
jin	𪏴	2026-06-28	# SIP plane (no glyph)
jin	𪑙	2026-06-28	# SIP plane (no glyph)
jin	𪖼	2026-06-28	# SIP plane (no glyph)
jin	𫄛	2026-06-28	# SIP plane (no glyph)
jin	𫩺	2026-06-28	# SIP plane (no glyph)
jin	𫪽	2026-06-28	# SIP plane (no glyph)
jin	𬬱	2026-06-28	# SIP plane (no glyph)
jin	𬺔	2026-06-28	# SIP plane (no glyph)
jin	𰗦	2026-06-28	# SIP plane (no glyph)
jin	𰷧	2026-06-28	# SIP plane (no glyph)
jing	𠇹	2026-06-28	# SIP plane (no glyph)
jing	𠑱	2026-06-28	# SIP plane (no glyph)
jing	𠗊	2026-06-28	# SIP plane (no glyph)
jing	𠗌	2026-06-28	# SIP plane (no glyph)
jing	𠦋	2026-06-28	# SIP plane (no glyph)
jing	𠭉	2026-06-28	# SIP plane (no glyph)
jing	𠭗	2026-06-28	# SIP plane (no glyph)
jing	𠲮	2026-06-28	# SIP plane (no glyph)
jing	𠳬	2026-06-28	# SIP plane (no glyph)
jing	𠷐	2026-06-28	# SIP plane (no glyph)
jing	𡁔	2026-06-28	# SIP plane (no glyph)
jing	𢀖	2026-06-28	# SIP plane (no glyph)
jing	𢈴	2026-06-28	# SIP plane (no glyph)
jing	𢹘	2026-06-28	# SIP plane (no glyph)
jing	𣋢	2026-06-28	# SIP plane (no glyph)
jing	𣐕	2026-06-28	# SIP plane (no glyph)
jing	𣬙	2026-06-28	# SIP plane (no glyph)
jing	𣻒	2026-06-28	# SIP plane (no glyph)
jing	𤜰	2026-06-28	# SIP plane (no glyph)
jing	𤰳	2026-06-28	# SIP plane (no glyph)
jing	𤷦	2026-06-28	# SIP plane (no glyph)
jing	𥅸	2026-06-28	# SIP plane (no glyph)
jing	𥠛	2026-06-28	# SIP plane (no glyph)
jing	𥯙	2026-06-28	# SIP plane (no glyph)
jing	𥶹	2026-06-28	# SIP plane (no glyph)
jing	𦀇	2026-06-28	# SIP plane (no glyph)
jing	𦂠	2026-06-28	# SIP plane (no glyph)
jing	𦜳	2026-06-28	# SIP plane (no glyph)
jing	𦥍	2026-06-28	# SIP plane (no glyph)
jing	𦳲	2026-06-28	# SIP plane (no glyph)
jing	𦽁	2026-06-28	# SIP plane (no glyph)
jing	𦾿	2026-06-28	# SIP plane (no glyph)
jing	𧑊	2026-06-28	# SIP plane (no glyph)
jing	𧓔	2026-06-28	# SIP plane (no glyph)
jing	𧤵	2026-06-28	# SIP plane (no glyph)
jing	𨙷	2026-06-28	# SIP plane (no glyph)
jing	𨥙	2026-06-28	# SIP plane (no glyph)
jing	𨵼	2026-06-28	# SIP plane (no glyph)
jing	𩃋	2026-06-28	# SIP plane (no glyph)
jing	𩇕	2026-06-28	# SIP plane (no glyph)
jing	𩓞	2026-06-28	# SIP plane (no glyph)
jing	𩓨	2026-06-28	# SIP plane (no glyph)
jing	𩰰	2026-06-28	# SIP plane (no glyph)
jing	𩰹	2026-06-28	# SIP plane (no glyph)
jing	𩳯	2026-06-28	# SIP plane (no glyph)
jing	𩹢	2026-06-28	# SIP plane (no glyph)
jing	𩻱	2026-06-28	# SIP plane (no glyph)
jing	𪂴	2026-06-28	# SIP plane (no glyph)
jing	𪇒	2026-06-28	# SIP plane (no glyph)
jing	𬶱	2026-06-28	# SIP plane (no glyph)
jing	𱉠	2026-06-28	# SIP plane (no glyph)
jiong	𠕕	2026-06-28	# SIP plane (no glyph)
jiong	𠖷	2026-06-28	# SIP plane (no glyph)
jiong	𢂶	2026-06-28	# SIP plane (no glyph)
jiong	𢄗	2026-06-28	# SIP plane (no glyph)
jiong	𣔲	2026-06-28	# SIP plane (no glyph)
jiong	𣕄	2026-06-28	# SIP plane (no glyph)
jiong	𤌇	2026-06-28	# SIP plane (no glyph)
jiong	𦀝	2026-06-28	# SIP plane (no glyph)
jiong	𧍮	2026-06-28	# SIP plane (no glyph)
jiong	𨴀	2026-06-28	# SIP plane (no glyph)
jiong	𩓺	2026-06-28	# SIP plane (no glyph)
jiong	𩚱	2026-06-28	# SIP plane (no glyph)
jiong	𪔃	2026-06-28	# SIP plane (no glyph)
jiong	𪕍	2026-06-28	# SIP plane (no glyph)
jiong	𫘡	2026-06-28	# SIP plane (no glyph)
jiong	𬳶	2026-06-28	# SIP plane (no glyph)
jiu	𠃖	2026-06-28	# SIP plane (no glyph)
jiu	𠃺	2026-06-28	# SIP plane (no glyph)
jiu	𠕴	2026-06-28	# SIP plane (no glyph)
jiu	𠖬	2026-06-28	# SIP plane (no glyph)
jiu	𠙔	2026-06-28	# SIP plane (no glyph)
jiu	𠚨	2026-06-28	# SIP plane (no glyph)
jiu	𠛩	2026-06-28	# SIP plane (no glyph)
jiu	𠜃	2026-06-28	# SIP plane (no glyph)
jiu	𠜉	2026-06-28	# SIP plane (no glyph)
jiu	𠠳	2026-06-28	# SIP plane (no glyph)
jiu	𠣿	2026-06-28	# SIP plane (no glyph)
jiu	𠴄	2026-06-28	# SIP plane (no glyph)
jiu	𠿈	2026-06-28	# SIP plane (no glyph)
jiu	𡆥	2026-06-28	# SIP plane (no glyph)
jiu	𡚮	2026-06-28	# SIP plane (no glyph)
jiu	𢀙	2026-06-28	# SIP plane (no glyph)
jiu	𢑇	2026-06-28	# SIP plane (no glyph)
jiu	𢜥	2026-06-28	# SIP plane (no glyph)
jiu	𢽭	2026-06-28	# SIP plane (no glyph)
jiu	𣁭	2026-06-28	# SIP plane (no glyph)
jiu	𣐤	2026-06-28	# SIP plane (no glyph)
jiu	𣟼	2026-06-28	# SIP plane (no glyph)
jiu	𣲄	2026-06-28	# SIP plane (no glyph)
jiu	𤉥	2026-06-28	# SIP plane (no glyph)
jiu	𤴥	2026-06-28	# SIP plane (no glyph)
jiu	𤴦	2026-06-28	# SIP plane (no glyph)
jiu	𤴪	2026-06-28	# SIP plane (no glyph)
jiu	𤷑	2026-06-28	# SIP plane (no glyph)
jiu	𥆷	2026-06-28	# SIP plane (no glyph)
jiu	𥘦	2026-06-28	# SIP plane (no glyph)
jiu	𥠃	2026-06-28	# SIP plane (no glyph)
jiu	𥤳	2026-06-28	# SIP plane (no glyph)
jiu	𦠢	2026-06-28	# SIP plane (no glyph)
jiu	𦭺	2026-06-28	# SIP plane (no glyph)
jiu	𦭻	2026-06-28	# SIP plane (no glyph)
jiu	𦱠	2026-06-28	# SIP plane (no glyph)
jiu	𦱱	2026-06-28	# SIP plane (no glyph)
jiu	𦱲	2026-06-28	# SIP plane (no glyph)
jiu	𦽬	2026-06-28	# SIP plane (no glyph)
jiu	𧡑	2026-06-28	# SIP plane (no glyph)
jiu	𧫾	2026-06-28	# SIP plane (no glyph)
jiu	𧾻	2026-06-28	# SIP plane (no glyph)
jiu	𨖏	2026-06-28	# SIP plane (no glyph)
jiu	𨘂	2026-06-28	# SIP plane (no glyph)
jiu	𨘮	2026-06-28	# SIP plane (no glyph)
jiu	𨳊	2026-06-28	# SIP plane (no glyph)
jiu	𨾉	2026-06-28	# SIP plane (no glyph)
jiu	𨾞	2026-06-28	# SIP plane (no glyph)
jiu	𩏶	2026-06-28	# SIP plane (no glyph)
jiu	𩏷	2026-06-28	# SIP plane (no glyph)
jiu	𩒦	2026-06-28	# SIP plane (no glyph)
jiu	𩢹	2026-06-28	# SIP plane (no glyph)
jiu	𩭓	2026-06-28	# SIP plane (no glyph)
jiu	𩱼	2026-06-28	# SIP plane (no glyph)
jiu	𩶧	2026-06-28	# SIP plane (no glyph)
jiu	𫃗	2026-06-28	# SIP plane (no glyph)
jiu	𫄙	2026-06-28	# SIP plane (no glyph)
jiu	𱇼	2026-06-28	# SIP plane (no glyph)
ju	𠉧	2026-06-28	# SIP plane (no glyph)
ju	𠋬	2026-06-28	# SIP plane (no glyph)
ju	𠙆	2026-06-28	# SIP plane (no glyph)
ju	𠚵	2026-06-28	# SIP plane (no glyph)
ju	𠜹	2026-06-28	# SIP plane (no glyph)
ju	𠟰	2026-06-28	# SIP plane (no glyph)
ju	𠤄	2026-06-28	# SIP plane (no glyph)
ju	𠨭	2026-06-28	# SIP plane (no glyph)
ju	𠮑	2026-06-28	# SIP plane (no glyph)
ju	𠰾	2026-06-28	# SIP plane (no glyph)
ju	𡉎	2026-06-28	# SIP plane (no glyph)
ju	𡒍	2026-06-28	# SIP plane (no glyph)
ju	𡕖	2026-06-28	# SIP plane (no glyph)
ju	𡢒	2026-06-28	# SIP plane (no glyph)
ju	𡥶	2026-06-28	# SIP plane (no glyph)
ju	𡨅	2026-06-28	# SIP plane (no glyph)
ju	𡨢	2026-06-28	# SIP plane (no glyph)
ju	𡫬	2026-06-28	# SIP plane (no glyph)
ju	𡱾	2026-06-28	# SIP plane (no glyph)
ju	𡳘	2026-06-28	# SIP plane (no glyph)
ju	𡶋	2026-06-28	# SIP plane (no glyph)
ju	𡸘	2026-06-28	# SIP plane (no glyph)
ju	𡸨	2026-06-28	# SIP plane (no glyph)
ju	𡿾	2026-06-28	# SIP plane (no glyph)
ju	𢚆	2026-06-28	# SIP plane (no glyph)
ju	𢤫	2026-06-28	# SIP plane (no glyph)
ju	𢩁	2026-06-28	# SIP plane (no glyph)
ju	𢯺	2026-06-28	# SIP plane (no glyph)
ju	𣌬	2026-06-28	# SIP plane (no glyph)
ju	𣍇	2026-06-28	# SIP plane (no glyph)
ju	𣎛	2026-06-28	# SIP plane (no glyph)
ju	𣖣	2026-06-28	# SIP plane (no glyph)
ju	𣶝	2026-06-28	# SIP plane (no glyph)
ju	𣻐	2026-06-28	# SIP plane (no glyph)
ju	𤔋	2026-06-28	# SIP plane (no glyph)
ju	𤖵	2026-06-28	# SIP plane (no glyph)
ju	𤜔	2026-06-28	# SIP plane (no glyph)
ju	𤢓	2026-06-28	# SIP plane (no glyph)
ju	𤷢	2026-06-28	# SIP plane (no glyph)
ju	𤼳	2026-06-28	# SIP plane (no glyph)
ju	𥂃	2026-06-28	# SIP plane (no glyph)
ju	𥄷	2026-06-28	# SIP plane (no glyph)
ju	𥇛	2026-06-28	# SIP plane (no glyph)
ju	𥈋	2026-06-28	# SIP plane (no glyph)
ju	𥉁	2026-06-28	# SIP plane (no glyph)
ju	𥘮	2026-06-28	# SIP plane (no glyph)
ju	𥢧	2026-06-28	# SIP plane (no glyph)
ju	𥪏	2026-06-28	# SIP plane (no glyph)
ju	𥬙	2026-06-28	# SIP plane (no glyph)
ju	𥮗	2026-06-28	# SIP plane (no glyph)
ju	𥯔	2026-06-28	# SIP plane (no glyph)
ju	𥲜	2026-06-28	# SIP plane (no glyph)
ju	𥴧	2026-06-28	# SIP plane (no glyph)
ju	𥴪	2026-06-28	# SIP plane (no glyph)
ju	𥷚	2026-06-28	# SIP plane (no glyph)
ju	𦀣	2026-06-28	# SIP plane (no glyph)
ju	𦅽	2026-06-28	# SIP plane (no glyph)
ju	𦇙	2026-06-28	# SIP plane (no glyph)
ju	𦊐	2026-06-28	# SIP plane (no glyph)
ju	𦗻	2026-06-28	# SIP plane (no glyph)
ju	𦙮	2026-06-28	# SIP plane (no glyph)
ju	𦛓	2026-06-28	# SIP plane (no glyph)
ju	𦜛	2026-06-28	# SIP plane (no glyph)
ju	𦞇	2026-06-28	# SIP plane (no glyph)
ju	𦟳	2026-06-28	# SIP plane (no glyph)
ju	𦥑	2026-06-28	# SIP plane (no glyph)
ju	𦱅	2026-06-28	# SIP plane (no glyph)
ju	𦺖	2026-06-28	# SIP plane (no glyph)
ju	𦼈	2026-06-28	# SIP plane (no glyph)
ju	𧂜	2026-06-28	# SIP plane (no glyph)
ju	𧄛	2026-06-28	# SIP plane (no glyph)
ju	𧝲	2026-06-28	# SIP plane (no glyph)
ju	𧣒	2026-06-28	# SIP plane (no glyph)
ju	𧣻	2026-06-28	# SIP plane (no glyph)
ju	𧤑	2026-06-28	# SIP plane (no glyph)
ju	𧲋	2026-06-28	# SIP plane (no glyph)
ju	𧵞	2026-06-28	# SIP plane (no glyph)
ju	𧷾	2026-06-28	# SIP plane (no glyph)
ju	𧸧	2026-06-28	# SIP plane (no glyph)
ju	𧹕	2026-06-28	# SIP plane (no glyph)
ju	𧺹	2026-06-28	# SIP plane (no glyph)
ju	𧻗	2026-06-28	# SIP plane (no glyph)
ju	𧽻	2026-06-28	# SIP plane (no glyph)
ju	𧾣	2026-06-28	# SIP plane (no glyph)
ju	𧿻	2026-06-28	# SIP plane (no glyph)
ju	𨁺	2026-06-28	# SIP plane (no glyph)
ju	𨋧	2026-06-28	# SIP plane (no glyph)
ju	𨍯	2026-06-28	# SIP plane (no glyph)
ju	𨛮	2026-06-28	# SIP plane (no glyph)
ju	𨝮	2026-06-28	# SIP plane (no glyph)
ju	𨧙	2026-06-28	# SIP plane (no glyph)
ju	𨨠	2026-06-28	# SIP plane (no glyph)
ju	𨸰	2026-06-28	# SIP plane (no glyph)
ju	𩉸	2026-06-28	# SIP plane (no glyph)
ju	𩋜	2026-06-28	# SIP plane (no glyph)
ju	𩍔	2026-06-28	# SIP plane (no glyph)
ju	𩍸	2026-06-28	# SIP plane (no glyph)
ju	𩛺	2026-06-28	# SIP plane (no glyph)
ju	𩜃	2026-06-28	# SIP plane (no glyph)
ju	𩧒	2026-06-28	# SIP plane (no glyph)
ju	𩧺	2026-06-28	# SIP plane (no glyph)
ju	𩫴	2026-06-28	# SIP plane (no glyph)
ju	𩬜	2026-06-28	# SIP plane (no glyph)
ju	𩭊	2026-06-28	# SIP plane (no glyph)
ju	𩰤	2026-06-28	# SIP plane (no glyph)
ju	𩳵	2026-06-28	# SIP plane (no glyph)
ju	𩴘	2026-06-28	# SIP plane (no glyph)
ju	𩷐	2026-06-28	# SIP plane (no glyph)
ju	𩿝	2026-06-28	# SIP plane (no glyph)
ju	𪀏	2026-06-28	# SIP plane (no glyph)
ju	𪀣	2026-06-28	# SIP plane (no glyph)
ju	𪁥	2026-06-28	# SIP plane (no glyph)
ju	𪂓	2026-06-28	# SIP plane (no glyph)
ju	𪗖	2026-06-28	# SIP plane (no glyph)
ju	𪧘	2026-06-28	# SIP plane (no glyph)
ju	𫎌	2026-06-28	# SIP plane (no glyph)
ju	𬶋	2026-06-28	# SIP plane (no glyph)
ju	𰘈	2026-06-28	# SIP plane (no glyph)
ju	𰺅	2026-06-28	# SIP plane (no glyph)
ju	𱅃	2026-06-28	# SIP plane (no glyph)
ju	𱇽	2026-06-28	# SIP plane (no glyph)
ju	𱈀	2026-06-28	# SIP plane (no glyph)
ju	𱉐	2026-06-28	# SIP plane (no glyph)
ju	𱉘	2026-06-28	# SIP plane (no glyph)
ju	𱊇	2026-06-28	# SIP plane (no glyph)
ju	𱊌	2026-06-28	# SIP plane (no glyph)
ju	𱖑	2026-06-28	# SIP plane (no glyph)
ju	𲌉	2026-06-28	# SIP plane (no glyph)
juan	𠔉	2026-06-28	# SIP plane (no glyph)
juan	𠡶	2026-06-28	# SIP plane (no glyph)
juan	𠢚	2026-06-28	# SIP plane (no glyph)
juan	𡘰	2026-06-28	# SIP plane (no glyph)
juan	𡡀	2026-06-28	# SIP plane (no glyph)
juan	𡫂	2026-06-28	# SIP plane (no glyph)
juan	𡱑	2026-06-28	# SIP plane (no glyph)
juan	𢋄	2026-06-28	# SIP plane (no glyph)
juan	𢍏	2026-06-28	# SIP plane (no glyph)
juan	𢎥	2026-06-28	# SIP plane (no glyph)
juan	𢝓	2026-06-28	# SIP plane (no glyph)
juan	𣙢	2026-06-28	# SIP plane (no glyph)
juan	𣚓	2026-06-28	# SIP plane (no glyph)
juan	𣜨	2026-06-28	# SIP plane (no glyph)
juan	𣬋	2026-06-28	# SIP plane (no glyph)
juan	𣬏	2026-06-28	# SIP plane (no glyph)
juan	𤎱	2026-06-28	# SIP plane (no glyph)
juan	𤲨	2026-06-28	# SIP plane (no glyph)
juan	𤺻	2026-06-28	# SIP plane (no glyph)
juan	𥁠	2026-06-28	# SIP plane (no glyph)
juan	𥅬	2026-06-28	# SIP plane (no glyph)
juan	𥆞	2026-06-28	# SIP plane (no glyph)
juan	𥱽	2026-06-28	# SIP plane (no glyph)
juan	𦊌	2026-06-28	# SIP plane (no glyph)
juan	𦦽	2026-06-28	# SIP plane (no glyph)
juan	𦬾	2026-06-28	# SIP plane (no glyph)
juan	𦮻	2026-06-28	# SIP plane (no glyph)
juan	𦳽	2026-06-28	# SIP plane (no glyph)
juan	𦼱	2026-06-28	# SIP plane (no glyph)
juan	𧎖	2026-06-28	# SIP plane (no glyph)
juan	𧕲	2026-06-28	# SIP plane (no glyph)
juan	𧭦	2026-06-28	# SIP plane (no glyph)
juan	𧯦	2026-06-28	# SIP plane (no glyph)
juan	𨆈	2026-06-28	# SIP plane (no glyph)
juan	𨌫	2026-06-28	# SIP plane (no glyph)
juan	𨤑	2026-06-28	# SIP plane (no glyph)
juan	𨹵	2026-06-28	# SIP plane (no glyph)
juan	𩎳	2026-06-28	# SIP plane (no glyph)
juan	𩏗	2026-06-28	# SIP plane (no glyph)
juan	𩏹	2026-06-28	# SIP plane (no glyph)
juan	𩔱	2026-06-28	# SIP plane (no glyph)
juan	𩜇	2026-06-28	# SIP plane (no glyph)
juan	𩠉	2026-06-28	# SIP plane (no glyph)
juan	𬣤	2026-06-28	# SIP plane (no glyph)
juan	𰭔	2026-06-28	# SIP plane (no glyph)
juan	𰶍	2026-06-28	# SIP plane (no glyph)
juan	𰾹	2026-06-28	# SIP plane (no glyph)
jue	𠀔	2026-06-28	# SIP plane (no glyph)
jue	𠄌	2026-06-28	# SIP plane (no glyph)
jue	𠄑	2026-06-28	# SIP plane (no glyph)
jue	𠊬	2026-06-28	# SIP plane (no glyph)
jue	𠎮	2026-06-28	# SIP plane (no glyph)
jue	𠜾	2026-06-28	# SIP plane (no glyph)
jue	𠢤	2026-06-28	# SIP plane (no glyph)
jue	𠨊	2026-06-28	# SIP plane (no glyph)
jue	𠫃	2026-06-28	# SIP plane (no glyph)
jue	𠶸	2026-06-28	# SIP plane (no glyph)
jue	𡈅	2026-06-28	# SIP plane (no glyph)
jue	𡚠	2026-06-28	# SIP plane (no glyph)
jue	𡲗	2026-06-28	# SIP plane (no glyph)
jue	𡳾	2026-06-28	# SIP plane (no glyph)
jue	𡾜	2026-06-28	# SIP plane (no glyph)
jue	𢁪	2026-06-28	# SIP plane (no glyph)
jue	𢎹	2026-06-28	# SIP plane (no glyph)
jue	𢏷	2026-06-28	# SIP plane (no glyph)
jue	𢔱	2026-06-28	# SIP plane (no glyph)
jue	𢖦	2026-06-28	# SIP plane (no glyph)
jue	𢨏	2026-06-28	# SIP plane (no glyph)
jue	𢩯	2026-06-28	# SIP plane (no glyph)
jue	𢱺	2026-06-28	# SIP plane (no glyph)
jue	𢴭	2026-06-28	# SIP plane (no glyph)
jue	𣅡	2026-06-28	# SIP plane (no glyph)
jue	𣖬	2026-06-28	# SIP plane (no glyph)
jue	𣨢	2026-06-28	# SIP plane (no glyph)
jue	𣬎	2026-06-28	# SIP plane (no glyph)
jue	𤛦	2026-06-28	# SIP plane (no glyph)
jue	𤞴	2026-06-28	# SIP plane (no glyph)
jue	𤟎	2026-06-28	# SIP plane (no glyph)
jue	𤹋	2026-06-28	# SIP plane (no glyph)
jue	𤼗	2026-06-28	# SIP plane (no glyph)
jue	𥆌	2026-06-28	# SIP plane (no glyph)
jue	𥈾	2026-06-28	# SIP plane (no glyph)
jue	𥏘	2026-06-28	# SIP plane (no glyph)
jue	𥕲	2026-06-28	# SIP plane (no glyph)
jue	𥛯	2026-06-28	# SIP plane (no glyph)
jue	𥤘	2026-06-28	# SIP plane (no glyph)
jue	𥾮	2026-06-28	# SIP plane (no glyph)
jue	𦁐	2026-06-28	# SIP plane (no glyph)
jue	𦏅	2026-06-28	# SIP plane (no glyph)
jue	𦓐	2026-06-28	# SIP plane (no glyph)
jue	𦛲	2026-06-28	# SIP plane (no glyph)
jue	𦠒	2026-06-28	# SIP plane (no glyph)
jue	𦪘	2026-06-28	# SIP plane (no glyph)
jue	𧍕	2026-06-28	# SIP plane (no glyph)
jue	𧗫	2026-06-28	# SIP plane (no glyph)
jue	𧝃	2026-06-28	# SIP plane (no glyph)
jue	𧣸	2026-06-28	# SIP plane (no glyph)
jue	𧤼	2026-06-28	# SIP plane (no glyph)
jue	𧥎	2026-06-28	# SIP plane (no glyph)
jue	𧮫	2026-06-28	# SIP plane (no glyph)
jue	𧱝	2026-06-28	# SIP plane (no glyph)
jue	𧺐	2026-06-28	# SIP plane (no glyph)
jue	𧽸	2026-06-28	# SIP plane (no glyph)
jue	𧾵	2026-06-28	# SIP plane (no glyph)
jue	𧿺	2026-06-28	# SIP plane (no glyph)
jue	𨊿	2026-06-28	# SIP plane (no glyph)
jue	𨏹	2026-06-28	# SIP plane (no glyph)
jue	𨬐	2026-06-28	# SIP plane (no glyph)
jue	𨰜	2026-06-28	# SIP plane (no glyph)
jue	𨼎	2026-06-28	# SIP plane (no glyph)
jue	𨼱	2026-06-28	# SIP plane (no glyph)
jue	𩊺	2026-06-28	# SIP plane (no glyph)
jue	𩍷	2026-06-28	# SIP plane (no glyph)
jue	𩏺	2026-06-28	# SIP plane (no glyph)
jue	𩓻	2026-06-28	# SIP plane (no glyph)
jue	𩧏	2026-06-28	# SIP plane (no glyph)
jue	𩧡	2026-06-28	# SIP plane (no glyph)
jue	𩪗	2026-06-28	# SIP plane (no glyph)
jue	𩰨	2026-06-28	# SIP plane (no glyph)
jue	𪁠	2026-06-28	# SIP plane (no glyph)
jue	𪈴	2026-06-28	# SIP plane (no glyph)
jue	𪖜	2026-06-28	# SIP plane (no glyph)
jue	𪚅	2026-06-28	# SIP plane (no glyph)
jue	𪨗	2026-06-28	# SIP plane (no glyph)
jue	𪮖	2026-06-28	# SIP plane (no glyph)
jue	𫈵	2026-06-28	# SIP plane (no glyph)
jue	𫏋	2026-06-28	# SIP plane (no glyph)
jue	𫔎	2026-06-28	# SIP plane (no glyph)
jue	𫘝	2026-06-28	# SIP plane (no glyph)
jue	𫛞	2026-06-28	# SIP plane (no glyph)
jue	𫞝	2026-06-28	# SIP plane (no glyph)
jue	𫦌	2026-06-28	# SIP plane (no glyph)
jue	𫦳	2026-06-28	# SIP plane (no glyph)
jue	𬺖	2026-06-28	# SIP plane (no glyph)
jue	𱉔	2026-06-28	# SIP plane (no glyph)
jue	𱊧	2026-06-28	# SIP plane (no glyph)
jue	𱱱	2026-06-28	# SIP plane (no glyph)
jun	𠀹	2026-06-28	# SIP plane (no glyph)
jun	𠣕	2026-06-28	# SIP plane (no glyph)
jun	𠨢	2026-06-28	# SIP plane (no glyph)
jun	𢉦	2026-06-28	# SIP plane (no glyph)
jun	𢹲	2026-06-28	# SIP plane (no glyph)
jun	𢻸	2026-06-28	# SIP plane (no glyph)
jun	𤮪	2026-06-28	# SIP plane (no glyph)
jun	𥇘	2026-06-28	# SIP plane (no glyph)
jun	𥚂	2026-06-28	# SIP plane (no glyph)
jun	𥜮	2026-06-28	# SIP plane (no glyph)
jun	𥡣	2026-06-28	# SIP plane (no glyph)
jun	𦇘	2026-06-28	# SIP plane (no glyph)
jun	𦌺	2026-06-28	# SIP plane (no glyph)
jun	𦴌	2026-06-28	# SIP plane (no glyph)
jun	𦵼	2026-06-28	# SIP plane (no glyph)
jun	𧥺	2026-06-28	# SIP plane (no glyph)
jun	𧯖	2026-06-28	# SIP plane (no glyph)
jun	𧽔	2026-06-28	# SIP plane (no glyph)
jun	𨌘	2026-06-28	# SIP plane (no glyph)
jun	𨛐	2026-06-28	# SIP plane (no glyph)
jun	𨲄	2026-06-28	# SIP plane (no glyph)
jun	𨶊	2026-06-28	# SIP plane (no glyph)
jun	𪍁	2026-06-28	# SIP plane (no glyph)
jun	𪕞	2026-06-28	# SIP plane (no glyph)
jun	𫓲	2026-06-28	# SIP plane (no glyph)
jun	𬣝	2026-06-28	# SIP plane (no glyph)
jun	𮱠	2026-06-28	# SIP plane (no glyph)
jun	𮸈	2026-06-28	# SIP plane (no glyph)
jun	𰴙	2026-06-28	# SIP plane (no glyph)
jun	𱉾	2026-06-28	# SIP plane (no glyph)
jun	𱉿	2026-06-28	# SIP plane (no glyph)
ka	𰽩	2026-06-28	# SIP plane (no glyph)
kai	𠢲	2026-06-28	# SIP plane (no glyph)
kai	𡙓	2026-06-28	# SIP plane (no glyph)
kai	𡳂	2026-06-28	# SIP plane (no glyph)
kai	𢋝	2026-06-28	# SIP plane (no glyph)
kai	𢔡	2026-06-28	# SIP plane (no glyph)
kai	𢢚	2026-06-28	# SIP plane (no glyph)
kai	𢾆	2026-06-28	# SIP plane (no glyph)
kai	𤉫	2026-06-28	# SIP plane (no glyph)
kai	𤐩	2026-06-28	# SIP plane (no glyph)
kai	𤡲	2026-06-28	# SIP plane (no glyph)
kai	𤻜	2026-06-28	# SIP plane (no glyph)
kai	𥃣	2026-06-28	# SIP plane (no glyph)
kai	𥎆	2026-06-28	# SIP plane (no glyph)
kai	𥏪	2026-06-28	# SIP plane (no glyph)
kai	𥻄	2026-06-28	# SIP plane (no glyph)
kai	𦂄	2026-06-28	# SIP plane (no glyph)
kai	𦈲	2026-06-28	# SIP plane (no glyph)
kai	𨴆	2026-06-28	# SIP plane (no glyph)
kai	𩫀	2026-06-28	# SIP plane (no glyph)
kai	𫔭	2026-06-28	# SIP plane (no glyph)
kai	𫟺	2026-06-28	# SIP plane (no glyph)
kai	𬀱	2026-06-28	# SIP plane (no glyph)
kai	𬨇	2026-06-28	# SIP plane (no glyph)
kai	𬱼	2026-06-28	# SIP plane (no glyph)
kai	𮸛	2026-06-28	# SIP plane (no glyph)
kan	𠝲	2026-06-28	# SIP plane (no glyph)
kan	𡶪	2026-06-28	# SIP plane (no glyph)
kan	𡸞	2026-06-28	# SIP plane (no glyph)
kan	𡺗	2026-06-28	# SIP plane (no glyph)
kan	𢙮	2026-06-28	# SIP plane (no glyph)
kan	𢦟	2026-06-28	# SIP plane (no glyph)
kan	𣊟	2026-06-28	# SIP plane (no glyph)
kan	𣣒	2026-06-28	# SIP plane (no glyph)
kan	𣽌	2026-06-28	# SIP plane (no glyph)
kan	𥍓	2026-06-28	# SIP plane (no glyph)
kan	𥑫	2026-06-28	# SIP plane (no glyph)
kan	𥤱	2026-06-28	# SIP plane (no glyph)
kan	𥦔	2026-06-28	# SIP plane (no glyph)
kan	𦞖	2026-06-28	# SIP plane (no glyph)
kan	𧇦	2026-06-28	# SIP plane (no glyph)
kan	𧡵	2026-06-28	# SIP plane (no glyph)
kan	𧯰	2026-06-28	# SIP plane (no glyph)
kan	𧱄	2026-06-28	# SIP plane (no glyph)
kan	𨍜	2026-06-28	# SIP plane (no glyph)
kan	𨒞	2026-06-28	# SIP plane (no glyph)
kan	𩐬	2026-06-28	# SIP plane (no glyph)
kan	𩑟	2026-06-28	# SIP plane (no glyph)
kan	𩒃	2026-06-28	# SIP plane (no glyph)
kan	𩓟	2026-06-28	# SIP plane (no glyph)
kan	𩜱	2026-06-28	# SIP plane (no glyph)
kan	𪉯	2026-06-28	# SIP plane (no glyph)
kan	𫐘	2026-06-28	# SIP plane (no glyph)
kan	𰥊	2026-06-28	# SIP plane (no glyph)
kan	𰺐	2026-06-28	# SIP plane (no glyph)
kan	𱂱	2026-06-28	# SIP plane (no glyph)
kang	𠻞	2026-06-28	# SIP plane (no glyph)
kang	𠾨	2026-06-28	# SIP plane (no glyph)
kang	𡐓	2026-06-28	# SIP plane (no glyph)
kang	𡵻	2026-06-28	# SIP plane (no glyph)
kang	𡻚	2026-06-28	# SIP plane (no glyph)
kang	𢴦	2026-06-28	# SIP plane (no glyph)
kang	𣔛	2026-06-28	# SIP plane (no glyph)
kang	𤮊	2026-06-28	# SIP plane (no glyph)
kang	𥉽	2026-06-28	# SIP plane (no glyph)
kang	𥒳	2026-06-28	# SIP plane (no glyph)
kang	𥕎	2026-06-28	# SIP plane (no glyph)
kang	𥹺	2026-06-28	# SIP plane (no glyph)
kang	𨀫	2026-06-28	# SIP plane (no glyph)
kang	𨂟	2026-06-28	# SIP plane (no glyph)
kang	𨄗	2026-06-28	# SIP plane (no glyph)
kang	𨎍	2026-06-28	# SIP plane (no glyph)
kang	𨝎	2026-06-28	# SIP plane (no glyph)
kang	𨻷	2026-06-28	# SIP plane (no glyph)
kang	𩾌	2026-06-28	# SIP plane (no glyph)
kang	𪎵	2026-06-28	# SIP plane (no glyph)
kang	𫽙	2026-06-28	# SIP plane (no glyph)
kang	𱠏	2026-06-28	# SIP plane (no glyph)
kao	𡭳	2026-06-28	# SIP plane (no glyph)
kao	𣐊	2026-06-28	# SIP plane (no glyph)
kao	𣧏	2026-06-28	# SIP plane (no glyph)
kao	𣨻	2026-06-28	# SIP plane (no glyph)
kao	𣩅	2026-06-28	# SIP plane (no glyph)
kao	𥬯	2026-06-28	# SIP plane (no glyph)
kao	𥹬	2026-06-28	# SIP plane (no glyph)
kao	𧋓	2026-06-28	# SIP plane (no glyph)
kao	𨘴	2026-06-28	# SIP plane (no glyph)
kao	𩝝	2026-06-28	# SIP plane (no glyph)
kao	𩩾	2026-06-28	# SIP plane (no glyph)
kao	𬶔	2026-06-28	# SIP plane (no glyph)
ke	𠏀	2026-06-28	# SIP plane (no glyph)
ke	𠛳	2026-06-28	# SIP plane (no glyph)
ke	𠡜	2026-06-28	# SIP plane (no glyph)
ke	𠡤	2026-06-28	# SIP plane (no glyph)
ke	𠢹	2026-06-28	# SIP plane (no glyph)
ke	𠩧	2026-06-28	# SIP plane (no glyph)
ke	𠪒	2026-06-28	# SIP plane (no glyph)
ke	𠪟	2026-06-28	# SIP plane (no glyph)
ke	𠲙	2026-06-28	# SIP plane (no glyph)
ke	𠳭	2026-06-28	# SIP plane (no glyph)
ke	𠶲	2026-06-28	# SIP plane (no glyph)
ke	𠷄	2026-06-28	# SIP plane (no glyph)
ke	𡞢	2026-06-28	# SIP plane (no glyph)
ke	𡱼	2026-06-28	# SIP plane (no glyph)
ke	𡸡	2026-06-28	# SIP plane (no glyph)
ke	𡻘	2026-06-28	# SIP plane (no glyph)
ke	𢈈	2026-06-28	# SIP plane (no glyph)
ke	𢩏	2026-06-28	# SIP plane (no glyph)
ke	𢩐	2026-06-28	# SIP plane (no glyph)
ke	𢩘	2026-06-28	# SIP plane (no glyph)
ke	𢼐	2026-06-28	# SIP plane (no glyph)
ke	𢾩	2026-06-28	# SIP plane (no glyph)
ke	𣧤	2026-06-28	# SIP plane (no glyph)
ke	𣩄	2026-06-28	# SIP plane (no glyph)
ke	𣲊	2026-06-28	# SIP plane (no glyph)
ke	𣹇	2026-06-28	# SIP plane (no glyph)
ke	𤖇	2026-06-28	# SIP plane (no glyph)
ke	𤛗	2026-06-28	# SIP plane (no glyph)
ke	𤰙	2026-06-28	# SIP plane (no glyph)
ke	𤸎	2026-06-28	# SIP plane (no glyph)
ke	𥃕	2026-06-28	# SIP plane (no glyph)
ke	𥊉	2026-06-28	# SIP plane (no glyph)
ke	𥔽	2026-06-28	# SIP plane (no glyph)
ke	𥕤	2026-06-28	# SIP plane (no glyph)
ke	𥝹	2026-06-28	# SIP plane (no glyph)
ke	𥠁	2026-06-28	# SIP plane (no glyph)
ke	𥦨	2026-06-28	# SIP plane (no glyph)
ke	𥧇	2026-06-28	# SIP plane (no glyph)
ke	𥯚	2026-06-28	# SIP plane (no glyph)
ke	𧈗	2026-06-28	# SIP plane (no glyph)
ke	𧎗	2026-06-28	# SIP plane (no glyph)
ke	𧛾	2026-06-28	# SIP plane (no glyph)
ke	𧜡	2026-06-28	# SIP plane (no glyph)
ke	𧠋	2026-06-28	# SIP plane (no glyph)
ke	𧨵	2026-06-28	# SIP plane (no glyph)
ke	𧵛	2026-06-28	# SIP plane (no glyph)
ke	𧿫	2026-06-28	# SIP plane (no glyph)
ke	𨍰	2026-06-28	# SIP plane (no glyph)
ke	𨏿	2026-06-28	# SIP plane (no glyph)
ke	𨢸	2026-06-28	# SIP plane (no glyph)
ke	𩏭	2026-06-28	# SIP plane (no glyph)
ke	𩜭	2026-06-28	# SIP plane (no glyph)
ke	𩭽	2026-06-28	# SIP plane (no glyph)
ke	𩰻	2026-06-28	# SIP plane (no glyph)
ke	𩱘	2026-06-28	# SIP plane (no glyph)
ke	𪃭	2026-06-28	# SIP plane (no glyph)
ke	𪍎	2026-06-28	# SIP plane (no glyph)
ke	𪓮	2026-06-28	# SIP plane (no glyph)
ke	𫐔	2026-06-28	# SIP plane (no glyph)
ke	𭗡	2026-06-28	# SIP plane (no glyph)
ke	𮡈	2026-06-28	# SIP plane (no glyph)
ke	𮯙	2026-06-28	# SIP plane (no glyph)
ke	𰰾	2026-06-28	# SIP plane (no glyph)
ke	𱿣	2026-06-28	# SIP plane (no glyph)
ken	𠳁	2026-06-28	# SIP plane (no glyph)
ken	𣍟	2026-06-28	# SIP plane (no glyph)
ken	𣥤	2026-06-28	# SIP plane (no glyph)
ken	𤀊	2026-06-28	# SIP plane (no glyph)
ken	𥖞	2026-06-28	# SIP plane (no glyph)
ken	𨼯	2026-06-28	# SIP plane (no glyph)
ken	𩎤	2026-06-28	# SIP plane (no glyph)
keng	𠠷	2026-06-28	# SIP plane (no glyph)
keng	𡞚	2026-06-28	# SIP plane (no glyph)
keng	𡷨	2026-06-28	# SIP plane (no glyph)
keng	𣢴	2026-06-28	# SIP plane (no glyph)
keng	𣫒	2026-06-28	# SIP plane (no glyph)
keng	𥉸	2026-06-28	# SIP plane (no glyph)
keng	𥑅	2026-06-28	# SIP plane (no glyph)
keng	𥒁	2026-06-28	# SIP plane (no glyph)
keng	𥒱	2026-06-28	# SIP plane (no glyph)
keng	𥥳	2026-06-28	# SIP plane (no glyph)
keng	𧀘	2026-06-28	# SIP plane (no glyph)
keng	𨋔	2026-06-28	# SIP plane (no glyph)
keng	𨌳	2026-06-28	# SIP plane (no glyph)
keng	𨌶	2026-06-28	# SIP plane (no glyph)
keng	𨍑	2026-06-28	# SIP plane (no glyph)
keng	𫟥	2026-06-28	# SIP plane (no glyph)
keng	𫵸	2026-06-28	# SIP plane (no glyph)
keng	𫶲	2026-06-28	# SIP plane (no glyph)
keng	𬒎	2026-06-28	# SIP plane (no glyph)
keng	𰓱	2026-06-28	# SIP plane (no glyph)
keng	𰠲	2026-06-28	# SIP plane (no glyph)
keng	𰥣	2026-06-28	# SIP plane (no glyph)
keng	𰵡	2026-06-28	# SIP plane (no glyph)
keng	𰺘	2026-06-28	# SIP plane (no glyph)
kong	𠀝	2026-06-28	# SIP plane (no glyph)
kong	𢃐	2026-06-28	# SIP plane (no glyph)
kong	𢪬	2026-06-28	# SIP plane (no glyph)
kong	𢷙	2026-06-28	# SIP plane (no glyph)
kong	𢽦	2026-06-28	# SIP plane (no glyph)
kong	𣏺	2026-06-28	# SIP plane (no glyph)
kong	𤗇	2026-06-28	# SIP plane (no glyph)
kong	𤤲	2026-06-28	# SIP plane (no glyph)
kong	𥔇	2026-06-28	# SIP plane (no glyph)
kong	𥥅	2026-06-28	# SIP plane (no glyph)
kong	𦁈	2026-06-28	# SIP plane (no glyph)
kong	𦱇	2026-06-28	# SIP plane (no glyph)
kong	𦶐	2026-06-28	# SIP plane (no glyph)
kong	𧌆	2026-06-28	# SIP plane (no glyph)
kong	𧚬	2026-06-28	# SIP plane (no glyph)
kong	𩲧	2026-06-28	# SIP plane (no glyph)
kong	𪔣	2026-06-28	# SIP plane (no glyph)
kong	𱊊	2026-06-28	# SIP plane (no glyph)
kou	𠛅	2026-06-28	# SIP plane (no glyph)
kou	𡠆	2026-06-28	# SIP plane (no glyph)
kou	𢂁	2026-06-28	# SIP plane (no glyph)
kou	𢄠	2026-06-28	# SIP plane (no glyph)
kou	𢚫	2026-06-28	# SIP plane (no glyph)
kou	𢟭	2026-06-28	# SIP plane (no glyph)
kou	𢼃	2026-06-28	# SIP plane (no glyph)
kou	𣻎	2026-06-28	# SIP plane (no glyph)
kou	𣿟	2026-06-28	# SIP plane (no glyph)
kou	𤘘	2026-06-28	# SIP plane (no glyph)
kou	𥊧	2026-06-28	# SIP plane (no glyph)
kou	𥲃	2026-06-28	# SIP plane (no glyph)
kou	𦬅	2026-06-28	# SIP plane (no glyph)
kou	𦴎	2026-06-28	# SIP plane (no glyph)
kou	𦶲	2026-06-28	# SIP plane (no glyph)
kou	𧥣	2026-06-28	# SIP plane (no glyph)
kou	𨙫	2026-06-28	# SIP plane (no glyph)
kou	𨥴	2026-06-28	# SIP plane (no glyph)
kou	𩀠	2026-06-28	# SIP plane (no glyph)
kou	𪄺	2026-06-28	# SIP plane (no glyph)
kou	𪇄	2026-06-28	# SIP plane (no glyph)
kou	𫃜	2026-06-28	# SIP plane (no glyph)
kou	𫸩	2026-06-28	# SIP plane (no glyph)
kou	𬆮	2026-06-28	# SIP plane (no glyph)
kou	𬑒	2026-06-28	# SIP plane (no glyph)
kou	𬣚	2026-06-28	# SIP plane (no glyph)
kou	𬬪	2026-06-28	# SIP plane (no glyph)
kou	𬸬	2026-06-28	# SIP plane (no glyph)
ku	𠠶	2026-06-28	# SIP plane (no glyph)
ku	𠺟	2026-06-28	# SIP plane (no glyph)
ku	𡀙	2026-06-28	# SIP plane (no glyph)
ku	𡑚	2026-06-28	# SIP plane (no glyph)
ku	𡑣	2026-06-28	# SIP plane (no glyph)
ku	𡗵	2026-06-28	# SIP plane (no glyph)
ku	𡞯	2026-06-28	# SIP plane (no glyph)
ku	𡶏	2026-06-28	# SIP plane (no glyph)
ku	𡼿	2026-06-28	# SIP plane (no glyph)
ku	𢏆	2026-06-28	# SIP plane (no glyph)
ku	𢼁	2026-06-28	# SIP plane (no glyph)
ku	𣗺	2026-06-28	# SIP plane (no glyph)
ku	𥈷	2026-06-28	# SIP plane (no glyph)
ku	𥌄	2026-06-28	# SIP plane (no glyph)
ku	𥞴	2026-06-28	# SIP plane (no glyph)
ku	𥟾	2026-06-28	# SIP plane (no glyph)
ku	𥧋	2026-06-28	# SIP plane (no glyph)
ku	𥯶	2026-06-28	# SIP plane (no glyph)
ku	𦛏	2026-06-28	# SIP plane (no glyph)
ku	𦜇	2026-06-28	# SIP plane (no glyph)
ku	𦡆	2026-06-28	# SIP plane (no glyph)
ku	𧊘	2026-06-28	# SIP plane (no glyph)
ku	𧠂	2026-06-28	# SIP plane (no glyph)
ku	𧷎	2026-06-28	# SIP plane (no glyph)
ku	𧿉	2026-06-28	# SIP plane (no glyph)
ku	𧿋	2026-06-28	# SIP plane (no glyph)
ku	𨐡	2026-06-28	# SIP plane (no glyph)
ku	𨡱	2026-06-28	# SIP plane (no glyph)
ku	𩇵	2026-06-28	# SIP plane (no glyph)
ku	𩑔	2026-06-28	# SIP plane (no glyph)
ku	𩑡	2026-06-28	# SIP plane (no glyph)
ku	𩨳	2026-06-28	# SIP plane (no glyph)
ku	𩱙	2026-06-28	# SIP plane (no glyph)
ku	𪌓	2026-06-28	# SIP plane (no glyph)
ku	𪍠	2026-06-28	# SIP plane (no glyph)
ku	𪠀	2026-06-28	# SIP plane (no glyph)
ku	𫖪	2026-06-28	# SIP plane (no glyph)
ku	𫜕	2026-06-28	# SIP plane (no glyph)
ku	𬕛	2026-06-28	# SIP plane (no glyph)
ku	𱂡	2026-06-28	# SIP plane (no glyph)
ku	𱇦	2026-06-28	# SIP plane (no glyph)
ku	𱗞	2026-06-28	# SIP plane (no glyph)
kua	𠇗	2026-06-28	# SIP plane (no glyph)
kua	𡇚	2026-06-28	# SIP plane (no glyph)
kua	𡕒	2026-06-28	# SIP plane (no glyph)
kua	𡗢	2026-06-28	# SIP plane (no glyph)
kua	𢄳	2026-06-28	# SIP plane (no glyph)
kua	𢓢	2026-06-28	# SIP plane (no glyph)
kua	𥏤	2026-06-28	# SIP plane (no glyph)
kua	𥑹	2026-06-28	# SIP plane (no glyph)
kua	𨃖	2026-06-28	# SIP plane (no glyph)
kua	𨕺	2026-06-28	# SIP plane (no glyph)
kua	𨵧	2026-06-28	# SIP plane (no glyph)
kua	𩊓	2026-06-28	# SIP plane (no glyph)
kua	𰽴	2026-06-28	# SIP plane (no glyph)
kua	𱎶	2026-06-28	# SIP plane (no glyph)
kuai	𠜐	2026-06-28	# SIP plane (no glyph)
kuai	𠣲	2026-06-28	# SIP plane (no glyph)
kuai	𡚅	2026-06-28	# SIP plane (no glyph)
kuai	𡼾	2026-06-28	# SIP plane (no glyph)
kuai	𢾒	2026-06-28	# SIP plane (no glyph)
kuai	𣫉	2026-06-28	# SIP plane (no glyph)
kuai	𥢶	2026-06-28	# SIP plane (no glyph)
kuai	𦔦	2026-06-28	# SIP plane (no glyph)
kuai	𦳋	2026-06-28	# SIP plane (no glyph)
kuai	𨛖	2026-06-28	# SIP plane (no glyph)
kuai	𩦱	2026-06-28	# SIP plane (no glyph)
kuai	𩩈	2026-06-28	# SIP plane (no glyph)
kuai	𫐆	2026-06-28	# SIP plane (no glyph)
kuai	𫞷	2026-06-28	# SIP plane (no glyph)
kuai	𰎛	2026-06-28	# SIP plane (no glyph)
kuai	𰏶	2026-06-28	# SIP plane (no glyph)
kuai	𰕭	2026-06-28	# SIP plane (no glyph)
kuai	𲄗	2026-06-28	# SIP plane (no glyph)
kuan	𢕫	2026-06-28	# SIP plane (no glyph)
kuan	𢴪	2026-06-28	# SIP plane (no glyph)
kuan	𣎑	2026-06-28	# SIP plane (no glyph)
kuan	𣢻	2026-06-28	# SIP plane (no glyph)
kuan	𣽟	2026-06-28	# SIP plane (no glyph)
kuan	𥟓	2026-06-28	# SIP plane (no glyph)
kuan	𥦀	2026-06-28	# SIP plane (no glyph)
kuan	𫔋	2026-06-28	# SIP plane (no glyph)
kuang	𡶢	2026-06-28	# SIP plane (no glyph)
kuang	𡾇	2026-06-28	# SIP plane (no glyph)
kuang	𢼑	2026-06-28	# SIP plane (no glyph)
kuang	𢼳	2026-06-28	# SIP plane (no glyph)
kuang	𣍦	2026-06-28	# SIP plane (no glyph)
kuang	𣒸	2026-06-28	# SIP plane (no glyph)
kuang	𣴥	2026-06-28	# SIP plane (no glyph)
kuang	𤝿	2026-06-28	# SIP plane (no glyph)
kuang	𥈏	2026-06-28	# SIP plane (no glyph)
kuang	𦚞	2026-06-28	# SIP plane (no glyph)
kuang	𦥰	2026-06-28	# SIP plane (no glyph)
kuang	𧥌	2026-06-28	# SIP plane (no glyph)
kuang	𧻔	2026-06-28	# SIP plane (no glyph)
kuang	𧿈	2026-06-28	# SIP plane (no glyph)
kuang	𨀕	2026-06-28	# SIP plane (no glyph)
kuang	𨇁	2026-06-28	# SIP plane (no glyph)
kuang	𨏆	2026-06-28	# SIP plane (no glyph)
kuang	𨖢	2026-06-28	# SIP plane (no glyph)
kuang	𨥑	2026-06-28	# SIP plane (no glyph)
kuang	𨨭	2026-06-28	# SIP plane (no glyph)
kuang	𨴑	2026-06-28	# SIP plane (no glyph)
kuang	𩢼	2026-06-28	# SIP plane (no glyph)
kuang	𩬹	2026-06-28	# SIP plane (no glyph)
kuang	𩷗	2026-06-28	# SIP plane (no glyph)
kuang	𪍿	2026-06-28	# SIP plane (no glyph)
kuang	𪏪	2026-06-28	# SIP plane (no glyph)
kuang	𫛭	2026-06-28	# SIP plane (no glyph)
kuang	𬘢	2026-06-28	# SIP plane (no glyph)
kuang	𬮣	2026-06-28	# SIP plane (no glyph)
kuang	𬳻	2026-06-28	# SIP plane (no glyph)
kuang	𰐾	2026-06-28	# SIP plane (no glyph)
kuang	𰨜	2026-06-28	# SIP plane (no glyph)
kuang	𰹶	2026-06-28	# SIP plane (no glyph)
kuang	𰽚	2026-06-28	# SIP plane (no glyph)
kuang	𱋈	2026-06-28	# SIP plane (no glyph)
kuang	𱋫	2026-06-28	# SIP plane (no glyph)
kuang	𱖟	2026-06-28	# SIP plane (no glyph)
kuang	𲉨	2026-06-28	# SIP plane (no glyph)
kui	𠊾	2026-06-28	# SIP plane (no glyph)
kui	𠣠	2026-06-28	# SIP plane (no glyph)
kui	𠿥	2026-06-28	# SIP plane (no glyph)
kui	𡌤	2026-06-28	# SIP plane (no glyph)
kui	𡐠	2026-06-28	# SIP plane (no glyph)
kui	𡓰	2026-06-28	# SIP plane (no glyph)
kui	𡤞	2026-06-28	# SIP plane (no glyph)
kui	𢌳	2026-06-28	# SIP plane (no glyph)
kui	𢜽	2026-06-28	# SIP plane (no glyph)
kui	𢼀	2026-06-28	# SIP plane (no glyph)
kui	𣄲	2026-06-28	# SIP plane (no glyph)
kui	𣥮	2026-06-28	# SIP plane (no glyph)
kui	𣧼	2026-06-28	# SIP plane (no glyph)
kui	𤆂	2026-06-28	# SIP plane (no glyph)
kui	𤏜	2026-06-28	# SIP plane (no glyph)
kui	𤵮	2026-06-28	# SIP plane (no glyph)
kui	𥁇	2026-06-28	# SIP plane (no glyph)
kui	𥏙	2026-06-28	# SIP plane (no glyph)
kui	𥜶	2026-06-28	# SIP plane (no glyph)
kui	𥪊	2026-06-28	# SIP plane (no glyph)
kui	𦝢	2026-06-28	# SIP plane (no glyph)
kui	𧂠	2026-06-28	# SIP plane (no glyph)
kui	𧄑	2026-06-28	# SIP plane (no glyph)
kui	𧍜	2026-06-28	# SIP plane (no glyph)
kui	𧑋	2026-06-28	# SIP plane (no glyph)
kui	𧝷	2026-06-28	# SIP plane (no glyph)
kui	𧡦	2026-06-28	# SIP plane (no glyph)
kui	𧢦	2026-06-28	# SIP plane (no glyph)
kui	𧷛	2026-06-28	# SIP plane (no glyph)
kui	𨡺	2026-06-28	# SIP plane (no glyph)
kui	𨣈	2026-06-28	# SIP plane (no glyph)
kui	𨾎	2026-06-28	# SIP plane (no glyph)
kui	𨾗	2026-06-28	# SIP plane (no glyph)
kui	𩏣	2026-06-28	# SIP plane (no glyph)
kui	𩓗	2026-06-28	# SIP plane (no glyph)
kui	𩕜	2026-06-28	# SIP plane (no glyph)
kui	𩠮	2026-06-28	# SIP plane (no glyph)
kui	𩲅	2026-06-28	# SIP plane (no glyph)
kui	𩲷	2026-06-28	# SIP plane (no glyph)
kui	𩵉	2026-06-28	# SIP plane (no glyph)
kui	𩹍	2026-06-28	# SIP plane (no glyph)
kui	𪆴	2026-06-28	# SIP plane (no glyph)
kui	𪖢	2026-06-28	# SIP plane (no glyph)
kui	𪡞	2026-06-28	# SIP plane (no glyph)
kui	𫍷	2026-06-28	# SIP plane (no glyph)
kui	𫛼	2026-06-28	# SIP plane (no glyph)
kui	𫝬	2026-06-28	# SIP plane (no glyph)
kui	𫠆	2026-06-28	# SIP plane (no glyph)
kui	𬮭	2026-06-28	# SIP plane (no glyph)
kui	𬸮	2026-06-28	# SIP plane (no glyph)
kui	𭫀	2026-06-28	# SIP plane (no glyph)
kui	𰊛	2026-06-28	# SIP plane (no glyph)
kui	𰰮	2026-06-28	# SIP plane (no glyph)
kui	𰷨	2026-06-28	# SIP plane (no glyph)
kui	𰾥	2026-06-28	# SIP plane (no glyph)
kui	𱂬	2026-06-28	# SIP plane (no glyph)
kui	𱂵	2026-06-28	# SIP plane (no glyph)
kui	𱆃	2026-06-28	# SIP plane (no glyph)
kui	𱆚	2026-06-28	# SIP plane (no glyph)
kun	𠚯	2026-06-28	# SIP plane (no glyph)
kun	𡖉	2026-06-28	# SIP plane (no glyph)
kun	𢈛	2026-06-28	# SIP plane (no glyph)
kun	𣏔	2026-06-28	# SIP plane (no glyph)
kun	𣰘	2026-06-28	# SIP plane (no glyph)
kun	𣱂	2026-06-28	# SIP plane (no glyph)
kun	𥊽	2026-06-28	# SIP plane (no glyph)
kun	𥚛	2026-06-28	# SIP plane (no glyph)
kun	𦄐	2026-06-28	# SIP plane (no glyph)
kun	𦌸	2026-06-28	# SIP plane (no glyph)
kun	𧋕	2026-06-28	# SIP plane (no glyph)
kun	𧥊	2026-06-28	# SIP plane (no glyph)
kun	𨁉	2026-06-28	# SIP plane (no glyph)
kun	𨱙	2026-06-28	# SIP plane (no glyph)
kun	𩓽	2026-06-28	# SIP plane (no glyph)
kun	𩤋	2026-06-28	# SIP plane (no glyph)
kun	𩨫	2026-06-28	# SIP plane (no glyph)
kun	𩻋	2026-06-28	# SIP plane (no glyph)
kun	𩽞	2026-06-28	# SIP plane (no glyph)
kun	𪋆	2026-06-28	# SIP plane (no glyph)
kun	𪻲	2026-06-28	# SIP plane (no glyph)
kun	𫘥	2026-06-28	# SIP plane (no glyph)
kun	𫷅	2026-06-28	# SIP plane (no glyph)
kun	𱉱	2026-06-28	# SIP plane (no glyph)
kuo	𠚳	2026-06-28	# SIP plane (no glyph)
kuo	𠠎	2026-06-28	# SIP plane (no glyph)
kuo	𡎒	2026-06-28	# SIP plane (no glyph)
kuo	𡻙	2026-06-28	# SIP plane (no glyph)
kuo	𢠛	2026-06-28	# SIP plane (no glyph)
kuo	𤫵	2026-06-28	# SIP plane (no glyph)
kuo	𥕏	2026-06-28	# SIP plane (no glyph)
kuo	𦧍	2026-06-28	# SIP plane (no glyph)
kuo	𦧔	2026-06-28	# SIP plane (no glyph)
kuo	𨓈	2026-06-28	# SIP plane (no glyph)
kuo	𨨱	2026-06-28	# SIP plane (no glyph)
kuo	𨶐	2026-06-28	# SIP plane (no glyph)
kuo	𩋻	2026-06-28	# SIP plane (no glyph)
kuo	𪗽	2026-06-28	# SIP plane (no glyph)
kuo	𫘽	2026-06-28	# SIP plane (no glyph)
kuo	𬺄	2026-06-28	# SIP plane (no glyph)
kuo	𱨸	2026-06-28	# SIP plane (no glyph)
la	𠾩	2026-06-28	# SIP plane (no glyph)
la	𡅘	2026-06-28	# SIP plane (no glyph)
la	𡉆	2026-06-28	# SIP plane (no glyph)
la	𢃴	2026-06-28	# SIP plane (no glyph)
la	𢉨	2026-06-28	# SIP plane (no glyph)
la	𣤊	2026-06-28	# SIP plane (no glyph)
la	𤀦	2026-06-28	# SIP plane (no glyph)
la	𤊶	2026-06-28	# SIP plane (no glyph)
la	𤛊	2026-06-28	# SIP plane (no glyph)
la	𤰚	2026-06-28	# SIP plane (no glyph)
la	𤷟	2026-06-28	# SIP plane (no glyph)
la	𥀥	2026-06-28	# SIP plane (no glyph)
la	𥀰	2026-06-28	# SIP plane (no glyph)
la	𥈙	2026-06-28	# SIP plane (no glyph)
la	𥖍	2026-06-28	# SIP plane (no glyph)
la	𥗿	2026-06-28	# SIP plane (no glyph)
la	𥘁	2026-06-28	# SIP plane (no glyph)
la	𦅶	2026-06-28	# SIP plane (no glyph)
la	𦆻	2026-06-28	# SIP plane (no glyph)
la	𦇛	2026-06-28	# SIP plane (no glyph)
la	𦎏	2026-06-28	# SIP plane (no glyph)
la	𦒆	2026-06-28	# SIP plane (no glyph)
la	𦒦	2026-06-28	# SIP plane (no glyph)
la	𧗩	2026-06-28	# SIP plane (no glyph)
la	𧙀	2026-06-28	# SIP plane (no glyph)
la	𧞪	2026-06-28	# SIP plane (no glyph)
la	𧩲	2026-06-28	# SIP plane (no glyph)
la	𨭛	2026-06-28	# SIP plane (no glyph)
la	𩃜	2026-06-28	# SIP plane (no glyph)
la	𩋷	2026-06-28	# SIP plane (no glyph)
la	𩑮	2026-06-28	# SIP plane (no glyph)
la	𩘊	2026-06-28	# SIP plane (no glyph)
la	𩤲	2026-06-28	# SIP plane (no glyph)
la	𩨉	2026-06-28	# SIP plane (no glyph)
la	𩯽	2026-06-28	# SIP plane (no glyph)
la	𪇹	2026-06-28	# SIP plane (no glyph)
la	𪮶	2026-06-28	# SIP plane (no glyph)
la	𬶟	2026-06-28	# SIP plane (no glyph)
la	𭊸	2026-06-28	# SIP plane (no glyph)
la	𰬼	2026-06-28	# SIP plane (no glyph)
la	𰾿	2026-06-28	# SIP plane (no glyph)
la	𱗌	2026-06-28	# SIP plane (no glyph)
la	𱴂	2026-06-28	# SIP plane (no glyph)
lai	𠎙	2026-06-28	# SIP plane (no glyph)
lai	𠘝	2026-06-28	# SIP plane (no glyph)
lai	𡂖	2026-06-28	# SIP plane (no glyph)
lai	𡃄	2026-06-28	# SIP plane (no glyph)
lai	𡓒	2026-06-28	# SIP plane (no glyph)
lai	𢅭	2026-06-28	# SIP plane (no glyph)
lai	𢑬	2026-06-28	# SIP plane (no glyph)
lai	𣖤	2026-06-28	# SIP plane (no glyph)
lai	𤢗	2026-06-28	# SIP plane (no glyph)
lai	𤦃	2026-06-28	# SIP plane (no glyph)
lai	𤲓	2026-06-28	# SIP plane (no glyph)
lai	𥟂	2026-06-28	# SIP plane (no glyph)
lai	𦆋	2026-06-28	# SIP plane (no glyph)
lai	𦓹	2026-06-28	# SIP plane (no glyph)
lai	𧝝	2026-06-28	# SIP plane (no glyph)
lai	𧯲	2026-06-28	# SIP plane (no glyph)
lai	𧳕	2026-06-28	# SIP plane (no glyph)
lai	𧳟	2026-06-28	# SIP plane (no glyph)
lai	𧵭	2026-06-28	# SIP plane (no glyph)
lai	𨂐	2026-06-28	# SIP plane (no glyph)
lai	𨇆	2026-06-28	# SIP plane (no glyph)
lai	𨦂	2026-06-28	# SIP plane (no glyph)
lai	𩳆	2026-06-28	# SIP plane (no glyph)
lai	𪈈	2026-06-28	# SIP plane (no glyph)
lai	𪎌	2026-06-28	# SIP plane (no glyph)
lai	𪑚	2026-06-28	# SIP plane (no glyph)
lai	𪡺	2026-06-28	# SIP plane (no glyph)
lai	𫏌	2026-06-28	# SIP plane (no glyph)
lai	𫝫	2026-06-28	# SIP plane (no glyph)
lai	𫪁	2026-06-28	# SIP plane (no glyph)
lai	𫷬	2026-06-28	# SIP plane (no glyph)
lai	𬋍	2026-06-28	# SIP plane (no glyph)
lai	𬩾	2026-06-28	# SIP plane (no glyph)
lai	𬹗	2026-06-28	# SIP plane (no glyph)
lai	𭻔	2026-06-28	# SIP plane (no glyph)
lai	𮵱	2026-06-28	# SIP plane (no glyph)
lai	𰘳	2026-06-28	# SIP plane (no glyph)
lai	𰡎	2026-06-28	# SIP plane (no glyph)
lai	𰱾	2026-06-28	# SIP plane (no glyph)
lai	𱅕	2026-06-28	# SIP plane (no glyph)
lai	𱇭	2026-06-28	# SIP plane (no glyph)
lai	𱈖	2026-06-28	# SIP plane (no glyph)
lai	𱉵	2026-06-28	# SIP plane (no glyph)
lan	𠓖	2026-06-28	# SIP plane (no glyph)
lan	𠓭	2026-06-28	# SIP plane (no glyph)
lan	𠼖	2026-06-28	# SIP plane (no glyph)
lan	𡒄	2026-06-28	# SIP plane (no glyph)
lan	𡓔	2026-06-28	# SIP plane (no glyph)
lan	𡮻	2026-06-28	# SIP plane (no glyph)
lan	𡽳	2026-06-28	# SIP plane (no glyph)
lan	𢅡	2026-06-28	# SIP plane (no glyph)
lan	𢉧	2026-06-28	# SIP plane (no glyph)
lan	𢊓	2026-06-28	# SIP plane (no glyph)
lan	𢒞	2026-06-28	# SIP plane (no glyph)
lan	𢛓	2026-06-28	# SIP plane (no glyph)
lan	𢹙	2026-06-28	# SIP plane (no glyph)
lan	𣋣	2026-06-28	# SIP plane (no glyph)
lan	𤂺	2026-06-28	# SIP plane (no glyph)
lan	𤃨	2026-06-28	# SIP plane (no glyph)
lan	𤑸	2026-06-28	# SIP plane (no glyph)
lan	𤣟	2026-06-28	# SIP plane (no glyph)
lan	𥌻	2026-06-28	# SIP plane (no glyph)
lan	𥗺	2026-06-28	# SIP plane (no glyph)
lan	𥗽	2026-06-28	# SIP plane (no glyph)
lan	𥜓	2026-06-28	# SIP plane (no glyph)
lan	𥦝	2026-06-28	# SIP plane (no glyph)
lan	𦧼	2026-06-28	# SIP plane (no glyph)
lan	𧮤	2026-06-28	# SIP plane (no glyph)
lan	𧸦	2026-06-28	# SIP plane (no glyph)
lan	𧼖	2026-06-28	# SIP plane (no glyph)
lan	𨅏	2026-06-28	# SIP plane (no glyph)
lan	𨅬	2026-06-28	# SIP plane (no glyph)
lan	𨊔	2026-06-28	# SIP plane (no glyph)
lan	𨎹	2026-06-28	# SIP plane (no glyph)
lan	𨣨	2026-06-28	# SIP plane (no glyph)
lan	𨣸	2026-06-28	# SIP plane (no glyph)
lan	𨬒	2026-06-28	# SIP plane (no glyph)
lan	𨷻	2026-06-28	# SIP plane (no glyph)
lan	𩈵	2026-06-28	# SIP plane (no glyph)
lan	𩉀	2026-06-28	# SIP plane (no glyph)
lan	𩔵	2026-06-28	# SIP plane (no glyph)
lan	𩟺	2026-06-28	# SIP plane (no glyph)
lan	𪇖	2026-06-28	# SIP plane (no glyph)
lan	𪢌	2026-06-28	# SIP plane (no glyph)
lan	𪢠	2026-06-28	# SIP plane (no glyph)
lan	𫔱	2026-06-28	# SIP plane (no glyph)
lan	𫝮	2026-06-28	# SIP plane (no glyph)
lan	𫞨	2026-06-28	# SIP plane (no glyph)
lan	𫣉	2026-06-28	# SIP plane (no glyph)
lan	𫱕	2026-06-28	# SIP plane (no glyph)
lan	𫶊	2026-06-28	# SIP plane (no glyph)
lan	𫷌	2026-06-28	# SIP plane (no glyph)
lan	𬉠	2026-06-28	# SIP plane (no glyph)
lan	𬊶	2026-06-28	# SIP plane (no glyph)
lan	𬎑	2026-06-28	# SIP plane (no glyph)
lan	𬒇	2026-06-28	# SIP plane (no glyph)
lan	𬒗	2026-06-28	# SIP plane (no glyph)
lan	𬜥	2026-06-28	# SIP plane (no glyph)
lan	𬞕	2026-06-28	# SIP plane (no glyph)
lan	𬞫	2026-06-28	# SIP plane (no glyph)
lan	𬥾	2026-06-28	# SIP plane (no glyph)
lan	𬸡	2026-06-28	# SIP plane (no glyph)
lan	𮆏	2026-06-28	# SIP plane (no glyph)
lan	𮰽	2026-06-28	# SIP plane (no glyph)
lan	𮳎	2026-06-28	# SIP plane (no glyph)
lan	𰆚	2026-06-28	# SIP plane (no glyph)
lan	𰈆	2026-06-28	# SIP plane (no glyph)
lan	𰈓	2026-06-28	# SIP plane (no glyph)
lan	𰌙	2026-06-28	# SIP plane (no glyph)
lan	𰏟	2026-06-28	# SIP plane (no glyph)
lan	𰜐	2026-06-28	# SIP plane (no glyph)
lan	𰫖	2026-06-28	# SIP plane (no glyph)
lan	𰼏	2026-06-28	# SIP plane (no glyph)
lan	𰾳	2026-06-28	# SIP plane (no glyph)
lan	𱁽	2026-06-28	# SIP plane (no glyph)
lan	𱁾	2026-06-28	# SIP plane (no glyph)
lan	𱆅	2026-06-28	# SIP plane (no glyph)
lang	𠺘	2026-06-28	# SIP plane (no glyph)
lang	𠻴	2026-06-28	# SIP plane (no glyph)
lang	𢳑	2026-06-28	# SIP plane (no glyph)
lang	𢽂	2026-06-28	# SIP plane (no glyph)
lang	𣊧	2026-06-28	# SIP plane (no glyph)
lang	𣻡	2026-06-28	# SIP plane (no glyph)
lang	𥇑	2026-06-28	# SIP plane (no glyph)
lang	𥍫	2026-06-28	# SIP plane (no glyph)
lang	𥧫	2026-06-28	# SIP plane (no glyph)
lang	𦵧	2026-06-28	# SIP plane (no glyph)
lang	𦺫	2026-06-28	# SIP plane (no glyph)
lang	𧚅	2026-06-28	# SIP plane (no glyph)
lang	𧻴	2026-06-28	# SIP plane (no glyph)
lang	𨞿	2026-06-28	# SIP plane (no glyph)
lang	𨱍	2026-06-28	# SIP plane (no glyph)
lang	𨶗	2026-06-28	# SIP plane (no glyph)
lang	𩛡	2026-06-28	# SIP plane (no glyph)
lang	𩲒	2026-06-28	# SIP plane (no glyph)
lang	𩳤	2026-06-28	# SIP plane (no glyph)
lang	𩷕	2026-06-28	# SIP plane (no glyph)
lang	𪁜	2026-06-28	# SIP plane (no glyph)
lang	𫗨	2026-06-28	# SIP plane (no glyph)
lang	𬣼	2026-06-28	# SIP plane (no glyph)
lang	𬸏	2026-06-28	# SIP plane (no glyph)
lao	𠈭	2026-06-28	# SIP plane (no glyph)
lao	𡂕	2026-06-28	# SIP plane (no glyph)
lao	𡑍	2026-06-28	# SIP plane (no glyph)
lao	𡬘	2026-06-28	# SIP plane (no glyph)
lao	𢚄	2026-06-28	# SIP plane (no glyph)
lao	𢭂	2026-06-28	# SIP plane (no glyph)
lao	𣓿	2026-06-28	# SIP plane (no glyph)
lao	𣘪	2026-06-28	# SIP plane (no glyph)
lao	𣟽	2026-06-28	# SIP plane (no glyph)
lao	𣠼	2026-06-28	# SIP plane (no glyph)
lao	𤉍	2026-06-28	# SIP plane (no glyph)
lao	𤎤	2026-06-28	# SIP plane (no glyph)
lao	𤙯	2026-06-28	# SIP plane (no glyph)
lao	𤛮	2026-06-28	# SIP plane (no glyph)
lao	𤩂	2026-06-28	# SIP plane (no glyph)
lao	𤶁	2026-06-28	# SIP plane (no glyph)
lao	𥢒	2026-06-28	# SIP plane (no glyph)
lao	𦒴	2026-06-28	# SIP plane (no glyph)
lao	𦛨	2026-06-28	# SIP plane (no glyph)
lao	𦺜	2026-06-28	# SIP plane (no glyph)
lao	𧢋	2026-06-28	# SIP plane (no glyph)
lao	𧯍	2026-06-28	# SIP plane (no glyph)
lao	𧰎	2026-06-28	# SIP plane (no glyph)
lao	𨡤	2026-06-28	# SIP plane (no glyph)
lao	𨣃	2026-06-28	# SIP plane (no glyph)
lao	𨦭	2026-06-28	# SIP plane (no glyph)
lao	𨲮	2026-06-28	# SIP plane (no glyph)
lao	𪀧	2026-06-28	# SIP plane (no glyph)
lao	𪁔	2026-06-28	# SIP plane (no glyph)
lao	𫞧	2026-06-28	# SIP plane (no glyph)
lao	𫢬	2026-06-28	# SIP plane (no glyph)
lao	𫭼	2026-06-28	# SIP plane (no glyph)
lao	𫺘	2026-06-28	# SIP plane (no glyph)
lao	𬝃	2026-06-28	# SIP plane (no glyph)
lao	𬣿	2026-06-28	# SIP plane (no glyph)
lao	𬧤	2026-06-28	# SIP plane (no glyph)
lao	𬶗	2026-06-28	# SIP plane (no glyph)
lao	𮀤	2026-06-28	# SIP plane (no glyph)
lao	𰦷	2026-06-28	# SIP plane (no glyph)
lao	𰺛	2026-06-28	# SIP plane (no glyph)
lao	𰼋	2026-06-28	# SIP plane (no glyph)
lao	𱉦	2026-06-28	# SIP plane (no glyph)
lao	𱏱	2026-06-28	# SIP plane (no glyph)
lao	𱸇	2026-06-28	# SIP plane (no glyph)
lao	𲄚	2026-06-28	# SIP plane (no glyph)
le	𡃖	2026-06-28	# SIP plane (no glyph)
le	𣂒	2026-06-28	# SIP plane (no glyph)
le	𤟓	2026-06-28	# SIP plane (no glyph)
le	𤨙	2026-06-28	# SIP plane (no glyph)
le	𥖪	2026-06-28	# SIP plane (no glyph)
le	𩐾	2026-06-28	# SIP plane (no glyph)
le	𮲃	2026-06-28	# SIP plane (no glyph)
le	𱛔	2026-06-28	# SIP plane (no glyph)
lei	𠱤	2026-06-28	# SIP plane (no glyph)
lei	𡈶	2026-06-28	# SIP plane (no glyph)
lei	𡔇	2026-06-28	# SIP plane (no glyph)
lei	𡚗	2026-06-28	# SIP plane (no glyph)
lei	𡰠	2026-06-28	# SIP plane (no glyph)
lei	𡻭	2026-06-28	# SIP plane (no glyph)
lei	𡻱	2026-06-28	# SIP plane (no glyph)
lei	𡼊	2026-06-28	# SIP plane (no glyph)
lei	𡾋	2026-06-28	# SIP plane (no glyph)
lei	𡾖	2026-06-28	# SIP plane (no glyph)
lei	𡿉	2026-06-28	# SIP plane (no glyph)
lei	𡿛	2026-06-28	# SIP plane (no glyph)
lei	𢴱	2026-06-28	# SIP plane (no glyph)
lei	𢹮	2026-06-28	# SIP plane (no glyph)
lei	𣀀	2026-06-28	# SIP plane (no glyph)
lei	𣀜	2026-06-28	# SIP plane (no glyph)
lei	𣚎	2026-06-28	# SIP plane (no glyph)
lei	𣠠	2026-06-28	# SIP plane (no glyph)
lei	𣡧	2026-06-28	# SIP plane (no glyph)
lei	𣡺	2026-06-28	# SIP plane (no glyph)
lei	𣨅	2026-06-28	# SIP plane (no glyph)
lei	𤃻	2026-06-28	# SIP plane (no glyph)
lei	𤜖	2026-06-28	# SIP plane (no glyph)
lei	𤡂	2026-06-28	# SIP plane (no glyph)
lei	𤢹	2026-06-28	# SIP plane (no glyph)
lei	𤮎	2026-06-28	# SIP plane (no glyph)
lei	𤮚	2026-06-28	# SIP plane (no glyph)
lei	𤮸	2026-06-28	# SIP plane (no glyph)
lei	𤳳	2026-06-28	# SIP plane (no glyph)
lei	𤳴	2026-06-28	# SIP plane (no glyph)
lei	𤼘	2026-06-28	# SIP plane (no glyph)
lei	𥅦	2026-06-28	# SIP plane (no glyph)
lei	𥍔	2026-06-28	# SIP plane (no glyph)
lei	𥑶	2026-06-28	# SIP plane (no glyph)
lei	𥗬	2026-06-28	# SIP plane (no glyph)
lei	𥗶	2026-06-28	# SIP plane (no glyph)
lei	𥣬	2026-06-28	# SIP plane (no glyph)
lei	𥤐	2026-06-28	# SIP plane (no glyph)
lei	𦇄	2026-06-28	# SIP plane (no glyph)
lei	𦓥	2026-06-28	# SIP plane (no glyph)
lei	𦢏	2026-06-28	# SIP plane (no glyph)
lei	𦣄	2026-06-28	# SIP plane (no glyph)
lei	𧒜	2026-06-28	# SIP plane (no glyph)
lei	𧒽	2026-06-28	# SIP plane (no glyph)
lei	𧞭	2026-06-28	# SIP plane (no glyph)
lei	𨀤	2026-06-28	# SIP plane (no glyph)
lei	𨄱	2026-06-28	# SIP plane (no glyph)
lei	𨊚	2026-06-28	# SIP plane (no glyph)
lei	𨞽	2026-06-28	# SIP plane (no glyph)
lei	𨶺	2026-06-28	# SIP plane (no glyph)
lei	𨻌	2026-06-28	# SIP plane (no glyph)
lei	𩔗	2026-06-28	# SIP plane (no glyph)
lei	𩛝	2026-06-28	# SIP plane (no glyph)
lei	𩴻	2026-06-28	# SIP plane (no glyph)
lei	𩵓	2026-06-28	# SIP plane (no glyph)
lei	𪑯	2026-06-28	# SIP plane (no glyph)
lei	𫐙	2026-06-28	# SIP plane (no glyph)
lei	𬭜	2026-06-28	# SIP plane (no glyph)
lei	𬱜	2026-06-28	# SIP plane (no glyph)
lei	𰲒	2026-06-28	# SIP plane (no glyph)
lei	𰿄	2026-06-28	# SIP plane (no glyph)
lei	𰿉	2026-06-28	# SIP plane (no glyph)
lei	𱂧	2026-06-28	# SIP plane (no glyph)
lei	𱊳	2026-06-28	# SIP plane (no glyph)
lei	𱕰	2026-06-28	# SIP plane (no glyph)
lei	𱰥	2026-06-28	# SIP plane (no glyph)
leng	𥈮	2026-06-28	# SIP plane (no glyph)
leng	𦼊	2026-06-28	# SIP plane (no glyph)
leng	𧼔	2026-06-28	# SIP plane (no glyph)
leng	𨈓	2026-06-28	# SIP plane (no glyph)
leng	𩩡	2026-06-28	# SIP plane (no glyph)
li	𠌯	2026-06-28	# SIP plane (no glyph)
li	𠘞	2026-06-28	# SIP plane (no glyph)
li	𠘟	2026-06-28	# SIP plane (no glyph)
li	𠚄	2026-06-28	# SIP plane (no glyph)
li	𠛘	2026-06-28	# SIP plane (no glyph)
li	𠛦	2026-06-28	# SIP plane (no glyph)
li	𠝄	2026-06-28	# SIP plane (no glyph)
li	𠞉	2026-06-28	# SIP plane (no glyph)
li	𠞙	2026-06-28	# SIP plane (no glyph)
li	𠞤	2026-06-28	# SIP plane (no glyph)
li	𠠏	2026-06-28	# SIP plane (no glyph)
li	𠠝	2026-06-28	# SIP plane (no glyph)
li	𠠵	2026-06-28	# SIP plane (no glyph)
li	𠢠	2026-06-28	# SIP plane (no glyph)
li	𠩵	2026-06-28	# SIP plane (no glyph)
li	𠪄	2026-06-28	# SIP plane (no glyph)
li	𠪺	2026-06-28	# SIP plane (no glyph)
li	𠫌	2026-06-28	# SIP plane (no glyph)
li	𠭰	2026-06-28	# SIP plane (no glyph)
li	𠻗	2026-06-28	# SIP plane (no glyph)
li	𠼝	2026-06-28	# SIP plane (no glyph)
li	𠾆	2026-06-28	# SIP plane (no glyph)
li	𡃷	2026-06-28	# SIP plane (no glyph)
li	𡆯	2026-06-28	# SIP plane (no glyph)
li	𡤌	2026-06-28	# SIP plane (no glyph)
li	𡥽	2026-06-28	# SIP plane (no glyph)
li	𡫯	2026-06-28	# SIP plane (no glyph)
li	𡮰	2026-06-28	# SIP plane (no glyph)
li	𡯄	2026-06-28	# SIP plane (no glyph)
li	𡳸	2026-06-28	# SIP plane (no glyph)
li	𡸉	2026-06-28	# SIP plane (no glyph)
li	𡾒	2026-06-28	# SIP plane (no glyph)
li	𡿋	2026-06-28	# SIP plane (no glyph)
li	𡿎	2026-06-28	# SIP plane (no glyph)
li	𢄡	2026-06-28	# SIP plane (no glyph)
li	𢌈	2026-06-28	# SIP plane (no glyph)
li	𢍼	2026-06-28	# SIP plane (no glyph)
li	𢏃	2026-06-28	# SIP plane (no glyph)
li	𢛮	2026-06-28	# SIP plane (no glyph)
li	𢟢	2026-06-28	# SIP plane (no glyph)
li	𢟤	2026-06-28	# SIP plane (no glyph)
li	𢡑	2026-06-28	# SIP plane (no glyph)
li	𢤂	2026-06-28	# SIP plane (no glyph)
li	𢤆	2026-06-28	# SIP plane (no glyph)
li	𢤩	2026-06-28	# SIP plane (no glyph)
li	𢨨	2026-06-28	# SIP plane (no glyph)
li	𢩑	2026-06-28	# SIP plane (no glyph)
li	𢮃	2026-06-28	# SIP plane (no glyph)
li	𢸀	2026-06-28	# SIP plane (no glyph)
li	𢻠	2026-06-28	# SIP plane (no glyph)
li	𣀂	2026-06-28	# SIP plane (no glyph)
li	𣀥	2026-06-28	# SIP plane (no glyph)
li	𣀷	2026-06-28	# SIP plane (no glyph)
li	𣁟	2026-06-28	# SIP plane (no glyph)
li	𣌅	2026-06-28	# SIP plane (no glyph)
li	𣌜	2026-06-28	# SIP plane (no glyph)
li	𣐬	2026-06-28	# SIP plane (no glyph)
li	𣘬	2026-06-28	# SIP plane (no glyph)
li	𣞴	2026-06-28	# SIP plane (no glyph)
li	𣟌	2026-06-28	# SIP plane (no glyph)
li	𣦯	2026-06-28	# SIP plane (no glyph)
li	𣧿	2026-06-28	# SIP plane (no glyph)
li	𣫥	2026-06-28	# SIP plane (no glyph)
li	𣫧	2026-06-28	# SIP plane (no glyph)
li	𣮉	2026-06-28	# SIP plane (no glyph)
li	𣯤	2026-06-28	# SIP plane (no glyph)
li	𣲒	2026-06-28	# SIP plane (no glyph)
li	𣿞	2026-06-28	# SIP plane (no glyph)
li	𤁼	2026-06-28	# SIP plane (no glyph)
li	𤃀	2026-06-28	# SIP plane (no glyph)
li	𤄽	2026-06-28	# SIP plane (no glyph)
li	𤇃	2026-06-28	# SIP plane (no glyph)
li	𤔨	2026-06-28	# SIP plane (no glyph)
li	𤖢	2026-06-28	# SIP plane (no glyph)
li	𤗫	2026-06-28	# SIP plane (no glyph)
li	𤘃	2026-06-28	# SIP plane (no glyph)
li	𤚓	2026-06-28	# SIP plane (no glyph)
li	𤜜	2026-06-28	# SIP plane (no glyph)
li	𤟑	2026-06-28	# SIP plane (no glyph)
li	𤠫	2026-06-28	# SIP plane (no glyph)
li	𤡿	2026-06-28	# SIP plane (no glyph)
li	𤩮	2026-06-28	# SIP plane (no glyph)
li	𤭜	2026-06-28	# SIP plane (no glyph)
li	𤳓	2026-06-28	# SIP plane (no glyph)
li	𤹇	2026-06-28	# SIP plane (no glyph)
li	𤹈	2026-06-28	# SIP plane (no glyph)
li	𤻤	2026-06-28	# SIP plane (no glyph)
li	𤼚	2026-06-28	# SIP plane (no glyph)
li	𥁟	2026-06-28	# SIP plane (no glyph)
li	𥉆	2026-06-28	# SIP plane (no glyph)
li	𥊈	2026-06-28	# SIP plane (no glyph)
li	𥌛	2026-06-28	# SIP plane (no glyph)
li	𥌤	2026-06-28	# SIP plane (no glyph)
li	𥌮	2026-06-28	# SIP plane (no glyph)
li	𥌿	2026-06-28	# SIP plane (no glyph)
li	𥎓	2026-06-28	# SIP plane (no glyph)
li	𥎔	2026-06-28	# SIP plane (no glyph)
li	𥓃	2026-06-28	# SIP plane (no glyph)
li	𥝢	2026-06-28	# SIP plane (no glyph)
li	𥠲	2026-06-28	# SIP plane (no glyph)
li	𥣥	2026-06-28	# SIP plane (no glyph)
li	𥨻	2026-06-28	# SIP plane (no glyph)
li	𥬭	2026-06-28	# SIP plane (no glyph)
li	𥲧	2026-06-28	# SIP plane (no glyph)
li	𥲪	2026-06-28	# SIP plane (no glyph)
li	𥴡	2026-06-28	# SIP plane (no glyph)
li	𥶗	2026-06-28	# SIP plane (no glyph)
li	𥷅	2026-06-28	# SIP plane (no glyph)
li	𥷗	2026-06-28	# SIP plane (no glyph)
li	𥻿	2026-06-28	# SIP plane (no glyph)
li	𥼅	2026-06-28	# SIP plane (no glyph)
li	𥽗	2026-06-28	# SIP plane (no glyph)
li	𦃇	2026-06-28	# SIP plane (no glyph)
li	𦃊	2026-06-28	# SIP plane (no glyph)
li	𦅺	2026-06-28	# SIP plane (no glyph)
li	𦇔	2026-06-28	# SIP plane (no glyph)
li	𦍠	2026-06-28	# SIP plane (no glyph)
li	𦎐	2026-06-28	# SIP plane (no glyph)
li	𦔓	2026-06-28	# SIP plane (no glyph)
li	𦕸	2026-06-28	# SIP plane (no glyph)
li	𦘊	2026-06-28	# SIP plane (no glyph)
li	𦜏	2026-06-28	# SIP plane (no glyph)
li	𦠓	2026-06-28	# SIP plane (no glyph)
li	𦢱	2026-06-28	# SIP plane (no glyph)
li	𦪶	2026-06-28	# SIP plane (no glyph)
li	𦪾	2026-06-28	# SIP plane (no glyph)
li	𦫈	2026-06-28	# SIP plane (no glyph)
li	𦺙	2026-06-28	# SIP plane (no glyph)
li	𧄚	2026-06-28	# SIP plane (no glyph)
li	𧄻	2026-06-28	# SIP plane (no glyph)
li	𧅮	2026-06-28	# SIP plane (no glyph)
li	𧅯	2026-06-28	# SIP plane (no glyph)
li	𧉲	2026-06-28	# SIP plane (no glyph)
li	𧋎	2026-06-28	# SIP plane (no glyph)
li	𧋠	2026-06-28	# SIP plane (no glyph)
li	𧑇	2026-06-28	# SIP plane (no glyph)
li	𧒈	2026-06-28	# SIP plane (no glyph)
li	𧓽	2026-06-28	# SIP plane (no glyph)
li	𧔝	2026-06-28	# SIP plane (no glyph)
li	𧕮	2026-06-28	# SIP plane (no glyph)
li	𧕯	2026-06-28	# SIP plane (no glyph)
li	𧘫	2026-06-28	# SIP plane (no glyph)
li	𧙉	2026-06-28	# SIP plane (no glyph)
li	𧚩	2026-06-28	# SIP plane (no glyph)
li	𧢝	2026-06-28	# SIP plane (no glyph)
li	𧥖	2026-06-28	# SIP plane (no glyph)
li	𧧋	2026-06-28	# SIP plane (no glyph)
li	𧫬	2026-06-28	# SIP plane (no glyph)
li	𧮛	2026-06-28	# SIP plane (no glyph)
li	𧯏	2026-06-28	# SIP plane (no glyph)
li	𧰡	2026-06-28	# SIP plane (no glyph)
li	𧲡	2026-06-28	# SIP plane (no glyph)
li	𧴠	2026-06-28	# SIP plane (no glyph)
li	𧽲	2026-06-28	# SIP plane (no glyph)
li	𨃙	2026-06-28	# SIP plane (no glyph)
li	𨄛	2026-06-28	# SIP plane (no glyph)
li	𨇎	2026-06-28	# SIP plane (no glyph)
li	𨇗	2026-06-28	# SIP plane (no glyph)
li	𨊛	2026-06-28	# SIP plane (no glyph)
li	𨍫	2026-06-28	# SIP plane (no glyph)
li	𨏬	2026-06-28	# SIP plane (no glyph)
li	𨓦	2026-06-28	# SIP plane (no glyph)
li	𨘸	2026-06-28	# SIP plane (no glyph)
li	𨛋	2026-06-28	# SIP plane (no glyph)
li	𨛫	2026-06-28	# SIP plane (no glyph)
li	𨜼	2026-06-28	# SIP plane (no glyph)
li	𨝏	2026-06-28	# SIP plane (no glyph)
li	𨝖	2026-06-28	# SIP plane (no glyph)
li	𨝟	2026-06-28	# SIP plane (no glyph)
li	𨞺	2026-06-28	# SIP plane (no glyph)
li	𨟑	2026-06-28	# SIP plane (no glyph)
li	𨢌	2026-06-28	# SIP plane (no glyph)
li	𨤫	2026-06-28	# SIP plane (no glyph)
li	𨪹	2026-06-28	# SIP plane (no glyph)
li	𨬑	2026-06-28	# SIP plane (no glyph)
li	𨯽	2026-06-28	# SIP plane (no glyph)
li	𨴻	2026-06-28	# SIP plane (no glyph)
li	𨷦	2026-06-28	# SIP plane (no glyph)
li	𨽻	2026-06-28	# SIP plane (no glyph)
li	𩁟	2026-06-28	# SIP plane (no glyph)
li	𩄞	2026-06-28	# SIP plane (no glyph)
li	𩅩	2026-06-28	# SIP plane (no glyph)
li	𩆝	2026-06-28	# SIP plane (no glyph)
li	𩆲	2026-06-28	# SIP plane (no glyph)
li	𩗅	2026-06-28	# SIP plane (no glyph)
li	𩗭	2026-06-28	# SIP plane (no glyph)
li	𩘟	2026-06-28	# SIP plane (no glyph)
li	𩘡	2026-06-28	# SIP plane (no glyph)
li	𩙖	2026-06-28	# SIP plane (no glyph)
li	𩞨	2026-06-28	# SIP plane (no glyph)
li	𩣫	2026-06-28	# SIP plane (no glyph)
li	𩥬	2026-06-28	# SIP plane (no glyph)
li	𩥴	2026-06-28	# SIP plane (no glyph)
li	𩧃	2026-06-28	# SIP plane (no glyph)
li	𩧋	2026-06-28	# SIP plane (no glyph)
li	𩧸	2026-06-28	# SIP plane (no glyph)
li	𩪸	2026-06-28	# SIP plane (no glyph)
li	𩭇	2026-06-28	# SIP plane (no glyph)
li	𩯺	2026-06-28	# SIP plane (no glyph)
li	𩰲	2026-06-28	# SIP plane (no glyph)
li	𩱇	2026-06-28	# SIP plane (no glyph)
li	𩳓	2026-06-28	# SIP plane (no glyph)
li	𩴣	2026-06-28	# SIP plane (no glyph)
li	𩶘	2026-06-28	# SIP plane (no glyph)
li	𩷋	2026-06-28	# SIP plane (no glyph)
li	𩻌	2026-06-28	# SIP plane (no glyph)
li	𩽏	2026-06-28	# SIP plane (no glyph)
li	𩽵	2026-06-28	# SIP plane (no glyph)
li	𪁐	2026-06-28	# SIP plane (no glyph)
li	𪅆	2026-06-28	# SIP plane (no glyph)
li	𪅼	2026-06-28	# SIP plane (no glyph)
li	𪌱	2026-06-28	# SIP plane (no glyph)
li	𪏼	2026-06-28	# SIP plane (no glyph)
li	𪐅	2026-06-28	# SIP plane (no glyph)
li	𪒔	2026-06-28	# SIP plane (no glyph)
li	𪓀	2026-06-28	# SIP plane (no glyph)
li	𪕴	2026-06-28	# SIP plane (no glyph)
li	𪖂	2026-06-28	# SIP plane (no glyph)
li	𪖍	2026-06-28	# SIP plane (no glyph)
li	𪗁	2026-06-28	# SIP plane (no glyph)
li	𪙺	2026-06-28	# SIP plane (no glyph)
li	𪙽	2026-06-28	# SIP plane (no glyph)
li	𪫡	2026-06-28	# SIP plane (no glyph)
li	𪲔	2026-06-28	# SIP plane (no glyph)
li	𪵱	2026-06-28	# SIP plane (no glyph)
li	𫁡	2026-06-28	# SIP plane (no glyph)
li	𫄥	2026-06-28	# SIP plane (no glyph)
li	𫄫	2026-06-28	# SIP plane (no glyph)
li	𫎱	2026-06-28	# SIP plane (no glyph)
li	𫚞	2026-06-28	# SIP plane (no glyph)
li	𫛽	2026-06-28	# SIP plane (no glyph)
li	𫟫	2026-06-28	# SIP plane (no glyph)
li	𫟷	2026-06-28	# SIP plane (no glyph)
li	𫥳	2026-06-28	# SIP plane (no glyph)
li	𫥵	2026-06-28	# SIP plane (no glyph)
li	𫪃	2026-06-28	# SIP plane (no glyph)
li	𫵷	2026-06-28	# SIP plane (no glyph)
li	𫾲	2026-06-28	# SIP plane (no glyph)
li	𬍛	2026-06-28	# SIP plane (no glyph)
li	𬦣	2026-06-28	# SIP plane (no glyph)
li	𬸎	2026-06-28	# SIP plane (no glyph)
li	𭀖	2026-06-28	# SIP plane (no glyph)
li	𭤎	2026-06-28	# SIP plane (no glyph)
li	𮯸	2026-06-28	# SIP plane (no glyph)
li	𮷨	2026-06-28	# SIP plane (no glyph)
li	𰓬	2026-06-28	# SIP plane (no glyph)
li	𰖩	2026-06-28	# SIP plane (no glyph)
li	𰤕	2026-06-28	# SIP plane (no glyph)
li	𰦦	2026-06-28	# SIP plane (no glyph)
li	𰴗	2026-06-28	# SIP plane (no glyph)
li	𰴢	2026-06-28	# SIP plane (no glyph)
li	𰷴	2026-06-28	# SIP plane (no glyph)
li	𰽝	2026-06-28	# SIP plane (no glyph)
li	𱃚	2026-06-28	# SIP plane (no glyph)
li	𱊃	2026-06-28	# SIP plane (no glyph)
lian	𠋖	2026-06-28	# SIP plane (no glyph)
lian	𠒵	2026-06-28	# SIP plane (no glyph)
lian	𠔨	2026-06-28	# SIP plane (no glyph)
lian	𠗳	2026-06-28	# SIP plane (no glyph)
lian	𡆕	2026-06-28	# SIP plane (no glyph)
lian	𡟤	2026-06-28	# SIP plane (no glyph)
lian	𢅏	2026-06-28	# SIP plane (no glyph)
lian	𢅖	2026-06-28	# SIP plane (no glyph)
lian	𣀃	2026-06-28	# SIP plane (no glyph)
lian	𣝈	2026-06-28	# SIP plane (no glyph)
lian	𣞰	2026-06-28	# SIP plane (no glyph)
lian	𣟺	2026-06-28	# SIP plane (no glyph)
lian	𣾍	2026-06-28	# SIP plane (no glyph)
lian	𣿊	2026-06-28	# SIP plane (no glyph)
lian	𤑿	2026-06-28	# SIP plane (no glyph)
lian	𤒦	2026-06-28	# SIP plane (no glyph)
lian	𤗛	2026-06-28	# SIP plane (no glyph)
lian	𤣆	2026-06-28	# SIP plane (no glyph)
lian	𤬓	2026-06-28	# SIP plane (no glyph)
lian	𤹨	2026-06-28	# SIP plane (no glyph)
lian	𤼏	2026-06-28	# SIP plane (no glyph)
lian	𤾲	2026-06-28	# SIP plane (no glyph)
lian	𥖝	2026-06-28	# SIP plane (no glyph)
lian	𥲥	2026-06-28	# SIP plane (no glyph)
lian	𥽸	2026-06-28	# SIP plane (no glyph)
lian	𦆆	2026-06-28	# SIP plane (no glyph)
lian	𦈐	2026-06-28	# SIP plane (no glyph)
lian	𦔖	2026-06-28	# SIP plane (no glyph)
lian	𦖾	2026-06-28	# SIP plane (no glyph)
lian	𦣸	2026-06-28	# SIP plane (no glyph)
lian	𧍴	2026-06-28	# SIP plane (no glyph)
lian	𧐖	2026-06-28	# SIP plane (no glyph)
lian	𧡙	2026-06-28	# SIP plane (no glyph)
lian	𧡴	2026-06-28	# SIP plane (no glyph)
lian	𧸘	2026-06-28	# SIP plane (no glyph)
lian	𧽫	2026-06-28	# SIP plane (no glyph)
lian	𨎷	2026-06-28	# SIP plane (no glyph)
lian	𨏩	2026-06-28	# SIP plane (no glyph)
lian	𨏶	2026-06-28	# SIP plane (no glyph)
lian	𨬁	2026-06-28	# SIP plane (no glyph)
lian	𨽷	2026-06-28	# SIP plane (no glyph)
lian	𩄡	2026-06-28	# SIP plane (no glyph)
lian	𩞙	2026-06-28	# SIP plane (no glyph)
lian	𩟅	2026-06-28	# SIP plane (no glyph)
lian	𪍦	2026-06-28	# SIP plane (no glyph)
lian	𪍴	2026-06-28	# SIP plane (no glyph)
lian	𪐋	2026-06-28	# SIP plane (no glyph)
lian	𪐍	2026-06-28	# SIP plane (no glyph)
lian	𪖳	2026-06-28	# SIP plane (no glyph)
lian	𪚁	2026-06-28	# SIP plane (no glyph)
lian	𪛒	2026-06-28	# SIP plane (no glyph)
lian	𫅼	2026-06-28	# SIP plane (no glyph)
lian	𫌫	2026-06-28	# SIP plane (no glyph)
lian	𫎨	2026-06-28	# SIP plane (no glyph)
lian	𫔀	2026-06-28	# SIP plane (no glyph)
lian	𫗱	2026-06-28	# SIP plane (no glyph)
lian	𫢪	2026-06-28	# SIP plane (no glyph)
lian	𫽁	2026-06-28	# SIP plane (no glyph)
lian	𬋃	2026-06-28	# SIP plane (no glyph)
lian	𬘪	2026-06-28	# SIP plane (no glyph)
lian	𬣽	2026-06-28	# SIP plane (no glyph)
lian	𬶠	2026-06-28	# SIP plane (no glyph)
lian	𮱇	2026-06-28	# SIP plane (no glyph)
lian	𮸀	2026-06-28	# SIP plane (no glyph)
lian	𰛲	2026-06-28	# SIP plane (no glyph)
lian	𰬾	2026-06-28	# SIP plane (no glyph)
lian	𰸔	2026-06-28	# SIP plane (no glyph)
lian	𰾮	2026-06-28	# SIP plane (no glyph)
lian	𱋬	2026-06-28	# SIP plane (no glyph)
lian	𱘉	2026-06-28	# SIP plane (no glyph)
lian	𱧚	2026-06-28	# SIP plane (no glyph)
lian	𱬏	2026-06-28	# SIP plane (no glyph)
liang	𠓜	2026-06-28	# SIP plane (no glyph)
liang	𠯱	2026-06-28	# SIP plane (no glyph)
liang	𡑆	2026-06-28	# SIP plane (no glyph)
liang	𡮎	2026-06-28	# SIP plane (no glyph)
liang	𣄴	2026-06-28	# SIP plane (no glyph)
liang	𣓈	2026-06-28	# SIP plane (no glyph)
liang	𤙝	2026-06-28	# SIP plane (no glyph)
liang	𥈘	2026-06-28	# SIP plane (no glyph)
liang	𥛫	2026-06-28	# SIP plane (no glyph)
liang	𨄈	2026-06-28	# SIP plane (no glyph)
liang	𨎛	2026-06-28	# SIP plane (no glyph)
liang	𨱉	2026-06-28	# SIP plane (no glyph)
liang	𨵶	2026-06-28	# SIP plane (no glyph)
liang	𩗾	2026-06-28	# SIP plane (no glyph)
liang	𩘁	2026-06-28	# SIP plane (no glyph)
liang	𩞯	2026-06-28	# SIP plane (no glyph)
liang	𩷕	2026-06-28	# SIP plane (no glyph)
liang	𪭵	2026-06-28	# SIP plane (no glyph)
liang	𫟅	2026-06-28	# SIP plane (no glyph)
liang	𫦩	2026-06-28	# SIP plane (no glyph)
liang	𬜯	2026-06-28	# SIP plane (no glyph)
liang	𬰥	2026-06-28	# SIP plane (no glyph)
liang	𬴀	2026-06-28	# SIP plane (no glyph)
liang	𮉧	2026-06-28	# SIP plane (no glyph)
liang	𮔊	2026-06-28	# SIP plane (no glyph)
liang	𮖁	2026-06-28	# SIP plane (no glyph)
liang	𱜬	2026-06-28	# SIP plane (no glyph)
liao	𠐋	2026-06-28	# SIP plane (no glyph)
liao	𠖂	2026-06-28	# SIP plane (no glyph)
liao	𠨥	2026-06-28	# SIP plane (no glyph)
liao	𡻪	2026-06-28	# SIP plane (no glyph)
liao	𢄷	2026-06-28	# SIP plane (no glyph)
liao	𢊻	2026-06-28	# SIP plane (no glyph)
liao	𢨺	2026-06-28	# SIP plane (no glyph)
liao	𢸘	2026-06-28	# SIP plane (no glyph)
liao	𢻢	2026-06-28	# SIP plane (no glyph)
liao	𢼙	2026-06-28	# SIP plane (no glyph)
liao	𢿞	2026-06-28	# SIP plane (no glyph)
liao	𣁰	2026-06-28	# SIP plane (no glyph)
liao	𣎸	2026-06-28	# SIP plane (no glyph)
liao	𣟆	2026-06-28	# SIP plane (no glyph)
liao	𣩢	2026-06-28	# SIP plane (no glyph)
liao	𤊽	2026-06-28	# SIP plane (no glyph)
liao	𤑗	2026-06-28	# SIP plane (no glyph)
liao	𤵠	2026-06-28	# SIP plane (no glyph)
liao	𥗀	2026-06-28	# SIP plane (no glyph)
liao	𥛰	2026-06-28	# SIP plane (no glyph)
liao	𥲊	2026-06-28	# SIP plane (no glyph)
liao	𦌒	2026-06-28	# SIP plane (no glyph)
liao	𦕵	2026-06-28	# SIP plane (no glyph)
liao	𦗖	2026-06-28	# SIP plane (no glyph)
liao	𦪕	2026-06-28	# SIP plane (no glyph)
liao	𦺹	2026-06-28	# SIP plane (no glyph)
liao	𧂏	2026-06-28	# SIP plane (no glyph)
liao	𧘈	2026-06-28	# SIP plane (no glyph)
liao	𧝜	2026-06-28	# SIP plane (no glyph)
liao	𧡜	2026-06-28	# SIP plane (no glyph)
liao	𧽽	2026-06-28	# SIP plane (no glyph)
liao	𨖚	2026-06-28	# SIP plane (no glyph)
liao	𨣀	2026-06-28	# SIP plane (no glyph)
liao	𩕐	2026-06-28	# SIP plane (no glyph)
liao	𩖝	2026-06-28	# SIP plane (no glyph)
liao	𩯊	2026-06-28	# SIP plane (no glyph)
liao	𩴤	2026-06-28	# SIP plane (no glyph)
liao	𪌀	2026-06-28	# SIP plane (no glyph)
liao	𪌵	2026-06-28	# SIP plane (no glyph)
liao	𪖷	2026-06-28	# SIP plane (no glyph)
liao	𪤗	2026-06-28	# SIP plane (no glyph)
liao	𬤟	2026-06-28	# SIP plane (no glyph)
liao	𬲅	2026-06-28	# SIP plane (no glyph)
lie	𠛱	2026-06-28	# SIP plane (no glyph)
lie	𠠗	2026-06-28	# SIP plane (no glyph)
lie	𡁓	2026-06-28	# SIP plane (no glyph)
lie	𡂏	2026-06-28	# SIP plane (no glyph)
lie	𡂩	2026-06-28	# SIP plane (no glyph)
lie	𡊻	2026-06-28	# SIP plane (no glyph)
lie	𡏵	2026-06-28	# SIP plane (no glyph)
lie	𡒏	2026-06-28	# SIP plane (no glyph)
lie	𡓍	2026-06-28	# SIP plane (no glyph)
lie	𡭣	2026-06-28	# SIP plane (no glyph)
lie	𡿩	2026-06-28	# SIP plane (no glyph)
lie	𢣓	2026-06-28	# SIP plane (no glyph)
lie	𣁷	2026-06-28	# SIP plane (no glyph)
lie	𣁻	2026-06-28	# SIP plane (no glyph)
lie	𣋲	2026-06-28	# SIP plane (no glyph)
lie	𣖊	2026-06-28	# SIP plane (no glyph)
lie	𣝚	2026-06-28	# SIP plane (no glyph)
lie	𣰌	2026-06-28	# SIP plane (no glyph)
lie	𤁯	2026-06-28	# SIP plane (no glyph)
lie	𤐱	2026-06-28	# SIP plane (no glyph)
lie	𤓿	2026-06-28	# SIP plane (no glyph)
lie	𤖺	2026-06-28	# SIP plane (no glyph)
lie	𤜓	2026-06-28	# SIP plane (no glyph)
lie	𤞊	2026-06-28	# SIP plane (no glyph)
lie	𤡕	2026-06-28	# SIP plane (no glyph)
lie	𤢪	2026-06-28	# SIP plane (no glyph)
lie	𤱃	2026-06-28	# SIP plane (no glyph)
lie	𤱛	2026-06-28	# SIP plane (no glyph)
lie	𥩺	2026-06-28	# SIP plane (no glyph)
lie	𥪂	2026-06-28	# SIP plane (no glyph)
lie	𥲁	2026-06-28	# SIP plane (no glyph)
lie	𥶢	2026-06-28	# SIP plane (no glyph)
lie	𥷨	2026-06-28	# SIP plane (no glyph)
lie	𥸸	2026-06-28	# SIP plane (no glyph)
lie	𦓤	2026-06-28	# SIP plane (no glyph)
lie	𦖩	2026-06-28	# SIP plane (no glyph)
lie	𦾳	2026-06-28	# SIP plane (no glyph)
lie	𧀨	2026-06-28	# SIP plane (no glyph)
lie	𧓐	2026-06-28	# SIP plane (no glyph)
lie	𧞕	2026-06-28	# SIP plane (no glyph)
lie	𧭌	2026-06-28	# SIP plane (no glyph)
lie	𧭞	2026-06-28	# SIP plane (no glyph)
lie	𧰠	2026-06-28	# SIP plane (no glyph)
lie	𨆍	2026-06-28	# SIP plane (no glyph)
lie	𨕜	2026-06-28	# SIP plane (no glyph)
lie	𨤤	2026-06-28	# SIP plane (no glyph)
lie	𩆣	2026-06-28	# SIP plane (no glyph)
lie	𩙑	2026-06-28	# SIP plane (no glyph)
lie	𩢾	2026-06-28	# SIP plane (no glyph)
lie	𩧆	2026-06-28	# SIP plane (no glyph)
lie	𩧮	2026-06-28	# SIP plane (no glyph)
lie	𩨐	2026-06-28	# SIP plane (no glyph)
lie	𩭌	2026-06-28	# SIP plane (no glyph)
lie	𩼭	2026-06-28	# SIP plane (no glyph)
lie	𫚓	2026-06-28	# SIP plane (no glyph)
lie	𫚭	2026-06-28	# SIP plane (no glyph)
lie	𰬃	2026-06-28	# SIP plane (no glyph)
lie	𱃘	2026-06-28	# SIP plane (no glyph)
lin	𠐼	2026-06-28	# SIP plane (no glyph)
lin	𠓮	2026-06-28	# SIP plane (no glyph)
lin	𡃦	2026-06-28	# SIP plane (no glyph)
lin	𡬜	2026-06-28	# SIP plane (no glyph)
lin	𡰚	2026-06-28	# SIP plane (no glyph)
lin	𡳞	2026-06-28	# SIP plane (no glyph)
lin	𡶱	2026-06-28	# SIP plane (no glyph)
lin	𡹇	2026-06-28	# SIP plane (no glyph)
lin	𡻫	2026-06-28	# SIP plane (no glyph)
lin	𡿠	2026-06-28	# SIP plane (no glyph)
lin	𣇰	2026-06-28	# SIP plane (no glyph)
lin	𤂶	2026-06-28	# SIP plane (no glyph)
lin	𤌎	2026-06-28	# SIP plane (no glyph)
lin	𤎭	2026-06-28	# SIP plane (no glyph)
lin	𤗷	2026-06-28	# SIP plane (no glyph)
lin	𥓆	2026-06-28	# SIP plane (no glyph)
lin	𥳞	2026-06-28	# SIP plane (no glyph)
lin	𥶒	2026-06-28	# SIP plane (no glyph)
lin	𥷖	2026-06-28	# SIP plane (no glyph)
lin	𥻋	2026-06-28	# SIP plane (no glyph)
lin	𥼭	2026-06-28	# SIP plane (no glyph)
lin	𦺸	2026-06-28	# SIP plane (no glyph)
lin	𧃮	2026-06-28	# SIP plane (no glyph)
lin	𧖔	2026-06-28	# SIP plane (no glyph)
lin	𧲂	2026-06-28	# SIP plane (no glyph)
lin	𧵧	2026-06-28	# SIP plane (no glyph)
lin	𧶆	2026-06-28	# SIP plane (no glyph)
lin	𧹩	2026-06-28	# SIP plane (no glyph)
lin	𨏨	2026-06-28	# SIP plane (no glyph)
lin	𨸻	2026-06-28	# SIP plane (no glyph)
lin	𩞻	2026-06-28	# SIP plane (no glyph)
lin	𩣖	2026-06-28	# SIP plane (no glyph)
lin	𩱬	2026-06-28	# SIP plane (no glyph)
lin	𩴠	2026-06-28	# SIP plane (no glyph)
lin	𩻜	2026-06-28	# SIP plane (no glyph)
lin	𪤚	2026-06-28	# SIP plane (no glyph)
lin	𫔴	2026-06-28	# SIP plane (no glyph)
lin	𬃲	2026-06-28	# SIP plane (no glyph)
lin	𬙈	2026-06-28	# SIP plane (no glyph)
lin	𬭸	2026-06-28	# SIP plane (no glyph)
lin	𬮟	2026-06-28	# SIP plane (no glyph)
lin	𬴊	2026-06-28	# SIP plane (no glyph)
lin	𰺣	2026-06-28	# SIP plane (no glyph)
ling	𠄖	2026-06-28	# SIP plane (no glyph)
ling	𠟨	2026-06-28	# SIP plane (no glyph)
ling	𠠢	2026-06-28	# SIP plane (no glyph)
ling	𠡭	2026-06-28	# SIP plane (no glyph)
ling	𠱠	2026-06-28	# SIP plane (no glyph)
ling	𠻠	2026-06-28	# SIP plane (no glyph)
ling	𠻱	2026-06-28	# SIP plane (no glyph)
ling	𠾥	2026-06-28	# SIP plane (no glyph)
ling	𡈍	2026-06-28	# SIP plane (no glyph)
ling	𡕮	2026-06-28	# SIP plane (no glyph)
ling	𡿡	2026-06-28	# SIP plane (no glyph)
ling	𢌔	2026-06-28	# SIP plane (no glyph)
ling	𢔁	2026-06-28	# SIP plane (no glyph)
ling	𢩗	2026-06-28	# SIP plane (no glyph)
ling	𢹝	2026-06-28	# SIP plane (no glyph)
ling	𢺰	2026-06-28	# SIP plane (no glyph)
ling	𣌟	2026-06-28	# SIP plane (no glyph)
ling	𣣋	2026-06-28	# SIP plane (no glyph)
ling	𣬹	2026-06-28	# SIP plane (no glyph)
ling	𤃩	2026-06-28	# SIP plane (no glyph)
ling	𤖦	2026-06-28	# SIP plane (no glyph)
ling	𤜙	2026-06-28	# SIP plane (no glyph)
ling	𤣘	2026-06-28	# SIP plane (no glyph)
ling	𤧘	2026-06-28	# SIP plane (no glyph)
ling	𤨻	2026-06-28	# SIP plane (no glyph)
ling	𤫩	2026-06-28	# SIP plane (no glyph)
ling	𤫲	2026-06-28	# SIP plane (no glyph)
ling	𤷖	2026-06-28	# SIP plane (no glyph)
ling	𤿅	2026-06-28	# SIP plane (no glyph)
ling	𥌼	2026-06-28	# SIP plane (no glyph)
ling	𥤜	2026-06-28	# SIP plane (no glyph)
ling	𥤞	2026-06-28	# SIP plane (no glyph)
ling	𥥋	2026-06-28	# SIP plane (no glyph)
ling	𥩔	2026-06-28	# SIP plane (no glyph)
ling	𥵝	2026-06-28	# SIP plane (no glyph)
ling	𥺙	2026-06-28	# SIP plane (no glyph)
ling	𥾂	2026-06-28	# SIP plane (no glyph)
ling	𦉢	2026-06-28	# SIP plane (no glyph)
ling	𦊓	2026-06-28	# SIP plane (no glyph)
ling	𦫃	2026-06-28	# SIP plane (no glyph)
ling	𦫊	2026-06-28	# SIP plane (no glyph)
ling	𧆺	2026-06-28	# SIP plane (no glyph)
ling	𧕅	2026-06-28	# SIP plane (no glyph)
ling	𧖜	2026-06-28	# SIP plane (no glyph)
ling	𧟙	2026-06-28	# SIP plane (no glyph)
ling	𧨈	2026-06-28	# SIP plane (no glyph)
ling	𧰻	2026-06-28	# SIP plane (no glyph)
ling	𧱢	2026-06-28	# SIP plane (no glyph)
ling	𧲙	2026-06-28	# SIP plane (no glyph)
ling	𧾇	2026-06-28	# SIP plane (no glyph)
ling	𧾮	2026-06-28	# SIP plane (no glyph)
ling	𨞎	2026-06-28	# SIP plane (no glyph)
ling	𨠎	2026-06-28	# SIP plane (no glyph)
ling	𨱋	2026-06-28	# SIP plane (no glyph)
ling	𨽲	2026-06-28	# SIP plane (no glyph)
ling	𩂙	2026-06-28	# SIP plane (no glyph)
ling	𩃞	2026-06-28	# SIP plane (no glyph)
ling	𩄊	2026-06-28	# SIP plane (no glyph)
ling	𩆒	2026-06-28	# SIP plane (no glyph)
ling	𩆚	2026-06-28	# SIP plane (no glyph)
ling	𩆮	2026-06-28	# SIP plane (no glyph)
ling	𩆻	2026-06-28	# SIP plane (no glyph)
ling	𩆼	2026-06-28	# SIP plane (no glyph)
ling	𩇄	2026-06-28	# SIP plane (no glyph)
ling	𩇎	2026-06-28	# SIP plane (no glyph)
ling	𩊂	2026-06-28	# SIP plane (no glyph)
ling	𩑊	2026-06-28	# SIP plane (no glyph)
ling	𩖊	2026-06-28	# SIP plane (no glyph)
ling	𩖵	2026-06-28	# SIP plane (no glyph)
ling	𩚹	2026-06-28	# SIP plane (no glyph)
ling	𩜁	2026-06-28	# SIP plane (no glyph)
ling	𩟃	2026-06-28	# SIP plane (no glyph)
ling	𩪥	2026-06-28	# SIP plane (no glyph)
ling	𩬔	2026-06-28	# SIP plane (no glyph)
ling	𩲩	2026-06-28	# SIP plane (no glyph)
ling	𩵀	2026-06-28	# SIP plane (no glyph)
ling	𪅋	2026-06-28	# SIP plane (no glyph)
ling	𪋳	2026-06-28	# SIP plane (no glyph)
ling	𪋾	2026-06-28	# SIP plane (no glyph)
ling	𪌏	2026-06-28	# SIP plane (no glyph)
ling	𪕌	2026-06-28	# SIP plane (no glyph)
ling	𪛈	2026-06-28	# SIP plane (no glyph)
ling	𫐉	2026-06-28	# SIP plane (no glyph)
ling	𫞠	2026-06-28	# SIP plane (no glyph)
ling	𫟑	2026-06-28	# SIP plane (no glyph)
ling	𫠂	2026-06-28	# SIP plane (no glyph)
ling	𬕬	2026-06-28	# SIP plane (no glyph)
ling	𭝋	2026-06-28	# SIP plane (no glyph)
ling	𮇤	2026-06-28	# SIP plane (no glyph)
ling	𰵚	2026-06-28	# SIP plane (no glyph)
ling	𰺊	2026-06-28	# SIP plane (no glyph)
ling	𱊪	2026-06-28	# SIP plane (no glyph)
ling	𱗟	2026-06-28	# SIP plane (no glyph)
ling	𱰮	2026-06-28	# SIP plane (no glyph)
liu	𠗽	2026-06-28	# SIP plane (no glyph)
liu	𠛓	2026-06-28	# SIP plane (no glyph)
liu	𠪐	2026-06-28	# SIP plane (no glyph)
liu	𠺕	2026-06-28	# SIP plane (no glyph)
liu	𢏭	2026-06-28	# SIP plane (no glyph)
liu	𢔲	2026-06-28	# SIP plane (no glyph)
liu	𢞭	2026-06-28	# SIP plane (no glyph)
liu	𢣠	2026-06-28	# SIP plane (no glyph)
liu	𢤐	2026-06-28	# SIP plane (no glyph)
liu	𢷶	2026-06-28	# SIP plane (no glyph)
liu	𣞗	2026-06-28	# SIP plane (no glyph)
liu	𣟑	2026-06-28	# SIP plane (no glyph)
liu	𣠚	2026-06-28	# SIP plane (no glyph)
liu	𣱳	2026-06-28	# SIP plane (no glyph)
liu	𤥗	2026-06-28	# SIP plane (no glyph)
liu	𤮷	2026-06-28	# SIP plane (no glyph)
liu	𥀓	2026-06-28	# SIP plane (no glyph)
liu	𥆦	2026-06-28	# SIP plane (no glyph)
liu	𥌐	2026-06-28	# SIP plane (no glyph)
liu	𥛅	2026-06-28	# SIP plane (no glyph)
liu	𥠷	2026-06-28	# SIP plane (no glyph)
liu	𥥹	2026-06-28	# SIP plane (no glyph)
liu	𥧕	2026-06-28	# SIP plane (no glyph)
liu	𥨌	2026-06-28	# SIP plane (no glyph)
liu	𥰣	2026-06-28	# SIP plane (no glyph)
liu	𥶅	2026-06-28	# SIP plane (no glyph)
liu	𥹷	2026-06-28	# SIP plane (no glyph)
liu	𦀠	2026-06-28	# SIP plane (no glyph)
liu	𦃓	2026-06-28	# SIP plane (no glyph)
liu	𦉉	2026-06-28	# SIP plane (no glyph)
liu	𦊑	2026-06-28	# SIP plane (no glyph)
liu	𦊗	2026-06-28	# SIP plane (no glyph)
liu	𦊿	2026-06-28	# SIP plane (no glyph)
liu	𦌁	2026-06-28	# SIP plane (no glyph)
liu	𦑾	2026-06-28	# SIP plane (no glyph)
liu	𧏓	2026-06-28	# SIP plane (no glyph)
liu	𧮗	2026-06-28	# SIP plane (no glyph)
liu	𨋖	2026-06-28	# SIP plane (no glyph)
liu	𨍸	2026-06-28	# SIP plane (no glyph)
liu	𨢇	2026-06-28	# SIP plane (no glyph)
liu	𨦰	2026-06-28	# SIP plane (no glyph)
liu	𨪕	2026-06-28	# SIP plane (no glyph)
liu	𨪿	2026-06-28	# SIP plane (no glyph)
liu	𨻧	2026-06-28	# SIP plane (no glyph)
liu	𩆎	2026-06-28	# SIP plane (no glyph)
liu	𩖴	2026-06-28	# SIP plane (no glyph)
liu	𩗩	2026-06-28	# SIP plane (no glyph)
liu	𩙄	2026-06-28	# SIP plane (no glyph)
liu	𩢞	2026-06-28	# SIP plane (no glyph)
liu	𪃂	2026-06-28	# SIP plane (no glyph)
liu	𪆱	2026-06-28	# SIP plane (no glyph)
liu	𪇯	2026-06-28	# SIP plane (no glyph)
liu	𪎣	2026-06-28	# SIP plane (no glyph)
liu	𫓮	2026-06-28	# SIP plane (no glyph)
liu	𭇯	2026-06-28	# SIP plane (no glyph)
liu	𮨵	2026-06-28	# SIP plane (no glyph)
liu	𮷻	2026-06-28	# SIP plane (no glyph)
liu	𰑙	2026-06-28	# SIP plane (no glyph)
liu	𰰹	2026-06-28	# SIP plane (no glyph)
liu	𱃙	2026-06-28	# SIP plane (no glyph)
liu	𱈊	2026-06-28	# SIP plane (no glyph)
long	𠮽	2026-06-28	# SIP plane (no glyph)
long	𠱚	2026-06-28	# SIP plane (no glyph)
long	𠾐	2026-06-28	# SIP plane (no glyph)
long	𡃡	2026-06-28	# SIP plane (no glyph)
long	𡬍	2026-06-28	# SIP plane (no glyph)
long	𡬕	2026-06-28	# SIP plane (no glyph)
long	𡱯	2026-06-28	# SIP plane (no glyph)
long	𢘙	2026-06-28	# SIP plane (no glyph)
long	𢙱	2026-06-28	# SIP plane (no glyph)
long	𢤱	2026-06-28	# SIP plane (no glyph)
long	𢤲	2026-06-28	# SIP plane (no glyph)
long	𢸭	2026-06-28	# SIP plane (no glyph)
long	𣫣	2026-06-28	# SIP plane (no glyph)
long	𤇭	2026-06-28	# SIP plane (no glyph)
long	𤵸	2026-06-28	# SIP plane (no glyph)
long	𤼃	2026-06-28	# SIP plane (no glyph)
long	𤾭	2026-06-28	# SIP plane (no glyph)
long	𥦌	2026-06-28	# SIP plane (no glyph)
long	𥪢	2026-06-28	# SIP plane (no glyph)
long	𥪻	2026-06-28	# SIP plane (no glyph)
long	𥬆	2026-06-28	# SIP plane (no glyph)
long	𥳌	2026-06-28	# SIP plane (no glyph)
long	𥸉	2026-06-28	# SIP plane (no glyph)
long	𦨩	2026-06-28	# SIP plane (no glyph)
long	𦪽	2026-06-28	# SIP plane (no glyph)
long	𧍰	2026-06-28	# SIP plane (no glyph)
long	𧙥	2026-06-28	# SIP plane (no glyph)
long	𧚂	2026-06-28	# SIP plane (no glyph)
long	𨀁	2026-06-28	# SIP plane (no glyph)
long	𨇘	2026-06-28	# SIP plane (no glyph)
long	𨏠	2026-06-28	# SIP plane (no glyph)
long	𨐇	2026-06-28	# SIP plane (no glyph)
long	𨛓	2026-06-28	# SIP plane (no glyph)
long	𨺚	2026-06-28	# SIP plane (no glyph)
long	𩂽	2026-06-28	# SIP plane (no glyph)
long	𩄺	2026-06-28	# SIP plane (no glyph)
long	𩙘	2026-06-28	# SIP plane (no glyph)
long	𩙠	2026-06-28	# SIP plane (no glyph)
long	𩟭	2026-06-28	# SIP plane (no glyph)
long	𩧪	2026-06-28	# SIP plane (no glyph)
long	𪐖	2026-06-28	# SIP plane (no glyph)
long	𪔳	2026-06-28	# SIP plane (no glyph)
long	𪔷	2026-06-28	# SIP plane (no glyph)
long	𪚑	2026-06-28	# SIP plane (no glyph)
long	𪚓	2026-06-28	# SIP plane (no glyph)
long	𪚘	2026-06-28	# SIP plane (no glyph)
long	𪚝	2026-06-28	# SIP plane (no glyph)
long	𪚠	2026-06-28	# SIP plane (no glyph)
long	𪫌	2026-06-28	# SIP plane (no glyph)
long	𫎦	2026-06-28	# SIP plane (no glyph)
long	𫖅	2026-06-28	# SIP plane (no glyph)
long	𫛟	2026-06-28	# SIP plane (no glyph)
long	𫜲	2026-06-28	# SIP plane (no glyph)
long	𫢒	2026-06-28	# SIP plane (no glyph)
long	𬕂	2026-06-28	# SIP plane (no glyph)
long	𬧢	2026-06-28	# SIP plane (no glyph)
long	𬺜	2026-06-28	# SIP plane (no glyph)
long	𰎎	2026-06-28	# SIP plane (no glyph)
long	𰦭	2026-06-28	# SIP plane (no glyph)
long	𰩅	2026-06-28	# SIP plane (no glyph)
long	𰭹	2026-06-28	# SIP plane (no glyph)
long	𰲴	2026-06-28	# SIP plane (no glyph)
long	𰳲	2026-06-28	# SIP plane (no glyph)
long	𰶑	2026-06-28	# SIP plane (no glyph)
long	𰽦	2026-06-28	# SIP plane (no glyph)
long	𱅅	2026-06-28	# SIP plane (no glyph)
long	𱛓	2026-06-28	# SIP plane (no glyph)
lou	𠖛	2026-06-28	# SIP plane (no glyph)
lou	𠗩	2026-06-28	# SIP plane (no glyph)
lou	𠞭	2026-06-28	# SIP plane (no glyph)
lou	𠳴	2026-06-28	# SIP plane (no glyph)
lou	𡇭	2026-06-28	# SIP plane (no glyph)
lou	𡗆	2026-06-28	# SIP plane (no glyph)
lou	𡪅	2026-06-28	# SIP plane (no glyph)
lou	𡰌	2026-06-28	# SIP plane (no glyph)
lou	𢈢	2026-06-28	# SIP plane (no glyph)
lou	𣤋	2026-06-28	# SIP plane (no glyph)
lou	𣫻	2026-06-28	# SIP plane (no glyph)
lou	𤋏	2026-06-28	# SIP plane (no glyph)
lou	𤠋	2026-06-28	# SIP plane (no glyph)
lou	𤬏	2026-06-28	# SIP plane (no glyph)
lou	𥕍	2026-06-28	# SIP plane (no glyph)
lou	𦎹	2026-06-28	# SIP plane (no glyph)
lou	𦸢	2026-06-28	# SIP plane (no glyph)
lou	𧁾	2026-06-28	# SIP plane (no glyph)
lou	𧢃	2026-06-28	# SIP plane (no glyph)
lou	𧫞	2026-06-28	# SIP plane (no glyph)
lou	𧯨	2026-06-28	# SIP plane (no glyph)
lou	𧰃	2026-06-28	# SIP plane (no glyph)
lou	𧷡	2026-06-28	# SIP plane (no glyph)
lou	𨄋	2026-06-28	# SIP plane (no glyph)
lou	𨝢	2026-06-28	# SIP plane (no glyph)
lou	𨦖	2026-06-28	# SIP plane (no glyph)
lou	𨫒	2026-06-28	# SIP plane (no glyph)
lou	𨱐	2026-06-28	# SIP plane (no glyph)
lou	𨻻	2026-06-28	# SIP plane (no glyph)
lou	𩏝	2026-06-28	# SIP plane (no glyph)
lou	𩨇	2026-06-28	# SIP plane (no glyph)
lou	𪍣	2026-06-28	# SIP plane (no glyph)
lou	𪣻	2026-06-28	# SIP plane (no glyph)
lou	𪩇	2026-06-28	# SIP plane (no glyph)
lou	𫍴	2026-06-28	# SIP plane (no glyph)
lou	𫐷	2026-06-28	# SIP plane (no glyph)
lou	𫠥	2026-06-28	# SIP plane (no glyph)
lou	𫦉	2026-06-28	# SIP plane (no glyph)
lou	𫷹	2026-06-28	# SIP plane (no glyph)
lou	𬖠	2026-06-28	# SIP plane (no glyph)
lou	𰋖	2026-06-28	# SIP plane (no glyph)
lou	𰏜	2026-06-28	# SIP plane (no glyph)
lou	𰙕	2026-06-28	# SIP plane (no glyph)
lou	𰢦	2026-06-28	# SIP plane (no glyph)
lou	𰭚	2026-06-28	# SIP plane (no glyph)
lou	𰰑	2026-06-28	# SIP plane (no glyph)
lou	𰴚	2026-06-28	# SIP plane (no glyph)
lou	𰶬	2026-06-28	# SIP plane (no glyph)
lou	𱁺	2026-06-28	# SIP plane (no glyph)
lou	𱈆	2026-06-28	# SIP plane (no glyph)
lou	𱋡	2026-06-28	# SIP plane (no glyph)
lu	𠀽	2026-06-28	# SIP plane (no glyph)
lu	𠰷	2026-06-28	# SIP plane (no glyph)
lu	𠿛	2026-06-28	# SIP plane (no glyph)
lu	𡀔	2026-06-28	# SIP plane (no glyph)
lu	𡉴	2026-06-28	# SIP plane (no glyph)
lu	𡳴	2026-06-28	# SIP plane (no glyph)
lu	𡴆	2026-06-28	# SIP plane (no glyph)
lu	𡷏	2026-06-28	# SIP plane (no glyph)
lu	𢊩	2026-06-28	# SIP plane (no glyph)
lu	𢋡	2026-06-28	# SIP plane (no glyph)
lu	𢟧	2026-06-28	# SIP plane (no glyph)
lu	𢫘	2026-06-28	# SIP plane (no glyph)
lu	𢫫	2026-06-28	# SIP plane (no glyph)
lu	𢯅	2026-06-28	# SIP plane (no glyph)
lu	𢲸	2026-06-28	# SIP plane (no glyph)
lu	𢵮	2026-06-28	# SIP plane (no glyph)
lu	𢾬	2026-06-28	# SIP plane (no glyph)
lu	𣆐	2026-06-28	# SIP plane (no glyph)
lu	𣞓	2026-06-28	# SIP plane (no glyph)
lu	𣥐	2026-06-28	# SIP plane (no glyph)
lu	𣩏	2026-06-28	# SIP plane (no glyph)
lu	𣱀	2026-06-28	# SIP plane (no glyph)
lu	𣼟	2026-06-28	# SIP plane (no glyph)
lu	𤝮	2026-06-28	# SIP plane (no glyph)
lu	𤟘	2026-06-28	# SIP plane (no glyph)
lu	𤢊	2026-06-28	# SIP plane (no glyph)
lu	𤣃	2026-06-28	# SIP plane (no glyph)
lu	𤨍	2026-06-28	# SIP plane (no glyph)
lu	𤬛	2026-06-28	# SIP plane (no glyph)
lu	𤮧	2026-06-28	# SIP plane (no glyph)
lu	𤺼	2026-06-28	# SIP plane (no glyph)
lu	𤻱	2026-06-28	# SIP plane (no glyph)
lu	𤽺	2026-06-28	# SIP plane (no glyph)
lu	𤿴	2026-06-28	# SIP plane (no glyph)
lu	𥀔	2026-06-28	# SIP plane (no glyph)
lu	𥀵	2026-06-28	# SIP plane (no glyph)
lu	𥈛	2026-06-28	# SIP plane (no glyph)
lu	𥉶	2026-06-28	# SIP plane (no glyph)
lu	𥒨	2026-06-28	# SIP plane (no glyph)
lu	𥚊	2026-06-28	# SIP plane (no glyph)
lu	𥛞	2026-06-28	# SIP plane (no glyph)
lu	𥛪	2026-06-28	# SIP plane (no glyph)
lu	𥣤	2026-06-28	# SIP plane (no glyph)
lu	𥫰	2026-06-28	# SIP plane (no glyph)
lu	𥲎	2026-06-28	# SIP plane (no glyph)
lu	𥶇	2026-06-28	# SIP plane (no glyph)
lu	𦋔	2026-06-28	# SIP plane (no glyph)
lu	𦌕	2026-06-28	# SIP plane (no glyph)
lu	𦌟	2026-06-28	# SIP plane (no glyph)
lu	𦗓	2026-06-28	# SIP plane (no glyph)
lu	𦪇	2026-06-28	# SIP plane (no glyph)
lu	𦸐	2026-06-28	# SIP plane (no glyph)
lu	𦼋	2026-06-28	# SIP plane (no glyph)
lu	𦽂	2026-06-28	# SIP plane (no glyph)
lu	𦽎	2026-06-28	# SIP plane (no glyph)
lu	𦾞	2026-06-28	# SIP plane (no glyph)
lu	𦾷	2026-06-28	# SIP plane (no glyph)
lu	𦿊	2026-06-28	# SIP plane (no glyph)
lu	𦿖	2026-06-28	# SIP plane (no glyph)
lu	𧀦	2026-06-28	# SIP plane (no glyph)
lu	𧆣	2026-06-28	# SIP plane (no glyph)
lu	𧇄	2026-06-28	# SIP plane (no glyph)
lu	𧌉	2026-06-28	# SIP plane (no glyph)
lu	𧌍	2026-06-28	# SIP plane (no glyph)
lu	𧐳	2026-06-28	# SIP plane (no glyph)
lu	𧨹	2026-06-28	# SIP plane (no glyph)
lu	𧫓	2026-06-28	# SIP plane (no glyph)
lu	𧽥	2026-06-28	# SIP plane (no glyph)
lu	𨁸	2026-06-28	# SIP plane (no glyph)
lu	𨇖	2026-06-28	# SIP plane (no glyph)
lu	𨌠	2026-06-28	# SIP plane (no glyph)
lu	𨏔	2026-06-28	# SIP plane (no glyph)
lu	𨽐	2026-06-28	# SIP plane (no glyph)
lu	𩄅	2026-06-28	# SIP plane (no glyph)
lu	𩅄	2026-06-28	# SIP plane (no glyph)
lu	𩌫	2026-06-28	# SIP plane (no glyph)
lu	𩍼	2026-06-28	# SIP plane (no glyph)
lu	𩓪	2026-06-28	# SIP plane (no glyph)
lu	𩛼	2026-06-28	# SIP plane (no glyph)
lu	𩣱	2026-06-28	# SIP plane (no glyph)
lu	𩯜	2026-06-28	# SIP plane (no glyph)
lu	𪉖	2026-06-28	# SIP plane (no glyph)
lu	𪉣	2026-06-28	# SIP plane (no glyph)
lu	𪍄	2026-06-28	# SIP plane (no glyph)
lu	𪑄	2026-06-28	# SIP plane (no glyph)
lu	𪒏	2026-06-28	# SIP plane (no glyph)
lu	𪖌	2026-06-28	# SIP plane (no glyph)
lu	𪽮	2026-06-28	# SIP plane (no glyph)
lu	𪾦	2026-06-28	# SIP plane (no glyph)
lu	𫊮	2026-06-28	# SIP plane (no glyph)
lu	𫓺	2026-06-28	# SIP plane (no glyph)
lu	𫘧	2026-06-28	# SIP plane (no glyph)
lu	𫠋	2026-06-28	# SIP plane (no glyph)
lu	𫼵	2026-06-28	# SIP plane (no glyph)
lu	𬙎	2026-06-28	# SIP plane (no glyph)
lu	𬬻	2026-06-28	# SIP plane (no glyph)
lu	𮉡	2026-06-28	# SIP plane (no glyph)
lu	𮬠	2026-06-28	# SIP plane (no glyph)
lu	𰎐	2026-06-28	# SIP plane (no glyph)
lu	𰛮	2026-06-28	# SIP plane (no glyph)
lu	𰡄	2026-06-28	# SIP plane (no glyph)
lu	𰡵	2026-06-28	# SIP plane (no glyph)
lu	𰩲	2026-06-28	# SIP plane (no glyph)
lu	𰪏	2026-06-28	# SIP plane (no glyph)
lu	𰺌	2026-06-28	# SIP plane (no glyph)
lu	𰾲	2026-06-28	# SIP plane (no glyph)
lu	𱇶	2026-06-28	# SIP plane (no glyph)
lu	𱊀	2026-06-28	# SIP plane (no glyph)
lu	𱊺	2026-06-28	# SIP plane (no glyph)
lu	𱊻	2026-06-28	# SIP plane (no glyph)
lu	𱋶	2026-06-28	# SIP plane (no glyph)
lu	𱏤	2026-06-28	# SIP plane (no glyph)
lu	𱸧	2026-06-28	# SIP plane (no glyph)
luan	𠦨	2026-06-28	# SIP plane (no glyph)
luan	𡄹	2026-06-28	# SIP plane (no glyph)
luan	𡡗	2026-06-28	# SIP plane (no glyph)
luan	𡭸	2026-06-28	# SIP plane (no glyph)
luan	𢌕	2026-06-28	# SIP plane (no glyph)
luan	𢺈	2026-06-28	# SIP plane (no glyph)
luan	𢿢	2026-06-28	# SIP plane (no glyph)
luan	𣨀	2026-06-28	# SIP plane (no glyph)
luan	𤔔	2026-06-28	# SIP plane (no glyph)
luan	𤲶	2026-06-28	# SIP plane (no glyph)
luan	𤼙	2026-06-28	# SIP plane (no glyph)
luan	𦣋	2026-06-28	# SIP plane (no glyph)
luan	𦣏	2026-06-28	# SIP plane (no glyph)
luan	𧖘	2026-06-28	# SIP plane (no glyph)
luan	𨄄	2026-06-28	# SIP plane (no glyph)
luan	𨇼	2026-06-28	# SIP plane (no glyph)
luan	𨈌	2026-06-28	# SIP plane (no glyph)
luan	𨈎	2026-06-28	# SIP plane (no glyph)
luan	𨊟	2026-06-28	# SIP plane (no glyph)
luan	𩪾	2026-06-28	# SIP plane (no glyph)
luan	𪢮	2026-06-28	# SIP plane (no glyph)
luan	𰁜	2026-06-28	# SIP plane (no glyph)
luan	𰛪	2026-06-28	# SIP plane (no glyph)
luan	𰣽	2026-06-28	# SIP plane (no glyph)
luan	𱤦	2026-06-28	# SIP plane (no glyph)
lun	𠔕	2026-06-28	# SIP plane (no glyph)
lun	𠼩	2026-06-28	# SIP plane (no glyph)
lun	𡃝	2026-06-28	# SIP plane (no glyph)
lun	𤆢	2026-06-28	# SIP plane (no glyph)
lun	𤲕	2026-06-28	# SIP plane (no glyph)
lun	𤷔	2026-06-28	# SIP plane (no glyph)
lun	𦓾	2026-06-28	# SIP plane (no glyph)
lun	𧣵	2026-06-28	# SIP plane (no glyph)
lun	𧱜	2026-06-28	# SIP plane (no glyph)
lun	𪠵	2026-06-28	# SIP plane (no glyph)
lun	𪨧	2026-06-28	# SIP plane (no glyph)
lun	𫭢	2026-06-28	# SIP plane (no glyph)
lun	𬦧	2026-06-28	# SIP plane (no glyph)
lun	𬬭	2026-06-28	# SIP plane (no glyph)
lun	𰑄	2026-06-28	# SIP plane (no glyph)
lun	𰗖	2026-06-28	# SIP plane (no glyph)
lun	𰰨	2026-06-28	# SIP plane (no glyph)
lun	𰲰	2026-06-28	# SIP plane (no glyph)
lun	𱇗	2026-06-28	# SIP plane (no glyph)
lun	𱛍	2026-06-28	# SIP plane (no glyph)
lun	𲉉	2026-06-28	# SIP plane (no glyph)
luo	𠉗	2026-06-28	# SIP plane (no glyph)
luo	𠏢	2026-06-28	# SIP plane (no glyph)
luo	𠜖	2026-06-28	# SIP plane (no glyph)
luo	𠶱	2026-06-28	# SIP plane (no glyph)
luo	𠻐	2026-06-28	# SIP plane (no glyph)
luo	𠻡	2026-06-28	# SIP plane (no glyph)
luo	𡁆	2026-06-28	# SIP plane (no glyph)
luo	𡆆	2026-06-28	# SIP plane (no glyph)
luo	𡤢	2026-06-28	# SIP plane (no glyph)
luo	𡿏	2026-06-28	# SIP plane (no glyph)
luo	𢅾	2026-06-28	# SIP plane (no glyph)
luo	𢺆	2026-06-28	# SIP plane (no glyph)
luo	𢺑	2026-06-28	# SIP plane (no glyph)
luo	𣂞	2026-06-28	# SIP plane (no glyph)
luo	𣎆	2026-06-28	# SIP plane (no glyph)
luo	𣛗	2026-06-28	# SIP plane (no glyph)
luo	𣜄	2026-06-28	# SIP plane (no glyph)
luo	𣜢	2026-06-28	# SIP plane (no glyph)
luo	𣧳	2026-06-28	# SIP plane (no glyph)
luo	𣨪	2026-06-28	# SIP plane (no glyph)
luo	𣵟	2026-06-28	# SIP plane (no glyph)
luo	𤄷	2026-06-28	# SIP plane (no glyph)
luo	𤔖	2026-06-28	# SIP plane (no glyph)
luo	𤔝	2026-06-28	# SIP plane (no glyph)
luo	𤗀	2026-06-28	# SIP plane (no glyph)
luo	𤨗	2026-06-28	# SIP plane (no glyph)
luo	𤽥	2026-06-28	# SIP plane (no glyph)
luo	𤽼	2026-06-28	# SIP plane (no glyph)
luo	𥡜	2026-06-28	# SIP plane (no glyph)
luo	𥯛	2026-06-28	# SIP plane (no glyph)
luo	𦆁	2026-06-28	# SIP plane (no glyph)
luo	𦣇	2026-06-28	# SIP plane (no glyph)
luo	𦣖	2026-06-28	# SIP plane (no glyph)
luo	𦣛	2026-06-28	# SIP plane (no glyph)
luo	𦿌	2026-06-28	# SIP plane (no glyph)
luo	𧄿	2026-06-28	# SIP plane (no glyph)
luo	𧈦	2026-06-28	# SIP plane (no glyph)
luo	𧟌	2026-06-28	# SIP plane (no glyph)
luo	𧭥	2026-06-28	# SIP plane (no glyph)
luo	𧷳	2026-06-28	# SIP plane (no glyph)
luo	𧹐	2026-06-28	# SIP plane (no glyph)
luo	𨇽	2026-06-28	# SIP plane (no glyph)
luo	𨏒	2026-06-28	# SIP plane (no glyph)
luo	𨟥	2026-06-28	# SIP plane (no glyph)
luo	𨬅	2026-06-28	# SIP plane (no glyph)
luo	𨰠	2026-06-28	# SIP plane (no glyph)
luo	𩂣	2026-06-28	# SIP plane (no glyph)
luo	𩉙	2026-06-28	# SIP plane (no glyph)
luo	𩊚	2026-06-28	# SIP plane (no glyph)
luo	𩌭	2026-06-28	# SIP plane (no glyph)
luo	𩍪	2026-06-28	# SIP plane (no glyph)
luo	𩎊	2026-06-28	# SIP plane (no glyph)
luo	𩮹	2026-06-28	# SIP plane (no glyph)
luo	𩵇	2026-06-28	# SIP plane (no glyph)
luo	𩼊	2026-06-28	# SIP plane (no glyph)
luo	𩽰	2026-06-28	# SIP plane (no glyph)
luo	𪇱	2026-06-28	# SIP plane (no glyph)
luo	𪈰	2026-06-28	# SIP plane (no glyph)
luo	𪌳	2026-06-28	# SIP plane (no glyph)
luo	𪎆	2026-06-28	# SIP plane (no glyph)
luo	𪑋	2026-06-28	# SIP plane (no glyph)
luo	𪶒	2026-06-28	# SIP plane (no glyph)
luo	𫌨	2026-06-28	# SIP plane (no glyph)
luo	𫏑	2026-06-28	# SIP plane (no glyph)
luo	𫗩	2026-06-28	# SIP plane (no glyph)
luo	𫽋	2026-06-28	# SIP plane (no glyph)
luo	𬂂	2026-06-28	# SIP plane (no glyph)
luo	𬡠	2026-06-28	# SIP plane (no glyph)
luo	𬰡	2026-06-28	# SIP plane (no glyph)
luo	𭹜	2026-06-28	# SIP plane (no glyph)
luo	𮱊	2026-06-28	# SIP plane (no glyph)
luo	𮷇	2026-06-28	# SIP plane (no glyph)
luo	𰑫	2026-06-28	# SIP plane (no glyph)
luo	𰴝	2026-06-28	# SIP plane (no glyph)
luo	𰺢	2026-06-28	# SIP plane (no glyph)
luo	𰿊	2026-06-28	# SIP plane (no glyph)
luo	𱇪	2026-06-28	# SIP plane (no glyph)
luo	𱉮	2026-06-28	# SIP plane (no glyph)
luo	𱊮	2026-06-28	# SIP plane (no glyph)
lv	𠜈	2026-06-28	# SIP plane (no glyph)
lv	𠣊	2026-06-28	# SIP plane (no glyph)
lv	𠷈	2026-06-28	# SIP plane (no glyph)
lv	𡀿	2026-06-28	# SIP plane (no glyph)
lv	𡡎	2026-06-28	# SIP plane (no glyph)
lv	𡾅	2026-06-28	# SIP plane (no glyph)
lv	𢅞	2026-06-28	# SIP plane (no glyph)
lv	𢈚	2026-06-28	# SIP plane (no glyph)
lv	𢙲	2026-06-28	# SIP plane (no glyph)
lv	𢟳	2026-06-28	# SIP plane (no glyph)
lv	𢣻	2026-06-28	# SIP plane (no glyph)
lv	𢯰	2026-06-28	# SIP plane (no glyph)
lv	𣀞	2026-06-28	# SIP plane (no glyph)
lv	𣭇	2026-06-28	# SIP plane (no glyph)
lv	𤁵	2026-06-28	# SIP plane (no glyph)
lv	𤗬	2026-06-28	# SIP plane (no glyph)
lv	𤝽	2026-06-28	# SIP plane (no glyph)
lv	𤾺	2026-06-28	# SIP plane (no glyph)
lv	𥖼	2026-06-28	# SIP plane (no glyph)
lv	𥡢	2026-06-28	# SIP plane (no glyph)
lv	𥭐	2026-06-28	# SIP plane (no glyph)
lv	𥰠	2026-06-28	# SIP plane (no glyph)
lv	𥶆	2026-06-28	# SIP plane (no glyph)
lv	𥶌	2026-06-28	# SIP plane (no glyph)
lv	𦆾	2026-06-28	# SIP plane (no glyph)
lv	𦊼	2026-06-28	# SIP plane (no glyph)
lv	𦛗	2026-06-28	# SIP plane (no glyph)
lv	𦝼	2026-06-28	# SIP plane (no glyph)
lv	𦭯	2026-06-28	# SIP plane (no glyph)
lv	𦳭	2026-06-28	# SIP plane (no glyph)
lv	𧃒	2026-06-28	# SIP plane (no glyph)
lv	𧈔	2026-06-28	# SIP plane (no glyph)
lv	𧍶	2026-06-28	# SIP plane (no glyph)
lv	𧓻	2026-06-28	# SIP plane (no glyph)
lv	𧜊	2026-06-28	# SIP plane (no glyph)
lv	𧭜	2026-06-28	# SIP plane (no glyph)
lv	𩄽	2026-06-28	# SIP plane (no glyph)
lv	𩥆	2026-06-28	# SIP plane (no glyph)
lv	𩲦	2026-06-28	# SIP plane (no glyph)
lv	𩳡	2026-06-28	# SIP plane (no glyph)
lv	𩴐	2026-06-28	# SIP plane (no glyph)
lv	𪈜	2026-06-28	# SIP plane (no glyph)
lv	𫄴	2026-06-28	# SIP plane (no glyph)
lv	𫫵	2026-06-28	# SIP plane (no glyph)
lv	𬘤	2026-06-28	# SIP plane (no glyph)
lv	𬸞	2026-06-28	# SIP plane (no glyph)
lv	𮣶	2026-06-28	# SIP plane (no glyph)
lv	𰂦	2026-06-28	# SIP plane (no glyph)
lv	𰅔	2026-06-28	# SIP plane (no glyph)
lv	𰚦	2026-06-28	# SIP plane (no glyph)
lv	𰱩	2026-06-28	# SIP plane (no glyph)
lv	𰱮	2026-06-28	# SIP plane (no glyph)
lve	𠢌	2026-06-28	# SIP plane (no glyph)
lve	𠼟	2026-06-28	# SIP plane (no glyph)
lve	𦊹	2026-06-28	# SIP plane (no glyph)
lve	𧎾	2026-06-28	# SIP plane (no glyph)
lve	𧐋	2026-06-28	# SIP plane (no glyph)
lve	𧐯	2026-06-28	# SIP plane (no glyph)
lve	𧑀	2026-06-28	# SIP plane (no glyph)
lve	𧕌	2026-06-28	# SIP plane (no glyph)
lve	𪅅	2026-06-28	# SIP plane (no glyph)
ma	𡻤	2026-06-28	# SIP plane (no glyph)
ma	𢉿	2026-06-28	# SIP plane (no glyph)
ma	𢋚	2026-06-28	# SIP plane (no glyph)
ma	𢳀	2026-06-28	# SIP plane (no glyph)
ma	𣨜	2026-06-28	# SIP plane (no glyph)
ma	𤳂	2026-06-28	# SIP plane (no glyph)
ma	𥀏	2026-06-28	# SIP plane (no glyph)
ma	𥉊	2026-06-28	# SIP plane (no glyph)
ma	𥉵	2026-06-28	# SIP plane (no glyph)
ma	𥧓	2026-06-28	# SIP plane (no glyph)
ma	𧪨	2026-06-28	# SIP plane (no glyph)
ma	𨰾	2026-06-28	# SIP plane (no glyph)
ma	𩀪	2026-06-28	# SIP plane (no glyph)
ma	𩊃	2026-06-28	# SIP plane (no glyph)
ma	𩔶	2026-06-28	# SIP plane (no glyph)
ma	𩔷	2026-06-28	# SIP plane (no glyph)
ma	𩨲	2026-06-28	# SIP plane (no glyph)
ma	𩶞	2026-06-28	# SIP plane (no glyph)
ma	𪐎	2026-06-28	# SIP plane (no glyph)
ma	𪒜	2026-06-28	# SIP plane (no glyph)
ma	𪓹	2026-06-28	# SIP plane (no glyph)
ma	𬏜	2026-06-28	# SIP plane (no glyph)
ma	𬮡	2026-06-28	# SIP plane (no glyph)
ma	𬮺	2026-06-28	# SIP plane (no glyph)
ma	𰏲	2026-06-28	# SIP plane (no glyph)
ma	𰛊	2026-06-28	# SIP plane (no glyph)
ma	𱌈	2026-06-28	# SIP plane (no glyph)
mai	𠿆	2026-06-28	# SIP plane (no glyph)
mai	𢙑	2026-06-28	# SIP plane (no glyph)
mai	𢠼	2026-06-28	# SIP plane (no glyph)
mai	𥇯	2026-06-28	# SIP plane (no glyph)
mai	𥌚	2026-06-28	# SIP plane (no glyph)
mai	𦏢	2026-06-28	# SIP plane (no glyph)
mai	𦙻	2026-06-28	# SIP plane (no glyph)
mai	𧱘	2026-06-28	# SIP plane (no glyph)
mai	𧹒	2026-06-28	# SIP plane (no glyph)
mai	𨤢	2026-06-28	# SIP plane (no glyph)
mai	𩈗	2026-06-28	# SIP plane (no glyph)
mai	𩊍	2026-06-28	# SIP plane (no glyph)
mai	𩍃	2026-06-28	# SIP plane (no glyph)
mai	𪄳	2026-06-28	# SIP plane (no glyph)
mai	𪒪	2026-06-28	# SIP plane (no glyph)
mai	𪡃	2026-06-28	# SIP plane (no glyph)
mai	𫰨	2026-06-28	# SIP plane (no glyph)
mai	𬑙	2026-06-28	# SIP plane (no glyph)
mai	𱉳	2026-06-28	# SIP plane (no glyph)
mai	𱧴	2026-06-28	# SIP plane (no glyph)
mai	𲋶	2026-06-28	# SIP plane (no glyph)
man	𡢚	2026-06-28	# SIP plane (no glyph)
man	𡻩	2026-06-28	# SIP plane (no glyph)
man	𢦈	2026-06-28	# SIP plane (no glyph)
man	𢿜	2026-06-28	# SIP plane (no glyph)
man	𣁜	2026-06-28	# SIP plane (no glyph)
man	𣗊	2026-06-28	# SIP plane (no glyph)
man	𤅎	2026-06-28	# SIP plane (no glyph)
man	𤜘	2026-06-28	# SIP plane (no glyph)
man	𥊑	2026-06-28	# SIP plane (no glyph)
man	𥧭	2026-06-28	# SIP plane (no glyph)
man	𥬈	2026-06-28	# SIP plane (no glyph)
man	𥲈	2026-06-28	# SIP plane (no glyph)
man	𥲑	2026-06-28	# SIP plane (no glyph)
man	𦎌	2026-06-28	# SIP plane (no glyph)
man	𦔔	2026-06-28	# SIP plane (no glyph)
man	𧆏	2026-06-28	# SIP plane (no glyph)
man	𧖵	2026-06-28	# SIP plane (no glyph)
man	𧜞	2026-06-28	# SIP plane (no glyph)
man	𧱼	2026-06-28	# SIP plane (no glyph)
man	𨲛	2026-06-28	# SIP plane (no glyph)
man	𨲾	2026-06-28	# SIP plane (no glyph)
man	𩅍	2026-06-28	# SIP plane (no glyph)
man	𩆓	2026-06-28	# SIP plane (no glyph)
man	𩈦	2026-06-28	# SIP plane (no glyph)
man	𩛎	2026-06-28	# SIP plane (no glyph)
man	𩮉	2026-06-28	# SIP plane (no glyph)
man	𪈿	2026-06-28	# SIP plane (no glyph)
man	𪍩	2026-06-28	# SIP plane (no glyph)
man	𪑪	2026-06-28	# SIP plane (no glyph)
man	𬜬	2026-06-28	# SIP plane (no glyph)
man	𬲴	2026-06-28	# SIP plane (no glyph)
man	𰊟	2026-06-28	# SIP plane (no glyph)
man	𰒆	2026-06-28	# SIP plane (no glyph)
man	𰥠	2026-06-28	# SIP plane (no glyph)
man	𰯎	2026-06-28	# SIP plane (no glyph)
man	𱆆	2026-06-28	# SIP plane (no glyph)
mang	𠈵	2026-06-28	# SIP plane (no glyph)
mang	𠮵	2026-06-28	# SIP plane (no glyph)
mang	𡅖	2026-06-28	# SIP plane (no glyph)
mang	𡘪	2026-06-28	# SIP plane (no glyph)
mang	𡩩	2026-06-28	# SIP plane (no glyph)
mang	𡩽	2026-06-28	# SIP plane (no glyph)
mang	𡵀	2026-06-28	# SIP plane (no glyph)
mang	𣙷	2026-06-28	# SIP plane (no glyph)
mang	𣯬	2026-06-28	# SIP plane (no glyph)
mang	𤛘	2026-06-28	# SIP plane (no glyph)
mang	𤰡	2026-06-28	# SIP plane (no glyph)
mang	𥁃	2026-06-28	# SIP plane (no glyph)
mang	𥆙	2026-06-28	# SIP plane (no glyph)
mang	𥐞	2026-06-28	# SIP plane (no glyph)
mang	𥝕	2026-06-28	# SIP plane (no glyph)
mang	𥤩	2026-06-28	# SIP plane (no glyph)
mang	𥭚	2026-06-28	# SIP plane (no glyph)
mang	𥮎	2026-06-28	# SIP plane (no glyph)
mang	𦎨	2026-06-28	# SIP plane (no glyph)
mang	𦜭	2026-06-28	# SIP plane (no glyph)
mang	𨛌	2026-06-28	# SIP plane (no glyph)
mang	𩅁	2026-06-28	# SIP plane (no glyph)
mang	𩒿	2026-06-28	# SIP plane (no glyph)
mang	𩙸	2026-06-28	# SIP plane (no glyph)
mang	𩛲	2026-06-28	# SIP plane (no glyph)
mang	𩪎	2026-06-28	# SIP plane (no glyph)
mang	𩭒	2026-06-28	# SIP plane (no glyph)
mang	𩷶	2026-06-28	# SIP plane (no glyph)
mang	𪁪	2026-06-28	# SIP plane (no glyph)
mang	𪚢	2026-06-28	# SIP plane (no glyph)
mang	𬲹	2026-06-28	# SIP plane (no glyph)
mang	𮪡	2026-06-28	# SIP plane (no glyph)
mang	𱇮	2026-06-28	# SIP plane (no glyph)
mao	𠔼	2026-06-28	# SIP plane (no glyph)
mao	𠤝	2026-06-28	# SIP plane (no glyph)
mao	𡜢	2026-06-28	# SIP plane (no glyph)
mao	𡹰	2026-06-28	# SIP plane (no glyph)
mao	𢂹	2026-06-28	# SIP plane (no glyph)
mao	𢅉	2026-06-28	# SIP plane (no glyph)
mao	𢘅	2026-06-28	# SIP plane (no glyph)
mao	𢝌	2026-06-28	# SIP plane (no glyph)
mao	𢨯	2026-06-28	# SIP plane (no glyph)
mao	𢯾	2026-06-28	# SIP plane (no glyph)
mao	𢽢	2026-06-28	# SIP plane (no glyph)
mao	𣊃	2026-06-28	# SIP plane (no glyph)
mao	𣔺	2026-06-28	# SIP plane (no glyph)
mao	𣨇	2026-06-28	# SIP plane (no glyph)
mao	𣬵	2026-06-28	# SIP plane (no glyph)
mao	𣭮	2026-06-28	# SIP plane (no glyph)
mao	𣯀	2026-06-28	# SIP plane (no glyph)
mao	𣴟	2026-06-28	# SIP plane (no glyph)
mao	𣴼	2026-06-28	# SIP plane (no glyph)
mao	𣹪	2026-06-28	# SIP plane (no glyph)
mao	𤚜	2026-06-28	# SIP plane (no glyph)
mao	𤛖	2026-06-28	# SIP plane (no glyph)
mao	𤝄	2026-06-28	# SIP plane (no glyph)
mao	𤥰	2026-06-28	# SIP plane (no glyph)
mao	𤲰	2026-06-28	# SIP plane (no glyph)
mao	𥄸	2026-06-28	# SIP plane (no glyph)
mao	𥈆	2026-06-28	# SIP plane (no glyph)
mao	𥎟	2026-06-28	# SIP plane (no glyph)
mao	𥟪	2026-06-28	# SIP plane (no glyph)
mao	𦀸	2026-06-28	# SIP plane (no glyph)
mao	𦼪	2026-06-28	# SIP plane (no glyph)
mao	𧍟	2026-06-28	# SIP plane (no glyph)
mao	𧐟	2026-06-28	# SIP plane (no glyph)
mao	𧒚	2026-06-28	# SIP plane (no glyph)
mao	𧓿	2026-06-28	# SIP plane (no glyph)
mao	𧔨	2026-06-28	# SIP plane (no glyph)
mao	𧠊	2026-06-28	# SIP plane (no glyph)
mao	𨈥	2026-06-28	# SIP plane (no glyph)
mao	𨥨	2026-06-28	# SIP plane (no glyph)
mao	𨦜	2026-06-28	# SIP plane (no glyph)
mao	𨩩	2026-06-28	# SIP plane (no glyph)
mao	𨺸	2026-06-28	# SIP plane (no glyph)
mao	𩛨	2026-06-28	# SIP plane (no glyph)
mao	𩫁	2026-06-28	# SIP plane (no glyph)
mao	𩬞	2026-06-28	# SIP plane (no glyph)
mao	𩭾	2026-06-28	# SIP plane (no glyph)
mao	𩿂	2026-06-28	# SIP plane (no glyph)
mao	𪃑	2026-06-28	# SIP plane (no glyph)
mao	𫄜	2026-06-28	# SIP plane (no glyph)
mao	𫓴	2026-06-28	# SIP plane (no glyph)
mao	𫤸	2026-06-28	# SIP plane (no glyph)
mao	𬆾	2026-06-28	# SIP plane (no glyph)
mao	𬥈	2026-06-28	# SIP plane (no glyph)
mao	𬨁	2026-06-28	# SIP plane (no glyph)
mao	𬪍	2026-06-28	# SIP plane (no glyph)
mao	𱚦	2026-06-28	# SIP plane (no glyph)
mao	𲌰	2026-06-28	# SIP plane (no glyph)
mei	𠊉	2026-06-28	# SIP plane (no glyph)
mei	𠍨	2026-06-28	# SIP plane (no glyph)
mei	𠪃	2026-06-28	# SIP plane (no glyph)
mei	𡲭	2026-06-28	# SIP plane (no glyph)
mei	𢮇	2026-06-28	# SIP plane (no glyph)
mei	𣟸	2026-06-28	# SIP plane (no glyph)
mei	𤚤	2026-06-28	# SIP plane (no glyph)
mei	𤽃	2026-06-28	# SIP plane (no glyph)
mei	𥞊	2026-06-28	# SIP plane (no glyph)
mei	𥧴	2026-06-28	# SIP plane (no glyph)
mei	𦼻	2026-06-28	# SIP plane (no glyph)
mei	𧭵	2026-06-28	# SIP plane (no glyph)
mei	𧳬	2026-06-28	# SIP plane (no glyph)
mei	𨉭	2026-06-28	# SIP plane (no glyph)
mei	𨜘	2026-06-28	# SIP plane (no glyph)
mei	𩈐	2026-06-28	# SIP plane (no glyph)
mei	𩋿	2026-06-28	# SIP plane (no glyph)
mei	𩎟	2026-06-28	# SIP plane (no glyph)
mei	𩫍	2026-06-28	# SIP plane (no glyph)
mei	𩲈	2026-06-28	# SIP plane (no glyph)
mei	𩴈	2026-06-28	# SIP plane (no glyph)
mei	𪂜	2026-06-28	# SIP plane (no glyph)
mei	𪃏	2026-06-28	# SIP plane (no glyph)
mei	𪉏	2026-06-28	# SIP plane (no glyph)
mei	𪎦	2026-06-28	# SIP plane (no glyph)
mei	𪎭	2026-06-28	# SIP plane (no glyph)
mei	𬊖	2026-06-28	# SIP plane (no glyph)
mei	𰾄	2026-06-28	# SIP plane (no glyph)
mei	𱂄	2026-06-28	# SIP plane (no glyph)
men	𣯣	2026-06-28	# SIP plane (no glyph)
men	𣯩	2026-06-28	# SIP plane (no glyph)
men	𤅣	2026-06-28	# SIP plane (no glyph)
men	𧄸	2026-06-28	# SIP plane (no glyph)
men	𧴺	2026-06-28	# SIP plane (no glyph)
men	𨳔	2026-06-28	# SIP plane (no glyph)
men	𨴺	2026-06-28	# SIP plane (no glyph)
men	𩑥	2026-06-28	# SIP plane (no glyph)
men	𩔉	2026-06-28	# SIP plane (no glyph)
men	𫞩	2026-06-28	# SIP plane (no glyph)
men	𫺓	2026-06-28	# SIP plane (no glyph)
men	𬇰	2026-06-28	# SIP plane (no glyph)
men	𭩛	2026-06-28	# SIP plane (no glyph)
men	𮤫	2026-06-28	# SIP plane (no glyph)
men	𰫋	2026-06-28	# SIP plane (no glyph)
meng	𠐁	2026-06-28	# SIP plane (no glyph)
meng	𠐧	2026-06-28	# SIP plane (no glyph)
meng	𠖆	2026-06-28	# SIP plane (no glyph)
meng	𠵼	2026-06-28	# SIP plane (no glyph)
meng	𡒯	2026-06-28	# SIP plane (no glyph)
meng	𡚔	2026-06-28	# SIP plane (no glyph)
meng	𡬆	2026-06-28	# SIP plane (no glyph)
meng	𡬌	2026-06-28	# SIP plane (no glyph)
meng	𢄐	2026-06-28	# SIP plane (no glyph)
meng	𢕙	2026-06-28	# SIP plane (no glyph)
meng	𢟼	2026-06-28	# SIP plane (no glyph)
meng	𢤘	2026-06-28	# SIP plane (no glyph)
meng	𢿂	2026-06-28	# SIP plane (no glyph)
meng	𣊔	2026-06-28	# SIP plane (no glyph)
meng	𣓝	2026-06-28	# SIP plane (no glyph)
meng	𣞑	2026-06-28	# SIP plane (no glyph)
meng	𣰥	2026-06-28	# SIP plane (no glyph)
meng	𣽭	2026-06-28	# SIP plane (no glyph)
meng	𤯻	2026-06-28	# SIP plane (no glyph)
meng	𤱴	2026-06-28	# SIP plane (no glyph)
meng	𤼁	2026-06-28	# SIP plane (no glyph)
meng	𤾬	2026-06-28	# SIP plane (no glyph)
meng	𥂂	2026-06-28	# SIP plane (no glyph)
meng	𥄁	2026-06-28	# SIP plane (no glyph)
meng	𥉕	2026-06-28	# SIP plane (no glyph)
meng	𥋝	2026-06-28	# SIP plane (no glyph)
meng	𥌯	2026-06-28	# SIP plane (no glyph)
meng	𥌱	2026-06-28	# SIP plane (no glyph)
meng	𥣛	2026-06-28	# SIP plane (no glyph)
meng	𥭮	2026-06-28	# SIP plane (no glyph)
meng	𦆟	2026-06-28	# SIP plane (no glyph)
meng	𦊽	2026-06-28	# SIP plane (no glyph)
meng	𦢧	2026-06-28	# SIP plane (no glyph)
meng	𦫰	2026-06-28	# SIP plane (no glyph)
meng	𦱋	2026-06-28	# SIP plane (no glyph)
meng	𦳶	2026-06-28	# SIP plane (no glyph)
meng	𦴔	2026-06-28	# SIP plane (no glyph)
meng	𦷹	2026-06-28	# SIP plane (no glyph)
meng	𦿏	2026-06-28	# SIP plane (no glyph)
meng	𧀆	2026-06-28	# SIP plane (no glyph)
meng	𧀧	2026-06-28	# SIP plane (no glyph)
meng	𧁊	2026-06-28	# SIP plane (no glyph)
meng	𧂛	2026-06-28	# SIP plane (no glyph)
meng	𧂡	2026-06-28	# SIP plane (no glyph)
meng	𧓨	2026-06-28	# SIP plane (no glyph)
meng	𧞑	2026-06-28	# SIP plane (no glyph)
meng	𧭊	2026-06-28	# SIP plane (no glyph)
meng	𧲍	2026-06-28	# SIP plane (no glyph)
meng	𨞫	2026-06-28	# SIP plane (no glyph)
meng	𨢊	2026-06-28	# SIP plane (no glyph)
meng	𨢠	2026-06-28	# SIP plane (no glyph)
meng	𨣘	2026-06-28	# SIP plane (no glyph)
meng	𨨸	2026-06-28	# SIP plane (no glyph)
meng	𨮒	2026-06-28	# SIP plane (no glyph)
meng	𨼿	2026-06-28	# SIP plane (no glyph)
meng	𩄖	2026-06-28	# SIP plane (no glyph)
meng	𩆽	2026-06-28	# SIP plane (no glyph)
meng	𩕱	2026-06-28	# SIP plane (no glyph)
meng	𩟞	2026-06-28	# SIP plane (no glyph)
meng	𩦺	2026-06-28	# SIP plane (no glyph)
meng	𩴲	2026-06-28	# SIP plane (no glyph)
meng	𩶡	2026-06-28	# SIP plane (no glyph)
meng	𪅇	2026-06-28	# SIP plane (no glyph)
meng	𪇓	2026-06-28	# SIP plane (no glyph)
meng	𪈆	2026-06-28	# SIP plane (no glyph)
meng	𫑡	2026-06-28	# SIP plane (no glyph)
meng	𬴌	2026-06-28	# SIP plane (no glyph)
meng	𰥭	2026-06-28	# SIP plane (no glyph)
meng	𰱉	2026-06-28	# SIP plane (no glyph)
meng	𱄈	2026-06-28	# SIP plane (no glyph)
meng	𱈛	2026-06-28	# SIP plane (no glyph)
meng	𱋮	2026-06-28	# SIP plane (no glyph)
meng	𱌆	2026-06-28	# SIP plane (no glyph)
meng	𲎈	2026-06-28	# SIP plane (no glyph)
mi	𠞧	2026-06-28	# SIP plane (no glyph)
mi	𡄣	2026-06-28	# SIP plane (no glyph)
mi	𡇒	2026-06-28	# SIP plane (no glyph)
mi	𡊭	2026-06-28	# SIP plane (no glyph)
mi	𡓭	2026-06-28	# SIP plane (no glyph)
mi	𡝠	2026-06-28	# SIP plane (no glyph)
mi	𡬐	2026-06-28	# SIP plane (no glyph)
mi	𡲼	2026-06-28	# SIP plane (no glyph)
mi	𡾱	2026-06-28	# SIP plane (no glyph)
mi	𢆯	2026-06-28	# SIP plane (no glyph)
mi	𢇲	2026-06-28	# SIP plane (no glyph)
mi	𢘺	2026-06-28	# SIP plane (no glyph)
mi	𢞞	2026-06-28	# SIP plane (no glyph)
mi	𢱮	2026-06-28	# SIP plane (no glyph)
mi	𣓔	2026-06-28	# SIP plane (no glyph)
mi	𣧲	2026-06-28	# SIP plane (no glyph)
mi	𤛬	2026-06-28	# SIP plane (no glyph)
mi	𤦀	2026-06-28	# SIP plane (no glyph)
mi	𥁑	2026-06-28	# SIP plane (no glyph)
mi	𥇆	2026-06-28	# SIP plane (no glyph)
mi	𥇎	2026-06-28	# SIP plane (no glyph)
mi	𥈕	2026-06-28	# SIP plane (no glyph)
mi	𥉴	2026-06-28	# SIP plane (no glyph)
mi	𥉿	2026-06-28	# SIP plane (no glyph)
mi	𥎖	2026-06-28	# SIP plane (no glyph)
mi	𥧧	2026-06-28	# SIP plane (no glyph)
mi	𥭫	2026-06-28	# SIP plane (no glyph)
mi	𥮜	2026-06-28	# SIP plane (no glyph)
mi	𥵨	2026-06-28	# SIP plane (no glyph)
mi	𥹄	2026-06-28	# SIP plane (no glyph)
mi	𥹫	2026-06-28	# SIP plane (no glyph)
mi	𥽰	2026-06-28	# SIP plane (no glyph)
mi	𥿫	2026-06-28	# SIP plane (no glyph)
mi	𦖬	2026-06-28	# SIP plane (no glyph)
mi	𦗕	2026-06-28	# SIP plane (no glyph)
mi	𦞟	2026-06-28	# SIP plane (no glyph)
mi	𦟂	2026-06-28	# SIP plane (no glyph)
mi	𦣥	2026-06-28	# SIP plane (no glyph)
mi	𦰴	2026-06-28	# SIP plane (no glyph)
mi	𦸡	2026-06-28	# SIP plane (no glyph)
mi	𧐎	2026-06-28	# SIP plane (no glyph)
mi	𧕵	2026-06-28	# SIP plane (no glyph)
mi	𧠟	2026-06-28	# SIP plane (no glyph)
mi	𧱻	2026-06-28	# SIP plane (no glyph)
mi	𧵬	2026-06-28	# SIP plane (no glyph)
mi	𧶡	2026-06-28	# SIP plane (no glyph)
mi	𧷦	2026-06-28	# SIP plane (no glyph)
mi	𧼊	2026-06-28	# SIP plane (no glyph)
mi	𧽨	2026-06-28	# SIP plane (no glyph)
mi	𨇻	2026-06-28	# SIP plane (no glyph)
mi	𨒲	2026-06-28	# SIP plane (no glyph)
mi	𨢎	2026-06-28	# SIP plane (no glyph)
mi	𨢥	2026-06-28	# SIP plane (no glyph)
mi	𨣯	2026-06-28	# SIP plane (no glyph)
mi	𨣾	2026-06-28	# SIP plane (no glyph)
mi	𨧮	2026-06-28	# SIP plane (no glyph)
mi	𨷬	2026-06-28	# SIP plane (no glyph)
mi	𩔢	2026-06-28	# SIP plane (no glyph)
mi	𩞇	2026-06-28	# SIP plane (no glyph)
mi	𩸹	2026-06-28	# SIP plane (no glyph)
mi	𪀿	2026-06-28	# SIP plane (no glyph)
mi	𪅮	2026-06-28	# SIP plane (no glyph)
mi	𪋗	2026-06-28	# SIP plane (no glyph)
mi	𪋢	2026-06-28	# SIP plane (no glyph)
mi	𪎔	2026-06-28	# SIP plane (no glyph)
mi	𪎗	2026-06-28	# SIP plane (no glyph)
mi	𪑸	2026-06-28	# SIP plane (no glyph)
mi	𪒄	2026-06-28	# SIP plane (no glyph)
mi	𪓬	2026-06-28	# SIP plane (no glyph)
mi	𪕈	2026-06-28	# SIP plane (no glyph)
mi	𫌪	2026-06-28	# SIP plane (no glyph)
mi	𬘮	2026-06-28	# SIP plane (no glyph)
mi	𬵨	2026-06-28	# SIP plane (no glyph)
mi	𰶨	2026-06-28	# SIP plane (no glyph)
mi	𰼑	2026-06-28	# SIP plane (no glyph)
mi	𱌅	2026-06-28	# SIP plane (no glyph)
mi	𲄀	2026-06-28	# SIP plane (no glyph)
mi	𲍐	2026-06-28	# SIP plane (no glyph)
mi	𲍰	2026-06-28	# SIP plane (no glyph)
mian	𡒳	2026-06-28	# SIP plane (no glyph)
mian	𡕢	2026-06-28	# SIP plane (no glyph)
mian	𡧍	2026-06-28	# SIP plane (no glyph)
mian	𡧒	2026-06-28	# SIP plane (no glyph)
mian	𡯫	2026-06-28	# SIP plane (no glyph)
mian	𢃮	2026-06-28	# SIP plane (no glyph)
mian	𢣔	2026-06-28	# SIP plane (no glyph)
mian	𣅍	2026-06-28	# SIP plane (no glyph)
mian	𣡠	2026-06-28	# SIP plane (no glyph)
mian	𣧾	2026-06-28	# SIP plane (no glyph)
mian	𥄝	2026-06-28	# SIP plane (no glyph)
mian	𥊿	2026-06-28	# SIP plane (no glyph)
mian	𥌂	2026-06-28	# SIP plane (no glyph)
mian	𥤵	2026-06-28	# SIP plane (no glyph)
mian	𥻩	2026-06-28	# SIP plane (no glyph)
mian	𦬛	2026-06-28	# SIP plane (no glyph)
mian	𦽃	2026-06-28	# SIP plane (no glyph)
mian	𧭇	2026-06-28	# SIP plane (no glyph)
mian	𧸨	2026-06-28	# SIP plane (no glyph)
mian	𨉥	2026-06-28	# SIP plane (no glyph)
mian	𨟺	2026-06-28	# SIP plane (no glyph)
mian	𨡞	2026-06-28	# SIP plane (no glyph)
mian	𩈹	2026-06-28	# SIP plane (no glyph)
mian	𩋠	2026-06-28	# SIP plane (no glyph)
mian	𩾃	2026-06-28	# SIP plane (no glyph)
mian	𪁼	2026-06-28	# SIP plane (no glyph)
mian	𬑧	2026-06-28	# SIP plane (no glyph)
mian	𰘣	2026-06-28	# SIP plane (no glyph)
mian	𰬜	2026-06-28	# SIP plane (no glyph)
mian	𱺨	2026-06-28	# SIP plane (no glyph)
miao	𠋝	2026-06-28	# SIP plane (no glyph)
miao	𡡺	2026-06-28	# SIP plane (no glyph)
miao	𢚋	2026-06-28	# SIP plane (no glyph)
miao	𢤧	2026-06-28	# SIP plane (no glyph)
miao	𢷕	2026-06-28	# SIP plane (no glyph)
miao	𤾛	2026-06-28	# SIP plane (no glyph)
miao	𥭝	2026-06-28	# SIP plane (no glyph)
miao	𦳥	2026-06-28	# SIP plane (no glyph)
miao	𩳸	2026-06-28	# SIP plane (no glyph)
miao	𪃐	2026-06-28	# SIP plane (no glyph)
miao	𪃦	2026-06-28	# SIP plane (no glyph)
miao	𬸙	2026-06-28	# SIP plane (no glyph)
miao	𰒖	2026-06-28	# SIP plane (no glyph)
miao	𰬬	2026-06-28	# SIP plane (no glyph)
mie	𠺗	2026-06-28	# SIP plane (no glyph)
mie	𡖺	2026-06-28	# SIP plane (no glyph)
mie	𡞙	2026-06-28	# SIP plane (no glyph)
mie	𡟬	2026-06-28	# SIP plane (no glyph)
mie	𢦼	2026-06-28	# SIP plane (no glyph)
mie	𢧞	2026-06-28	# SIP plane (no glyph)
mie	𢨖	2026-06-28	# SIP plane (no glyph)
mie	𤊾	2026-06-28	# SIP plane (no glyph)
mie	𤏿	2026-06-28	# SIP plane (no glyph)
mie	𥄲	2026-06-28	# SIP plane (no glyph)
mie	𥉓	2026-06-28	# SIP plane (no glyph)
mie	𥋚	2026-06-28	# SIP plane (no glyph)
mie	𥣫	2026-06-28	# SIP plane (no glyph)
mie	𥵒	2026-06-28	# SIP plane (no glyph)
mie	𥸴	2026-06-28	# SIP plane (no glyph)
mie	𥾝	2026-06-28	# SIP plane (no glyph)
mie	𦇪	2026-06-28	# SIP plane (no glyph)
mie	𧀅	2026-06-28	# SIP plane (no glyph)
mie	𧂝	2026-06-28	# SIP plane (no glyph)
mie	𨣱	2026-06-28	# SIP plane (no glyph)
mie	𩔠	2026-06-28	# SIP plane (no glyph)
mie	𩱷	2026-06-28	# SIP plane (no glyph)
mie	𪇴	2026-06-28	# SIP plane (no glyph)
mie	𪌺	2026-06-28	# SIP plane (no glyph)
mie	𪒍	2026-06-28	# SIP plane (no glyph)
mie	𬘔	2026-06-28	# SIP plane (no glyph)
mie	𮭤	2026-06-28	# SIP plane (no glyph)
mie	𰴕	2026-06-28	# SIP plane (no glyph)
mie	𰿃	2026-06-28	# SIP plane (no glyph)
mie	𱈙	2026-06-28	# SIP plane (no glyph)
min	𠊟	2026-06-28	# SIP plane (no glyph)
min	𢼖	2026-06-28	# SIP plane (no glyph)
min	𢽹	2026-06-28	# SIP plane (no glyph)
min	𣱈	2026-06-28	# SIP plane (no glyph)
min	𣱉	2026-06-28	# SIP plane (no glyph)
min	𣷠	2026-06-28	# SIP plane (no glyph)
min	𣹒	2026-06-28	# SIP plane (no glyph)
min	𤇜	2026-06-28	# SIP plane (no glyph)
min	𤛎	2026-06-28	# SIP plane (no glyph)
min	𤸅	2026-06-28	# SIP plane (no glyph)
min	𤺖	2026-06-28	# SIP plane (no glyph)
min	𤿕	2026-06-28	# SIP plane (no glyph)
min	𥜐	2026-06-28	# SIP plane (no glyph)
min	𦈏	2026-06-28	# SIP plane (no glyph)
min	𦌡	2026-06-28	# SIP plane (no glyph)
min	𦫮	2026-06-28	# SIP plane (no glyph)
min	𦳜	2026-06-28	# SIP plane (no glyph)
min	𧁋	2026-06-28	# SIP plane (no glyph)
min	𧌙	2026-06-28	# SIP plane (no glyph)
min	𧲃	2026-06-28	# SIP plane (no glyph)
min	𨏵	2026-06-28	# SIP plane (no glyph)
min	𩭷	2026-06-28	# SIP plane (no glyph)
min	𪂆	2026-06-28	# SIP plane (no glyph)
min	𪄴	2026-06-28	# SIP plane (no glyph)
min	𪉎	2026-06-28	# SIP plane (no glyph)
min	𫀓	2026-06-28	# SIP plane (no glyph)
min	𫂃	2026-06-28	# SIP plane (no glyph)
min	𫞗	2026-06-28	# SIP plane (no glyph)
min	𰺤	2026-06-28	# SIP plane (no glyph)
ming	𠋶	2026-06-28	# SIP plane (no glyph)
ming	𡥸	2026-06-28	# SIP plane (no glyph)
ming	𥌏	2026-06-28	# SIP plane (no glyph)
ming	𥥊	2026-06-28	# SIP plane (no glyph)
ming	𥹆	2026-06-28	# SIP plane (no glyph)
ming	𥿨	2026-06-28	# SIP plane (no glyph)
ming	𦡉	2026-06-28	# SIP plane (no glyph)
ming	𦫭	2026-06-28	# SIP plane (no glyph)
ming	𧟠	2026-06-28	# SIP plane (no glyph)
ming	𧱴	2026-06-28	# SIP plane (no glyph)
ming	𩣶	2026-06-28	# SIP plane (no glyph)
ming	𪂤	2026-06-28	# SIP plane (no glyph)
ming	𪗸	2026-06-28	# SIP plane (no glyph)
ming	𬢒	2026-06-28	# SIP plane (no glyph)
ming	𬣮	2026-06-28	# SIP plane (no glyph)
ming	𱊂	2026-06-28	# SIP plane (no glyph)
miu	𨱯	2026-06-28	# SIP plane (no glyph)
mo	𠆮	2026-06-28	# SIP plane (no glyph)
mo	𠇱	2026-06-28	# SIP plane (no glyph)
mo	𠡞	2026-06-28	# SIP plane (no glyph)
mo	𠢓	2026-06-28	# SIP plane (no glyph)
mo	𠬛	2026-06-28	# SIP plane (no glyph)
mo	𠻚	2026-06-28	# SIP plane (no glyph)
mo	𡈗	2026-06-28	# SIP plane (no glyph)
mo	𡊉	2026-06-28	# SIP plane (no glyph)
mo	𡠜	2026-06-28	# SIP plane (no glyph)
mo	𡡉	2026-06-28	# SIP plane (no glyph)
mo	𡢜	2026-06-28	# SIP plane (no glyph)
mo	𡻟	2026-06-28	# SIP plane (no glyph)
mo	𡾉	2026-06-28	# SIP plane (no glyph)
mo	𢄏	2026-06-28	# SIP plane (no glyph)
mo	𢊗	2026-06-28	# SIP plane (no glyph)
mo	𢐖	2026-06-28	# SIP plane (no glyph)
mo	𢗿	2026-06-28	# SIP plane (no glyph)
mo	𢣗	2026-06-28	# SIP plane (no glyph)
mo	𣋟	2026-06-28	# SIP plane (no glyph)
mo	𣧣	2026-06-28	# SIP plane (no glyph)
mo	𣶊	2026-06-28	# SIP plane (no glyph)
mo	𣻕	2026-06-28	# SIP plane (no glyph)
mo	𤋂	2026-06-28	# SIP plane (no glyph)
mo	𤣻	2026-06-28	# SIP plane (no glyph)
mo	𤹴	2026-06-28	# SIP plane (no glyph)
mo	𤿖	2026-06-28	# SIP plane (no glyph)
mo	𥂓	2026-06-28	# SIP plane (no glyph)
mo	𥄕	2026-06-28	# SIP plane (no glyph)
mo	𥕓	2026-06-28	# SIP plane (no glyph)
mo	𥙎	2026-06-28	# SIP plane (no glyph)
mo	𥞪	2026-06-28	# SIP plane (no glyph)
mo	𥬎	2026-06-28	# SIP plane (no glyph)
mo	𥱹	2026-06-28	# SIP plane (no glyph)
mo	𥽘	2026-06-28	# SIP plane (no glyph)
mo	𦅔	2026-06-28	# SIP plane (no glyph)
mo	𦔭	2026-06-28	# SIP plane (no glyph)
mo	𦟟	2026-06-28	# SIP plane (no glyph)
mo	𦥦	2026-06-28	# SIP plane (no glyph)
mo	𦫕	2026-06-28	# SIP plane (no glyph)
mo	𦮅	2026-06-28	# SIP plane (no glyph)
mo	𧕤	2026-06-28	# SIP plane (no glyph)
mo	𧕥	2026-06-28	# SIP plane (no glyph)
mo	𧠓	2026-06-28	# SIP plane (no glyph)
mo	𧥟	2026-06-28	# SIP plane (no glyph)
mo	𧰱	2026-06-28	# SIP plane (no glyph)
mo	𧻙	2026-06-28	# SIP plane (no glyph)
mo	𧼟	2026-06-28	# SIP plane (no glyph)
mo	𧿴	2026-06-28	# SIP plane (no glyph)
mo	𨆽	2026-06-28	# SIP plane (no glyph)
mo	𨟖	2026-06-28	# SIP plane (no glyph)
mo	𨰞	2026-06-28	# SIP plane (no glyph)
mo	𨱱	2026-06-28	# SIP plane (no glyph)
mo	𩃁	2026-06-28	# SIP plane (no glyph)
mo	𩄻	2026-06-28	# SIP plane (no glyph)
mo	𩌧	2026-06-28	# SIP plane (no glyph)
mo	𩐻	2026-06-28	# SIP plane (no glyph)
mo	𩑦	2026-06-28	# SIP plane (no glyph)
mo	𩑷	2026-06-28	# SIP plane (no glyph)
mo	𩞁	2026-06-28	# SIP plane (no glyph)
mo	𩟠	2026-06-28	# SIP plane (no glyph)
mo	𩢖	2026-06-28	# SIP plane (no glyph)
mo	𩢷	2026-06-28	# SIP plane (no glyph)
mo	𩥔	2026-06-28	# SIP plane (no glyph)
mo	𩪮	2026-06-28	# SIP plane (no glyph)
mo	𩿣	2026-06-28	# SIP plane (no glyph)
mo	𪍇	2026-06-28	# SIP plane (no glyph)
mo	𪍤	2026-06-28	# SIP plane (no glyph)
mo	𪎠	2026-06-28	# SIP plane (no glyph)
mo	𪏟	2026-06-28	# SIP plane (no glyph)
mo	𪒂	2026-06-28	# SIP plane (no glyph)
mo	𪒇	2026-06-28	# SIP plane (no glyph)
mo	𬂠	2026-06-28	# SIP plane (no glyph)
mo	𬙊	2026-06-28	# SIP plane (no glyph)
mo	𬱕	2026-06-28	# SIP plane (no glyph)
mo	𬳔	2026-06-28	# SIP plane (no glyph)
mo	𬹍	2026-06-28	# SIP plane (no glyph)
mo	𭴊	2026-06-28	# SIP plane (no glyph)
mo	𮹅	2026-06-28	# SIP plane (no glyph)
mo	𰈶	2026-06-28	# SIP plane (no glyph)
mo	𱇚	2026-06-28	# SIP plane (no glyph)
mo	𱊓	2026-06-28	# SIP plane (no glyph)
mo	𱋊	2026-06-28	# SIP plane (no glyph)
mo	𱚯	2026-06-28	# SIP plane (no glyph)
mo	𲎉	2026-06-28	# SIP plane (no glyph)
mou	𠀱	2026-06-28	# SIP plane (no glyph)
mou	𠥨	2026-06-28	# SIP plane (no glyph)
mou	𢃱	2026-06-28	# SIP plane (no glyph)
mou	𣫬	2026-06-28	# SIP plane (no glyph)
mou	𥆆	2026-06-28	# SIP plane (no glyph)
mou	𥿵	2026-06-28	# SIP plane (no glyph)
mou	𦊋	2026-06-28	# SIP plane (no glyph)
mou	𦊎	2026-06-28	# SIP plane (no glyph)
mou	𦋡	2026-06-28	# SIP plane (no glyph)
mou	𦭷	2026-06-28	# SIP plane (no glyph)
mou	𦳑	2026-06-28	# SIP plane (no glyph)
mou	𦺒	2026-06-28	# SIP plane (no glyph)
mou	𧎄	2026-06-28	# SIP plane (no glyph)
mou	𨴍	2026-06-28	# SIP plane (no glyph)
mou	𩢫	2026-06-28	# SIP plane (no glyph)
mou	𩶢	2026-06-28	# SIP plane (no glyph)
mou	𮮇	2026-06-28	# SIP plane (no glyph)
mou	𱉲	2026-06-28	# SIP plane (no glyph)
mu	𠺖	2026-06-28	# SIP plane (no glyph)
mu	𡵬	2026-06-28	# SIP plane (no glyph)
mu	𢘃	2026-06-28	# SIP plane (no glyph)
mu	𢜯	2026-06-28	# SIP plane (no glyph)
mu	𢟨	2026-06-28	# SIP plane (no glyph)
mu	𣈊	2026-06-28	# SIP plane (no glyph)
mu	𤚅	2026-06-28	# SIP plane (no glyph)
mu	𤝂	2026-06-28	# SIP plane (no glyph)
mu	𤝕	2026-06-28	# SIP plane (no glyph)
mu	𤵝	2026-06-28	# SIP plane (no glyph)
mu	𥄈	2026-06-28	# SIP plane (no glyph)
mu	𥣸	2026-06-28	# SIP plane (no glyph)
mu	𥰻	2026-06-28	# SIP plane (no glyph)
mu	𦃤	2026-06-28	# SIP plane (no glyph)
mu	𦱒	2026-06-28	# SIP plane (no glyph)
mu	𧚀	2026-06-28	# SIP plane (no glyph)
mu	𧩒	2026-06-28	# SIP plane (no glyph)
mu	𧬏	2026-06-28	# SIP plane (no glyph)
mu	𧰷	2026-06-28	# SIP plane (no glyph)
mu	𧿹	2026-06-28	# SIP plane (no glyph)
mu	𨈶	2026-06-28	# SIP plane (no glyph)
mu	𨍎	2026-06-28	# SIP plane (no glyph)
mu	𨎸	2026-06-28	# SIP plane (no glyph)
mu	𨡭	2026-06-28	# SIP plane (no glyph)
mu	𨢢	2026-06-28	# SIP plane (no glyph)
mu	𩡨	2026-06-28	# SIP plane (no glyph)
mu	𩬍	2026-06-28	# SIP plane (no glyph)
mu	𩵦	2026-06-28	# SIP plane (no glyph)
mu	𩶖	2026-06-28	# SIP plane (no glyph)
mu	𩶩	2026-06-28	# SIP plane (no glyph)
mu	𪎫	2026-06-28	# SIP plane (no glyph)
mu	𫄲	2026-06-28	# SIP plane (no glyph)
mu	𫠏	2026-06-28	# SIP plane (no glyph)
mu	𬭁	2026-06-28	# SIP plane (no glyph)
mu	𬰃	2026-06-28	# SIP plane (no glyph)
mu	𭈈	2026-06-28	# SIP plane (no glyph)
n	𠮾	2026-06-28	# SIP plane (no glyph)
n	𧗈	2026-06-28	# SIP plane (no glyph)
na	𠕄	2026-06-28	# SIP plane (no glyph)
na	𠱲	2026-06-28	# SIP plane (no glyph)
na	𠴾	2026-06-28	# SIP plane (no glyph)
na	𡤙	2026-06-28	# SIP plane (no glyph)
na	𡰀	2026-06-28	# SIP plane (no glyph)
na	𡷝	2026-06-28	# SIP plane (no glyph)
na	𢇵	2026-06-28	# SIP plane (no glyph)
na	𢜲	2026-06-28	# SIP plane (no glyph)
na	𢡏	2026-06-28	# SIP plane (no glyph)
na	𣅚	2026-06-28	# SIP plane (no glyph)
na	𣡰	2026-06-28	# SIP plane (no glyph)
na	𣸏	2026-06-28	# SIP plane (no glyph)
na	𣹵	2026-06-28	# SIP plane (no glyph)
na	𤓷	2026-06-28	# SIP plane (no glyph)
na	𤔀	2026-06-28	# SIP plane (no glyph)
na	𤝒	2026-06-28	# SIP plane (no glyph)
na	𤬷	2026-06-28	# SIP plane (no glyph)
na	𤭠	2026-06-28	# SIP plane (no glyph)
na	𤱅	2026-06-28	# SIP plane (no glyph)
na	𤱆	2026-06-28	# SIP plane (no glyph)
na	𤷈	2026-06-28	# SIP plane (no glyph)
na	𤸏	2026-06-28	# SIP plane (no glyph)
na	𤸻	2026-06-28	# SIP plane (no glyph)
na	𥍲	2026-06-28	# SIP plane (no glyph)
na	𥑒	2026-06-28	# SIP plane (no glyph)
na	𥹉	2026-06-28	# SIP plane (no glyph)
na	𥿃	2026-06-28	# SIP plane (no glyph)
na	𦙜	2026-06-28	# SIP plane (no glyph)
na	𦛐	2026-06-28	# SIP plane (no glyph)
na	𦣀	2026-06-28	# SIP plane (no glyph)
na	𦬻	2026-06-28	# SIP plane (no glyph)
na	𦰡	2026-06-28	# SIP plane (no glyph)
na	𧋡	2026-06-28	# SIP plane (no glyph)
na	𧘽	2026-06-28	# SIP plane (no glyph)
na	𧤣	2026-06-28	# SIP plane (no glyph)
na	𧦮	2026-06-28	# SIP plane (no glyph)
na	𧰹	2026-06-28	# SIP plane (no glyph)
na	𨙻	2026-06-28	# SIP plane (no glyph)
na	𨚗	2026-06-28	# SIP plane (no glyph)
na	𩏼	2026-06-28	# SIP plane (no glyph)
na	𩚛	2026-06-28	# SIP plane (no glyph)
na	𩟿	2026-06-28	# SIP plane (no glyph)
na	𩮅	2026-06-28	# SIP plane (no glyph)
na	𩹾	2026-06-28	# SIP plane (no glyph)
na	𪌅	2026-06-28	# SIP plane (no glyph)
na	𪐀	2026-06-28	# SIP plane (no glyph)
na	𪗝	2026-06-28	# SIP plane (no glyph)
na	𫐇	2026-06-28	# SIP plane (no glyph)
na	𫽀	2026-06-28	# SIP plane (no glyph)
na	𬹻	2026-06-28	# SIP plane (no glyph)
na	𰱌	2026-06-28	# SIP plane (no glyph)
na	𱇔	2026-06-28	# SIP plane (no glyph)
na	𱇴	2026-06-28	# SIP plane (no glyph)
na	𱥷	2026-06-28	# SIP plane (no glyph)
nai	𠧤	2026-06-28	# SIP plane (no glyph)
nai	𡞫	2026-06-28	# SIP plane (no glyph)
nai	𡨵	2026-06-28	# SIP plane (no glyph)
nai	𡮙	2026-06-28	# SIP plane (no glyph)
nai	𢉓	2026-06-28	# SIP plane (no glyph)
nai	𣉘	2026-06-28	# SIP plane (no glyph)
nai	𣮦	2026-06-28	# SIP plane (no glyph)
nai	𥉃	2026-06-28	# SIP plane (no glyph)
nai	𦓎	2026-06-28	# SIP plane (no glyph)
nai	𦔹	2026-06-28	# SIP plane (no glyph)
nai	𦠸	2026-06-28	# SIP plane (no glyph)
nai	𦳐	2026-06-28	# SIP plane (no glyph)
nai	𦶅	2026-06-28	# SIP plane (no glyph)
nai	𨎡	2026-06-28	# SIP plane (no glyph)
nai	𩹟	2026-06-28	# SIP plane (no glyph)
nai	𪌞	2026-06-28	# SIP plane (no glyph)
nan	𡆤	2026-06-28	# SIP plane (no glyph)
nan	𡆱	2026-06-28	# SIP plane (no glyph)
nan	𡆲	2026-06-28	# SIP plane (no glyph)
nan	𢪈	2026-06-28	# SIP plane (no glyph)
nan	𢬷	2026-06-28	# SIP plane (no glyph)
nan	𤌔	2026-06-28	# SIP plane (no glyph)
nan	𤱣	2026-06-28	# SIP plane (no glyph)
nan	𤽲	2026-06-28	# SIP plane (no glyph)
nan	𤿏	2026-06-28	# SIP plane (no glyph)
nan	𦍀	2026-06-28	# SIP plane (no glyph)
nan	𦛚	2026-06-28	# SIP plane (no glyph)
nan	𦝧	2026-06-28	# SIP plane (no glyph)
nan	𦶈	2026-06-28	# SIP plane (no glyph)
nan	𧇙	2026-06-28	# SIP plane (no glyph)
nan	𧕴	2026-06-28	# SIP plane (no glyph)
nan	𧹞	2026-06-28	# SIP plane (no glyph)
nan	𨠹	2026-06-28	# SIP plane (no glyph)
nan	𨦳	2026-06-28	# SIP plane (no glyph)
nan	𨴌	2026-06-28	# SIP plane (no glyph)
nan	𨴘	2026-06-28	# SIP plane (no glyph)
nan	𨵴	2026-06-28	# SIP plane (no glyph)
nan	𩅠	2026-06-28	# SIP plane (no glyph)
nan	𩈑	2026-06-28	# SIP plane (no glyph)
nan	𩈶	2026-06-28	# SIP plane (no glyph)
nan	𩹞	2026-06-28	# SIP plane (no glyph)
nan	𫺷	2026-06-28	# SIP plane (no glyph)
nan	𰖠	2026-06-28	# SIP plane (no glyph)
nang	𠶬	2026-06-28	# SIP plane (no glyph)
nang	𡿝	2026-06-28	# SIP plane (no glyph)
nang	𢖧	2026-06-28	# SIP plane (no glyph)
nang	𦈃	2026-06-28	# SIP plane (no glyph)
nang	𦗳	2026-06-28	# SIP plane (no glyph)
nang	𦣘	2026-06-28	# SIP plane (no glyph)
nang	𧅺	2026-06-28	# SIP plane (no glyph)
nang	𧖒	2026-06-28	# SIP plane (no glyph)
nang	𧟘	2026-06-28	# SIP plane (no glyph)
nang	𨳆	2026-06-28	# SIP plane (no glyph)
nang	𩜒	2026-06-28	# SIP plane (no glyph)
nang	𫼮	2026-06-28	# SIP plane (no glyph)
nang	𱘭	2026-06-28	# SIP plane (no glyph)
nang	𱜀	2026-06-28	# SIP plane (no glyph)
nao	𠊦	2026-06-28	# SIP plane (no glyph)
nao	𠡷	2026-06-28	# SIP plane (no glyph)
nao	𡍍	2026-06-28	# SIP plane (no glyph)
nao	𡽧	2026-06-28	# SIP plane (no glyph)
nao	𡾂	2026-06-28	# SIP plane (no glyph)
nao	𡿺	2026-06-28	# SIP plane (no glyph)
nao	𢅈	2026-06-28	# SIP plane (no glyph)
nao	𢉵	2026-06-28	# SIP plane (no glyph)
nao	𢙐	2026-06-28	# SIP plane (no glyph)
nao	𢜸	2026-06-28	# SIP plane (no glyph)
nao	𢪼	2026-06-28	# SIP plane (no glyph)
nao	𣧽	2026-06-28	# SIP plane (no glyph)
nao	𣭺	2026-06-28	# SIP plane (no glyph)
nao	𤊲	2026-06-28	# SIP plane (no glyph)
nao	𤋫	2026-06-28	# SIP plane (no glyph)
nao	𤞍	2026-06-28	# SIP plane (no glyph)
nao	𤡤	2026-06-28	# SIP plane (no glyph)
nao	𤫕	2026-06-28	# SIP plane (no glyph)
nao	𤷻	2026-06-28	# SIP plane (no glyph)
nao	𥀮	2026-06-28	# SIP plane (no glyph)
nao	𥆲	2026-06-28	# SIP plane (no glyph)
nao	𥐻	2026-06-28	# SIP plane (no glyph)
nao	𥑪	2026-06-28	# SIP plane (no glyph)
nao	𥒢	2026-06-28	# SIP plane (no glyph)
nao	𦗮	2026-06-28	# SIP plane (no glyph)
nao	𧩣	2026-06-28	# SIP plane (no glyph)
nao	𧳦	2026-06-28	# SIP plane (no glyph)
nao	𧴓	2026-06-28	# SIP plane (no glyph)
nao	𧴙	2026-06-28	# SIP plane (no glyph)
nao	𨥸	2026-06-28	# SIP plane (no glyph)
nao	𨱵	2026-06-28	# SIP plane (no glyph)
nao	𩋈	2026-06-28	# SIP plane (no glyph)
nao	𩖯	2026-06-28	# SIP plane (no glyph)
nao	𩛋	2026-06-28	# SIP plane (no glyph)
nao	𩤘	2026-06-28	# SIP plane (no glyph)
nao	𩩀	2026-06-28	# SIP plane (no glyph)
nao	𩫔	2026-06-28	# SIP plane (no glyph)
nao	𩫺	2026-06-28	# SIP plane (no glyph)
nao	𩬷	2026-06-28	# SIP plane (no glyph)
nao	𩯆	2026-06-28	# SIP plane (no glyph)
nao	𫍢	2026-06-28	# SIP plane (no glyph)
nao	𬆛	2026-06-28	# SIP plane (no glyph)
nao	𬴨	2026-06-28	# SIP plane (no glyph)
nao	𮵑	2026-06-28	# SIP plane (no glyph)
nao	𰎞	2026-06-28	# SIP plane (no glyph)
nao	𰡻	2026-06-28	# SIP plane (no glyph)
nao	𰵠	2026-06-28	# SIP plane (no glyph)
ne	𢗉	2026-06-28	# SIP plane (no glyph)
ne	𣧍	2026-06-28	# SIP plane (no glyph)
ne	𧤜	2026-06-28	# SIP plane (no glyph)
nei	𠑚	2026-06-28	# SIP plane (no glyph)
nei	𠑛	2026-06-28	# SIP plane (no glyph)
nei	𡣢	2026-06-28	# SIP plane (no glyph)
nei	𢁩	2026-06-28	# SIP plane (no glyph)
nei	𢅼	2026-06-28	# SIP plane (no glyph)
nei	𢛉	2026-06-28	# SIP plane (no glyph)
nei	𣓃	2026-06-28	# SIP plane (no glyph)
nei	𥡭	2026-06-28	# SIP plane (no glyph)
nei	𨡌	2026-06-28	# SIP plane (no glyph)
nei	𩗔	2026-06-28	# SIP plane (no glyph)
nei	𩬀	2026-06-28	# SIP plane (no glyph)
nei	𬭗	2026-06-28	# SIP plane (no glyph)
nen	𡞾	2026-06-28	# SIP plane (no glyph)
nen	𧮠	2026-06-28	# SIP plane (no glyph)
nen	𨈗	2026-06-28	# SIP plane (no glyph)
neng	𠹌	2026-06-28	# SIP plane (no glyph)
neng	𢆂	2026-06-28	# SIP plane (no glyph)
neng	𨃳	2026-06-28	# SIP plane (no glyph)
neng	𨶙	2026-06-28	# SIP plane (no glyph)
ni	𠆵	2026-06-28	# SIP plane (no glyph)
ni	𠱘	2026-06-28	# SIP plane (no glyph)
ni	𠸺	2026-06-28	# SIP plane (no glyph)
ni	𠽬	2026-06-28	# SIP plane (no glyph)
ni	𡎳	2026-06-28	# SIP plane (no glyph)
ni	𡎿	2026-06-28	# SIP plane (no glyph)
ni	𡞭	2026-06-28	# SIP plane (no glyph)
ni	𡣁	2026-06-28	# SIP plane (no glyph)
ni	𡥦	2026-06-28	# SIP plane (no glyph)
ni	𡥨	2026-06-28	# SIP plane (no glyph)
ni	𡫸	2026-06-28	# SIP plane (no glyph)
ni	𡬗	2026-06-28	# SIP plane (no glyph)
ni	𢅟	2026-06-28	# SIP plane (no glyph)
ni	𢘝	2026-06-28	# SIP plane (no glyph)
ni	𢚮	2026-06-28	# SIP plane (no glyph)
ni	𢛜	2026-06-28	# SIP plane (no glyph)
ni	𢣚	2026-06-28	# SIP plane (no glyph)
ni	𢦱	2026-06-28	# SIP plane (no glyph)
ni	𣘗	2026-06-28	# SIP plane (no glyph)
ni	𣡋	2026-06-28	# SIP plane (no glyph)
ni	𣢞	2026-06-28	# SIP plane (no glyph)
ni	𣭙	2026-06-28	# SIP plane (no glyph)
ni	𣲷	2026-06-28	# SIP plane (no glyph)
ni	𤙌	2026-06-28	# SIP plane (no glyph)
ni	𤦤	2026-06-28	# SIP plane (no glyph)
ni	𥄽	2026-06-28	# SIP plane (no glyph)
ni	𥇄	2026-06-28	# SIP plane (no glyph)
ni	𥜦	2026-06-28	# SIP plane (no glyph)
ni	𥜬	2026-06-28	# SIP plane (no glyph)
ni	𥷄	2026-06-28	# SIP plane (no glyph)
ni	𥺜	2026-06-28	# SIP plane (no glyph)
ni	𦆦	2026-06-28	# SIP plane (no glyph)
ni	𦤽	2026-06-28	# SIP plane (no glyph)
ni	𦦃	2026-06-28	# SIP plane (no glyph)
ni	𦮾	2026-06-28	# SIP plane (no glyph)
ni	𦰫	2026-06-28	# SIP plane (no glyph)
ni	𧃩	2026-06-28	# SIP plane (no glyph)
ni	𧈞	2026-06-28	# SIP plane (no glyph)
ni	𧏾	2026-06-28	# SIP plane (no glyph)
ni	𧖷	2026-06-28	# SIP plane (no glyph)
ni	𧵼	2026-06-28	# SIP plane (no glyph)
ni	𧺰	2026-06-28	# SIP plane (no glyph)
ni	𨀀	2026-06-28	# SIP plane (no glyph)
ni	𨋗	2026-06-28	# SIP plane (no glyph)
ni	𨺙	2026-06-28	# SIP plane (no glyph)
ni	𨽦	2026-06-28	# SIP plane (no glyph)
ni	𩈢	2026-06-28	# SIP plane (no glyph)
ni	𩉹	2026-06-28	# SIP plane (no glyph)
ni	𩋪	2026-06-28	# SIP plane (no glyph)
ni	𩍦	2026-06-28	# SIP plane (no glyph)
ni	𩚯	2026-06-28	# SIP plane (no glyph)
ni	𩩢	2026-06-28	# SIP plane (no glyph)
ni	𩯨	2026-06-28	# SIP plane (no glyph)
ni	𩰞	2026-06-28	# SIP plane (no glyph)
ni	𩱄	2026-06-28	# SIP plane (no glyph)
ni	𩸦	2026-06-28	# SIP plane (no glyph)
ni	𩸧	2026-06-28	# SIP plane (no glyph)
ni	𩺝	2026-06-28	# SIP plane (no glyph)
ni	𩺱	2026-06-28	# SIP plane (no glyph)
ni	𩾆	2026-06-28	# SIP plane (no glyph)
ni	𪏵	2026-06-28	# SIP plane (no glyph)
ni	𪏸	2026-06-28	# SIP plane (no glyph)
ni	𪐌	2026-06-28	# SIP plane (no glyph)
ni	𪙛	2026-06-28	# SIP plane (no glyph)
ni	𫆏	2026-06-28	# SIP plane (no glyph)
ni	𫐐	2026-06-28	# SIP plane (no glyph)
ni	𫠜	2026-06-28	# SIP plane (no glyph)
ni	𬘸	2026-06-28	# SIP plane (no glyph)
ni	𬶪	2026-06-28	# SIP plane (no glyph)
ni	𮯴	2026-06-28	# SIP plane (no glyph)
ni	𰬳	2026-06-28	# SIP plane (no glyph)
ni	𰯋	2026-06-28	# SIP plane (no glyph)
ni	𰵵	2026-06-28	# SIP plane (no glyph)
nian	𠕟	2026-06-28	# SIP plane (no glyph)
nian	𠗋	2026-06-28	# SIP plane (no glyph)
nian	𠣇	2026-06-28	# SIP plane (no glyph)
nian	𠫺	2026-06-28	# SIP plane (no glyph)
nian	𡝟	2026-06-28	# SIP plane (no glyph)
nian	𡰫	2026-06-28	# SIP plane (no glyph)
nian	𣎔	2026-06-28	# SIP plane (no glyph)
nian	𣐏	2026-06-28	# SIP plane (no glyph)
nian	𤁥	2026-06-28	# SIP plane (no glyph)
nian	𤽿	2026-06-28	# SIP plane (no glyph)
nian	𥮘	2026-06-28	# SIP plane (no glyph)
nian	𥺴	2026-06-28	# SIP plane (no glyph)
nian	𦁇	2026-06-28	# SIP plane (no glyph)
nian	𦭁	2026-06-28	# SIP plane (no glyph)
nian	𦷙	2026-06-28	# SIP plane (no glyph)
nian	𨇍	2026-06-28	# SIP plane (no glyph)
nian	𨋚	2026-06-28	# SIP plane (no glyph)
nian	𨚶	2026-06-28	# SIP plane (no glyph)
nian	𨢯	2026-06-28	# SIP plane (no glyph)
nian	𨴞	2026-06-28	# SIP plane (no glyph)
nian	𩉄	2026-06-28	# SIP plane (no glyph)
nian	𩊫	2026-06-28	# SIP plane (no glyph)
nian	𩽴	2026-06-28	# SIP plane (no glyph)
nian	𪐇	2026-06-28	# SIP plane (no glyph)
nian	𪑮	2026-06-28	# SIP plane (no glyph)
nian	𬧑	2026-06-28	# SIP plane (no glyph)
nian	𬨅	2026-06-28	# SIP plane (no glyph)
nian	𬲫	2026-06-28	# SIP plane (no glyph)
niang	𥽬	2026-06-28	# SIP plane (no glyph)
niang	𪓃	2026-06-28	# SIP plane (no glyph)
niao	𠒰	2026-06-28	# SIP plane (no glyph)
niao	𡘏	2026-06-28	# SIP plane (no glyph)
niao	𡝋	2026-06-28	# SIP plane (no glyph)
niao	𡝒	2026-06-28	# SIP plane (no glyph)
niao	𡠿	2026-06-28	# SIP plane (no glyph)
niao	𢶑	2026-06-28	# SIP plane (no glyph)
niao	𢸣	2026-06-28	# SIP plane (no glyph)
niao	𣟊	2026-06-28	# SIP plane (no glyph)
niao	𥤂	2026-06-28	# SIP plane (no glyph)
niao	𥾇	2026-06-28	# SIP plane (no glyph)
niao	𨳀	2026-06-28	# SIP plane (no glyph)
niao	𨽖	2026-06-28	# SIP plane (no glyph)
niao	𩖔	2026-06-28	# SIP plane (no glyph)
niao	𩭑	2026-06-28	# SIP plane (no glyph)
niao	𪅝	2026-06-28	# SIP plane (no glyph)
niao	𪈼	2026-06-28	# SIP plane (no glyph)
niao	𫽲	2026-06-28	# SIP plane (no glyph)
niao	𬡇	2026-06-28	# SIP plane (no glyph)
niao	𱊜	2026-06-28	# SIP plane (no glyph)
niao	𱗅	2026-06-28	# SIP plane (no glyph)
niao	𱛆	2026-06-28	# SIP plane (no glyph)
nie	𠈊	2026-06-28	# SIP plane (no glyph)
nie	𠶿	2026-06-28	# SIP plane (no glyph)
nie	𡆣	2026-06-28	# SIP plane (no glyph)
nie	𡍤	2026-06-28	# SIP plane (no glyph)
nie	𡰆	2026-06-28	# SIP plane (no glyph)
nie	𡴎	2026-06-28	# SIP plane (no glyph)
nie	𡶫	2026-06-28	# SIP plane (no glyph)
nie	𡸣	2026-06-28	# SIP plane (no glyph)
nie	𡾦	2026-06-28	# SIP plane (no glyph)
nie	𡾲	2026-06-28	# SIP plane (no glyph)
nie	𡿖	2026-06-28	# SIP plane (no glyph)
nie	𡿗	2026-06-28	# SIP plane (no glyph)
nie	𢈸	2026-06-28	# SIP plane (no glyph)
nie	𢫻	2026-06-28	# SIP plane (no glyph)
nie	𣀳	2026-06-28	# SIP plane (no glyph)
nie	𣌍	2026-06-28	# SIP plane (no glyph)
nie	𣙗	2026-06-28	# SIP plane (no glyph)
nie	𣯭	2026-06-28	# SIP plane (no glyph)
nie	𣰼	2026-06-28	# SIP plane (no glyph)
nie	𤭂	2026-06-28	# SIP plane (no glyph)
nie	𤴘	2026-06-28	# SIP plane (no glyph)
nie	𤶚	2026-06-28	# SIP plane (no glyph)
nie	𤺐	2026-06-28	# SIP plane (no glyph)
nie	𥔄	2026-06-28	# SIP plane (no glyph)
nie	𥬞	2026-06-28	# SIP plane (no glyph)
nie	𥬬	2026-06-28	# SIP plane (no glyph)
nie	𥮤	2026-06-28	# SIP plane (no glyph)
nie	𦄌	2026-06-28	# SIP plane (no glyph)
nie	𦈙	2026-06-28	# SIP plane (no glyph)
nie	𦘒	2026-06-28	# SIP plane (no glyph)
nie	𦛠	2026-06-28	# SIP plane (no glyph)
nie	𦞆	2026-06-28	# SIP plane (no glyph)
nie	𦯖	2026-06-28	# SIP plane (no glyph)
nie	𦵐	2026-06-28	# SIP plane (no glyph)
nie	𧁈	2026-06-28	# SIP plane (no glyph)
nie	𧋖	2026-06-28	# SIP plane (no glyph)
nie	𧞍	2026-06-28	# SIP plane (no glyph)
nie	𧻼	2026-06-28	# SIP plane (no glyph)
nie	𨊞	2026-06-28	# SIP plane (no glyph)
nie	𨙓	2026-06-28	# SIP plane (no glyph)
nie	𨱺	2026-06-28	# SIP plane (no glyph)
nie	𨲀	2026-06-28	# SIP plane (no glyph)
nie	𨶠	2026-06-28	# SIP plane (no glyph)
nie	𨻄	2026-06-28	# SIP plane (no glyph)
nie	𩋏	2026-06-28	# SIP plane (no glyph)
nie	𩐭	2026-06-28	# SIP plane (no glyph)
nie	𩒕	2026-06-28	# SIP plane (no glyph)
nie	𩖁	2026-06-28	# SIP plane (no glyph)
nie	𩣘	2026-06-28	# SIP plane (no glyph)
nie	𪌊	2026-06-28	# SIP plane (no glyph)
nie	𪌿	2026-06-28	# SIP plane (no glyph)
nie	𪎃	2026-06-28	# SIP plane (no glyph)
nie	𪎅	2026-06-28	# SIP plane (no glyph)
nie	𪩛	2026-06-28	# SIP plane (no glyph)
nie	𫓻	2026-06-28	# SIP plane (no glyph)
nie	𫔶	2026-06-28	# SIP plane (no glyph)
nie	𫜩	2026-06-28	# SIP plane (no glyph)
nie	𬛸	2026-06-28	# SIP plane (no glyph)
nie	𬹌	2026-06-28	# SIP plane (no glyph)
nie	𬺂	2026-06-28	# SIP plane (no glyph)
nie	𰵹	2026-06-28	# SIP plane (no glyph)
nie	𰺠	2026-06-28	# SIP plane (no glyph)
nie	𰾾	2026-06-28	# SIP plane (no glyph)
nin	𠽝	2026-06-28	# SIP plane (no glyph)
ning	𡫃	2026-06-28	# SIP plane (no glyph)
ning	𣍆	2026-06-28	# SIP plane (no glyph)
ning	𤕦	2026-06-28	# SIP plane (no glyph)
ning	𤹧	2026-06-28	# SIP plane (no glyph)
ning	𤻝	2026-06-28	# SIP plane (no glyph)
ning	𥣗	2026-06-28	# SIP plane (no glyph)
ning	𥧤	2026-06-28	# SIP plane (no glyph)
ning	𥳥	2026-06-28	# SIP plane (no glyph)
ning	𦡲	2026-06-28	# SIP plane (no glyph)
ning	𦡼	2026-06-28	# SIP plane (no glyph)
ning	𧃱	2026-06-28	# SIP plane (no glyph)
ning	𧑗	2026-06-28	# SIP plane (no glyph)
ning	𧕝	2026-06-28	# SIP plane (no glyph)
ning	𧭈	2026-06-28	# SIP plane (no glyph)
ning	𩕳	2026-06-28	# SIP plane (no glyph)
ning	𪥰	2026-06-28	# SIP plane (no glyph)
ning	𫍾	2026-06-28	# SIP plane (no glyph)
ning	𫛢	2026-06-28	# SIP plane (no glyph)
ning	𬬾	2026-06-28	# SIP plane (no glyph)
ning	𬲲	2026-06-28	# SIP plane (no glyph)
ning	𮫂	2026-06-28	# SIP plane (no glyph)
ning	𰚔	2026-06-28	# SIP plane (no glyph)
ning	𰣩	2026-06-28	# SIP plane (no glyph)
niu	𣧊	2026-06-28	# SIP plane (no glyph)
niu	𣲶	2026-06-28	# SIP plane (no glyph)
niu	𥀝	2026-06-28	# SIP plane (no glyph)
niu	𥍳	2026-06-28	# SIP plane (no glyph)
niu	𥝦	2026-06-28	# SIP plane (no glyph)
niu	𧘥	2026-06-28	# SIP plane (no glyph)
niu	𨋀	2026-06-28	# SIP plane (no glyph)
niu	𨙺	2026-06-28	# SIP plane (no glyph)
niu	𨳞	2026-06-28	# SIP plane (no glyph)
niu	𨷁	2026-06-28	# SIP plane (no glyph)
niu	𩈇	2026-06-28	# SIP plane (no glyph)
niu	𩙷	2026-06-28	# SIP plane (no glyph)
niu	𩚖	2026-06-28	# SIP plane (no glyph)
niu	𩲍	2026-06-28	# SIP plane (no glyph)
niu	𩵠	2026-06-28	# SIP plane (no glyph)
niu	𪏲	2026-06-28	# SIP plane (no glyph)
nong	𠘊	2026-06-28	# SIP plane (no glyph)
nong	𥂒	2026-06-28	# SIP plane (no glyph)
nong	𨑊	2026-06-28	# SIP plane (no glyph)
nong	𨲳	2026-06-28	# SIP plane (no glyph)
nong	𩅽	2026-06-28	# SIP plane (no glyph)
nong	𩇔	2026-06-28	# SIP plane (no glyph)
nong	𩟊	2026-06-28	# SIP plane (no glyph)
nong	𪆯	2026-06-28	# SIP plane (no glyph)
nong	𪒬	2026-06-28	# SIP plane (no glyph)
nong	𪺻	2026-06-28	# SIP plane (no glyph)
nong	𫄣	2026-06-28	# SIP plane (no glyph)
nong	𫇽	2026-06-28	# SIP plane (no glyph)
nong	𫍦	2026-06-28	# SIP plane (no glyph)
nong	𫔖	2026-06-28	# SIP plane (no glyph)
nong	𫯒	2026-06-28	# SIP plane (no glyph)
nong	𬂰	2026-06-28	# SIP plane (no glyph)
nong	𬪩	2026-06-28	# SIP plane (no glyph)
nong	𬴩	2026-06-28	# SIP plane (no glyph)
nong	𬹖	2026-06-28	# SIP plane (no glyph)
nong	𰧾	2026-06-28	# SIP plane (no glyph)
nong	𰳺	2026-06-28	# SIP plane (no glyph)
nong	𱌖	2026-06-28	# SIP plane (no glyph)
nou	𠲴	2026-06-28	# SIP plane (no glyph)
nou	𡝦	2026-06-28	# SIP plane (no glyph)
nou	𡨻	2026-06-28	# SIP plane (no glyph)
nou	𡭾	2026-06-28	# SIP plane (no glyph)
nou	𢉕	2026-06-28	# SIP plane (no glyph)
nou	𢉚	2026-06-28	# SIP plane (no glyph)
nou	𣻖	2026-06-28	# SIP plane (no glyph)
nou	𤟦	2026-06-28	# SIP plane (no glyph)
nou	𥀫	2026-06-28	# SIP plane (no glyph)
nou	𧂦	2026-06-28	# SIP plane (no glyph)
nou	𧃨	2026-06-28	# SIP plane (no glyph)
nou	𧅘	2026-06-28	# SIP plane (no glyph)
nou	𩆟	2026-06-28	# SIP plane (no glyph)
nou	𩒔	2026-06-28	# SIP plane (no glyph)
nou	𪋺	2026-06-28	# SIP plane (no glyph)
nou	𬭦	2026-06-28	# SIP plane (no glyph)
nou	𰶌	2026-06-28	# SIP plane (no glyph)
nu	𠴂	2026-06-28	# SIP plane (no glyph)
nu	𢪦	2026-06-28	# SIP plane (no glyph)
nu	𢫓	2026-06-28	# SIP plane (no glyph)
nu	𢫭	2026-06-28	# SIP plane (no glyph)
nu	𥅄	2026-06-28	# SIP plane (no glyph)
nu	𥛑	2026-06-28	# SIP plane (no glyph)
nu	𥤨	2026-06-28	# SIP plane (no glyph)
nu	𥱂	2026-06-28	# SIP plane (no glyph)
nu	𧉭	2026-06-28	# SIP plane (no glyph)
nu	𧪅	2026-06-28	# SIP plane (no glyph)
nu	𧿔	2026-06-28	# SIP plane (no glyph)
nu	𪺹	2026-06-28	# SIP plane (no glyph)
nuan	𪋐	2026-06-28	# SIP plane (no glyph)
nuan	𫗬	2026-06-28	# SIP plane (no glyph)
nuo	𠸱	2026-06-28	# SIP plane (no glyph)
nuo	𠹈	2026-06-28	# SIP plane (no glyph)
nuo	𡖔	2026-06-28	# SIP plane (no glyph)
nuo	𡖫	2026-06-28	# SIP plane (no glyph)
nuo	𡬥	2026-06-28	# SIP plane (no glyph)
nuo	𡿊	2026-06-28	# SIP plane (no glyph)
nuo	𢜪	2026-06-28	# SIP plane (no glyph)
nuo	𢰜	2026-06-28	# SIP plane (no glyph)
nuo	𢾲	2026-06-28	# SIP plane (no glyph)
nuo	𣃽	2026-06-28	# SIP plane (no glyph)
nuo	𣆚	2026-06-28	# SIP plane (no glyph)
nuo	𤘟	2026-06-28	# SIP plane (no glyph)
nuo	𥑽	2026-06-28	# SIP plane (no glyph)
nuo	𥻾	2026-06-28	# SIP plane (no glyph)
nuo	𦀨	2026-06-28	# SIP plane (no glyph)
nuo	𦂍	2026-06-28	# SIP plane (no glyph)
nuo	𦓢	2026-06-28	# SIP plane (no glyph)
nuo	𦡃	2026-06-28	# SIP plane (no glyph)
nuo	𦩜	2026-06-28	# SIP plane (no glyph)
nuo	𧣚	2026-06-28	# SIP plane (no glyph)
nuo	𧣺	2026-06-28	# SIP plane (no glyph)
nuo	𨁌	2026-06-28	# SIP plane (no glyph)
nuo	𨎭	2026-06-28	# SIP plane (no glyph)
nuo	𩈺	2026-06-28	# SIP plane (no glyph)
nuo	𩴓	2026-06-28	# SIP plane (no glyph)
nuo	𩷁	2026-06-28	# SIP plane (no glyph)
nv	𥄋	2026-06-28	# SIP plane (no glyph)
nv	𥍞	2026-06-28	# SIP plane (no glyph)
nv	𦓕	2026-06-28	# SIP plane (no glyph)
nv	𦓖	2026-06-28	# SIP plane (no glyph)
nve	𨵫	2026-06-28	# SIP plane (no glyph)
ou	𠙶	2026-06-28	# SIP plane (no glyph)
ou	𠢔	2026-06-28	# SIP plane (no glyph)
ou	𠥝	2026-06-28	# SIP plane (no glyph)
ou	𠴰	2026-06-28	# SIP plane (no glyph)
ou	𡂿	2026-06-28	# SIP plane (no glyph)
ou	𡈆	2026-06-28	# SIP plane (no glyph)
ou	𡩾	2026-06-28	# SIP plane (no glyph)
ou	𣂻	2026-06-28	# SIP plane (no glyph)
ou	𣉾	2026-06-28	# SIP plane (no glyph)
ou	𣓕	2026-06-28	# SIP plane (no glyph)
ou	𣢨	2026-06-28	# SIP plane (no glyph)
ou	𣽕	2026-06-28	# SIP plane (no glyph)
ou	𤁮	2026-06-28	# SIP plane (no glyph)
ou	𤛐	2026-06-28	# SIP plane (no glyph)
ou	𤵎	2026-06-28	# SIP plane (no glyph)
ou	𥈬	2026-06-28	# SIP plane (no glyph)
ou	𥐂	2026-06-28	# SIP plane (no glyph)
ou	𥧆	2026-06-28	# SIP plane (no glyph)
ou	𥱸	2026-06-28	# SIP plane (no glyph)
ou	𥻑	2026-06-28	# SIP plane (no glyph)
ou	𦂕	2026-06-28	# SIP plane (no glyph)
ou	𧖼	2026-06-28	# SIP plane (no glyph)
ou	𧪓	2026-06-28	# SIP plane (no glyph)
ou	𩀫	2026-06-28	# SIP plane (no glyph)
ou	𩔸	2026-06-28	# SIP plane (no glyph)
ou	𩥋	2026-06-28	# SIP plane (no glyph)
ou	𪊪	2026-06-28	# SIP plane (no glyph)
ou	𪙃	2026-06-28	# SIP plane (no glyph)
ou	𫋲	2026-06-28	# SIP plane (no glyph)
ou	𫪘	2026-06-28	# SIP plane (no glyph)
ou	𫭟	2026-06-28	# SIP plane (no glyph)
ou	𬁵	2026-06-28	# SIP plane (no glyph)
ou	𬉼	2026-06-28	# SIP plane (no glyph)
ou	𬔯	2026-06-28	# SIP plane (no glyph)
ou	𬕦	2026-06-28	# SIP plane (no glyph)
ou	𬸁	2026-06-28	# SIP plane (no glyph)
ou	𰽜	2026-06-28	# SIP plane (no glyph)
ou	𱌹	2026-06-28	# SIP plane (no glyph)
ou	𱸂	2026-06-28	# SIP plane (no glyph)
pa	𣚒	2026-06-28	# SIP plane (no glyph)
pa	𣧜	2026-06-28	# SIP plane (no glyph)
pa	𣱺	2026-06-28	# SIP plane (no glyph)
pa	𤆵	2026-06-28	# SIP plane (no glyph)
pa	𤽉	2026-06-28	# SIP plane (no glyph)
pa	𥐙	2026-06-28	# SIP plane (no glyph)
pa	𥩙	2026-06-28	# SIP plane (no glyph)
pa	𦐆	2026-06-28	# SIP plane (no glyph)
pa	𧑡	2026-06-28	# SIP plane (no glyph)
pa	𧣃	2026-06-28	# SIP plane (no glyph)
pa	𧣣	2026-06-28	# SIP plane (no glyph)
pa	𨋐	2026-06-28	# SIP plane (no glyph)
pa	𩈆	2026-06-28	# SIP plane (no glyph)
pa	𪗔	2026-06-28	# SIP plane (no glyph)
pa	𱍕	2026-06-28	# SIP plane (no glyph)
pai	𠂢	2026-06-28	# SIP plane (no glyph)
pai	𠸁	2026-06-28	# SIP plane (no glyph)
pai	𣏟	2026-06-28	# SIP plane (no glyph)
pai	𣖐	2026-06-28	# SIP plane (no glyph)
pai	𣝁	2026-06-28	# SIP plane (no glyph)
pai	𣲖	2026-06-28	# SIP plane (no glyph)
pai	𣴪	2026-06-28	# SIP plane (no glyph)
pai	𥯟	2026-06-28	# SIP plane (no glyph)
pai	𥱼	2026-06-28	# SIP plane (no glyph)
pai	𥴖	2026-06-28	# SIP plane (no glyph)
pai	𥿯	2026-06-28	# SIP plane (no glyph)
pai	𦔠	2026-06-28	# SIP plane (no glyph)
pai	𦩯	2026-06-28	# SIP plane (no glyph)
pai	𦫖	2026-06-28	# SIP plane (no glyph)
pai	𧵠	2026-06-28	# SIP plane (no glyph)
pai	𩛇	2026-06-28	# SIP plane (no glyph)
pai	𬘦	2026-06-28	# SIP plane (no glyph)
pai	𰠹	2026-06-28	# SIP plane (no glyph)
pai	𰺎	2026-06-28	# SIP plane (no glyph)
pai	𱖼	2026-06-28	# SIP plane (no glyph)
pan	𠽲	2026-06-28	# SIP plane (no glyph)
pan	𡞟	2026-06-28	# SIP plane (no glyph)
pan	𢰿	2026-06-28	# SIP plane (no glyph)
pan	𣁦	2026-06-28	# SIP plane (no glyph)
pan	𣔚	2026-06-28	# SIP plane (no glyph)
pan	𤄜	2026-06-28	# SIP plane (no glyph)
pan	𤄧	2026-06-28	# SIP plane (no glyph)
pan	𤖭	2026-06-28	# SIP plane (no glyph)
pan	𤠍	2026-06-28	# SIP plane (no glyph)
pan	𤺏	2026-06-28	# SIP plane (no glyph)
pan	𤻷	2026-06-28	# SIP plane (no glyph)
pan	𥈼	2026-06-28	# SIP plane (no glyph)
pan	𥉟	2026-06-28	# SIP plane (no glyph)
pan	𥌊	2026-06-28	# SIP plane (no glyph)
pan	𥕿	2026-06-28	# SIP plane (no glyph)
pan	𦙀	2026-06-28	# SIP plane (no glyph)
pan	𦪹	2026-06-28	# SIP plane (no glyph)
pan	𧺾	2026-06-28	# SIP plane (no glyph)
pan	𨂝	2026-06-28	# SIP plane (no glyph)
pan	𨃞	2026-06-28	# SIP plane (no glyph)
pan	𨃟	2026-06-28	# SIP plane (no glyph)
pan	𨒃	2026-06-28	# SIP plane (no glyph)
pan	𪄀	2026-06-28	# SIP plane (no glyph)
pan	𪒀	2026-06-28	# SIP plane (no glyph)
pan	𫟟	2026-06-28	# SIP plane (no glyph)
pan	𬱙	2026-06-28	# SIP plane (no glyph)
pang	𠗵	2026-06-28	# SIP plane (no glyph)
pang	𠦲	2026-06-28	# SIP plane (no glyph)
pang	𡅃	2026-06-28	# SIP plane (no glyph)
pang	𢐊	2026-06-28	# SIP plane (no glyph)
pang	𣂆	2026-06-28	# SIP plane (no glyph)
pang	𤧭	2026-06-28	# SIP plane (no glyph)
pang	𥪴	2026-06-28	# SIP plane (no glyph)
pang	𦜍	2026-06-28	# SIP plane (no glyph)
pang	𦣂	2026-06-28	# SIP plane (no glyph)
pang	𧔧	2026-06-28	# SIP plane (no glyph)
pang	𧿆	2026-06-28	# SIP plane (no glyph)
pang	𨜷	2026-06-28	# SIP plane (no glyph)
pang	𩃎	2026-06-28	# SIP plane (no glyph)
pang	𩅅	2026-06-28	# SIP plane (no glyph)
pang	𩈈	2026-06-28	# SIP plane (no glyph)
pang	𩐨	2026-06-28	# SIP plane (no glyph)
pang	𪐿	2026-06-28	# SIP plane (no glyph)
pang	𪔔	2026-06-28	# SIP plane (no glyph)
pao	𠣳	2026-06-28	# SIP plane (no glyph)
pao	𡂘	2026-06-28	# SIP plane (no glyph)
pao	𡧙	2026-06-28	# SIP plane (no glyph)
pao	𡯈	2026-06-28	# SIP plane (no glyph)
pao	𡾌	2026-06-28	# SIP plane (no glyph)
pao	𢾳	2026-06-28	# SIP plane (no glyph)
pao	𣕅	2026-06-28	# SIP plane (no glyph)
pao	𣚇	2026-06-28	# SIP plane (no glyph)
pao	𣟏	2026-06-28	# SIP plane (no glyph)
pao	𣮃	2026-06-28	# SIP plane (no glyph)
pao	𣶐	2026-06-28	# SIP plane (no glyph)
pao	𤔉	2026-06-28	# SIP plane (no glyph)
pao	𥶔	2026-06-28	# SIP plane (no glyph)
pao	𦐸	2026-06-28	# SIP plane (no glyph)
pao	𦠖	2026-06-28	# SIP plane (no glyph)
pao	𧙌	2026-06-28	# SIP plane (no glyph)
pao	𨋛	2026-06-28	# SIP plane (no glyph)
pao	𨣙	2026-06-28	# SIP plane (no glyph)
pao	𩂞	2026-06-28	# SIP plane (no glyph)
pao	𩆘	2026-06-28	# SIP plane (no glyph)
pao	𩎘	2026-06-28	# SIP plane (no glyph)
pao	𩎾	2026-06-28	# SIP plane (no glyph)
pao	𩐜	2026-06-28	# SIP plane (no glyph)
pao	𩗥	2026-06-28	# SIP plane (no glyph)
pao	𪊳	2026-06-28	# SIP plane (no glyph)
pao	𪿫	2026-06-28	# SIP plane (no glyph)
pao	𰺂	2026-06-28	# SIP plane (no glyph)
pao	𲋏	2026-06-28	# SIP plane (no glyph)
pei	𢁖	2026-06-28	# SIP plane (no glyph)
pei	𢘀	2026-06-28	# SIP plane (no glyph)
pei	𢥐	2026-06-28	# SIP plane (no glyph)
pei	𣍺	2026-06-28	# SIP plane (no glyph)
pei	𣬆	2026-06-28	# SIP plane (no glyph)
pei	𣯱	2026-06-28	# SIP plane (no glyph)
pei	𤗏	2026-06-28	# SIP plane (no glyph)
pei	𤬃	2026-06-28	# SIP plane (no glyph)
pei	𥄔	2026-06-28	# SIP plane (no glyph)
pei	𥹂	2026-06-28	# SIP plane (no glyph)
pei	𦙂	2026-06-28	# SIP plane (no glyph)
pei	𦸪	2026-06-28	# SIP plane (no glyph)
pei	𧳏	2026-06-28	# SIP plane (no glyph)
pei	𧴥	2026-06-28	# SIP plane (no glyph)
pei	𨓿	2026-06-28	# SIP plane (no glyph)
pei	𨙶	2026-06-28	# SIP plane (no glyph)
pei	𨛬	2026-06-28	# SIP plane (no glyph)
pei	𩎜	2026-06-28	# SIP plane (no glyph)
pei	𩑢	2026-06-28	# SIP plane (no glyph)
pei	𩖭	2026-06-28	# SIP plane (no glyph)
pei	𩵣	2026-06-28	# SIP plane (no glyph)
pen	𠺔	2026-06-28	# SIP plane (no glyph)
pen	𠽾	2026-06-28	# SIP plane (no glyph)
pen	𡺜	2026-06-28	# SIP plane (no glyph)
pen	𪂽	2026-06-28	# SIP plane (no glyph)
pen	𬅫	2026-06-28	# SIP plane (no glyph)
peng	𡂫	2026-06-28	# SIP plane (no glyph)
peng	𡗗	2026-06-28	# SIP plane (no glyph)
peng	𡼜	2026-06-28	# SIP plane (no glyph)
peng	𢏳	2026-06-28	# SIP plane (no glyph)
peng	𢪋	2026-06-28	# SIP plane (no glyph)
peng	𢼩	2026-06-28	# SIP plane (no glyph)
peng	𢽩	2026-06-28	# SIP plane (no glyph)
peng	𣟀	2026-06-28	# SIP plane (no glyph)
peng	𣨞	2026-06-28	# SIP plane (no glyph)
peng	𤖳	2026-06-28	# SIP plane (no glyph)
peng	𤘾	2026-06-28	# SIP plane (no glyph)
peng	𥕱	2026-06-28	# SIP plane (no glyph)
peng	𥕽	2026-06-28	# SIP plane (no glyph)
peng	𦚝	2026-06-28	# SIP plane (no glyph)
peng	𦪪	2026-06-28	# SIP plane (no glyph)
peng	𦯰	2026-06-28	# SIP plane (no glyph)
peng	𧌇	2026-06-28	# SIP plane (no glyph)
peng	𧚋	2026-06-28	# SIP plane (no glyph)
peng	𧴂	2026-06-28	# SIP plane (no glyph)
peng	𨂃	2026-06-28	# SIP plane (no glyph)
peng	𨅘	2026-06-28	# SIP plane (no glyph)
peng	𨍩	2026-06-28	# SIP plane (no glyph)
peng	𨎧	2026-06-28	# SIP plane (no glyph)
peng	𨎳	2026-06-28	# SIP plane (no glyph)
peng	𨑎	2026-06-28	# SIP plane (no glyph)
peng	𨠟	2026-06-28	# SIP plane (no glyph)
peng	𨲰	2026-06-28	# SIP plane (no glyph)
peng	𨺀	2026-06-28	# SIP plane (no glyph)
peng	𩄦	2026-06-28	# SIP plane (no glyph)
peng	𩐛	2026-06-28	# SIP plane (no glyph)
peng	𩖛	2026-06-28	# SIP plane (no glyph)
peng	𩡕	2026-06-28	# SIP plane (no glyph)
peng	𩱀	2026-06-28	# SIP plane (no glyph)
peng	𩸀	2026-06-28	# SIP plane (no glyph)
peng	𪔍	2026-06-28	# SIP plane (no glyph)
peng	𬭖	2026-06-28	# SIP plane (no glyph)
peng	𬳴	2026-06-28	# SIP plane (no glyph)
peng	𬴅	2026-06-28	# SIP plane (no glyph)
peng	𰹽	2026-06-28	# SIP plane (no glyph)
peng	𰺏	2026-06-28	# SIP plane (no glyph)
peng	𰿬	2026-06-28	# SIP plane (no glyph)
peng	𱤭	2026-06-28	# SIP plane (no glyph)
pi	𠜱	2026-06-28	# SIP plane (no glyph)
pi	𠡄	2026-06-28	# SIP plane (no glyph)
pi	𠨸	2026-06-28	# SIP plane (no glyph)
pi	𠪮	2026-06-28	# SIP plane (no glyph)
pi	𠯔	2026-06-28	# SIP plane (no glyph)
pi	𠯭	2026-06-28	# SIP plane (no glyph)
pi	𠵬	2026-06-28	# SIP plane (no glyph)
pi	𠹦	2026-06-28	# SIP plane (no glyph)
pi	𡊝	2026-06-28	# SIP plane (no glyph)
pi	𡛘	2026-06-28	# SIP plane (no glyph)
pi	𡛡	2026-06-28	# SIP plane (no glyph)
pi	𡦟	2026-06-28	# SIP plane (no glyph)
pi	𡲮	2026-06-28	# SIP plane (no glyph)
pi	𡶌	2026-06-28	# SIP plane (no glyph)
pi	𡺮	2026-06-28	# SIP plane (no glyph)
pi	𢇳	2026-06-28	# SIP plane (no glyph)
pi	𢓖	2026-06-28	# SIP plane (no glyph)
pi	𢞗	2026-06-28	# SIP plane (no glyph)
pi	𢰘	2026-06-28	# SIP plane (no glyph)
pi	𢱧	2026-06-28	# SIP plane (no glyph)
pi	𢻹	2026-06-28	# SIP plane (no glyph)
pi	𢾇	2026-06-28	# SIP plane (no glyph)
pi	𢾱	2026-06-28	# SIP plane (no glyph)
pi	𣓋	2026-06-28	# SIP plane (no glyph)
pi	𣔬	2026-06-28	# SIP plane (no glyph)
pi	𣖰	2026-06-28	# SIP plane (no glyph)
pi	𣢋	2026-06-28	# SIP plane (no glyph)
pi	𣪉	2026-06-28	# SIP plane (no glyph)
pi	𣬉	2026-06-28	# SIP plane (no glyph)
pi	𣬮	2026-06-28	# SIP plane (no glyph)
pi	𣬼	2026-06-28	# SIP plane (no glyph)
pi	𣹚	2026-06-28	# SIP plane (no glyph)
pi	𣹮	2026-06-28	# SIP plane (no glyph)
pi	𤂃	2026-06-28	# SIP plane (no glyph)
pi	𤖿	2026-06-28	# SIP plane (no glyph)
pi	𤘢	2026-06-28	# SIP plane (no glyph)
pi	𤘤	2026-06-28	# SIP plane (no glyph)
pi	𤘹	2026-06-28	# SIP plane (no glyph)
pi	𤚪	2026-06-28	# SIP plane (no glyph)
pi	𤬭	2026-06-28	# SIP plane (no glyph)
pi	𤱍	2026-06-28	# SIP plane (no glyph)
pi	𤴣	2026-06-28	# SIP plane (no glyph)
pi	𤷒	2026-06-28	# SIP plane (no glyph)
pi	𤼜	2026-06-28	# SIP plane (no glyph)
pi	𤿇	2026-06-28	# SIP plane (no glyph)
pi	𤿎	2026-06-28	# SIP plane (no glyph)
pi	𤿐	2026-06-28	# SIP plane (no glyph)
pi	𥀘	2026-06-28	# SIP plane (no glyph)
pi	𥔁	2026-06-28	# SIP plane (no glyph)
pi	𥤻	2026-06-28	# SIP plane (no glyph)
pi	𥯡	2026-06-28	# SIP plane (no glyph)
pi	𦀘	2026-06-28	# SIP plane (no glyph)
pi	𦃋	2026-06-28	# SIP plane (no glyph)
pi	𦊁	2026-06-28	# SIP plane (no glyph)
pi	𦘩	2026-06-28	# SIP plane (no glyph)
pi	𦘲	2026-06-28	# SIP plane (no glyph)
pi	𦤢	2026-06-28	# SIP plane (no glyph)
pi	𦨭	2026-06-28	# SIP plane (no glyph)
pi	𦰽	2026-06-28	# SIP plane (no glyph)
pi	𦳈	2026-06-28	# SIP plane (no glyph)
pi	𦹽	2026-06-28	# SIP plane (no glyph)
pi	𧑜	2026-06-28	# SIP plane (no glyph)
pi	𧓎	2026-06-28	# SIP plane (no glyph)
pi	𧧺	2026-06-28	# SIP plane (no glyph)
pi	𧪫	2026-06-28	# SIP plane (no glyph)
pi	𧲺	2026-06-28	# SIP plane (no glyph)
pi	𧳼	2026-06-28	# SIP plane (no glyph)
pi	𧴉	2026-06-28	# SIP plane (no glyph)
pi	𧾑	2026-06-28	# SIP plane (no glyph)
pi	𨈚	2026-06-28	# SIP plane (no glyph)
pi	𨐴	2026-06-28	# SIP plane (no glyph)
pi	𨑜	2026-06-28	# SIP plane (no glyph)
pi	𨤽	2026-06-28	# SIP plane (no glyph)
pi	𨧦	2026-06-28	# SIP plane (no glyph)
pi	𨲐	2026-06-28	# SIP plane (no glyph)
pi	𨵡	2026-06-28	# SIP plane (no glyph)
pi	𨵩	2026-06-28	# SIP plane (no glyph)
pi	𨸆	2026-06-28	# SIP plane (no glyph)
pi	𨺤	2026-06-28	# SIP plane (no glyph)
pi	𨻀	2026-06-28	# SIP plane (no glyph)
pi	𩔙	2026-06-28	# SIP plane (no glyph)
pi	𩗫	2026-06-28	# SIP plane (no glyph)
pi	𩜰	2026-06-28	# SIP plane (no glyph)
pi	𩣚	2026-06-28	# SIP plane (no glyph)
pi	𩫫	2026-06-28	# SIP plane (no glyph)
pi	𪄆	2026-06-28	# SIP plane (no glyph)
pi	𪇊	2026-06-28	# SIP plane (no glyph)
pi	𪉔	2026-06-28	# SIP plane (no glyph)
pi	𪊕	2026-06-28	# SIP plane (no glyph)
pi	𪌈	2026-06-28	# SIP plane (no glyph)
pi	𪖞	2026-06-28	# SIP plane (no glyph)
pi	𪛎	2026-06-28	# SIP plane (no glyph)
pi	𫛨	2026-06-28	# SIP plane (no glyph)
pi	𫜔	2026-06-28	# SIP plane (no glyph)
pi	𬨌	2026-06-28	# SIP plane (no glyph)
pi	𬨔	2026-06-28	# SIP plane (no glyph)
pi	𬬫	2026-06-28	# SIP plane (no glyph)
pi	𬭃	2026-06-28	# SIP plane (no glyph)
pi	𬱰	2026-06-28	# SIP plane (no glyph)
pi	𬳵	2026-06-28	# SIP plane (no glyph)
pi	𬸯	2026-06-28	# SIP plane (no glyph)
pi	𰽧	2026-06-28	# SIP plane (no glyph)
pi	𰽸	2026-06-28	# SIP plane (no glyph)
pi	𰾎	2026-06-28	# SIP plane (no glyph)
pi	𰿾	2026-06-28	# SIP plane (no glyph)
pi	𱂮	2026-06-28	# SIP plane (no glyph)
pi	𱇒	2026-06-28	# SIP plane (no glyph)
pi	𱇝	2026-06-28	# SIP plane (no glyph)
pi	𱉖	2026-06-28	# SIP plane (no glyph)
pian	𠯯	2026-06-28	# SIP plane (no glyph)
pian	𠷊	2026-06-28	# SIP plane (no glyph)
pian	𡎚	2026-06-28	# SIP plane (no glyph)
pian	𢉞	2026-06-28	# SIP plane (no glyph)
pian	𢐃	2026-06-28	# SIP plane (no glyph)
pian	𢕨	2026-06-28	# SIP plane (no glyph)
pian	𦳄	2026-06-28	# SIP plane (no glyph)
pian	𧍲	2026-06-28	# SIP plane (no glyph)
pian	𧡤	2026-06-28	# SIP plane (no glyph)
pian	𧱩	2026-06-28	# SIP plane (no glyph)
pian	𨂯	2026-06-28	# SIP plane (no glyph)
pian	𨲜	2026-06-28	# SIP plane (no glyph)
pian	𨵸	2026-06-28	# SIP plane (no glyph)
pian	𨸇	2026-06-28	# SIP plane (no glyph)
pian	𪘀	2026-06-28	# SIP plane (no glyph)
pian	𪚏	2026-06-28	# SIP plane (no glyph)
pian	𬸜	2026-06-28	# SIP plane (no glyph)
pian	𱅝	2026-06-28	# SIP plane (no glyph)
piao	𠷻	2026-06-28	# SIP plane (no glyph)
piao	𡢱	2026-06-28	# SIP plane (no glyph)
piao	𡣋	2026-06-28	# SIP plane (no glyph)
piao	𣋳	2026-06-28	# SIP plane (no glyph)
piao	𣝐	2026-06-28	# SIP plane (no glyph)
piao	𣳭	2026-06-28	# SIP plane (no glyph)
piao	𦭼	2026-06-28	# SIP plane (no glyph)
piao	𧌠	2026-06-28	# SIP plane (no glyph)
piao	𧽤	2026-06-28	# SIP plane (no glyph)
piao	𨝓	2026-06-28	# SIP plane (no glyph)
piao	𨮬	2026-06-28	# SIP plane (no glyph)
piao	𩄷	2026-06-28	# SIP plane (no glyph)
piao	𩗏	2026-06-28	# SIP plane (no glyph)
piao	𩙒	2026-06-28	# SIP plane (no glyph)
piao	𩡦	2026-06-28	# SIP plane (no glyph)
piao	𩮳	2026-06-28	# SIP plane (no glyph)
piao	𪅃	2026-06-28	# SIP plane (no glyph)
piao	𪋖	2026-06-28	# SIP plane (no glyph)
piao	𪏫	2026-06-28	# SIP plane (no glyph)
piao	𬸤	2026-06-28	# SIP plane (no glyph)
piao	𱂺	2026-06-28	# SIP plane (no glyph)
pie	𠟈	2026-06-28	# SIP plane (no glyph)
pie	𠢪	2026-06-28	# SIP plane (no glyph)
pie	𢳂	2026-06-28	# SIP plane (no glyph)
pie	𤮕	2026-06-28	# SIP plane (no glyph)
pie	𦒐	2026-06-28	# SIP plane (no glyph)
pie	𦗥	2026-06-28	# SIP plane (no glyph)
pie	𩓼	2026-06-28	# SIP plane (no glyph)
pie	𩠿	2026-06-28	# SIP plane (no glyph)
pie	𫼣	2026-06-28	# SIP plane (no glyph)
pie	𬭯	2026-06-28	# SIP plane (no glyph)
pin	𠐺	2026-06-28	# SIP plane (no glyph)
pin	𠮰	2026-06-28	# SIP plane (no glyph)
pin	𡛞	2026-06-28	# SIP plane (no glyph)
pin	𢣐	2026-06-28	# SIP plane (no glyph)
pin	𢬵	2026-06-28	# SIP plane (no glyph)
pin	𢶳	2026-06-28	# SIP plane (no glyph)
pin	𣎳	2026-06-28	# SIP plane (no glyph)
pin	𥑓	2026-06-28	# SIP plane (no glyph)
pin	𥖶	2026-06-28	# SIP plane (no glyph)
pin	𦇖	2026-06-28	# SIP plane (no glyph)
pin	𧏖	2026-06-28	# SIP plane (no glyph)
pin	𧔪	2026-06-28	# SIP plane (no glyph)
pin	𧭹	2026-06-28	# SIP plane (no glyph)
pin	𧮝	2026-06-28	# SIP plane (no glyph)
pin	𨏞	2026-06-28	# SIP plane (no glyph)
pin	𩕵	2026-06-28	# SIP plane (no glyph)
pin	𩰗	2026-06-28	# SIP plane (no glyph)
pin	𪬚	2026-06-28	# SIP plane (no glyph)
pin	𪾸	2026-06-28	# SIP plane (no glyph)
pin	𫅭	2026-06-28	# SIP plane (no glyph)
pin	𫍐	2026-06-28	# SIP plane (no glyph)
pin	𫫾	2026-06-28	# SIP plane (no glyph)
pin	𬝯	2026-06-28	# SIP plane (no glyph)
pin	𬞟	2026-06-28	# SIP plane (no glyph)
pin	𮹀	2026-06-28	# SIP plane (no glyph)
pin	𱅤	2026-06-28	# SIP plane (no glyph)
pin	𲆳	2026-06-28	# SIP plane (no glyph)
ping	𠗥	2026-06-28	# SIP plane (no glyph)
ping	𠗦	2026-06-28	# SIP plane (no glyph)
ping	𡊞	2026-06-28	# SIP plane (no glyph)
ping	𢆟	2026-06-28	# SIP plane (no glyph)
ping	𢖊	2026-06-28	# SIP plane (no glyph)
ping	𣳆	2026-06-28	# SIP plane (no glyph)
ping	𤭔	2026-06-28	# SIP plane (no glyph)
ping	𤳊	2026-06-28	# SIP plane (no glyph)
ping	𥪁	2026-06-28	# SIP plane (no glyph)
ping	𥭢	2026-06-28	# SIP plane (no glyph)
ping	𥵪	2026-06-28	# SIP plane (no glyph)
ping	𦀔	2026-06-28	# SIP plane (no glyph)
ping	𦚓	2026-06-28	# SIP plane (no glyph)
ping	𦥚	2026-06-28	# SIP plane (no glyph)
ping	𦥤	2026-06-28	# SIP plane (no glyph)
ping	𦶊	2026-06-28	# SIP plane (no glyph)
ping	𧂋	2026-06-28	# SIP plane (no glyph)
ping	𧏑	2026-06-28	# SIP plane (no glyph)
ping	𨂲	2026-06-28	# SIP plane (no glyph)
ping	𩂾	2026-06-28	# SIP plane (no glyph)
ping	𩈚	2026-06-28	# SIP plane (no glyph)
ping	𩩍	2026-06-28	# SIP plane (no glyph)
ping	𪋋	2026-06-28	# SIP plane (no glyph)
ping	𪔾	2026-06-28	# SIP plane (no glyph)
ping	𪕒	2026-06-28	# SIP plane (no glyph)
ping	𫐌	2026-06-28	# SIP plane (no glyph)
ping	𮰉	2026-06-28	# SIP plane (no glyph)
ping	𱂦	2026-06-28	# SIP plane (no glyph)
po	𠰐	2026-06-28	# SIP plane (no glyph)
po	𠰼	2026-06-28	# SIP plane (no glyph)
po	𠵳	2026-06-28	# SIP plane (no glyph)
po	𠷑	2026-06-28	# SIP plane (no glyph)
po	𠾌	2026-06-28	# SIP plane (no glyph)
po	𡊟	2026-06-28	# SIP plane (no glyph)
po	𡶆	2026-06-28	# SIP plane (no glyph)
po	𡼃	2026-06-28	# SIP plane (no glyph)
po	𡽠	2026-06-28	# SIP plane (no glyph)
po	𢂤	2026-06-28	# SIP plane (no glyph)
po	𢱨	2026-06-28	# SIP plane (no glyph)
po	𢶉	2026-06-28	# SIP plane (no glyph)
po	𣍸	2026-06-28	# SIP plane (no glyph)
po	𣬚	2026-06-28	# SIP plane (no glyph)
po	𣲳	2026-06-28	# SIP plane (no glyph)
po	𤀪	2026-06-28	# SIP plane (no glyph)
po	𤖼	2026-06-28	# SIP plane (no glyph)
po	𤝯	2026-06-28	# SIP plane (no glyph)
po	𤽌	2026-06-28	# SIP plane (no glyph)
po	𥗟	2026-06-28	# SIP plane (no glyph)
po	𥬒	2026-06-28	# SIP plane (no glyph)
po	𥵜	2026-06-28	# SIP plane (no glyph)
po	𥹖	2026-06-28	# SIP plane (no glyph)
po	𦃡	2026-06-28	# SIP plane (no glyph)
po	𦍁	2026-06-28	# SIP plane (no glyph)
po	𦐦	2026-06-28	# SIP plane (no glyph)
po	𦑀	2026-06-28	# SIP plane (no glyph)
po	𦑵	2026-06-28	# SIP plane (no glyph)
po	𦒟	2026-06-28	# SIP plane (no glyph)
po	𦥭	2026-06-28	# SIP plane (no glyph)
po	𦥲	2026-06-28	# SIP plane (no glyph)
po	𦫔	2026-06-28	# SIP plane (no glyph)
po	𦾕	2026-06-28	# SIP plane (no glyph)
po	𦿍	2026-06-28	# SIP plane (no glyph)
po	𧂉	2026-06-28	# SIP plane (no glyph)
po	𧘟	2026-06-28	# SIP plane (no glyph)
po	𧙅	2026-06-28	# SIP plane (no glyph)
po	𧴤	2026-06-28	# SIP plane (no glyph)
po	𧿽	2026-06-28	# SIP plane (no glyph)
po	𨂩	2026-06-28	# SIP plane (no glyph)
po	𨅅	2026-06-28	# SIP plane (no glyph)
po	𨆵	2026-06-28	# SIP plane (no glyph)
po	𨑝	2026-06-28	# SIP plane (no glyph)
po	𨠓	2026-06-28	# SIP plane (no glyph)
po	𨡩	2026-06-28	# SIP plane (no glyph)
po	𨫁	2026-06-28	# SIP plane (no glyph)
po	𨸭	2026-06-28	# SIP plane (no glyph)
po	𩊀	2026-06-28	# SIP plane (no glyph)
po	𩑼	2026-06-28	# SIP plane (no glyph)
po	𩔈	2026-06-28	# SIP plane (no glyph)
po	𩕏	2026-06-28	# SIP plane (no glyph)
po	𩢘	2026-06-28	# SIP plane (no glyph)
po	𩸿	2026-06-28	# SIP plane (no glyph)
po	𫘟	2026-06-28	# SIP plane (no glyph)
po	𬈱	2026-06-28	# SIP plane (no glyph)
po	𬱭	2026-06-28	# SIP plane (no glyph)
po	𭇜	2026-06-28	# SIP plane (no glyph)
pou	𢒷	2026-06-28	# SIP plane (no glyph)
pou	𦵿	2026-06-28	# SIP plane (no glyph)
pou	𦺎	2026-06-28	# SIP plane (no glyph)
pou	𧠾	2026-06-28	# SIP plane (no glyph)
pou	𩔻	2026-06-28	# SIP plane (no glyph)
pou	𩚭	2026-06-28	# SIP plane (no glyph)
pu	𡜵	2026-06-28	# SIP plane (no glyph)
pu	𡰿	2026-06-28	# SIP plane (no glyph)
pu	𢈲	2026-06-28	# SIP plane (no glyph)
pu	𢼹	2026-06-28	# SIP plane (no glyph)
pu	𣋏	2026-06-28	# SIP plane (no glyph)
pu	𤆝	2026-06-28	# SIP plane (no glyph)
pu	𤗵	2026-06-28	# SIP plane (no glyph)
pu	𤰑	2026-06-28	# SIP plane (no glyph)
pu	𤾣	2026-06-28	# SIP plane (no glyph)
pu	𥐁	2026-06-28	# SIP plane (no glyph)
pu	𥐚	2026-06-28	# SIP plane (no glyph)
pu	𥛟	2026-06-28	# SIP plane (no glyph)
pu	𥣈	2026-06-28	# SIP plane (no glyph)
pu	𥼜	2026-06-28	# SIP plane (no glyph)
pu	𦬙	2026-06-28	# SIP plane (no glyph)
pu	𦮑	2026-06-28	# SIP plane (no glyph)
pu	𧙛	2026-06-28	# SIP plane (no glyph)
pu	𧦞	2026-06-28	# SIP plane (no glyph)
pu	𧭎	2026-06-28	# SIP plane (no glyph)
pu	𧱹	2026-06-28	# SIP plane (no glyph)
pu	𨁏	2026-06-28	# SIP plane (no glyph)
pu	𨛥	2026-06-28	# SIP plane (no glyph)
pu	𨽂	2026-06-28	# SIP plane (no glyph)
pu	𩂗	2026-06-28	# SIP plane (no glyph)
pu	𩑀	2026-06-28	# SIP plane (no glyph)
pu	𩪛	2026-06-28	# SIP plane (no glyph)
pu	𩯱	2026-06-28	# SIP plane (no glyph)
pu	𪋡	2026-06-28	# SIP plane (no glyph)
pu	𪒢	2026-06-28	# SIP plane (no glyph)
pu	𪔿	2026-06-28	# SIP plane (no glyph)
pu	𪖈	2026-06-28	# SIP plane (no glyph)
pu	𫚙	2026-06-28	# SIP plane (no glyph)
pu	𬶴	2026-06-28	# SIP plane (no glyph)
pu	𭠙	2026-06-28	# SIP plane (no glyph)
pu	𰬿	2026-06-28	# SIP plane (no glyph)
pu	𱾾	2026-06-28	# SIP plane (no glyph)
qi	𠀁	2026-06-28	# SIP plane (no glyph)
qi	𠁭	2026-06-28	# SIP plane (no glyph)
qi	𠅚	2026-06-28	# SIP plane (no glyph)
qi	𠊔	2026-06-28	# SIP plane (no glyph)
qi	𠎰	2026-06-28	# SIP plane (no glyph)
qi	𠐾	2026-06-28	# SIP plane (no glyph)
qi	𠓪	2026-06-28	# SIP plane (no glyph)
qi	𠔶	2026-06-28	# SIP plane (no glyph)
qi	𠧒	2026-06-28	# SIP plane (no glyph)
qi	𠫸	2026-06-28	# SIP plane (no glyph)
qi	𠴹	2026-06-28	# SIP plane (no glyph)
qi	𡍪	2026-06-28	# SIP plane (no glyph)
qi	𡖾	2026-06-28	# SIP plane (no glyph)
qi	𡢖	2026-06-28	# SIP plane (no glyph)
qi	𡦍	2026-06-28	# SIP plane (no glyph)
qi	𡪵	2026-06-28	# SIP plane (no glyph)
qi	𡫁	2026-06-28	# SIP plane (no glyph)
qi	𡷞	2026-06-28	# SIP plane (no glyph)
qi	𡹉	2026-06-28	# SIP plane (no glyph)
qi	𡹓	2026-06-28	# SIP plane (no glyph)
qi	𡹘	2026-06-28	# SIP plane (no glyph)
qi	𡹩	2026-06-28	# SIP plane (no glyph)
qi	𡺓	2026-06-28	# SIP plane (no glyph)
qi	𡺸	2026-06-28	# SIP plane (no glyph)
qi	𡻧	2026-06-28	# SIP plane (no glyph)
qi	𡻰	2026-06-28	# SIP plane (no glyph)
qi	𡽼	2026-06-28	# SIP plane (no glyph)
qi	𢁒	2026-06-28	# SIP plane (no glyph)
qi	𢍁	2026-06-28	# SIP plane (no glyph)
qi	𢍆	2026-06-28	# SIP plane (no glyph)
qi	𢍑	2026-06-28	# SIP plane (no glyph)
qi	𢔆	2026-06-28	# SIP plane (no glyph)
qi	𢔠	2026-06-28	# SIP plane (no glyph)
qi	𢜱	2026-06-28	# SIP plane (no glyph)
qi	𢞒	2026-06-28	# SIP plane (no glyph)
qi	𢢖	2026-06-28	# SIP plane (no glyph)
qi	𢢞	2026-06-28	# SIP plane (no glyph)
qi	𢩡	2026-06-28	# SIP plane (no glyph)
qi	𢴰	2026-06-28	# SIP plane (no glyph)
qi	𢺵	2026-06-28	# SIP plane (no glyph)
qi	𢺷	2026-06-28	# SIP plane (no glyph)
qi	𢻋	2026-06-28	# SIP plane (no glyph)
qi	𢻚	2026-06-28	# SIP plane (no glyph)
qi	𢻪	2026-06-28	# SIP plane (no glyph)
qi	𢾦	2026-06-28	# SIP plane (no glyph)
qi	𢾪	2026-06-28	# SIP plane (no glyph)
qi	𣉓	2026-06-28	# SIP plane (no glyph)
qi	𣏶	2026-06-28	# SIP plane (no glyph)
qi	𣔘	2026-06-28	# SIP plane (no glyph)
qi	𣛺	2026-06-28	# SIP plane (no glyph)
qi	𣫱	2026-06-28	# SIP plane (no glyph)
qi	𣯆	2026-06-28	# SIP plane (no glyph)
qi	𣶠	2026-06-28	# SIP plane (no glyph)
qi	𣾤	2026-06-28	# SIP plane (no glyph)
qi	𤘌	2026-06-28	# SIP plane (no glyph)
qi	𤪌	2026-06-28	# SIP plane (no glyph)
qi	𤳃	2026-06-28	# SIP plane (no glyph)
qi	𤳤	2026-06-28	# SIP plane (no glyph)
qi	𤷍	2026-06-28	# SIP plane (no glyph)
qi	𤹸	2026-06-28	# SIP plane (no glyph)
qi	𤺗	2026-06-28	# SIP plane (no glyph)
qi	𤼅	2026-06-28	# SIP plane (no glyph)
qi	𥀻	2026-06-28	# SIP plane (no glyph)
qi	𥄜	2026-06-28	# SIP plane (no glyph)
qi	𥇚	2026-06-28	# SIP plane (no glyph)
qi	𥉐	2026-06-28	# SIP plane (no glyph)
qi	𥉙	2026-06-28	# SIP plane (no glyph)
qi	𥉷	2026-06-28	# SIP plane (no glyph)
qi	𥉻	2026-06-28	# SIP plane (no glyph)
qi	𥌁	2026-06-28	# SIP plane (no glyph)
qi	𥓾	2026-06-28	# SIP plane (no glyph)
qi	𥔩	2026-06-28	# SIP plane (no glyph)
qi	𥖫	2026-06-28	# SIP plane (no glyph)
qi	𥤥	2026-06-28	# SIP plane (no glyph)
qi	𥫟	2026-06-28	# SIP plane (no glyph)
qi	𥷇	2026-06-28	# SIP plane (no glyph)
qi	𥼘	2026-06-28	# SIP plane (no glyph)
qi	𥽳	2026-06-28	# SIP plane (no glyph)
qi	𦄊	2026-06-28	# SIP plane (no glyph)
qi	𦈦	2026-06-28	# SIP plane (no glyph)
qi	𦔌	2026-06-28	# SIP plane (no glyph)
qi	𦖊	2026-06-28	# SIP plane (no glyph)
qi	𦘸	2026-06-28	# SIP plane (no glyph)
qi	𦙊	2026-06-28	# SIP plane (no glyph)
qi	𦚊	2026-06-28	# SIP plane (no glyph)
qi	𦛰	2026-06-28	# SIP plane (no glyph)
qi	𦡹	2026-06-28	# SIP plane (no glyph)
qi	𦧉	2026-06-28	# SIP plane (no glyph)
qi	𦧯	2026-06-28	# SIP plane (no glyph)
qi	𦩣	2026-06-28	# SIP plane (no glyph)
qi	𦪊	2026-06-28	# SIP plane (no glyph)
qi	𦫡	2026-06-28	# SIP plane (no glyph)
qi	𦭲	2026-06-28	# SIP plane (no glyph)
qi	𦸆	2026-06-28	# SIP plane (no glyph)
qi	𦸓	2026-06-28	# SIP plane (no glyph)
qi	𦸗	2026-06-28	# SIP plane (no glyph)
qi	𧇜	2026-06-28	# SIP plane (no glyph)
qi	𧋉	2026-06-28	# SIP plane (no glyph)
qi	𧌞	2026-06-28	# SIP plane (no glyph)
qi	𧎪	2026-06-28	# SIP plane (no glyph)
qi	𧒕	2026-06-28	# SIP plane (no glyph)
qi	𧓑	2026-06-28	# SIP plane (no glyph)
qi	𧕉	2026-06-28	# SIP plane (no glyph)
qi	𧘗	2026-06-28	# SIP plane (no glyph)
qi	𧘧	2026-06-28	# SIP plane (no glyph)
qi	𧙞	2026-06-28	# SIP plane (no glyph)
qi	𧙾	2026-06-28	# SIP plane (no glyph)
qi	𧚨	2026-06-28	# SIP plane (no glyph)
qi	𧠪	2026-06-28	# SIP plane (no glyph)
qi	𧡘	2026-06-28	# SIP plane (no glyph)
qi	𧡺	2026-06-28	# SIP plane (no glyph)
qi	𧯯	2026-06-28	# SIP plane (no glyph)
qi	𧰙	2026-06-28	# SIP plane (no glyph)
qi	𧻕	2026-06-28	# SIP plane (no glyph)
qi	𧼕	2026-06-28	# SIP plane (no glyph)
qi	𧼘	2026-06-28	# SIP plane (no glyph)
qi	𧽓	2026-06-28	# SIP plane (no glyph)
qi	𨁐	2026-06-28	# SIP plane (no glyph)
qi	𨉸	2026-06-28	# SIP plane (no glyph)
qi	𨊰	2026-06-28	# SIP plane (no glyph)
qi	𨑤	2026-06-28	# SIP plane (no glyph)
qi	𨒅	2026-06-28	# SIP plane (no glyph)
qi	𨙬	2026-06-28	# SIP plane (no glyph)
qi	𨙸	2026-06-28	# SIP plane (no glyph)
qi	𨞢	2026-06-28	# SIP plane (no glyph)
qi	𨥦	2026-06-28	# SIP plane (no glyph)
qi	𨪌	2026-06-28	# SIP plane (no glyph)
qi	𨱜	2026-06-28	# SIP plane (no glyph)
qi	𨵆	2026-06-28	# SIP plane (no glyph)
qi	𨸒	2026-06-28	# SIP plane (no glyph)
qi	𨸔	2026-06-28	# SIP plane (no glyph)
qi	𩉬	2026-06-28	# SIP plane (no glyph)
qi	𩒛	2026-06-28	# SIP plane (no glyph)
qi	𩒨	2026-06-28	# SIP plane (no glyph)
qi	𩠦	2026-06-28	# SIP plane (no glyph)
qi	𩥂	2026-06-28	# SIP plane (no glyph)
qi	𩦋	2026-06-28	# SIP plane (no glyph)
qi	𩧌	2026-06-28	# SIP plane (no glyph)
qi	𩨘	2026-06-28	# SIP plane (no glyph)
qi	𩨝	2026-06-28	# SIP plane (no glyph)
qi	𩲪	2026-06-28	# SIP plane (no glyph)
qi	𩳣	2026-06-28	# SIP plane (no glyph)
qi	𩴪	2026-06-28	# SIP plane (no glyph)
qi	𩷾	2026-06-28	# SIP plane (no glyph)
qi	𩹵	2026-06-28	# SIP plane (no glyph)
qi	𩺲	2026-06-28	# SIP plane (no glyph)
qi	𪀩	2026-06-28	# SIP plane (no glyph)
qi	𪂛	2026-06-28	# SIP plane (no glyph)
qi	𪄖	2026-06-28	# SIP plane (no glyph)
qi	𪄭	2026-06-28	# SIP plane (no glyph)
qi	𪅾	2026-06-28	# SIP plane (no glyph)
qi	𪒆	2026-06-28	# SIP plane (no glyph)
qi	𪒑	2026-06-28	# SIP plane (no glyph)
qi	𪔪	2026-06-28	# SIP plane (no glyph)
qi	𪗅	2026-06-28	# SIP plane (no glyph)
qi	𪗆	2026-06-28	# SIP plane (no glyph)
qi	𪗍	2026-06-28	# SIP plane (no glyph)
qi	𪗏	2026-06-28	# SIP plane (no glyph)
qi	𪙧	2026-06-28	# SIP plane (no glyph)
qi	𫛰	2026-06-28	# SIP plane (no glyph)
qi	𫺊	2026-06-28	# SIP plane (no glyph)
qi	𬢐	2026-06-28	# SIP plane (no glyph)
qi	𬨂	2026-06-28	# SIP plane (no glyph)
qi	𬬳	2026-06-28	# SIP plane (no glyph)
qi	𬭭	2026-06-28	# SIP plane (no glyph)
qi	𬮩	2026-06-28	# SIP plane (no glyph)
qi	𬱦	2026-06-28	# SIP plane (no glyph)
qi	𬴆	2026-06-28	# SIP plane (no glyph)
qi	𬸒	2026-06-28	# SIP plane (no glyph)
qi	𬸨	2026-06-28	# SIP plane (no glyph)
qi	𬸾	2026-06-28	# SIP plane (no glyph)
qi	𮸞	2026-06-28	# SIP plane (no glyph)
qi	𰡩	2026-06-28	# SIP plane (no glyph)
qi	𰬢	2026-06-28	# SIP plane (no glyph)
qi	𰰴	2026-06-28	# SIP plane (no glyph)
qi	𰵲	2026-06-28	# SIP plane (no glyph)
qi	𱊁	2026-06-28	# SIP plane (no glyph)
qi	𱍐	2026-06-28	# SIP plane (no glyph)
qi	𱣕	2026-06-28	# SIP plane (no glyph)
qi	𱹁	2026-06-28	# SIP plane (no glyph)
qia	𠕣	2026-06-28	# SIP plane (no glyph)
qia	𠜤	2026-06-28	# SIP plane (no glyph)
qia	𠜼	2026-06-28	# SIP plane (no glyph)
qia	𠝘	2026-06-28	# SIP plane (no glyph)
qia	𠝛	2026-06-28	# SIP plane (no glyph)
qia	𠳌	2026-06-28	# SIP plane (no glyph)
qia	𡘧	2026-06-28	# SIP plane (no glyph)
qia	𡤫	2026-06-28	# SIP plane (no glyph)
qia	𢮌	2026-06-28	# SIP plane (no glyph)
qia	𢼣	2026-06-28	# SIP plane (no glyph)
qia	𣁴	2026-06-28	# SIP plane (no glyph)
qia	𣘟	2026-06-28	# SIP plane (no glyph)
qia	𣣟	2026-06-28	# SIP plane (no glyph)
qia	𣨄	2026-06-28	# SIP plane (no glyph)
qia	𤫶	2026-06-28	# SIP plane (no glyph)
qia	𤵹	2026-06-28	# SIP plane (no glyph)
qia	𥎸	2026-06-28	# SIP plane (no glyph)
qia	𥦞	2026-06-28	# SIP plane (no glyph)
qia	𥴭	2026-06-28	# SIP plane (no glyph)
qia	𦝣	2026-06-28	# SIP plane (no glyph)
qia	𦸉	2026-06-28	# SIP plane (no glyph)
qia	𧩶	2026-06-28	# SIP plane (no glyph)
qia	𩥌	2026-06-28	# SIP plane (no glyph)
qia	𩩱	2026-06-28	# SIP plane (no glyph)
qia	𩮁	2026-06-28	# SIP plane (no glyph)
qia	𩷻	2026-06-28	# SIP plane (no glyph)
qia	𪘺	2026-06-28	# SIP plane (no glyph)
qia	𫈰	2026-06-28	# SIP plane (no glyph)
qia	𫱿	2026-06-28	# SIP plane (no glyph)
qian	𠀼	2026-06-28	# SIP plane (no glyph)
qian	𠊭	2026-06-28	# SIP plane (no glyph)
qian	𠋵	2026-06-28	# SIP plane (no glyph)
qian	𠑲	2026-06-28	# SIP plane (no glyph)
qian	𠔺	2026-06-28	# SIP plane (no glyph)
qian	𠠃	2026-06-28	# SIP plane (no glyph)
qian	𠢍	2026-06-28	# SIP plane (no glyph)
qian	𠬾	2026-06-28	# SIP plane (no glyph)
qian	𠳋	2026-06-28	# SIP plane (no glyph)
qian	𠷁	2026-06-28	# SIP plane (no glyph)
qian	𡒌	2026-06-28	# SIP plane (no glyph)
qian	𢁮	2026-06-28	# SIP plane (no glyph)
qian	𢂺	2026-06-28	# SIP plane (no glyph)
qian	𢃘	2026-06-28	# SIP plane (no glyph)
qian	𢃥	2026-06-28	# SIP plane (no glyph)
qian	𢋔	2026-06-28	# SIP plane (no glyph)
qian	𢌍	2026-06-28	# SIP plane (no glyph)
qian	𢍱	2026-06-28	# SIP plane (no glyph)
qian	𢜩	2026-06-28	# SIP plane (no glyph)
qian	𢧥	2026-06-28	# SIP plane (no glyph)
qian	𢮄	2026-06-28	# SIP plane (no glyph)
qian	𣍰	2026-06-28	# SIP plane (no glyph)
qian	𣓅	2026-06-28	# SIP plane (no glyph)
qian	𣖳	2026-06-28	# SIP plane (no glyph)
qian	𣘝	2026-06-28	# SIP plane (no glyph)
qian	𣟋	2026-06-28	# SIP plane (no glyph)
qian	𣢖	2026-06-28	# SIP plane (no glyph)
qian	𣢬	2026-06-28	# SIP plane (no glyph)
qian	𣢲	2026-06-28	# SIP plane (no glyph)
qian	𣹥	2026-06-28	# SIP plane (no glyph)
qian	𤠿	2026-06-28	# SIP plane (no glyph)
qian	𤿷	2026-06-28	# SIP plane (no glyph)
qian	𥏥	2026-06-28	# SIP plane (no glyph)
qian	𥔮	2026-06-28	# SIP plane (no glyph)
qian	𥜴	2026-06-28	# SIP plane (no glyph)
qian	𥦃	2026-06-28	# SIP plane (no glyph)
qian	𥧬	2026-06-28	# SIP plane (no glyph)
qian	𥮒	2026-06-28	# SIP plane (no glyph)
qian	𥱺	2026-06-28	# SIP plane (no glyph)
qian	𥲢	2026-06-28	# SIP plane (no glyph)
qian	𥳐	2026-06-28	# SIP plane (no glyph)
qian	𥴤	2026-06-28	# SIP plane (no glyph)
qian	𥷪	2026-06-28	# SIP plane (no glyph)
qian	𦂒	2026-06-28	# SIP plane (no glyph)
qian	𦅋	2026-06-28	# SIP plane (no glyph)
qian	𦖎	2026-06-28	# SIP plane (no glyph)
qian	𦴑	2026-06-28	# SIP plane (no glyph)
qian	𦼓	2026-06-28	# SIP plane (no glyph)
qian	𧃑	2026-06-28	# SIP plane (no glyph)
qian	𧘜	2026-06-28	# SIP plane (no glyph)
qian	𧚫	2026-06-28	# SIP plane (no glyph)
qian	𧛓	2026-06-28	# SIP plane (no glyph)
qian	𧟑	2026-06-28	# SIP plane (no glyph)
qian	𧢞	2026-06-28	# SIP plane (no glyph)
qian	𧣑	2026-06-28	# SIP plane (no glyph)
qian	𧥛	2026-06-28	# SIP plane (no glyph)
qian	𧪯	2026-06-28	# SIP plane (no glyph)
qian	𧮮	2026-06-28	# SIP plane (no glyph)
qian	𧮽	2026-06-28	# SIP plane (no glyph)
qian	𧲀	2026-06-28	# SIP plane (no glyph)
qian	𧽐	2026-06-28	# SIP plane (no glyph)
qian	𨐋	2026-06-28	# SIP plane (no glyph)
qian	𨐩	2026-06-28	# SIP plane (no glyph)
qian	𨓲	2026-06-28	# SIP plane (no glyph)
qian	𨗦	2026-06-28	# SIP plane (no glyph)
qian	𨜻	2026-06-28	# SIP plane (no glyph)
qian	𨝍	2026-06-28	# SIP plane (no glyph)
qian	𨥞	2026-06-28	# SIP plane (no glyph)
qian	𨦄	2026-06-28	# SIP plane (no glyph)
qian	𨨘	2026-06-28	# SIP plane (no glyph)
qian	𨰂	2026-06-28	# SIP plane (no glyph)
qian	𨱫	2026-06-28	# SIP plane (no glyph)
qian	𨺩	2026-06-28	# SIP plane (no glyph)
qian	𨺫	2026-06-28	# SIP plane (no glyph)
qian	𨽨	2026-06-28	# SIP plane (no glyph)
qian	𩋆	2026-06-28	# SIP plane (no glyph)
qian	𩑳	2026-06-28	# SIP plane (no glyph)
qian	𩒣	2026-06-28	# SIP plane (no glyph)
qian	𩨃	2026-06-28	# SIP plane (no glyph)
qian	𩨊	2026-06-28	# SIP plane (no glyph)
qian	𩨓	2026-06-28	# SIP plane (no glyph)
qian	𩪢	2026-06-28	# SIP plane (no glyph)
qian	𩬚	2026-06-28	# SIP plane (no glyph)
qian	𪇇	2026-06-28	# SIP plane (no glyph)
qian	𪈇	2026-06-28	# SIP plane (no glyph)
qian	𪉻	2026-06-28	# SIP plane (no glyph)
qian	𪘦	2026-06-28	# SIP plane (no glyph)
qian	𫓪	2026-06-28	# SIP plane (no glyph)
qian	𫖶	2026-06-28	# SIP plane (no glyph)
qian	𫣛	2026-06-28	# SIP plane (no glyph)
qian	𫽥	2026-06-28	# SIP plane (no glyph)
qian	𬘬	2026-06-28	# SIP plane (no glyph)
qian	𬙃	2026-06-28	# SIP plane (no glyph)
qian	𮲁	2026-06-28	# SIP plane (no glyph)
qian	𰀡	2026-06-28	# SIP plane (no glyph)
qian	𰊢	2026-06-28	# SIP plane (no glyph)
qian	𰌆	2026-06-28	# SIP plane (no glyph)
qian	𰔲	2026-06-28	# SIP plane (no glyph)
qian	𰗬	2026-06-28	# SIP plane (no glyph)
qian	𰬮	2026-06-28	# SIP plane (no glyph)
qian	𰲮	2026-06-28	# SIP plane (no glyph)
qian	𰺉	2026-06-28	# SIP plane (no glyph)
qian	𰾑	2026-06-28	# SIP plane (no glyph)
qian	𱁶	2026-06-28	# SIP plane (no glyph)
qian	𱆀	2026-06-28	# SIP plane (no glyph)
qian	𱆁	2026-06-28	# SIP plane (no glyph)
qian	𱈉	2026-06-28	# SIP plane (no glyph)
qian	𲄨	2026-06-28	# SIP plane (no glyph)
qian	𲌞	2026-06-28	# SIP plane (no glyph)
qiang	𡠥	2026-06-28	# SIP plane (no glyph)
qiang	𡬎	2026-06-28	# SIP plane (no glyph)
qiang	𡸤	2026-06-28	# SIP plane (no glyph)
qiang	𡺃	2026-06-28	# SIP plane (no glyph)
qiang	𡺛	2026-06-28	# SIP plane (no glyph)
qiang	𢈵	2026-06-28	# SIP plane (no glyph)
qiang	𢏄	2026-06-28	# SIP plane (no glyph)
qiang	𢐩	2026-06-28	# SIP plane (no glyph)
qiang	𢧅	2026-06-28	# SIP plane (no glyph)
qiang	𣫝	2026-06-28	# SIP plane (no glyph)
qiang	𤕽	2026-06-28	# SIP plane (no glyph)
qiang	𥇉	2026-06-28	# SIP plane (no glyph)
qiang	𥓌	2026-06-28	# SIP plane (no glyph)
qiang	𥴻	2026-06-28	# SIP plane (no glyph)
qiang	𥶑	2026-06-28	# SIP plane (no glyph)
qiang	𦯤	2026-06-28	# SIP plane (no glyph)
qiang	𦳟	2026-06-28	# SIP plane (no glyph)
qiang	𦷦	2026-06-28	# SIP plane (no glyph)
qiang	𧇞	2026-06-28	# SIP plane (no glyph)
qiang	𧖑	2026-06-28	# SIP plane (no glyph)
qiang	𧭚	2026-06-28	# SIP plane (no glyph)
qiang	𧱡	2026-06-28	# SIP plane (no glyph)
qiang	𧽩	2026-06-28	# SIP plane (no glyph)
qiang	𨄚	2026-06-28	# SIP plane (no glyph)
qiang	𨶆	2026-06-28	# SIP plane (no glyph)
qiang	𩣼	2026-06-28	# SIP plane (no glyph)
qiang	𩩝	2026-06-28	# SIP plane (no glyph)
qiang	𩼒	2026-06-28	# SIP plane (no glyph)
qiang	𩿄	2026-06-28	# SIP plane (no glyph)
qiang	𪁸	2026-06-28	# SIP plane (no glyph)
qiang	𪎞	2026-06-28	# SIP plane (no glyph)
qiang	𪙎	2026-06-28	# SIP plane (no glyph)
qiang	𪪞	2026-06-28	# SIP plane (no glyph)
qiang	𫄶	2026-06-28	# SIP plane (no glyph)
qiang	𫗳	2026-06-28	# SIP plane (no glyph)
qiang	𬧀	2026-06-28	# SIP plane (no glyph)
qiang	𬬰	2026-06-28	# SIP plane (no glyph)
qiang	𮠞	2026-06-28	# SIP plane (no glyph)
qiang	𰊈	2026-06-28	# SIP plane (no glyph)
qiang	𲌡	2026-06-28	# SIP plane (no glyph)
qiao	𠏖	2026-06-28	# SIP plane (no glyph)
qiao	𠿕	2026-06-28	# SIP plane (no glyph)
qiao	𡌔	2026-06-28	# SIP plane (no glyph)
qiao	𡩇	2026-06-28	# SIP plane (no glyph)
qiao	𡰐	2026-06-28	# SIP plane (no glyph)
qiao	𡰑	2026-06-28	# SIP plane (no glyph)
qiao	𡺘	2026-06-28	# SIP plane (no glyph)
qiao	𢄹	2026-06-28	# SIP plane (no glyph)
qiao	𢐟	2026-06-28	# SIP plane (no glyph)
qiao	𢘟	2026-06-28	# SIP plane (no glyph)
qiao	𢩨	2026-06-28	# SIP plane (no glyph)
qiao	𢮉	2026-06-28	# SIP plane (no glyph)
qiao	𢶡	2026-06-28	# SIP plane (no glyph)
qiao	𢻤	2026-06-28	# SIP plane (no glyph)
qiao	𢿣	2026-06-28	# SIP plane (no glyph)
qiao	𣂇	2026-06-28	# SIP plane (no glyph)
qiao	𣒆	2026-06-28	# SIP plane (no glyph)
qiao	𣖄	2026-06-28	# SIP plane (no glyph)
qiao	𣜽	2026-06-28	# SIP plane (no glyph)
qiao	𣦜	2026-06-28	# SIP plane (no glyph)
qiao	𣯹	2026-06-28	# SIP plane (no glyph)
qiao	𣹝	2026-06-28	# SIP plane (no glyph)
qiao	𣺰	2026-06-28	# SIP plane (no glyph)
qiao	𥁢	2026-06-28	# SIP plane (no glyph)
qiao	𥉾	2026-06-28	# SIP plane (no glyph)
qiao	𥟅	2026-06-28	# SIP plane (no glyph)
qiao	𥹶	2026-06-28	# SIP plane (no glyph)
qiao	𦢺	2026-06-28	# SIP plane (no glyph)
qiao	𧄍	2026-06-28	# SIP plane (no glyph)
qiao	𧣌	2026-06-28	# SIP plane (no glyph)
qiao	𨃤	2026-06-28	# SIP plane (no glyph)
qiao	𨅣	2026-06-28	# SIP plane (no glyph)
qiao	𨜍	2026-06-28	# SIP plane (no glyph)
qiao	𨜑	2026-06-28	# SIP plane (no glyph)
qiao	𨝱	2026-06-28	# SIP plane (no glyph)
qiao	𨞶	2026-06-28	# SIP plane (no glyph)
qiao	𨸑	2026-06-28	# SIP plane (no glyph)
qiao	𩖇	2026-06-28	# SIP plane (no glyph)
qiao	𩨟	2026-06-28	# SIP plane (no glyph)
qiao	𪑊	2026-06-28	# SIP plane (no glyph)
qiao	𪜎	2026-06-28	# SIP plane (no glyph)
qiao	𪡀	2026-06-28	# SIP plane (no glyph)
qiao	𪪑	2026-06-28	# SIP plane (no glyph)
qiao	𪺭	2026-06-28	# SIP plane (no glyph)
qiao	𫓱	2026-06-28	# SIP plane (no glyph)
qiao	𫚏	2026-06-28	# SIP plane (no glyph)
qiao	𫭪	2026-06-28	# SIP plane (no glyph)
qiao	𮱵	2026-06-28	# SIP plane (no glyph)
qiao	𮳧	2026-06-28	# SIP plane (no glyph)
qiao	𰬐	2026-06-28	# SIP plane (no glyph)
qiao	𰷵	2026-06-28	# SIP plane (no glyph)
qiao	𰷶	2026-06-28	# SIP plane (no glyph)
qiao	𰻮	2026-06-28	# SIP plane (no glyph)
qiao	𰽛	2026-06-28	# SIP plane (no glyph)
qiao	𱂉	2026-06-28	# SIP plane (no glyph)
qiao	𱂻	2026-06-28	# SIP plane (no glyph)
qie	𠀃	2026-06-28	# SIP plane (no glyph)
qie	𠁠	2026-06-28	# SIP plane (no glyph)
qie	𠋧	2026-06-28	# SIP plane (no glyph)
qie	𠩂	2026-06-28	# SIP plane (no glyph)
qie	𠲵	2026-06-28	# SIP plane (no glyph)
qie	𡂠	2026-06-28	# SIP plane (no glyph)
qie	𡐤	2026-06-28	# SIP plane (no glyph)
qie	𡛠	2026-06-28	# SIP plane (no glyph)
qie	𡝍	2026-06-28	# SIP plane (no glyph)
qie	𡶐	2026-06-28	# SIP plane (no glyph)
qie	𢲶	2026-06-28	# SIP plane (no glyph)
qie	𢺅	2026-06-28	# SIP plane (no glyph)
qie	𣠺	2026-06-28	# SIP plane (no glyph)
qie	𤴼	2026-06-28	# SIP plane (no glyph)
qie	𤷾	2026-06-28	# SIP plane (no glyph)
qie	𥕑	2026-06-28	# SIP plane (no glyph)
qie	𥪵	2026-06-28	# SIP plane (no glyph)
qie	𥿚	2026-06-28	# SIP plane (no glyph)
qie	𦆍	2026-06-28	# SIP plane (no glyph)
qie	𦼰	2026-06-28	# SIP plane (no glyph)
qie	𦿋	2026-06-28	# SIP plane (no glyph)
qie	𧑨	2026-06-28	# SIP plane (no glyph)
qie	𧚪	2026-06-28	# SIP plane (no glyph)
qie	𧫕	2026-06-28	# SIP plane (no glyph)
qie	𧻘	2026-06-28	# SIP plane (no glyph)
qie	𧻧	2026-06-28	# SIP plane (no glyph)
qie	𨄊	2026-06-28	# SIP plane (no glyph)
qie	𨉪	2026-06-28	# SIP plane (no glyph)
qie	𨖰	2026-06-28	# SIP plane (no glyph)
qie	𨚧	2026-06-28	# SIP plane (no glyph)
qie	𩣴	2026-06-28	# SIP plane (no glyph)
qie	𪑗	2026-06-28	# SIP plane (no glyph)
qie	𪙌	2026-06-28	# SIP plane (no glyph)
qie	𫺁	2026-06-28	# SIP plane (no glyph)
qie	𫺂	2026-06-28	# SIP plane (no glyph)
qie	𮰾	2026-06-28	# SIP plane (no glyph)
qie	𰬡	2026-06-28	# SIP plane (no glyph)
qie	𰬶	2026-06-28	# SIP plane (no glyph)
qie	𱞝	2026-06-28	# SIP plane (no glyph)
qin	𠓿	2026-06-28	# SIP plane (no glyph)
qin	𠔎	2026-06-28	# SIP plane (no glyph)
qin	𠖶	2026-06-28	# SIP plane (no glyph)
qin	𠘅	2026-06-28	# SIP plane (no glyph)
qin	𠜘	2026-06-28	# SIP plane (no glyph)
qin	𠦎	2026-06-28	# SIP plane (no glyph)
qin	𠻨	2026-06-28	# SIP plane (no glyph)
qin	𡫧	2026-06-28	# SIP plane (no glyph)
qin	𡵑	2026-06-28	# SIP plane (no glyph)
qin	𡹢	2026-06-28	# SIP plane (no glyph)
qin	𢫲	2026-06-28	# SIP plane (no glyph)
qin	𢱶	2026-06-28	# SIP plane (no glyph)
qin	𣆲	2026-06-28	# SIP plane (no glyph)
qin	𣖯	2026-06-28	# SIP plane (no glyph)
qin	𣜣	2026-06-28	# SIP plane (no glyph)
qin	𣢐	2026-06-28	# SIP plane (no glyph)
qin	𣨠	2026-06-28	# SIP plane (no glyph)
qin	𣪄	2026-06-28	# SIP plane (no glyph)
qin	𤙋	2026-06-28	# SIP plane (no glyph)
qin	𤚩	2026-06-28	# SIP plane (no glyph)
qin	𤥓	2026-06-28	# SIP plane (no glyph)
qin	𤴽	2026-06-28	# SIP plane (no glyph)
qin	𤵂	2026-06-28	# SIP plane (no glyph)
qin	𤿳	2026-06-28	# SIP plane (no glyph)
qin	𥍯	2026-06-28	# SIP plane (no glyph)
qin	𥎊	2026-06-28	# SIP plane (no glyph)
qin	𥎡	2026-06-28	# SIP plane (no glyph)
qin	𥘋	2026-06-28	# SIP plane (no glyph)
qin	𥱧	2026-06-28	# SIP plane (no glyph)
qin	𥵧	2026-06-28	# SIP plane (no glyph)
qin	𦧋	2026-06-28	# SIP plane (no glyph)
qin	𦯈	2026-06-28	# SIP plane (no glyph)
qin	𧯃	2026-06-28	# SIP plane (no glyph)
qin	𧼒	2026-06-28	# SIP plane (no glyph)
qin	𧾏	2026-06-28	# SIP plane (no glyph)
qin	𨙽	2026-06-28	# SIP plane (no glyph)
qin	𨛣	2026-06-28	# SIP plane (no glyph)
qin	𨾰	2026-06-28	# SIP plane (no glyph)
qin	𩂈	2026-06-28	# SIP plane (no glyph)
qin	𩎖	2026-06-28	# SIP plane (no glyph)
qin	𩐙	2026-06-28	# SIP plane (no glyph)
qin	𩓒	2026-06-28	# SIP plane (no glyph)
qin	𩔝	2026-06-28	# SIP plane (no glyph)
qin	𩔟	2026-06-28	# SIP plane (no glyph)
qin	𪒭	2026-06-28	# SIP plane (no glyph)
qin	𪒯	2026-06-28	# SIP plane (no glyph)
qin	𪙟	2026-06-28	# SIP plane (no glyph)
qin	𫖑	2026-06-28	# SIP plane (no glyph)
qin	𰜜	2026-06-28	# SIP plane (no glyph)
qin	𰧎	2026-06-28	# SIP plane (no glyph)
qin	𰬞	2026-06-28	# SIP plane (no glyph)
qin	𰽳	2026-06-28	# SIP plane (no glyph)
qin	𱰤	2026-06-28	# SIP plane (no glyph)
qing	𠑴	2026-06-28	# SIP plane (no glyph)
qing	𠗝	2026-06-28	# SIP plane (no glyph)
qing	𠨍	2026-06-28	# SIP plane (no glyph)
qing	𡄇	2026-06-28	# SIP plane (no glyph)
qing	𡄔	2026-06-28	# SIP plane (no glyph)
qing	𡲀	2026-06-28	# SIP plane (no glyph)
qing	𢹃	2026-06-28	# SIP plane (no glyph)
qing	𣩜	2026-06-28	# SIP plane (no glyph)
qing	𣫨	2026-06-28	# SIP plane (no glyph)
qing	𤭩	2026-06-28	# SIP plane (no glyph)
qing	𥃟	2026-06-28	# SIP plane (no glyph)
qing	𥱨	2026-06-28	# SIP plane (no glyph)
qing	𧕙	2026-06-28	# SIP plane (no glyph)
qing	𧖪	2026-06-28	# SIP plane (no glyph)
qing	𨆪	2026-06-28	# SIP plane (no glyph)
qing	𨓷	2026-06-28	# SIP plane (no glyph)
qing	𨻺	2026-06-28	# SIP plane (no glyph)
qing	𩇝	2026-06-28	# SIP plane (no glyph)
qing	𩇟	2026-06-28	# SIP plane (no glyph)
qing	𩑭	2026-06-28	# SIP plane (no glyph)
qing	𩒵	2026-06-28	# SIP plane (no glyph)
qing	𩔥	2026-06-28	# SIP plane (no glyph)
qing	𩗼	2026-06-28	# SIP plane (no glyph)
qing	𩷏	2026-06-28	# SIP plane (no glyph)
qing	𩽡	2026-06-28	# SIP plane (no glyph)
qing	𪄈	2026-06-28	# SIP plane (no glyph)
qing	𪏅	2026-06-28	# SIP plane (no glyph)
qing	𪷍	2026-06-28	# SIP plane (no glyph)
qing	𫈎	2026-06-28	# SIP plane (no glyph)
qing	𫏕	2026-06-28	# SIP plane (no glyph)
qing	𮲲	2026-06-28	# SIP plane (no glyph)
qing	𮴕	2026-06-28	# SIP plane (no glyph)
qing	𰘓	2026-06-28	# SIP plane (no glyph)
qing	𰼻	2026-06-28	# SIP plane (no glyph)
qiong	𠌖	2026-06-28	# SIP plane (no glyph)
qiong	𠤊	2026-06-28	# SIP plane (no glyph)
qiong	𡊼	2026-06-28	# SIP plane (no glyph)
qiong	𡞦	2026-06-28	# SIP plane (no glyph)
qiong	𡦃	2026-06-28	# SIP plane (no glyph)
qiong	𡸕	2026-06-28	# SIP plane (no glyph)
qiong	𡺺	2026-06-28	# SIP plane (no glyph)
qiong	𢞏	2026-06-28	# SIP plane (no glyph)
qiong	𢮍	2026-06-28	# SIP plane (no glyph)
qiong	𢶇	2026-06-28	# SIP plane (no glyph)
qiong	𣇬	2026-06-28	# SIP plane (no glyph)
qiong	𣋶	2026-06-28	# SIP plane (no glyph)
qiong	𣑦	2026-06-28	# SIP plane (no glyph)
qiong	𣜧	2026-06-28	# SIP plane (no glyph)
qiong	𣶆	2026-06-28	# SIP plane (no glyph)
qiong	𤢶	2026-06-28	# SIP plane (no glyph)
qiong	𤤑	2026-06-28	# SIP plane (no glyph)
qiong	𤤶	2026-06-28	# SIP plane (no glyph)
qiong	𥑎	2026-06-28	# SIP plane (no glyph)
qiong	𥑱	2026-06-28	# SIP plane (no glyph)
qiong	𥨪	2026-06-28	# SIP plane (no glyph)
qiong	𥳎	2026-06-28	# SIP plane (no glyph)
qiong	𦦧	2026-06-28	# SIP plane (no glyph)
qiong	𦨰	2026-06-28	# SIP plane (no glyph)
qiong	𦭭	2026-06-28	# SIP plane (no glyph)
qiong	𦴇	2026-06-28	# SIP plane (no glyph)
qiong	𦾵	2026-06-28	# SIP plane (no glyph)
qiong	𨀯	2026-06-28	# SIP plane (no glyph)
qiong	𨍶	2026-06-28	# SIP plane (no glyph)
qiong	𩑓	2026-06-28	# SIP plane (no glyph)
qiong	𩢽	2026-06-28	# SIP plane (no glyph)
qiong	𩨯	2026-06-28	# SIP plane (no glyph)
qiong	𩬛	2026-06-28	# SIP plane (no glyph)
qiong	𩬰	2026-06-28	# SIP plane (no glyph)
qiong	𪀛	2026-06-28	# SIP plane (no glyph)
qiong	𬸉	2026-06-28	# SIP plane (no glyph)
qiu	𠀉	2026-06-28	# SIP plane (no glyph)
qiu	𠗈	2026-06-28	# SIP plane (no glyph)
qiu	𠰋	2026-06-28	# SIP plane (no glyph)
qiu	𡊣	2026-06-28	# SIP plane (no glyph)
qiu	𡲚	2026-06-28	# SIP plane (no glyph)
qiu	𢈝	2026-06-28	# SIP plane (no glyph)
qiu	𢘄	2026-06-28	# SIP plane (no glyph)
qiu	𢛃	2026-06-28	# SIP plane (no glyph)
qiu	𢦎	2026-06-28	# SIP plane (no glyph)
qiu	𣧝	2026-06-28	# SIP plane (no glyph)
qiu	𣭳	2026-06-28	# SIP plane (no glyph)
qiu	𤕾	2026-06-28	# SIP plane (no glyph)
qiu	𤞰	2026-06-28	# SIP plane (no glyph)
qiu	𥔻	2026-06-28	# SIP plane (no glyph)
qiu	𥥽	2026-06-28	# SIP plane (no glyph)
qiu	𥫷	2026-06-28	# SIP plane (no glyph)
qiu	𥭑	2026-06-28	# SIP plane (no glyph)
qiu	𦦄	2026-06-28	# SIP plane (no glyph)
qiu	𦬖	2026-06-28	# SIP plane (no glyph)
qiu	𦰪	2026-06-28	# SIP plane (no glyph)
qiu	𧇸	2026-06-28	# SIP plane (no glyph)
qiu	𧏋	2026-06-28	# SIP plane (no glyph)
qiu	𧔭	2026-06-28	# SIP plane (no glyph)
qiu	𧣕	2026-06-28	# SIP plane (no glyph)
qiu	𧤕	2026-06-28	# SIP plane (no glyph)
qiu	𧲰	2026-06-28	# SIP plane (no glyph)
qiu	𧺤	2026-06-28	# SIP plane (no glyph)
qiu	𧻁	2026-06-28	# SIP plane (no glyph)
qiu	𧻱	2026-06-28	# SIP plane (no glyph)
qiu	𨍊	2026-06-28	# SIP plane (no glyph)
qiu	𨒊	2026-06-28	# SIP plane (no glyph)
qiu	𨕦	2026-06-28	# SIP plane (no glyph)
qiu	𨟽	2026-06-28	# SIP plane (no glyph)
qiu	𨱇	2026-06-28	# SIP plane (no glyph)
qiu	𨲒	2026-06-28	# SIP plane (no glyph)
qiu	𨺧	2026-06-28	# SIP plane (no glyph)
qiu	𩈸	2026-06-28	# SIP plane (no glyph)
qiu	𩒮	2026-06-28	# SIP plane (no glyph)
qiu	𩔕	2026-06-28	# SIP plane (no glyph)
qiu	𩗕	2026-06-28	# SIP plane (no glyph)
qiu	𩝠	2026-06-28	# SIP plane (no glyph)
qiu	𩵍	2026-06-28	# SIP plane (no glyph)
qiu	𩾁	2026-06-28	# SIP plane (no glyph)
qiu	𪍗	2026-06-28	# SIP plane (no glyph)
qiu	𪖛	2026-06-28	# SIP plane (no glyph)
qiu	𪚺	2026-06-28	# SIP plane (no glyph)
qiu	𫚧	2026-06-28	# SIP plane (no glyph)
qiu	𫟲	2026-06-28	# SIP plane (no glyph)
qiu	𬓫	2026-06-28	# SIP plane (no glyph)
qiu	𬘕	2026-06-28	# SIP plane (no glyph)
qiu	𬘶	2026-06-28	# SIP plane (no glyph)
qiu	𬱓	2026-06-28	# SIP plane (no glyph)
qiu	𬳌	2026-06-28	# SIP plane (no glyph)
qiu	𮉠	2026-06-28	# SIP plane (no glyph)
qiu	𰬗	2026-06-28	# SIP plane (no glyph)
qiu	𰰤	2026-06-28	# SIP plane (no glyph)
qiu	𱇠	2026-06-28	# SIP plane (no glyph)
qiu	𱗕	2026-06-28	# SIP plane (no glyph)
qu	𠇯	2026-06-28	# SIP plane (no glyph)
qu	𠍲	2026-06-28	# SIP plane (no glyph)
qu	𠏛	2026-06-28	# SIP plane (no glyph)
qu	𠣪	2026-06-28	# SIP plane (no glyph)
qu	𡟥	2026-06-28	# SIP plane (no glyph)
qu	𡡥	2026-06-28	# SIP plane (no glyph)
qu	𡱅	2026-06-28	# SIP plane (no glyph)
qu	𡱺	2026-06-28	# SIP plane (no glyph)
qu	𡲰	2026-06-28	# SIP plane (no glyph)
qu	𡳆	2026-06-28	# SIP plane (no glyph)
qu	𢌄	2026-06-28	# SIP plane (no glyph)
qu	𢌷	2026-06-28	# SIP plane (no glyph)
qu	𢎖	2026-06-28	# SIP plane (no glyph)
qu	𢦌	2026-06-28	# SIP plane (no glyph)
qu	𢴮	2026-06-28	# SIP plane (no glyph)
qu	𢼰	2026-06-28	# SIP plane (no glyph)
qu	𣖪	2026-06-28	# SIP plane (no glyph)
qu	𣮈	2026-06-28	# SIP plane (no glyph)
qu	𣯸	2026-06-28	# SIP plane (no glyph)
qu	𣰋	2026-06-28	# SIP plane (no glyph)
qu	𣰠	2026-06-28	# SIP plane (no glyph)
qu	𣰡	2026-06-28	# SIP plane (no glyph)
qu	𣰻	2026-06-28	# SIP plane (no glyph)
qu	𤖬	2026-06-28	# SIP plane (no glyph)
qu	𤙏	2026-06-28	# SIP plane (no glyph)
qu	𤨎	2026-06-28	# SIP plane (no glyph)
qu	𥃔	2026-06-28	# SIP plane (no glyph)
qu	𥗫	2026-06-28	# SIP plane (no glyph)
qu	𥧻	2026-06-28	# SIP plane (no glyph)
qu	𥬔	2026-06-28	# SIP plane (no glyph)
qu	𥶶	2026-06-28	# SIP plane (no glyph)
qu	𥺷	2026-06-28	# SIP plane (no glyph)
qu	𥽧	2026-06-28	# SIP plane (no glyph)
qu	𦄽	2026-06-28	# SIP plane (no glyph)
qu	𦐛	2026-06-28	# SIP plane (no glyph)
qu	𦔬	2026-06-28	# SIP plane (no glyph)
qu	𦕙	2026-06-28	# SIP plane (no glyph)
qu	𦗛	2026-06-28	# SIP plane (no glyph)
qu	𦛕	2026-06-28	# SIP plane (no glyph)
qu	𦛱	2026-06-28	# SIP plane (no glyph)
qu	𦣒	2026-06-28	# SIP plane (no glyph)
qu	𦸶	2026-06-28	# SIP plane (no glyph)
qu	𦼫	2026-06-28	# SIP plane (no glyph)
qu	𧄒	2026-06-28	# SIP plane (no glyph)
qu	𧉧	2026-06-28	# SIP plane (no glyph)
qu	𧊛	2026-06-28	# SIP plane (no glyph)
qu	𧌑	2026-06-28	# SIP plane (no glyph)
qu	𧐅	2026-06-28	# SIP plane (no glyph)
qu	𧕎	2026-06-28	# SIP plane (no glyph)
qu	𧝔	2026-06-28	# SIP plane (no glyph)
qu	𧠢	2026-06-28	# SIP plane (no glyph)
qu	𧲵	2026-06-28	# SIP plane (no glyph)
qu	𧾱	2026-06-28	# SIP plane (no glyph)
qu	𧾶	2026-06-28	# SIP plane (no glyph)
qu	𨄅	2026-06-28	# SIP plane (no glyph)
qu	𨎶	2026-06-28	# SIP plane (no glyph)
qu	𨐣	2026-06-28	# SIP plane (no glyph)
qu	𨓭	2026-06-28	# SIP plane (no glyph)
qu	𨞙	2026-06-28	# SIP plane (no glyph)
qu	𨧱	2026-06-28	# SIP plane (no glyph)
qu	𨱊	2026-06-28	# SIP plane (no glyph)
qu	𨸟	2026-06-28	# SIP plane (no glyph)
qu	𨼫	2026-06-28	# SIP plane (no glyph)
qu	𨼽	2026-06-28	# SIP plane (no glyph)
qu	𩇐	2026-06-28	# SIP plane (no glyph)
qu	𩉿	2026-06-28	# SIP plane (no glyph)
qu	𩖷	2026-06-28	# SIP plane (no glyph)
qu	𩢳	2026-06-28	# SIP plane (no glyph)
qu	𩣹	2026-06-28	# SIP plane (no glyph)
qu	𩧘	2026-06-28	# SIP plane (no glyph)
qu	𩪍	2026-06-28	# SIP plane (no glyph)
qu	𩴹	2026-06-28	# SIP plane (no glyph)
qu	𩵅	2026-06-28	# SIP plane (no glyph)
qu	𩽩	2026-06-28	# SIP plane (no glyph)
qu	𩿟	2026-06-28	# SIP plane (no glyph)
qu	𩿥	2026-06-28	# SIP plane (no glyph)
qu	𩿩	2026-06-28	# SIP plane (no glyph)
qu	𪀊	2026-06-28	# SIP plane (no glyph)
qu	𪁖	2026-06-28	# SIP plane (no glyph)
qu	𪄊	2026-06-28	# SIP plane (no glyph)
qu	𪆂	2026-06-28	# SIP plane (no glyph)
qu	𪉌	2026-06-28	# SIP plane (no glyph)
qu	𪋄	2026-06-28	# SIP plane (no glyph)
qu	𪌆	2026-06-28	# SIP plane (no glyph)
qu	𪌬	2026-06-28	# SIP plane (no glyph)
qu	𪍸	2026-06-28	# SIP plane (no glyph)
qu	𪛃	2026-06-28	# SIP plane (no glyph)
qu	𪨰	2026-06-28	# SIP plane (no glyph)
qu	𫍜	2026-06-28	# SIP plane (no glyph)
qu	𫍮	2026-06-28	# SIP plane (no glyph)
qu	𫛵	2026-06-28	# SIP plane (no glyph)
qu	𬘛	2026-06-28	# SIP plane (no glyph)
qu	𬶬	2026-06-28	# SIP plane (no glyph)
qu	𬸱	2026-06-28	# SIP plane (no glyph)
qu	𰕅	2026-06-28	# SIP plane (no glyph)
qu	𰬆	2026-06-28	# SIP plane (no glyph)
qu	𰴜	2026-06-28	# SIP plane (no glyph)
qu	𰴞	2026-06-28	# SIP plane (no glyph)
qu	𰺁	2026-06-28	# SIP plane (no glyph)
qu	𱇜	2026-06-28	# SIP plane (no glyph)
qu	𱋋	2026-06-28	# SIP plane (no glyph)
qu	𱋐	2026-06-28	# SIP plane (no glyph)
qu	𱋿	2026-06-28	# SIP plane (no glyph)
qu	𱌁	2026-06-28	# SIP plane (no glyph)
quan	𠛮	2026-06-28	# SIP plane (no glyph)
quan	𠤹	2026-06-28	# SIP plane (no glyph)
quan	𠥙	2026-06-28	# SIP plane (no glyph)
quan	𡇮	2026-06-28	# SIP plane (no glyph)
quan	𡈉	2026-06-28	# SIP plane (no glyph)
quan	𡙅	2026-06-28	# SIP plane (no glyph)
quan	𡙐	2026-06-28	# SIP plane (no glyph)
quan	𡰝	2026-06-28	# SIP plane (no glyph)
quan	𡴔	2026-06-28	# SIP plane (no glyph)
quan	𡺟	2026-06-28	# SIP plane (no glyph)
quan	𡿨	2026-06-28	# SIP plane (no glyph)
quan	𢍕	2026-06-28	# SIP plane (no glyph)
quan	𢎠	2026-06-28	# SIP plane (no glyph)
quan	𢑆	2026-06-28	# SIP plane (no glyph)
quan	𢔑	2026-06-28	# SIP plane (no glyph)
quan	𣍴	2026-06-28	# SIP plane (no glyph)
quan	𣸋	2026-06-28	# SIP plane (no glyph)
quan	𤜍	2026-06-28	# SIP plane (no glyph)
quan	𤥷	2026-06-28	# SIP plane (no glyph)
quan	𤬠	2026-06-28	# SIP plane (no glyph)
quan	𤰝	2026-06-28	# SIP plane (no glyph)
quan	𤷄	2026-06-28	# SIP plane (no glyph)
quan	𥁸	2026-06-28	# SIP plane (no glyph)
quan	𥤊	2026-06-28	# SIP plane (no glyph)
quan	𥹳	2026-06-28	# SIP plane (no glyph)
quan	𦋓	2026-06-28	# SIP plane (no glyph)
quan	𦍅	2026-06-28	# SIP plane (no glyph)
quan	𦏮	2026-06-28	# SIP plane (no glyph)
quan	𦓰	2026-06-28	# SIP plane (no glyph)
quan	𦨚	2026-06-28	# SIP plane (no glyph)
quan	𧈾	2026-06-28	# SIP plane (no glyph)
quan	𧍭	2026-06-28	# SIP plane (no glyph)
quan	𧸾	2026-06-28	# SIP plane (no glyph)
quan	𨛈	2026-06-28	# SIP plane (no glyph)
quan	𨜩	2026-06-28	# SIP plane (no glyph)
quan	𨟠	2026-06-28	# SIP plane (no glyph)
quan	𨨗	2026-06-28	# SIP plane (no glyph)
quan	𨩸	2026-06-28	# SIP plane (no glyph)
quan	𩓫	2026-06-28	# SIP plane (no glyph)
quan	𩘘	2026-06-28	# SIP plane (no glyph)
quan	𩜬	2026-06-28	# SIP plane (no glyph)
quan	𩧴	2026-06-28	# SIP plane (no glyph)
quan	𪈻	2026-06-28	# SIP plane (no glyph)
quan	𪐂	2026-06-28	# SIP plane (no glyph)
quan	𬘥	2026-06-28	# SIP plane (no glyph)
quan	𰬲	2026-06-28	# SIP plane (no glyph)
quan	𰾼	2026-06-28	# SIP plane (no glyph)
quan	𱂇	2026-06-28	# SIP plane (no glyph)
quan	𱌲	2026-06-28	# SIP plane (no glyph)
que	𠞗	2026-06-28	# SIP plane (no glyph)
que	𠳞	2026-06-28	# SIP plane (no glyph)
que	𡇱	2026-06-28	# SIP plane (no glyph)
que	𡉉	2026-06-28	# SIP plane (no glyph)
que	𢠬	2026-06-28	# SIP plane (no glyph)
que	𣒗	2026-06-28	# SIP plane (no glyph)
que	𣛵	2026-06-28	# SIP plane (no glyph)
que	𣤇	2026-06-28	# SIP plane (no glyph)
que	𣪹	2026-06-28	# SIP plane (no glyph)
que	𤣅	2026-06-28	# SIP plane (no glyph)
que	𤷽	2026-06-28	# SIP plane (no glyph)
que	𤿋	2026-06-28	# SIP plane (no glyph)
que	𤿩	2026-06-28	# SIP plane (no glyph)
que	𤿵	2026-06-28	# SIP plane (no glyph)
que	𥀎	2026-06-28	# SIP plane (no glyph)
que	𥆸	2026-06-28	# SIP plane (no glyph)
que	𥕹	2026-06-28	# SIP plane (no glyph)
que	𥗙	2026-06-28	# SIP plane (no glyph)
que	𥗮	2026-06-28	# SIP plane (no glyph)
que	𥜵	2026-06-28	# SIP plane (no glyph)
que	𥩢	2026-06-28	# SIP plane (no glyph)
que	𧎯	2026-06-28	# SIP plane (no glyph)
que	𧢩	2026-06-28	# SIP plane (no glyph)
que	𧢭	2026-06-28	# SIP plane (no glyph)
que	𨞩	2026-06-28	# SIP plane (no glyph)
que	𨢜	2026-06-28	# SIP plane (no glyph)
que	𨴊	2026-06-28	# SIP plane (no glyph)
que	𨴒	2026-06-28	# SIP plane (no glyph)
que	𨵗	2026-06-28	# SIP plane (no glyph)
que	𩤈	2026-06-28	# SIP plane (no glyph)
que	𩨭	2026-06-28	# SIP plane (no glyph)
que	𩨷	2026-06-28	# SIP plane (no glyph)
que	𩫠	2026-06-28	# SIP plane (no glyph)
que	𪏈	2026-06-28	# SIP plane (no glyph)
que	𪏨	2026-06-28	# SIP plane (no glyph)
que	𪖀	2026-06-28	# SIP plane (no glyph)
que	𪫸	2026-06-28	# SIP plane (no glyph)
que	𬒈	2026-06-28	# SIP plane (no glyph)
que	𬮯	2026-06-28	# SIP plane (no glyph)
que	𮸧	2026-06-28	# SIP plane (no glyph)
que	𰉩	2026-06-28	# SIP plane (no glyph)
qun	𡈀	2026-06-28	# SIP plane (no glyph)
qun	𢛕	2026-06-28	# SIP plane (no glyph)
qun	𣀄	2026-06-28	# SIP plane (no glyph)
qun	𤛭	2026-06-28	# SIP plane (no glyph)
qun	𤸷	2026-06-28	# SIP plane (no glyph)
qun	𦃢	2026-06-28	# SIP plane (no glyph)
qun	𦽖	2026-06-28	# SIP plane (no glyph)
qun	𨞗	2026-06-28	# SIP plane (no glyph)
qun	𩎗	2026-06-28	# SIP plane (no glyph)
qun	𩤁	2026-06-28	# SIP plane (no glyph)
ran	𠊌	2026-06-28	# SIP plane (no glyph)
ran	𠤀	2026-06-28	# SIP plane (no glyph)
ran	𠯍	2026-06-28	# SIP plane (no glyph)
ran	𠱞	2026-06-28	# SIP plane (no glyph)
ran	𡖝	2026-06-28	# SIP plane (no glyph)
ran	𡜉	2026-06-28	# SIP plane (no glyph)
ran	𡜫	2026-06-28	# SIP plane (no glyph)
ran	𢓒	2026-06-28	# SIP plane (no glyph)
ran	𣰦	2026-06-28	# SIP plane (no glyph)
ran	𤙼	2026-06-28	# SIP plane (no glyph)
ran	𤡮	2026-06-28	# SIP plane (no glyph)
ran	𤱋	2026-06-28	# SIP plane (no glyph)
ran	𤲗	2026-06-28	# SIP plane (no glyph)
ran	𥀭	2026-06-28	# SIP plane (no glyph)
ran	𥣺	2026-06-28	# SIP plane (no glyph)
ran	𥬕	2026-06-28	# SIP plane (no glyph)
ran	𥳚	2026-06-28	# SIP plane (no glyph)
ran	𦫉	2026-06-28	# SIP plane (no glyph)
ran	𨹌	2026-06-28	# SIP plane (no glyph)
ran	𩃵	2026-06-28	# SIP plane (no glyph)
ran	𩢡	2026-06-28	# SIP plane (no glyph)
ran	𩧬	2026-06-28	# SIP plane (no glyph)
ran	𩶎	2026-06-28	# SIP plane (no glyph)
ran	𪓘	2026-06-28	# SIP plane (no glyph)
ran	𪓚	2026-06-28	# SIP plane (no glyph)
ran	𪚮	2026-06-28	# SIP plane (no glyph)
ran	𫜳	2026-06-28	# SIP plane (no glyph)
ran	𬊾	2026-06-28	# SIP plane (no glyph)
ran	𬙇	2026-06-28	# SIP plane (no glyph)
ran	𬝴	2026-06-28	# SIP plane (no glyph)
ran	𰚪	2026-06-28	# SIP plane (no glyph)
ran	𱍄	2026-06-28	# SIP plane (no glyph)
rang	𣩽	2026-06-28	# SIP plane (no glyph)
rang	𣰶	2026-06-28	# SIP plane (no glyph)
rang	𤅑	2026-06-28	# SIP plane (no glyph)
rang	𤬥	2026-06-28	# SIP plane (no glyph)
rang	𤰂	2026-06-28	# SIP plane (no glyph)
rang	𥗝	2026-06-28	# SIP plane (no glyph)
rang	𧟄	2026-06-28	# SIP plane (no glyph)
rang	𨏛	2026-06-28	# SIP plane (no glyph)
rang	𨟚	2026-06-28	# SIP plane (no glyph)
rang	𩆶	2026-06-28	# SIP plane (no glyph)
rao	𠒸	2026-06-28	# SIP plane (no glyph)
rao	𡈦	2026-06-28	# SIP plane (no glyph)
rao	𦪛	2026-06-28	# SIP plane (no glyph)
rao	𧳨	2026-06-28	# SIP plane (no glyph)
rao	𨇄	2026-06-28	# SIP plane (no glyph)
rao	𫋹	2026-06-28	# SIP plane (no glyph)
rao	𰺷	2026-06-28	# SIP plane (no glyph)
re	𢞇	2026-06-28	# SIP plane (no glyph)
re	𤍠	2026-06-28	# SIP plane (no glyph)
re	𤑄	2026-06-28	# SIP plane (no glyph)
re	𧧏	2026-06-28	# SIP plane (no glyph)
re	𩭿	2026-06-28	# SIP plane (no glyph)
ren	𠯄	2026-06-28	# SIP plane (no glyph)
ren	𠲏	2026-06-28	# SIP plane (no glyph)
ren	𡰥	2026-06-28	# SIP plane (no glyph)
ren	𢆉	2026-06-28	# SIP plane (no glyph)
ren	𢇦	2026-06-28	# SIP plane (no glyph)
ren	𣅉	2026-06-28	# SIP plane (no glyph)
ren	𦍌	2026-06-28	# SIP plane (no glyph)
ren	𦏀	2026-06-28	# SIP plane (no glyph)
ren	𦬄	2026-06-28	# SIP plane (no glyph)
ren	𧥷	2026-06-28	# SIP plane (no glyph)
ren	𧴬	2026-06-28	# SIP plane (no glyph)
ren	𨉃	2026-06-28	# SIP plane (no glyph)
ren	𩑉	2026-06-28	# SIP plane (no glyph)
ren	𩠈	2026-06-28	# SIP plane (no glyph)
ren	𩵕	2026-06-28	# SIP plane (no glyph)
ren	𪔺	2026-06-28	# SIP plane (no glyph)
ren	𫟃	2026-06-28	# SIP plane (no glyph)
ren	𬣯	2026-06-28	# SIP plane (no glyph)
ren	𬬯	2026-06-28	# SIP plane (no glyph)
ren	𬶁	2026-06-28	# SIP plane (no glyph)
ren	𬸊	2026-06-28	# SIP plane (no glyph)
ren	𰽻	2026-06-28	# SIP plane (no glyph)
reng	𠧟	2026-06-28	# SIP plane (no glyph)
reng	𠮨	2026-06-28	# SIP plane (no glyph)
reng	𠯷	2026-06-28	# SIP plane (no glyph)
reng	𠯹	2026-06-28	# SIP plane (no glyph)
reng	𣗐	2026-06-28	# SIP plane (no glyph)
reng	𥾋	2026-06-28	# SIP plane (no glyph)
reng	𧹈	2026-06-28	# SIP plane (no glyph)
reng	𨸐	2026-06-28	# SIP plane (no glyph)
reng	𪥠	2026-06-28	# SIP plane (no glyph)
ri	𡆸	2026-06-28	# SIP plane (no glyph)
ri	𡉭	2026-06-28	# SIP plane (no glyph)
ri	𤝍	2026-06-28	# SIP plane (no glyph)
ri	𦨙	2026-06-28	# SIP plane (no glyph)
ri	𰽡	2026-06-28	# SIP plane (no glyph)
ri	𱓰	2026-06-28	# SIP plane (no glyph)
ri	𲇰	2026-06-28	# SIP plane (no glyph)
rong	𠌚	2026-06-28	# SIP plane (no glyph)
rong	𠞕	2026-06-28	# SIP plane (no glyph)
rong	𠰽	2026-06-28	# SIP plane (no glyph)
rong	𡊫	2026-06-28	# SIP plane (no glyph)
rong	𡊸	2026-06-28	# SIP plane (no glyph)
rong	𡖢	2026-06-28	# SIP plane (no glyph)
rong	𡦼	2026-06-28	# SIP plane (no glyph)
rong	𡫦	2026-06-28	# SIP plane (no glyph)
rong	𡭋	2026-06-28	# SIP plane (no glyph)
rong	𢐿	2026-06-28	# SIP plane (no glyph)
rong	𢦿	2026-06-28	# SIP plane (no glyph)
rong	𢫨	2026-06-28	# SIP plane (no glyph)
rong	𣭲	2026-06-28	# SIP plane (no glyph)
rong	𣮪	2026-06-28	# SIP plane (no glyph)
rong	𣯍	2026-06-28	# SIP plane (no glyph)
rong	𣯏	2026-06-28	# SIP plane (no glyph)
rong	𣯐	2026-06-28	# SIP plane (no glyph)
rong	𣰇	2026-06-28	# SIP plane (no glyph)
rong	𣲽	2026-06-28	# SIP plane (no glyph)
rong	𤘺	2026-06-28	# SIP plane (no glyph)
rong	𤘻	2026-06-28	# SIP plane (no glyph)
rong	𥎂	2026-06-28	# SIP plane (no glyph)
rong	𥎜	2026-06-28	# SIP plane (no glyph)
rong	𥑳	2026-06-28	# SIP plane (no glyph)
rong	𥨳	2026-06-28	# SIP plane (no glyph)
rong	𥬪	2026-06-28	# SIP plane (no glyph)
rong	𥼬	2026-06-28	# SIP plane (no glyph)
rong	𦔋	2026-06-28	# SIP plane (no glyph)
rong	𦗋	2026-06-28	# SIP plane (no glyph)
rong	𦗨	2026-06-28	# SIP plane (no glyph)
rong	𦶇	2026-06-28	# SIP plane (no glyph)
rong	𧉡	2026-06-28	# SIP plane (no glyph)
rong	𧎣	2026-06-28	# SIP plane (no glyph)
rong	𨉴	2026-06-28	# SIP plane (no glyph)
rong	𨉷	2026-06-28	# SIP plane (no glyph)
rong	𨋠	2026-06-28	# SIP plane (no glyph)
rong	𨌣	2026-06-28	# SIP plane (no glyph)
rong	𨍅	2026-06-28	# SIP plane (no glyph)
rong	𨍷	2026-06-28	# SIP plane (no glyph)
rong	𨒆	2026-06-28	# SIP plane (no glyph)
rong	𨲟	2026-06-28	# SIP plane (no glyph)
rong	𩍉	2026-06-28	# SIP plane (no glyph)
rong	𩎂	2026-06-28	# SIP plane (no glyph)
rong	𩚗	2026-06-28	# SIP plane (no glyph)
rong	𩮠	2026-06-28	# SIP plane (no glyph)
rong	𩼅	2026-06-28	# SIP plane (no glyph)
rong	𪃾	2026-06-28	# SIP plane (no glyph)
rong	𪕁	2026-06-28	# SIP plane (no glyph)
rong	𪕎	2026-06-28	# SIP plane (no glyph)
rong	𪗴	2026-06-28	# SIP plane (no glyph)
rong	𫞡	2026-06-28	# SIP plane (no glyph)
rong	𰹿	2026-06-28	# SIP plane (no glyph)
rong	𰽽	2026-06-28	# SIP plane (no glyph)
rong	𱅉	2026-06-28	# SIP plane (no glyph)
rong	𲆵	2026-06-28	# SIP plane (no glyph)
rou	𠠐	2026-06-28	# SIP plane (no glyph)
rou	𡗑	2026-06-28	# SIP plane (no glyph)
rou	𢔟	2026-06-28	# SIP plane (no glyph)
rou	𥠊	2026-06-28	# SIP plane (no glyph)
rou	𦍭	2026-06-28	# SIP plane (no glyph)
rou	𨛶	2026-06-28	# SIP plane (no glyph)
rou	𪑶	2026-06-28	# SIP plane (no glyph)
rou	𫐓	2026-06-28	# SIP plane (no glyph)
rou	𫔄	2026-06-28	# SIP plane (no glyph)
rou	𬶧	2026-06-28	# SIP plane (no glyph)
rou	𱅟	2026-06-28	# SIP plane (no glyph)
rou	𱊗	2026-06-28	# SIP plane (no glyph)
rou	𱣑	2026-06-28	# SIP plane (no glyph)
rou	𲅂	2026-06-28	# SIP plane (no glyph)
ru	𠟺	2026-06-28	# SIP plane (no glyph)
ru	𡄲	2026-06-28	# SIP plane (no glyph)
ru	𡜃	2026-06-28	# SIP plane (no glyph)
ru	𡜚	2026-06-28	# SIP plane (no glyph)
ru	𡫽	2026-06-28	# SIP plane (no glyph)
ru	𡮚	2026-06-28	# SIP plane (no glyph)
ru	𢖵	2026-06-28	# SIP plane (no glyph)
ru	𢛚	2026-06-28	# SIP plane (no glyph)
ru	𣖹	2026-06-28	# SIP plane (no glyph)
ru	𣚐	2026-06-28	# SIP plane (no glyph)
ru	𣭠	2026-06-28	# SIP plane (no glyph)
ru	𣯋	2026-06-28	# SIP plane (no glyph)
ru	𣽈	2026-06-28	# SIP plane (no glyph)
ru	𣽉	2026-06-28	# SIP plane (no glyph)
ru	𥙦	2026-06-28	# SIP plane (no glyph)
ru	𥞚	2026-06-28	# SIP plane (no glyph)
ru	𦤊	2026-06-28	# SIP plane (no glyph)
ru	𦭰	2026-06-28	# SIP plane (no glyph)
ru	𦳾	2026-06-28	# SIP plane (no glyph)
ru	𦷸	2026-06-28	# SIP plane (no glyph)
ru	𧊟	2026-06-28	# SIP plane (no glyph)
ru	𨚴	2026-06-28	# SIP plane (no glyph)
ru	𨨜	2026-06-28	# SIP plane (no glyph)
ru	𩄋	2026-06-28	# SIP plane (no glyph)
ru	𩍥	2026-06-28	# SIP plane (no glyph)
ru	𩱨	2026-06-28	# SIP plane (no glyph)
ru	𩶫	2026-06-28	# SIP plane (no glyph)
ru	𩶯	2026-06-28	# SIP plane (no glyph)
ru	𩸐	2026-06-28	# SIP plane (no glyph)
ru	𪏮	2026-06-28	# SIP plane (no glyph)
ru	𪑾	2026-06-28	# SIP plane (no glyph)
ru	𫛪	2026-06-28	# SIP plane (no glyph)
ru	𱇫	2026-06-28	# SIP plane (no glyph)
ru	𱈗	2026-06-28	# SIP plane (no glyph)
ruan	𠤦	2026-06-28	# SIP plane (no glyph)
ruan	𢘧	2026-06-28	# SIP plane (no glyph)
ruan	𢡵	2026-06-28	# SIP plane (no glyph)
ruan	𢱾	2026-06-28	# SIP plane (no glyph)
ruan	𣃅	2026-06-28	# SIP plane (no glyph)
ruan	𣡗	2026-06-28	# SIP plane (no glyph)
ruan	𣽳	2026-06-28	# SIP plane (no glyph)
ruan	𤧠	2026-06-28	# SIP plane (no glyph)
ruan	𤲬	2026-06-28	# SIP plane (no glyph)
ruan	𥈇	2026-06-28	# SIP plane (no glyph)
ruan	𥊶	2026-06-28	# SIP plane (no glyph)
ruan	𥎀	2026-06-28	# SIP plane (no glyph)
ruan	𥎘	2026-06-28	# SIP plane (no glyph)
ruan	𥩗	2026-06-28	# SIP plane (no glyph)
ruan	𥯬	2026-06-28	# SIP plane (no glyph)
ruan	𦺾	2026-06-28	# SIP plane (no glyph)
ruan	𨒩	2026-06-28	# SIP plane (no glyph)
ruan	𨨰	2026-06-28	# SIP plane (no glyph)
ruan	𨪳	2026-06-28	# SIP plane (no glyph)
ruan	𨬔	2026-06-28	# SIP plane (no glyph)
ruan	𩏈	2026-06-28	# SIP plane (no glyph)
ruan	𬘰	2026-06-28	# SIP plane (no glyph)
ruan	𬥻	2026-06-28	# SIP plane (no glyph)
ruan	𰓷	2026-06-28	# SIP plane (no glyph)
rui	𡯒	2026-06-28	# SIP plane (no glyph)
rui	𢣳	2026-06-28	# SIP plane (no glyph)
rui	𣛚	2026-06-28	# SIP plane (no glyph)
rui	𣬘	2026-06-28	# SIP plane (no glyph)
rui	𥳝	2026-06-28	# SIP plane (no glyph)
rui	𦼆	2026-06-28	# SIP plane (no glyph)
rui	𧄜	2026-06-28	# SIP plane (no glyph)
rui	𨧨	2026-06-28	# SIP plane (no glyph)
rui	𨳙	2026-06-28	# SIP plane (no glyph)
rui	𪏩	2026-06-28	# SIP plane (no glyph)
rui	𮉫	2026-06-28	# SIP plane (no glyph)
rui	𮤯	2026-06-28	# SIP plane (no glyph)
rui	𱃜	2026-06-28	# SIP plane (no glyph)
run	𠷀	2026-06-28	# SIP plane (no glyph)
run	𥆧	2026-06-28	# SIP plane (no glyph)
run	𨷎	2026-06-28	# SIP plane (no glyph)
run	𩀋	2026-06-28	# SIP plane (no glyph)
run	𬂀	2026-06-28	# SIP plane (no glyph)
ruo	𤍽	2026-06-28	# SIP plane (no glyph)
ruo	𤣼	2026-06-28	# SIP plane (no glyph)
ruo	𦩸	2026-06-28	# SIP plane (no glyph)
ruo	𧃪	2026-06-28	# SIP plane (no glyph)
ruo	𨀝	2026-06-28	# SIP plane (no glyph)
ruo	𨴚	2026-06-28	# SIP plane (no glyph)
ruo	𱈍	2026-06-28	# SIP plane (no glyph)
ruo	𱥣	2026-06-28	# SIP plane (no glyph)
sa	𠎷	2026-06-28	# SIP plane (no glyph)
sa	𠦃	2026-06-28	# SIP plane (no glyph)
sa	𠬙	2026-06-28	# SIP plane (no glyph)
sa	𠮿	2026-06-28	# SIP plane (no glyph)
sa	𠱡	2026-06-28	# SIP plane (no glyph)
sa	𠿓	2026-06-28	# SIP plane (no glyph)
sa	𡄳	2026-06-28	# SIP plane (no glyph)
sa	𡐥	2026-06-28	# SIP plane (no glyph)
sa	𡒁	2026-06-28	# SIP plane (no glyph)
sa	𢓔	2026-06-28	# SIP plane (no glyph)
sa	𢕬	2026-06-28	# SIP plane (no glyph)
sa	𢫬	2026-06-28	# SIP plane (no glyph)
sa	𢻨	2026-06-28	# SIP plane (no glyph)
sa	𣀯	2026-06-28	# SIP plane (no glyph)
sa	𣜂	2026-06-28	# SIP plane (no glyph)
sa	𣬬	2026-06-28	# SIP plane (no glyph)
sa	𥋌	2026-06-28	# SIP plane (no glyph)
sa	𥵯	2026-06-28	# SIP plane (no glyph)
sa	𥸗	2026-06-28	# SIP plane (no glyph)
sa	𥻦	2026-06-28	# SIP plane (no glyph)
sa	𦠿	2026-06-28	# SIP plane (no glyph)
sa	𦻅	2026-06-28	# SIP plane (no glyph)
sa	𦼧	2026-06-28	# SIP plane (no glyph)
sa	𧀕	2026-06-28	# SIP plane (no glyph)
sa	𧭝	2026-06-28	# SIP plane (no glyph)
sa	𨃛	2026-06-28	# SIP plane (no glyph)
sa	𨆂	2026-06-28	# SIP plane (no glyph)
sa	𨐖	2026-06-28	# SIP plane (no glyph)
sa	𨷆	2026-06-28	# SIP plane (no glyph)
sa	𩆅	2026-06-28	# SIP plane (no glyph)
sa	𩎕	2026-06-28	# SIP plane (no glyph)
sa	𩐅	2026-06-28	# SIP plane (no glyph)
sa	𩗉	2026-06-28	# SIP plane (no glyph)
sa	𩗞	2026-06-28	# SIP plane (no glyph)
sa	𩨞	2026-06-28	# SIP plane (no glyph)
sa	𪠡	2026-06-28	# SIP plane (no glyph)
sa	𫂿	2026-06-28	# SIP plane (no glyph)
sa	𱂃	2026-06-28	# SIP plane (no glyph)
sa	𱅂	2026-06-28	# SIP plane (no glyph)
sa	𱗂	2026-06-28	# SIP plane (no glyph)
sai	𡬉	2026-06-28	# SIP plane (no glyph)
sai	𦞫	2026-06-28	# SIP plane (no glyph)
sai	𪃄	2026-06-28	# SIP plane (no glyph)
sai	𫬐	2026-06-28	# SIP plane (no glyph)
sai	𱂲	2026-06-28	# SIP plane (no glyph)
san	𡙘	2026-06-28	# SIP plane (no glyph)
san	𢁘	2026-06-28	# SIP plane (no glyph)
san	𢕕	2026-06-28	# SIP plane (no glyph)
san	𣀧	2026-06-28	# SIP plane (no glyph)
san	𣀫	2026-06-28	# SIP plane (no glyph)
san	𣬛	2026-06-28	# SIP plane (no glyph)
san	𣮠	2026-06-28	# SIP plane (no glyph)
san	𣯶	2026-06-28	# SIP plane (no glyph)
san	𥒬	2026-06-28	# SIP plane (no glyph)
san	𦙱	2026-06-28	# SIP plane (no glyph)
san	𦙸	2026-06-28	# SIP plane (no glyph)
san	𦡨	2026-06-28	# SIP plane (no glyph)
san	𦷻	2026-06-28	# SIP plane (no glyph)
san	𦺻	2026-06-28	# SIP plane (no glyph)
san	𧗋	2026-06-28	# SIP plane (no glyph)
san	𧱆	2026-06-28	# SIP plane (no glyph)
san	𧽾	2026-06-28	# SIP plane (no glyph)
san	𨸃	2026-06-28	# SIP plane (no glyph)
san	𩀲	2026-06-28	# SIP plane (no glyph)
san	𩀼	2026-06-28	# SIP plane (no glyph)
san	𩞀	2026-06-28	# SIP plane (no glyph)
san	𩭹	2026-06-28	# SIP plane (no glyph)
san	𩯑	2026-06-28	# SIP plane (no glyph)
san	𫔌	2026-06-28	# SIP plane (no glyph)
san	𬭝	2026-06-28	# SIP plane (no glyph)
san	𬱬	2026-06-28	# SIP plane (no glyph)
san	𰏕	2026-06-28	# SIP plane (no glyph)
san	𰬷	2026-06-28	# SIP plane (no glyph)
sang	𡕏	2026-06-28	# SIP plane (no glyph)
sang	𡠏	2026-06-28	# SIP plane (no glyph)
sang	𣉕	2026-06-28	# SIP plane (no glyph)
sang	𣊝	2026-06-28	# SIP plane (no glyph)
sang	𣞙	2026-06-28	# SIP plane (no glyph)
sang	𤸯	2026-06-28	# SIP plane (no glyph)
sang	𥔫	2026-06-28	# SIP plane (no glyph)
sang	𦅇	2026-06-28	# SIP plane (no glyph)
sang	𦟄	2026-06-28	# SIP plane (no glyph)
sang	𧍨	2026-06-28	# SIP plane (no glyph)
sang	𨢆	2026-06-28	# SIP plane (no glyph)
sang	𩐷	2026-06-28	# SIP plane (no glyph)
sang	𩦌	2026-06-28	# SIP plane (no glyph)
sang	𩺞	2026-06-28	# SIP plane (no glyph)
sang	𪔬	2026-06-28	# SIP plane (no glyph)
sang	𫄪	2026-06-28	# SIP plane (no glyph)
sang	𬨑	2026-06-28	# SIP plane (no glyph)
sang	𱈎	2026-06-28	# SIP plane (no glyph)
sang	𱮒	2026-06-28	# SIP plane (no glyph)
sao	𠋺	2026-06-28	# SIP plane (no glyph)
sao	𢔳	2026-06-28	# SIP plane (no glyph)
sao	𢜶	2026-06-28	# SIP plane (no glyph)
sao	𢠡	2026-06-28	# SIP plane (no glyph)
sao	𢤁	2026-06-28	# SIP plane (no glyph)
sao	𢮞	2026-06-28	# SIP plane (no glyph)
sao	𣉔	2026-06-28	# SIP plane (no glyph)
sao	𣰕	2026-06-28	# SIP plane (no glyph)
sao	𤠘	2026-06-28	# SIP plane (no glyph)
sao	𤢖	2026-06-28	# SIP plane (no glyph)
sao	𥰱	2026-06-28	# SIP plane (no glyph)
sao	𦏛	2026-06-28	# SIP plane (no glyph)
sao	𦕏	2026-06-28	# SIP plane (no glyph)
sao	𦞣	2026-06-28	# SIP plane (no glyph)
sao	𦺋	2026-06-28	# SIP plane (no glyph)
sao	𦾘	2026-06-28	# SIP plane (no glyph)
sao	𧂩	2026-06-28	# SIP plane (no glyph)
sao	𧑫	2026-06-28	# SIP plane (no glyph)
sao	𧖠	2026-06-28	# SIP plane (no glyph)
sao	𨃣	2026-06-28	# SIP plane (no glyph)
sao	𨧪	2026-06-28	# SIP plane (no glyph)
sao	𨪊	2026-06-28	# SIP plane (no glyph)
sao	𩙈	2026-06-28	# SIP plane (no glyph)
sao	𩙰	2026-06-28	# SIP plane (no glyph)
sao	𩫦	2026-06-28	# SIP plane (no glyph)
sao	𩮚	2026-06-28	# SIP plane (no glyph)
sao	𪍻	2026-06-28	# SIP plane (no glyph)
sao	𫚫	2026-06-28	# SIP plane (no glyph)
sao	𱝄	2026-06-28	# SIP plane (no glyph)
se	𠎸	2026-06-28	# SIP plane (no glyph)
se	𠟦	2026-06-28	# SIP plane (no glyph)
se	𠟩	2026-06-28	# SIP plane (no glyph)
se	𠢳	2026-06-28	# SIP plane (no glyph)
se	𠵭	2026-06-28	# SIP plane (no glyph)
se	𠽼	2026-06-28	# SIP plane (no glyph)
se	𠿗	2026-06-28	# SIP plane (no glyph)
se	𡫟	2026-06-28	# SIP plane (no glyph)
se	𡵶	2026-06-28	# SIP plane (no glyph)
se	𢀋	2026-06-28	# SIP plane (no glyph)
se	𢃢	2026-06-28	# SIP plane (no glyph)
se	𢡉	2026-06-28	# SIP plane (no glyph)
se	𣚟	2026-06-28	# SIP plane (no glyph)
se	𣽤	2026-06-28	# SIP plane (no glyph)
se	𤁧	2026-06-28	# SIP plane (no glyph)
se	𤖗	2026-06-28	# SIP plane (no glyph)
se	𤛷	2026-06-28	# SIP plane (no glyph)
se	𤾿	2026-06-28	# SIP plane (no glyph)
se	𥈽	2026-06-28	# SIP plane (no glyph)
se	𥱁	2026-06-28	# SIP plane (no glyph)
se	𥷹	2026-06-28	# SIP plane (no glyph)
se	𥻨	2026-06-28	# SIP plane (no glyph)
se	𦆄	2026-06-28	# SIP plane (no glyph)
se	𦐅	2026-06-28	# SIP plane (no glyph)
se	𧈈	2026-06-28	# SIP plane (no glyph)
se	𧒓	2026-06-28	# SIP plane (no glyph)
se	𧒗	2026-06-28	# SIP plane (no glyph)
se	𧨷	2026-06-28	# SIP plane (no glyph)
se	𨆙	2026-06-28	# SIP plane (no glyph)
se	𩃑	2026-06-28	# SIP plane (no glyph)
se	𩄜	2026-06-28	# SIP plane (no glyph)
se	𩇣	2026-06-28	# SIP plane (no glyph)
se	𩊯	2026-06-28	# SIP plane (no glyph)
se	𩍙	2026-06-28	# SIP plane (no glyph)
se	𩏫	2026-06-28	# SIP plane (no glyph)
se	𩕡	2026-06-28	# SIP plane (no glyph)
se	𩰙	2026-06-28	# SIP plane (no glyph)
se	𫄱	2026-06-28	# SIP plane (no glyph)
se	𫗋	2026-06-28	# SIP plane (no glyph)
se	𬈧	2026-06-28	# SIP plane (no glyph)
se	𰶎	2026-06-28	# SIP plane (no glyph)
se	𰺙	2026-06-28	# SIP plane (no glyph)
sen	𣟹	2026-06-28	# SIP plane (no glyph)
sen	𧂅	2026-06-28	# SIP plane (no glyph)
sen	𩕌	2026-06-28	# SIP plane (no glyph)
sen	𬞣	2026-06-28	# SIP plane (no glyph)
sen	𰴂	2026-06-28	# SIP plane (no glyph)
seng	𡬙	2026-06-28	# SIP plane (no glyph)
sha	𠍽	2026-06-28	# SIP plane (no glyph)
sha	𠚺	2026-06-28	# SIP plane (no glyph)
sha	𡺧	2026-06-28	# SIP plane (no glyph)
sha	𢅑	2026-06-28	# SIP plane (no glyph)
sha	𢇗	2026-06-28	# SIP plane (no glyph)
sha	𢩖	2026-06-28	# SIP plane (no glyph)
sha	𢶌	2026-06-28	# SIP plane (no glyph)
sha	𢼵	2026-06-28	# SIP plane (no glyph)
sha	𣉜	2026-06-28	# SIP plane (no glyph)
sha	𣓉	2026-06-28	# SIP plane (no glyph)
sha	𣛶	2026-06-28	# SIP plane (no glyph)
sha	𣡽	2026-06-28	# SIP plane (no glyph)
sha	𣣮	2026-06-28	# SIP plane (no glyph)
sha	𣣺	2026-06-28	# SIP plane (no glyph)
sha	𣲓	2026-06-28	# SIP plane (no glyph)
sha	𣲡	2026-06-28	# SIP plane (no glyph)
sha	𣶤	2026-06-28	# SIP plane (no glyph)
sha	𣻑	2026-06-28	# SIP plane (no glyph)
sha	𤍁	2026-06-28	# SIP plane (no glyph)
sha	𤑣	2026-06-28	# SIP plane (no glyph)
sha	𤟃	2026-06-28	# SIP plane (no glyph)
sha	𥈊	2026-06-28	# SIP plane (no glyph)
sha	𦀛	2026-06-28	# SIP plane (no glyph)
sha	𦔯	2026-06-28	# SIP plane (no glyph)
sha	𦔰	2026-06-28	# SIP plane (no glyph)
sha	𦕉	2026-06-28	# SIP plane (no glyph)
sha	𦩿	2026-06-28	# SIP plane (no glyph)
sha	𦭉	2026-06-28	# SIP plane (no glyph)
sha	𦱵	2026-06-28	# SIP plane (no glyph)
sha	𦾚	2026-06-28	# SIP plane (no glyph)
sha	𧋊	2026-06-28	# SIP plane (no glyph)
sha	𧏫	2026-06-28	# SIP plane (no glyph)
sha	𧫝	2026-06-28	# SIP plane (no glyph)
sha	𧲌	2026-06-28	# SIP plane (no glyph)
sha	𧳛	2026-06-28	# SIP plane (no glyph)
sha	𧻵	2026-06-28	# SIP plane (no glyph)
sha	𨖷	2026-06-28	# SIP plane (no glyph)
sha	𨘉	2026-06-28	# SIP plane (no glyph)
sha	𨪍	2026-06-28	# SIP plane (no glyph)
sha	𩊮	2026-06-28	# SIP plane (no glyph)
sha	𩮫	2026-06-28	# SIP plane (no glyph)
sha	𩵮	2026-06-28	# SIP plane (no glyph)
sha	𪄅	2026-06-28	# SIP plane (no glyph)
sha	𪌮	2026-06-28	# SIP plane (no glyph)
sha	𫍺	2026-06-28	# SIP plane (no glyph)
sha	𫚌	2026-06-28	# SIP plane (no glyph)
sha	𬂮	2026-06-28	# SIP plane (no glyph)
sha	𬉇	2026-06-28	# SIP plane (no glyph)
sha	𬡕	2026-06-28	# SIP plane (no glyph)
sha	𬮪	2026-06-28	# SIP plane (no glyph)
sha	𬸌	2026-06-28	# SIP plane (no glyph)
sha	𭰒	2026-06-28	# SIP plane (no glyph)
sha	𰭢	2026-06-28	# SIP plane (no glyph)
sha	𰰵	2026-06-28	# SIP plane (no glyph)
sha	𰾈	2026-06-28	# SIP plane (no glyph)
sha	𰿳	2026-06-28	# SIP plane (no glyph)
sha	𱋘	2026-06-28	# SIP plane (no glyph)
shai	𢄌	2026-06-28	# SIP plane (no glyph)
shai	𧜁	2026-06-28	# SIP plane (no glyph)
shai	𨢦	2026-06-28	# SIP plane (no glyph)
shai	𩂃	2026-06-28	# SIP plane (no glyph)
shai	𩂝	2026-06-28	# SIP plane (no glyph)
shai	𩴇	2026-06-28	# SIP plane (no glyph)
shai	𬓸	2026-06-28	# SIP plane (no glyph)
shan	𠚹	2026-06-28	# SIP plane (no glyph)
shan	𠫹	2026-06-28	# SIP plane (no glyph)
shan	𠿞	2026-06-28	# SIP plane (no glyph)
shan	𡟨	2026-06-28	# SIP plane (no glyph)
shan	𢒉	2026-06-28	# SIP plane (no glyph)
shan	𢒹	2026-06-28	# SIP plane (no glyph)
shan	𢕻	2026-06-28	# SIP plane (no glyph)
shan	𢩢	2026-06-28	# SIP plane (no glyph)
shan	𢫔	2026-06-28	# SIP plane (no glyph)
shan	𢿈	2026-06-28	# SIP plane (no glyph)
shan	𣆴	2026-06-28	# SIP plane (no glyph)
shan	𣓒	2026-06-28	# SIP plane (no glyph)
shan	𣖉	2026-06-28	# SIP plane (no glyph)
shan	𣧺	2026-06-28	# SIP plane (no glyph)
shan	𣩧	2026-06-28	# SIP plane (no glyph)
shan	𣪶	2026-06-28	# SIP plane (no glyph)
shan	𣲀	2026-06-28	# SIP plane (no glyph)
shan	𤇄	2026-06-28	# SIP plane (no glyph)
shan	𤊼	2026-06-28	# SIP plane (no glyph)
shan	𤮜	2026-06-28	# SIP plane (no glyph)
shan	𤺪	2026-06-28	# SIP plane (no glyph)
shan	𥄘	2026-06-28	# SIP plane (no glyph)
shan	𥈚	2026-06-28	# SIP plane (no glyph)
shan	𥊀	2026-06-28	# SIP plane (no glyph)
shan	𥔱	2026-06-28	# SIP plane (no glyph)
shan	𥰢	2026-06-28	# SIP plane (no glyph)
shan	𥸣	2026-06-28	# SIP plane (no glyph)
shan	𦍸	2026-06-28	# SIP plane (no glyph)
shan	𦎞	2026-06-28	# SIP plane (no glyph)
shan	𦏂	2026-06-28	# SIP plane (no glyph)
shan	𦘹	2026-06-28	# SIP plane (no glyph)
shan	𦳫	2026-06-28	# SIP plane (no glyph)
shan	𦶋	2026-06-28	# SIP plane (no glyph)
shan	𦺭	2026-06-28	# SIP plane (no glyph)
shan	𧎥	2026-06-28	# SIP plane (no glyph)
shan	𧛄	2026-06-28	# SIP plane (no glyph)
shan	𧛡	2026-06-28	# SIP plane (no glyph)
shan	𧧵	2026-06-28	# SIP plane (no glyph)
shan	𧨾	2026-06-28	# SIP plane (no glyph)
shan	𧭽	2026-06-28	# SIP plane (no glyph)
shan	𧲾	2026-06-28	# SIP plane (no glyph)
shan	𧴭	2026-06-28	# SIP plane (no glyph)
shan	𧷶	2026-06-28	# SIP plane (no glyph)
shan	𨁆	2026-06-28	# SIP plane (no glyph)
shan	𨏪	2026-06-28	# SIP plane (no glyph)
shan	𨝩	2026-06-28	# SIP plane (no glyph)
shan	𨝵	2026-06-28	# SIP plane (no glyph)
shan	𨹈	2026-06-28	# SIP plane (no glyph)
shan	𨹊	2026-06-28	# SIP plane (no glyph)
shan	𩁺	2026-06-28	# SIP plane (no glyph)
shan	𩆤	2026-06-28	# SIP plane (no glyph)
shan	𩆫	2026-06-28	# SIP plane (no glyph)
shan	𩌰	2026-06-28	# SIP plane (no glyph)
shan	𩟋	2026-06-28	# SIP plane (no glyph)
shan	𩦐	2026-06-28	# SIP plane (no glyph)
shan	𪍶	2026-06-28	# SIP plane (no glyph)
shan	𪑃	2026-06-28	# SIP plane (no glyph)
shan	𪯋	2026-06-28	# SIP plane (no glyph)
shan	𫍸	2026-06-28	# SIP plane (no glyph)
shan	𫐅	2026-06-28	# SIP plane (no glyph)
shan	𫟶	2026-06-28	# SIP plane (no glyph)
shan	𫮃	2026-06-28	# SIP plane (no glyph)
shan	𬊦	2026-06-28	# SIP plane (no glyph)
shan	𬌷	2026-06-28	# SIP plane (no glyph)
shan	𬶛	2026-06-28	# SIP plane (no glyph)
shan	𬹎	2026-06-28	# SIP plane (no glyph)
shan	𰇼	2026-06-28	# SIP plane (no glyph)
shan	𰓔	2026-06-28	# SIP plane (no glyph)
shan	𰛛	2026-06-28	# SIP plane (no glyph)
shan	𰛩	2026-06-28	# SIP plane (no glyph)
shan	𰬪	2026-06-28	# SIP plane (no glyph)
shan	𱇞	2026-06-28	# SIP plane (no glyph)
shan	𱈁	2026-06-28	# SIP plane (no glyph)
shan	𱋆	2026-06-28	# SIP plane (no glyph)
shan	𱖒	2026-06-28	# SIP plane (no glyph)
shang	𠼬	2026-06-28	# SIP plane (no glyph)
shang	𤎘	2026-06-28	# SIP plane (no glyph)
shang	𤔚	2026-06-28	# SIP plane (no glyph)
shang	𤳈	2026-06-28	# SIP plane (no glyph)
shang	𤵼	2026-06-28	# SIP plane (no glyph)
shang	𥏫	2026-06-28	# SIP plane (no glyph)
shang	𧡮	2026-06-28	# SIP plane (no glyph)
shang	𧶜	2026-06-28	# SIP plane (no glyph)
shang	𨢩	2026-06-28	# SIP plane (no glyph)
shang	𨶼	2026-06-28	# SIP plane (no glyph)
shang	𩞃	2026-06-28	# SIP plane (no glyph)
shang	𩞧	2026-06-28	# SIP plane (no glyph)
shang	𪄲	2026-06-28	# SIP plane (no glyph)
shang	𫹽	2026-06-28	# SIP plane (no glyph)
shang	𬀷	2026-06-28	# SIP plane (no glyph)
shang	𬲰	2026-06-28	# SIP plane (no glyph)
shang	𱄇	2026-06-28	# SIP plane (no glyph)
shang	𱆌	2026-06-28	# SIP plane (no glyph)
shang	𱊥	2026-06-28	# SIP plane (no glyph)
shao	𠣫	2026-06-28	# SIP plane (no glyph)
shao	𠧙	2026-06-28	# SIP plane (no glyph)
shao	𠷃	2026-06-28	# SIP plane (no glyph)
shao	𡡏	2026-06-28	# SIP plane (no glyph)
shao	𢦽	2026-06-28	# SIP plane (no glyph)
shao	𢼼	2026-06-28	# SIP plane (no glyph)
shao	𢾐	2026-06-28	# SIP plane (no glyph)
shao	𤉎	2026-06-28	# SIP plane (no glyph)
shao	𤱠	2026-06-28	# SIP plane (no glyph)
shao	𥙬	2026-06-28	# SIP plane (no glyph)
shao	𥳓	2026-06-28	# SIP plane (no glyph)
shao	𥵦	2026-06-28	# SIP plane (no glyph)
shao	𦄏	2026-06-28	# SIP plane (no glyph)
shao	𦓴	2026-06-28	# SIP plane (no glyph)
shao	𦯐	2026-06-28	# SIP plane (no glyph)
shao	𦿃	2026-06-28	# SIP plane (no glyph)
shao	𧣪	2026-06-28	# SIP plane (no glyph)
shao	𧳹	2026-06-28	# SIP plane (no glyph)
shao	𨈘	2026-06-28	# SIP plane (no glyph)
shao	𨙹	2026-06-28	# SIP plane (no glyph)
shao	𨛍	2026-06-28	# SIP plane (no glyph)
shao	𨱭	2026-06-28	# SIP plane (no glyph)
shao	𨲆	2026-06-28	# SIP plane (no glyph)
shao	𩬏	2026-06-28	# SIP plane (no glyph)
shao	𰴖	2026-06-28	# SIP plane (no glyph)
shao	𱇯	2026-06-28	# SIP plane (no glyph)
she	𠋞	2026-06-28	# SIP plane (no glyph)
she	𠪣	2026-06-28	# SIP plane (no glyph)
she	𠴯	2026-06-28	# SIP plane (no glyph)
she	𠾏	2026-06-28	# SIP plane (no glyph)
she	𡄢	2026-06-28	# SIP plane (no glyph)
she	𢉃	2026-06-28	# SIP plane (no glyph)
she	𢗭	2026-06-28	# SIP plane (no glyph)
she	𢶅	2026-06-28	# SIP plane (no glyph)
she	𣝒	2026-06-28	# SIP plane (no glyph)
she	𣣭	2026-06-28	# SIP plane (no glyph)
she	𣸚	2026-06-28	# SIP plane (no glyph)
she	𤙱	2026-06-28	# SIP plane (no glyph)
she	𤠭	2026-06-28	# SIP plane (no glyph)
she	𤺔	2026-06-28	# SIP plane (no glyph)
she	𥁹	2026-06-28	# SIP plane (no glyph)
she	𥍉	2026-06-28	# SIP plane (no glyph)
she	𥔡	2026-06-28	# SIP plane (no glyph)
she	𥝀	2026-06-28	# SIP plane (no glyph)
she	𥿞	2026-06-28	# SIP plane (no glyph)
she	𦁗	2026-06-28	# SIP plane (no glyph)
she	𦯬	2026-06-28	# SIP plane (no glyph)
she	𦴍	2026-06-28	# SIP plane (no glyph)
she	𦼢	2026-06-28	# SIP plane (no glyph)
she	𧉮	2026-06-28	# SIP plane (no glyph)
she	𧮿	2026-06-28	# SIP plane (no glyph)
she	𧵳	2026-06-28	# SIP plane (no glyph)
she	𨝫	2026-06-28	# SIP plane (no glyph)
she	𨣍	2026-06-28	# SIP plane (no glyph)
she	𩂨	2026-06-28	# SIP plane (no glyph)
she	𩂴	2026-06-28	# SIP plane (no glyph)
she	𩙝	2026-06-28	# SIP plane (no glyph)
she	𩩗	2026-06-28	# SIP plane (no glyph)
she	𩮐	2026-06-28	# SIP plane (no glyph)
she	𪨶	2026-06-28	# SIP plane (no glyph)
she	𪳍	2026-06-28	# SIP plane (no glyph)
she	𪽴	2026-06-28	# SIP plane (no glyph)
she	𰰺	2026-06-28	# SIP plane (no glyph)
she	𱂊	2026-06-28	# SIP plane (no glyph)
she	𱅚	2026-06-28	# SIP plane (no glyph)
shen	𠂧	2026-06-28	# SIP plane (no glyph)
shen	𠃫	2026-06-28	# SIP plane (no glyph)
shen	𠗿	2026-06-28	# SIP plane (no glyph)
shen	𠘆	2026-06-28	# SIP plane (no glyph)
shen	𠻝	2026-06-28	# SIP plane (no glyph)
shen	𡖬	2026-06-28	# SIP plane (no glyph)
shen	𡼬	2026-06-28	# SIP plane (no glyph)
shen	𢈇	2026-06-28	# SIP plane (no glyph)
shen	𢈯	2026-06-28	# SIP plane (no glyph)
shen	𢊖	2026-06-28	# SIP plane (no glyph)
shen	𢊲	2026-06-28	# SIP plane (no glyph)
shen	𢏎	2026-06-28	# SIP plane (no glyph)
shen	𢏦	2026-06-28	# SIP plane (no glyph)
shen	𢘊	2026-06-28	# SIP plane (no glyph)
shen	𢸙	2026-06-28	# SIP plane (no glyph)
shen	𣇗	2026-06-28	# SIP plane (no glyph)
shen	𣔗	2026-06-28	# SIP plane (no glyph)
shen	𣘘	2026-06-28	# SIP plane (no glyph)
shen	𣘲	2026-06-28	# SIP plane (no glyph)
shen	𣿇	2026-06-28	# SIP plane (no glyph)
shen	𤏗	2026-06-28	# SIP plane (no glyph)
shen	𤕊	2026-06-28	# SIP plane (no glyph)
shen	𤶴	2026-06-28	# SIP plane (no glyph)
shen	𥆣	2026-06-28	# SIP plane (no glyph)
shen	𥏖	2026-06-28	# SIP plane (no glyph)
shen	𥥍	2026-06-28	# SIP plane (no glyph)
shen	𥥿	2026-06-28	# SIP plane (no glyph)
shen	𥬐	2026-06-28	# SIP plane (no glyph)
shen	𥳱	2026-06-28	# SIP plane (no glyph)
shen	𥸬	2026-06-28	# SIP plane (no glyph)
shen	𦌀	2026-06-28	# SIP plane (no glyph)
shen	𦐹	2026-06-28	# SIP plane (no glyph)
shen	𦕽	2026-06-28	# SIP plane (no glyph)
shen	𦜊	2026-06-28	# SIP plane (no glyph)
shen	𦜜	2026-06-28	# SIP plane (no glyph)
shen	𦸂	2026-06-28	# SIP plane (no glyph)
shen	𦸯	2026-06-28	# SIP plane (no glyph)
shen	𦺷	2026-06-28	# SIP plane (no glyph)
shen	𧀯	2026-06-28	# SIP plane (no glyph)
shen	𧢹	2026-06-28	# SIP plane (no glyph)
shen	𨊘	2026-06-28	# SIP plane (no glyph)
shen	𨐍	2026-06-28	# SIP plane (no glyph)
shen	𨐔	2026-06-28	# SIP plane (no glyph)
shen	𨐕	2026-06-28	# SIP plane (no glyph)
shen	𨝐	2026-06-28	# SIP plane (no glyph)
shen	𨞲	2026-06-28	# SIP plane (no glyph)
shen	𨴐	2026-06-28	# SIP plane (no glyph)
shen	𩉼	2026-06-28	# SIP plane (no glyph)
shen	𩶇	2026-06-28	# SIP plane (no glyph)
shen	𩺵	2026-06-28	# SIP plane (no glyph)
shen	𫓵	2026-06-28	# SIP plane (no glyph)
shen	𬬹	2026-06-28	# SIP plane (no glyph)
shen	𬳽	2026-06-28	# SIP plane (no glyph)
shen	𭡜	2026-06-28	# SIP plane (no glyph)
shen	𰄁	2026-06-28	# SIP plane (no glyph)
shen	𰗵	2026-06-28	# SIP plane (no glyph)
shen	𱇙	2026-06-28	# SIP plane (no glyph)
shen	𱵁	2026-06-28	# SIP plane (no glyph)
shen	𱽖	2026-06-28	# SIP plane (no glyph)
sheng	𠇷	2026-06-28	# SIP plane (no glyph)
sheng	𠓸	2026-06-28	# SIP plane (no glyph)
sheng	𠓽	2026-06-28	# SIP plane (no glyph)
sheng	𠴢	2026-06-28	# SIP plane (no glyph)
sheng	𡞞	2026-06-28	# SIP plane (no glyph)
sheng	𡨽	2026-06-28	# SIP plane (no glyph)
sheng	𢦑	2026-06-28	# SIP plane (no glyph)
sheng	𣢡	2026-06-28	# SIP plane (no glyph)
sheng	𣬺	2026-06-28	# SIP plane (no glyph)
sheng	𤚣	2026-06-28	# SIP plane (no glyph)
sheng	𤯡	2026-06-28	# SIP plane (no glyph)
sheng	𥘥	2026-06-28	# SIP plane (no glyph)
sheng	𥟎	2026-06-28	# SIP plane (no glyph)
sheng	𦔄	2026-06-28	# SIP plane (no glyph)
sheng	𦕡	2026-06-28	# SIP plane (no glyph)
sheng	𦖞	2026-06-28	# SIP plane (no glyph)
sheng	𦛙	2026-06-28	# SIP plane (no glyph)
sheng	𦩱	2026-06-28	# SIP plane (no glyph)
sheng	𦳗	2026-06-28	# SIP plane (no glyph)
sheng	𧍖	2026-06-28	# SIP plane (no glyph)
sheng	𧡶	2026-06-28	# SIP plane (no glyph)
sheng	𧪝	2026-06-28	# SIP plane (no glyph)
sheng	𧿘	2026-06-28	# SIP plane (no glyph)
sheng	𨁠	2026-06-28	# SIP plane (no glyph)
sheng	𨕻	2026-06-28	# SIP plane (no glyph)
sheng	𨚱	2026-06-28	# SIP plane (no glyph)
sheng	𨜜	2026-06-28	# SIP plane (no glyph)
sheng	𨲓	2026-06-28	# SIP plane (no glyph)
sheng	𨵥	2026-06-28	# SIP plane (no glyph)
sheng	𩍋	2026-06-28	# SIP plane (no glyph)
sheng	𪅻	2026-06-28	# SIP plane (no glyph)
sheng	𬂉	2026-06-28	# SIP plane (no glyph)
sheng	𬸆	2026-06-28	# SIP plane (no glyph)
sheng	𰑪	2026-06-28	# SIP plane (no glyph)
sheng	𰷩	2026-06-28	# SIP plane (no glyph)
sheng	𰽫	2026-06-28	# SIP plane (no glyph)
sheng	𰾝	2026-06-28	# SIP plane (no glyph)
sheng	𱰎	2026-06-28	# SIP plane (no glyph)
shi	𠀍	2026-06-28	# SIP plane (no glyph)
shi	𠁗	2026-06-28	# SIP plane (no glyph)
shi	𠇳	2026-06-28	# SIP plane (no glyph)
shi	𠓤	2026-06-28	# SIP plane (no glyph)
shi	𠘪	2026-06-28	# SIP plane (no glyph)
shi	𠡥	2026-06-28	# SIP plane (no glyph)
shi	𠥿	2026-06-28	# SIP plane (no glyph)
shi	𠩔	2026-06-28	# SIP plane (no glyph)
shi	𠯰	2026-06-28	# SIP plane (no glyph)
shi	𠰚	2026-06-28	# SIP plane (no glyph)
shi	𠰴	2026-06-28	# SIP plane (no glyph)
shi	𠷇	2026-06-28	# SIP plane (no glyph)
shi	𡀗	2026-06-28	# SIP plane (no glyph)
shi	𡂓	2026-06-28	# SIP plane (no glyph)
shi	𡅵	2026-06-28	# SIP plane (no glyph)
shi	𡉸	2026-06-28	# SIP plane (no glyph)
shi	𡚼	2026-06-28	# SIP plane (no glyph)
shi	𡟕	2026-06-28	# SIP plane (no glyph)
shi	𡠋	2026-06-28	# SIP plane (no glyph)
shi	𡣪	2026-06-28	# SIP plane (no glyph)
shi	𡫵	2026-06-28	# SIP plane (no glyph)
shi	𡰯	2026-06-28	# SIP plane (no glyph)
shi	𡱁	2026-06-28	# SIP plane (no glyph)
shi	𡶈	2026-06-28	# SIP plane (no glyph)
shi	𡷈	2026-06-28	# SIP plane (no glyph)
shi	𡺔	2026-06-28	# SIP plane (no glyph)
shi	𢀕	2026-06-28	# SIP plane (no glyph)
shi	𢁓	2026-06-28	# SIP plane (no glyph)
shi	𢂑	2026-06-28	# SIP plane (no glyph)
shi	𢃰	2026-06-28	# SIP plane (no glyph)
shi	𢝬	2026-06-28	# SIP plane (no glyph)
shi	𢧏	2026-06-28	# SIP plane (no glyph)
shi	𢨝	2026-06-28	# SIP plane (no glyph)
shi	𢺿	2026-06-28	# SIP plane (no glyph)
shi	𢻘	2026-06-28	# SIP plane (no glyph)
shi	𢻫	2026-06-28	# SIP plane (no glyph)
shi	𢼉	2026-06-28	# SIP plane (no glyph)
shi	𢼊	2026-06-28	# SIP plane (no glyph)
shi	𣁒	2026-06-28	# SIP plane (no glyph)
shi	𣆘	2026-06-28	# SIP plane (no glyph)
shi	𣏚	2026-06-28	# SIP plane (no glyph)
shi	𣤘	2026-06-28	# SIP plane (no glyph)
shi	𣧚	2026-06-28	# SIP plane (no glyph)
shi	𣬐	2026-06-28	# SIP plane (no glyph)
shi	𤆰	2026-06-28	# SIP plane (no glyph)
shi	𤉏	2026-06-28	# SIP plane (no glyph)
shi	𤑦	2026-06-28	# SIP plane (no glyph)
shi	𤖻	2026-06-28	# SIP plane (no glyph)
shi	𤜣	2026-06-28	# SIP plane (no glyph)
shi	𤢼	2026-06-28	# SIP plane (no glyph)
shi	𤯄	2026-06-28	# SIP plane (no glyph)
shi	𤯜	2026-06-28	# SIP plane (no glyph)
shi	𤸤	2026-06-28	# SIP plane (no glyph)
shi	𤹌	2026-06-28	# SIP plane (no glyph)
shi	𥅔	2026-06-28	# SIP plane (no glyph)
shi	𥅞	2026-06-28	# SIP plane (no glyph)
shi	𥇲	2026-06-28	# SIP plane (no glyph)
shi	𥍸	2026-06-28	# SIP plane (no glyph)
shi	𥐘	2026-06-28	# SIP plane (no glyph)
shi	𥑏	2026-06-28	# SIP plane (no glyph)
shi	𥛨	2026-06-28	# SIP plane (no glyph)
shi	𥜰	2026-06-28	# SIP plane (no glyph)
shi	𥥥	2026-06-28	# SIP plane (no glyph)
shi	𥫴	2026-06-28	# SIP plane (no glyph)
shi	𥫽	2026-06-28	# SIP plane (no glyph)
shi	𥰰	2026-06-28	# SIP plane (no glyph)
shi	𥼶	2026-06-28	# SIP plane (no glyph)
shi	𥿅	2026-06-28	# SIP plane (no glyph)
shi	𦌿	2026-06-28	# SIP plane (no glyph)
shi	𦒈	2026-06-28	# SIP plane (no glyph)
shi	𦔂	2026-06-28	# SIP plane (no glyph)
shi	𦚨	2026-06-28	# SIP plane (no glyph)
shi	𦰯	2026-06-28	# SIP plane (no glyph)
shi	𦳊	2026-06-28	# SIP plane (no glyph)
shi	𦿇	2026-06-28	# SIP plane (no glyph)
shi	𧄹	2026-06-28	# SIP plane (no glyph)
shi	𧊖	2026-06-28	# SIP plane (no glyph)
shi	𧍀	2026-06-28	# SIP plane (no glyph)
shi	𧜂	2026-06-28	# SIP plane (no glyph)
shi	𧝊	2026-06-28	# SIP plane (no glyph)
shi	𧞲	2026-06-28	# SIP plane (no glyph)
shi	𧠜	2026-06-28	# SIP plane (no glyph)
shi	𧠡	2026-06-28	# SIP plane (no glyph)
shi	𧧅	2026-06-28	# SIP plane (no glyph)
shi	𧩹	2026-06-28	# SIP plane (no glyph)
shi	𧳅	2026-06-28	# SIP plane (no glyph)
shi	𧵋	2026-06-28	# SIP plane (no glyph)
shi	𧻸	2026-06-28	# SIP plane (no glyph)
shi	𨒍	2026-06-28	# SIP plane (no glyph)
shi	𨒧	2026-06-28	# SIP plane (no glyph)
shi	𨙩	2026-06-28	# SIP plane (no glyph)
shi	𨟂	2026-06-28	# SIP plane (no glyph)
shi	𨱡	2026-06-28	# SIP plane (no glyph)
shi	𨴯	2026-06-28	# SIP plane (no glyph)
shi	𨸝	2026-06-28	# SIP plane (no glyph)
shi	𨽄	2026-06-28	# SIP plane (no glyph)
shi	𩋡	2026-06-28	# SIP plane (no glyph)
shi	𩒂	2026-06-28	# SIP plane (no glyph)
shi	𩗎	2026-06-28	# SIP plane (no glyph)
shi	𩛌	2026-06-28	# SIP plane (no glyph)
shi	𩛏	2026-06-28	# SIP plane (no glyph)
shi	𩥐	2026-06-28	# SIP plane (no glyph)
shi	𩬭	2026-06-28	# SIP plane (no glyph)
shi	𩭐	2026-06-28	# SIP plane (no glyph)
shi	𩰢	2026-06-28	# SIP plane (no glyph)
shi	𪀔	2026-06-28	# SIP plane (no glyph)
shi	𪊢	2026-06-28	# SIP plane (no glyph)
shi	𪓻	2026-06-28	# SIP plane (no glyph)
shi	𪓿	2026-06-28	# SIP plane (no glyph)
shi	𪗧	2026-06-28	# SIP plane (no glyph)
shi	𪶄	2026-06-28	# SIP plane (no glyph)
shi	𫀌	2026-06-28	# SIP plane (no glyph)
shi	𫄟	2026-06-28	# SIP plane (no glyph)
shi	𫗤	2026-06-28	# SIP plane (no glyph)
shi	𫚕	2026-06-28	# SIP plane (no glyph)
shi	𫟸	2026-06-28	# SIP plane (no glyph)
shi	𬕄	2026-06-28	# SIP plane (no glyph)
shi	𬖘	2026-06-28	# SIP plane (no glyph)
shi	𬡔	2026-06-28	# SIP plane (no glyph)
shi	𬤊	2026-06-28	# SIP plane (no glyph)
shi	𬬷	2026-06-28	# SIP plane (no glyph)
shi	𮸌	2026-06-28	# SIP plane (no glyph)
shi	𰗨	2026-06-28	# SIP plane (no glyph)
shi	𰰳	2026-06-28	# SIP plane (no glyph)
shi	𰳼	2026-06-28	# SIP plane (no glyph)
shi	𰾢	2026-06-28	# SIP plane (no glyph)
shi	𱛬	2026-06-28	# SIP plane (no glyph)
shou	𠈅	2026-06-28	# SIP plane (no glyph)
shou	𠱔	2026-06-28	# SIP plane (no glyph)
shou	𡭮	2026-06-28	# SIP plane (no glyph)
shou	𣒻	2026-06-28	# SIP plane (no glyph)
shou	𤙘	2026-06-28	# SIP plane (no glyph)
shou	𤚔	2026-06-28	# SIP plane (no glyph)
shou	𤱜	2026-06-28	# SIP plane (no glyph)
shou	𥅪	2026-06-28	# SIP plane (no glyph)
shou	𥅷	2026-06-28	# SIP plane (no glyph)
shou	𥙰	2026-06-28	# SIP plane (no glyph)
shou	𥨝	2026-06-28	# SIP plane (no glyph)
shou	𥾹	2026-06-28	# SIP plane (no glyph)
shou	𦣻	2026-06-28	# SIP plane (no glyph)
shou	𧈙	2026-06-28	# SIP plane (no glyph)
shou	𧌅	2026-06-28	# SIP plane (no glyph)
shou	𧚯	2026-06-28	# SIP plane (no glyph)
shou	𧜃	2026-06-28	# SIP plane (no glyph)
shou	𧤙	2026-06-28	# SIP plane (no glyph)
shou	𧯼	2026-06-28	# SIP plane (no glyph)
shou	𧵃	2026-06-28	# SIP plane (no glyph)
shou	𨞪	2026-06-28	# SIP plane (no glyph)
shou	𨱒	2026-06-28	# SIP plane (no glyph)
shou	𩠶	2026-06-28	# SIP plane (no glyph)
shou	𩴍	2026-06-28	# SIP plane (no glyph)
shou	𪈀	2026-06-28	# SIP plane (no glyph)
shou	𫜷	2026-06-28	# SIP plane (no glyph)
shou	𬱯	2026-06-28	# SIP plane (no glyph)
shu	𠊪	2026-06-28	# SIP plane (no glyph)
shu	𠐊	2026-06-28	# SIP plane (no glyph)
shu	𠘧	2026-06-28	# SIP plane (no glyph)
shu	𠙎	2026-06-28	# SIP plane (no glyph)
shu	𠲌	2026-06-28	# SIP plane (no glyph)
shu	𠾢	2026-06-28	# SIP plane (no glyph)
shu	𡂡	2026-06-28	# SIP plane (no glyph)
shu	𡊍	2026-06-28	# SIP plane (no glyph)
shu	𡒒	2026-06-28	# SIP plane (no glyph)
shu	𡔪	2026-06-28	# SIP plane (no glyph)
shu	𡣈	2026-06-28	# SIP plane (no glyph)
shu	𡤽	2026-06-28	# SIP plane (no glyph)
shu	𡦛	2026-06-28	# SIP plane (no glyph)
shu	𡧔	2026-06-28	# SIP plane (no glyph)
shu	𡱆	2026-06-28	# SIP plane (no glyph)
shu	𢋂	2026-06-28	# SIP plane (no glyph)
shu	𢞣	2026-06-28	# SIP plane (no glyph)
shu	𢠫	2026-06-28	# SIP plane (no glyph)
shu	𢧇	2026-06-28	# SIP plane (no glyph)
shu	𣀻	2026-06-28	# SIP plane (no glyph)
shu	𣉛	2026-06-28	# SIP plane (no glyph)
shu	𣏗	2026-06-28	# SIP plane (no glyph)
shu	𣤯	2026-06-28	# SIP plane (no glyph)
shu	𣰿	2026-06-28	# SIP plane (no glyph)
shu	𣻚	2026-06-28	# SIP plane (no glyph)
shu	𤍓	2026-06-28	# SIP plane (no glyph)
shu	𤕟	2026-06-28	# SIP plane (no glyph)
shu	𤗪	2026-06-28	# SIP plane (no glyph)
shu	𤘷	2026-06-28	# SIP plane (no glyph)
shu	𤞉	2026-06-28	# SIP plane (no glyph)
shu	𤱐	2026-06-28	# SIP plane (no glyph)
shu	𤴙	2026-06-28	# SIP plane (no glyph)
shu	𤻃	2026-06-28	# SIP plane (no glyph)
shu	𥍝	2026-06-28	# SIP plane (no glyph)
shu	𥣋	2026-06-28	# SIP plane (no glyph)
shu	𥳕	2026-06-28	# SIP plane (no glyph)
shu	𥿇	2026-06-28	# SIP plane (no glyph)
shu	𦈌	2026-06-28	# SIP plane (no glyph)
shu	𦈷	2026-06-28	# SIP plane (no glyph)
shu	𦍄	2026-06-28	# SIP plane (no glyph)
shu	𦐣	2026-06-28	# SIP plane (no glyph)
shu	𦒶	2026-06-28	# SIP plane (no glyph)
shu	𦠦	2026-06-28	# SIP plane (no glyph)
shu	𦤂	2026-06-28	# SIP plane (no glyph)
shu	𦶕	2026-06-28	# SIP plane (no glyph)
shu	𦺗	2026-06-28	# SIP plane (no glyph)
shu	𦺪	2026-06-28	# SIP plane (no glyph)
shu	𧄔	2026-06-28	# SIP plane (no glyph)
shu	𧇝	2026-06-28	# SIP plane (no glyph)
shu	𧑓	2026-06-28	# SIP plane (no glyph)
shu	𧒑	2026-06-28	# SIP plane (no glyph)
shu	𧗱	2026-06-28	# SIP plane (no glyph)
shu	𧜭	2026-06-28	# SIP plane (no glyph)
shu	𧞀	2026-06-28	# SIP plane (no glyph)
shu	𧞫	2026-06-28	# SIP plane (no glyph)
shu	𧠣	2026-06-28	# SIP plane (no glyph)
shu	𧼯	2026-06-28	# SIP plane (no glyph)
shu	𨁀	2026-06-28	# SIP plane (no glyph)
shu	𨅒	2026-06-28	# SIP plane (no glyph)
shu	𨐅	2026-06-28	# SIP plane (no glyph)
shu	𨔦	2026-06-28	# SIP plane (no glyph)
shu	𨛭	2026-06-28	# SIP plane (no glyph)
shu	𨶝	2026-06-28	# SIP plane (no glyph)
shu	𨷙	2026-06-28	# SIP plane (no glyph)
shu	𨽉	2026-06-28	# SIP plane (no glyph)
shu	𩛅	2026-06-28	# SIP plane (no glyph)
shu	𩢻	2026-06-28	# SIP plane (no glyph)
shu	𩳅	2026-06-28	# SIP plane (no glyph)
shu	𩷌	2026-06-28	# SIP plane (no glyph)
shu	𩾈	2026-06-28	# SIP plane (no glyph)
shu	𪅰	2026-06-28	# SIP plane (no glyph)
shu	𪌶	2026-06-28	# SIP plane (no glyph)
shu	𪐧	2026-06-28	# SIP plane (no glyph)
shu	𪢒	2026-06-28	# SIP plane (no glyph)
shu	𫉄	2026-06-28	# SIP plane (no glyph)
shu	𫌋	2026-06-28	# SIP plane (no glyph)
shu	𫝋	2026-06-28	# SIP plane (no glyph)
shu	𫝧	2026-06-28	# SIP plane (no glyph)
shu	𫿗	2026-06-28	# SIP plane (no glyph)
shu	𬬸	2026-06-28	# SIP plane (no glyph)
shu	𮳗	2026-06-28	# SIP plane (no glyph)
shu	𰡽	2026-06-28	# SIP plane (no glyph)
shu	𱇨	2026-06-28	# SIP plane (no glyph)
shua	𠛚	2026-06-28	# SIP plane (no glyph)
shua	𤔙	2026-06-28	# SIP plane (no glyph)
shua	𩈥	2026-06-28	# SIP plane (no glyph)
shua	𩉆	2026-06-28	# SIP plane (no glyph)
shua	𩤤	2026-06-28	# SIP plane (no glyph)
shua	𰵯	2026-06-28	# SIP plane (no glyph)
shua	𱝃	2026-06-28	# SIP plane (no glyph)
shuai	𠌭	2026-06-28	# SIP plane (no glyph)
shuai	𢕅	2026-06-28	# SIP plane (no glyph)
shuai	𢕑	2026-06-28	# SIP plane (no glyph)
shuai	𣘚	2026-06-28	# SIP plane (no glyph)
shuai	𣼧	2026-06-28	# SIP plane (no glyph)
shuai	𤠠	2026-06-28	# SIP plane (no glyph)
shuai	𤸬	2026-06-28	# SIP plane (no glyph)
shuai	𤺀	2026-06-28	# SIP plane (no glyph)
shuai	𧍓	2026-06-28	# SIP plane (no glyph)
shuai	𧗿	2026-06-28	# SIP plane (no glyph)
shuai	𧜠	2026-06-28	# SIP plane (no glyph)
shuai	𨄮	2026-06-28	# SIP plane (no glyph)
shuai	𩘱	2026-06-28	# SIP plane (no glyph)
shuan	𡭐	2026-06-28	# SIP plane (no glyph)
shuan	𢩠	2026-06-28	# SIP plane (no glyph)
shuan	𢮛	2026-06-28	# SIP plane (no glyph)
shuan	𣔫	2026-06-28	# SIP plane (no glyph)
shuan	𣟴	2026-06-28	# SIP plane (no glyph)
shuan	𣠸	2026-06-28	# SIP plane (no glyph)
shuan	𤅲	2026-06-28	# SIP plane (no glyph)
shuan	𦺲	2026-06-28	# SIP plane (no glyph)
shuan	𨄔	2026-06-28	# SIP plane (no glyph)
shuan	𨏉	2026-06-28	# SIP plane (no glyph)
shuang	𠗾	2026-06-28	# SIP plane (no glyph)
shuang	𡑽	2026-06-28	# SIP plane (no glyph)
shuang	𥡠	2026-06-28	# SIP plane (no glyph)
shuang	𥱶	2026-06-28	# SIP plane (no glyph)
shuang	𥲚	2026-06-28	# SIP plane (no glyph)
shuang	𦄍	2026-06-28	# SIP plane (no glyph)
shuang	𦆌	2026-06-28	# SIP plane (no glyph)
shuang	𧄐	2026-06-28	# SIP plane (no glyph)
shuang	𧉐	2026-06-28	# SIP plane (no glyph)
shuang	𧕟	2026-06-28	# SIP plane (no glyph)
shuang	𧕺	2026-06-28	# SIP plane (no glyph)
shuang	𧴅	2026-06-28	# SIP plane (no glyph)
shuang	𨇯	2026-06-28	# SIP plane (no glyph)
shuang	𩅪	2026-06-28	# SIP plane (no glyph)
shuang	𩆿	2026-06-28	# SIP plane (no glyph)
shuang	𩽧	2026-06-28	# SIP plane (no glyph)
shuang	𪥫	2026-06-28	# SIP plane (no glyph)
shuang	𫁷	2026-06-28	# SIP plane (no glyph)
shuang	𫘭	2026-06-28	# SIP plane (no glyph)
shuang	𬘾	2026-06-28	# SIP plane (no glyph)
shuang	𮭪	2026-06-28	# SIP plane (no glyph)
shuang	𮲮	2026-06-28	# SIP plane (no glyph)
shuang	𰰋	2026-06-28	# SIP plane (no glyph)
shuang	𰸇	2026-06-28	# SIP plane (no glyph)
shui	𠻜	2026-06-28	# SIP plane (no glyph)
shui	𡯑	2026-06-28	# SIP plane (no glyph)
shui	𡱊	2026-06-28	# SIP plane (no glyph)
shui	𢇤	2026-06-28	# SIP plane (no glyph)
shui	𢏅	2026-06-28	# SIP plane (no glyph)
shui	𤆙	2026-06-28	# SIP plane (no glyph)
shui	𥌘	2026-06-28	# SIP plane (no glyph)
shui	𥫸	2026-06-28	# SIP plane (no glyph)
shui	𦙙	2026-06-28	# SIP plane (no glyph)
shui	𦣢	2026-06-28	# SIP plane (no glyph)
shui	𧀣	2026-06-28	# SIP plane (no glyph)
shui	𨓚	2026-06-28	# SIP plane (no glyph)
shui	𨿠	2026-06-28	# SIP plane (no glyph)
shui	𩟥	2026-06-28	# SIP plane (no glyph)
shui	𩩞	2026-06-28	# SIP plane (no glyph)
shun	𨝜	2026-06-28	# SIP plane (no glyph)
shun	𨺠	2026-06-28	# SIP plane (no glyph)
shuo	𠲾	2026-06-28	# SIP plane (no glyph)
shuo	𠲿	2026-06-28	# SIP plane (no glyph)
shuo	𣀝	2026-06-28	# SIP plane (no glyph)
shuo	𣝇	2026-06-28	# SIP plane (no glyph)
shuo	𣷥	2026-06-28	# SIP plane (no glyph)
shuo	𣸛	2026-06-28	# SIP plane (no glyph)
shuo	𣻘	2026-06-28	# SIP plane (no glyph)
shuo	𤡯	2026-06-28	# SIP plane (no glyph)
shuo	𤢴	2026-06-28	# SIP plane (no glyph)
shuo	𥌞	2026-06-28	# SIP plane (no glyph)
shuo	𦂗	2026-06-28	# SIP plane (no glyph)
shuo	𦃗	2026-06-28	# SIP plane (no glyph)
shuo	𦋞	2026-06-28	# SIP plane (no glyph)
shuo	𨨺	2026-06-28	# SIP plane (no glyph)
shuo	𩟧	2026-06-28	# SIP plane (no glyph)
shuo	𪎒	2026-06-28	# SIP plane (no glyph)
shuo	𫔈	2026-06-28	# SIP plane (no glyph)
si	𠀓	2026-06-28	# SIP plane (no glyph)
si	𠋡	2026-06-28	# SIP plane (no glyph)
si	𠖓	2026-06-28	# SIP plane (no glyph)
si	𠭈	2026-06-28	# SIP plane (no glyph)
si	𠳎	2026-06-28	# SIP plane (no glyph)
si	𡡒	2026-06-28	# SIP plane (no glyph)
si	𢊀	2026-06-28	# SIP plane (no glyph)
si	𢍭	2026-06-28	# SIP plane (no glyph)
si	𢛥	2026-06-28	# SIP plane (no glyph)
si	𢠹	2026-06-28	# SIP plane (no glyph)
si	𢦲	2026-06-28	# SIP plane (no glyph)
si	𣂖	2026-06-28	# SIP plane (no glyph)
si	𣙼	2026-06-28	# SIP plane (no glyph)
si	𣚄	2026-06-28	# SIP plane (no glyph)
si	𣣑	2026-06-28	# SIP plane (no glyph)
si	𣩠	2026-06-28	# SIP plane (no glyph)
si	𣱻	2026-06-28	# SIP plane (no glyph)
si	𣽷	2026-06-28	# SIP plane (no glyph)
si	𤆟	2026-06-28	# SIP plane (no glyph)
si	𤣵	2026-06-28	# SIP plane (no glyph)
si	𤱸	2026-06-28	# SIP plane (no glyph)
si	𥄶	2026-06-28	# SIP plane (no glyph)
si	𥐀	2026-06-28	# SIP plane (no glyph)
si	𥒲	2026-06-28	# SIP plane (no glyph)
si	𥕶	2026-06-28	# SIP plane (no glyph)
si	𥙉	2026-06-28	# SIP plane (no glyph)
si	𥝠	2026-06-28	# SIP plane (no glyph)
si	𥠱	2026-06-28	# SIP plane (no glyph)
si	𥯨	2026-06-28	# SIP plane (no glyph)
si	𥹊	2026-06-28	# SIP plane (no glyph)
si	𦇲	2026-06-28	# SIP plane (no glyph)
si	𦇵	2026-06-28	# SIP plane (no glyph)
si	𦭡	2026-06-28	# SIP plane (no glyph)
si	𦮺	2026-06-28	# SIP plane (no glyph)
si	𦸷	2026-06-28	# SIP plane (no glyph)
si	𦽕	2026-06-28	# SIP plane (no glyph)
si	𧀚	2026-06-28	# SIP plane (no glyph)
si	𧀩	2026-06-28	# SIP plane (no glyph)
si	𧝤	2026-06-28	# SIP plane (no glyph)
si	𧣛	2026-06-28	# SIP plane (no glyph)
si	𧱅	2026-06-28	# SIP plane (no glyph)
si	𧳙	2026-06-28	# SIP plane (no glyph)
si	𨮭	2026-06-28	# SIP plane (no glyph)
si	𨽼	2026-06-28	# SIP plane (no glyph)
si	𩅰	2026-06-28	# SIP plane (no glyph)
si	𩆵	2026-06-28	# SIP plane (no glyph)
si	𩵗	2026-06-28	# SIP plane (no glyph)
si	𩸟	2026-06-28	# SIP plane (no glyph)
si	𩺛	2026-06-28	# SIP plane (no glyph)
si	𪆁	2026-06-28	# SIP plane (no glyph)
si	𪆗	2026-06-28	# SIP plane (no glyph)
si	𪊍	2026-06-28	# SIP plane (no glyph)
si	𪕳	2026-06-28	# SIP plane (no glyph)
si	𪖉	2026-06-28	# SIP plane (no glyph)
si	𫟳	2026-06-28	# SIP plane (no glyph)
si	𬝊	2026-06-28	# SIP plane (no glyph)
si	𬠐	2026-06-28	# SIP plane (no glyph)
si	𬢊	2026-06-28	# SIP plane (no glyph)
si	𬭀	2026-06-28	# SIP plane (no glyph)
si	𬲦	2026-06-28	# SIP plane (no glyph)
si	𰂭	2026-06-28	# SIP plane (no glyph)
si	𰾴	2026-06-28	# SIP plane (no glyph)
si	𱈒	2026-06-28	# SIP plane (no glyph)
si	𱎠	2026-06-28	# SIP plane (no glyph)
song	𠳼	2026-06-28	# SIP plane (no glyph)
song	𡇝	2026-06-28	# SIP plane (no glyph)
song	𡷽	2026-06-28	# SIP plane (no glyph)
song	𡾼	2026-06-28	# SIP plane (no glyph)
song	𢓣	2026-06-28	# SIP plane (no glyph)
song	𢔋	2026-06-28	# SIP plane (no glyph)
song	𢖗	2026-06-28	# SIP plane (no glyph)
song	𢤄	2026-06-28	# SIP plane (no glyph)
song	𢱤	2026-06-28	# SIP plane (no glyph)
song	𣚜	2026-06-28	# SIP plane (no glyph)
song	𣽫	2026-06-28	# SIP plane (no glyph)
song	𤾥	2026-06-28	# SIP plane (no glyph)
song	𥳺	2026-06-28	# SIP plane (no glyph)
song	𦯕	2026-06-28	# SIP plane (no glyph)
song	𦷴	2026-06-28	# SIP plane (no glyph)
song	𧊕	2026-06-28	# SIP plane (no glyph)
song	𧌻	2026-06-28	# SIP plane (no glyph)
song	𨠤	2026-06-28	# SIP plane (no glyph)
song	𨱛	2026-06-28	# SIP plane (no glyph)
song	𨱿	2026-06-28	# SIP plane (no glyph)
song	𨴏	2026-06-28	# SIP plane (no glyph)
song	𩃍	2026-06-28	# SIP plane (no glyph)
song	𩃭	2026-06-28	# SIP plane (no glyph)
song	𩠌	2026-06-28	# SIP plane (no glyph)
song	𩩺	2026-06-28	# SIP plane (no glyph)
song	𪀚	2026-06-28	# SIP plane (no glyph)
song	𪨊	2026-06-28	# SIP plane (no glyph)
song	𬲪	2026-06-28	# SIP plane (no glyph)
song	𰁧	2026-06-28	# SIP plane (no glyph)
song	𰎌	2026-06-28	# SIP plane (no glyph)
song	𱅔	2026-06-28	# SIP plane (no glyph)
song	𱉣	2026-06-28	# SIP plane (no glyph)
song	𲆩	2026-06-28	# SIP plane (no glyph)
sou	𠋢	2026-06-28	# SIP plane (no glyph)
sou	𠌞	2026-06-28	# SIP plane (no glyph)
sou	𠌟	2026-06-28	# SIP plane (no glyph)
sou	𠘂	2026-06-28	# SIP plane (no glyph)
sou	𠝬	2026-06-28	# SIP plane (no glyph)
sou	𠪇	2026-06-28	# SIP plane (no glyph)
sou	𡠼	2026-06-28	# SIP plane (no glyph)
sou	𡣂	2026-06-28	# SIP plane (no glyph)
sou	𢲷	2026-06-28	# SIP plane (no glyph)
sou	𢴼	2026-06-28	# SIP plane (no glyph)
sou	𣔱	2026-06-28	# SIP plane (no glyph)
sou	𣮬	2026-06-28	# SIP plane (no glyph)
sou	𣯜	2026-06-28	# SIP plane (no glyph)
sou	𤕇	2026-06-28	# SIP plane (no glyph)
sou	𥈟	2026-06-28	# SIP plane (no glyph)
sou	𥖻	2026-06-28	# SIP plane (no glyph)
sou	𥯪	2026-06-28	# SIP plane (no glyph)
sou	𦺌	2026-06-28	# SIP plane (no glyph)
sou	𧔅	2026-06-28	# SIP plane (no glyph)
sou	𧳶	2026-06-28	# SIP plane (no glyph)
sou	𧽏	2026-06-28	# SIP plane (no glyph)
sou	𨡻	2026-06-28	# SIP plane (no glyph)
sou	𨤇	2026-06-28	# SIP plane (no glyph)
sou	𨺦	2026-06-28	# SIP plane (no glyph)
sou	𩗣	2026-06-28	# SIP plane (no glyph)
sou	𩘠	2026-06-28	# SIP plane (no glyph)
sou	𩙫	2026-06-28	# SIP plane (no glyph)
sou	𩨄	2026-06-28	# SIP plane (no glyph)
sou	𩮃	2026-06-28	# SIP plane (no glyph)
sou	𩮶	2026-06-28	# SIP plane (no glyph)
sou	𩮸	2026-06-28	# SIP plane (no glyph)
sou	𫠑	2026-06-28	# SIP plane (no glyph)
sou	𰘸	2026-06-28	# SIP plane (no glyph)
sou	𰮲	2026-06-28	# SIP plane (no glyph)
su	𠐍	2026-06-28	# SIP plane (no glyph)
su	𡎮	2026-06-28	# SIP plane (no glyph)
su	𡖯	2026-06-28	# SIP plane (no glyph)
su	𢋈	2026-06-28	# SIP plane (no glyph)
su	𢎎	2026-06-28	# SIP plane (no glyph)
su	𢖏	2026-06-28	# SIP plane (no glyph)
su	𢚑	2026-06-28	# SIP plane (no glyph)
su	𢢒	2026-06-28	# SIP plane (no glyph)
su	𢸫	2026-06-28	# SIP plane (no glyph)
su	𣝝	2026-06-28	# SIP plane (no glyph)
su	𣩷	2026-06-28	# SIP plane (no glyph)
su	𣫎	2026-06-28	# SIP plane (no glyph)
su	𣯼	2026-06-28	# SIP plane (no glyph)
su	𣶘	2026-06-28	# SIP plane (no glyph)
su	𣷶	2026-06-28	# SIP plane (no glyph)
su	𣿈	2026-06-28	# SIP plane (no glyph)
su	𤌂	2026-06-28	# SIP plane (no glyph)
su	𤛝	2026-06-28	# SIP plane (no glyph)
su	𤠚	2026-06-28	# SIP plane (no glyph)
su	𤡃	2026-06-28	# SIP plane (no glyph)
su	𤢂	2026-06-28	# SIP plane (no glyph)
su	𤢘	2026-06-28	# SIP plane (no glyph)
su	𤤐	2026-06-28	# SIP plane (no glyph)
su	𤥔	2026-06-28	# SIP plane (no glyph)
su	𤭴	2026-06-28	# SIP plane (no glyph)
su	𤸮	2026-06-28	# SIP plane (no glyph)
su	𤼀	2026-06-28	# SIP plane (no glyph)
su	𦌉	2026-06-28	# SIP plane (no glyph)
su	𦌊	2026-06-28	# SIP plane (no glyph)
su	𦎄	2026-06-28	# SIP plane (no glyph)
su	𧀌	2026-06-28	# SIP plane (no glyph)
su	𧐁	2026-06-28	# SIP plane (no glyph)
su	𧐒	2026-06-28	# SIP plane (no glyph)
su	𧐴	2026-06-28	# SIP plane (no glyph)
su	𧔖	2026-06-28	# SIP plane (no glyph)
su	𧜦	2026-06-28	# SIP plane (no glyph)
su	𧞺	2026-06-28	# SIP plane (no glyph)
su	𧥆	2026-06-28	# SIP plane (no glyph)
su	𧩝	2026-06-28	# SIP plane (no glyph)
su	𧺷	2026-06-28	# SIP plane (no glyph)
su	𧼭	2026-06-28	# SIP plane (no glyph)
su	𧽷	2026-06-28	# SIP plane (no glyph)
su	𨱈	2026-06-28	# SIP plane (no glyph)
su	𩐫	2026-06-28	# SIP plane (no glyph)
su	𩐼	2026-06-28	# SIP plane (no glyph)
su	𩘰	2026-06-28	# SIP plane (no glyph)
su	𩘹	2026-06-28	# SIP plane (no glyph)
su	𩙨	2026-06-28	# SIP plane (no glyph)
su	𩝥	2026-06-28	# SIP plane (no glyph)
su	𩲵	2026-06-28	# SIP plane (no glyph)
su	𩳒	2026-06-28	# SIP plane (no glyph)
su	𪁽	2026-06-28	# SIP plane (no glyph)
su	𪄑	2026-06-28	# SIP plane (no glyph)
su	𪅄	2026-06-28	# SIP plane (no glyph)
su	𪋝	2026-06-28	# SIP plane (no glyph)
su	𪌔	2026-06-28	# SIP plane (no glyph)
su	𪍛	2026-06-28	# SIP plane (no glyph)
su	𪐮	2026-06-28	# SIP plane (no glyph)
su	𪖶	2026-06-28	# SIP plane (no glyph)
su	𫂙	2026-06-28	# SIP plane (no glyph)
su	𫗧	2026-06-28	# SIP plane (no glyph)
su	𫣫	2026-06-28	# SIP plane (no glyph)
su	𫾃	2026-06-28	# SIP plane (no glyph)
su	𬒕	2026-06-28	# SIP plane (no glyph)
su	𬚄	2026-06-28	# SIP plane (no glyph)
su	𬣷	2026-06-28	# SIP plane (no glyph)
su	𰗹	2026-06-28	# SIP plane (no glyph)
su	𰘶	2026-06-28	# SIP plane (no glyph)
su	𰢄	2026-06-28	# SIP plane (no glyph)
su	𱇿	2026-06-28	# SIP plane (no glyph)
suan	𠥘	2026-06-28	# SIP plane (no glyph)
suan	𤶤	2026-06-28	# SIP plane (no glyph)
suan	𥳪	2026-06-28	# SIP plane (no glyph)
suan	𥴵	2026-06-28	# SIP plane (no glyph)
suan	𦾹	2026-06-28	# SIP plane (no glyph)
suan	𨠡	2026-06-28	# SIP plane (no glyph)
suan	𩆑	2026-06-28	# SIP plane (no glyph)
suan	𩈲	2026-06-28	# SIP plane (no glyph)
suan	𪘑	2026-06-28	# SIP plane (no glyph)
suan	𪘝	2026-06-28	# SIP plane (no glyph)
sui	𠌱	2026-06-28	# SIP plane (no glyph)
sui	𠕸	2026-06-28	# SIP plane (no glyph)
sui	𠨌	2026-06-28	# SIP plane (no glyph)
sui	𠭥	2026-06-28	# SIP plane (no glyph)
sui	𡑞	2026-06-28	# SIP plane (no glyph)
sui	𡝓	2026-06-28	# SIP plane (no glyph)
sui	𡶣	2026-06-28	# SIP plane (no glyph)
sui	𡷼	2026-06-28	# SIP plane (no glyph)
sui	𡹖	2026-06-28	# SIP plane (no glyph)
sui	𡻕	2026-06-28	# SIP plane (no glyph)
sui	𢅕	2026-06-28	# SIP plane (no glyph)
sui	𢇥	2026-06-28	# SIP plane (no glyph)
sui	𢈼	2026-06-28	# SIP plane (no glyph)
sui	𢒱	2026-06-28	# SIP plane (no glyph)
sui	𢟩	2026-06-28	# SIP plane (no glyph)
sui	𣄧	2026-06-28	# SIP plane (no glyph)
sui	𣩡	2026-06-28	# SIP plane (no glyph)
sui	𣮄	2026-06-28	# SIP plane (no glyph)
sui	𣯯	2026-06-28	# SIP plane (no glyph)
sui	𤡪	2026-06-28	# SIP plane (no glyph)
sui	𤬫	2026-06-28	# SIP plane (no glyph)
sui	𤯖	2026-06-28	# SIP plane (no glyph)
sui	𤻄	2026-06-28	# SIP plane (no glyph)
sui	𥊴	2026-06-28	# SIP plane (no glyph)
sui	𥕸	2026-06-28	# SIP plane (no glyph)
sui	𥢍	2026-06-28	# SIP plane (no glyph)
sui	𥤼	2026-06-28	# SIP plane (no glyph)
sui	𥴦	2026-06-28	# SIP plane (no glyph)
sui	𥶻	2026-06-28	# SIP plane (no glyph)
sui	𦃒	2026-06-28	# SIP plane (no glyph)
sui	𦄑	2026-06-28	# SIP plane (no glyph)
sui	𦅵	2026-06-28	# SIP plane (no glyph)
sui	𦇀	2026-06-28	# SIP plane (no glyph)
sui	𦉎	2026-06-28	# SIP plane (no glyph)
sui	𦵭	2026-06-28	# SIP plane (no glyph)
sui	𦸏	2026-06-28	# SIP plane (no glyph)
sui	𧃚	2026-06-28	# SIP plane (no glyph)
sui	𧈧	2026-06-28	# SIP plane (no glyph)
sui	𧌢	2026-06-28	# SIP plane (no glyph)
sui	𧡏	2026-06-28	# SIP plane (no glyph)
sui	𧨧	2026-06-28	# SIP plane (no glyph)
sui	𧲈	2026-06-28	# SIP plane (no glyph)
sui	𧸙	2026-06-28	# SIP plane (no glyph)
sui	𨆏	2026-06-28	# SIP plane (no glyph)
sui	𨣢	2026-06-28	# SIP plane (no glyph)
sui	𨷃	2026-06-28	# SIP plane (no glyph)
sui	𨾡	2026-06-28	# SIP plane (no glyph)
sui	𨾬	2026-06-28	# SIP plane (no glyph)
sui	𩃃	2026-06-28	# SIP plane (no glyph)
sui	𩌩	2026-06-28	# SIP plane (no glyph)
sui	𩍚	2026-06-28	# SIP plane (no glyph)
sui	𩎰	2026-06-28	# SIP plane (no glyph)
sui	𩏘	2026-06-28	# SIP plane (no glyph)
sui	𩏚	2026-06-28	# SIP plane (no glyph)
sui	𩏲	2026-06-28	# SIP plane (no glyph)
sui	𩗶	2026-06-28	# SIP plane (no glyph)
sui	𩙇	2026-06-28	# SIP plane (no glyph)
sui	𩝌	2026-06-28	# SIP plane (no glyph)
sui	𩞅	2026-06-28	# SIP plane (no glyph)
sui	𩮴	2026-06-28	# SIP plane (no glyph)
sui	𫟦	2026-06-28	# SIP plane (no glyph)
sui	𬘼	2026-06-28	# SIP plane (no glyph)
sui	𬭼	2026-06-28	# SIP plane (no glyph)
sui	𬰶	2026-06-28	# SIP plane (no glyph)
sui	𬳅	2026-06-28	# SIP plane (no glyph)
sui	𮉮	2026-06-28	# SIP plane (no glyph)
sui	𰬸	2026-06-28	# SIP plane (no glyph)
sui	𰷤	2026-06-28	# SIP plane (no glyph)
sun	𠣬	2026-06-28	# SIP plane (no glyph)
sun	𣕍	2026-06-28	# SIP plane (no glyph)
sun	𦠆	2026-06-28	# SIP plane (no glyph)
sun	𧎤	2026-06-28	# SIP plane (no glyph)
sun	𬁽	2026-06-28	# SIP plane (no glyph)
sun	𰓧	2026-06-28	# SIP plane (no glyph)
sun	𱊛	2026-06-28	# SIP plane (no glyph)
suo	𠈱	2026-06-28	# SIP plane (no glyph)
suo	𠋲	2026-06-28	# SIP plane (no glyph)
suo	𠗼	2026-06-28	# SIP plane (no glyph)
suo	𠘺	2026-06-28	# SIP plane (no glyph)
suo	𠝿	2026-06-28	# SIP plane (no glyph)
suo	𠞯	2026-06-28	# SIP plane (no glyph)
suo	𠩄	2026-06-28	# SIP plane (no glyph)
suo	𠱗	2026-06-28	# SIP plane (no glyph)
suo	𡩡	2026-06-28	# SIP plane (no glyph)
suo	𡱳	2026-06-28	# SIP plane (no glyph)
suo	𢘿	2026-06-28	# SIP plane (no glyph)
suo	𢚭	2026-06-28	# SIP plane (no glyph)
suo	𢱡	2026-06-28	# SIP plane (no glyph)
suo	𢱢	2026-06-28	# SIP plane (no glyph)
suo	𢷾	2026-06-28	# SIP plane (no glyph)
suo	𣒹	2026-06-28	# SIP plane (no glyph)
suo	𣯌	2026-06-28	# SIP plane (no glyph)
suo	𤀤	2026-06-28	# SIP plane (no glyph)
suo	𤸴	2026-06-28	# SIP plane (no glyph)
suo	𤺫	2026-06-28	# SIP plane (no glyph)
suo	𥁲	2026-06-28	# SIP plane (no glyph)
suo	𥆝	2026-06-28	# SIP plane (no glyph)
suo	𥇇	2026-06-28	# SIP plane (no glyph)
suo	𥔭	2026-06-28	# SIP plane (no glyph)
suo	𥰼	2026-06-28	# SIP plane (no glyph)
suo	𦅊	2026-06-28	# SIP plane (no glyph)
suo	𦟱	2026-06-28	# SIP plane (no glyph)
suo	𦵫	2026-06-28	# SIP plane (no glyph)
suo	𧎫	2026-06-28	# SIP plane (no glyph)
suo	𧎳	2026-06-28	# SIP plane (no glyph)
suo	𧛻	2026-06-28	# SIP plane (no glyph)
suo	𧨀	2026-06-28	# SIP plane (no glyph)
suo	𧴪	2026-06-28	# SIP plane (no glyph)
suo	𧴲	2026-06-28	# SIP plane (no glyph)
suo	𨻈	2026-06-28	# SIP plane (no glyph)
suo	𨻨	2026-06-28	# SIP plane (no glyph)
suo	𩋝	2026-06-28	# SIP plane (no glyph)
suo	𩌆	2026-06-28	# SIP plane (no glyph)
suo	𩌈	2026-06-28	# SIP plane (no glyph)
suo	𩌢	2026-06-28	# SIP plane (no glyph)
suo	𩘝	2026-06-28	# SIP plane (no glyph)
suo	𩙭	2026-06-28	# SIP plane (no glyph)
suo	𩡾	2026-06-28	# SIP plane (no glyph)
suo	𩪈	2026-06-28	# SIP plane (no glyph)
suo	𩮛	2026-06-28	# SIP plane (no glyph)
suo	𩹳	2026-06-28	# SIP plane (no glyph)
suo	𪍌	2026-06-28	# SIP plane (no glyph)
suo	𪍔	2026-06-28	# SIP plane (no glyph)
suo	𪍟	2026-06-28	# SIP plane (no glyph)
suo	𪍨	2026-06-28	# SIP plane (no glyph)
suo	𫔅	2026-06-28	# SIP plane (no glyph)
suo	𫦁	2026-06-28	# SIP plane (no glyph)
suo	𫼶	2026-06-28	# SIP plane (no glyph)
suo	𬭲	2026-06-28	# SIP plane (no glyph)
suo	𭕆	2026-06-28	# SIP plane (no glyph)
suo	𰬱	2026-06-28	# SIP plane (no glyph)
suo	𱇳	2026-06-28	# SIP plane (no glyph)
ta	𠉂	2026-06-28	# SIP plane (no glyph)
ta	𠴲	2026-06-28	# SIP plane (no glyph)
ta	𠷍	2026-06-28	# SIP plane (no glyph)
ta	𡌩	2026-06-28	# SIP plane (no glyph)
ta	𢃕	2026-06-28	# SIP plane (no glyph)
ta	𢞠	2026-06-28	# SIP plane (no glyph)
ta	𢺉	2026-06-28	# SIP plane (no glyph)
ta	𣗶	2026-06-28	# SIP plane (no glyph)
ta	𣝋	2026-06-28	# SIP plane (no glyph)
ta	𣥂	2026-06-28	# SIP plane (no glyph)
ta	𣥷	2026-06-28	# SIP plane (no glyph)
ta	𣯚	2026-06-28	# SIP plane (no glyph)
ta	𤄥	2026-06-28	# SIP plane (no glyph)
ta	𤒻	2026-06-28	# SIP plane (no glyph)
ta	𤛣	2026-06-28	# SIP plane (no glyph)
ta	𤠐	2026-06-28	# SIP plane (no glyph)
ta	𤠟	2026-06-28	# SIP plane (no glyph)
ta	𤿽	2026-06-28	# SIP plane (no glyph)
ta	𥗓	2026-06-28	# SIP plane (no glyph)
ta	𦈖	2026-06-28	# SIP plane (no glyph)
ta	𦍒	2026-06-28	# SIP plane (no glyph)
ta	𦐇	2026-06-28	# SIP plane (no glyph)
ta	𦑇	2026-06-28	# SIP plane (no glyph)
ta	𦑲	2026-06-28	# SIP plane (no glyph)
ta	𦑶	2026-06-28	# SIP plane (no glyph)
ta	𦑼	2026-06-28	# SIP plane (no glyph)
ta	𦧛	2026-06-28	# SIP plane (no glyph)
ta	𦧞	2026-06-28	# SIP plane (no glyph)
ta	𦧟	2026-06-28	# SIP plane (no glyph)
ta	𦧥	2026-06-28	# SIP plane (no glyph)
ta	𦧱	2026-06-28	# SIP plane (no glyph)
ta	𦨎	2026-06-28	# SIP plane (no glyph)
ta	𦪙	2026-06-28	# SIP plane (no glyph)
ta	𦭟	2026-06-28	# SIP plane (no glyph)
ta	𦱆	2026-06-28	# SIP plane (no glyph)
ta	𦶑	2026-06-28	# SIP plane (no glyph)
ta	𦾽	2026-06-28	# SIP plane (no glyph)
ta	𧌏	2026-06-28	# SIP plane (no glyph)
ta	𧔣	2026-06-28	# SIP plane (no glyph)
ta	𧖆	2026-06-28	# SIP plane (no glyph)
ta	𧪦	2026-06-28	# SIP plane (no glyph)
ta	𧮑	2026-06-28	# SIP plane (no glyph)
ta	𨃚	2026-06-28	# SIP plane (no glyph)
ta	𨆰	2026-06-28	# SIP plane (no glyph)
ta	𨌭	2026-06-28	# SIP plane (no glyph)
ta	𨓬	2026-06-28	# SIP plane (no glyph)
ta	𨔯	2026-06-28	# SIP plane (no glyph)
ta	𨙎	2026-06-28	# SIP plane (no glyph)
ta	𨰏	2026-06-28	# SIP plane (no glyph)
ta	𨵝	2026-06-28	# SIP plane (no glyph)
ta	𨶀	2026-06-28	# SIP plane (no glyph)
ta	𨸉	2026-06-28	# SIP plane (no glyph)
ta	𩋅	2026-06-28	# SIP plane (no glyph)
ta	𩌇	2026-06-28	# SIP plane (no glyph)
ta	𩌉	2026-06-28	# SIP plane (no glyph)
ta	𩌐	2026-06-28	# SIP plane (no glyph)
ta	𩌘	2026-06-28	# SIP plane (no glyph)
ta	𩎽	2026-06-28	# SIP plane (no glyph)
ta	𩥑	2026-06-28	# SIP plane (no glyph)
ta	𩨌	2026-06-28	# SIP plane (no glyph)
ta	𩫊	2026-06-28	# SIP plane (no glyph)
ta	𩷽	2026-06-28	# SIP plane (no glyph)
ta	𩺗	2026-06-28	# SIP plane (no glyph)
ta	𪂌	2026-06-28	# SIP plane (no glyph)
ta	𪔕	2026-06-28	# SIP plane (no glyph)
ta	𪘁	2026-06-28	# SIP plane (no glyph)
ta	𪹹	2026-06-28	# SIP plane (no glyph)
ta	𬣢	2026-06-28	# SIP plane (no glyph)
ta	𬤕	2026-06-28	# SIP plane (no glyph)
ta	𬤪	2026-06-28	# SIP plane (no glyph)
ta	𮹝	2026-06-28	# SIP plane (no glyph)
ta	𰤨	2026-06-28	# SIP plane (no glyph)
ta	𰵸	2026-06-28	# SIP plane (no glyph)
ta	𰾓	2026-06-28	# SIP plane (no glyph)
tai	𡇷	2026-06-28	# SIP plane (no glyph)
tai	𡒢	2026-06-28	# SIP plane (no glyph)
tai	𢖤	2026-06-28	# SIP plane (no glyph)
tai	𣣿	2026-06-28	# SIP plane (no glyph)
tai	𤗿	2026-06-28	# SIP plane (no glyph)
tai	𦒰	2026-06-28	# SIP plane (no glyph)
tai	𧉑	2026-06-28	# SIP plane (no glyph)
tai	𧉟	2026-06-28	# SIP plane (no glyph)
tai	𧭏	2026-06-28	# SIP plane (no glyph)
tai	𧮼	2026-06-28	# SIP plane (no glyph)
tai	𩬠	2026-06-28	# SIP plane (no glyph)
tai	𩿡	2026-06-28	# SIP plane (no glyph)
tai	𪐥	2026-06-28	# SIP plane (no glyph)
tai	𪒴	2026-06-28	# SIP plane (no glyph)
tai	𱃗	2026-06-28	# SIP plane (no glyph)
tan	𠫶	2026-06-28	# SIP plane (no glyph)
tan	𠻪	2026-06-28	# SIP plane (no glyph)
tan	𡅄	2026-06-28	# SIP plane (no glyph)
tan	𡊨	2026-06-28	# SIP plane (no glyph)
tan	𢅀	2026-06-28	# SIP plane (no glyph)
tan	𢇧	2026-06-28	# SIP plane (no glyph)
tan	𢇰	2026-06-28	# SIP plane (no glyph)
tan	𣁗	2026-06-28	# SIP plane (no glyph)
tan	𣞔	2026-06-28	# SIP plane (no glyph)
tan	𣢌	2026-06-28	# SIP plane (no glyph)
tan	𣴽	2026-06-28	# SIP plane (no glyph)
tan	𣵢	2026-06-28	# SIP plane (no glyph)
tan	𣸙	2026-06-28	# SIP plane (no glyph)
tan	𣼚	2026-06-28	# SIP plane (no glyph)
tan	𣽯	2026-06-28	# SIP plane (no glyph)
tan	𤎥	2026-06-28	# SIP plane (no glyph)
tan	𤐔	2026-06-28	# SIP plane (no glyph)
tan	𥩒	2026-06-28	# SIP plane (no glyph)
tan	𥰨	2026-06-28	# SIP plane (no glyph)
tan	𥹠	2026-06-28	# SIP plane (no glyph)
tan	𥼟	2026-06-28	# SIP plane (no glyph)
tan	𥼮	2026-06-28	# SIP plane (no glyph)
tan	𦃖	2026-06-28	# SIP plane (no glyph)
tan	𦌪	2026-06-28	# SIP plane (no glyph)
tan	𦗡	2026-06-28	# SIP plane (no glyph)
tan	𦙇	2026-06-28	# SIP plane (no glyph)
tan	𦧏	2026-06-28	# SIP plane (no glyph)
tan	𦧴	2026-06-28	# SIP plane (no glyph)
tan	𦨸	2026-06-28	# SIP plane (no glyph)
tan	𦸁	2026-06-28	# SIP plane (no glyph)
tan	𦼎	2026-06-28	# SIP plane (no glyph)
tan	𧂇	2026-06-28	# SIP plane (no glyph)
tan	𧣁	2026-06-28	# SIP plane (no glyph)
tan	𧣹	2026-06-28	# SIP plane (no glyph)
tan	𧥞	2026-06-28	# SIP plane (no glyph)
tan	𧫿	2026-06-28	# SIP plane (no glyph)
tan	𧰘	2026-06-28	# SIP plane (no glyph)
tan	𧺟	2026-06-28	# SIP plane (no glyph)
tan	𧽼	2026-06-28	# SIP plane (no glyph)
tan	𨁴	2026-06-28	# SIP plane (no glyph)
tan	𨂞	2026-06-28	# SIP plane (no glyph)
tan	𨅍	2026-06-28	# SIP plane (no glyph)
tan	𨝸	2026-06-28	# SIP plane (no glyph)
tan	𨡍	2026-06-28	# SIP plane (no glyph)
tan	𨣕	2026-06-28	# SIP plane (no glyph)
tan	𩑰	2026-06-28	# SIP plane (no glyph)
tan	𩒢	2026-06-28	# SIP plane (no glyph)
tan	𩖖	2026-06-28	# SIP plane (no glyph)
tan	𩠽	2026-06-28	# SIP plane (no glyph)
tan	𩡄	2026-06-28	# SIP plane (no glyph)
tan	𩡝	2026-06-28	# SIP plane (no glyph)
tan	𩤞	2026-06-28	# SIP plane (no glyph)
tan	𩪺	2026-06-28	# SIP plane (no glyph)
tan	𪉧	2026-06-28	# SIP plane (no glyph)
tan	𪍵	2026-06-28	# SIP plane (no glyph)
tan	𫟢	2026-06-28	# SIP plane (no glyph)
tan	𬈁	2026-06-28	# SIP plane (no glyph)
tan	𬤂	2026-06-28	# SIP plane (no glyph)
tan	𰇲	2026-06-28	# SIP plane (no glyph)
tan	𰰆	2026-06-28	# SIP plane (no glyph)
tan	𰶉	2026-06-28	# SIP plane (no glyph)
tan	𱃿	2026-06-28	# SIP plane (no glyph)
tan	𱮜	2026-06-28	# SIP plane (no glyph)
tang	𠗶	2026-06-28	# SIP plane (no glyph)
tang	𠢃	2026-06-28	# SIP plane (no glyph)
tang	𠹔	2026-06-28	# SIP plane (no glyph)
tang	𡿓	2026-06-28	# SIP plane (no glyph)
tang	𢠵	2026-06-28	# SIP plane (no glyph)
tang	𢴳	2026-06-28	# SIP plane (no glyph)
tang	𢻿	2026-06-28	# SIP plane (no glyph)
tang	𣎲	2026-06-28	# SIP plane (no glyph)
tang	𣙟	2026-06-28	# SIP plane (no glyph)
tang	𤚫	2026-06-28	# SIP plane (no glyph)
tang	𤠯	2026-06-28	# SIP plane (no glyph)
tang	𤾉	2026-06-28	# SIP plane (no glyph)
tang	𥋡	2026-06-28	# SIP plane (no glyph)
tang	𦪀	2026-06-28	# SIP plane (no glyph)
tang	𦳝	2026-06-28	# SIP plane (no glyph)
tang	𧱵	2026-06-28	# SIP plane (no glyph)
tang	𨆉	2026-06-28	# SIP plane (no glyph)
tang	𨉱	2026-06-28	# SIP plane (no glyph)
tang	𨌩	2026-06-28	# SIP plane (no glyph)
tang	𨍴	2026-06-28	# SIP plane (no glyph)
tang	𨎋	2026-06-28	# SIP plane (no glyph)
tang	𨎖	2026-06-28	# SIP plane (no glyph)
tang	𨲗	2026-06-28	# SIP plane (no glyph)
tang	𨶈	2026-06-28	# SIP plane (no glyph)
tang	𩘜	2026-06-28	# SIP plane (no glyph)
tang	𩥁	2026-06-28	# SIP plane (no glyph)
tang	𩹶	2026-06-28	# SIP plane (no glyph)
tang	𪕹	2026-06-28	# SIP plane (no glyph)
tang	𬊵	2026-06-28	# SIP plane (no glyph)
tang	𬦅	2026-06-28	# SIP plane (no glyph)
tang	𬳍	2026-06-28	# SIP plane (no glyph)
tang	𭧋	2026-06-28	# SIP plane (no glyph)
tang	𮛗	2026-06-28	# SIP plane (no glyph)
tang	𰑿	2026-06-28	# SIP plane (no glyph)
tang	𰤓	2026-06-28	# SIP plane (no glyph)
tang	𰥹	2026-06-28	# SIP plane (no glyph)
tang	𰰢	2026-06-28	# SIP plane (no glyph)
tang	𰾯	2026-06-28	# SIP plane (no glyph)
tang	𰿺	2026-06-28	# SIP plane (no glyph)
tang	𱊝	2026-06-28	# SIP plane (no glyph)
tang	𱿫	2026-06-28	# SIP plane (no glyph)
tang	𲉅	2026-06-28	# SIP plane (no glyph)
tao	𠇏	2026-06-28	# SIP plane (no glyph)
tao	𠓝	2026-06-28	# SIP plane (no glyph)
tao	𠗆	2026-06-28	# SIP plane (no glyph)
tao	𠚜	2026-06-28	# SIP plane (no glyph)
tao	𠞞	2026-06-28	# SIP plane (no glyph)
tao	𠬢	2026-06-28	# SIP plane (no glyph)
tao	𡍒	2026-06-28	# SIP plane (no glyph)
tao	𡺫	2026-06-28	# SIP plane (no glyph)
tao	𢔇	2026-06-28	# SIP plane (no glyph)
tao	𣨔	2026-06-28	# SIP plane (no glyph)
tao	𣰺	2026-06-28	# SIP plane (no glyph)
tao	𣺮	2026-06-28	# SIP plane (no glyph)
tao	𤘸	2026-06-28	# SIP plane (no glyph)
tao	𤙎	2026-06-28	# SIP plane (no glyph)
tao	𤚟	2026-06-28	# SIP plane (no glyph)
tao	𤴻	2026-06-28	# SIP plane (no glyph)
tao	𤵟	2026-06-28	# SIP plane (no glyph)
tao	𥰜	2026-06-28	# SIP plane (no glyph)
tao	𦍷	2026-06-28	# SIP plane (no glyph)
tao	𦺰	2026-06-28	# SIP plane (no glyph)
tao	𨌨	2026-06-28	# SIP plane (no glyph)
tao	𨡒	2026-06-28	# SIP plane (no glyph)
tao	𩎢	2026-06-28	# SIP plane (no glyph)
tao	𩏾	2026-06-28	# SIP plane (no glyph)
tao	𩘿	2026-06-28	# SIP plane (no glyph)
tao	𩙧	2026-06-28	# SIP plane (no glyph)
tao	𩛽	2026-06-28	# SIP plane (no glyph)
tao	𩥅	2026-06-28	# SIP plane (no glyph)
tao	𩹴	2026-06-28	# SIP plane (no glyph)
tao	𪌼	2026-06-28	# SIP plane (no glyph)
tao	𫘦	2026-06-28	# SIP plane (no glyph)
tao	𬘺	2026-06-28	# SIP plane (no glyph)
tao	𬣥	2026-06-28	# SIP plane (no glyph)
tao	𬤁	2026-06-28	# SIP plane (no glyph)
tao	𬳊	2026-06-28	# SIP plane (no glyph)
tao	𮶃	2026-06-28	# SIP plane (no glyph)
tao	𮷝	2026-06-28	# SIP plane (no glyph)
tao	𰵜	2026-06-28	# SIP plane (no glyph)
tao	𰵽	2026-06-28	# SIP plane (no glyph)
tao	𰾏	2026-06-28	# SIP plane (no glyph)
tao	𱅏	2026-06-28	# SIP plane (no glyph)
tao	𱅣	2026-06-28	# SIP plane (no glyph)
te	𠈸	2026-06-28	# SIP plane (no glyph)
te	𢘋	2026-06-28	# SIP plane (no glyph)
te	𣘱	2026-06-28	# SIP plane (no glyph)
te	𤙰	2026-06-28	# SIP plane (no glyph)
te	𥊸	2026-06-28	# SIP plane (no glyph)
te	𥌩	2026-06-28	# SIP plane (no glyph)
te	𫋌	2026-06-28	# SIP plane (no glyph)
te	𰷞	2026-06-28	# SIP plane (no glyph)
teng	𢚺	2026-06-28	# SIP plane (no glyph)
teng	𢟱	2026-06-28	# SIP plane (no glyph)
teng	𢥂	2026-06-28	# SIP plane (no glyph)
teng	𣽨	2026-06-28	# SIP plane (no glyph)
teng	𤃶	2026-06-28	# SIP plane (no glyph)
teng	𤳘	2026-06-28	# SIP plane (no glyph)
teng	𤹤	2026-06-28	# SIP plane (no glyph)
teng	𥉋	2026-06-28	# SIP plane (no glyph)
teng	𦡪	2026-06-28	# SIP plane (no glyph)
teng	𦪝	2026-06-28	# SIP plane (no glyph)
teng	𦫀	2026-06-28	# SIP plane (no glyph)
teng	𧈜	2026-06-28	# SIP plane (no glyph)
teng	𧭔	2026-06-28	# SIP plane (no glyph)
teng	𨃗	2026-06-28	# SIP plane (no glyph)
teng	𩩻	2026-06-28	# SIP plane (no glyph)
teng	𩴝	2026-06-28	# SIP plane (no glyph)
teng	𪒿	2026-06-28	# SIP plane (no glyph)
teng	𪔶	2026-06-28	# SIP plane (no glyph)
teng	𬧃	2026-06-28	# SIP plane (no glyph)
teng	𬹘	2026-06-28	# SIP plane (no glyph)
teng	𰲂	2026-06-28	# SIP plane (no glyph)
ti	𠞄	2026-06-28	# SIP plane (no glyph)
ti	𡥩	2026-06-28	# SIP plane (no glyph)
ti	𡰎	2026-06-28	# SIP plane (no glyph)
ti	𡲕	2026-06-28	# SIP plane (no glyph)
ti	𡲿	2026-06-28	# SIP plane (no glyph)
ti	𡸑	2026-06-28	# SIP plane (no glyph)
ti	𢝹	2026-06-28	# SIP plane (no glyph)
ti	𢞖	2026-06-28	# SIP plane (no glyph)
ti	𢧑	2026-06-28	# SIP plane (no glyph)
ti	𢱦	2026-06-28	# SIP plane (no glyph)
ti	𢳓	2026-06-28	# SIP plane (no glyph)
ti	𣄍	2026-06-28	# SIP plane (no glyph)
ti	𣈡	2026-06-28	# SIP plane (no glyph)
ti	𣉆	2026-06-28	# SIP plane (no glyph)
ti	𣖅	2026-06-28	# SIP plane (no glyph)
ti	𣖸	2026-06-28	# SIP plane (no glyph)
ti	𣜹	2026-06-28	# SIP plane (no glyph)
ti	𣤖	2026-06-28	# SIP plane (no glyph)
ti	𣧂	2026-06-28	# SIP plane (no glyph)
ti	𣨼	2026-06-28	# SIP plane (no glyph)
ti	𣸒	2026-06-28	# SIP plane (no glyph)
ti	𣹲	2026-06-28	# SIP plane (no glyph)
ti	𤗘	2026-06-28	# SIP plane (no glyph)
ti	𤗢	2026-06-28	# SIP plane (no glyph)
ti	𤚢	2026-06-28	# SIP plane (no glyph)
ti	𤟥	2026-06-28	# SIP plane (no glyph)
ti	𤟾	2026-06-28	# SIP plane (no glyph)
ti	𤭌	2026-06-28	# SIP plane (no glyph)
ti	𥉈	2026-06-28	# SIP plane (no glyph)
ti	𥉘	2026-06-28	# SIP plane (no glyph)
ti	𥡦	2026-06-28	# SIP plane (no glyph)
ti	𥫵	2026-06-28	# SIP plane (no glyph)
ti	𥳳	2026-06-28	# SIP plane (no glyph)
ti	𥶛	2026-06-28	# SIP plane (no glyph)
ti	𦌢	2026-06-28	# SIP plane (no glyph)
ti	𦻀	2026-06-28	# SIP plane (no glyph)
ti	𧀠	2026-06-28	# SIP plane (no glyph)
ti	𧀰	2026-06-28	# SIP plane (no glyph)
ti	𧋘	2026-06-28	# SIP plane (no glyph)
ti	𧔩	2026-06-28	# SIP plane (no glyph)
ti	𧙣	2026-06-28	# SIP plane (no glyph)
ti	𧛒	2026-06-28	# SIP plane (no glyph)
ti	𧝆	2026-06-28	# SIP plane (no glyph)
ti	𧝐	2026-06-28	# SIP plane (no glyph)
ti	𧡨	2026-06-28	# SIP plane (no glyph)
ti	𧨱	2026-06-28	# SIP plane (no glyph)
ti	𧼮	2026-06-28	# SIP plane (no glyph)
ti	𨁃	2026-06-28	# SIP plane (no glyph)
ti	𨔛	2026-06-28	# SIP plane (no glyph)
ti	𨠏	2026-06-28	# SIP plane (no glyph)
ti	𨪉	2026-06-28	# SIP plane (no glyph)
ti	𨲎	2026-06-28	# SIP plane (no glyph)
ti	𨲞	2026-06-28	# SIP plane (no glyph)
ti	𨴼	2026-06-28	# SIP plane (no glyph)
ti	𩋣	2026-06-28	# SIP plane (no glyph)
ti	𩓂	2026-06-28	# SIP plane (no glyph)
ti	𩛑	2026-06-28	# SIP plane (no glyph)
ti	𩛶	2026-06-28	# SIP plane (no glyph)
ti	𩝊	2026-06-28	# SIP plane (no glyph)
ti	𩤽	2026-06-28	# SIP plane (no glyph)
ti	𩬲	2026-06-28	# SIP plane (no glyph)
ti	𩮜	2026-06-28	# SIP plane (no glyph)
ti	𩿷	2026-06-28	# SIP plane (no glyph)
ti	𪍲	2026-06-28	# SIP plane (no glyph)
ti	𪕩	2026-06-28	# SIP plane (no glyph)
ti	𪖦	2026-06-28	# SIP plane (no glyph)
ti	𫘨	2026-06-28	# SIP plane (no glyph)
ti	𫛴	2026-06-28	# SIP plane (no glyph)
ti	𫛸	2026-06-28	# SIP plane (no glyph)
ti	𫪺	2026-06-28	# SIP plane (no glyph)
ti	𬲻	2026-06-28	# SIP plane (no glyph)
ti	𬶕	2026-06-28	# SIP plane (no glyph)
ti	𬶤	2026-06-28	# SIP plane (no glyph)
ti	𰨖	2026-06-28	# SIP plane (no glyph)
ti	𱉩	2026-06-28	# SIP plane (no glyph)
ti	𱊕	2026-06-28	# SIP plane (no glyph)
tian	𠗘	2026-06-28	# SIP plane (no glyph)
tian	𡒧	2026-06-28	# SIP plane (no glyph)
tian	𡙒	2026-06-28	# SIP plane (no glyph)
tian	𢇶	2026-06-28	# SIP plane (no glyph)
tian	𢓍	2026-06-28	# SIP plane (no glyph)
tian	𣊖	2026-06-28	# SIP plane (no glyph)
tian	𤘠	2026-06-28	# SIP plane (no glyph)
tian	𤤦	2026-06-28	# SIP plane (no glyph)
tian	𤫞	2026-06-28	# SIP plane (no glyph)
tian	𤲖	2026-06-28	# SIP plane (no glyph)
tian	𥧑	2026-06-28	# SIP plane (no glyph)
tian	𥪌	2026-06-28	# SIP plane (no glyph)
tian	𥪧	2026-06-28	# SIP plane (no glyph)
tian	𥳫	2026-06-28	# SIP plane (no glyph)
tian	𥵶	2026-06-28	# SIP plane (no glyph)
tian	𦊊	2026-06-28	# SIP plane (no glyph)
tian	𦔿	2026-06-28	# SIP plane (no glyph)
tian	𦗀	2026-06-28	# SIP plane (no glyph)
tian	𦗁	2026-06-28	# SIP plane (no glyph)
tian	𦧒	2026-06-28	# SIP plane (no glyph)
tian	𦧖	2026-06-28	# SIP plane (no glyph)
tian	𦧝	2026-06-28	# SIP plane (no glyph)
tian	𦬞	2026-06-28	# SIP plane (no glyph)
tian	𦳇	2026-06-28	# SIP plane (no glyph)
tian	𧉂	2026-06-28	# SIP plane (no glyph)
tian	𧌎	2026-06-28	# SIP plane (no glyph)
tian	𧨩	2026-06-28	# SIP plane (no glyph)
tian	𧨸	2026-06-28	# SIP plane (no glyph)
tian	𧰊	2026-06-28	# SIP plane (no glyph)
tian	𧹖	2026-06-28	# SIP plane (no glyph)
tian	𨆁	2026-06-28	# SIP plane (no glyph)
tian	𨉾	2026-06-28	# SIP plane (no glyph)
tian	𨌈	2026-06-28	# SIP plane (no glyph)
tian	𨡁	2026-06-28	# SIP plane (no glyph)
tian	𨡏	2026-06-28	# SIP plane (no glyph)
tian	𨸱	2026-06-28	# SIP plane (no glyph)
tian	𨹻	2026-06-28	# SIP plane (no glyph)
tian	𩈍	2026-06-28	# SIP plane (no glyph)
tian	𩉁	2026-06-28	# SIP plane (no glyph)
tian	𩚣	2026-06-28	# SIP plane (no glyph)
tian	𪅉	2026-06-28	# SIP plane (no glyph)
tian	𪌩	2026-06-28	# SIP plane (no glyph)
tian	𪎾	2026-06-28	# SIP plane (no glyph)
tian	𫐍	2026-06-28	# SIP plane (no glyph)
tian	𬨉	2026-06-28	# SIP plane (no glyph)
tian	𬭓	2026-06-28	# SIP plane (no glyph)
tian	𮴿	2026-06-28	# SIP plane (no glyph)
tian	𰬧	2026-06-28	# SIP plane (no glyph)
tian	𰾻	2026-06-28	# SIP plane (no glyph)
tian	𱃺	2026-06-28	# SIP plane (no glyph)
tian	𱊚	2026-06-28	# SIP plane (no glyph)
tiao	𠛪	2026-06-28	# SIP plane (no glyph)
tiao	𠤺	2026-06-28	# SIP plane (no glyph)
tiao	𠧪	2026-06-28	# SIP plane (no glyph)
tiao	𡠊	2026-06-28	# SIP plane (no glyph)
tiao	𡯿	2026-06-28	# SIP plane (no glyph)
tiao	𡳏	2026-06-28	# SIP plane (no glyph)
tiao	𢈄	2026-06-28	# SIP plane (no glyph)
tiao	𢓝	2026-06-28	# SIP plane (no glyph)
tiao	𢖈	2026-06-28	# SIP plane (no glyph)
tiao	𢳙	2026-06-28	# SIP plane (no glyph)
tiao	𢺫	2026-06-28	# SIP plane (no glyph)
tiao	𣂁	2026-06-28	# SIP plane (no glyph)
tiao	𣂥	2026-06-28	# SIP plane (no glyph)
tiao	𣒼	2026-06-28	# SIP plane (no glyph)
tiao	𣟐	2026-06-28	# SIP plane (no glyph)
tiao	𣬸	2026-06-28	# SIP plane (no glyph)
tiao	𥎺	2026-06-28	# SIP plane (no glyph)
tiao	𥶏	2026-06-28	# SIP plane (no glyph)
tiao	𦩄	2026-06-28	# SIP plane (no glyph)
tiao	𦴚	2026-06-28	# SIP plane (no glyph)
tiao	𧌁	2026-06-28	# SIP plane (no glyph)
tiao	𨋫	2026-06-28	# SIP plane (no glyph)
tiao	𨾾	2026-06-28	# SIP plane (no glyph)
tiao	𩲤	2026-06-28	# SIP plane (no glyph)
tiao	𪌪	2026-06-28	# SIP plane (no glyph)
tiao	𫍥	2026-06-28	# SIP plane (no glyph)
tiao	𬢋	2026-06-28	# SIP plane (no glyph)
tiao	𰩏	2026-06-28	# SIP plane (no glyph)
tiao	𱇱	2026-06-28	# SIP plane (no glyph)
tiao	𱸥	2026-06-28	# SIP plane (no glyph)
tie	𢶋	2026-06-28	# SIP plane (no glyph)
tie	𤝓	2026-06-28	# SIP plane (no glyph)
tie	𦝒	2026-06-28	# SIP plane (no glyph)
tie	𦧢	2026-06-28	# SIP plane (no glyph)
tie	𦧤	2026-06-28	# SIP plane (no glyph)
tie	𪎋	2026-06-28	# SIP plane (no glyph)
tie	𬴋	2026-06-28	# SIP plane (no glyph)
ting	𠄚	2026-06-28	# SIP plane (no glyph)
ting	𠕊	2026-06-28	# SIP plane (no glyph)
ting	𠘋	2026-06-28	# SIP plane (no glyph)
ting	𡈼	2026-06-28	# SIP plane (no glyph)
ting	𡔛	2026-06-28	# SIP plane (no glyph)
ting	𢬫	2026-06-28	# SIP plane (no glyph)
ting	𢽄	2026-06-28	# SIP plane (no glyph)
ting	𣂴	2026-06-28	# SIP plane (no glyph)
ting	𣄿	2026-06-28	# SIP plane (no glyph)
ting	𣉡	2026-06-28	# SIP plane (no glyph)
ting	𤗞	2026-06-28	# SIP plane (no glyph)
ting	𤘖	2026-06-28	# SIP plane (no glyph)
ting	𤱹	2026-06-28	# SIP plane (no glyph)
ting	𥆑	2026-06-28	# SIP plane (no glyph)
ting	𥑈	2026-06-28	# SIP plane (no glyph)
ting	𥥶	2026-06-28	# SIP plane (no glyph)
ting	𥫙	2026-06-28	# SIP plane (no glyph)
ting	𥴑	2026-06-28	# SIP plane (no glyph)
ting	𦉬	2026-06-28	# SIP plane (no glyph)
ting	𦐿	2026-06-28	# SIP plane (no glyph)
ting	𦕢	2026-06-28	# SIP plane (no glyph)
ting	𦗟	2026-06-28	# SIP plane (no glyph)
ting	𦝞	2026-06-28	# SIP plane (no glyph)
ting	𧓴	2026-06-28	# SIP plane (no glyph)
ting	𧖨	2026-06-28	# SIP plane (no glyph)
ting	𧰩	2026-06-28	# SIP plane (no glyph)
ting	𧶺	2026-06-28	# SIP plane (no glyph)
ting	𨁗	2026-06-28	# SIP plane (no glyph)
ting	𨉬	2026-06-28	# SIP plane (no glyph)
ting	𨊡	2026-06-28	# SIP plane (no glyph)
ting	𨓍	2026-06-28	# SIP plane (no glyph)
ting	𨳑	2026-06-28	# SIP plane (no glyph)
ting	𨳝	2026-06-28	# SIP plane (no glyph)
ting	𨸁	2026-06-28	# SIP plane (no glyph)
ting	𩆆	2026-06-28	# SIP plane (no glyph)
ting	𩐴	2026-06-28	# SIP plane (no glyph)
ting	𩑙	2026-06-28	# SIP plane (no glyph)
ting	𩒞	2026-06-28	# SIP plane (no glyph)
ting	𩨑	2026-06-28	# SIP plane (no glyph)
ting	𩹇	2026-06-28	# SIP plane (no glyph)
ting	𪊶	2026-06-28	# SIP plane (no glyph)
ting	𫄮	2026-06-28	# SIP plane (no glyph)
ting	𬘩	2026-06-28	# SIP plane (no glyph)
ting	𬣻	2026-06-28	# SIP plane (no glyph)
ting	𬶓	2026-06-28	# SIP plane (no glyph)
tong	𠖄	2026-06-28	# SIP plane (no glyph)
tong	𡠙	2026-06-28	# SIP plane (no glyph)
tong	𡦜	2026-06-28	# SIP plane (no glyph)
tong	𢄟	2026-06-28	# SIP plane (no glyph)
tong	𢈉	2026-06-28	# SIP plane (no glyph)
tong	𢏕	2026-06-28	# SIP plane (no glyph)
tong	𢓘	2026-06-28	# SIP plane (no glyph)
tong	𢳟	2026-06-28	# SIP plane (no glyph)
tong	𣌾	2026-06-28	# SIP plane (no glyph)
tong	𣑸	2026-06-28	# SIP plane (no glyph)
tong	𣪯	2026-06-28	# SIP plane (no glyph)
tong	𣻢	2026-06-28	# SIP plane (no glyph)
tong	𤱇	2026-06-28	# SIP plane (no glyph)
tong	𥦁	2026-06-28	# SIP plane (no glyph)
tong	𥩌	2026-06-28	# SIP plane (no glyph)
tong	𥫂	2026-06-28	# SIP plane (no glyph)
tong	𥲆	2026-06-28	# SIP plane (no glyph)
tong	𦏆	2026-06-28	# SIP plane (no glyph)
tong	𦒍	2026-06-28	# SIP plane (no glyph)
tong	𦨴	2026-06-28	# SIP plane (no glyph)
tong	𧇌	2026-06-28	# SIP plane (no glyph)
tong	𧊚	2026-06-28	# SIP plane (no glyph)
tong	𧋒	2026-06-28	# SIP plane (no glyph)
tong	𧋚	2026-06-28	# SIP plane (no glyph)
tong	𧌝	2026-06-28	# SIP plane (no glyph)
tong	𧳆	2026-06-28	# SIP plane (no glyph)
tong	𧳿	2026-06-28	# SIP plane (no glyph)
tong	𨀜	2026-06-28	# SIP plane (no glyph)
tong	𨈹	2026-06-28	# SIP plane (no glyph)
tong	𨚯	2026-06-28	# SIP plane (no glyph)
tong	𨜳	2026-06-28	# SIP plane (no glyph)
tong	𨝯	2026-06-28	# SIP plane (no glyph)
tong	𨠌	2026-06-28	# SIP plane (no glyph)
tong	𩍅	2026-06-28	# SIP plane (no glyph)
tong	𩩅	2026-06-28	# SIP plane (no glyph)
tong	𩻡	2026-06-28	# SIP plane (no glyph)
tong	𪀭	2026-06-28	# SIP plane (no glyph)
tong	𪌢	2026-06-28	# SIP plane (no glyph)
tong	𫍣	2026-06-28	# SIP plane (no glyph)
tong	𮲄	2026-06-28	# SIP plane (no glyph)
tong	𰽶	2026-06-28	# SIP plane (no glyph)
tong	𱍇	2026-06-28	# SIP plane (no glyph)
tong	𱝉	2026-06-28	# SIP plane (no glyph)
tong	𲎆	2026-06-28	# SIP plane (no glyph)
tou	𡇧	2026-06-28	# SIP plane (no glyph)
tou	𡷠	2026-06-28	# SIP plane (no glyph)
tou	𣛾	2026-06-28	# SIP plane (no glyph)
tou	𣪌	2026-06-28	# SIP plane (no glyph)
tou	𦈕	2026-06-28	# SIP plane (no glyph)
tou	𧺢	2026-06-28	# SIP plane (no glyph)
tou	𨔙	2026-06-28	# SIP plane (no glyph)
tou	𨯲	2026-06-28	# SIP plane (no glyph)
tou	𨱎	2026-06-28	# SIP plane (no glyph)
tou	𨷩	2026-06-28	# SIP plane (no glyph)
tou	𩜶	2026-06-28	# SIP plane (no glyph)
tou	𩿢	2026-06-28	# SIP plane (no glyph)
tou	𪁞	2026-06-28	# SIP plane (no glyph)
tou	𪉘	2026-06-28	# SIP plane (no glyph)
tou	𪌘	2026-06-28	# SIP plane (no glyph)
tou	𪎨	2026-06-28	# SIP plane (no glyph)
tou	𬣟	2026-06-28	# SIP plane (no glyph)
tou	𱄁	2026-06-28	# SIP plane (no glyph)
tou	𱋍	2026-06-28	# SIP plane (no glyph)
tu	𠊲	2026-06-28	# SIP plane (no glyph)
tu	𠞀	2026-06-28	# SIP plane (no glyph)
tu	𠟶	2026-06-28	# SIP plane (no glyph)
tu	𠫓	2026-06-28	# SIP plane (no glyph)
tu	𠫮	2026-06-28	# SIP plane (no glyph)
tu	𠳶	2026-06-28	# SIP plane (no glyph)
tu	𠸂	2026-06-28	# SIP plane (no glyph)
tu	𠻬	2026-06-28	# SIP plane (no glyph)
tu	𡇩	2026-06-28	# SIP plane (no glyph)
tu	𡸂	2026-06-28	# SIP plane (no glyph)
tu	𡺴	2026-06-28	# SIP plane (no glyph)
tu	𢝀	2026-06-28	# SIP plane (no glyph)
tu	𢬳	2026-06-28	# SIP plane (no glyph)
tu	𣅝	2026-06-28	# SIP plane (no glyph)
tu	𣈥	2026-06-28	# SIP plane (no glyph)
tu	𣒇	2026-06-28	# SIP plane (no glyph)
tu	𣔻	2026-06-28	# SIP plane (no glyph)
tu	𣥳	2026-06-28	# SIP plane (no glyph)
tu	𣲱	2026-06-28	# SIP plane (no glyph)
tu	𤙛	2026-06-28	# SIP plane (no glyph)
tu	𤟪	2026-06-28	# SIP plane (no glyph)
tu	𤷿	2026-06-28	# SIP plane (no glyph)
tu	𥂋	2026-06-28	# SIP plane (no glyph)
tu	𥥛	2026-06-28	# SIP plane (no glyph)
tu	𥧣	2026-06-28	# SIP plane (no glyph)
tu	𥨜	2026-06-28	# SIP plane (no glyph)
tu	𥯝	2026-06-28	# SIP plane (no glyph)
tu	𦔅	2026-06-28	# SIP plane (no glyph)
tu	𦝬	2026-06-28	# SIP plane (no glyph)
tu	𦩤	2026-06-28	# SIP plane (no glyph)
tu	𧛗	2026-06-28	# SIP plane (no glyph)
tu	𧧶	2026-06-28	# SIP plane (no glyph)
tu	𧳌	2026-06-28	# SIP plane (no glyph)
tu	𨑒	2026-06-28	# SIP plane (no glyph)
tu	𨙭	2026-06-28	# SIP plane (no glyph)
tu	𨝛	2026-06-28	# SIP plane (no glyph)
tu	𨨷	2026-06-28	# SIP plane (no glyph)
tu	𨱄	2026-06-28	# SIP plane (no glyph)
tu	𨴩	2026-06-28	# SIP plane (no glyph)
tu	𩣮	2026-06-28	# SIP plane (no glyph)
tu	𩥽	2026-06-28	# SIP plane (no glyph)
tu	𩸃	2026-06-28	# SIP plane (no glyph)
tu	𩾅	2026-06-28	# SIP plane (no glyph)
tu	𪉍	2026-06-28	# SIP plane (no glyph)
tu	𪑏	2026-06-28	# SIP plane (no glyph)
tu	𫛬	2026-06-28	# SIP plane (no glyph)
tu	𬳿	2026-06-28	# SIP plane (no glyph)
tu	𱉸	2026-06-28	# SIP plane (no glyph)
tu	𱊆	2026-06-28	# SIP plane (no glyph)
tu	𱊖	2026-06-28	# SIP plane (no glyph)
tu	𱊠	2026-06-28	# SIP plane (no glyph)
tu	𱊩	2026-06-28	# SIP plane (no glyph)
tu	𱖖	2026-06-28	# SIP plane (no glyph)
tuan	𡁴	2026-06-28	# SIP plane (no glyph)
tuan	𢣎	2026-06-28	# SIP plane (no glyph)
tuan	𣏢	2026-06-28	# SIP plane (no glyph)
tuan	𣑝	2026-06-28	# SIP plane (no glyph)
tuan	𣶣	2026-06-28	# SIP plane (no glyph)
tuan	𤱝	2026-06-28	# SIP plane (no glyph)
tuan	𧐕	2026-06-28	# SIP plane (no glyph)
tuan	𧓘	2026-06-28	# SIP plane (no glyph)
tuan	𧰄	2026-06-28	# SIP plane (no glyph)
tuan	𧳩	2026-06-28	# SIP plane (no glyph)
tuan	𧽢	2026-06-28	# SIP plane (no glyph)
tuan	𨪒	2026-06-28	# SIP plane (no glyph)
tuan	𩃘	2026-06-28	# SIP plane (no glyph)
tuan	𩘯	2026-06-28	# SIP plane (no glyph)
tuan	𩜵	2026-06-28	# SIP plane (no glyph)
tuan	𩠊	2026-06-28	# SIP plane (no glyph)
tuan	𩠹	2026-06-28	# SIP plane (no glyph)
tuan	𪈋	2026-06-28	# SIP plane (no glyph)
tuan	𪏖	2026-06-28	# SIP plane (no glyph)
tuan	𬇘	2026-06-28	# SIP plane (no glyph)
tuan	𬤬	2026-06-28	# SIP plane (no glyph)
tuan	𬦆	2026-06-28	# SIP plane (no glyph)
tuan	𰄞	2026-06-28	# SIP plane (no glyph)
tuan	𰑁	2026-06-28	# SIP plane (no glyph)
tuan	𰩮	2026-06-28	# SIP plane (no glyph)
tuan	𰪫	2026-06-28	# SIP plane (no glyph)
tuan	𰪶	2026-06-28	# SIP plane (no glyph)
tuan	𱉏	2026-06-28	# SIP plane (no glyph)
tui	𠺙	2026-06-28	# SIP plane (no glyph)
tui	𡯵	2026-06-28	# SIP plane (no glyph)
tui	𡷜	2026-06-28	# SIP plane (no glyph)
tui	𢉭	2026-06-28	# SIP plane (no glyph)
tui	𢊮	2026-06-28	# SIP plane (no glyph)
tui	𢓇	2026-06-28	# SIP plane (no glyph)
tui	𢟴	2026-06-28	# SIP plane (no glyph)
tui	𢠮	2026-06-28	# SIP plane (no glyph)
tui	𤍐	2026-06-28	# SIP plane (no glyph)
tui	𤗴	2026-06-28	# SIP plane (no glyph)
tui	𤸉	2026-06-28	# SIP plane (no glyph)
tui	𤻊	2026-06-28	# SIP plane (no glyph)
tui	𥢢	2026-06-28	# SIP plane (no glyph)
tui	𥲣	2026-06-28	# SIP plane (no glyph)
tui	𥶐	2026-06-28	# SIP plane (no glyph)
tui	𦖦	2026-06-28	# SIP plane (no glyph)
tui	𦜄	2026-06-28	# SIP plane (no glyph)
tui	𧆸	2026-06-28	# SIP plane (no glyph)
tui	𧝋	2026-06-28	# SIP plane (no glyph)
tui	𧮓	2026-06-28	# SIP plane (no glyph)
tui	𨆨	2026-06-28	# SIP plane (no glyph)
tui	𨌴	2026-06-28	# SIP plane (no glyph)
tui	𨗞	2026-06-28	# SIP plane (no glyph)
tui	𨘃	2026-06-28	# SIP plane (no glyph)
tui	𨽟	2026-06-28	# SIP plane (no glyph)
tui	𩓬	2026-06-28	# SIP plane (no glyph)
tui	𩘺	2026-06-28	# SIP plane (no glyph)
tui	𩙬	2026-06-28	# SIP plane (no glyph)
tui	𩳕	2026-06-28	# SIP plane (no glyph)
tui	𪨇	2026-06-28	# SIP plane (no glyph)
tui	𬓼	2026-06-28	# SIP plane (no glyph)
tui	𬞘	2026-06-28	# SIP plane (no glyph)
tui	𬤱	2026-06-28	# SIP plane (no glyph)
tui	𬯎	2026-06-28	# SIP plane (no glyph)
tui	𮱣	2026-06-28	# SIP plane (no glyph)
tui	𰂜	2026-06-28	# SIP plane (no glyph)
tui	𰣶	2026-06-28	# SIP plane (no glyph)
tui	𰲁	2026-06-28	# SIP plane (no glyph)
tui	𰸞	2026-06-28	# SIP plane (no glyph)
tui	𱅙	2026-06-28	# SIP plane (no glyph)
tun	𠭿	2026-06-28	# SIP plane (no glyph)
tun	𡉒	2026-06-28	# SIP plane (no glyph)
tun	𢞋	2026-06-28	# SIP plane (no glyph)
tun	𢥽	2026-06-28	# SIP plane (no glyph)
tun	𣋄	2026-06-28	# SIP plane (no glyph)
tun	𣵞	2026-06-28	# SIP plane (no glyph)
tun	𤶕	2026-06-28	# SIP plane (no glyph)
tun	𥴫	2026-06-28	# SIP plane (no glyph)
tun	𥸵	2026-06-28	# SIP plane (no glyph)
tun	𦍓	2026-06-28	# SIP plane (no glyph)
tun	𦜯	2026-06-28	# SIP plane (no glyph)
tun	𦜴	2026-06-28	# SIP plane (no glyph)
tun	𦟓	2026-06-28	# SIP plane (no glyph)
tun	𦟙	2026-06-28	# SIP plane (no glyph)
tun	𧑒	2026-06-28	# SIP plane (no glyph)
tun	𧰭	2026-06-28	# SIP plane (no glyph)
tun	𨁇	2026-06-28	# SIP plane (no glyph)
tun	𨙲	2026-06-28	# SIP plane (no glyph)
tun	𨧐	2026-06-28	# SIP plane (no glyph)
tun	𨳘	2026-06-28	# SIP plane (no glyph)
tun	𨹙	2026-06-28	# SIP plane (no glyph)
tun	𩂄	2026-06-28	# SIP plane (no glyph)
tun	𩖤	2026-06-28	# SIP plane (no glyph)
tun	𩷵	2026-06-28	# SIP plane (no glyph)
tun	𪌋	2026-06-28	# SIP plane (no glyph)
tun	𪎴	2026-06-28	# SIP plane (no glyph)
tun	𪎶	2026-06-28	# SIP plane (no glyph)
tun	𪏆	2026-06-28	# SIP plane (no glyph)
tun	𪑒	2026-06-28	# SIP plane (no glyph)
tun	𰹸	2026-06-28	# SIP plane (no glyph)
tun	𰾇	2026-06-28	# SIP plane (no glyph)
tuo	𠈁	2026-06-28	# SIP plane (no glyph)
tuo	𠰹	2026-06-28	# SIP plane (no glyph)
tuo	𠴻	2026-06-28	# SIP plane (no glyph)
tuo	𡐏	2026-06-28	# SIP plane (no glyph)
tuo	𡛵	2026-06-28	# SIP plane (no glyph)
tuo	𡩆	2026-06-28	# SIP plane (no glyph)
tuo	𡹬	2026-06-28	# SIP plane (no glyph)
tuo	𢄿	2026-06-28	# SIP plane (no glyph)
tuo	𢏜	2026-06-28	# SIP plane (no glyph)
tuo	𢑠	2026-06-28	# SIP plane (no glyph)
tuo	𢓰	2026-06-28	# SIP plane (no glyph)
tuo	𢩷	2026-06-28	# SIP plane (no glyph)
tuo	𢩻	2026-06-28	# SIP plane (no glyph)
tuo	𢸨	2026-06-28	# SIP plane (no glyph)
tuo	𣗸	2026-06-28	# SIP plane (no glyph)
tuo	𣟁	2026-06-28	# SIP plane (no glyph)
tuo	𣟄	2026-06-28	# SIP plane (no glyph)
tuo	𣮆	2026-06-28	# SIP plane (no glyph)
tuo	𣶦	2026-06-28	# SIP plane (no glyph)
tuo	𣷿	2026-06-28	# SIP plane (no glyph)
tuo	𤝛	2026-06-28	# SIP plane (no glyph)
tuo	𤣯	2026-06-28	# SIP plane (no glyph)
tuo	𤤩	2026-06-28	# SIP plane (no glyph)
tuo	𤱡	2026-06-28	# SIP plane (no glyph)
tuo	𤱧	2026-06-28	# SIP plane (no glyph)
tuo	𤹢	2026-06-28	# SIP plane (no glyph)
tuo	𥓿	2026-06-28	# SIP plane (no glyph)
tuo	𥞒	2026-06-28	# SIP plane (no glyph)
tuo	𥩀	2026-06-28	# SIP plane (no glyph)
tuo	𦑑	2026-06-28	# SIP plane (no glyph)
tuo	𦚈	2026-06-28	# SIP plane (no glyph)
tuo	𦚐	2026-06-28	# SIP plane (no glyph)
tuo	𦝦	2026-06-28	# SIP plane (no glyph)
tuo	𧔳	2026-06-28	# SIP plane (no glyph)
tuo	𧕦	2026-06-28	# SIP plane (no glyph)
tuo	𧜲	2026-06-28	# SIP plane (no glyph)
tuo	𧣖	2026-06-28	# SIP plane (no glyph)
tuo	𧤓	2026-06-28	# SIP plane (no glyph)
tuo	𧦭	2026-06-28	# SIP plane (no glyph)
tuo	𧧉	2026-06-28	# SIP plane (no glyph)
tuo	𧿧	2026-06-28	# SIP plane (no glyph)
tuo	𧿶	2026-06-28	# SIP plane (no glyph)
tuo	𨁡	2026-06-28	# SIP plane (no glyph)
tuo	𨂫	2026-06-28	# SIP plane (no glyph)
tuo	𨈷	2026-06-28	# SIP plane (no glyph)
tuo	𨉋	2026-06-28	# SIP plane (no glyph)
tuo	𨒙	2026-06-28	# SIP plane (no glyph)
tuo	𨞌	2026-06-28	# SIP plane (no glyph)
tuo	𨹔	2026-06-28	# SIP plane (no glyph)
tuo	𨺖	2026-06-28	# SIP plane (no glyph)
tuo	𩃰	2026-06-28	# SIP plane (no glyph)
tuo	𩃱	2026-06-28	# SIP plane (no glyph)
tuo	𩅡	2026-06-28	# SIP plane (no glyph)
tuo	𩉺	2026-06-28	# SIP plane (no glyph)
tuo	𩎼	2026-06-28	# SIP plane (no glyph)
tuo	𩟰	2026-06-28	# SIP plane (no glyph)
tuo	𩢊	2026-06-28	# SIP plane (no glyph)
tuo	𩢵	2026-06-28	# SIP plane (no glyph)
tuo	𩧐	2026-06-28	# SIP plane (no glyph)
tuo	𩱾	2026-06-28	# SIP plane (no glyph)
tuo	𩿽	2026-06-28	# SIP plane (no glyph)
tuo	𪌂	2026-06-28	# SIP plane (no glyph)
tuo	𪘕	2026-06-28	# SIP plane (no glyph)
tuo	𪘗	2026-06-28	# SIP plane (no glyph)
tuo	𪨹	2026-06-28	# SIP plane (no glyph)
tuo	𫍡	2026-06-28	# SIP plane (no glyph)
tuo	𫘞	2026-06-28	# SIP plane (no glyph)
tuo	𫚛	2026-06-28	# SIP plane (no glyph)
tuo	𫜒	2026-06-28	# SIP plane (no glyph)
tuo	𫟤	2026-06-28	# SIP plane (no glyph)
tuo	𬠷	2026-06-28	# SIP plane (no glyph)
tuo	𬴎	2026-06-28	# SIP plane (no glyph)
tuo	𬶍	2026-06-28	# SIP plane (no glyph)
tuo	𰦿	2026-06-28	# SIP plane (no glyph)
tuo	𰬉	2026-06-28	# SIP plane (no glyph)
tuo	𰶇	2026-06-28	# SIP plane (no glyph)
tuo	𱅛	2026-06-28	# SIP plane (no glyph)
tuo	𱇏	2026-06-28	# SIP plane (no glyph)
tuo	𱉻	2026-06-28	# SIP plane (no glyph)
tuo	𱐛	2026-06-28	# SIP plane (no glyph)
tuo	𱖰	2026-06-28	# SIP plane (no glyph)
tuo	𱘲	2026-06-28	# SIP plane (no glyph)
tuo	𱶻	2026-06-28	# SIP plane (no glyph)
wa	𠴺	2026-06-28	# SIP plane (no glyph)
wa	𠹁	2026-06-28	# SIP plane (no glyph)
wa	𡁌	2026-06-28	# SIP plane (no glyph)
wa	𡚟	2026-06-28	# SIP plane (no glyph)
wa	𡧗	2026-06-28	# SIP plane (no glyph)
wa	𣐎	2026-06-28	# SIP plane (no glyph)
wa	𣢉	2026-06-28	# SIP plane (no glyph)
wa	𣢚	2026-06-28	# SIP plane (no glyph)
wa	𤞇	2026-06-28	# SIP plane (no glyph)
wa	𤬦	2026-06-28	# SIP plane (no glyph)
wa	𤬿	2026-06-28	# SIP plane (no glyph)
wa	𤮰	2026-06-28	# SIP plane (no glyph)
wa	𤿗	2026-06-28	# SIP plane (no glyph)
wa	𥤺	2026-06-28	# SIP plane (no glyph)
wa	𥥟	2026-06-28	# SIP plane (no glyph)
wa	𥿉	2026-06-28	# SIP plane (no glyph)
wa	𦘵	2026-06-28	# SIP plane (no glyph)
wa	𦚩	2026-06-28	# SIP plane (no glyph)
wa	𦞭	2026-06-28	# SIP plane (no glyph)
wa	𦤙	2026-06-28	# SIP plane (no glyph)
wa	𦫪	2026-06-28	# SIP plane (no glyph)
wa	𧧊	2026-06-28	# SIP plane (no glyph)
wa	𨀄	2026-06-28	# SIP plane (no glyph)
wa	𨩶	2026-06-28	# SIP plane (no glyph)
wa	𩨚	2026-06-28	# SIP plane (no glyph)
wa	𩨾	2026-06-28	# SIP plane (no glyph)
wa	𩩤	2026-06-28	# SIP plane (no glyph)
wa	𩿺	2026-06-28	# SIP plane (no glyph)
wa	𬘚	2026-06-28	# SIP plane (no glyph)
wa	𱌃	2026-06-28	# SIP plane (no glyph)
wa	𱗉	2026-06-28	# SIP plane (no glyph)
wai	𠨃	2026-06-28	# SIP plane (no glyph)
wai	𠰻	2026-06-28	# SIP plane (no glyph)
wai	𢱉	2026-06-28	# SIP plane (no glyph)
wai	𤟷	2026-06-28	# SIP plane (no glyph)
wai	𤤫	2026-06-28	# SIP plane (no glyph)
wai	𤷹	2026-06-28	# SIP plane (no glyph)
wai	𦘍	2026-06-28	# SIP plane (no glyph)
wai	𨂿	2026-06-28	# SIP plane (no glyph)
wai	𨈕	2026-06-28	# SIP plane (no glyph)
wai	𨵞	2026-06-28	# SIP plane (no glyph)
wai	𩔀	2026-06-28	# SIP plane (no glyph)
wai	𩕕	2026-06-28	# SIP plane (no glyph)
wai	𪉭	2026-06-28	# SIP plane (no glyph)
wai	𪑷	2026-06-28	# SIP plane (no glyph)
wai	𱐿	2026-06-28	# SIP plane (no glyph)
wai	𱿯	2026-06-28	# SIP plane (no glyph)
wan	𠒢	2026-06-28	# SIP plane (no glyph)
wan	𠝪	2026-06-28	# SIP plane (no glyph)
wan	𠠪	2026-06-28	# SIP plane (no glyph)
wan	𠣉	2026-06-28	# SIP plane (no glyph)
wan	𡆅	2026-06-28	# SIP plane (no glyph)
wan	𡇿	2026-06-28	# SIP plane (no glyph)
wan	𡤶	2026-06-28	# SIP plane (no glyph)
wan	𡩄	2026-06-28	# SIP plane (no glyph)
wan	𡸥	2026-06-28	# SIP plane (no glyph)
wan	𢀗	2026-06-28	# SIP plane (no glyph)
wan	𢓃	2026-06-28	# SIP plane (no glyph)
wan	𢓆	2026-06-28	# SIP plane (no glyph)
wan	𢛙	2026-06-28	# SIP plane (no glyph)
wan	𢨔	2026-06-28	# SIP plane (no glyph)
wan	𢯲	2026-06-28	# SIP plane (no glyph)
wan	𢺯	2026-06-28	# SIP plane (no glyph)
wan	𣡩	2026-06-28	# SIP plane (no glyph)
wan	𣥃	2026-06-28	# SIP plane (no glyph)
wan	𤗍	2026-06-28	# SIP plane (no glyph)
wan	𤥙	2026-06-28	# SIP plane (no glyph)
wan	𤧩	2026-06-28	# SIP plane (no glyph)
wan	𤻆	2026-06-28	# SIP plane (no glyph)
wan	𥆶	2026-06-28	# SIP plane (no glyph)
wan	𥝄	2026-06-28	# SIP plane (no glyph)
wan	𥟶	2026-06-28	# SIP plane (no glyph)
wan	𥤸	2026-06-28	# SIP plane (no glyph)
wan	𦂔	2026-06-28	# SIP plane (no glyph)
wan	𦙵	2026-06-28	# SIP plane (no glyph)
wan	𦜐	2026-06-28	# SIP plane (no glyph)
wan	𦣾	2026-06-28	# SIP plane (no glyph)
wan	𦲯	2026-06-28	# SIP plane (no glyph)
wan	𦽞	2026-06-28	# SIP plane (no glyph)
wan	𧚇	2026-06-28	# SIP plane (no glyph)
wan	𧠆	2026-06-28	# SIP plane (no glyph)
wan	𧯡	2026-06-28	# SIP plane (no glyph)
wan	𧲦	2026-06-28	# SIP plane (no glyph)
wan	𧹗	2026-06-28	# SIP plane (no glyph)
wan	𧿙	2026-06-28	# SIP plane (no glyph)
wan	𨂺	2026-06-28	# SIP plane (no glyph)
wan	𨈊	2026-06-28	# SIP plane (no glyph)
wan	𨉝	2026-06-28	# SIP plane (no glyph)
wan	𨌔	2026-06-28	# SIP plane (no glyph)
wan	𨞼	2026-06-28	# SIP plane (no glyph)
wan	𨥧	2026-06-28	# SIP plane (no glyph)
wan	𨩯	2026-06-28	# SIP plane (no glyph)
wan	𨩵	2026-06-28	# SIP plane (no glyph)
wan	𨩻	2026-06-28	# SIP plane (no glyph)
wan	𩅦	2026-06-28	# SIP plane (no glyph)
wan	𩈬	2026-06-28	# SIP plane (no glyph)
wan	𩊁	2026-06-28	# SIP plane (no glyph)
wan	𩢄	2026-06-28	# SIP plane (no glyph)
wan	𩣵	2026-06-28	# SIP plane (no glyph)
wan	𩧻	2026-06-28	# SIP plane (no glyph)
wan	𩾞	2026-06-28	# SIP plane (no glyph)
wan	𪂦	2026-06-28	# SIP plane (no glyph)
wan	𪂧	2026-06-28	# SIP plane (no glyph)
wan	𪋅	2026-06-28	# SIP plane (no glyph)
wan	𪎛	2026-06-28	# SIP plane (no glyph)
wan	𪐬	2026-06-28	# SIP plane (no glyph)
wan	𪑉	2026-06-28	# SIP plane (no glyph)
wan	𫓸	2026-06-28	# SIP plane (no glyph)
wan	𬇕	2026-06-28	# SIP plane (no glyph)
wan	𬨈	2026-06-28	# SIP plane (no glyph)
wan	𮱐	2026-06-28	# SIP plane (no glyph)
wan	𮲚	2026-06-28	# SIP plane (no glyph)
wan	𰷡	2026-06-28	# SIP plane (no glyph)
wan	𰺇	2026-06-28	# SIP plane (no glyph)
wan	𱁞	2026-06-28	# SIP plane (no glyph)
wang	𠕿	2026-06-28	# SIP plane (no glyph)
wang	𡔞	2026-06-28	# SIP plane (no glyph)
wang	𡝝	2026-06-28	# SIP plane (no glyph)
wang	𡯁	2026-06-28	# SIP plane (no glyph)
wang	𡷢	2026-06-28	# SIP plane (no glyph)
wang	𢁶	2026-06-28	# SIP plane (no glyph)
wang	𢛛	2026-06-28	# SIP plane (no glyph)
wang	𢼟	2026-06-28	# SIP plane (no glyph)
wang	𣢫	2026-06-28	# SIP plane (no glyph)
wang	𣥊	2026-06-28	# SIP plane (no glyph)
wang	𣶈	2026-06-28	# SIP plane (no glyph)
wang	𣷪	2026-06-28	# SIP plane (no glyph)
wang	𤷀	2026-06-28	# SIP plane (no glyph)
wang	𥆚	2026-06-28	# SIP plane (no glyph)
wang	𥆜	2026-06-28	# SIP plane (no glyph)
wang	𥲠	2026-06-28	# SIP plane (no glyph)
wang	𥾼	2026-06-28	# SIP plane (no glyph)
wang	𦓋	2026-06-28	# SIP plane (no glyph)
wang	𦖉	2026-06-28	# SIP plane (no glyph)
wang	𦣦	2026-06-28	# SIP plane (no glyph)
wang	𦣩	2026-06-28	# SIP plane (no glyph)
wang	𦬣	2026-06-28	# SIP plane (no glyph)
wang	𦯌	2026-06-28	# SIP plane (no glyph)
wang	𧈿	2026-06-28	# SIP plane (no glyph)
wang	𧎕	2026-06-28	# SIP plane (no glyph)
wang	𧧄	2026-06-28	# SIP plane (no glyph)
wang	𧧜	2026-06-28	# SIP plane (no glyph)
wang	𧫢	2026-06-28	# SIP plane (no glyph)
wang	𨕿	2026-06-28	# SIP plane (no glyph)
wang	𨳠	2026-06-28	# SIP plane (no glyph)
wang	𩖩	2026-06-28	# SIP plane (no glyph)
wang	𩵭	2026-06-28	# SIP plane (no glyph)
wang	𪁘	2026-06-28	# SIP plane (no glyph)
wang	𫍬	2026-06-28	# SIP plane (no glyph)
wei	𠄿	2026-06-28	# SIP plane (no glyph)
wei	𠆟	2026-06-28	# SIP plane (no glyph)
wei	𠙕	2026-06-28	# SIP plane (no glyph)
wei	𠥎	2026-06-28	# SIP plane (no glyph)
wei	𠳿	2026-06-28	# SIP plane (no glyph)
wei	𠹤	2026-06-28	# SIP plane (no glyph)
wei	𡂗	2026-06-28	# SIP plane (no glyph)
wei	𡇦	2026-06-28	# SIP plane (no glyph)
wei	𡔱	2026-06-28	# SIP plane (no glyph)
wei	𡚈	2026-06-28	# SIP plane (no glyph)
wei	𡶎	2026-06-28	# SIP plane (no glyph)
wei	𡷕	2026-06-28	# SIP plane (no glyph)
wei	𡼱	2026-06-28	# SIP plane (no glyph)
wei	𢉝	2026-06-28	# SIP plane (no glyph)
wei	𢊯	2026-06-28	# SIP plane (no glyph)
wei	𢍚	2026-06-28	# SIP plane (no glyph)
wei	𢙓	2026-06-28	# SIP plane (no glyph)
wei	𢣘	2026-06-28	# SIP plane (no glyph)
wei	𢯷	2026-06-28	# SIP plane (no glyph)
wei	𢲴	2026-06-28	# SIP plane (no glyph)
wei	𢸦	2026-06-28	# SIP plane (no glyph)
wei	𢼸	2026-06-28	# SIP plane (no glyph)
wei	𢾁	2026-06-28	# SIP plane (no glyph)
wei	𣄺	2026-06-28	# SIP plane (no glyph)
wei	𣈎	2026-06-28	# SIP plane (no glyph)
wei	𣨙	2026-06-28	# SIP plane (no glyph)
wei	𣩪	2026-06-28	# SIP plane (no glyph)
wei	𣫪	2026-06-28	# SIP plane (no glyph)
wei	𣲗	2026-06-28	# SIP plane (no glyph)
wei	𣽴	2026-06-28	# SIP plane (no glyph)
wei	𤀷	2026-06-28	# SIP plane (no glyph)
wei	𤁿	2026-06-28	# SIP plane (no glyph)
wei	𤛲	2026-06-28	# SIP plane (no glyph)
wei	𤜂	2026-06-28	# SIP plane (no glyph)
wei	𤸆	2026-06-28	# SIP plane (no glyph)
wei	𤺉	2026-06-28	# SIP plane (no glyph)
wei	𤻅	2026-06-28	# SIP plane (no glyph)
wei	𤼒	2026-06-28	# SIP plane (no glyph)
wei	𥅵	2026-06-28	# SIP plane (no glyph)
wei	𥉖	2026-06-28	# SIP plane (no glyph)
wei	𥊪	2026-06-28	# SIP plane (no glyph)
wei	𥌰	2026-06-28	# SIP plane (no glyph)
wei	𥒮	2026-06-28	# SIP plane (no glyph)
wei	𥧙	2026-06-28	# SIP plane (no glyph)
wei	𥯜	2026-06-28	# SIP plane (no glyph)
wei	𥯤	2026-06-28	# SIP plane (no glyph)
wei	𥶽	2026-06-28	# SIP plane (no glyph)
wei	𦇅	2026-06-28	# SIP plane (no glyph)
wei	𦈓	2026-06-28	# SIP plane (no glyph)
wei	𦓽	2026-06-28	# SIP plane (no glyph)
wei	𦝛	2026-06-28	# SIP plane (no glyph)
wei	𦠻	2026-06-28	# SIP plane (no glyph)
wei	𦢿	2026-06-28	# SIP plane (no glyph)
wei	𦩝	2026-06-28	# SIP plane (no glyph)
wei	𦩬	2026-06-28	# SIP plane (no glyph)
wei	𦪒	2026-06-28	# SIP plane (no glyph)
wei	𦳢	2026-06-28	# SIP plane (no glyph)
wei	𦾛	2026-06-28	# SIP plane (no glyph)
wei	𧍥	2026-06-28	# SIP plane (no glyph)
wei	𧍫	2026-06-28	# SIP plane (no glyph)
wei	𧐌	2026-06-28	# SIP plane (no glyph)
wei	𧒭	2026-06-28	# SIP plane (no glyph)
wei	𧔥	2026-06-28	# SIP plane (no glyph)
wei	𧕞	2026-06-28	# SIP plane (no glyph)
wei	𧚷	2026-06-28	# SIP plane (no glyph)
wei	𧛚	2026-06-28	# SIP plane (no glyph)
wei	𧝕	2026-06-28	# SIP plane (no glyph)
wei	𧞸	2026-06-28	# SIP plane (no glyph)
wei	𧟼	2026-06-28	# SIP plane (no glyph)
wei	𧢒	2026-06-28	# SIP plane (no glyph)
wei	𧢧	2026-06-28	# SIP plane (no glyph)
wei	𧤖	2026-06-28	# SIP plane (no glyph)
wei	𧲄	2026-06-28	# SIP plane (no glyph)
wei	𧲗	2026-06-28	# SIP plane (no glyph)
wei	𧲝	2026-06-28	# SIP plane (no glyph)
wei	𧳞	2026-06-28	# SIP plane (no glyph)
wei	𧳪	2026-06-28	# SIP plane (no glyph)
wei	𧴖	2026-06-28	# SIP plane (no glyph)
wei	𧸽	2026-06-28	# SIP plane (no glyph)
wei	𨃄	2026-06-28	# SIP plane (no glyph)
wei	𨖿	2026-06-28	# SIP plane (no glyph)
wei	𨗨	2026-06-28	# SIP plane (no glyph)
wei	𨚘	2026-06-28	# SIP plane (no glyph)
wei	𨝀	2026-06-28	# SIP plane (no glyph)
wei	𨟗	2026-06-28	# SIP plane (no glyph)
wei	𨠥	2026-06-28	# SIP plane (no glyph)
wei	𨢉	2026-06-28	# SIP plane (no glyph)
wei	𨪈	2026-06-28	# SIP plane (no glyph)
wei	𨱖	2026-06-28	# SIP plane (no glyph)
wei	𨴓	2026-06-28	# SIP plane (no glyph)
wei	𨵋	2026-06-28	# SIP plane (no glyph)
wei	𨻒	2026-06-28	# SIP plane (no glyph)
wei	𨾂	2026-06-28	# SIP plane (no glyph)
wei	𨿭	2026-06-28	# SIP plane (no glyph)
wei	𩀣	2026-06-28	# SIP plane (no glyph)
wei	𩀶	2026-06-28	# SIP plane (no glyph)
wei	𩁌	2026-06-28	# SIP plane (no glyph)
wei	𩋾	2026-06-28	# SIP plane (no glyph)
wei	𩎵	2026-06-28	# SIP plane (no glyph)
wei	𩏉	2026-06-28	# SIP plane (no glyph)
wei	𩏏	2026-06-28	# SIP plane (no glyph)
wei	𩏿	2026-06-28	# SIP plane (no glyph)
wei	𩑵	2026-06-28	# SIP plane (no glyph)
wei	𩗘	2026-06-28	# SIP plane (no glyph)
wei	𩗜	2026-06-28	# SIP plane (no glyph)
wei	𩜧	2026-06-28	# SIP plane (no glyph)
wei	𩟟	2026-06-28	# SIP plane (no glyph)
wei	𩠯	2026-06-28	# SIP plane (no glyph)
wei	𩤸	2026-06-28	# SIP plane (no glyph)
wei	𩨅	2026-06-28	# SIP plane (no glyph)
wei	𩲂	2026-06-28	# SIP plane (no glyph)
wei	𩲄	2026-06-28	# SIP plane (no glyph)
wei	𩴞	2026-06-28	# SIP plane (no glyph)
wei	𩹂	2026-06-28	# SIP plane (no glyph)
wei	𩹥	2026-06-28	# SIP plane (no glyph)
wei	𩹷	2026-06-28	# SIP plane (no glyph)
wei	𩼂	2026-06-28	# SIP plane (no glyph)
wei	𩼌	2026-06-28	# SIP plane (no glyph)
wei	𩽎	2026-06-28	# SIP plane (no glyph)
wei	𪂄	2026-06-28	# SIP plane (no glyph)
wei	𪑐	2026-06-28	# SIP plane (no glyph)
wei	𪑭	2026-06-28	# SIP plane (no glyph)
wei	𪭝	2026-06-28	# SIP plane (no glyph)
wei	𫁳	2026-06-28	# SIP plane (no glyph)
wei	𫇭	2026-06-28	# SIP plane (no glyph)
wei	𫌭	2026-06-28	# SIP plane (no glyph)
wei	𫐕	2026-06-28	# SIP plane (no glyph)
wei	𫗪	2026-06-28	# SIP plane (no glyph)
wei	𫗭	2026-06-28	# SIP plane (no glyph)
wei	𫢭	2026-06-28	# SIP plane (no glyph)
wei	𫰍	2026-06-28	# SIP plane (no glyph)
wei	𫹴	2026-06-28	# SIP plane (no glyph)
wei	𬀩	2026-06-28	# SIP plane (no glyph)
wei	𬉋	2026-06-28	# SIP plane (no glyph)
wei	𬊺	2026-06-28	# SIP plane (no glyph)
wei	𬙭	2026-06-28	# SIP plane (no glyph)
wei	𬣀	2026-06-28	# SIP plane (no glyph)
wei	𬣩	2026-06-28	# SIP plane (no glyph)
wei	𬬬	2026-06-28	# SIP plane (no glyph)
wei	𬱟	2026-06-28	# SIP plane (no glyph)
wei	𬱵	2026-06-28	# SIP plane (no glyph)
wei	𬶏	2026-06-28	# SIP plane (no glyph)
wei	𭏸	2026-06-28	# SIP plane (no glyph)
wei	𮧵	2026-06-28	# SIP plane (no glyph)
wei	𮰔	2026-06-28	# SIP plane (no glyph)
wei	𮶔	2026-06-28	# SIP plane (no glyph)
wei	𰆕	2026-06-28	# SIP plane (no glyph)
wei	𰉘	2026-06-28	# SIP plane (no glyph)
wei	𰌷	2026-06-28	# SIP plane (no glyph)
wei	𰎢	2026-06-28	# SIP plane (no glyph)
wei	𰣦	2026-06-28	# SIP plane (no glyph)
wei	𰳚	2026-06-28	# SIP plane (no glyph)
wei	𰹲	2026-06-28	# SIP plane (no glyph)
wei	𰻦	2026-06-28	# SIP plane (no glyph)
wei	𰾚	2026-06-28	# SIP plane (no glyph)
wei	𰿫	2026-06-28	# SIP plane (no glyph)
wei	𱇛	2026-06-28	# SIP plane (no glyph)
wei	𱈃	2026-06-28	# SIP plane (no glyph)
wen	𠐢	2026-06-28	# SIP plane (no glyph)
wen	𡁋	2026-06-28	# SIP plane (no glyph)
wen	𢾿	2026-06-28	# SIP plane (no glyph)
wen	𣜺	2026-06-28	# SIP plane (no glyph)
wen	𣶌	2026-06-28	# SIP plane (no glyph)
wen	𤛁	2026-06-28	# SIP plane (no glyph)
wen	𤵒	2026-06-28	# SIP plane (no glyph)
wen	𥁕	2026-06-28	# SIP plane (no glyph)
wen	𥃮	2026-06-28	# SIP plane (no glyph)
wen	𥦊	2026-06-28	# SIP plane (no glyph)
wen	𥧚	2026-06-28	# SIP plane (no glyph)
wen	𥬼	2026-06-28	# SIP plane (no glyph)
wen	𦝮	2026-06-28	# SIP plane (no glyph)
wen	𦟕	2026-06-28	# SIP plane (no glyph)
wen	𦦯	2026-06-28	# SIP plane (no glyph)
wen	𦮶	2026-06-28	# SIP plane (no glyph)
wen	𨆲	2026-06-28	# SIP plane (no glyph)
wen	𨜵	2026-06-28	# SIP plane (no glyph)
wen	𨟸	2026-06-28	# SIP plane (no glyph)
wen	𨶭	2026-06-28	# SIP plane (no glyph)
wen	𨸩	2026-06-28	# SIP plane (no glyph)
wen	𩢌	2026-06-28	# SIP plane (no glyph)
wen	𩥈	2026-06-28	# SIP plane (no glyph)
wen	𩭋	2026-06-28	# SIP plane (no glyph)
wen	𪉃	2026-06-28	# SIP plane (no glyph)
wen	𪉸	2026-06-28	# SIP plane (no glyph)
wen	𫘜	2026-06-28	# SIP plane (no glyph)
wen	𫜊	2026-06-28	# SIP plane (no glyph)
wen	𬏫	2026-06-28	# SIP plane (no glyph)
wen	𬱢	2026-06-28	# SIP plane (no glyph)
wen	𬸀	2026-06-28	# SIP plane (no glyph)
wen	𮹌	2026-06-28	# SIP plane (no glyph)
weng	𠰈	2026-06-28	# SIP plane (no glyph)
weng	𡍻	2026-06-28	# SIP plane (no glyph)
weng	𡩥	2026-06-28	# SIP plane (no glyph)
weng	𡻐	2026-06-28	# SIP plane (no glyph)
weng	𤌏	2026-06-28	# SIP plane (no glyph)
weng	𥕀	2026-06-28	# SIP plane (no glyph)
weng	𦞡	2026-06-28	# SIP plane (no glyph)
weng	𦧅	2026-06-28	# SIP plane (no glyph)
weng	𧚐	2026-06-28	# SIP plane (no glyph)
weng	𧛹	2026-06-28	# SIP plane (no glyph)
weng	𨜺	2026-06-28	# SIP plane (no glyph)
weng	𨞑	2026-06-28	# SIP plane (no glyph)
weng	𩄘	2026-06-28	# SIP plane (no glyph)
weng	𩔚	2026-06-28	# SIP plane (no glyph)
weng	𩡓	2026-06-28	# SIP plane (no glyph)
weng	𩮬	2026-06-28	# SIP plane (no glyph)
weng	𩰎	2026-06-28	# SIP plane (no glyph)
weng	𬭩	2026-06-28	# SIP plane (no glyph)
weng	𮬢	2026-06-28	# SIP plane (no glyph)
weng	𱭰	2026-06-28	# SIP plane (no glyph)
wo	𠪧	2026-06-28	# SIP plane (no glyph)
wo	𠷏	2026-06-28	# SIP plane (no glyph)
wo	𠿟	2026-06-28	# SIP plane (no glyph)
wo	𡁮	2026-06-28	# SIP plane (no glyph)
wo	𡎔	2026-06-28	# SIP plane (no glyph)
wo	𡑟	2026-06-28	# SIP plane (no glyph)
wo	𡖲	2026-06-28	# SIP plane (no glyph)
wo	𢦴	2026-06-28	# SIP plane (no glyph)
wo	𢫷	2026-06-28	# SIP plane (no glyph)
wo	𣁳	2026-06-28	# SIP plane (no glyph)
wo	𣂽	2026-06-28	# SIP plane (no glyph)
wo	𣇫	2026-06-28	# SIP plane (no glyph)
wo	𣚝	2026-06-28	# SIP plane (no glyph)
wo	𤆏	2026-06-28	# SIP plane (no glyph)
wo	𤉦	2026-06-28	# SIP plane (no glyph)
wo	𤡓	2026-06-28	# SIP plane (no glyph)
wo	𤻌	2026-06-28	# SIP plane (no glyph)
wo	𥄗	2026-06-28	# SIP plane (no glyph)
wo	𥑣	2026-06-28	# SIP plane (no glyph)
wo	𥟿	2026-06-28	# SIP plane (no glyph)
wo	𥪍	2026-06-28	# SIP plane (no glyph)
wo	𦤨	2026-06-28	# SIP plane (no glyph)
wo	𦯏	2026-06-28	# SIP plane (no glyph)
wo	𦰖	2026-06-28	# SIP plane (no glyph)
wo	𦳹	2026-06-28	# SIP plane (no glyph)
wo	𦷵	2026-06-28	# SIP plane (no glyph)
wo	𧤒	2026-06-28	# SIP plane (no glyph)
wo	𧥋	2026-06-28	# SIP plane (no glyph)
wo	𧶕	2026-06-28	# SIP plane (no glyph)
wo	𨁟	2026-06-28	# SIP plane (no glyph)
wo	𨌝	2026-06-28	# SIP plane (no glyph)
wo	𩈱	2026-06-28	# SIP plane (no glyph)
wo	𩐦	2026-06-28	# SIP plane (no glyph)
wo	𩟓	2026-06-28	# SIP plane (no glyph)
wo	𩭏	2026-06-28	# SIP plane (no glyph)
wo	𩭝	2026-06-28	# SIP plane (no glyph)
wo	𩮑	2026-06-28	# SIP plane (no glyph)
wo	𩷯	2026-06-28	# SIP plane (no glyph)
wo	𪁕	2026-06-28	# SIP plane (no glyph)
wo	𪎤	2026-06-28	# SIP plane (no glyph)
wo	𫡬	2026-06-28	# SIP plane (no glyph)
wo	𬳸	2026-06-28	# SIP plane (no glyph)
wo	𰡏	2026-06-28	# SIP plane (no glyph)
wong	𥦷	2026-06-28	# SIP plane (no glyph)
wu	𠒄	2026-06-28	# SIP plane (no glyph)
wu	𠘻	2026-06-28	# SIP plane (no glyph)
wu	𠛆	2026-06-28	# SIP plane (no glyph)
wu	𠞆	2026-06-28	# SIP plane (no glyph)
wu	𠥢	2026-06-28	# SIP plane (no glyph)
wu	𠯃	2026-06-28	# SIP plane (no glyph)
wu	𠵦	2026-06-28	# SIP plane (no glyph)
wu	𠼘	2026-06-28	# SIP plane (no glyph)
wu	𡈎	2026-06-28	# SIP plane (no glyph)
wu	𡈞	2026-06-28	# SIP plane (no glyph)
wu	𡬫	2026-06-28	# SIP plane (no glyph)
wu	𡯇	2026-06-28	# SIP plane (no glyph)
wu	𡵉	2026-06-28	# SIP plane (no glyph)
wu	𡷤	2026-06-28	# SIP plane (no glyph)
wu	𢁢	2026-06-28	# SIP plane (no glyph)
wu	𢃀	2026-06-28	# SIP plane (no glyph)
wu	𢄓	2026-06-28	# SIP plane (no glyph)
wu	𢋹	2026-06-28	# SIP plane (no glyph)
wu	𢑟	2026-06-28	# SIP plane (no glyph)
wu	𢓲	2026-06-28	# SIP plane (no glyph)
wu	𢗳	2026-06-28	# SIP plane (no glyph)
wu	𢙁	2026-06-28	# SIP plane (no glyph)
wu	𢜮	2026-06-28	# SIP plane (no glyph)
wu	𢝴	2026-06-28	# SIP plane (no glyph)
wu	𢨂	2026-06-28	# SIP plane (no glyph)
wu	𢩈	2026-06-28	# SIP plane (no glyph)
wu	𢫸	2026-06-28	# SIP plane (no glyph)
wu	𣟒	2026-06-28	# SIP plane (no glyph)
wu	𣨓	2026-06-28	# SIP plane (no glyph)
wu	𣬽	2026-06-28	# SIP plane (no glyph)
wu	𣯎	2026-06-28	# SIP plane (no glyph)
wu	𣲘	2026-06-28	# SIP plane (no glyph)
wu	𣺀	2026-06-28	# SIP plane (no glyph)
wu	𤆡	2026-06-28	# SIP plane (no glyph)
wu	𤣬	2026-06-28	# SIP plane (no glyph)
wu	𤭑	2026-06-28	# SIP plane (no glyph)
wu	𤵐	2026-06-28	# SIP plane (no glyph)
wu	𤸼	2026-06-28	# SIP plane (no glyph)
wu	𥁡	2026-06-28	# SIP plane (no glyph)
wu	𥎈	2026-06-28	# SIP plane (no glyph)
wu	𥎮	2026-06-28	# SIP plane (no glyph)
wu	𥏒	2026-06-28	# SIP plane (no glyph)
wu	𥒀	2026-06-28	# SIP plane (no glyph)
wu	𥕻	2026-06-28	# SIP plane (no glyph)
wu	𥟽	2026-06-28	# SIP plane (no glyph)
wu	𥭠	2026-06-28	# SIP plane (no glyph)
wu	𥲐	2026-06-28	# SIP plane (no glyph)
wu	𥾕	2026-06-28	# SIP plane (no glyph)
wu	𦆞	2026-06-28	# SIP plane (no glyph)
wu	𦌬	2026-06-28	# SIP plane (no glyph)
wu	𦎦	2026-06-28	# SIP plane (no glyph)
wu	𦥁	2026-06-28	# SIP plane (no glyph)
wu	𦨉	2026-06-28	# SIP plane (no glyph)
wu	𦨳	2026-06-28	# SIP plane (no glyph)
wu	𦬂	2026-06-28	# SIP plane (no glyph)
wu	𦶀	2026-06-28	# SIP plane (no glyph)
wu	𦷽	2026-06-28	# SIP plane (no glyph)
wu	𦼇	2026-06-28	# SIP plane (no glyph)
wu	𧆹	2026-06-28	# SIP plane (no glyph)
wu	𧈭	2026-06-28	# SIP plane (no glyph)
wu	𧎻	2026-06-28	# SIP plane (no glyph)
wu	𧐙	2026-06-28	# SIP plane (no glyph)
wu	𧑕	2026-06-28	# SIP plane (no glyph)
wu	𧨆	2026-06-28	# SIP plane (no glyph)
wu	𧰈	2026-06-28	# SIP plane (no glyph)
wu	𧳎	2026-06-28	# SIP plane (no glyph)
wu	𧴇	2026-06-28	# SIP plane (no glyph)
wu	𧺴	2026-06-28	# SIP plane (no glyph)
wu	𧽋	2026-06-28	# SIP plane (no glyph)
wu	𨂣	2026-06-28	# SIP plane (no glyph)
wu	𨑥	2026-06-28	# SIP plane (no glyph)
wu	𨖴	2026-06-28	# SIP plane (no glyph)
wu	𨡡	2026-06-28	# SIP plane (no glyph)
wu	𨧗	2026-06-28	# SIP plane (no glyph)
wu	𨨡	2026-06-28	# SIP plane (no glyph)
wu	𨲬	2026-06-28	# SIP plane (no glyph)
wu	𨶇	2026-06-28	# SIP plane (no glyph)
wu	𨼊	2026-06-28	# SIP plane (no glyph)
wu	𨿏	2026-06-28	# SIP plane (no glyph)
wu	𩄯	2026-06-28	# SIP plane (no glyph)
wu	𩒾	2026-06-28	# SIP plane (no glyph)
wu	𩓦	2026-06-28	# SIP plane (no glyph)
wu	𩗽	2026-06-28	# SIP plane (no glyph)
wu	𩝕	2026-06-28	# SIP plane (no glyph)
wu	𩝷	2026-06-28	# SIP plane (no glyph)
wu	𩠟	2026-06-28	# SIP plane (no glyph)
wu	𩳌	2026-06-28	# SIP plane (no glyph)
wu	𩵱	2026-06-28	# SIP plane (no glyph)
wu	𩶭	2026-06-28	# SIP plane (no glyph)
wu	𩻚	2026-06-28	# SIP plane (no glyph)
wu	𪄝	2026-06-28	# SIP plane (no glyph)
wu	𪑱	2026-06-28	# SIP plane (no glyph)
wu	𫁲	2026-06-28	# SIP plane (no glyph)
wu	𫛦	2026-06-28	# SIP plane (no glyph)
wu	𬮻	2026-06-28	# SIP plane (no glyph)
wu	𬶉	2026-06-28	# SIP plane (no glyph)
wu	𰏓	2026-06-28	# SIP plane (no glyph)
wu	𰓆	2026-06-28	# SIP plane (no glyph)
wu	𰙋	2026-06-28	# SIP plane (no glyph)
wu	𰢢	2026-06-28	# SIP plane (no glyph)
wu	𰲟	2026-06-28	# SIP plane (no glyph)
wu	𰲫	2026-06-28	# SIP plane (no glyph)
wu	𱉞	2026-06-28	# SIP plane (no glyph)
wu	𱖫	2026-06-28	# SIP plane (no glyph)
wu	𱣂	2026-06-28	# SIP plane (no glyph)
wu	𱩉	2026-06-28	# SIP plane (no glyph)
wu	𱳳	2026-06-28	# SIP plane (no glyph)
xi	𠅤	2026-06-28	# SIP plane (no glyph)
xi	𠆱	2026-06-28	# SIP plane (no glyph)
xi	𠉢	2026-06-28	# SIP plane (no glyph)
xi	𠔃	2026-06-28	# SIP plane (no glyph)
xi	𠔍	2026-06-28	# SIP plane (no glyph)
xi	𠘕	2026-06-28	# SIP plane (no glyph)
xi	𠜗	2026-06-28	# SIP plane (no glyph)
xi	𠟊	2026-06-28	# SIP plane (no glyph)
xi	𠤴	2026-06-28	# SIP plane (no glyph)
xi	𠦌	2026-06-28	# SIP plane (no glyph)
xi	𠦜	2026-06-28	# SIP plane (no glyph)
xi	𠨚	2026-06-28	# SIP plane (no glyph)
xi	𠩺	2026-06-28	# SIP plane (no glyph)
xi	𠪙	2026-06-28	# SIP plane (no glyph)
xi	𠬬	2026-06-28	# SIP plane (no glyph)
xi	𠴭	2026-06-28	# SIP plane (no glyph)
xi	𠶨	2026-06-28	# SIP plane (no glyph)
xi	𠺒	2026-06-28	# SIP plane (no glyph)
xi	𡁱	2026-06-28	# SIP plane (no glyph)
xi	𡃢	2026-06-28	# SIP plane (no glyph)
xi	𡅕	2026-06-28	# SIP plane (no glyph)
xi	𡊑	2026-06-28	# SIP plane (no glyph)
xi	𡏛	2026-06-28	# SIP plane (no glyph)
xi	𡗞	2026-06-28	# SIP plane (no glyph)
xi	𡗳	2026-06-28	# SIP plane (no glyph)
xi	𡘐	2026-06-28	# SIP plane (no glyph)
xi	𡘡	2026-06-28	# SIP plane (no glyph)
xi	𡙋	2026-06-28	# SIP plane (no glyph)
xi	𡜧	2026-06-28	# SIP plane (no glyph)
xi	𡝧	2026-06-28	# SIP plane (no glyph)
xi	𡦎	2026-06-28	# SIP plane (no glyph)
xi	𡩤	2026-06-28	# SIP plane (no glyph)
xi	𡳚	2026-06-28	# SIP plane (no glyph)
xi	𡶯	2026-06-28	# SIP plane (no glyph)
xi	𡻎	2026-06-28	# SIP plane (no glyph)
xi	𢀊	2026-06-28	# SIP plane (no glyph)
xi	𢊚	2026-06-28	# SIP plane (no glyph)
xi	𢋼	2026-06-28	# SIP plane (no glyph)
xi	𢑧	2026-06-28	# SIP plane (no glyph)
xi	𢒩	2026-06-28	# SIP plane (no glyph)
xi	𢒲	2026-06-28	# SIP plane (no glyph)
xi	𢗴	2026-06-28	# SIP plane (no glyph)
xi	𢙅	2026-06-28	# SIP plane (no glyph)
xi	𢜣	2026-06-28	# SIP plane (no glyph)
xi	𢡁	2026-06-28	# SIP plane (no glyph)
xi	𢤋	2026-06-28	# SIP plane (no glyph)
xi	𢧽	2026-06-28	# SIP plane (no glyph)
xi	𢨟	2026-06-28	# SIP plane (no glyph)
xi	𢬾	2026-06-28	# SIP plane (no glyph)
xi	𢭁	2026-06-28	# SIP plane (no glyph)
xi	𢹍	2026-06-28	# SIP plane (no glyph)
xi	𣅾	2026-06-28	# SIP plane (no glyph)
xi	𣎮	2026-06-28	# SIP plane (no glyph)
xi	𣒃	2026-06-28	# SIP plane (no glyph)
xi	𣚔	2026-06-28	# SIP plane (no glyph)
xi	𣟵	2026-06-28	# SIP plane (no glyph)
xi	𣢁	2026-06-28	# SIP plane (no glyph)
xi	𣢂	2026-06-28	# SIP plane (no glyph)
xi	𣢍	2026-06-28	# SIP plane (no glyph)
xi	𣢎	2026-06-28	# SIP plane (no glyph)
xi	𣢑	2026-06-28	# SIP plane (no glyph)
xi	𣢓	2026-06-28	# SIP plane (no glyph)
xi	𣣉	2026-06-28	# SIP plane (no glyph)
xi	𣤢	2026-06-28	# SIP plane (no glyph)
xi	𣤳	2026-06-28	# SIP plane (no glyph)
xi	𣤴	2026-06-28	# SIP plane (no glyph)
xi	𣨗	2026-06-28	# SIP plane (no glyph)
xi	𣯪	2026-06-28	# SIP plane (no glyph)
xi	𣳦	2026-06-28	# SIP plane (no glyph)
xi	𣳬	2026-06-28	# SIP plane (no glyph)
xi	𤃪	2026-06-28	# SIP plane (no glyph)
xi	𤄎	2026-06-28	# SIP plane (no glyph)
xi	𤄬	2026-06-28	# SIP plane (no glyph)
xi	𤌷	2026-06-28	# SIP plane (no glyph)
xi	𤓔	2026-06-28	# SIP plane (no glyph)
xi	𤓚	2026-06-28	# SIP plane (no glyph)
xi	𤟧	2026-06-28	# SIP plane (no glyph)
xi	𤠓	2026-06-28	# SIP plane (no glyph)
xi	𤡡	2026-06-28	# SIP plane (no glyph)
xi	𤡬	2026-06-28	# SIP plane (no glyph)
xi	𤢀	2026-06-28	# SIP plane (no glyph)
xi	𤤱	2026-06-28	# SIP plane (no glyph)
xi	𤥒	2026-06-28	# SIP plane (no glyph)
xi	𤨐	2026-06-28	# SIP plane (no glyph)
xi	𤬕	2026-06-28	# SIP plane (no glyph)
xi	𤬘	2026-06-28	# SIP plane (no glyph)
xi	𤮆	2026-06-28	# SIP plane (no glyph)
xi	𤮙	2026-06-28	# SIP plane (no glyph)
xi	𤲺	2026-06-28	# SIP plane (no glyph)
xi	𤳥	2026-06-28	# SIP plane (no glyph)
xi	𤶈	2026-06-28	# SIP plane (no glyph)
xi	𤶰	2026-06-28	# SIP plane (no glyph)
xi	𤷡	2026-06-28	# SIP plane (no glyph)
xi	𤹊	2026-06-28	# SIP plane (no glyph)
xi	𤺊	2026-06-28	# SIP plane (no glyph)
xi	𥄖	2026-06-28	# SIP plane (no glyph)
xi	𥄛	2026-06-28	# SIP plane (no glyph)
xi	𥈜	2026-06-28	# SIP plane (no glyph)
xi	𥈻	2026-06-28	# SIP plane (no glyph)
xi	𥋁	2026-06-28	# SIP plane (no glyph)
xi	𥋟	2026-06-28	# SIP plane (no glyph)
xi	𥎃	2026-06-28	# SIP plane (no glyph)
xi	𥪦	2026-06-28	# SIP plane (no glyph)
xi	𥮬	2026-06-28	# SIP plane (no glyph)
xi	𥰝	2026-06-28	# SIP plane (no glyph)
xi	𥰥	2026-06-28	# SIP plane (no glyph)
xi	𥺚	2026-06-28	# SIP plane (no glyph)
xi	𥻥	2026-06-28	# SIP plane (no glyph)
xi	𥿭	2026-06-28	# SIP plane (no glyph)
xi	𦃝	2026-06-28	# SIP plane (no glyph)
xi	𦐠	2026-06-28	# SIP plane (no glyph)
xi	𦙝	2026-06-28	# SIP plane (no glyph)
xi	𦜱	2026-06-28	# SIP plane (no glyph)
xi	𦞝	2026-06-28	# SIP plane (no glyph)
xi	𦞽	2026-06-28	# SIP plane (no glyph)
xi	𦠪	2026-06-28	# SIP plane (no glyph)
xi	𦤈	2026-06-28	# SIP plane (no glyph)
xi	𦩭	2026-06-28	# SIP plane (no glyph)
xi	𦪿	2026-06-28	# SIP plane (no glyph)
xi	𦮐	2026-06-28	# SIP plane (no glyph)
xi	𦱓	2026-06-28	# SIP plane (no glyph)
xi	𦷲	2026-06-28	# SIP plane (no glyph)
xi	𦸚	2026-06-28	# SIP plane (no glyph)
xi	𦼗	2026-06-28	# SIP plane (no glyph)
xi	𧀬	2026-06-28	# SIP plane (no glyph)
xi	𧂙	2026-06-28	# SIP plane (no glyph)
xi	𧈅	2026-06-28	# SIP plane (no glyph)
xi	𧈍	2026-06-28	# SIP plane (no glyph)
xi	𧈼	2026-06-28	# SIP plane (no glyph)
xi	𧉁	2026-06-28	# SIP plane (no glyph)
xi	𧋐	2026-06-28	# SIP plane (no glyph)
xi	𧎵	2026-06-28	# SIP plane (no glyph)
xi	𧐔	2026-06-28	# SIP plane (no glyph)
xi	𧚃	2026-06-28	# SIP plane (no glyph)
xi	𧣩	2026-06-28	# SIP plane (no glyph)
xi	𧤟	2026-06-28	# SIP plane (no glyph)
xi	𧤤	2026-06-28	# SIP plane (no glyph)
xi	𧥅	2026-06-28	# SIP plane (no glyph)
xi	𧥤	2026-06-28	# SIP plane (no glyph)
xi	𧦁	2026-06-28	# SIP plane (no glyph)
xi	𧧹	2026-06-28	# SIP plane (no glyph)
xi	𧪢	2026-06-28	# SIP plane (no glyph)
xi	𧬈	2026-06-28	# SIP plane (no glyph)
xi	𧬊	2026-06-28	# SIP plane (no glyph)
xi	𧯈	2026-06-28	# SIP plane (no glyph)
xi	𧯊	2026-06-28	# SIP plane (no glyph)
xi	𧯗	2026-06-28	# SIP plane (no glyph)
xi	𧱲	2026-06-28	# SIP plane (no glyph)
xi	𧲘	2026-06-28	# SIP plane (no glyph)
xi	𧶖	2026-06-28	# SIP plane (no glyph)
xi	𧹨	2026-06-28	# SIP plane (no glyph)
xi	𧹶	2026-06-28	# SIP plane (no glyph)
xi	𧹽	2026-06-28	# SIP plane (no glyph)
xi	𧺨	2026-06-28	# SIP plane (no glyph)
xi	𧻶	2026-06-28	# SIP plane (no glyph)
xi	𧿅	2026-06-28	# SIP plane (no glyph)
xi	𧿝	2026-06-28	# SIP plane (no glyph)
xi	𨀙	2026-06-28	# SIP plane (no glyph)
xi	𨋦	2026-06-28	# SIP plane (no glyph)
xi	𨐛	2026-06-28	# SIP plane (no glyph)
xi	𨛳	2026-06-28	# SIP plane (no glyph)
xi	𨜐	2026-06-28	# SIP plane (no glyph)
xi	𨞘	2026-06-28	# SIP plane (no glyph)
xi	𨡂	2026-06-28	# SIP plane (no glyph)
xi	𨭎	2026-06-28	# SIP plane (no glyph)
xi	𨮪	2026-06-28	# SIP plane (no glyph)
xi	𨰿	2026-06-28	# SIP plane (no glyph)
xi	𨳛	2026-06-28	# SIP plane (no glyph)
xi	𨵎	2026-06-28	# SIP plane (no glyph)
xi	𨷘	2026-06-28	# SIP plane (no glyph)
xi	𨻁	2026-06-28	# SIP plane (no glyph)
xi	𨻥	2026-06-28	# SIP plane (no glyph)
xi	𩅖	2026-06-28	# SIP plane (no glyph)
xi	𩊿	2026-06-28	# SIP plane (no glyph)
xi	𩍆	2026-06-28	# SIP plane (no glyph)
xi	𩎉	2026-06-28	# SIP plane (no glyph)
xi	𩎥	2026-06-28	# SIP plane (no glyph)
xi	𩒽	2026-06-28	# SIP plane (no glyph)
xi	𩗊	2026-06-28	# SIP plane (no glyph)
xi	𩗱	2026-06-28	# SIP plane (no glyph)
xi	𩛹	2026-06-28	# SIP plane (no glyph)
xi	𩦇	2026-06-28	# SIP plane (no glyph)
xi	𩭡	2026-06-28	# SIP plane (no glyph)
xi	𩲁	2026-06-28	# SIP plane (no glyph)
xi	𩽨	2026-06-28	# SIP plane (no glyph)
xi	𩾼	2026-06-28	# SIP plane (no glyph)
xi	𩿛	2026-06-28	# SIP plane (no glyph)
xi	𪃼	2026-06-28	# SIP plane (no glyph)
xi	𪄛	2026-06-28	# SIP plane (no glyph)
xi	𪄶	2026-06-28	# SIP plane (no glyph)
xi	𪅲	2026-06-28	# SIP plane (no glyph)
xi	𪓷	2026-06-28	# SIP plane (no glyph)
xi	𪕯	2026-06-28	# SIP plane (no glyph)
xi	𪖥	2026-06-28	# SIP plane (no glyph)
xi	𪵣	2026-06-28	# SIP plane (no glyph)
xi	𪸕	2026-06-28	# SIP plane (no glyph)
xi	𫄳	2026-06-28	# SIP plane (no glyph)
xi	𫍰	2026-06-28	# SIP plane (no glyph)
xi	𫍻	2026-06-28	# SIP plane (no glyph)
xi	𫔔	2026-06-28	# SIP plane (no glyph)
xi	𫘬	2026-06-28	# SIP plane (no glyph)
xi	𫘱	2026-06-28	# SIP plane (no glyph)
xi	𫻁	2026-06-28	# SIP plane (no glyph)
xi	𬟪	2026-06-28	# SIP plane (no glyph)
xi	𬭳	2026-06-28	# SIP plane (no glyph)
xi	𬳋	2026-06-28	# SIP plane (no glyph)
xi	𬶮	2026-06-28	# SIP plane (no glyph)
xi	𮵅	2026-06-28	# SIP plane (no glyph)
xi	𰇣	2026-06-28	# SIP plane (no glyph)
xi	𰥢	2026-06-28	# SIP plane (no glyph)
xi	𰬣	2026-06-28	# SIP plane (no glyph)
xi	𰵾	2026-06-28	# SIP plane (no glyph)
xi	𰶃	2026-06-28	# SIP plane (no glyph)
xi	𰸐	2026-06-28	# SIP plane (no glyph)
xi	𰿻	2026-06-28	# SIP plane (no glyph)
xi	𱃟	2026-06-28	# SIP plane (no glyph)
xi	𱃱	2026-06-28	# SIP plane (no glyph)
xi	𱄆	2026-06-28	# SIP plane (no glyph)
xi	𱅩	2026-06-28	# SIP plane (no glyph)
xi	𱉹	2026-06-28	# SIP plane (no glyph)
xi	𱱚	2026-06-28	# SIP plane (no glyph)
xi	𱸃	2026-06-28	# SIP plane (no glyph)
xi	𲆦	2026-06-28	# SIP plane (no glyph)
xi	𲆰	2026-06-28	# SIP plane (no glyph)
xi	𲇊	2026-06-28	# SIP plane (no glyph)
xia	𠢆	2026-06-28	# SIP plane (no glyph)
xia	𠩘	2026-06-28	# SIP plane (no glyph)
xia	𠽫	2026-06-28	# SIP plane (no glyph)
xia	𡈮	2026-06-28	# SIP plane (no glyph)
xia	𡏘	2026-06-28	# SIP plane (no glyph)
xia	𡨄	2026-06-28	# SIP plane (no glyph)
xia	𡺷	2026-06-28	# SIP plane (no glyph)
xia	𢈙	2026-06-28	# SIP plane (no glyph)
xia	𢈤	2026-06-28	# SIP plane (no glyph)
xia	𢑓	2026-06-28	# SIP plane (no glyph)
xia	𢗄	2026-06-28	# SIP plane (no glyph)
xia	𢘉	2026-06-28	# SIP plane (no glyph)
xia	𢚌	2026-06-28	# SIP plane (no glyph)
xia	𢝅	2026-06-28	# SIP plane (no glyph)
xia	𢩹	2026-06-28	# SIP plane (no glyph)
xia	𢻗	2026-06-28	# SIP plane (no glyph)
xia	𣢗	2026-06-28	# SIP plane (no glyph)
xia	𣹱	2026-06-28	# SIP plane (no glyph)
xia	𤗭	2026-06-28	# SIP plane (no glyph)
xia	𤙇	2026-06-28	# SIP plane (no glyph)
xia	𤟝	2026-06-28	# SIP plane (no glyph)
xia	𤪆	2026-06-28	# SIP plane (no glyph)
xia	𤪍	2026-06-28	# SIP plane (no glyph)
xia	𥁆	2026-06-28	# SIP plane (no glyph)
xia	𥯾	2026-06-28	# SIP plane (no glyph)
xia	𥰶	2026-06-28	# SIP plane (no glyph)
xia	𥻴	2026-06-28	# SIP plane (no glyph)
xia	𦦕	2026-06-28	# SIP plane (no glyph)
xia	𦵯	2026-06-28	# SIP plane (no glyph)
xia	𦾏	2026-06-28	# SIP plane (no glyph)
xia	𧆥	2026-06-28	# SIP plane (no glyph)
xia	𧇍	2026-06-28	# SIP plane (no glyph)
xia	𧈄	2026-06-28	# SIP plane (no glyph)
xia	𧔂	2026-06-28	# SIP plane (no glyph)
xia	𧕱	2026-06-28	# SIP plane (no glyph)
xia	𧦎	2026-06-28	# SIP plane (no glyph)
xia	𧪕	2026-06-28	# SIP plane (no glyph)
xia	𧪹	2026-06-28	# SIP plane (no glyph)
xia	𧫒	2026-06-28	# SIP plane (no glyph)
xia	𧯋	2026-06-28	# SIP plane (no glyph)
xia	𨩽	2026-06-28	# SIP plane (no glyph)
xia	𨲑	2026-06-28	# SIP plane (no glyph)
xia	𨳉	2026-06-28	# SIP plane (no glyph)
xia	𨻲	2026-06-28	# SIP plane (no glyph)
xia	𨽯	2026-06-28	# SIP plane (no glyph)
xia	𩄗	2026-06-28	# SIP plane (no glyph)
xia	𩉾	2026-06-28	# SIP plane (no glyph)
xia	𩎲	2026-06-28	# SIP plane (no glyph)
xia	𩏓	2026-06-28	# SIP plane (no glyph)
xia	𩐀	2026-06-28	# SIP plane (no glyph)
xia	𩝛	2026-06-28	# SIP plane (no glyph)
xia	𩮂	2026-06-28	# SIP plane (no glyph)
xia	𪄂	2026-06-28	# SIP plane (no glyph)
xia	𪗾	2026-06-28	# SIP plane (no glyph)
xia	𪘘	2026-06-28	# SIP plane (no glyph)
xia	𫚥	2026-06-28	# SIP plane (no glyph)
xia	𫨆	2026-06-28	# SIP plane (no glyph)
xia	𬅢	2026-06-28	# SIP plane (no glyph)
xia	𬘻	2026-06-28	# SIP plane (no glyph)
xia	𬤀	2026-06-28	# SIP plane (no glyph)
xia	𬭪	2026-06-28	# SIP plane (no glyph)
xia	𬮠	2026-06-28	# SIP plane (no glyph)
xia	𬯅	2026-06-28	# SIP plane (no glyph)
xia	𰅻	2026-06-28	# SIP plane (no glyph)
xia	𰺡	2026-06-28	# SIP plane (no glyph)
xia	𰾤	2026-06-28	# SIP plane (no glyph)
xia	𰿩	2026-06-28	# SIP plane (no glyph)
xia	𱃕	2026-06-28	# SIP plane (no glyph)
xia	𱅞	2026-06-28	# SIP plane (no glyph)
xia	𱇟	2026-06-28	# SIP plane (no glyph)
xia	𱊟	2026-06-28	# SIP plane (no glyph)
xia	𲂆	2026-06-28	# SIP plane (no glyph)
xian	𠏓	2026-06-28	# SIP plane (no glyph)
xian	𠏡	2026-06-28	# SIP plane (no glyph)
xian	𠓌	2026-06-28	# SIP plane (no glyph)
xian	𠚆	2026-06-28	# SIP plane (no glyph)
xian	𠛑	2026-06-28	# SIP plane (no glyph)
xian	𠜎	2026-06-28	# SIP plane (no glyph)
xian	𠠁	2026-06-28	# SIP plane (no glyph)
xian	𠫄	2026-06-28	# SIP plane (no glyph)
xian	𠯟	2026-06-28	# SIP plane (no glyph)
xian	𠷢	2026-06-28	# SIP plane (no glyph)
xian	𠿢	2026-06-28	# SIP plane (no glyph)
xian	𡐖	2026-06-28	# SIP plane (no glyph)
xian	𡒓	2026-06-28	# SIP plane (no glyph)
xian	𡗏	2026-06-28	# SIP plane (no glyph)
xian	𡞣	2026-06-28	# SIP plane (no glyph)
xian	𡫹	2026-06-28	# SIP plane (no glyph)
xian	𡰲	2026-06-28	# SIP plane (no glyph)
xian	𡸃	2026-06-28	# SIP plane (no glyph)
xian	𡽗	2026-06-28	# SIP plane (no glyph)
xian	𡾮	2026-06-28	# SIP plane (no glyph)
xian	𡿤	2026-06-28	# SIP plane (no glyph)
xian	𢁗	2026-06-28	# SIP plane (no glyph)
xian	𢅮	2026-06-28	# SIP plane (no glyph)
xian	𢋮	2026-06-28	# SIP plane (no glyph)
xian	𢎙	2026-06-28	# SIP plane (no glyph)
xian	𢐐	2026-06-28	# SIP plane (no glyph)
xian	𢒆	2026-06-28	# SIP plane (no glyph)
xian	𢕖	2026-06-28	# SIP plane (no glyph)
xian	𢕭	2026-06-28	# SIP plane (no glyph)
xian	𢖋	2026-06-28	# SIP plane (no glyph)
xian	𢖎	2026-06-28	# SIP plane (no glyph)
xian	𢖝	2026-06-28	# SIP plane (no glyph)
xian	𢚀	2026-06-28	# SIP plane (no glyph)
xian	𢛆	2026-06-28	# SIP plane (no glyph)
xian	𢥌	2026-06-28	# SIP plane (no glyph)
xian	𢫿	2026-06-28	# SIP plane (no glyph)
xian	𢮂	2026-06-28	# SIP plane (no glyph)
xian	𢷑	2026-06-28	# SIP plane (no glyph)
xian	𢹚	2026-06-28	# SIP plane (no glyph)
xian	𣆕	2026-06-28	# SIP plane (no glyph)
xian	𣊺	2026-06-28	# SIP plane (no glyph)
xian	𣑹	2026-06-28	# SIP plane (no glyph)
xian	𣔙	2026-06-28	# SIP plane (no glyph)
xian	𣕎	2026-06-28	# SIP plane (no glyph)
xian	𣞘	2026-06-28	# SIP plane (no glyph)
xian	𣟲	2026-06-28	# SIP plane (no glyph)
xian	𣭡	2026-06-28	# SIP plane (no glyph)
xian	𣮾	2026-06-28	# SIP plane (no glyph)
xian	𣰷	2026-06-28	# SIP plane (no glyph)
xian	𤁦	2026-06-28	# SIP plane (no glyph)
xian	𤈷	2026-06-28	# SIP plane (no glyph)
xian	𤉌	2026-06-28	# SIP plane (no glyph)
xian	𤑃	2026-06-28	# SIP plane (no glyph)
xian	𤓤	2026-06-28	# SIP plane (no glyph)
xian	𤞤	2026-06-28	# SIP plane (no glyph)
xian	𤟅	2026-06-28	# SIP plane (no glyph)
xian	𤼂	2026-06-28	# SIP plane (no glyph)
xian	𥑻	2026-06-28	# SIP plane (no glyph)
xian	𥓒	2026-06-28	# SIP plane (no glyph)
xian	𥙆	2026-06-28	# SIP plane (no glyph)
xian	𥜲	2026-06-28	# SIP plane (no glyph)
xian	𥟕	2026-06-28	# SIP plane (no glyph)
xian	𥦶	2026-06-28	# SIP plane (no glyph)
xian	𥬍	2026-06-28	# SIP plane (no glyph)
xian	𥰳	2026-06-28	# SIP plane (no glyph)
xian	𥲋	2026-06-28	# SIP plane (no glyph)
xian	𥻇	2026-06-28	# SIP plane (no glyph)
xian	𥻧	2026-06-28	# SIP plane (no glyph)
xian	𥽏	2026-06-28	# SIP plane (no glyph)
xian	𦋈	2026-06-28	# SIP plane (no glyph)
xian	𦎵	2026-06-28	# SIP plane (no glyph)
xian	𦑘	2026-06-28	# SIP plane (no glyph)
xian	𦒜	2026-06-28	# SIP plane (no glyph)
xian	𦠹	2026-06-28	# SIP plane (no glyph)
xian	𦧐	2026-06-28	# SIP plane (no glyph)
xian	𦩢	2026-06-28	# SIP plane (no glyph)
xian	𦭶	2026-06-28	# SIP plane (no glyph)
xian	𦱁	2026-06-28	# SIP plane (no glyph)
xian	𦸊	2026-06-28	# SIP plane (no glyph)
xian	𦽭	2026-06-28	# SIP plane (no glyph)
xian	𧂞	2026-06-28	# SIP plane (no glyph)
xian	𧈁	2026-06-28	# SIP plane (no glyph)
xian	𧕇	2026-06-28	# SIP plane (no glyph)
xian	𧖙	2026-06-28	# SIP plane (no glyph)
xian	𧠒	2026-06-28	# SIP plane (no glyph)
xian	𧫹	2026-06-28	# SIP plane (no glyph)
xian	𧱀	2026-06-28	# SIP plane (no glyph)
xian	𧸂	2026-06-28	# SIP plane (no glyph)
xian	𧻒	2026-06-28	# SIP plane (no glyph)
xian	𧼏	2026-06-28	# SIP plane (no glyph)
xian	𧾨	2026-06-28	# SIP plane (no glyph)
xian	𨁅	2026-06-28	# SIP plane (no glyph)
xian	𨇤	2026-06-28	# SIP plane (no glyph)
xian	𨍒	2026-06-28	# SIP plane (no glyph)
xian	𨏥	2026-06-28	# SIP plane (no glyph)
xian	𨐊	2026-06-28	# SIP plane (no glyph)
xian	𨖱	2026-06-28	# SIP plane (no glyph)
xian	𨘙	2026-06-28	# SIP plane (no glyph)
xian	𨘞	2026-06-28	# SIP plane (no glyph)
xian	𨙡	2026-06-28	# SIP plane (no glyph)
xian	𨚾	2026-06-28	# SIP plane (no glyph)
xian	𨵬	2026-06-28	# SIP plane (no glyph)
xian	𨸄	2026-06-28	# SIP plane (no glyph)
xian	𨺘	2026-06-28	# SIP plane (no glyph)
xian	𩈖	2026-06-28	# SIP plane (no glyph)
xian	𩏩	2026-06-28	# SIP plane (no glyph)
xian	𩝈	2026-06-28	# SIP plane (no glyph)
xian	𩤊	2026-06-28	# SIP plane (no glyph)
xian	𩤥	2026-06-28	# SIP plane (no glyph)
xian	𩤦	2026-06-28	# SIP plane (no glyph)
xian	𩦂	2026-06-28	# SIP plane (no glyph)
xian	𩦹	2026-06-28	# SIP plane (no glyph)
xian	𩧩	2026-06-28	# SIP plane (no glyph)
xian	𩨡	2026-06-28	# SIP plane (no glyph)
xian	𩱆	2026-06-28	# SIP plane (no glyph)
xian	𩶤	2026-06-28	# SIP plane (no glyph)
xian	𪂶	2026-06-28	# SIP plane (no glyph)
xian	𪄏	2026-06-28	# SIP plane (no glyph)
xian	𪄷	2026-06-28	# SIP plane (no glyph)
xian	𪎉	2026-06-28	# SIP plane (no glyph)
xian	𪔩	2026-06-28	# SIP plane (no glyph)
xian	𪫺	2026-06-28	# SIP plane (no glyph)
xian	𪭾	2026-06-28	# SIP plane (no glyph)
xian	𪾢	2026-06-28	# SIP plane (no glyph)
xian	𫍯	2026-06-28	# SIP plane (no glyph)
xian	𫏨	2026-06-28	# SIP plane (no glyph)
xian	𫰰	2026-06-28	# SIP plane (no glyph)
xian	𫷉	2026-06-28	# SIP plane (no glyph)
xian	𬀪	2026-06-28	# SIP plane (no glyph)
xian	𬃫	2026-06-28	# SIP plane (no glyph)
xian	𬑗	2026-06-28	# SIP plane (no glyph)
xian	𬖑	2026-06-28	# SIP plane (no glyph)
xian	𬖮	2026-06-28	# SIP plane (no glyph)
xian	𬘟	2026-06-28	# SIP plane (no glyph)
xian	𬜾	2026-06-28	# SIP plane (no glyph)
xian	𬭣	2026-06-28	# SIP plane (no glyph)
xian	𬮵	2026-06-28	# SIP plane (no glyph)
xian	𬸣	2026-06-28	# SIP plane (no glyph)
xian	𮬣	2026-06-28	# SIP plane (no glyph)
xian	𮳏	2026-06-28	# SIP plane (no glyph)
xian	𮸗	2026-06-28	# SIP plane (no glyph)
xian	𮸠	2026-06-28	# SIP plane (no glyph)
xian	𰂋	2026-06-28	# SIP plane (no glyph)
xian	𰂎	2026-06-28	# SIP plane (no glyph)
xian	𰉚	2026-06-28	# SIP plane (no glyph)
xian	𰊑	2026-06-28	# SIP plane (no glyph)
xian	𰑥	2026-06-28	# SIP plane (no glyph)
xian	𰛵	2026-06-28	# SIP plane (no glyph)
xian	𰝟	2026-06-28	# SIP plane (no glyph)
xian	𰝤	2026-06-28	# SIP plane (no glyph)
xian	𰣯	2026-06-28	# SIP plane (no glyph)
xian	𰥨	2026-06-28	# SIP plane (no glyph)
xian	𰧇	2026-06-28	# SIP plane (no glyph)
xian	𰬈	2026-06-28	# SIP plane (no glyph)
xian	𰹾	2026-06-28	# SIP plane (no glyph)
xian	𰽢	2026-06-28	# SIP plane (no glyph)
xian	𱇻	2026-06-28	# SIP plane (no glyph)
xian	𱈜	2026-06-28	# SIP plane (no glyph)
xian	𲍏	2026-06-28	# SIP plane (no glyph)
xiang	𠸮	2026-06-28	# SIP plane (no glyph)
xiang	𡹷	2026-06-28	# SIP plane (no glyph)
xiang	𢄵	2026-06-28	# SIP plane (no glyph)
xiang	𢛖	2026-06-28	# SIP plane (no glyph)
xiang	𢞡	2026-06-28	# SIP plane (no glyph)
xiang	𢠷	2026-06-28	# SIP plane (no glyph)
xiang	𢪷	2026-06-28	# SIP plane (no glyph)
xiang	𢭎	2026-06-28	# SIP plane (no glyph)
xiang	𣂝	2026-06-28	# SIP plane (no glyph)
xiang	𣅰	2026-06-28	# SIP plane (no glyph)
xiang	𣨳	2026-06-28	# SIP plane (no glyph)
xiang	𤉪	2026-06-28	# SIP plane (no glyph)
xiang	𤍀	2026-06-28	# SIP plane (no glyph)
xiang	𤖽	2026-06-28	# SIP plane (no glyph)
xiang	𤝷	2026-06-28	# SIP plane (no glyph)
xiang	𤩪	2026-06-28	# SIP plane (no glyph)
xiang	𤭬	2026-06-28	# SIP plane (no glyph)
xiang	𤰅	2026-06-28	# SIP plane (no glyph)
xiang	𤷼	2026-06-28	# SIP plane (no glyph)
xiang	𥀾	2026-06-28	# SIP plane (no glyph)
xiang	𥊾	2026-06-28	# SIP plane (no glyph)
xiang	𥗵	2026-06-28	# SIP plane (no glyph)
xiang	𥣟	2026-06-28	# SIP plane (no glyph)
xiang	𥫖	2026-06-28	# SIP plane (no glyph)
xiang	𥿧	2026-06-28	# SIP plane (no glyph)
xiang	𦍲	2026-06-28	# SIP plane (no glyph)
xiang	𦍴	2026-06-28	# SIP plane (no glyph)
xiang	𦎈	2026-06-28	# SIP plane (no glyph)
xiang	𦕺	2026-06-28	# SIP plane (no glyph)
xiang	𦺣	2026-06-28	# SIP plane (no glyph)
xiang	𦺨	2026-06-28	# SIP plane (no glyph)
xiang	𧖿	2026-06-28	# SIP plane (no glyph)
xiang	𧬰	2026-06-28	# SIP plane (no glyph)
xiang	𨀘	2026-06-28	# SIP plane (no glyph)
xiang	𨉽	2026-06-28	# SIP plane (no glyph)
xiang	𨖶	2026-06-28	# SIP plane (no glyph)
xiang	𨙵	2026-06-28	# SIP plane (no glyph)
xiang	𨛜	2026-06-28	# SIP plane (no glyph)
xiang	𨧑	2026-06-28	# SIP plane (no glyph)
xiang	𨷄	2026-06-28	# SIP plane (no glyph)
xiang	𨷿	2026-06-28	# SIP plane (no glyph)
xiang	𩑇	2026-06-28	# SIP plane (no glyph)
xiang	𩝾	2026-06-28	# SIP plane (no glyph)
xiang	𩞥	2026-06-28	# SIP plane (no glyph)
xiang	𩡌	2026-06-28	# SIP plane (no glyph)
xiang	𩡠	2026-06-28	# SIP plane (no glyph)
xiang	𩾬	2026-06-28	# SIP plane (no glyph)
xiang	𪂼	2026-06-28	# SIP plane (no glyph)
xiang	𫗵	2026-06-28	# SIP plane (no glyph)
xiang	𬙋	2026-06-28	# SIP plane (no glyph)
xiang	𬭅	2026-06-28	# SIP plane (no glyph)
xiang	𬶲	2026-06-28	# SIP plane (no glyph)
xiang	𰮅	2026-06-28	# SIP plane (no glyph)
xiang	𰱝	2026-06-28	# SIP plane (no glyph)
xiao	𠈬	2026-06-28	# SIP plane (no glyph)
xiao	𠏕	2026-06-28	# SIP plane (no glyph)
xiao	𠑪	2026-06-28	# SIP plane (no glyph)
xiao	𠴡	2026-06-28	# SIP plane (no glyph)
xiao	𠴳	2026-06-28	# SIP plane (no glyph)
xiao	𠹎	2026-06-28	# SIP plane (no glyph)
xiao	𡟣	2026-06-28	# SIP plane (no glyph)
xiao	𡣾	2026-06-28	# SIP plane (no glyph)
xiao	𡥍	2026-06-28	# SIP plane (no glyph)
xiao	𡦝	2026-06-28	# SIP plane (no glyph)
xiao	𡦳	2026-06-28	# SIP plane (no glyph)
xiao	𡧕	2026-06-28	# SIP plane (no glyph)
xiao	𡯩	2026-06-28	# SIP plane (no glyph)
xiao	𡱉	2026-06-28	# SIP plane (no glyph)
xiao	𡷸	2026-06-28	# SIP plane (no glyph)
xiao	𡼚	2026-06-28	# SIP plane (no glyph)
xiao	𢓮	2026-06-28	# SIP plane (no glyph)
xiao	𢙒	2026-06-28	# SIP plane (no glyph)
xiao	𢛘	2026-06-28	# SIP plane (no glyph)
xiao	𢪶	2026-06-28	# SIP plane (no glyph)
xiao	𢭦	2026-06-28	# SIP plane (no glyph)
xiao	𢸳	2026-06-28	# SIP plane (no glyph)
xiao	𢹳	2026-06-28	# SIP plane (no glyph)
xiao	𢽾	2026-06-28	# SIP plane (no glyph)
xiao	𣂬	2026-06-28	# SIP plane (no glyph)
xiao	𣏠	2026-06-28	# SIP plane (no glyph)
xiao	𣔷	2026-06-28	# SIP plane (no glyph)
xiao	𣕇	2026-06-28	# SIP plane (no glyph)
xiao	𣟇	2026-06-28	# SIP plane (no glyph)
xiao	𣠎	2026-06-28	# SIP plane (no glyph)
xiao	𣤡	2026-06-28	# SIP plane (no glyph)
xiao	𣱓	2026-06-28	# SIP plane (no glyph)
xiao	𣿣	2026-06-28	# SIP plane (no glyph)
xiao	𤎻	2026-06-28	# SIP plane (no glyph)
xiao	𤑳	2026-06-28	# SIP plane (no glyph)
xiao	𤕢	2026-06-28	# SIP plane (no glyph)
xiao	𤞚	2026-06-28	# SIP plane (no glyph)
xiao	𤟞	2026-06-28	# SIP plane (no glyph)
xiao	𤠖	2026-06-28	# SIP plane (no glyph)
xiao	𤡔	2026-06-28	# SIP plane (no glyph)
xiao	𤣌	2026-06-28	# SIP plane (no glyph)
xiao	𤣠	2026-06-28	# SIP plane (no glyph)
xiao	𤷤	2026-06-28	# SIP plane (no glyph)
xiao	𤺃	2026-06-28	# SIP plane (no glyph)
xiao	𤽳	2026-06-28	# SIP plane (no glyph)
xiao	𤿨	2026-06-28	# SIP plane (no glyph)
xiao	𥆔	2026-06-28	# SIP plane (no glyph)
xiao	𥔑	2026-06-28	# SIP plane (no glyph)
xiao	𥕾	2026-06-28	# SIP plane (no glyph)
xiao	𥽁	2026-06-28	# SIP plane (no glyph)
xiao	𥾤	2026-06-28	# SIP plane (no glyph)
xiao	𦏷	2026-06-28	# SIP plane (no glyph)
xiao	𦐺	2026-06-28	# SIP plane (no glyph)
xiao	𦟞	2026-06-28	# SIP plane (no glyph)
xiao	𦢩	2026-06-28	# SIP plane (no glyph)
xiao	𦦛	2026-06-28	# SIP plane (no glyph)
xiao	𦯪	2026-06-28	# SIP plane (no glyph)
xiao	𦱜	2026-06-28	# SIP plane (no glyph)
xiao	𦺔	2026-06-28	# SIP plane (no glyph)
xiao	𧄤	2026-06-28	# SIP plane (no glyph)
xiao	𧍂	2026-06-28	# SIP plane (no glyph)
xiao	𧡼	2026-06-28	# SIP plane (no glyph)
xiao	𧢬	2026-06-28	# SIP plane (no glyph)
xiao	𧩮	2026-06-28	# SIP plane (no glyph)
xiao	𧱐	2026-06-28	# SIP plane (no glyph)
xiao	𧳍	2026-06-28	# SIP plane (no glyph)
xiao	𧵱	2026-06-28	# SIP plane (no glyph)
xiao	𨅋	2026-06-28	# SIP plane (no glyph)
xiao	𨊅	2026-06-28	# SIP plane (no glyph)
xiao	𨠦	2026-06-28	# SIP plane (no glyph)
xiao	𨴹	2026-06-28	# SIP plane (no glyph)
xiao	𨶅	2026-06-28	# SIP plane (no glyph)
xiao	𩋍	2026-06-28	# SIP plane (no glyph)
xiao	𩙚	2026-06-28	# SIP plane (no glyph)
xiao	𩙮	2026-06-28	# SIP plane (no glyph)
xiao	𩧓	2026-06-28	# SIP plane (no glyph)
xiao	𩫂	2026-06-28	# SIP plane (no glyph)
xiao	𩫳	2026-06-28	# SIP plane (no glyph)
xiao	𩱴	2026-06-28	# SIP plane (no glyph)
xiao	𩵖	2026-06-28	# SIP plane (no glyph)
xiao	𩾒	2026-06-28	# SIP plane (no glyph)
xiao	𩾓	2026-06-28	# SIP plane (no glyph)
xiao	𩾾	2026-06-28	# SIP plane (no glyph)
xiao	𪁎	2026-06-28	# SIP plane (no glyph)
xiao	𪊷	2026-06-28	# SIP plane (no glyph)
xiao	𪛀	2026-06-28	# SIP plane (no glyph)
xiao	𪮋	2026-06-28	# SIP plane (no glyph)
xiao	𪵑	2026-06-28	# SIP plane (no glyph)
xiao	𫋇	2026-06-28	# SIP plane (no glyph)
xiao	𫍲	2026-06-28	# SIP plane (no glyph)
xiao	𫔲	2026-06-28	# SIP plane (no glyph)
xiao	𫦅	2026-06-28	# SIP plane (no glyph)
xiao	𬷽	2026-06-28	# SIP plane (no glyph)
xiao	𰘩	2026-06-28	# SIP plane (no glyph)
xiao	𰙑	2026-06-28	# SIP plane (no glyph)
xiao	𰡊	2026-06-28	# SIP plane (no glyph)
xiao	𰮝	2026-06-28	# SIP plane (no glyph)
xiao	𰵦	2026-06-28	# SIP plane (no glyph)
xiao	𱅮	2026-06-28	# SIP plane (no glyph)
xie	𠅱	2026-06-28	# SIP plane (no glyph)
xie	𠑄	2026-06-28	# SIP plane (no glyph)
xie	𠖹	2026-06-28	# SIP plane (no glyph)
xie	𠗉	2026-06-28	# SIP plane (no glyph)
xie	𠨆	2026-06-28	# SIP plane (no glyph)
xie	𠲊	2026-06-28	# SIP plane (no glyph)
xie	𠸴	2026-06-28	# SIP plane (no glyph)
xie	𠿇	2026-06-28	# SIP plane (no glyph)
xie	𡀺	2026-06-28	# SIP plane (no glyph)
xie	𡃂	2026-06-28	# SIP plane (no glyph)
xie	𡄕	2026-06-28	# SIP plane (no glyph)
xie	𡗼	2026-06-28	# SIP plane (no glyph)
xie	𡛶	2026-06-28	# SIP plane (no glyph)
xie	𡞘	2026-06-28	# SIP plane (no glyph)
xie	𡟩	2026-06-28	# SIP plane (no glyph)
xie	𡣹	2026-06-28	# SIP plane (no glyph)
xie	𡤋	2026-06-28	# SIP plane (no glyph)
xie	𡭥	2026-06-28	# SIP plane (no glyph)
xie	𡰢	2026-06-28	# SIP plane (no glyph)
xie	𡸔	2026-06-28	# SIP plane (no glyph)
xie	𡽖	2026-06-28	# SIP plane (no glyph)
xie	𢂐	2026-06-28	# SIP plane (no glyph)
xie	𢌀	2026-06-28	# SIP plane (no glyph)
xie	𢓬	2026-06-28	# SIP plane (no glyph)
xie	𢖆	2026-06-28	# SIP plane (no glyph)
xie	𢗊	2026-06-28	# SIP plane (no glyph)
xie	𢜨	2026-06-28	# SIP plane (no glyph)
xie	𢞜	2026-06-28	# SIP plane (no glyph)
xie	𢤯	2026-06-28	# SIP plane (no glyph)
xie	𢤰	2026-06-28	# SIP plane (no glyph)
xie	𢥘	2026-06-28	# SIP plane (no glyph)
xie	𢬿	2026-06-28	# SIP plane (no glyph)
xie	𢯉	2026-06-28	# SIP plane (no glyph)
xie	𢴲	2026-06-28	# SIP plane (no glyph)
xie	𢹒	2026-06-28	# SIP plane (no glyph)
xie	𢿡	2026-06-28	# SIP plane (no glyph)
xie	𣆟	2026-06-28	# SIP plane (no glyph)
xie	𣒄	2026-06-28	# SIP plane (no glyph)
xie	𣞐	2026-06-28	# SIP plane (no glyph)
xie	𣣩	2026-06-28	# SIP plane (no glyph)
xie	𣣲	2026-06-28	# SIP plane (no glyph)
xie	𣣶	2026-06-28	# SIP plane (no glyph)
xie	𣫴	2026-06-28	# SIP plane (no glyph)
xie	𣬕	2026-06-28	# SIP plane (no glyph)
xie	𣹩	2026-06-28	# SIP plane (no glyph)
xie	𣻠	2026-06-28	# SIP plane (no glyph)
xie	𣽒	2026-06-28	# SIP plane (no glyph)
xie	𤑪	2026-06-28	# SIP plane (no glyph)
xie	𤗈	2026-06-28	# SIP plane (no glyph)
xie	𤙒	2026-06-28	# SIP plane (no glyph)
xie	𤞡	2026-06-28	# SIP plane (no glyph)
xie	𤡧	2026-06-28	# SIP plane (no glyph)
xie	𤢺	2026-06-28	# SIP plane (no glyph)
xie	𤣑	2026-06-28	# SIP plane (no glyph)
xie	𤫉	2026-06-28	# SIP plane (no glyph)
xie	𤮯	2026-06-28	# SIP plane (no glyph)
xie	𤱷	2026-06-28	# SIP plane (no glyph)
xie	𤺎	2026-06-28	# SIP plane (no glyph)
xie	𥀺	2026-06-28	# SIP plane (no glyph)
xie	𥆥	2026-06-28	# SIP plane (no glyph)
xie	𥇱	2026-06-28	# SIP plane (no glyph)
xie	𥊯	2026-06-28	# SIP plane (no glyph)
xie	𥌨	2026-06-28	# SIP plane (no glyph)
xie	𥍆	2026-06-28	# SIP plane (no glyph)
xie	𥎎	2026-06-28	# SIP plane (no glyph)
xie	𥗧	2026-06-28	# SIP plane (no glyph)
xie	𥢹	2026-06-28	# SIP plane (no glyph)
xie	𦁛	2026-06-28	# SIP plane (no glyph)
xie	𦋅	2026-06-28	# SIP plane (no glyph)
xie	𦔼	2026-06-28	# SIP plane (no glyph)
xie	𦖐	2026-06-28	# SIP plane (no glyph)
xie	𦚡	2026-06-28	# SIP plane (no glyph)
xie	𦚫	2026-06-28	# SIP plane (no glyph)
xie	𦞚	2026-06-28	# SIP plane (no glyph)
xie	𦩌	2026-06-28	# SIP plane (no glyph)
xie	𦪬	2026-06-28	# SIP plane (no glyph)
xie	𦳃	2026-06-28	# SIP plane (no glyph)
xie	𦵱	2026-06-28	# SIP plane (no glyph)
xie	𧀢	2026-06-28	# SIP plane (no glyph)
xie	𧀺	2026-06-28	# SIP plane (no glyph)
xie	𧌊	2026-06-28	# SIP plane (no glyph)
xie	𧌋	2026-06-28	# SIP plane (no glyph)
xie	𧌖	2026-06-28	# SIP plane (no glyph)
xie	𧍁	2026-06-28	# SIP plane (no glyph)
xie	𧏂	2026-06-28	# SIP plane (no glyph)
xie	𧏃	2026-06-28	# SIP plane (no glyph)
xie	𧐃	2026-06-28	# SIP plane (no glyph)
xie	𧑦	2026-06-28	# SIP plane (no glyph)
xie	𧓂	2026-06-28	# SIP plane (no glyph)
xie	𧓺	2026-06-28	# SIP plane (no glyph)
xie	𧖁	2026-06-28	# SIP plane (no glyph)
xie	𧛼	2026-06-28	# SIP plane (no glyph)
xie	𧜔	2026-06-28	# SIP plane (no glyph)
xie	𧜵	2026-06-28	# SIP plane (no glyph)
xie	𧝫	2026-06-28	# SIP plane (no glyph)
xie	𧟃	2026-06-28	# SIP plane (no glyph)
xie	𧭠	2026-06-28	# SIP plane (no glyph)
xie	𧭸	2026-06-28	# SIP plane (no glyph)
xie	𧳧	2026-06-28	# SIP plane (no glyph)
xie	𧷑	2026-06-28	# SIP plane (no glyph)
xie	𧷧	2026-06-28	# SIP plane (no glyph)
xie	𨁂	2026-06-28	# SIP plane (no glyph)
xie	𨇨	2026-06-28	# SIP plane (no glyph)
xie	𨈙	2026-06-28	# SIP plane (no glyph)
xie	𨏳	2026-06-28	# SIP plane (no glyph)
xie	𨤴	2026-06-28	# SIP plane (no glyph)
xie	𨧥	2026-06-28	# SIP plane (no glyph)
xie	𨳚	2026-06-28	# SIP plane (no glyph)
xie	𨵚	2026-06-28	# SIP plane (no glyph)
xie	𨵪	2026-06-28	# SIP plane (no glyph)
xie	𨷥	2026-06-28	# SIP plane (no glyph)
xie	𨼬	2026-06-28	# SIP plane (no glyph)
xie	𩂪	2026-06-28	# SIP plane (no glyph)
xie	𩃖	2026-06-28	# SIP plane (no glyph)
xie	𩋘	2026-06-28	# SIP plane (no glyph)
xie	𩋧	2026-06-28	# SIP plane (no glyph)
xie	𩍝	2026-06-28	# SIP plane (no glyph)
xie	𩎃	2026-06-28	# SIP plane (no glyph)
xie	𩐁	2026-06-28	# SIP plane (no glyph)
xie	𩐉	2026-06-28	# SIP plane (no glyph)
xie	𩙜	2026-06-28	# SIP plane (no glyph)
xie	𩤠	2026-06-28	# SIP plane (no glyph)
xie	𩫲	2026-06-28	# SIP plane (no glyph)
xie	𩰳	2026-06-28	# SIP plane (no glyph)
xie	𩷂	2026-06-28	# SIP plane (no glyph)
xie	𩺫	2026-06-28	# SIP plane (no glyph)
xie	𩽍	2026-06-28	# SIP plane (no glyph)
xie	𪆋	2026-06-28	# SIP plane (no glyph)
xie	𪙥	2026-06-28	# SIP plane (no glyph)
xie	𫄬	2026-06-28	# SIP plane (no glyph)
xie	𫧯	2026-06-28	# SIP plane (no glyph)
xie	𬦯	2026-06-28	# SIP plane (no glyph)
xie	𬹼	2026-06-28	# SIP plane (no glyph)
xie	𮖱	2026-06-28	# SIP plane (no glyph)
xie	𮸥	2026-06-28	# SIP plane (no glyph)
xie	𮸮	2026-06-28	# SIP plane (no glyph)
xie	𰕐	2026-06-28	# SIP plane (no glyph)
xie	𰗚	2026-06-28	# SIP plane (no glyph)
xie	𰬍	2026-06-28	# SIP plane (no glyph)
xie	𰬽	2026-06-28	# SIP plane (no glyph)
xie	𰿪	2026-06-28	# SIP plane (no glyph)
xie	𱂎	2026-06-28	# SIP plane (no glyph)
xie	𱌱	2026-06-28	# SIP plane (no glyph)
xie	𱜒	2026-06-28	# SIP plane (no glyph)
xie	𱾎	2026-06-28	# SIP plane (no glyph)
xie	𲀯	2026-06-28	# SIP plane (no glyph)
xin	𠑰	2026-06-28	# SIP plane (no glyph)
xin	𠷓	2026-06-28	# SIP plane (no glyph)
xin	𡈏	2026-06-28	# SIP plane (no glyph)
xin	𡌜	2026-06-28	# SIP plane (no glyph)
xin	𢋆	2026-06-28	# SIP plane (no glyph)
xin	𢗀	2026-06-28	# SIP plane (no glyph)
xin	𢠝	2026-06-28	# SIP plane (no glyph)
xin	𢩲	2026-06-28	# SIP plane (no glyph)
xin	𢭧	2026-06-28	# SIP plane (no glyph)
xin	𣂗	2026-06-28	# SIP plane (no glyph)
xin	𣂜	2026-06-28	# SIP plane (no glyph)
xin	𣃄	2026-06-28	# SIP plane (no glyph)
xin	𣥇	2026-06-28	# SIP plane (no glyph)
xin	𤙖	2026-06-28	# SIP plane (no glyph)
xin	𤙣	2026-06-28	# SIP plane (no glyph)
xin	𤜢	2026-06-28	# SIP plane (no glyph)
xin	𤣲	2026-06-28	# SIP plane (no glyph)
xin	𤫨	2026-06-28	# SIP plane (no glyph)
xin	𤴾	2026-06-28	# SIP plane (no glyph)
xin	𤷓	2026-06-28	# SIP plane (no glyph)
xin	𤹩	2026-06-28	# SIP plane (no glyph)
xin	𦁍	2026-06-28	# SIP plane (no glyph)
xin	𦉝	2026-06-28	# SIP plane (no glyph)
xin	𦜓	2026-06-28	# SIP plane (no glyph)
xin	𦞤	2026-06-28	# SIP plane (no glyph)
xin	𦢯	2026-06-28	# SIP plane (no glyph)
xin	𦤟	2026-06-28	# SIP plane (no glyph)
xin	𦰸	2026-06-28	# SIP plane (no glyph)
xin	𧗹	2026-06-28	# SIP plane (no glyph)
xin	𧳄	2026-06-28	# SIP plane (no glyph)
xin	𧴢	2026-06-28	# SIP plane (no glyph)
xin	𨊳	2026-06-28	# SIP plane (no glyph)
xin	𨓇	2026-06-28	# SIP plane (no glyph)
xin	𩖣	2026-06-28	# SIP plane (no glyph)
xin	𩟍	2026-06-28	# SIP plane (no glyph)
xin	𩾽	2026-06-28	# SIP plane (no glyph)
xin	𩿃	2026-06-28	# SIP plane (no glyph)
xin	𫠇	2026-06-28	# SIP plane (no glyph)
xin	𫷷	2026-06-28	# SIP plane (no glyph)
xin	𬒘	2026-06-28	# SIP plane (no glyph)
xin	𱂶	2026-06-28	# SIP plane (no glyph)
xing	𠀦	2026-06-28	# SIP plane (no glyph)
xing	𠬋	2026-06-28	# SIP plane (no glyph)
xing	𡃳	2026-06-28	# SIP plane (no glyph)
xing	𡶭	2026-06-28	# SIP plane (no glyph)
xing	𢙼	2026-06-28	# SIP plane (no glyph)
xing	𢜫	2026-06-28	# SIP plane (no glyph)
xing	𣢝	2026-06-28	# SIP plane (no glyph)
xing	𣨾	2026-06-28	# SIP plane (no glyph)
xing	𣸝	2026-06-28	# SIP plane (no glyph)
xing	𤏽	2026-06-28	# SIP plane (no glyph)
xing	𤙡	2026-06-28	# SIP plane (no glyph)
xing	𤬐	2026-06-28	# SIP plane (no glyph)
xing	𤶲	2026-06-28	# SIP plane (no glyph)
xing	𥠀	2026-06-28	# SIP plane (no glyph)
xing	𥨕	2026-06-28	# SIP plane (no glyph)
xing	𦂅	2026-06-28	# SIP plane (no glyph)
xing	𦈒	2026-06-28	# SIP plane (no glyph)
xing	𦈨	2026-06-28	# SIP plane (no glyph)
xing	𦈵	2026-06-28	# SIP plane (no glyph)
xing	𦖤	2026-06-28	# SIP plane (no glyph)
xing	𦩠	2026-06-28	# SIP plane (no glyph)
xing	𧊞	2026-06-28	# SIP plane (no glyph)
xing	𧊽	2026-06-28	# SIP plane (no glyph)
xing	𧌚	2026-06-28	# SIP plane (no glyph)
xing	𧗦	2026-06-28	# SIP plane (no glyph)
xing	𧛟	2026-06-28	# SIP plane (no glyph)
xing	𨌍	2026-06-28	# SIP plane (no glyph)
xing	𨞾	2026-06-28	# SIP plane (no glyph)
xing	𩈡	2026-06-28	# SIP plane (no glyph)
xing	𩩋	2026-06-28	# SIP plane (no glyph)
xing	𫰛	2026-06-28	# SIP plane (no glyph)
xing	𬶢	2026-06-28	# SIP plane (no glyph)
xing	𮰿	2026-06-28	# SIP plane (no glyph)
xing	𰲶	2026-06-28	# SIP plane (no glyph)
xing	𰵰	2026-06-28	# SIP plane (no glyph)
xing	𱇡	2026-06-28	# SIP plane (no glyph)
xing	𲋁	2026-06-28	# SIP plane (no glyph)
xiong	𠓙	2026-06-28	# SIP plane (no glyph)
xiong	𡨳	2026-06-28	# SIP plane (no glyph)
xiong	𡪰	2026-06-28	# SIP plane (no glyph)
xiong	𡬁	2026-06-28	# SIP plane (no glyph)
xiong	𢢹	2026-06-28	# SIP plane (no glyph)
xiong	𢿌	2026-06-28	# SIP plane (no glyph)
xiong	𣅷	2026-06-28	# SIP plane (no glyph)
xiong	𤔫	2026-06-28	# SIP plane (no glyph)
xiong	𤛪	2026-06-28	# SIP plane (no glyph)
xiong	𥃴	2026-06-28	# SIP plane (no glyph)
xiong	𥥧	2026-06-28	# SIP plane (no glyph)
xiong	𥦥	2026-06-28	# SIP plane (no glyph)
xiong	𦈤	2026-06-28	# SIP plane (no glyph)
xiong	𦓈	2026-06-28	# SIP plane (no glyph)
xiong	𦙄	2026-06-28	# SIP plane (no glyph)
xiong	𦬺	2026-06-28	# SIP plane (no glyph)
xiong	𦵡	2026-06-28	# SIP plane (no glyph)
xiong	𧘮	2026-06-28	# SIP plane (no glyph)
xiong	𧞞	2026-06-28	# SIP plane (no glyph)
xiong	𧰯	2026-06-28	# SIP plane (no glyph)
xiong	𧵣	2026-06-28	# SIP plane (no glyph)
xiong	𧽒	2026-06-28	# SIP plane (no glyph)
xiong	𧿖	2026-06-28	# SIP plane (no glyph)
xiong	𨥍	2026-06-28	# SIP plane (no glyph)
xiong	𩌠	2026-06-28	# SIP plane (no glyph)
xiong	𩧊	2026-06-28	# SIP plane (no glyph)
xiong	𩴂	2026-06-28	# SIP plane (no glyph)
xiu	𡔨	2026-06-28	# SIP plane (no glyph)
xiu	𡜨	2026-06-28	# SIP plane (no glyph)
xiu	𡟞	2026-06-28	# SIP plane (no glyph)
xiu	𡯐	2026-06-28	# SIP plane (no glyph)
xiu	𢊒	2026-06-28	# SIP plane (no glyph)
xiu	𢓵	2026-06-28	# SIP plane (no glyph)
xiu	𢕦	2026-06-28	# SIP plane (no glyph)
xiu	𣧬	2026-06-28	# SIP plane (no glyph)
xiu	𤚯	2026-06-28	# SIP plane (no glyph)
xiu	𥌪	2026-06-28	# SIP plane (no glyph)
xiu	𥞼	2026-06-28	# SIP plane (no glyph)
xiu	𦈋	2026-06-28	# SIP plane (no glyph)
xiu	𦟤	2026-06-28	# SIP plane (no glyph)
xiu	𦪋	2026-06-28	# SIP plane (no glyph)
xiu	𧌌	2026-06-28	# SIP plane (no glyph)
xiu	𧙏	2026-06-28	# SIP plane (no glyph)
xiu	𩘭	2026-06-28	# SIP plane (no glyph)
xiu	𩛢	2026-06-28	# SIP plane (no glyph)
xiu	𩡎	2026-06-28	# SIP plane (no glyph)
xiu	𩢮	2026-06-28	# SIP plane (no glyph)
xiu	𩭘	2026-06-28	# SIP plane (no glyph)
xiu	𩮄	2026-06-28	# SIP plane (no glyph)
xiu	𪀪	2026-06-28	# SIP plane (no glyph)
xiu	𪁮	2026-06-28	# SIP plane (no glyph)
xiu	𪕦	2026-06-28	# SIP plane (no glyph)
xiu	𪘆	2026-06-28	# SIP plane (no glyph)
xiu	𫔊	2026-06-28	# SIP plane (no glyph)
xiu	𰬩	2026-06-28	# SIP plane (no glyph)
xiu	𱃝	2026-06-28	# SIP plane (no glyph)
xiu	𱈌	2026-06-28	# SIP plane (no glyph)
xiu	𲇙	2026-06-28	# SIP plane (no glyph)
xu	𠆐	2026-06-28	# SIP plane (no glyph)
xu	𠜄	2026-06-28	# SIP plane (no glyph)
xu	𠧰	2026-06-28	# SIP plane (no glyph)
xu	𠷙	2026-06-28	# SIP plane (no glyph)
xu	𠹘	2026-06-28	# SIP plane (no glyph)
xu	𠾫	2026-06-28	# SIP plane (no glyph)
xu	𡦁	2026-06-28	# SIP plane (no glyph)
xu	𡱣	2026-06-28	# SIP plane (no glyph)
xu	𡹲	2026-06-28	# SIP plane (no glyph)
xu	𢄼	2026-06-28	# SIP plane (no glyph)
xu	𢖳	2026-06-28	# SIP plane (no glyph)
xu	𢨁	2026-06-28	# SIP plane (no glyph)
xu	𢨰	2026-06-28	# SIP plane (no glyph)
xu	𢩕	2026-06-28	# SIP plane (no glyph)
xu	𣅤	2026-06-28	# SIP plane (no glyph)
xu	𣆒	2026-06-28	# SIP plane (no glyph)
xu	𣊞	2026-06-28	# SIP plane (no glyph)
xu	𣚏	2026-06-28	# SIP plane (no glyph)
xu	𣢊	2026-06-28	# SIP plane (no glyph)
xu	𣨤	2026-06-28	# SIP plane (no glyph)
xu	𣰃	2026-06-28	# SIP plane (no glyph)
xu	𣸃	2026-06-28	# SIP plane (no glyph)
xu	𤆞	2026-06-28	# SIP plane (no glyph)
xu	𤇳	2026-06-28	# SIP plane (no glyph)
xu	𤚉	2026-06-28	# SIP plane (no glyph)
xu	𤟠	2026-06-28	# SIP plane (no glyph)
xu	𤡣	2026-06-28	# SIP plane (no glyph)
xu	𤡶	2026-06-28	# SIP plane (no glyph)
xu	𤬱	2026-06-28	# SIP plane (no glyph)
xu	𤭽	2026-06-28	# SIP plane (no glyph)
xu	𤲸	2026-06-28	# SIP plane (no glyph)
xu	𤷇	2026-06-28	# SIP plane (no glyph)
xu	𤸀	2026-06-28	# SIP plane (no glyph)
xu	𥄵	2026-06-28	# SIP plane (no glyph)
xu	𥅺	2026-06-28	# SIP plane (no glyph)
xu	𥆛	2026-06-28	# SIP plane (no glyph)
xu	𥇏	2026-06-28	# SIP plane (no glyph)
xu	𥇿	2026-06-28	# SIP plane (no glyph)
xu	𥈈	2026-06-28	# SIP plane (no glyph)
xu	𥊊	2026-06-28	# SIP plane (no glyph)
xu	𥍟	2026-06-28	# SIP plane (no glyph)
xu	𥎕	2026-06-28	# SIP plane (no glyph)
xu	𥎗	2026-06-28	# SIP plane (no glyph)
xu	𥕰	2026-06-28	# SIP plane (no glyph)
xu	𥚩	2026-06-28	# SIP plane (no glyph)
xu	𥮪	2026-06-28	# SIP plane (no glyph)
xu	𥳗	2026-06-28	# SIP plane (no glyph)
xu	𦄼	2026-06-28	# SIP plane (no glyph)
xu	𦅏	2026-06-28	# SIP plane (no glyph)
xu	𦈡	2026-06-28	# SIP plane (no glyph)
xu	𦑍	2026-06-28	# SIP plane (no glyph)
xu	𦕓	2026-06-28	# SIP plane (no glyph)
xu	𦘼	2026-06-28	# SIP plane (no glyph)
xu	𦜃	2026-06-28	# SIP plane (no glyph)
xu	𦝳	2026-06-28	# SIP plane (no glyph)
xu	𦠷	2026-06-28	# SIP plane (no glyph)
xu	𦪡	2026-06-28	# SIP plane (no glyph)
xu	𦯅	2026-06-28	# SIP plane (no glyph)
xu	𦰰	2026-06-28	# SIP plane (no glyph)
xu	𦰲	2026-06-28	# SIP plane (no glyph)
xu	𦲰	2026-06-28	# SIP plane (no glyph)
xu	𧁃	2026-06-28	# SIP plane (no glyph)
xu	𧆜	2026-06-28	# SIP plane (no glyph)
xu	𧆡	2026-06-28	# SIP plane (no glyph)
xu	𧊥	2026-06-28	# SIP plane (no glyph)
xu	𧏺	2026-06-28	# SIP plane (no glyph)
xu	𧕼	2026-06-28	# SIP plane (no glyph)
xu	𧙆	2026-06-28	# SIP plane (no glyph)
xu	𧟬	2026-06-28	# SIP plane (no glyph)
xu	𧧓	2026-06-28	# SIP plane (no glyph)
xu	𧪮	2026-06-28	# SIP plane (no glyph)
xu	𧶍	2026-06-28	# SIP plane (no glyph)
xu	𧹭	2026-06-28	# SIP plane (no glyph)
xu	𧹴	2026-06-28	# SIP plane (no glyph)
xu	𧼑	2026-06-28	# SIP plane (no glyph)
xu	𨂠	2026-06-28	# SIP plane (no glyph)
xu	𨅑	2026-06-28	# SIP plane (no glyph)
xu	𨋾	2026-06-28	# SIP plane (no glyph)
xu	𨌎	2026-06-28	# SIP plane (no glyph)
xu	𨍐	2026-06-28	# SIP plane (no glyph)
xu	𨜿	2026-06-28	# SIP plane (no glyph)
xu	𨞣	2026-06-28	# SIP plane (no glyph)
xu	𨣦	2026-06-28	# SIP plane (no glyph)
xu	𨬗	2026-06-28	# SIP plane (no glyph)
xu	𨴎	2026-06-28	# SIP plane (no glyph)
xu	𨵮	2026-06-28	# SIP plane (no glyph)
xu	𨷔	2026-06-28	# SIP plane (no glyph)
xu	𨹘	2026-06-28	# SIP plane (no glyph)
xu	𨻍	2026-06-28	# SIP plane (no glyph)
xu	𨼋	2026-06-28	# SIP plane (no glyph)
xu	𩂉	2026-06-28	# SIP plane (no glyph)
xu	𩌮	2026-06-28	# SIP plane (no glyph)
xu	𩌲	2026-06-28	# SIP plane (no glyph)
xu	𩍳	2026-06-28	# SIP plane (no glyph)
xu	𩑕	2026-06-28	# SIP plane (no glyph)
xu	𩒇	2026-06-28	# SIP plane (no glyph)
xu	𩒧	2026-06-28	# SIP plane (no glyph)
xu	𩓣	2026-06-28	# SIP plane (no glyph)
xu	𩔴	2026-06-28	# SIP plane (no glyph)
xu	𩔼	2026-06-28	# SIP plane (no glyph)
xu	𩖕	2026-06-28	# SIP plane (no glyph)
xu	𩝔	2026-06-28	# SIP plane (no glyph)
xu	𩠋	2026-06-28	# SIP plane (no glyph)
xu	𩣊	2026-06-28	# SIP plane (no glyph)
xu	𩪉	2026-06-28	# SIP plane (no glyph)
xu	𩰠	2026-06-28	# SIP plane (no glyph)
xu	𩽆	2026-06-28	# SIP plane (no glyph)
xu	𩾊	2026-06-28	# SIP plane (no glyph)
xu	𪆛	2026-06-28	# SIP plane (no glyph)
xu	𪖩	2026-06-28	# SIP plane (no glyph)
xu	𪙫	2026-06-28	# SIP plane (no glyph)
xu	𪾔	2026-06-28	# SIP plane (no glyph)
xu	𫓰	2026-06-28	# SIP plane (no glyph)
xu	𫚈	2026-06-28	# SIP plane (no glyph)
xu	𫷈	2026-06-28	# SIP plane (no glyph)
xu	𬘳	2026-06-28	# SIP plane (no glyph)
xu	𬣙	2026-06-28	# SIP plane (no glyph)
xu	𬨏	2026-06-28	# SIP plane (no glyph)
xu	𮬛	2026-06-28	# SIP plane (no glyph)
xu	𮲟	2026-06-28	# SIP plane (no glyph)
xu	𰩧	2026-06-28	# SIP plane (no glyph)
xu	𰰠	2026-06-28	# SIP plane (no glyph)
xu	𰱐	2026-06-28	# SIP plane (no glyph)
xu	𰵓	2026-06-28	# SIP plane (no glyph)
xu	𰻡	2026-06-28	# SIP plane (no glyph)
xu	𰿂	2026-06-28	# SIP plane (no glyph)
xu	𱅍	2026-06-28	# SIP plane (no glyph)
xu	𱅧	2026-06-28	# SIP plane (no glyph)
xu	𱙧	2026-06-28	# SIP plane (no glyph)
xu	𲀄	2026-06-28	# SIP plane (no glyph)
xuan	𠗻	2026-06-28	# SIP plane (no glyph)
xuan	𠣖	2026-06-28	# SIP plane (no glyph)
xuan	𠥞	2026-06-28	# SIP plane (no glyph)
xuan	𠵷	2026-06-28	# SIP plane (no glyph)
xuan	𡈣	2026-06-28	# SIP plane (no glyph)
xuan	𡈴	2026-06-28	# SIP plane (no glyph)
xuan	𡬳	2026-06-28	# SIP plane (no glyph)
xuan	𡾥	2026-06-28	# SIP plane (no glyph)
xuan	𢂄	2026-06-28	# SIP plane (no glyph)
xuan	𢈋	2026-06-28	# SIP plane (no glyph)
xuan	𢏧	2026-06-28	# SIP plane (no glyph)
xuan	𢙂	2026-06-28	# SIP plane (no glyph)
xuan	𢰊	2026-06-28	# SIP plane (no glyph)
xuan	𢳄	2026-06-28	# SIP plane (no glyph)
xuan	𣉖	2026-06-28	# SIP plane (no glyph)
xuan	𣎓	2026-06-28	# SIP plane (no glyph)
xuan	𣟳	2026-06-28	# SIP plane (no glyph)
xuan	𤂿	2026-06-28	# SIP plane (no glyph)
xuan	𤟿	2026-06-28	# SIP plane (no glyph)
xuan	𥌭	2026-06-28	# SIP plane (no glyph)
xuan	𥥾	2026-06-28	# SIP plane (no glyph)
xuan	𥶷	2026-06-28	# SIP plane (no glyph)
xuan	𦈝	2026-06-28	# SIP plane (no glyph)
xuan	𦌔	2026-06-28	# SIP plane (no glyph)
xuan	𦐽	2026-06-28	# SIP plane (no glyph)
xuan	𦑙	2026-06-28	# SIP plane (no glyph)
xuan	𦛔	2026-06-28	# SIP plane (no glyph)
xuan	𧉎	2026-06-28	# SIP plane (no glyph)
xuan	𧐗	2026-06-28	# SIP plane (no glyph)
xuan	𧑩	2026-06-28	# SIP plane (no glyph)
xuan	𧔤	2026-06-28	# SIP plane (no glyph)
xuan	𧜽	2026-06-28	# SIP plane (no glyph)
xuan	𧟨	2026-06-28	# SIP plane (no glyph)
xuan	𧡚	2026-06-28	# SIP plane (no glyph)
xuan	𧡢	2026-06-28	# SIP plane (no glyph)
xuan	𧤎	2026-06-28	# SIP plane (no glyph)
xuan	𧾆	2026-06-28	# SIP plane (no glyph)
xuan	𧾎	2026-06-28	# SIP plane (no glyph)
xuan	𨁁	2026-06-28	# SIP plane (no glyph)
xuan	𨊼	2026-06-28	# SIP plane (no glyph)
xuan	𨹆	2026-06-28	# SIP plane (no glyph)
xuan	𩃚	2026-06-28	# SIP plane (no glyph)
xuan	𩉥	2026-06-28	# SIP plane (no glyph)
xuan	𩋢	2026-06-28	# SIP plane (no glyph)
xuan	𩋫	2026-06-28	# SIP plane (no glyph)
xuan	𩋱	2026-06-28	# SIP plane (no glyph)
xuan	𩑹	2026-06-28	# SIP plane (no glyph)
xuan	𩕖	2026-06-28	# SIP plane (no glyph)
xuan	𩕪	2026-06-28	# SIP plane (no glyph)
xuan	𩘒	2026-06-28	# SIP plane (no glyph)
xuan	𩙢	2026-06-28	# SIP plane (no glyph)
xuan	𩤡	2026-06-28	# SIP plane (no glyph)
xuan	𪍧	2026-06-28	# SIP plane (no glyph)
xuan	𫍽	2026-06-28	# SIP plane (no glyph)
xuan	𫓶	2026-06-28	# SIP plane (no glyph)
xuan	𫠊	2026-06-28	# SIP plane (no glyph)
xuan	𬤎	2026-06-28	# SIP plane (no glyph)
xuan	𬱽	2026-06-28	# SIP plane (no glyph)
xuan	𰬵	2026-06-28	# SIP plane (no glyph)
xuan	𰷮	2026-06-28	# SIP plane (no glyph)
xuan	𱅖	2026-06-28	# SIP plane (no glyph)
xue	𢪎	2026-06-28	# SIP plane (no glyph)
xue	𢯳	2026-06-28	# SIP plane (no glyph)
xue	𢼺	2026-06-28	# SIP plane (no glyph)
xue	𣧌	2026-06-28	# SIP plane (no glyph)
xue	𣧡	2026-06-28	# SIP plane (no glyph)
xue	𣧵	2026-06-28	# SIP plane (no glyph)
xue	𣪨	2026-06-28	# SIP plane (no glyph)
xue	𣺭	2026-06-28	# SIP plane (no glyph)
xue	𤀰	2026-06-28	# SIP plane (no glyph)
xue	𥀣	2026-06-28	# SIP plane (no glyph)
xue	𥄎	2026-06-28	# SIP plane (no glyph)
xue	𥄒	2026-06-28	# SIP plane (no glyph)
xue	𥄴	2026-06-28	# SIP plane (no glyph)
xue	𥅧	2026-06-28	# SIP plane (no glyph)
xue	𦐍	2026-06-28	# SIP plane (no glyph)
xue	𦥯	2026-06-28	# SIP plane (no glyph)
xue	𦰾	2026-06-28	# SIP plane (no glyph)
xue	𧉢	2026-06-28	# SIP plane (no glyph)
xue	𧔗	2026-06-28	# SIP plane (no glyph)
xue	𧮞	2026-06-28	# SIP plane (no glyph)
xue	𧸗	2026-06-28	# SIP plane (no glyph)
xue	𨑣	2026-06-28	# SIP plane (no glyph)
xue	𨭁	2026-06-28	# SIP plane (no glyph)
xue	𩌊	2026-06-28	# SIP plane (no glyph)
xue	𩖱	2026-06-28	# SIP plane (no glyph)
xue	𩖶	2026-06-28	# SIP plane (no glyph)
xue	𪃅	2026-06-28	# SIP plane (no glyph)
xue	𫖇	2026-06-28	# SIP plane (no glyph)
xue	𬱷	2026-06-28	# SIP plane (no glyph)
xue	𬱸	2026-06-28	# SIP plane (no glyph)
xue	𰃮	2026-06-28	# SIP plane (no glyph)
xue	𰉽	2026-06-28	# SIP plane (no glyph)
xue	𰴣	2026-06-28	# SIP plane (no glyph)
xun	𠊫	2026-06-28	# SIP plane (no glyph)
xun	𠹀	2026-06-28	# SIP plane (no glyph)
xun	𡑎	2026-06-28	# SIP plane (no glyph)
xun	𡺕	2026-06-28	# SIP plane (no glyph)
xun	𡿼	2026-06-28	# SIP plane (no glyph)
xun	𢏤	2026-06-28	# SIP plane (no glyph)
xun	𣌨	2026-06-28	# SIP plane (no glyph)
xun	𣖼	2026-06-28	# SIP plane (no glyph)
xun	𣹯	2026-06-28	# SIP plane (no glyph)
xun	𤃺	2026-06-28	# SIP plane (no glyph)
xun	𤑕	2026-06-28	# SIP plane (no glyph)
xun	𤛧	2026-06-28	# SIP plane (no glyph)
xun	𤿟	2026-06-28	# SIP plane (no glyph)
xun	𥒘	2026-06-28	# SIP plane (no glyph)
xun	𥙣	2026-06-28	# SIP plane (no glyph)
xun	𥳍	2026-06-28	# SIP plane (no glyph)
xun	𥾡	2026-06-28	# SIP plane (no glyph)
xun	𦅀	2026-06-28	# SIP plane (no glyph)
xun	𦅑	2026-06-28	# SIP plane (no glyph)
xun	𦘶	2026-06-28	# SIP plane (no glyph)
xun	𦠅	2026-06-28	# SIP plane (no glyph)
xun	𦫯	2026-06-28	# SIP plane (no glyph)
xun	𦳣	2026-06-28	# SIP plane (no glyph)
xun	𧥿	2026-06-28	# SIP plane (no glyph)
xun	𧰣	2026-06-28	# SIP plane (no glyph)
xun	𧸩	2026-06-28	# SIP plane (no glyph)
xun	𧾝	2026-06-28	# SIP plane (no glyph)
xun	𧾠	2026-06-28	# SIP plane (no glyph)
xun	𧾩	2026-06-28	# SIP plane (no glyph)
xun	𨀴	2026-06-28	# SIP plane (no glyph)
xun	𨺮	2026-06-28	# SIP plane (no glyph)
xun	𨼔	2026-06-28	# SIP plane (no glyph)
xun	𩊻	2026-06-28	# SIP plane (no glyph)
xun	𩖰	2026-06-28	# SIP plane (no glyph)
xun	𩠇	2026-06-28	# SIP plane (no glyph)
xun	𩪱	2026-06-28	# SIP plane (no glyph)
xun	𩷰	2026-06-28	# SIP plane (no glyph)
xun	𩾄	2026-06-28	# SIP plane (no glyph)
xun	𩾧	2026-06-28	# SIP plane (no glyph)
xun	𪀠	2026-06-28	# SIP plane (no glyph)
xun	𪀽	2026-06-28	# SIP plane (no glyph)
xun	𪇑	2026-06-28	# SIP plane (no glyph)
xun	𫄸	2026-06-28	# SIP plane (no glyph)
xun	𫊻	2026-06-28	# SIP plane (no glyph)
xun	𫞅	2026-06-28	# SIP plane (no glyph)
xun	𫭯	2026-06-28	# SIP plane (no glyph)
xun	𬊈	2026-06-28	# SIP plane (no glyph)
xun	𬍤	2026-06-28	# SIP plane (no glyph)
xun	𬘓	2026-06-28	# SIP plane (no glyph)
xun	𬩽	2026-06-28	# SIP plane (no glyph)
xun	𰕁	2026-06-28	# SIP plane (no glyph)
xun	𱈓	2026-06-28	# SIP plane (no glyph)
xun	𱪿	2026-06-28	# SIP plane (no glyph)
xun	𲆫	2026-06-28	# SIP plane (no glyph)
ya	𠄮	2026-06-28	# SIP plane (no glyph)
ya	𠋗	2026-06-28	# SIP plane (no glyph)
ya	𠜲	2026-06-28	# SIP plane (no glyph)
ya	𠮜	2026-06-28	# SIP plane (no glyph)
ya	𠵣	2026-06-28	# SIP plane (no glyph)
ya	𡇼	2026-06-28	# SIP plane (no glyph)
ya	𡴭	2026-06-28	# SIP plane (no glyph)
ya	𡶦	2026-06-28	# SIP plane (no glyph)
ya	𡷻	2026-06-28	# SIP plane (no glyph)
ya	𡸗	2026-06-28	# SIP plane (no glyph)
ya	𡹄	2026-06-28	# SIP plane (no glyph)
ya	𢛄	2026-06-28	# SIP plane (no glyph)
ya	𢛟	2026-06-28	# SIP plane (no glyph)
ya	𢮊	2026-06-28	# SIP plane (no glyph)
ya	𣉩	2026-06-28	# SIP plane (no glyph)
ya	𣏎	2026-06-28	# SIP plane (no glyph)
ya	𤘅	2026-06-28	# SIP plane (no glyph)
ya	𤘆	2026-06-28	# SIP plane (no glyph)
ya	𤴓	2026-06-28	# SIP plane (no glyph)
ya	𤵭	2026-06-28	# SIP plane (no glyph)
ya	𤹎	2026-06-28	# SIP plane (no glyph)
ya	𥇠	2026-06-28	# SIP plane (no glyph)
ya	𥏝	2026-06-28	# SIP plane (no glyph)
ya	𥐕	2026-06-28	# SIP plane (no glyph)
ya	𥒧	2026-06-28	# SIP plane (no glyph)
ya	𦉟	2026-06-28	# SIP plane (no glyph)
ya	𦉧	2026-06-28	# SIP plane (no glyph)
ya	𦜖	2026-06-28	# SIP plane (no glyph)
ya	𧈝	2026-06-28	# SIP plane (no glyph)
ya	𧓪	2026-06-28	# SIP plane (no glyph)
ya	𧧝	2026-06-28	# SIP plane (no glyph)
ya	𧬬	2026-06-28	# SIP plane (no glyph)
ya	𨁶	2026-06-28	# SIP plane (no glyph)
ya	𨓴	2026-06-28	# SIP plane (no glyph)
ya	𨖭	2026-06-28	# SIP plane (no glyph)
ya	𨨙	2026-06-28	# SIP plane (no glyph)
ya	𨸺	2026-06-28	# SIP plane (no glyph)
ya	𩃐	2026-06-28	# SIP plane (no glyph)
ya	𩨠	2026-06-28	# SIP plane (no glyph)
ya	𩬾	2026-06-28	# SIP plane (no glyph)
ya	𩭯	2026-06-28	# SIP plane (no glyph)
ya	𩮝	2026-06-28	# SIP plane (no glyph)
ya	𩿔	2026-06-28	# SIP plane (no glyph)
ya	𪆰	2026-06-28	# SIP plane (no glyph)
ya	𪗹	2026-06-28	# SIP plane (no glyph)
ya	𪘲	2026-06-28	# SIP plane (no glyph)
ya	𪨩	2026-06-28	# SIP plane (no glyph)
ya	𪿊	2026-06-28	# SIP plane (no glyph)
ya	𫜰	2026-06-28	# SIP plane (no glyph)
ya	𫥼	2026-06-28	# SIP plane (no glyph)
ya	𫳃	2026-06-28	# SIP plane (no glyph)
ya	𬁺	2026-06-28	# SIP plane (no glyph)
ya	𬣨	2026-06-28	# SIP plane (no glyph)
ya	𬸭	2026-06-28	# SIP plane (no glyph)
ya	𬹺	2026-06-28	# SIP plane (no glyph)
ya	𬺌	2026-06-28	# SIP plane (no glyph)
ya	𭭈	2026-06-28	# SIP plane (no glyph)
ya	𰌦	2026-06-28	# SIP plane (no glyph)
ya	𰦴	2026-06-28	# SIP plane (no glyph)
ya	𰾪	2026-06-28	# SIP plane (no glyph)
ya	𰿴	2026-06-28	# SIP plane (no glyph)
ya	𱇍	2026-06-28	# SIP plane (no glyph)
ya	𱉨	2026-06-28	# SIP plane (no glyph)
ya	𱥰	2026-06-28	# SIP plane (no glyph)
yan	𠆲	2026-06-28	# SIP plane (no glyph)
yan	𠍛	2026-06-28	# SIP plane (no glyph)
yan	𠘥	2026-06-28	# SIP plane (no glyph)
yan	𠛭	2026-06-28	# SIP plane (no glyph)
yan	𠝢	2026-06-28	# SIP plane (no glyph)
yan	𠰖	2026-06-28	# SIP plane (no glyph)
yan	𠻤	2026-06-28	# SIP plane (no glyph)
yan	𡙶	2026-06-28	# SIP plane (no glyph)
yan	𡚇	2026-06-28	# SIP plane (no glyph)
yan	𡣽	2026-06-28	# SIP plane (no glyph)
yan	𡹶	2026-06-28	# SIP plane (no glyph)
yan	𢅠	2026-06-28	# SIP plane (no glyph)
yan	𢇈	2026-06-28	# SIP plane (no glyph)
yan	𢇘	2026-06-28	# SIP plane (no glyph)
yan	𢈂	2026-06-28	# SIP plane (no glyph)
yan	𢉘	2026-06-28	# SIP plane (no glyph)
yan	𢌨	2026-06-28	# SIP plane (no glyph)
yan	𢔂	2026-06-28	# SIP plane (no glyph)
yan	𢜰	2026-06-28	# SIP plane (no glyph)
yan	𢤍	2026-06-28	# SIP plane (no glyph)
yan	𢯼	2026-06-28	# SIP plane (no glyph)
yan	𢸴	2026-06-28	# SIP plane (no glyph)
yan	𢾑	2026-06-28	# SIP plane (no glyph)
yan	𣃧	2026-06-28	# SIP plane (no glyph)
yan	𣃳	2026-06-28	# SIP plane (no glyph)
yan	𣃾	2026-06-28	# SIP plane (no glyph)
yan	𣄉	2026-06-28	# SIP plane (no glyph)
yan	𣄑	2026-06-28	# SIP plane (no glyph)
yan	𣄝	2026-06-28	# SIP plane (no glyph)
yan	𣝎	2026-06-28	# SIP plane (no glyph)
yan	𣡕	2026-06-28	# SIP plane (no glyph)
yan	𣡞	2026-06-28	# SIP plane (no glyph)
yan	𣡶	2026-06-28	# SIP plane (no glyph)
yan	𣥡	2026-06-28	# SIP plane (no glyph)
yan	𣩙	2026-06-28	# SIP plane (no glyph)
yan	𣭻	2026-06-28	# SIP plane (no glyph)
yan	𣼞	2026-06-28	# SIP plane (no glyph)
yan	𣼠	2026-06-28	# SIP plane (no glyph)
yan	𤂠	2026-06-28	# SIP plane (no glyph)
yan	𤅊	2026-06-28	# SIP plane (no glyph)
yan	𤅸	2026-06-28	# SIP plane (no glyph)
yan	𤎄	2026-06-28	# SIP plane (no glyph)
yan	𤖝	2026-06-28	# SIP plane (no glyph)
yan	𤗎	2026-06-28	# SIP plane (no glyph)
yan	𤜵	2026-06-28	# SIP plane (no glyph)
yan	𤟇	2026-06-28	# SIP plane (no glyph)
yan	𤟟	2026-06-28	# SIP plane (no glyph)
yan	𤡖	2026-06-28	# SIP plane (no glyph)
yan	𤡥	2026-06-28	# SIP plane (no glyph)
yan	𤢋	2026-06-28	# SIP plane (no glyph)
yan	𤫣	2026-06-28	# SIP plane (no glyph)
yan	𤬝	2026-06-28	# SIP plane (no glyph)
yan	𤯇	2026-06-28	# SIP plane (no glyph)
yan	𤯐	2026-06-28	# SIP plane (no glyph)
yan	𤲩	2026-06-28	# SIP plane (no glyph)
yan	𤸹	2026-06-28	# SIP plane (no glyph)
yan	𥀬	2026-06-28	# SIP plane (no glyph)
yan	𥂁	2026-06-28	# SIP plane (no glyph)
yan	𥃿	2026-06-28	# SIP plane (no glyph)
yan	𥍻	2026-06-28	# SIP plane (no glyph)
yan	𥕼	2026-06-28	# SIP plane (no glyph)
yan	𥜒	2026-06-28	# SIP plane (no glyph)
yan	𥣘	2026-06-28	# SIP plane (no glyph)
yan	𥤟	2026-06-28	# SIP plane (no glyph)
yan	𥤴	2026-06-28	# SIP plane (no glyph)
yan	𥯃	2026-06-28	# SIP plane (no glyph)
yan	𥴿	2026-06-28	# SIP plane (no glyph)
yan	𥶿	2026-06-28	# SIP plane (no glyph)
yan	𥷀	2026-06-28	# SIP plane (no glyph)
yan	𦁏	2026-06-28	# SIP plane (no glyph)
yan	𦁙	2026-06-28	# SIP plane (no glyph)
yan	𦌚	2026-06-28	# SIP plane (no glyph)
yan	𦎣	2026-06-28	# SIP plane (no glyph)
yan	𦏥	2026-06-28	# SIP plane (no glyph)
yan	𦏹	2026-06-28	# SIP plane (no glyph)
yan	𦑎	2026-06-28	# SIP plane (no glyph)
yan	𦖈	2026-06-28	# SIP plane (no glyph)
yan	𦖧	2026-06-28	# SIP plane (no glyph)
yan	𦛞	2026-06-28	# SIP plane (no glyph)
yan	𦛣	2026-06-28	# SIP plane (no glyph)
yan	𦝪	2026-06-28	# SIP plane (no glyph)
yan	𦧡	2026-06-28	# SIP plane (no glyph)
yan	𦫤	2026-06-28	# SIP plane (no glyph)
yan	𧇱	2026-06-28	# SIP plane (no glyph)
yan	𧊔	2026-06-28	# SIP plane (no glyph)
yan	𧍢	2026-06-28	# SIP plane (no glyph)
yan	𧎘	2026-06-28	# SIP plane (no glyph)
yan	𧞣	2026-06-28	# SIP plane (no glyph)
yan	𧠦	2026-06-28	# SIP plane (no glyph)
yan	𧥜	2026-06-28	# SIP plane (no glyph)
yan	𧩅	2026-06-28	# SIP plane (no glyph)
yan	𧬌	2026-06-28	# SIP plane (no glyph)
yan	𧴣	2026-06-28	# SIP plane (no glyph)
yan	𧹬	2026-06-28	# SIP plane (no glyph)
yan	𧺅	2026-06-28	# SIP plane (no glyph)
yan	𧻃	2026-06-28	# SIP plane (no glyph)
yan	𧽉	2026-06-28	# SIP plane (no glyph)
yan	𧽞	2026-06-28	# SIP plane (no glyph)
yan	𧾤	2026-06-28	# SIP plane (no glyph)
yan	𨀅	2026-06-28	# SIP plane (no glyph)
yan	𨁍	2026-06-28	# SIP plane (no glyph)
yan	𨁹	2026-06-28	# SIP plane (no glyph)
yan	𨂪	2026-06-28	# SIP plane (no glyph)
yan	𨃰	2026-06-28	# SIP plane (no glyph)
yan	𨒄	2026-06-28	# SIP plane (no glyph)
yan	𨟹	2026-06-28	# SIP plane (no glyph)
yan	𨠭	2026-06-28	# SIP plane (no glyph)
yan	𨡄	2026-06-28	# SIP plane (no glyph)
yan	𨡎	2026-06-28	# SIP plane (no glyph)
yan	𨡣	2026-06-28	# SIP plane (no glyph)
yan	𨣻	2026-06-28	# SIP plane (no glyph)
yan	𨤎	2026-06-28	# SIP plane (no glyph)
yan	𨪶	2026-06-28	# SIP plane (no glyph)
yan	𨴣	2026-06-28	# SIP plane (no glyph)
yan	𨶁	2026-06-28	# SIP plane (no glyph)
yan	𨷽	2026-06-28	# SIP plane (no glyph)
yan	𨸮	2026-06-28	# SIP plane (no glyph)
yan	𨺥	2026-06-28	# SIP plane (no glyph)
yan	𨻂	2026-06-28	# SIP plane (no glyph)
yan	𨻳	2026-06-28	# SIP plane (no glyph)
yan	𨽑	2026-06-28	# SIP plane (no glyph)
yan	𩃀	2026-06-28	# SIP plane (no glyph)
yan	𩈯	2026-06-28	# SIP plane (no glyph)
yan	𩒖	2026-06-28	# SIP plane (no glyph)
yan	𩗷	2026-06-28	# SIP plane (no glyph)
yan	𩜽	2026-06-28	# SIP plane (no glyph)
yan	𩣲	2026-06-28	# SIP plane (no glyph)
yan	𩩄	2026-06-28	# SIP plane (no glyph)
yan	𩩴	2026-06-28	# SIP plane (no glyph)
yan	𩩶	2026-06-28	# SIP plane (no glyph)
yan	𩪴	2026-06-28	# SIP plane (no glyph)
yan	𩳢	2026-06-28	# SIP plane (no glyph)
yan	𩸞	2026-06-28	# SIP plane (no glyph)
yan	𩻖	2026-06-28	# SIP plane (no glyph)
yan	𪁡	2026-06-28	# SIP plane (no glyph)
yan	𪂈	2026-06-28	# SIP plane (no glyph)
yan	𪑈	2026-06-28	# SIP plane (no glyph)
yan	𪒝	2026-06-28	# SIP plane (no glyph)
yan	𪒠	2026-06-28	# SIP plane (no glyph)
yan	𪗙	2026-06-28	# SIP plane (no glyph)
yan	𪗤	2026-06-28	# SIP plane (no glyph)
yan	𪙊	2026-06-28	# SIP plane (no glyph)
yan	𪠏	2026-06-28	# SIP plane (no glyph)
yan	𪡋	2026-06-28	# SIP plane (no glyph)
yan	𪨷	2026-06-28	# SIP plane (no glyph)
yan	𪩘	2026-06-28	# SIP plane (no glyph)
yan	𫄧	2026-06-28	# SIP plane (no glyph)
yan	𫍫	2026-06-28	# SIP plane (no glyph)
yan	𫑷	2026-06-28	# SIP plane (no glyph)
yan	𫘫	2026-06-28	# SIP plane (no glyph)
yan	𫚢	2026-06-28	# SIP plane (no glyph)
yan	𫛩	2026-06-28	# SIP plane (no glyph)
yan	𫜮	2026-06-28	# SIP plane (no glyph)
yan	𫥍	2026-06-28	# SIP plane (no glyph)
yan	𫪂	2026-06-28	# SIP plane (no glyph)
yan	𫭲	2026-06-28	# SIP plane (no glyph)
yan	𫾁	2026-06-28	# SIP plane (no glyph)
yan	𬃳	2026-06-28	# SIP plane (no glyph)
yan	𬙁	2026-06-28	# SIP plane (no glyph)
yan	𬙂	2026-06-28	# SIP plane (no glyph)
yan	𬤠	2026-06-28	# SIP plane (no glyph)
yan	𬥺	2026-06-28	# SIP plane (no glyph)
yan	𬸖	2026-06-28	# SIP plane (no glyph)
yan	𬸘	2026-06-28	# SIP plane (no glyph)
yan	𬸧	2026-06-28	# SIP plane (no glyph)
yan	𮭨	2026-06-28	# SIP plane (no glyph)
yan	𮱒	2026-06-28	# SIP plane (no glyph)
yan	𮳖	2026-06-28	# SIP plane (no glyph)
yan	𮴼	2026-06-28	# SIP plane (no glyph)
yan	𮹜	2026-06-28	# SIP plane (no glyph)
yan	𰉁	2026-06-28	# SIP plane (no glyph)
yan	𰊡	2026-06-28	# SIP plane (no glyph)
yan	𰋽	2026-06-28	# SIP plane (no glyph)
yan	𰎠	2026-06-28	# SIP plane (no glyph)
yan	𰎹	2026-06-28	# SIP plane (no glyph)
yan	𰑕	2026-06-28	# SIP plane (no glyph)
yan	𰖈	2026-06-28	# SIP plane (no glyph)
yan	𰗜	2026-06-28	# SIP plane (no glyph)
yan	𰘠	2026-06-28	# SIP plane (no glyph)
yan	𰟘	2026-06-28	# SIP plane (no glyph)
yan	𰦾	2026-06-28	# SIP plane (no glyph)
yan	𰳹	2026-06-28	# SIP plane (no glyph)
yan	𱂫	2026-06-28	# SIP plane (no glyph)
yan	𱅬	2026-06-28	# SIP plane (no glyph)
yan	𱌫	2026-06-28	# SIP plane (no glyph)
yan	𱱭	2026-06-28	# SIP plane (no glyph)
yang	𠃓	2026-06-28	# SIP plane (no glyph)
yang	𠍵	2026-06-28	# SIP plane (no glyph)
yang	𠢴	2026-06-28	# SIP plane (no glyph)
yang	𠮴	2026-06-28	# SIP plane (no glyph)
yang	𡠘	2026-06-28	# SIP plane (no glyph)
yang	𡡂	2026-06-28	# SIP plane (no glyph)
yang	𡩶	2026-06-28	# SIP plane (no glyph)
yang	𡹕	2026-06-28	# SIP plane (no glyph)
yang	𢏙	2026-06-28	# SIP plane (no glyph)
yang	𢟣	2026-06-28	# SIP plane (no glyph)
yang	𢵇	2026-06-28	# SIP plane (no glyph)
yang	𢽕	2026-06-28	# SIP plane (no glyph)
yang	𣃝	2026-06-28	# SIP plane (no glyph)
yang	𣉚	2026-06-28	# SIP plane (no glyph)
yang	𣐫	2026-06-28	# SIP plane (no glyph)
yang	𣗹	2026-06-28	# SIP plane (no glyph)
yang	𤞢	2026-06-28	# SIP plane (no glyph)
yang	𤢐	2026-06-28	# SIP plane (no glyph)
yang	𤢮	2026-06-28	# SIP plane (no glyph)
yang	𤸡	2026-06-28	# SIP plane (no glyph)
yang	𥂸	2026-06-28	# SIP plane (no glyph)
yang	𥃽	2026-06-28	# SIP plane (no glyph)
yang	𥒞	2026-06-28	# SIP plane (no glyph)
yang	𥠜	2026-06-28	# SIP plane (no glyph)
yang	𥥵	2026-06-28	# SIP plane (no glyph)
yang	𥬴	2026-06-28	# SIP plane (no glyph)
yang	𥳜	2026-06-28	# SIP plane (no glyph)
yang	𦍕	2026-06-28	# SIP plane (no glyph)
yang	𦍹	2026-06-28	# SIP plane (no glyph)
yang	𦏱	2026-06-28	# SIP plane (no glyph)
yang	𦭵	2026-06-28	# SIP plane (no glyph)
yang	𦯒	2026-06-28	# SIP plane (no glyph)
yang	𦴊	2026-06-28	# SIP plane (no glyph)
yang	𦼴	2026-06-28	# SIP plane (no glyph)
yang	𧓲	2026-06-28	# SIP plane (no glyph)
yang	𧥴	2026-06-28	# SIP plane (no glyph)
yang	𧫛	2026-06-28	# SIP plane (no glyph)
yang	𧲱	2026-06-28	# SIP plane (no glyph)
yang	𧵌	2026-06-28	# SIP plane (no glyph)
yang	𨋕	2026-06-28	# SIP plane (no glyph)
yang	𨋽	2026-06-28	# SIP plane (no glyph)
yang	𨎔	2026-06-28	# SIP plane (no glyph)
yang	𨒫	2026-06-28	# SIP plane (no glyph)
yang	𨖌	2026-06-28	# SIP plane (no glyph)
yang	𨱝	2026-06-28	# SIP plane (no glyph)
yang	𩊑	2026-06-28	# SIP plane (no glyph)
yang	𩋬	2026-06-28	# SIP plane (no glyph)
yang	𩤟	2026-06-28	# SIP plane (no glyph)
yang	𩧫	2026-06-28	# SIP plane (no glyph)
yang	𩲴	2026-06-28	# SIP plane (no glyph)
yang	𩴨	2026-06-28	# SIP plane (no glyph)
yang	𪓛	2026-06-28	# SIP plane (no glyph)
yang	𪕫	2026-06-28	# SIP plane (no glyph)
yang	𪚻	2026-06-28	# SIP plane (no glyph)
yang	𫓭	2026-06-28	# SIP plane (no glyph)
yang	𫚊	2026-06-28	# SIP plane (no glyph)
yang	𫚐	2026-06-28	# SIP plane (no glyph)
yang	𫵵	2026-06-28	# SIP plane (no glyph)
yang	𫺪	2026-06-28	# SIP plane (no glyph)
yang	𬐠	2026-06-28	# SIP plane (no glyph)
yang	𬨄	2026-06-28	# SIP plane (no glyph)
yang	𬭏	2026-06-28	# SIP plane (no glyph)
yang	𰜝	2026-06-28	# SIP plane (no glyph)
yang	𰧰	2026-06-28	# SIP plane (no glyph)
yang	𰵌	2026-06-28	# SIP plane (no glyph)
yang	𰵗	2026-06-28	# SIP plane (no glyph)
yang	𱁱	2026-06-28	# SIP plane (no glyph)
yang	𱉯	2026-06-28	# SIP plane (no glyph)
yang	𱉴	2026-06-28	# SIP plane (no glyph)
yang	𱌀	2026-06-28	# SIP plane (no glyph)
yang	𱸖	2026-06-28	# SIP plane (no glyph)
yao	𠌠	2026-06-28	# SIP plane (no glyph)
yao	𠍩	2026-06-28	# SIP plane (no glyph)
yao	𠏈	2026-06-28	# SIP plane (no glyph)
yao	𠑐	2026-06-28	# SIP plane (no glyph)
yao	𠕻	2026-06-28	# SIP plane (no glyph)
yao	𠟋	2026-06-28	# SIP plane (no glyph)
yao	𠢩	2026-06-28	# SIP plane (no glyph)
yao	𠣑	2026-06-28	# SIP plane (no glyph)
yao	𠹑	2026-06-28	# SIP plane (no glyph)
yao	𡆩	2026-06-28	# SIP plane (no glyph)
yao	𡔜	2026-06-28	# SIP plane (no glyph)
yao	𡛙	2026-06-28	# SIP plane (no glyph)
yao	𡝛	2026-06-28	# SIP plane (no glyph)
yao	𡝩	2026-06-28	# SIP plane (no glyph)
yao	𡢹	2026-06-28	# SIP plane (no glyph)
yao	𡣠	2026-06-28	# SIP plane (no glyph)
yao	𡨇	2026-06-28	# SIP plane (no glyph)
yao	𡩸	2026-06-28	# SIP plane (no glyph)
yao	𡶂	2026-06-28	# SIP plane (no glyph)
yao	𡺯	2026-06-28	# SIP plane (no glyph)
yao	𢂊	2026-06-28	# SIP plane (no glyph)
yao	𢅹	2026-06-28	# SIP plane (no glyph)
yao	𢆷	2026-06-28	# SIP plane (no glyph)
yao	𢆽	2026-06-28	# SIP plane (no glyph)
yao	𢈆	2026-06-28	# SIP plane (no glyph)
yao	𢊙	2026-06-28	# SIP plane (no glyph)
yao	𢋇	2026-06-28	# SIP plane (no glyph)
yao	𢑈	2026-06-28	# SIP plane (no glyph)
yao	𢝍	2026-06-28	# SIP plane (no glyph)
yao	𢺇	2026-06-28	# SIP plane (no glyph)
yao	𣣳	2026-06-28	# SIP plane (no glyph)
yao	𣨘	2026-06-28	# SIP plane (no glyph)
yao	𤂼	2026-06-28	# SIP plane (no glyph)
yao	𤄶	2026-06-28	# SIP plane (no glyph)
yao	𤒝	2026-06-28	# SIP plane (no glyph)
yao	𤚭	2026-06-28	# SIP plane (no glyph)
yao	𤫺	2026-06-28	# SIP plane (no glyph)
yao	𤬔	2026-06-28	# SIP plane (no glyph)
yao	𤬖	2026-06-28	# SIP plane (no glyph)
yao	𤾫	2026-06-28	# SIP plane (no glyph)
yao	𥁒	2026-06-28	# SIP plane (no glyph)
yao	𥃺	2026-06-28	# SIP plane (no glyph)
yao	𥌺	2026-06-28	# SIP plane (no glyph)
yao	𥤣	2026-06-28	# SIP plane (no glyph)
yao	𥤹	2026-06-28	# SIP plane (no glyph)
yao	𥦖	2026-06-28	# SIP plane (no glyph)
yao	𥪯	2026-06-28	# SIP plane (no glyph)
yao	𥬓	2026-06-28	# SIP plane (no glyph)
yao	𥹱	2026-06-28	# SIP plane (no glyph)
yao	𦆸	2026-06-28	# SIP plane (no glyph)
yao	𦇬	2026-06-28	# SIP plane (no glyph)
yao	𦔷	2026-06-28	# SIP plane (no glyph)
yao	𦡱	2026-06-28	# SIP plane (no glyph)
yao	𦤋	2026-06-28	# SIP plane (no glyph)
yao	𦥝	2026-06-28	# SIP plane (no glyph)
yao	𦦌	2026-06-28	# SIP plane (no glyph)
yao	𦾺	2026-06-28	# SIP plane (no glyph)
yao	𦾾	2026-06-28	# SIP plane (no glyph)
yao	𧄎	2026-06-28	# SIP plane (no glyph)
yao	𧇠	2026-06-28	# SIP plane (no glyph)
yao	𧍔	2026-06-28	# SIP plane (no glyph)
yao	𧠽	2026-06-28	# SIP plane (no glyph)
yao	𧢢	2026-06-28	# SIP plane (no glyph)
yao	𧤮	2026-06-28	# SIP plane (no glyph)
yao	𧷋	2026-06-28	# SIP plane (no glyph)
yao	𧽎	2026-06-28	# SIP plane (no glyph)
yao	𨍳	2026-06-28	# SIP plane (no glyph)
yao	𨓳	2026-06-28	# SIP plane (no glyph)
yao	𨘔	2026-06-28	# SIP plane (no glyph)
yao	𨱧	2026-06-28	# SIP plane (no glyph)
yao	𨹋	2026-06-28	# SIP plane (no glyph)
yao	𩋃	2026-06-28	# SIP plane (no glyph)
yao	𩑗	2026-06-28	# SIP plane (no glyph)
yao	𩑴	2026-06-28	# SIP plane (no glyph)
yao	𩜸	2026-06-28	# SIP plane (no glyph)
yao	𩢒	2026-06-28	# SIP plane (no glyph)
yao	𩥣	2026-06-28	# SIP plane (no glyph)
yao	𩨴	2026-06-28	# SIP plane (no glyph)
yao	𩩼	2026-06-28	# SIP plane (no glyph)
yao	𩬗	2026-06-28	# SIP plane (no glyph)
yao	𩯛	2026-06-28	# SIP plane (no glyph)
yao	𩲻	2026-06-28	# SIP plane (no glyph)
yao	𩳔	2026-06-28	# SIP plane (no glyph)
yao	𩿕	2026-06-28	# SIP plane (no glyph)
yao	𪐯	2026-06-28	# SIP plane (no glyph)
yao	𪖐	2026-06-28	# SIP plane (no glyph)
yao	𫍚	2026-06-28	# SIP plane (no glyph)
yao	𫜪	2026-06-28	# SIP plane (no glyph)
yao	𬌮	2026-06-28	# SIP plane (no glyph)
yao	𬘱	2026-06-28	# SIP plane (no glyph)
yao	𬮲	2026-06-28	# SIP plane (no glyph)
yao	𬳁	2026-06-28	# SIP plane (no glyph)
yao	𬺟	2026-06-28	# SIP plane (no glyph)
yao	𮭢	2026-06-28	# SIP plane (no glyph)
yao	𮲝	2026-06-28	# SIP plane (no glyph)
yao	𰎔	2026-06-28	# SIP plane (no glyph)
yao	𰠴	2026-06-28	# SIP plane (no glyph)
yao	𰶏	2026-06-28	# SIP plane (no glyph)
yao	𱂣	2026-06-28	# SIP plane (no glyph)
yao	𱅜	2026-06-28	# SIP plane (no glyph)
yao	𱉢	2026-06-28	# SIP plane (no glyph)
yao	𱊡	2026-06-28	# SIP plane (no glyph)
yao	𱌰	2026-06-28	# SIP plane (no glyph)
ye	𠀸	2026-06-28	# SIP plane (no glyph)
ye	𠄅	2026-06-28	# SIP plane (no glyph)
ye	𠟪	2026-06-28	# SIP plane (no glyph)
ye	𠥇	2026-06-28	# SIP plane (no glyph)
ye	𠱝	2026-06-28	# SIP plane (no glyph)
ye	𡀽	2026-06-28	# SIP plane (no glyph)
ye	𡁁	2026-06-28	# SIP plane (no glyph)
ye	𡑀	2026-06-28	# SIP plane (no glyph)
ye	𡛌	2026-06-28	# SIP plane (no glyph)
ye	𡛽	2026-06-28	# SIP plane (no glyph)
ye	𡽣	2026-06-28	# SIP plane (no glyph)
ye	𢀘	2026-06-28	# SIP plane (no glyph)
ye	𢉥	2026-06-28	# SIP plane (no glyph)
ye	𢢜	2026-06-28	# SIP plane (no glyph)
ye	𢪧	2026-06-28	# SIP plane (no glyph)
ye	𢬍	2026-06-28	# SIP plane (no glyph)
ye	𢱴	2026-06-28	# SIP plane (no glyph)
ye	𣎩	2026-06-28	# SIP plane (no glyph)
ye	𣐂	2026-06-28	# SIP plane (no glyph)
ye	𣚋	2026-06-28	# SIP plane (no glyph)
ye	𣚕	2026-06-28	# SIP plane (no glyph)
ye	𣩫	2026-06-28	# SIP plane (no glyph)
ye	𣩯	2026-06-28	# SIP plane (no glyph)
ye	𣰛	2026-06-28	# SIP plane (no glyph)
ye	𤑷	2026-06-28	# SIP plane (no glyph)
ye	𤝇	2026-06-28	# SIP plane (no glyph)
ye	𤝉	2026-06-28	# SIP plane (no glyph)
ye	𤝱	2026-06-28	# SIP plane (no glyph)
ye	𤳪	2026-06-28	# SIP plane (no glyph)
ye	𥌅	2026-06-28	# SIP plane (no glyph)
ye	𥠍	2026-06-28	# SIP plane (no glyph)
ye	𥮧	2026-06-28	# SIP plane (no glyph)
ye	𥯘	2026-06-28	# SIP plane (no glyph)
ye	𦀕	2026-06-28	# SIP plane (no glyph)
ye	𦂡	2026-06-28	# SIP plane (no glyph)
ye	𦕆	2026-06-28	# SIP plane (no glyph)
ye	𦠜	2026-06-28	# SIP plane (no glyph)
ye	𦤪	2026-06-28	# SIP plane (no glyph)
ye	𦰳	2026-06-28	# SIP plane (no glyph)
ye	𧎭	2026-06-28	# SIP plane (no glyph)
ye	𧏽	2026-06-28	# SIP plane (no glyph)
ye	𧐓	2026-06-28	# SIP plane (no glyph)
ye	𧒐	2026-06-28	# SIP plane (no glyph)
ye	𧔦	2026-06-28	# SIP plane (no glyph)
ye	𧗖	2026-06-28	# SIP plane (no glyph)
ye	𨂒	2026-06-28	# SIP plane (no glyph)
ye	𨈺	2026-06-28	# SIP plane (no glyph)
ye	𨉅	2026-06-28	# SIP plane (no glyph)
ye	𨶮	2026-06-28	# SIP plane (no glyph)
ye	𨸌	2026-06-28	# SIP plane (no glyph)
ye	𨼥	2026-06-28	# SIP plane (no glyph)
ye	𨽀	2026-06-28	# SIP plane (no glyph)
ye	𩉂	2026-06-28	# SIP plane (no glyph)
ye	𩐱	2026-06-28	# SIP plane (no glyph)
ye	𩑃	2026-06-28	# SIP plane (no glyph)
ye	𩘏	2026-06-28	# SIP plane (no glyph)
ye	𩜺	2026-06-28	# SIP plane (no glyph)
ye	𩱝	2026-06-28	# SIP plane (no glyph)
ye	𩸾	2026-06-28	# SIP plane (no glyph)
ye	𩼋	2026-06-28	# SIP plane (no glyph)
ye	𩼴	2026-06-28	# SIP plane (no glyph)
ye	𪋫	2026-06-28	# SIP plane (no glyph)
ye	𪍅	2026-06-28	# SIP plane (no glyph)
ye	𪑦	2026-06-28	# SIP plane (no glyph)
ye	𪒲	2026-06-28	# SIP plane (no glyph)
ye	𫥺	2026-06-28	# SIP plane (no glyph)
ye	𫩤	2026-06-28	# SIP plane (no glyph)
ye	𫩫	2026-06-28	# SIP plane (no glyph)
ye	𬑓	2026-06-28	# SIP plane (no glyph)
ye	𬒆	2026-06-28	# SIP plane (no glyph)
ye	𬰺	2026-06-28	# SIP plane (no glyph)
ye	𬲼	2026-06-28	# SIP plane (no glyph)
ye	𮳴	2026-06-28	# SIP plane (no glyph)
ye	𮴔	2026-06-28	# SIP plane (no glyph)
ye	𰉪	2026-06-28	# SIP plane (no glyph)
ye	𰎑	2026-06-28	# SIP plane (no glyph)
ye	𰓙	2026-06-28	# SIP plane (no glyph)
ye	𰚱	2026-06-28	# SIP plane (no glyph)
ye	𰾕	2026-06-28	# SIP plane (no glyph)
ye	𰾩	2026-06-28	# SIP plane (no glyph)
ye	𱇰	2026-06-28	# SIP plane (no glyph)
ye	𱛹	2026-06-28	# SIP plane (no glyph)
ye	𲈍	2026-06-28	# SIP plane (no glyph)
ye	𲍿	2026-06-28	# SIP plane (no glyph)
yi	𠂆	2026-06-28	# SIP plane (no glyph)
yi	𠄱	2026-06-28	# SIP plane (no glyph)
yi	𠅌	2026-06-28	# SIP plane (no glyph)
yi	𠈶	2026-06-28	# SIP plane (no glyph)
yi	𠍫	2026-06-28	# SIP plane (no glyph)
yi	𠍳	2026-06-28	# SIP plane (no glyph)
yi	𠏩	2026-06-28	# SIP plane (no glyph)
yi	𠐀	2026-06-28	# SIP plane (no glyph)
yi	𠓋	2026-06-28	# SIP plane (no glyph)
yi	𠗺	2026-06-28	# SIP plane (no glyph)
yi	𠚮	2026-06-28	# SIP plane (no glyph)
yi	𠛃	2026-06-28	# SIP plane (no glyph)
yi	𠜁	2026-06-28	# SIP plane (no glyph)
yi	𠡔	2026-06-28	# SIP plane (no glyph)
yi	𠡝	2026-06-28	# SIP plane (no glyph)
yi	𠤕	2026-06-28	# SIP plane (no glyph)
yi	𠤗	2026-06-28	# SIP plane (no glyph)
yi	𠤘	2026-06-28	# SIP plane (no glyph)
yi	𠥦	2026-06-28	# SIP plane (no glyph)
yi	𠨾	2026-06-28	# SIP plane (no glyph)
yi	𠩗	2026-06-28	# SIP plane (no glyph)
yi	𠩫	2026-06-28	# SIP plane (no glyph)
yi	𠪗	2026-06-28	# SIP plane (no glyph)
yi	𠬤	2026-06-28	# SIP plane (no glyph)
yi	𠮙	2026-06-28	# SIP plane (no glyph)
yi	𠯋	2026-06-28	# SIP plane (no glyph)
yi	𠰄	2026-06-28	# SIP plane (no glyph)
yi	𠲔	2026-06-28	# SIP plane (no glyph)
yi	𠲖	2026-06-28	# SIP plane (no glyph)
yi	𠲚	2026-06-28	# SIP plane (no glyph)
yi	𠲺	2026-06-28	# SIP plane (no glyph)
yi	𠲻	2026-06-28	# SIP plane (no glyph)
yi	𠶷	2026-06-28	# SIP plane (no glyph)
yi	𠼪	2026-06-28	# SIP plane (no glyph)
yi	𠽜	2026-06-28	# SIP plane (no glyph)
yi	𠿣	2026-06-28	# SIP plane (no glyph)
yi	𡄵	2026-06-28	# SIP plane (no glyph)
yi	𡄻	2026-06-28	# SIP plane (no glyph)
yi	𡉛	2026-06-28	# SIP plane (no glyph)
yi	𡊁	2026-06-28	# SIP plane (no glyph)
yi	𡊶	2026-06-28	# SIP plane (no glyph)
yi	𡍡	2026-06-28	# SIP plane (no glyph)
yi	𡜬	2026-06-28	# SIP plane (no glyph)
yi	𡥁	2026-06-28	# SIP plane (no glyph)
yi	𡬓	2026-06-28	# SIP plane (no glyph)
yi	𡱐	2026-06-28	# SIP plane (no glyph)
yi	𡷪	2026-06-28	# SIP plane (no glyph)
yi	𡻣	2026-06-28	# SIP plane (no glyph)
yi	𡼎	2026-06-28	# SIP plane (no glyph)
yi	𡾾	2026-06-28	# SIP plane (no glyph)
yi	𢀁	2026-06-28	# SIP plane (no glyph)
yi	𢂒	2026-06-28	# SIP plane (no glyph)
yi	𢂗	2026-06-28	# SIP plane (no glyph)
yi	𢂼	2026-06-28	# SIP plane (no glyph)
yi	𢄅	2026-06-28	# SIP plane (no glyph)
yi	𢇙	2026-06-28	# SIP plane (no glyph)
yi	𢇚	2026-06-28	# SIP plane (no glyph)
yi	𢇸	2026-06-28	# SIP plane (no glyph)
yi	𢈶	2026-06-28	# SIP plane (no glyph)
yi	𢊘	2026-06-28	# SIP plane (no glyph)
yi	𢍰	2026-06-28	# SIP plane (no glyph)
yi	𢎀	2026-06-28	# SIP plane (no glyph)
yi	𢎃	2026-06-28	# SIP plane (no glyph)
yi	𢎉	2026-06-28	# SIP plane (no glyph)
yi	𢏗	2026-06-28	# SIP plane (no glyph)
yi	𢓀	2026-06-28	# SIP plane (no glyph)
yi	𢓡	2026-06-28	# SIP plane (no glyph)
yi	𢕷	2026-06-28	# SIP plane (no glyph)
yi	𢖅	2026-06-28	# SIP plane (no glyph)
yi	𢖫	2026-06-28	# SIP plane (no glyph)
yi	𢖴	2026-06-28	# SIP plane (no glyph)
yi	𢖺	2026-06-28	# SIP plane (no glyph)
yi	𢗎	2026-06-28	# SIP plane (no glyph)
yi	𢘽	2026-06-28	# SIP plane (no glyph)
yi	𢙇	2026-06-28	# SIP plane (no glyph)
yi	𢞉	2026-06-28	# SIP plane (no glyph)
yi	𢡃	2026-06-28	# SIP plane (no glyph)
yi	𢣉	2026-06-28	# SIP plane (no glyph)
yi	𢦕	2026-06-28	# SIP plane (no glyph)
yi	𢨮	2026-06-28	# SIP plane (no glyph)
yi	𢨳	2026-06-28	# SIP plane (no glyph)
yi	𢩮	2026-06-28	# SIP plane (no glyph)
yi	𢩼	2026-06-28	# SIP plane (no glyph)
yi	𢱁	2026-06-28	# SIP plane (no glyph)
yi	𢷔	2026-06-28	# SIP plane (no glyph)
yi	𣎅	2026-06-28	# SIP plane (no glyph)
yi	𣐓	2026-06-28	# SIP plane (no glyph)
yi	𣐵	2026-06-28	# SIP plane (no glyph)
yi	𣐿	2026-06-28	# SIP plane (no glyph)
yi	𣕁	2026-06-28	# SIP plane (no glyph)
yi	𣘦	2026-06-28	# SIP plane (no glyph)
yi	𣙛	2026-06-28	# SIP plane (no glyph)
yi	𣚘	2026-06-28	# SIP plane (no glyph)
yi	𣡊	2026-06-28	# SIP plane (no glyph)
yi	𣢭	2026-06-28	# SIP plane (no glyph)
yi	𣢷	2026-06-28	# SIP plane (no glyph)
yi	𣤪	2026-06-28	# SIP plane (no glyph)
yi	𣦌	2026-06-28	# SIP plane (no glyph)
yi	𣧄	2026-06-28	# SIP plane (no glyph)
yi	𣨟	2026-06-28	# SIP plane (no glyph)
yi	𣫙	2026-06-28	# SIP plane (no glyph)
yi	𣶫	2026-06-28	# SIP plane (no glyph)
yi	𣷩	2026-06-28	# SIP plane (no glyph)
yi	𣸘	2026-06-28	# SIP plane (no glyph)
yi	𣿉	2026-06-28	# SIP plane (no glyph)
yi	𤆾	2026-06-28	# SIP plane (no glyph)
yi	𤇴	2026-06-28	# SIP plane (no glyph)
yi	𤈙	2026-06-28	# SIP plane (no glyph)
yi	𤑹	2026-06-28	# SIP plane (no glyph)
yi	𤖪	2026-06-28	# SIP plane (no glyph)
yi	𤘊	2026-06-28	# SIP plane (no glyph)
yi	𤝳	2026-06-28	# SIP plane (no glyph)
yi	𤝻	2026-06-28	# SIP plane (no glyph)
yi	𤣨	2026-06-28	# SIP plane (no glyph)
yi	𤣮	2026-06-28	# SIP plane (no glyph)
yi	𤤺	2026-06-28	# SIP plane (no glyph)
yi	𤥿	2026-06-28	# SIP plane (no glyph)
yi	𤧕	2026-06-28	# SIP plane (no glyph)
yi	𤬩	2026-06-28	# SIP plane (no glyph)
yi	𤴧	2026-06-28	# SIP plane (no glyph)
yi	𤶛	2026-06-28	# SIP plane (no glyph)
yi	𤷅	2026-06-28	# SIP plane (no glyph)
yi	𤸸	2026-06-28	# SIP plane (no glyph)
yi	𤻂	2026-06-28	# SIP plane (no glyph)
yi	𤼌	2026-06-28	# SIP plane (no glyph)
yi	𥃠	2026-06-28	# SIP plane (no glyph)
yi	𥃸	2026-06-28	# SIP plane (no glyph)
yi	𥄻	2026-06-28	# SIP plane (no glyph)
yi	𥄿	2026-06-28	# SIP plane (no glyph)
yi	𥅓	2026-06-28	# SIP plane (no glyph)
yi	𥌟	2026-06-28	# SIP plane (no glyph)
yi	𥍴	2026-06-28	# SIP plane (no glyph)
yi	𥏜	2026-06-28	# SIP plane (no glyph)
yi	𥑴	2026-06-28	# SIP plane (no glyph)
yi	𥒵	2026-06-28	# SIP plane (no glyph)
yi	𥘒	2026-06-28	# SIP plane (no glyph)
yi	𥘠	2026-06-28	# SIP plane (no glyph)
yi	𥙁	2026-06-28	# SIP plane (no glyph)
yi	𥙇	2026-06-28	# SIP plane (no glyph)
yi	𥜃	2026-06-28	# SIP plane (no glyph)
yi	𥜥	2026-06-28	# SIP plane (no glyph)
yi	𥟘	2026-06-28	# SIP plane (no glyph)
yi	𥡪	2026-06-28	# SIP plane (no glyph)
yi	𥥌	2026-06-28	# SIP plane (no glyph)
yi	𥥴	2026-06-28	# SIP plane (no glyph)
yi	𥩖	2026-06-28	# SIP plane (no glyph)
yi	𥫃	2026-06-28	# SIP plane (no glyph)
yi	𥫜	2026-06-28	# SIP plane (no glyph)
yi	𥫝	2026-06-28	# SIP plane (no glyph)
yi	𥰧	2026-06-28	# SIP plane (no glyph)
yi	𥱃	2026-06-28	# SIP plane (no glyph)
yi	𥸊	2026-06-28	# SIP plane (no glyph)
yi	𥹋	2026-06-28	# SIP plane (no glyph)
yi	𥾐	2026-06-28	# SIP plane (no glyph)
yi	𥿹	2026-06-28	# SIP plane (no glyph)
yi	𦌩	2026-06-28	# SIP plane (no glyph)
yi	𦎝	2026-06-28	# SIP plane (no glyph)
yi	𦏸	2026-06-28	# SIP plane (no glyph)
yi	𦓻	2026-06-28	# SIP plane (no glyph)
yi	𦔜	2026-06-28	# SIP plane (no glyph)
yi	𦔥	2026-06-28	# SIP plane (no glyph)
yi	𦘳	2026-06-28	# SIP plane (no glyph)
yi	𦙨	2026-06-28	# SIP plane (no glyph)
yi	𦚟	2026-06-28	# SIP plane (no glyph)
yi	𦟧	2026-06-28	# SIP plane (no glyph)
yi	𦠉	2026-06-28	# SIP plane (no glyph)
yi	𦡫	2026-06-28	# SIP plane (no glyph)
yi	𦥱	2026-06-28	# SIP plane (no glyph)
yi	𦨇	2026-06-28	# SIP plane (no glyph)
yi	𦭥	2026-06-28	# SIP plane (no glyph)
yi	𦮸	2026-06-28	# SIP plane (no glyph)
yi	𦶂	2026-06-28	# SIP plane (no glyph)
yi	𧃟	2026-06-28	# SIP plane (no glyph)
yi	𧅖	2026-06-28	# SIP plane (no glyph)
yi	𧆦	2026-06-28	# SIP plane (no glyph)
yi	𧈻	2026-06-28	# SIP plane (no glyph)
yi	𧉅	2026-06-28	# SIP plane (no glyph)
yi	𧊣	2026-06-28	# SIP plane (no glyph)
yi	𧊤	2026-06-28	# SIP plane (no glyph)
yi	𧋏	2026-06-28	# SIP plane (no glyph)
yi	𧑌	2026-06-28	# SIP plane (no glyph)
yi	𧓗	2026-06-28	# SIP plane (no glyph)
yi	𧔮	2026-06-28	# SIP plane (no glyph)
yi	𧙡	2026-06-28	# SIP plane (no glyph)
yi	𧜤	2026-06-28	# SIP plane (no glyph)
yi	𧡇	2026-06-28	# SIP plane (no glyph)
yi	𧢂	2026-06-28	# SIP plane (no glyph)
yi	𧣟	2026-06-28	# SIP plane (no glyph)
yi	𧣬	2026-06-28	# SIP plane (no glyph)
yi	𧦧	2026-06-28	# SIP plane (no glyph)
yi	𧫦	2026-06-28	# SIP plane (no glyph)
yi	𧬇	2026-06-28	# SIP plane (no glyph)
yi	𧮒	2026-06-28	# SIP plane (no glyph)
yi	𧱊	2026-06-28	# SIP plane (no glyph)
yi	𧱏	2026-06-28	# SIP plane (no glyph)
yi	𧳁	2026-06-28	# SIP plane (no glyph)
yi	𧷅	2026-06-28	# SIP plane (no glyph)
yi	𧷥	2026-06-28	# SIP plane (no glyph)
yi	𧺎	2026-06-28	# SIP plane (no glyph)
yi	𧺝	2026-06-28	# SIP plane (no glyph)
yi	𧾰	2026-06-28	# SIP plane (no glyph)
yi	𨋯	2026-06-28	# SIP plane (no glyph)
yi	𨛯	2026-06-28	# SIP plane (no glyph)
yi	𨜶	2026-06-28	# SIP plane (no glyph)
yi	𨜽	2026-06-28	# SIP plane (no glyph)
yi	𨠑	2026-06-28	# SIP plane (no glyph)
yi	𨠶	2026-06-28	# SIP plane (no glyph)
yi	𨣠	2026-06-28	# SIP plane (no glyph)
yi	𨣬	2026-06-28	# SIP plane (no glyph)
yi	𨦯	2026-06-28	# SIP plane (no glyph)
yi	𨱁	2026-06-28	# SIP plane (no glyph)
yi	𨳷	2026-06-28	# SIP plane (no glyph)
yi	𨹝	2026-06-28	# SIP plane (no glyph)
yi	𨻊	2026-06-28	# SIP plane (no glyph)
yi	𨻏	2026-06-28	# SIP plane (no glyph)
yi	𨽹	2026-06-28	# SIP plane (no glyph)
yi	𩂒	2026-06-28	# SIP plane (no glyph)
yi	𩂹	2026-06-28	# SIP plane (no glyph)
yi	𩈭	2026-06-28	# SIP plane (no glyph)
yi	𩋌	2026-06-28	# SIP plane (no glyph)
yi	𩍖	2026-06-28	# SIP plane (no glyph)
yi	𩎭	2026-06-28	# SIP plane (no glyph)
yi	𩎷	2026-06-28	# SIP plane (no glyph)
yi	𩓧	2026-06-28	# SIP plane (no glyph)
yi	𩔦	2026-06-28	# SIP plane (no glyph)
yi	𩕲	2026-06-28	# SIP plane (no glyph)
yi	𩖹	2026-06-28	# SIP plane (no glyph)
yi	𩖾	2026-06-28	# SIP plane (no glyph)
yi	𩗑	2026-06-28	# SIP plane (no glyph)
yi	𩘧	2026-06-28	# SIP plane (no glyph)
yi	𩚂	2026-06-28	# SIP plane (no glyph)
yi	𩚇	2026-06-28	# SIP plane (no glyph)
yi	𩛆	2026-06-28	# SIP plane (no glyph)
yi	𩛮	2026-06-28	# SIP plane (no glyph)
yi	𩟉	2026-06-28	# SIP plane (no glyph)
yi	𩠂	2026-06-28	# SIP plane (no glyph)
yi	𩡖	2026-06-28	# SIP plane (no glyph)
yi	𩡣	2026-06-28	# SIP plane (no glyph)
yi	𩣞	2026-06-28	# SIP plane (no glyph)
yi	𩤒	2026-06-28	# SIP plane (no glyph)
yi	𩥯	2026-06-28	# SIP plane (no glyph)
yi	𩧭	2026-06-28	# SIP plane (no glyph)
yi	𩪟	2026-06-28	# SIP plane (no glyph)
yi	𩪣	2026-06-28	# SIP plane (no glyph)
yi	𩮵	2026-06-28	# SIP plane (no glyph)
yi	𩳇	2026-06-28	# SIP plane (no glyph)
yi	𩴜	2026-06-28	# SIP plane (no glyph)
yi	𩴮	2026-06-28	# SIP plane (no glyph)
yi	𩷍	2026-06-28	# SIP plane (no glyph)
yi	𩷘	2026-06-28	# SIP plane (no glyph)
yi	𩸨	2026-06-28	# SIP plane (no glyph)
yi	𩼨	2026-06-28	# SIP plane (no glyph)
yi	𩾘	2026-06-28	# SIP plane (no glyph)
yi	𩾠	2026-06-28	# SIP plane (no glyph)
yi	𩾢	2026-06-28	# SIP plane (no glyph)
yi	𪀓	2026-06-28	# SIP plane (no glyph)
yi	𪀕	2026-06-28	# SIP plane (no glyph)
yi	𪁚	2026-06-28	# SIP plane (no glyph)
yi	𪁛	2026-06-28	# SIP plane (no glyph)
yi	𪈨	2026-06-28	# SIP plane (no glyph)
yi	𪎈	2026-06-28	# SIP plane (no glyph)
yi	𪐔	2026-06-28	# SIP plane (no glyph)
yi	𪐘	2026-06-28	# SIP plane (no glyph)
yi	𪐣	2026-06-28	# SIP plane (no glyph)
yi	𪒕	2026-06-28	# SIP plane (no glyph)
yi	𪕶	2026-06-28	# SIP plane (no glyph)
yi	𪗷	2026-06-28	# SIP plane (no glyph)
yi	𪘃	2026-06-28	# SIP plane (no glyph)
yi	𪘬	2026-06-28	# SIP plane (no glyph)
yi	𪙴	2026-06-28	# SIP plane (no glyph)
yi	𪹀	2026-06-28	# SIP plane (no glyph)
yi	𪽷	2026-06-28	# SIP plane (no glyph)
yi	𫄷	2026-06-28	# SIP plane (no glyph)
yi	𫍙	2026-06-28	# SIP plane (no glyph)
yi	𫍟	2026-06-28	# SIP plane (no glyph)
yi	𫐎	2026-06-28	# SIP plane (no glyph)
yi	𫖮	2026-06-28	# SIP plane (no glyph)
yi	𬟁	2026-06-28	# SIP plane (no glyph)
yi	𬤞	2026-06-28	# SIP plane (no glyph)
yi	𬤦	2026-06-28	# SIP plane (no glyph)
yi	𬥵	2026-06-28	# SIP plane (no glyph)
yi	𬬩	2026-06-28	# SIP plane (no glyph)
yi	𬭰	2026-06-28	# SIP plane (no glyph)
yi	𬱪	2026-06-28	# SIP plane (no glyph)
yi	𬲳	2026-06-28	# SIP plane (no glyph)
yi	𬳀	2026-06-28	# SIP plane (no glyph)
yi	𬷼	2026-06-28	# SIP plane (no glyph)
yi	𬺈	2026-06-28	# SIP plane (no glyph)
yi	𭣧	2026-06-28	# SIP plane (no glyph)
yi	𭩚	2026-06-28	# SIP plane (no glyph)
yi	𮩞	2026-06-28	# SIP plane (no glyph)
yi	𮬜	2026-06-28	# SIP plane (no glyph)
yi	𮰸	2026-06-28	# SIP plane (no glyph)
yi	𮳜	2026-06-28	# SIP plane (no glyph)
yi	𮵠	2026-06-28	# SIP plane (no glyph)
yi	𰉣	2026-06-28	# SIP plane (no glyph)
yi	𰑸	2026-06-28	# SIP plane (no glyph)
yi	𰞇	2026-06-28	# SIP plane (no glyph)
yi	𰲹	2026-06-28	# SIP plane (no glyph)
yi	𰳵	2026-06-28	# SIP plane (no glyph)
yi	𰵔	2026-06-28	# SIP plane (no glyph)
yi	𰵖	2026-06-28	# SIP plane (no glyph)
yi	𰵥	2026-06-28	# SIP plane (no glyph)
yi	𰶁	2026-06-28	# SIP plane (no glyph)
yi	𰶊	2026-06-28	# SIP plane (no glyph)
yi	𰷠	2026-06-28	# SIP plane (no glyph)
yi	𰷪	2026-06-28	# SIP plane (no glyph)
yi	𰹵	2026-06-28	# SIP plane (no glyph)
yi	𰼅	2026-06-28	# SIP plane (no glyph)
yi	𱇧	2026-06-28	# SIP plane (no glyph)
yi	𱇬	2026-06-28	# SIP plane (no glyph)
yi	𱉇	2026-06-28	# SIP plane (no glyph)
yi	𱉌	2026-06-28	# SIP plane (no glyph)
yi	𱉷	2026-06-28	# SIP plane (no glyph)
yi	𱊄	2026-06-28	# SIP plane (no glyph)
yi	𱊈	2026-06-28	# SIP plane (no glyph)
yi	𱊦	2026-06-28	# SIP plane (no glyph)
yi	𱊰	2026-06-28	# SIP plane (no glyph)
yi	𱌷	2026-06-28	# SIP plane (no glyph)
yi	𱌽	2026-06-28	# SIP plane (no glyph)
yi	𲍇	2026-06-28	# SIP plane (no glyph)
yin	𠃊	2026-06-28	# SIP plane (no glyph)
yin	𠖟	2026-06-28	# SIP plane (no glyph)
yin	𠪚	2026-06-28	# SIP plane (no glyph)
yin	𠽨	2026-06-28	# SIP plane (no glyph)
yin	𡇂	2026-06-28	# SIP plane (no glyph)
yin	𡈲	2026-06-28	# SIP plane (no glyph)
yin	𡋪	2026-06-28	# SIP plane (no glyph)
yin	𡐔	2026-06-28	# SIP plane (no glyph)
yin	𡓓	2026-06-28	# SIP plane (no glyph)
yin	𡓿	2026-06-28	# SIP plane (no glyph)
yin	𡖣	2026-06-28	# SIP plane (no glyph)
yin	𡩘	2026-06-28	# SIP plane (no glyph)
yin	𡸛	2026-06-28	# SIP plane (no glyph)
yin	𡼽	2026-06-28	# SIP plane (no glyph)
yin	𢂨	2026-06-28	# SIP plane (no glyph)
yin	𢉩	2026-06-28	# SIP plane (no glyph)
yin	𢋻	2026-06-28	# SIP plane (no glyph)
yin	𢌲	2026-06-28	# SIP plane (no glyph)
yin	𢓕	2026-06-28	# SIP plane (no glyph)
yin	𢓙	2026-06-28	# SIP plane (no glyph)
yin	𢛦	2026-06-28	# SIP plane (no glyph)
yin	𢝯	2026-06-28	# SIP plane (no glyph)
yin	𢪪	2026-06-28	# SIP plane (no glyph)
yin	𢳃	2026-06-28	# SIP plane (no glyph)
yin	𢷍	2026-06-28	# SIP plane (no glyph)
yin	𣓆	2026-06-28	# SIP plane (no glyph)
yin	𣔸	2026-06-28	# SIP plane (no glyph)
yin	𣘴	2026-06-28	# SIP plane (no glyph)
yin	𣦫	2026-06-28	# SIP plane (no glyph)
yin	𣱐	2026-06-28	# SIP plane (no glyph)
yin	𣱜	2026-06-28	# SIP plane (no glyph)
yin	𣸊	2026-06-28	# SIP plane (no glyph)
yin	𣽮	2026-06-28	# SIP plane (no glyph)
yin	𤂹	2026-06-28	# SIP plane (no glyph)
yin	𤝎	2026-06-28	# SIP plane (no glyph)
yin	𤢦	2026-06-28	# SIP plane (no glyph)
yin	𤯸	2026-06-28	# SIP plane (no glyph)
yin	𤵯	2026-06-28	# SIP plane (no glyph)
yin	𤷏	2026-06-28	# SIP plane (no glyph)
yin	𤻘	2026-06-28	# SIP plane (no glyph)
yin	𥖵	2026-06-28	# SIP plane (no glyph)
yin	𥤷	2026-06-28	# SIP plane (no glyph)
yin	𥬜	2026-06-28	# SIP plane (no glyph)
yin	𥮍	2026-06-28	# SIP plane (no glyph)
yin	𦈑	2026-06-28	# SIP plane (no glyph)
yin	𦈠	2026-06-28	# SIP plane (no glyph)
yin	𦜲	2026-06-28	# SIP plane (no glyph)
yin	𦝴	2026-06-28	# SIP plane (no glyph)
yin	𦟘	2026-06-28	# SIP plane (no glyph)
yin	𦻕	2026-06-28	# SIP plane (no glyph)
yin	𦾻	2026-06-28	# SIP plane (no glyph)
yin	𧊭	2026-06-28	# SIP plane (no glyph)
yin	𧥸	2026-06-28	# SIP plane (no glyph)
yin	𧦸	2026-06-28	# SIP plane (no glyph)
yin	𧦹	2026-06-28	# SIP plane (no glyph)
yin	𧩬	2026-06-28	# SIP plane (no glyph)
yin	𨈧	2026-06-28	# SIP plane (no glyph)
yin	𨋙	2026-06-28	# SIP plane (no glyph)
yin	𨏈	2026-06-28	# SIP plane (no glyph)
yin	𨐐	2026-06-28	# SIP plane (no glyph)
yin	𨒦	2026-06-28	# SIP plane (no glyph)
yin	𨓮	2026-06-28	# SIP plane (no glyph)
yin	𨛊	2026-06-28	# SIP plane (no glyph)
yin	𨟏	2026-06-28	# SIP plane (no glyph)
yin	𨟴	2026-06-28	# SIP plane (no glyph)
yin	𨡢	2026-06-28	# SIP plane (no glyph)
yin	𨢂	2026-06-28	# SIP plane (no glyph)
yin	𨦆	2026-06-28	# SIP plane (no glyph)
yin	𩂢	2026-06-28	# SIP plane (no glyph)
yin	𩂥	2026-06-28	# SIP plane (no glyph)
yin	𩃬	2026-06-28	# SIP plane (no glyph)
yin	𩐞	2026-06-28	# SIP plane (no glyph)
yin	𩖄	2026-06-28	# SIP plane (no glyph)
yin	𩚕	2026-06-28	# SIP plane (no glyph)
yin	𩬵	2026-06-28	# SIP plane (no glyph)
yin	𪔰	2026-06-28	# SIP plane (no glyph)
yin	𪔽	2026-06-28	# SIP plane (no glyph)
yin	𪘎	2026-06-28	# SIP plane (no glyph)
yin	𪙤	2026-06-28	# SIP plane (no glyph)
yin	𪙾	2026-06-28	# SIP plane (no glyph)
yin	𪛊	2026-06-28	# SIP plane (no glyph)
yin	𪺽	2026-06-28	# SIP plane (no glyph)
yin	𫜃	2026-06-28	# SIP plane (no glyph)
yin	𫡑	2026-06-28	# SIP plane (no glyph)
yin	𫮜	2026-06-28	# SIP plane (no glyph)
yin	𫷮	2026-06-28	# SIP plane (no glyph)
yin	𬄩	2026-06-28	# SIP plane (no glyph)
yin	𬘡	2026-06-28	# SIP plane (no glyph)
yin	𬤇	2026-06-28	# SIP plane (no glyph)
yin	𬮱	2026-06-28	# SIP plane (no glyph)
yin	𬺒	2026-06-28	# SIP plane (no glyph)
yin	𮙊	2026-06-28	# SIP plane (no glyph)
yin	𰝋	2026-06-28	# SIP plane (no glyph)
yin	𰺈	2026-06-28	# SIP plane (no glyph)
yin	𰽣	2026-06-28	# SIP plane (no glyph)
ying	𠊶	2026-06-28	# SIP plane (no glyph)
ying	𠝟	2026-06-28	# SIP plane (no glyph)
ying	𠠜	2026-06-28	# SIP plane (no glyph)
ying	𠮳	2026-06-28	# SIP plane (no glyph)
ying	𠸄	2026-06-28	# SIP plane (no glyph)
ying	𡀘	2026-06-28	# SIP plane (no glyph)
ying	𡁊	2026-06-28	# SIP plane (no glyph)
ying	𡂚	2026-06-28	# SIP plane (no glyph)
ying	𡃅	2026-06-28	# SIP plane (no glyph)
ying	𡄖	2026-06-28	# SIP plane (no glyph)
ying	𡎘	2026-06-28	# SIP plane (no glyph)
ying	𡺡	2026-06-28	# SIP plane (no glyph)
ying	𢄋	2026-06-28	# SIP plane (no glyph)
ying	𢣙	2026-06-28	# SIP plane (no glyph)
ying	𢥏	2026-06-28	# SIP plane (no glyph)
ying	𣈣	2026-06-28	# SIP plane (no glyph)
ying	𣋋	2026-06-28	# SIP plane (no glyph)
ying	𣟤	2026-06-28	# SIP plane (no glyph)
ying	𣤵	2026-06-28	# SIP plane (no glyph)
ying	𣲜	2026-06-28	# SIP plane (no glyph)
ying	𤁽	2026-06-28	# SIP plane (no glyph)
ying	𤇾	2026-06-28	# SIP plane (no glyph)
ying	𤌌	2026-06-28	# SIP plane (no glyph)
ying	𤜉	2026-06-28	# SIP plane (no glyph)
ying	𤟣	2026-06-28	# SIP plane (no glyph)
ying	𤣎	2026-06-28	# SIP plane (no glyph)
ying	𤭫	2026-06-28	# SIP plane (no glyph)
ying	𤹜	2026-06-28	# SIP plane (no glyph)
ying	𤹥	2026-06-28	# SIP plane (no glyph)
ying	𥌽	2026-06-28	# SIP plane (no glyph)
ying	𥌾	2026-06-28	# SIP plane (no glyph)
ying	𥍼	2026-06-28	# SIP plane (no glyph)
ying	𥏎	2026-06-28	# SIP plane (no glyph)
ying	𥐑	2026-06-28	# SIP plane (no glyph)
ying	𥚿	2026-06-28	# SIP plane (no glyph)
ying	𦔃	2026-06-28	# SIP plane (no glyph)
ying	𦖽	2026-06-28	# SIP plane (no glyph)
ying	𦝚	2026-06-28	# SIP plane (no glyph)
ying	𦡺	2026-06-28	# SIP plane (no glyph)
ying	𦢆	2026-06-28	# SIP plane (no glyph)
ying	𦦿	2026-06-28	# SIP plane (no glyph)
ying	𦩩	2026-06-28	# SIP plane (no glyph)
ying	𧅋	2026-06-28	# SIP plane (no glyph)
ying	𧓀	2026-06-28	# SIP plane (no glyph)
ying	𧕄	2026-06-28	# SIP plane (no glyph)
ying	𧕍	2026-06-28	# SIP plane (no glyph)
ying	𧢛	2026-06-28	# SIP plane (no glyph)
ying	𧭓	2026-06-28	# SIP plane (no glyph)
ying	𧮆	2026-06-28	# SIP plane (no glyph)
ying	𧯀	2026-06-28	# SIP plane (no glyph)
ying	𨍞	2026-06-28	# SIP plane (no glyph)
ying	𨜏	2026-06-28	# SIP plane (no glyph)
ying	𨟙	2026-06-28	# SIP plane (no glyph)
ying	𨠸	2026-06-28	# SIP plane (no glyph)
ying	𨪄	2026-06-28	# SIP plane (no glyph)
ying	𨵛	2026-06-28	# SIP plane (no glyph)
ying	𩄪	2026-06-28	# SIP plane (no glyph)
ying	𩋹	2026-06-28	# SIP plane (no glyph)
ying	𩖍	2026-06-28	# SIP plane (no glyph)
ying	𩘑	2026-06-28	# SIP plane (no glyph)
ying	𩳍	2026-06-28	# SIP plane (no glyph)
ying	𩸥	2026-06-28	# SIP plane (no glyph)
ying	𩹅	2026-06-28	# SIP plane (no glyph)
ying	𩻷	2026-06-28	# SIP plane (no glyph)
ying	𪊵	2026-06-28	# SIP plane (no glyph)
ying	𪧀	2026-06-28	# SIP plane (no glyph)
ying	𪩎	2026-06-28	# SIP plane (no glyph)
ying	𫇦	2026-06-28	# SIP plane (no glyph)
ying	𫜙	2026-06-28	# SIP plane (no glyph)
ying	𫝭	2026-06-28	# SIP plane (no glyph)
ying	𫶕	2026-06-28	# SIP plane (no glyph)
ying	𫷾	2026-06-28	# SIP plane (no glyph)
ying	𬈜	2026-06-28	# SIP plane (no glyph)
ying	𬎆	2026-06-28	# SIP plane (no glyph)
ying	𬑏	2026-06-28	# SIP plane (no glyph)
ying	𬢑	2026-06-28	# SIP plane (no glyph)
ying	𬢯	2026-06-28	# SIP plane (no glyph)
ying	𬤚	2026-06-28	# SIP plane (no glyph)
ying	𬳑	2026-06-28	# SIP plane (no glyph)
ying	𬸕	2026-06-28	# SIP plane (no glyph)
ying	𭈉	2026-06-28	# SIP plane (no glyph)
ying	𮐨	2026-06-28	# SIP plane (no glyph)
ying	𮹘	2026-06-28	# SIP plane (no glyph)
ying	𰌀	2026-06-28	# SIP plane (no glyph)
ying	𰜳	2026-06-28	# SIP plane (no glyph)
ying	𰝅	2026-06-28	# SIP plane (no glyph)
ying	𰡢	2026-06-28	# SIP plane (no glyph)
ying	𰢤	2026-06-28	# SIP plane (no glyph)
ying	𰥞	2026-06-28	# SIP plane (no glyph)
ying	𰪣	2026-06-28	# SIP plane (no glyph)
ying	𰳗	2026-06-28	# SIP plane (no glyph)
ying	𰴯	2026-06-28	# SIP plane (no glyph)
ying	𱃵	2026-06-28	# SIP plane (no glyph)
ying	𱇸	2026-06-28	# SIP plane (no glyph)
ying	𱩂	2026-06-28	# SIP plane (no glyph)
ying	𱲎	2026-06-28	# SIP plane (no glyph)
ying	𲂻	2026-06-28	# SIP plane (no glyph)
yong	𠆌	2026-06-28	# SIP plane (no glyph)
yong	𠳀	2026-06-28	# SIP plane (no glyph)
yong	𠹍	2026-06-28	# SIP plane (no glyph)
yong	𡵜	2026-06-28	# SIP plane (no glyph)
yong	𢀍	2026-06-28	# SIP plane (no glyph)
yong	𢢓	2026-06-28	# SIP plane (no glyph)
yong	𢧳	2026-06-28	# SIP plane (no glyph)
yong	𣋿	2026-06-28	# SIP plane (no glyph)
yong	𣏀	2026-06-28	# SIP plane (no glyph)
yong	𤛑	2026-06-28	# SIP plane (no glyph)
yong	𥁎	2026-06-28	# SIP plane (no glyph)
yong	𥑿	2026-06-28	# SIP plane (no glyph)
yong	𥥝	2026-06-28	# SIP plane (no glyph)
yong	𥧱	2026-06-28	# SIP plane (no glyph)
yong	𦃽	2026-06-28	# SIP plane (no glyph)
yong	𦤘	2026-06-28	# SIP plane (no glyph)
yong	𦨤	2026-06-28	# SIP plane (no glyph)
yong	𦨬	2026-06-28	# SIP plane (no glyph)
yong	𧖇	2026-06-28	# SIP plane (no glyph)
yong	𧗴	2026-06-28	# SIP plane (no glyph)
yong	𧙇	2026-06-28	# SIP plane (no glyph)
yong	𧝸	2026-06-28	# SIP plane (no glyph)
yong	𧲤	2026-06-28	# SIP plane (no glyph)
yong	𧴄	2026-06-28	# SIP plane (no glyph)
yong	𧴗	2026-06-28	# SIP plane (no glyph)
yong	𧺸	2026-06-28	# SIP plane (no glyph)
yong	𧻹	2026-06-28	# SIP plane (no glyph)
yong	𨓨	2026-06-28	# SIP plane (no glyph)
yong	𨤂	2026-06-28	# SIP plane (no glyph)
yong	𨦡	2026-06-28	# SIP plane (no glyph)
yong	𨴭	2026-06-28	# SIP plane (no glyph)
yong	𨶽	2026-06-28	# SIP plane (no glyph)
yong	𩆄	2026-06-28	# SIP plane (no glyph)
yong	𩍓	2026-06-28	# SIP plane (no glyph)
yong	𩔔	2026-06-28	# SIP plane (no glyph)
yong	𩜳	2026-06-28	# SIP plane (no glyph)
yong	𩟀	2026-06-28	# SIP plane (no glyph)
yong	𩟷	2026-06-28	# SIP plane (no glyph)
yong	𩤛	2026-06-28	# SIP plane (no glyph)
yong	𩬮	2026-06-28	# SIP plane (no glyph)
yong	𪄉	2026-06-28	# SIP plane (no glyph)
yong	𪅟	2026-06-28	# SIP plane (no glyph)
yong	𪇛	2026-06-28	# SIP plane (no glyph)
yong	𪪝	2026-06-28	# SIP plane (no glyph)
yong	𫚦	2026-06-28	# SIP plane (no glyph)
yong	𬳓	2026-06-28	# SIP plane (no glyph)
yong	𰱈	2026-06-28	# SIP plane (no glyph)
yong	𰵞	2026-06-28	# SIP plane (no glyph)
yong	𱊤	2026-06-28	# SIP plane (no glyph)
yong	𱗚	2026-06-28	# SIP plane (no glyph)
you	𠖋	2026-06-28	# SIP plane (no glyph)
you	𠘳	2026-06-28	# SIP plane (no glyph)
you	𠢢	2026-06-28	# SIP plane (no glyph)
you	𠧠	2026-06-28	# SIP plane (no glyph)
you	𠧴	2026-06-28	# SIP plane (no glyph)
you	𠨦	2026-06-28	# SIP plane (no glyph)
you	𠮫	2026-06-28	# SIP plane (no glyph)
you	𡇀	2026-06-28	# SIP plane (no glyph)
you	𡈙	2026-06-28	# SIP plane (no glyph)
you	𡈰	2026-06-28	# SIP plane (no glyph)
you	𡈵	2026-06-28	# SIP plane (no glyph)
you	𡊧	2026-06-28	# SIP plane (no glyph)
you	𡋧	2026-06-28	# SIP plane (no glyph)
you	𡜳	2026-06-28	# SIP plane (no glyph)
you	𡯉	2026-06-28	# SIP plane (no glyph)
you	𡯙	2026-06-28	# SIP plane (no glyph)
you	𡺒	2026-06-28	# SIP plane (no glyph)
you	𡺖	2026-06-28	# SIP plane (no glyph)
you	𢆶	2026-06-28	# SIP plane (no glyph)
you	𢈓	2026-06-28	# SIP plane (no glyph)
you	𢋣	2026-06-28	# SIP plane (no glyph)
you	𢓿	2026-06-28	# SIP plane (no glyph)
you	𢖟	2026-06-28	# SIP plane (no glyph)
you	𢟅	2026-06-28	# SIP plane (no glyph)
you	𢪥	2026-06-28	# SIP plane (no glyph)
you	𢿚	2026-06-28	# SIP plane (no glyph)
you	𣁨	2026-06-28	# SIP plane (no glyph)
you	𣅄	2026-06-28	# SIP plane (no glyph)
you	𣅺	2026-06-28	# SIP plane (no glyph)
you	𣏞	2026-06-28	# SIP plane (no glyph)
you	𣓐	2026-06-28	# SIP plane (no glyph)
you	𣓛	2026-06-28	# SIP plane (no glyph)
you	𣢄	2026-06-28	# SIP plane (no glyph)
you	𣢜	2026-06-28	# SIP plane (no glyph)
you	𣣜	2026-06-28	# SIP plane (no glyph)
you	𣣸	2026-06-28	# SIP plane (no glyph)
you	𣤎	2026-06-28	# SIP plane (no glyph)
you	𣧗	2026-06-28	# SIP plane (no glyph)
you	𣧥	2026-06-28	# SIP plane (no glyph)
you	𣸠	2026-06-28	# SIP plane (no glyph)
you	𣿤	2026-06-28	# SIP plane (no glyph)
you	𤄘	2026-06-28	# SIP plane (no glyph)
you	𤍕	2026-06-28	# SIP plane (no glyph)
you	𤘜	2026-06-28	# SIP plane (no glyph)
you	𤣙	2026-06-28	# SIP plane (no glyph)
you	𤤧	2026-06-28	# SIP plane (no glyph)
you	𤤬	2026-06-28	# SIP plane (no glyph)
you	𤪎	2026-06-28	# SIP plane (no glyph)
you	𤱎	2026-06-28	# SIP plane (no glyph)
you	𤴨	2026-06-28	# SIP plane (no glyph)
you	𤸈	2026-06-28	# SIP plane (no glyph)
you	𥙾	2026-06-28	# SIP plane (no glyph)
you	𥜚	2026-06-28	# SIP plane (no glyph)
you	𥝘	2026-06-28	# SIP plane (no glyph)
you	𥣯	2026-06-28	# SIP plane (no glyph)
you	𥯞	2026-06-28	# SIP plane (no glyph)
you	𥴕	2026-06-28	# SIP plane (no glyph)
you	𥽟	2026-06-28	# SIP plane (no glyph)
you	𦎓	2026-06-28	# SIP plane (no glyph)
you	𦏇	2026-06-28	# SIP plane (no glyph)
you	𦑸	2026-06-28	# SIP plane (no glyph)
you	𦥣	2026-06-28	# SIP plane (no glyph)
you	𦩲	2026-06-28	# SIP plane (no glyph)
you	𦳧	2026-06-28	# SIP plane (no glyph)
you	𦳩	2026-06-28	# SIP plane (no glyph)
you	𦳷	2026-06-28	# SIP plane (no glyph)
you	𦵵	2026-06-28	# SIP plane (no glyph)
you	𦷿	2026-06-28	# SIP plane (no glyph)
you	𦸙	2026-06-28	# SIP plane (no glyph)
you	𧀥	2026-06-28	# SIP plane (no glyph)
you	𧅲	2026-06-28	# SIP plane (no glyph)
you	𧆕	2026-06-28	# SIP plane (no glyph)
you	𧆘	2026-06-28	# SIP plane (no glyph)
you	𧍘	2026-06-28	# SIP plane (no glyph)
you	𧠶	2026-06-28	# SIP plane (no glyph)
you	𧡹	2026-06-28	# SIP plane (no glyph)
you	𧰰	2026-06-28	# SIP plane (no glyph)
you	𧳫	2026-06-28	# SIP plane (no glyph)
you	𨑫	2026-06-28	# SIP plane (no glyph)
you	𨗰	2026-06-28	# SIP plane (no glyph)
you	𨘁	2026-06-28	# SIP plane (no glyph)
you	𨘵	2026-06-28	# SIP plane (no glyph)
you	𨙂	2026-06-28	# SIP plane (no glyph)
you	𨛕	2026-06-28	# SIP plane (no glyph)
you	𨡴	2026-06-28	# SIP plane (no glyph)
you	𨸙	2026-06-28	# SIP plane (no glyph)
you	𩑣	2026-06-28	# SIP plane (no glyph)
you	𩗚	2026-06-28	# SIP plane (no glyph)
you	𩘈	2026-06-28	# SIP plane (no glyph)
you	𩘓	2026-06-28	# SIP plane (no glyph)
you	𩜷	2026-06-28	# SIP plane (no glyph)
you	𩤹	2026-06-28	# SIP plane (no glyph)
you	𩥘	2026-06-28	# SIP plane (no glyph)
you	𩲎	2026-06-28	# SIP plane (no glyph)
you	𩴑	2026-06-28	# SIP plane (no glyph)
you	𩴙	2026-06-28	# SIP plane (no glyph)
you	𩹊	2026-06-28	# SIP plane (no glyph)
you	𩽇	2026-06-28	# SIP plane (no glyph)
you	𩾎	2026-06-28	# SIP plane (no glyph)
you	𩿬	2026-06-28	# SIP plane (no glyph)
you	𬨎	2026-06-28	# SIP plane (no glyph)
you	𬱔	2026-06-28	# SIP plane (no glyph)
you	𬶦	2026-06-28	# SIP plane (no glyph)
you	𰭀	2026-06-28	# SIP plane (no glyph)
you	𰵎	2026-06-28	# SIP plane (no glyph)
you	𱃖	2026-06-28	# SIP plane (no glyph)
you	𱇤	2026-06-28	# SIP plane (no glyph)
you	𱗎	2026-06-28	# SIP plane (no glyph)
you	𲍳	2026-06-28	# SIP plane (no glyph)
yu	𠀛	2026-06-28	# SIP plane (no glyph)
yu	𠇐	2026-06-28	# SIP plane (no glyph)
yu	𠊏	2026-06-28	# SIP plane (no glyph)
yu	𠋟	2026-06-28	# SIP plane (no glyph)
yu	𠎳	2026-06-28	# SIP plane (no glyph)
yu	𠏚	2026-06-28	# SIP plane (no glyph)
yu	𠕦	2026-06-28	# SIP plane (no glyph)
yu	𠧇	2026-06-28	# SIP plane (no glyph)
yu	𠫣	2026-06-28	# SIP plane (no glyph)
yu	𠱐	2026-06-28	# SIP plane (no glyph)
yu	𠸹	2026-06-28	# SIP plane (no glyph)
yu	𠽵	2026-06-28	# SIP plane (no glyph)
yu	𡁎	2026-06-28	# SIP plane (no glyph)
yu	𡂊	2026-06-28	# SIP plane (no glyph)
yu	𡇺	2026-06-28	# SIP plane (no glyph)
yu	𡈨	2026-06-28	# SIP plane (no glyph)
yu	𡋬	2026-06-28	# SIP plane (no glyph)
yu	𡑾	2026-06-28	# SIP plane (no glyph)
yu	𡒃	2026-06-28	# SIP plane (no glyph)
yu	𡒊	2026-06-28	# SIP plane (no glyph)
yu	𡔴	2026-06-28	# SIP plane (no glyph)
yu	𡨣	2026-06-28	# SIP plane (no glyph)
yu	𡨿	2026-06-28	# SIP plane (no glyph)
yu	𡬊	2026-06-28	# SIP plane (no glyph)
yu	𡬞	2026-06-28	# SIP plane (no glyph)
yu	𡷎	2026-06-28	# SIP plane (no glyph)
yu	𡻢	2026-06-28	# SIP plane (no glyph)
yu	𡿥	2026-06-28	# SIP plane (no glyph)
yu	𡿯	2026-06-28	# SIP plane (no glyph)
yu	𢊧	2026-06-28	# SIP plane (no glyph)
yu	𢋅	2026-06-28	# SIP plane (no glyph)
yu	𢌻	2026-06-28	# SIP plane (no glyph)
yu	𢎻	2026-06-28	# SIP plane (no glyph)
yu	𢒰	2026-06-28	# SIP plane (no glyph)
yu	𢔢	2026-06-28	# SIP plane (no glyph)
yu	𢔥	2026-06-28	# SIP plane (no glyph)
yu	𢔬	2026-06-28	# SIP plane (no glyph)
yu	𢔴	2026-06-28	# SIP plane (no glyph)
yu	𢖡	2026-06-28	# SIP plane (no glyph)
yu	𢗓	2026-06-28	# SIP plane (no glyph)
yu	𢛨	2026-06-28	# SIP plane (no glyph)
yu	𢡎	2026-06-28	# SIP plane (no glyph)
yu	𢪓	2026-06-28	# SIP plane (no glyph)
yu	𢮁	2026-06-28	# SIP plane (no glyph)
yu	𢯮	2026-06-28	# SIP plane (no glyph)
yu	𢹏	2026-06-28	# SIP plane (no glyph)
yu	𢺴	2026-06-28	# SIP plane (no glyph)
yu	𢾄	2026-06-28	# SIP plane (no glyph)
yu	𣄊	2026-06-28	# SIP plane (no glyph)
yu	𣋉	2026-06-28	# SIP plane (no glyph)
yu	𣍛	2026-06-28	# SIP plane (no glyph)
yu	𣕃	2026-06-28	# SIP plane (no glyph)
yu	𣝑	2026-06-28	# SIP plane (no glyph)
yu	𣟰	2026-06-28	# SIP plane (no glyph)
yu	𣡉	2026-06-28	# SIP plane (no glyph)
yu	𣢒	2026-06-28	# SIP plane (no glyph)
yu	𣢦	2026-06-28	# SIP plane (no glyph)
yu	𣣎	2026-06-28	# SIP plane (no glyph)
yu	𣨝	2026-06-28	# SIP plane (no glyph)
yu	𣩺	2026-06-28	# SIP plane (no glyph)
yu	𤀝	2026-06-28	# SIP plane (no glyph)
yu	𤕘	2026-06-28	# SIP plane (no glyph)
yu	𤗃	2026-06-28	# SIP plane (no glyph)
yu	𤚎	2026-06-28	# SIP plane (no glyph)
yu	𤜹	2026-06-28	# SIP plane (no glyph)
yu	𤞞	2026-06-28	# SIP plane (no glyph)
yu	𤥽	2026-06-28	# SIP plane (no glyph)
yu	𤧙	2026-06-28	# SIP plane (no glyph)
yu	𤳕	2026-06-28	# SIP plane (no glyph)
yu	𤸒	2026-06-28	# SIP plane (no glyph)
yu	𤹪	2026-06-28	# SIP plane (no glyph)
yu	𥆉	2026-06-28	# SIP plane (no glyph)
yu	𥉑	2026-06-28	# SIP plane (no glyph)
yu	𥎐	2026-06-28	# SIP plane (no glyph)
yu	𥒾	2026-06-28	# SIP plane (no glyph)
yu	𥔢	2026-06-28	# SIP plane (no glyph)
yu	𥘄	2026-06-28	# SIP plane (no glyph)
yu	𥙿	2026-06-28	# SIP plane (no glyph)
yu	𥛩	2026-06-28	# SIP plane (no glyph)
yu	𥝍	2026-06-28	# SIP plane (no glyph)
yu	𥝨	2026-06-28	# SIP plane (no glyph)
yu	𥯮	2026-06-28	# SIP plane (no glyph)
yu	𥷔	2026-06-28	# SIP plane (no glyph)
yu	𥷞	2026-06-28	# SIP plane (no glyph)
yu	𥸤	2026-06-28	# SIP plane (no glyph)
yu	𥸪	2026-06-28	# SIP plane (no glyph)
yu	𥹔	2026-06-28	# SIP plane (no glyph)
yu	𦀡	2026-06-28	# SIP plane (no glyph)
yu	𦈣	2026-06-28	# SIP plane (no glyph)
yu	𦈸	2026-06-28	# SIP plane (no glyph)
yu	𦋢	2026-06-28	# SIP plane (no glyph)
yu	𦋯	2026-06-28	# SIP plane (no glyph)
yu	𦎘	2026-06-28	# SIP plane (no glyph)
yu	𦏜	2026-06-28	# SIP plane (no glyph)
yu	𦏻	2026-06-28	# SIP plane (no glyph)
yu	𦒑	2026-06-28	# SIP plane (no glyph)
yu	𦡭	2026-06-28	# SIP plane (no glyph)
yu	𦥉	2026-06-28	# SIP plane (no glyph)
yu	𦦩	2026-06-28	# SIP plane (no glyph)
yu	𦦫	2026-06-28	# SIP plane (no glyph)
yu	𦦲	2026-06-28	# SIP plane (no glyph)
yu	𦩞	2026-06-28	# SIP plane (no glyph)
yu	𦭳	2026-06-28	# SIP plane (no glyph)
yu	𦱀	2026-06-28	# SIP plane (no glyph)
yu	𦱂	2026-06-28	# SIP plane (no glyph)
yu	𦱃	2026-06-28	# SIP plane (no glyph)
yu	𦳅	2026-06-28	# SIP plane (no glyph)
yu	𧃠	2026-06-28	# SIP plane (no glyph)
yu	𧈯	2026-06-28	# SIP plane (no glyph)
yu	𧉣	2026-06-28	# SIP plane (no glyph)
yu	𧊠	2026-06-28	# SIP plane (no glyph)
yu	𧍪	2026-06-28	# SIP plane (no glyph)
yu	𧐄	2026-06-28	# SIP plane (no glyph)
yu	𧑐	2026-06-28	# SIP plane (no glyph)
yu	𧗪	2026-06-28	# SIP plane (no glyph)
yu	𧙶	2026-06-28	# SIP plane (no glyph)
yu	𧞏	2026-06-28	# SIP plane (no glyph)
yu	𧫊	2026-06-28	# SIP plane (no glyph)
yu	𧰇	2026-06-28	# SIP plane (no glyph)
yu	𧱬	2026-06-28	# SIP plane (no glyph)
yu	𧶠	2026-06-28	# SIP plane (no glyph)
yu	𧼫	2026-06-28	# SIP plane (no glyph)
yu	𧾚	2026-06-28	# SIP plane (no glyph)
yu	𧿷	2026-06-28	# SIP plane (no glyph)
yu	𨄯	2026-06-28	# SIP plane (no glyph)
yu	𨉗	2026-06-28	# SIP plane (no glyph)
yu	𨊱	2026-06-28	# SIP plane (no glyph)
yu	𨖛	2026-06-28	# SIP plane (no glyph)
yu	𨗝	2026-06-28	# SIP plane (no glyph)
yu	𨜖	2026-06-28	# SIP plane (no glyph)
yu	𨝈	2026-06-28	# SIP plane (no glyph)
yu	𨞓	2026-06-28	# SIP plane (no glyph)
yu	𨨶	2026-06-28	# SIP plane (no glyph)
yu	𨩬	2026-06-28	# SIP plane (no glyph)
yu	𨪎	2026-06-28	# SIP plane (no glyph)
yu	𨮔	2026-06-28	# SIP plane (no glyph)
yu	𨰸	2026-06-28	# SIP plane (no glyph)
yu	𨵉	2026-06-28	# SIP plane (no glyph)
yu	𨵦	2026-06-28	# SIP plane (no glyph)
yu	𨶢	2026-06-28	# SIP plane (no glyph)
yu	𨾌	2026-06-28	# SIP plane (no glyph)
yu	𩂧	2026-06-28	# SIP plane (no glyph)
yu	𩃯	2026-06-28	# SIP plane (no glyph)
yu	𩈕	2026-06-28	# SIP plane (no glyph)
yu	𩊇	2026-06-28	# SIP plane (no glyph)
yu	𩋉	2026-06-28	# SIP plane (no glyph)
yu	𩋤	2026-06-28	# SIP plane (no glyph)
yu	𩎹	2026-06-28	# SIP plane (no glyph)
yu	𩏟	2026-06-28	# SIP plane (no glyph)
yu	𩏴	2026-06-28	# SIP plane (no glyph)
yu	𩘤	2026-06-28	# SIP plane (no glyph)
yu	𩘳	2026-06-28	# SIP plane (no glyph)
yu	𩘻	2026-06-28	# SIP plane (no glyph)
yu	𩚄	2026-06-28	# SIP plane (no glyph)
yu	𩛪	2026-06-28	# SIP plane (no glyph)
yu	𩛭	2026-06-28	# SIP plane (no glyph)
yu	𩝗	2026-06-28	# SIP plane (no glyph)
yu	𩟑	2026-06-28	# SIP plane (no glyph)
yu	𩟳	2026-06-28	# SIP plane (no glyph)
yu	𩡃	2026-06-28	# SIP plane (no glyph)
yu	𩢶	2026-06-28	# SIP plane (no glyph)
yu	𩤺	2026-06-28	# SIP plane (no glyph)
yu	𩥭	2026-06-28	# SIP plane (no glyph)
yu	𩦡	2026-06-28	# SIP plane (no glyph)
yu	𩦢	2026-06-28	# SIP plane (no glyph)
yu	𩨈	2026-06-28	# SIP plane (no glyph)
yu	𩨗	2026-06-28	# SIP plane (no glyph)
yu	𩨙	2026-06-28	# SIP plane (no glyph)
yu	𩩑	2026-06-28	# SIP plane (no glyph)
yu	𩩘	2026-06-28	# SIP plane (no glyph)
yu	𩰪	2026-06-28	# SIP plane (no glyph)
yu	𩱌	2026-06-28	# SIP plane (no glyph)
yu	𩱱	2026-06-28	# SIP plane (no glyph)
yu	𩲾	2026-06-28	# SIP plane (no glyph)
yu	𩵎	2026-06-28	# SIP plane (no glyph)
yu	𩺰	2026-06-28	# SIP plane (no glyph)
yu	𪁀	2026-06-28	# SIP plane (no glyph)
yu	𪂉	2026-06-28	# SIP plane (no glyph)
yu	𪂕	2026-06-28	# SIP plane (no glyph)
yu	𪂵	2026-06-28	# SIP plane (no glyph)
yu	𪃍	2026-06-28	# SIP plane (no glyph)
yu	𪃎	2026-06-28	# SIP plane (no glyph)
yu	𪇝	2026-06-28	# SIP plane (no glyph)
yu	𪉐	2026-06-28	# SIP plane (no glyph)
yu	𪊻	2026-06-28	# SIP plane (no glyph)
yu	𪋉	2026-06-28	# SIP plane (no glyph)
yu	𪋬	2026-06-28	# SIP plane (no glyph)
yu	𪋮	2026-06-28	# SIP plane (no glyph)
yu	𪑆	2026-06-28	# SIP plane (no glyph)
yu	𪑌	2026-06-28	# SIP plane (no glyph)
yu	𪑝	2026-06-28	# SIP plane (no glyph)
yu	𪓊	2026-06-28	# SIP plane (no glyph)
yu	𫓾	2026-06-28	# SIP plane (no glyph)
yu	𫗇	2026-06-28	# SIP plane (no glyph)
yu	𫚪	2026-06-28	# SIP plane (no glyph)
yu	𫛣	2026-06-28	# SIP plane (no glyph)
yu	𫹮	2026-06-28	# SIP plane (no glyph)
yu	𬛼	2026-06-28	# SIP plane (no glyph)
yu	𬝁	2026-06-28	# SIP plane (no glyph)
yu	𬪧	2026-06-28	# SIP plane (no glyph)
yu	𬰸	2026-06-28	# SIP plane (no glyph)
yu	𬱳	2026-06-28	# SIP plane (no glyph)
yu	𬲆	2026-06-28	# SIP plane (no glyph)
yu	𭤰	2026-06-28	# SIP plane (no glyph)
yu	𮱁	2026-06-28	# SIP plane (no glyph)
yu	𰂏	2026-06-28	# SIP plane (no glyph)
yu	𰔶	2026-06-28	# SIP plane (no glyph)
yu	𰬟	2026-06-28	# SIP plane (no glyph)
yu	𰬻	2026-06-28	# SIP plane (no glyph)
yu	𰶀	2026-06-28	# SIP plane (no glyph)
yu	𰾆	2026-06-28	# SIP plane (no glyph)
yu	𰾙	2026-06-28	# SIP plane (no glyph)
yu	𰿵	2026-06-28	# SIP plane (no glyph)
yu	𱃞	2026-06-28	# SIP plane (no glyph)
yu	𱃲	2026-06-28	# SIP plane (no glyph)
yu	𱅫	2026-06-28	# SIP plane (no glyph)
yu	𱇕	2026-06-28	# SIP plane (no glyph)
yu	𱈂	2026-06-28	# SIP plane (no glyph)
yu	𱉍	2026-06-28	# SIP plane (no glyph)
yu	𱉰	2026-06-28	# SIP plane (no glyph)
yu	𱊫	2026-06-28	# SIP plane (no glyph)
yu	𱊭	2026-06-28	# SIP plane (no glyph)
yuan	𠒜	2026-06-28	# SIP plane (no glyph)
yuan	𠝳	2026-06-28	# SIP plane (no glyph)
yuan	𠩠	2026-06-28	# SIP plane (no glyph)
yuan	𡈒	2026-06-28	# SIP plane (no glyph)
yuan	𡈓	2026-06-28	# SIP plane (no glyph)
yuan	𡈛	2026-06-28	# SIP plane (no glyph)
yuan	𡢊	2026-06-28	# SIP plane (no glyph)
yuan	𡣬	2026-06-28	# SIP plane (no glyph)
yuan	𡯱	2026-06-28	# SIP plane (no glyph)
yuan	𡷡	2026-06-28	# SIP plane (no glyph)
yuan	𢂱	2026-06-28	# SIP plane (no glyph)
yuan	𢆀	2026-06-28	# SIP plane (no glyph)
yuan	𢍈	2026-06-28	# SIP plane (no glyph)
yuan	𢏮	2026-06-28	# SIP plane (no glyph)
yuan	𢐄	2026-06-28	# SIP plane (no glyph)
yuan	𢕋	2026-06-28	# SIP plane (no glyph)
yuan	𢗯	2026-06-28	# SIP plane (no glyph)
yuan	𢱽	2026-06-28	# SIP plane (no glyph)
yuan	𢷻	2026-06-28	# SIP plane (no glyph)
yuan	𣹠	2026-06-28	# SIP plane (no glyph)
yuan	𤬌	2026-06-28	# SIP plane (no glyph)
yuan	𥭞	2026-06-28	# SIP plane (no glyph)
yuan	𥰟	2026-06-28	# SIP plane (no glyph)
yuan	𥿎	2026-06-28	# SIP plane (no glyph)
yuan	𦍼	2026-06-28	# SIP plane (no glyph)
yuan	𦿂	2026-06-28	# SIP plane (no glyph)
yuan	𧉗	2026-06-28	# SIP plane (no glyph)
yuan	𧔞	2026-06-28	# SIP plane (no glyph)
yuan	𧙮	2026-06-28	# SIP plane (no glyph)
yuan	𧳭	2026-06-28	# SIP plane (no glyph)
yuan	𧻚	2026-06-28	# SIP plane (no glyph)
yuan	𨀮	2026-06-28	# SIP plane (no glyph)
yuan	𨓯	2026-06-28	# SIP plane (no glyph)
yuan	𨕗	2026-06-28	# SIP plane (no glyph)
yuan	𨖳	2026-06-28	# SIP plane (no glyph)
yuan	𨸘	2026-06-28	# SIP plane (no glyph)
yuan	𨻣	2026-06-28	# SIP plane (no glyph)
yuan	𩉯	2026-06-28	# SIP plane (no glyph)
yuan	𩌑	2026-06-28	# SIP plane (no glyph)
yuan	𩍻	2026-06-28	# SIP plane (no glyph)
yuan	𩐘	2026-06-28	# SIP plane (no glyph)
yuan	𩔃	2026-06-28	# SIP plane (no glyph)
yuan	𩕾	2026-06-28	# SIP plane (no glyph)
yuan	𩘍	2026-06-28	# SIP plane (no glyph)
yuan	𩛟	2026-06-28	# SIP plane (no glyph)
yuan	𩝸	2026-06-28	# SIP plane (no glyph)
yuan	𩟁	2026-06-28	# SIP plane (no glyph)
yuan	𩰵	2026-06-28	# SIP plane (no glyph)
yuan	𪄁	2026-06-28	# SIP plane (no glyph)
yuan	𪔅	2026-06-28	# SIP plane (no glyph)
yuan	𪔗	2026-06-28	# SIP plane (no glyph)
yuan	𪔙	2026-06-28	# SIP plane (no glyph)
yuan	𪕀	2026-06-28	# SIP plane (no glyph)
yuan	𫍠	2026-06-28	# SIP plane (no glyph)
yuan	𫖸	2026-06-28	# SIP plane (no glyph)
yuan	𫗟	2026-06-28	# SIP plane (no glyph)
yuan	𫘪	2026-06-28	# SIP plane (no glyph)
yuan	𫛫	2026-06-28	# SIP plane (no glyph)
yuan	𮷣	2026-06-28	# SIP plane (no glyph)
yuan	𮷸	2026-06-28	# SIP plane (no glyph)
yuan	𰵺	2026-06-28	# SIP plane (no glyph)
yuan	𰺑	2026-06-28	# SIP plane (no glyph)
yuan	𱇐	2026-06-28	# SIP plane (no glyph)
yuan	𱉧	2026-06-28	# SIP plane (no glyph)
yuan	𱊒	2026-06-28	# SIP plane (no glyph)
yuan	𱠸	2026-06-28	# SIP plane (no glyph)
yuan	𲍉	2026-06-28	# SIP plane (no glyph)
yue	𠏃	2026-06-28	# SIP plane (no glyph)
yue	𠔠	2026-06-28	# SIP plane (no glyph)
yue	𠨲	2026-06-28	# SIP plane (no glyph)
yue	𠩉	2026-06-28	# SIP plane (no glyph)
yue	𠪶	2026-06-28	# SIP plane (no glyph)
yue	𠯲	2026-06-28	# SIP plane (no glyph)
yue	𠾲	2026-06-28	# SIP plane (no glyph)
yue	𠿋	2026-06-28	# SIP plane (no glyph)
yue	𡆦	2026-06-28	# SIP plane (no glyph)
yue	𡆽	2026-06-28	# SIP plane (no glyph)
yue	𡛟	2026-06-28	# SIP plane (no glyph)
yue	𡡕	2026-06-28	# SIP plane (no glyph)
yue	𢁞	2026-06-28	# SIP plane (no glyph)
yue	𢦰	2026-06-28	# SIP plane (no glyph)
yue	𢯵	2026-06-28	# SIP plane (no glyph)
yue	𢾔	2026-06-28	# SIP plane (no glyph)
yue	𣌗	2026-06-28	# SIP plane (no glyph)
yue	𣎱	2026-06-28	# SIP plane (no glyph)
yue	𣐋	2026-06-28	# SIP plane (no glyph)
yue	𣤰	2026-06-28	# SIP plane (no glyph)
yue	𣦏	2026-06-28	# SIP plane (no glyph)
yue	𣨡	2026-06-28	# SIP plane (no glyph)
yue	𣻮	2026-06-28	# SIP plane (no glyph)
yue	𤑓	2026-06-28	# SIP plane (no glyph)
yue	𤓝	2026-06-28	# SIP plane (no glyph)
yue	𥆟	2026-06-28	# SIP plane (no glyph)
yue	𥩡	2026-06-28	# SIP plane (no glyph)
yue	𥸘	2026-06-28	# SIP plane (no glyph)
yue	𦋩	2026-06-28	# SIP plane (no glyph)
yue	𦚢	2026-06-28	# SIP plane (no glyph)
yue	𦣜	2026-06-28	# SIP plane (no glyph)
yue	𦤕	2026-06-28	# SIP plane (no glyph)
yue	𧀲	2026-06-28	# SIP plane (no glyph)
yue	𧅚	2026-06-28	# SIP plane (no glyph)
yue	𧇓	2026-06-28	# SIP plane (no glyph)
yue	𧕋	2026-06-28	# SIP plane (no glyph)
yue	𧤽	2026-06-28	# SIP plane (no glyph)
yue	𧨄	2026-06-28	# SIP plane (no glyph)
yue	𧹊	2026-06-28	# SIP plane (no glyph)
yue	𨁑	2026-06-28	# SIP plane (no glyph)
yue	𨈋	2026-06-28	# SIP plane (no glyph)
yue	𨊸	2026-06-28	# SIP plane (no glyph)
yue	𨒋	2026-06-28	# SIP plane (no glyph)
yue	𨙄	2026-06-28	# SIP plane (no glyph)
yue	𨳕	2026-06-28	# SIP plane (no glyph)
yue	𨷲	2026-06-28	# SIP plane (no glyph)
yue	𨸀	2026-06-28	# SIP plane (no glyph)
yue	𨸎	2026-06-28	# SIP plane (no glyph)
yue	𨿁	2026-06-28	# SIP plane (no glyph)
yue	𩁯	2026-06-28	# SIP plane (no glyph)
yue	𩎙	2026-06-28	# SIP plane (no glyph)
yue	𩓥	2026-06-28	# SIP plane (no glyph)
yue	𩚈	2026-06-28	# SIP plane (no glyph)
yue	𩜌	2026-06-28	# SIP plane (no glyph)
yue	𩱪	2026-06-28	# SIP plane (no glyph)
yue	𩱲	2026-06-28	# SIP plane (no glyph)
yue	𩿠	2026-06-28	# SIP plane (no glyph)
yue	𪁑	2026-06-28	# SIP plane (no glyph)
yue	𪒥	2026-06-28	# SIP plane (no glyph)
yue	𪘳	2026-06-28	# SIP plane (no glyph)
yue	𫐄	2026-06-28	# SIP plane (no glyph)
yue	𫖵	2026-06-28	# SIP plane (no glyph)
yue	𬘙	2026-06-28	# SIP plane (no glyph)
yue	𬸑	2026-06-28	# SIP plane (no glyph)
yue	𬸚	2026-06-28	# SIP plane (no glyph)
yue	𰎫	2026-06-28	# SIP plane (no glyph)
yue	𰩺	2026-06-28	# SIP plane (no glyph)
yue	𰹷	2026-06-28	# SIP plane (no glyph)
yue	𱊵	2026-06-28	# SIP plane (no glyph)
yue	𱥟	2026-06-28	# SIP plane (no glyph)
yun	𠈤	2026-06-28	# SIP plane (no glyph)
yun	𠚓	2026-06-28	# SIP plane (no glyph)
yun	𠣐	2026-06-28	# SIP plane (no glyph)
yun	𠱳	2026-06-28	# SIP plane (no glyph)
yun	𡅙	2026-06-28	# SIP plane (no glyph)
yun	𡖒	2026-06-28	# SIP plane (no glyph)
yun	𡢘	2026-06-28	# SIP plane (no glyph)
yun	𡲪	2026-06-28	# SIP plane (no glyph)
yun	𡽅	2026-06-28	# SIP plane (no glyph)
yun	𣂊	2026-06-28	# SIP plane (no glyph)
yun	𣍯	2026-06-28	# SIP plane (no glyph)
yun	𣖆	2026-06-28	# SIP plane (no glyph)
yun	𤈶	2026-06-28	# SIP plane (no glyph)
yun	𤶧	2026-06-28	# SIP plane (no glyph)
yun	𤸫	2026-06-28	# SIP plane (no glyph)
yun	𥐩	2026-06-28	# SIP plane (no glyph)
yun	𥠺	2026-06-28	# SIP plane (no glyph)
yun	𥬀	2026-06-28	# SIP plane (no glyph)
yun	𦅿	2026-06-28	# SIP plane (no glyph)
yun	𦈉	2026-06-28	# SIP plane (no glyph)
yun	𧉃	2026-06-28	# SIP plane (no glyph)
yun	𧡡	2026-06-28	# SIP plane (no glyph)
yun	𧥼	2026-06-28	# SIP plane (no glyph)
yun	𧬞	2026-06-28	# SIP plane (no glyph)
yun	𧶊	2026-06-28	# SIP plane (no glyph)
yun	𧼐	2026-06-28	# SIP plane (no glyph)
yun	𨍆	2026-06-28	# SIP plane (no glyph)
yun	𨛡	2026-06-28	# SIP plane (no glyph)
yun	𨷐	2026-06-28	# SIP plane (no glyph)
yun	𩁴	2026-06-28	# SIP plane (no glyph)
yun	𩂿	2026-06-28	# SIP plane (no glyph)
yun	𩏅	2026-06-28	# SIP plane (no glyph)
yun	𩏆	2026-06-28	# SIP plane (no glyph)
yun	𩴉	2026-06-28	# SIP plane (no glyph)
yun	𪉂	2026-06-28	# SIP plane (no glyph)
yun	𪍝	2026-06-28	# SIP plane (no glyph)
yun	𪏔	2026-06-28	# SIP plane (no glyph)
yun	𪏚	2026-06-28	# SIP plane (no glyph)
yun	𪘩	2026-06-28	# SIP plane (no glyph)
yun	𫕥	2026-06-28	# SIP plane (no glyph)
yun	𫖳	2026-06-28	# SIP plane (no glyph)
yun	𫗥	2026-06-28	# SIP plane (no glyph)
yun	𫟵	2026-06-28	# SIP plane (no glyph)
yun	𫯶	2026-06-28	# SIP plane (no glyph)
yun	𬒍	2026-06-28	# SIP plane (no glyph)
yun	𬺊	2026-06-28	# SIP plane (no glyph)
yun	𮱩	2026-06-28	# SIP plane (no glyph)
yun	𰌉	2026-06-28	# SIP plane (no glyph)
yun	𰬚	2026-06-28	# SIP plane (no glyph)
yun	𱂈	2026-06-28	# SIP plane (no glyph)
yun	𱂐	2026-06-28	# SIP plane (no glyph)
yun	𱌳	2026-06-28	# SIP plane (no glyph)
za	𠂝	2026-06-28	# SIP plane (no glyph)
za	𠯗	2026-06-28	# SIP plane (no glyph)
za	𠷿	2026-06-28	# SIP plane (no glyph)
za	𠽷	2026-06-28	# SIP plane (no glyph)
za	𡁕	2026-06-28	# SIP plane (no glyph)
za	𢶍	2026-06-28	# SIP plane (no glyph)
za	𢹼	2026-06-28	# SIP plane (no glyph)
za	𢽜	2026-06-28	# SIP plane (no glyph)
za	𣤷	2026-06-28	# SIP plane (no glyph)
za	𣤺	2026-06-28	# SIP plane (no glyph)
za	𣴖	2026-06-28	# SIP plane (no glyph)
za	𣸐	2026-06-28	# SIP plane (no glyph)
za	𤄔	2026-06-28	# SIP plane (no glyph)
za	𤠀	2026-06-28	# SIP plane (no glyph)
za	𥷩	2026-06-28	# SIP plane (no glyph)
za	𦠛	2026-06-28	# SIP plane (no glyph)
za	𦾬	2026-06-28	# SIP plane (no glyph)
za	𧌃	2026-06-28	# SIP plane (no glyph)
za	𧬩	2026-06-28	# SIP plane (no glyph)
za	𧾁	2026-06-28	# SIP plane (no glyph)
za	𨠿	2026-06-28	# SIP plane (no glyph)
za	𩇺	2026-06-28	# SIP plane (no glyph)
za	𩞶	2026-06-28	# SIP plane (no glyph)
za	𪚇	2026-06-28	# SIP plane (no glyph)
za	𫓬	2026-06-28	# SIP plane (no glyph)
za	𫝜	2026-06-28	# SIP plane (no glyph)
za	𰈯	2026-06-28	# SIP plane (no glyph)
za	𰉄	2026-06-28	# SIP plane (no glyph)
za	𰓟	2026-06-28	# SIP plane (no glyph)
za	𰰶	2026-06-28	# SIP plane (no glyph)
zai	𠎶	2026-06-28	# SIP plane (no glyph)
zai	𡉄	2026-06-28	# SIP plane (no glyph)
zai	𡿧	2026-06-28	# SIP plane (no glyph)
zai	𢎋	2026-06-28	# SIP plane (no glyph)
zai	𢦏	2026-06-28	# SIP plane (no glyph)
zai	𢦒	2026-06-28	# SIP plane (no glyph)
zai	𣅃	2026-06-28	# SIP plane (no glyph)
zai	𣔮	2026-06-28	# SIP plane (no glyph)
zai	𣪮	2026-06-28	# SIP plane (no glyph)
zai	𤌊	2026-06-28	# SIP plane (no glyph)
zai	𤝖	2026-06-28	# SIP plane (no glyph)
zai	𤞳	2026-06-28	# SIP plane (no glyph)
zai	𦞁	2026-06-28	# SIP plane (no glyph)
zai	𦳦	2026-06-28	# SIP plane (no glyph)
zai	𧯥	2026-06-28	# SIP plane (no glyph)
zai	𨀬	2026-06-28	# SIP plane (no glyph)
zai	𨚵	2026-06-28	# SIP plane (no glyph)
zai	𩛥	2026-06-28	# SIP plane (no glyph)
zai	𩛳	2026-06-28	# SIP plane (no glyph)
zai	𰬴	2026-06-28	# SIP plane (no glyph)
zai	𱖝	2026-06-28	# SIP plane (no glyph)
zai	𱖞	2026-06-28	# SIP plane (no glyph)
zan	𠼗	2026-06-28	# SIP plane (no glyph)
zan	𡡖	2026-06-28	# SIP plane (no glyph)
zan	𢄤	2026-06-28	# SIP plane (no glyph)
zan	𣸄	2026-06-28	# SIP plane (no glyph)
zan	𥎑	2026-06-28	# SIP plane (no glyph)
zan	𥜙	2026-06-28	# SIP plane (no glyph)
zan	𥳋	2026-06-28	# SIP plane (no glyph)
zan	𥸢	2026-06-28	# SIP plane (no glyph)
zan	𧄽	2026-06-28	# SIP plane (no glyph)
zan	𨖋	2026-06-28	# SIP plane (no glyph)
zan	𨘄	2026-06-28	# SIP plane (no glyph)
zan	𨙏	2026-06-28	# SIP plane (no glyph)
zan	𩛻	2026-06-28	# SIP plane (no glyph)
zan	𩯒	2026-06-28	# SIP plane (no glyph)
zan	𩯳	2026-06-28	# SIP plane (no glyph)
zan	𪷽	2026-06-28	# SIP plane (no glyph)
zan	𫏐	2026-06-28	# SIP plane (no glyph)
zan	𫪚	2026-06-28	# SIP plane (no glyph)
zan	𫲗	2026-06-28	# SIP plane (no glyph)
zan	𬡷	2026-06-28	# SIP plane (no glyph)
zan	𬤮	2026-06-28	# SIP plane (no glyph)
zan	𰃆	2026-06-28	# SIP plane (no glyph)
zan	𰾷	2026-06-28	# SIP plane (no glyph)
zan	𱄊	2026-06-28	# SIP plane (no glyph)
zang	𡁧	2026-06-28	# SIP plane (no glyph)
zang	𡅆	2026-06-28	# SIP plane (no glyph)
zang	𢈜	2026-06-28	# SIP plane (no glyph)
zang	𢍿	2026-06-28	# SIP plane (no glyph)
zang	𣻟	2026-06-28	# SIP plane (no glyph)
zang	𤃼	2026-06-28	# SIP plane (no glyph)
zang	𤛻	2026-06-28	# SIP plane (no glyph)
zang	𤞛	2026-06-28	# SIP plane (no glyph)
zang	𦟃	2026-06-28	# SIP plane (no glyph)
zang	𧕨	2026-06-28	# SIP plane (no glyph)
zang	𨌄	2026-06-28	# SIP plane (no glyph)
zang	𪓅	2026-06-28	# SIP plane (no glyph)
zang	𬨋	2026-06-28	# SIP plane (no glyph)
zang	𮷚	2026-06-28	# SIP plane (no glyph)
zang	𰷭	2026-06-28	# SIP plane (no glyph)
zang	𱣹	2026-06-28	# SIP plane (no glyph)
zao	𠙬	2026-06-28	# SIP plane (no glyph)
zao	𠴵	2026-06-28	# SIP plane (no glyph)
zao	𡌣	2026-06-28	# SIP plane (no glyph)
zao	𡐋	2026-06-28	# SIP plane (no glyph)
zao	𡨗	2026-06-28	# SIP plane (no glyph)
zao	𢄀	2026-06-28	# SIP plane (no glyph)
zao	𢑖	2026-06-28	# SIP plane (no glyph)
zao	𢲵	2026-06-28	# SIP plane (no glyph)
zao	𢵥	2026-06-28	# SIP plane (no glyph)
zao	𣍖	2026-06-28	# SIP plane (no glyph)
zao	𣩒	2026-06-28	# SIP plane (no glyph)
zao	𣴢	2026-06-28	# SIP plane (no glyph)
zao	𤍜	2026-06-28	# SIP plane (no glyph)
zao	𤞋	2026-06-28	# SIP plane (no glyph)
zao	𤟀	2026-06-28	# SIP plane (no glyph)
zao	𤩨	2026-06-28	# SIP plane (no glyph)
zao	𥀛	2026-06-28	# SIP plane (no glyph)
zao	𥖨	2026-06-28	# SIP plane (no glyph)
zao	𦯑	2026-06-28	# SIP plane (no glyph)
zao	𦵩	2026-06-28	# SIP plane (no glyph)
zao	𧈹	2026-06-28	# SIP plane (no glyph)
zao	𧎮	2026-06-28	# SIP plane (no glyph)
zao	𨎮	2026-06-28	# SIP plane (no glyph)
zao	𨐉	2026-06-28	# SIP plane (no glyph)
zao	𨒽	2026-06-28	# SIP plane (no glyph)
zao	𨚰	2026-06-28	# SIP plane (no glyph)
zao	𨠷	2026-06-28	# SIP plane (no glyph)
zao	𪙡	2026-06-28	# SIP plane (no glyph)
zao	𬤨	2026-06-28	# SIP plane (no glyph)
zao	𰞷	2026-06-28	# SIP plane (no glyph)
zao	𲂓	2026-06-28	# SIP plane (no glyph)
ze	𠟻	2026-06-28	# SIP plane (no glyph)
ze	𠨻	2026-06-28	# SIP plane (no glyph)
ze	𡵗	2026-06-28	# SIP plane (no glyph)
ze	𡸈	2026-06-28	# SIP plane (no glyph)
ze	𡸦	2026-06-28	# SIP plane (no glyph)
ze	𡹨	2026-06-28	# SIP plane (no glyph)
ze	𢧠	2026-06-28	# SIP plane (no glyph)
ze	𢮚	2026-06-28	# SIP plane (no glyph)
ze	𢯩	2026-06-28	# SIP plane (no glyph)
ze	𣆽	2026-06-28	# SIP plane (no glyph)
ze	𣛸	2026-06-28	# SIP plane (no glyph)
ze	𣤈	2026-06-28	# SIP plane (no glyph)
ze	𣬿	2026-06-28	# SIP plane (no glyph)
ze	𣼦	2026-06-28	# SIP plane (no glyph)
ze	𣿐	2026-06-28	# SIP plane (no glyph)
ze	𤖓	2026-06-28	# SIP plane (no glyph)
ze	𤝢	2026-06-28	# SIP plane (no glyph)
ze	𤢟	2026-06-28	# SIP plane (no glyph)
ze	𤾀	2026-06-28	# SIP plane (no glyph)
ze	𥍱	2026-06-28	# SIP plane (no glyph)
ze	𥎍	2026-06-28	# SIP plane (no glyph)
ze	𥟔	2026-06-28	# SIP plane (no glyph)
ze	𥼃	2026-06-28	# SIP plane (no glyph)
ze	𦔈	2026-06-28	# SIP plane (no glyph)
ze	𦟜	2026-06-28	# SIP plane (no glyph)
ze	𧶷	2026-06-28	# SIP plane (no glyph)
ze	𨕠	2026-06-28	# SIP plane (no glyph)
ze	𨖊	2026-06-28	# SIP plane (no glyph)
ze	𩂖	2026-06-28	# SIP plane (no glyph)
ze	𩄾	2026-06-28	# SIP plane (no glyph)
ze	𩌪	2026-06-28	# SIP plane (no glyph)
ze	𩔳	2026-06-28	# SIP plane (no glyph)
ze	𩾸	2026-06-28	# SIP plane (no glyph)
ze	𪌟	2026-06-28	# SIP plane (no glyph)
ze	𪪴	2026-06-28	# SIP plane (no glyph)
ze	𫋷	2026-06-28	# SIP plane (no glyph)
ze	𫖴	2026-06-28	# SIP plane (no glyph)
ze	𫜬	2026-06-28	# SIP plane (no glyph)
ze	𫼤	2026-06-28	# SIP plane (no glyph)
ze	𬺉	2026-06-28	# SIP plane (no glyph)
ze	𰌇	2026-06-28	# SIP plane (no glyph)
ze	𰎖	2026-06-28	# SIP plane (no glyph)
ze	𰦰	2026-06-28	# SIP plane (no glyph)
ze	𰲵	2026-06-28	# SIP plane (no glyph)
ze	𱉟	2026-06-28	# SIP plane (no glyph)
ze	𱌬	2026-06-28	# SIP plane (no glyph)
zei	𢨗	2026-06-28	# SIP plane (no glyph)
zei	𦽒	2026-06-28	# SIP plane (no glyph)
zei	𧒿	2026-06-28	# SIP plane (no glyph)
zei	𨆎	2026-06-28	# SIP plane (no glyph)
zei	𬝠	2026-06-28	# SIP plane (no glyph)
zei	𬠠	2026-06-28	# SIP plane (no glyph)
zeng	𡡑	2026-06-28	# SIP plane (no glyph)
zeng	𡾽	2026-06-28	# SIP plane (no glyph)
zeng	𤎯	2026-06-28	# SIP plane (no glyph)
zeng	𦀓	2026-06-28	# SIP plane (no glyph)
zeng	𦼏	2026-06-28	# SIP plane (no glyph)
zeng	𧢐	2026-06-28	# SIP plane (no glyph)
zeng	𨲯	2026-06-28	# SIP plane (no glyph)
zeng	𪒟	2026-06-28	# SIP plane (no glyph)
zeng	𪙭	2026-06-28	# SIP plane (no glyph)
zeng	𬤤	2026-06-28	# SIP plane (no glyph)
zha	𠍹	2026-06-28	# SIP plane (no glyph)
zha	𠓣	2026-06-28	# SIP plane (no glyph)
zha	𠝚	2026-06-28	# SIP plane (no glyph)
zha	𠢙	2026-06-28	# SIP plane (no glyph)
zha	𠢡	2026-06-28	# SIP plane (no glyph)
zha	𠭯	2026-06-28	# SIP plane (no glyph)
zha	𠯩	2026-06-28	# SIP plane (no glyph)
zha	𠰏	2026-06-28	# SIP plane (no glyph)
zha	𠽣	2026-06-28	# SIP plane (no glyph)
zha	𡎫	2026-06-28	# SIP plane (no glyph)
zha	𡗸	2026-06-28	# SIP plane (no glyph)
zha	𡟢	2026-06-28	# SIP plane (no glyph)
zha	𢄄	2026-06-28	# SIP plane (no glyph)
zha	𢕮	2026-06-28	# SIP plane (no glyph)
zha	𢧖	2026-06-28	# SIP plane (no glyph)
zha	𢧻	2026-06-28	# SIP plane (no glyph)
zha	𣛽	2026-06-28	# SIP plane (no glyph)
zha	𣟦	2026-06-28	# SIP plane (no glyph)
zha	𣧖	2026-06-28	# SIP plane (no glyph)
zha	𣽛	2026-06-28	# SIP plane (no glyph)
zha	𤁳	2026-06-28	# SIP plane (no glyph)
zha	𤈩	2026-06-28	# SIP plane (no glyph)
zha	𤡨	2026-06-28	# SIP plane (no glyph)
zha	𤰦	2026-06-28	# SIP plane (no glyph)
zha	𤵦	2026-06-28	# SIP plane (no glyph)
zha	𤹡	2026-06-28	# SIP plane (no glyph)
zha	𥀈	2026-06-28	# SIP plane (no glyph)
zha	𥀉	2026-06-28	# SIP plane (no glyph)
zha	𥡧	2026-06-28	# SIP plane (no glyph)
zha	𥹁	2026-06-28	# SIP plane (no glyph)
zha	𦂉	2026-06-28	# SIP plane (no glyph)
zha	𦑯	2026-06-28	# SIP plane (no glyph)
zha	𦟰	2026-06-28	# SIP plane (no glyph)
zha	𦳏	2026-06-28	# SIP plane (no glyph)
zha	𧄠	2026-06-28	# SIP plane (no glyph)
zha	𧉫	2026-06-28	# SIP plane (no glyph)
zha	𧧻	2026-06-28	# SIP plane (no glyph)
zha	𧨊	2026-06-28	# SIP plane (no glyph)
zha	𧨿	2026-06-28	# SIP plane (no glyph)
zha	𧩫	2026-06-28	# SIP plane (no glyph)
zha	𧬅	2026-06-28	# SIP plane (no glyph)
zha	𧶇	2026-06-28	# SIP plane (no glyph)
zha	𧼰	2026-06-28	# SIP plane (no glyph)
zha	𧼶	2026-06-28	# SIP plane (no glyph)
zha	𧽅	2026-06-28	# SIP plane (no glyph)
zha	𧿌	2026-06-28	# SIP plane (no glyph)
zha	𨂵	2026-06-28	# SIP plane (no glyph)
zha	𨅓	2026-06-28	# SIP plane (no glyph)
zha	𨋘	2026-06-28	# SIP plane (no glyph)
zha	𨡗	2026-06-28	# SIP plane (no glyph)
zha	𩃡	2026-06-28	# SIP plane (no glyph)
zha	𩃹	2026-06-28	# SIP plane (no glyph)
zha	𩥠	2026-06-28	# SIP plane (no glyph)
zha	𩩥	2026-06-28	# SIP plane (no glyph)
zha	𩬟	2026-06-28	# SIP plane (no glyph)
zha	𩮎	2026-06-28	# SIP plane (no glyph)
zha	𩳶	2026-06-28	# SIP plane (no glyph)
zha	𩶱	2026-06-28	# SIP plane (no glyph)
zha	𩻢	2026-06-28	# SIP plane (no glyph)
zha	𩼫	2026-06-28	# SIP plane (no glyph)
zha	𩽽	2026-06-28	# SIP plane (no glyph)
zha	𩿤	2026-06-28	# SIP plane (no glyph)
zha	𪗭	2026-06-28	# SIP plane (no glyph)
zha	𪗵	2026-06-28	# SIP plane (no glyph)
zha	𫛠	2026-06-28	# SIP plane (no glyph)
zha	𬘲	2026-06-28	# SIP plane (no glyph)
zha	𬣶	2026-06-28	# SIP plane (no glyph)
zha	𬣾	2026-06-28	# SIP plane (no glyph)
zha	𬤜	2026-06-28	# SIP plane (no glyph)
zha	𬶣	2026-06-28	# SIP plane (no glyph)
zha	𬺀	2026-06-28	# SIP plane (no glyph)
zha	𰶄	2026-06-28	# SIP plane (no glyph)
zha	𰿇	2026-06-28	# SIP plane (no glyph)
zha	𱚝	2026-06-28	# SIP plane (no glyph)
zha	𱨙	2026-06-28	# SIP plane (no glyph)
zha	𱻴	2026-06-28	# SIP plane (no glyph)
zhai	𠏰	2026-06-28	# SIP plane (no glyph)
zhai	𠑞	2026-06-28	# SIP plane (no glyph)
zhai	𠞶	2026-06-28	# SIP plane (no glyph)
zhai	𠵠	2026-06-28	# SIP plane (no glyph)
zhai	𠷒	2026-06-28	# SIP plane (no glyph)
zhai	𡅓	2026-06-28	# SIP plane (no glyph)
zhai	𡍥	2026-06-28	# SIP plane (no glyph)
zhai	𢋿	2026-06-28	# SIP plane (no glyph)
zhai	𢯌	2026-06-28	# SIP plane (no glyph)
zhai	𢴨	2026-06-28	# SIP plane (no glyph)
zhai	𣩭	2026-06-28	# SIP plane (no glyph)
zhai	𤞮	2026-06-28	# SIP plane (no glyph)
zhai	𤢒	2026-06-28	# SIP plane (no glyph)
zhai	𤻦	2026-06-28	# SIP plane (no glyph)
zhai	𥍪	2026-06-28	# SIP plane (no glyph)
zhai	𥞅	2026-06-28	# SIP plane (no glyph)
zhai	𥰾	2026-06-28	# SIP plane (no glyph)
zhai	𦑱	2026-06-28	# SIP plane (no glyph)
zhai	𦤧	2026-06-28	# SIP plane (no glyph)
zhai	𧲻	2026-06-28	# SIP plane (no glyph)
zhai	𧻍	2026-06-28	# SIP plane (no glyph)
zhai	𨅪	2026-06-28	# SIP plane (no glyph)
zhai	𨝋	2026-06-28	# SIP plane (no glyph)
zhai	𩏪	2026-06-28	# SIP plane (no glyph)
zhai	𩏽	2026-06-28	# SIP plane (no glyph)
zhai	𩝿	2026-06-28	# SIP plane (no glyph)
zhai	𩬫	2026-06-28	# SIP plane (no glyph)
zhai	𩱳	2026-06-28	# SIP plane (no glyph)
zhai	𪀥	2026-06-28	# SIP plane (no glyph)
zhai	𪑽	2026-06-28	# SIP plane (no glyph)
zhai	𪗒	2026-06-28	# SIP plane (no glyph)
zhai	𪗓	2026-06-28	# SIP plane (no glyph)
zhai	𪘇	2026-06-28	# SIP plane (no glyph)
zhai	𪘨	2026-06-28	# SIP plane (no glyph)
zhai	𪚎	2026-06-28	# SIP plane (no glyph)
zhai	𰗛	2026-06-28	# SIP plane (no glyph)
zhai	𰽨	2026-06-28	# SIP plane (no glyph)
zhai	𱌴	2026-06-28	# SIP plane (no glyph)
zhan	𠌲	2026-06-28	# SIP plane (no glyph)
zhan	𠟉	2026-06-28	# SIP plane (no glyph)
zhan	𠟧	2026-06-28	# SIP plane (no glyph)
zhan	𡁳	2026-06-28	# SIP plane (no glyph)
zhan	𡅹	2026-06-28	# SIP plane (no glyph)
zhan	𡓦	2026-06-28	# SIP plane (no glyph)
zhan	𡕁	2026-06-28	# SIP plane (no glyph)
zhan	𡭞	2026-06-28	# SIP plane (no glyph)
zhan	𡽻	2026-06-28	# SIP plane (no glyph)
zhan	𢅺	2026-06-28	# SIP plane (no glyph)
zhan	𢈽	2026-06-28	# SIP plane (no glyph)
zhan	𢤚	2026-06-28	# SIP plane (no glyph)
zhan	𢧐	2026-06-28	# SIP plane (no glyph)
zhan	𢧗	2026-06-28	# SIP plane (no glyph)
zhan	𣀁	2026-06-28	# SIP plane (no glyph)
zhan	𣛷	2026-06-28	# SIP plane (no glyph)
zhan	𣢤	2026-06-28	# SIP plane (no glyph)
zhan	𣮿	2026-06-28	# SIP plane (no glyph)
zhan	𣳤	2026-06-28	# SIP plane (no glyph)
zhan	𤖆	2026-06-28	# SIP plane (no glyph)
zhan	𤘇	2026-06-28	# SIP plane (no glyph)
zhan	𤜇	2026-06-28	# SIP plane (no glyph)
zhan	𥇢	2026-06-28	# SIP plane (no glyph)
zhan	𥙡	2026-06-28	# SIP plane (no glyph)
zhan	𥴐	2026-06-28	# SIP plane (no glyph)
zhan	𥶕	2026-06-28	# SIP plane (no glyph)
zhan	𥿜	2026-06-28	# SIP plane (no glyph)
zhan	𦈻	2026-06-28	# SIP plane (no glyph)
zhan	𦗢	2026-06-28	# SIP plane (no glyph)
zhan	𦧚	2026-06-28	# SIP plane (no glyph)
zhan	𦪣	2026-06-28	# SIP plane (no glyph)
zhan	𧀡	2026-06-28	# SIP plane (no glyph)
zhan	𧂁	2026-06-28	# SIP plane (no glyph)
zhan	𧋱	2026-06-28	# SIP plane (no glyph)
zhan	𧎰	2026-06-28	# SIP plane (no glyph)
zhan	𧒝	2026-06-28	# SIP plane (no glyph)
zhan	𧔡	2026-06-28	# SIP plane (no glyph)
zhan	𧖉	2026-06-28	# SIP plane (no glyph)
zhan	𧙭	2026-06-28	# SIP plane (no glyph)
zhan	𧝑	2026-06-28	# SIP plane (no glyph)
zhan	𧬆	2026-06-28	# SIP plane (no glyph)
zhan	𧮪	2026-06-28	# SIP plane (no glyph)
zhan	𧮺	2026-06-28	# SIP plane (no glyph)
zhan	𧲮	2026-06-28	# SIP plane (no glyph)
zhan	𧸪	2026-06-28	# SIP plane (no glyph)
zhan	𧽆	2026-06-28	# SIP plane (no glyph)
zhan	𧾍	2026-06-28	# SIP plane (no glyph)
zhan	𨇩	2026-06-28	# SIP plane (no glyph)
zhan	𨊈	2026-06-28	# SIP plane (no glyph)
zhan	𨣁	2026-06-28	# SIP plane (no glyph)
zhan	𨣚	2026-06-28	# SIP plane (no glyph)
zhan	𨫀	2026-06-28	# SIP plane (no glyph)
zhan	𨭖	2026-06-28	# SIP plane (no glyph)
zhan	𨺿	2026-06-28	# SIP plane (no glyph)
zhan	𨼈	2026-06-28	# SIP plane (no glyph)
zhan	𨼮	2026-06-28	# SIP plane (no glyph)
zhan	𩆯	2026-06-28	# SIP plane (no glyph)
zhan	𩉗	2026-06-28	# SIP plane (no glyph)
zhan	𩔣	2026-06-28	# SIP plane (no glyph)
zhan	𩕊	2026-06-28	# SIP plane (no glyph)
zhan	𩥇	2026-06-28	# SIP plane (no glyph)
zhan	𩨍	2026-06-28	# SIP plane (no glyph)
zhan	𩰃	2026-06-28	# SIP plane (no glyph)
zhan	𩼼	2026-06-28	# SIP plane (no glyph)
zhan	𪃋	2026-06-28	# SIP plane (no glyph)
zhan	𪉜	2026-06-28	# SIP plane (no glyph)
zhan	𪏉	2026-06-28	# SIP plane (no glyph)
zhan	𪗦	2026-06-28	# SIP plane (no glyph)
zhan	𪘪	2026-06-28	# SIP plane (no glyph)
zhan	𪡏	2026-06-28	# SIP plane (no glyph)
zhan	𫔑	2026-06-28	# SIP plane (no glyph)
zhan	𫗞	2026-06-28	# SIP plane (no glyph)
zhan	𫗴	2026-06-28	# SIP plane (no glyph)
zhan	𫘰	2026-06-28	# SIP plane (no glyph)
zhan	𬍙	2026-06-28	# SIP plane (no glyph)
zhan	𬘜	2026-06-28	# SIP plane (no glyph)
zhan	𬥿	2026-06-28	# SIP plane (no glyph)
zhan	𬪨	2026-06-28	# SIP plane (no glyph)
zhan	𬭫	2026-06-28	# SIP plane (no glyph)
zhan	𬱱	2026-06-28	# SIP plane (no glyph)
zhan	𬸵	2026-06-28	# SIP plane (no glyph)
zhan	𰊅	2026-06-28	# SIP plane (no glyph)
zhan	𰲠	2026-06-28	# SIP plane (no glyph)
zhan	𰲳	2026-06-28	# SIP plane (no glyph)
zhan	𰵨	2026-06-28	# SIP plane (no glyph)
zhan	𰹼	2026-06-28	# SIP plane (no glyph)
zhan	𰺞	2026-06-28	# SIP plane (no glyph)
zhan	𱂷	2026-06-28	# SIP plane (no glyph)
zhan	𱌵	2026-06-28	# SIP plane (no glyph)
zhan	𱔯	2026-06-28	# SIP plane (no glyph)
zhang	𠅹	2026-06-28	# SIP plane (no glyph)
zhang	𠫝	2026-06-28	# SIP plane (no glyph)
zhang	𡈠	2026-06-28	# SIP plane (no glyph)
zhang	𡑄	2026-06-28	# SIP plane (no glyph)
zhang	𡚹	2026-06-28	# SIP plane (no glyph)
zhang	𢕎	2026-06-28	# SIP plane (no glyph)
zhang	𢕔	2026-06-28	# SIP plane (no glyph)
zhang	𢩰	2026-06-28	# SIP plane (no glyph)
zhang	𢪾	2026-06-28	# SIP plane (no glyph)
zhang	𢷢	2026-06-28	# SIP plane (no glyph)
zhang	𣌞	2026-06-28	# SIP plane (no glyph)
zhang	𣾦	2026-06-28	# SIP plane (no glyph)
zhang	𤍤	2026-06-28	# SIP plane (no glyph)
zhang	𤓯	2026-06-28	# SIP plane (no glyph)
zhang	𤕄	2026-06-28	# SIP plane (no glyph)
zhang	𥳶	2026-06-28	# SIP plane (no glyph)
zhang	𦺡	2026-06-28	# SIP plane (no glyph)
zhang	𧐊	2026-06-28	# SIP plane (no glyph)
zhang	𧹔	2026-06-28	# SIP plane (no glyph)
zhang	𧽣	2026-06-28	# SIP plane (no glyph)
zhang	𨄰	2026-06-28	# SIP plane (no glyph)
zhang	𩌬	2026-06-28	# SIP plane (no glyph)
zhang	𩭫	2026-06-28	# SIP plane (no glyph)
zhang	𪅂	2026-06-28	# SIP plane (no glyph)
zhang	𪽪	2026-06-28	# SIP plane (no glyph)
zhang	𫗠	2026-06-28	# SIP plane (no glyph)
zhang	𫜂	2026-06-28	# SIP plane (no glyph)
zhang	𫠒	2026-06-28	# SIP plane (no glyph)
zhang	𬦵	2026-06-28	# SIP plane (no glyph)
zhang	𰪭	2026-06-28	# SIP plane (no glyph)
zhao	𠕖	2026-06-28	# SIP plane (no glyph)
zhao	𠕭	2026-06-28	# SIP plane (no glyph)
zhao	𠟅	2026-06-28	# SIP plane (no glyph)
zhao	𠠄	2026-06-28	# SIP plane (no glyph)
zhao	𠻥	2026-06-28	# SIP plane (no glyph)
zhao	𡖎	2026-06-28	# SIP plane (no glyph)
zhao	𡱜	2026-06-28	# SIP plane (no glyph)
zhao	𢁬	2026-06-28	# SIP plane (no glyph)
zhao	𢗈	2026-06-28	# SIP plane (no glyph)
zhao	𢡰	2026-06-28	# SIP plane (no glyph)
zhao	𣋍	2026-06-28	# SIP plane (no glyph)
zhao	𣠜	2026-06-28	# SIP plane (no glyph)
zhao	𤍒	2026-06-28	# SIP plane (no glyph)
zhao	𤙔	2026-06-28	# SIP plane (no glyph)
zhao	𤿘	2026-06-28	# SIP plane (no glyph)
zhao	𥏨	2026-06-28	# SIP plane (no glyph)
zhao	𥵤	2026-06-28	# SIP plane (no glyph)
zhao	𦗔	2026-06-28	# SIP plane (no glyph)
zhao	𦬔	2026-06-28	# SIP plane (no glyph)
zhao	𦹫	2026-06-28	# SIP plane (no glyph)
zhao	𦺓	2026-06-28	# SIP plane (no glyph)
zhao	𧳝	2026-06-28	# SIP plane (no glyph)
zhao	𧳻	2026-06-28	# SIP plane (no glyph)
zhao	𨱻	2026-06-28	# SIP plane (no glyph)
zhao	𨹸	2026-06-28	# SIP plane (no glyph)
zhao	𩘀	2026-06-28	# SIP plane (no glyph)
zhao	𩙩	2026-06-28	# SIP plane (no glyph)
zhao	𬬲	2026-06-28	# SIP plane (no glyph)
zhao	𬬿	2026-06-28	# SIP plane (no glyph)
zhao	𬭡	2026-06-28	# SIP plane (no glyph)
zhao	𬶐	2026-06-28	# SIP plane (no glyph)
zhe	𠌮	2026-06-28	# SIP plane (no glyph)
zhe	𠚱	2026-06-28	# SIP plane (no glyph)
zhe	𠝝	2026-06-28	# SIP plane (no glyph)
zhe	𠞃	2026-06-28	# SIP plane (no glyph)
zhe	𠯓	2026-06-28	# SIP plane (no glyph)
zhe	𠽻	2026-06-28	# SIP plane (no glyph)
zhe	𠾀	2026-06-28	# SIP plane (no glyph)
zhe	𡂭	2026-06-28	# SIP plane (no glyph)
zhe	𡄡	2026-06-28	# SIP plane (no glyph)
zhe	𡇠	2026-06-28	# SIP plane (no glyph)
zhe	𡘭	2026-06-28	# SIP plane (no glyph)
zhe	𡜯	2026-06-28	# SIP plane (no glyph)
zhe	𡝊	2026-06-28	# SIP plane (no glyph)
zhe	𢟯	2026-06-28	# SIP plane (no glyph)
zhe	𢢍	2026-06-28	# SIP plane (no glyph)
zhe	𢫰	2026-06-28	# SIP plane (no glyph)
zhe	𢬴	2026-06-28	# SIP plane (no glyph)
zhe	𣇧	2026-06-28	# SIP plane (no glyph)
zhe	𣙵	2026-06-28	# SIP plane (no glyph)
zhe	𣠞	2026-06-28	# SIP plane (no glyph)
zhe	𣶋	2026-06-28	# SIP plane (no glyph)
zhe	𣻩	2026-06-28	# SIP plane (no glyph)
zhe	𤜤	2026-06-28	# SIP plane (no glyph)
zhe	𤟍	2026-06-28	# SIP plane (no glyph)
zhe	𤮱	2026-06-28	# SIP plane (no glyph)
zhe	𥏯	2026-06-28	# SIP plane (no glyph)
zhe	𥐽	2026-06-28	# SIP plane (no glyph)
zhe	𥑡	2026-06-28	# SIP plane (no glyph)
zhe	𥕣	2026-06-28	# SIP plane (no glyph)
zhe	𥛧	2026-06-28	# SIP plane (no glyph)
zhe	𥤋	2026-06-28	# SIP plane (no glyph)
zhe	𥧮	2026-06-28	# SIP plane (no glyph)
zhe	𥭙	2026-06-28	# SIP plane (no glyph)
zhe	𦅄	2026-06-28	# SIP plane (no glyph)
zhe	𦔮	2026-06-28	# SIP plane (no glyph)
zhe	𦗑	2026-06-28	# SIP plane (no glyph)
zhe	𦗗	2026-06-28	# SIP plane (no glyph)
zhe	𦞥	2026-06-28	# SIP plane (no glyph)
zhe	𦠟	2026-06-28	# SIP plane (no glyph)
zhe	𦠠	2026-06-28	# SIP plane (no glyph)
zhe	𦠣	2026-06-28	# SIP plane (no glyph)
zhe	𦬃	2026-06-28	# SIP plane (no glyph)
zhe	𦯍	2026-06-28	# SIP plane (no glyph)
zhe	𧀹	2026-06-28	# SIP plane (no glyph)
zhe	𧎴	2026-06-28	# SIP plane (no glyph)
zhe	𧑧	2026-06-28	# SIP plane (no glyph)
zhe	𧤠	2026-06-28	# SIP plane (no glyph)
zhe	𧲢	2026-06-28	# SIP plane (no glyph)
zhe	𨅊	2026-06-28	# SIP plane (no glyph)
zhe	𨐃	2026-06-28	# SIP plane (no glyph)
zhe	𨰵	2026-06-28	# SIP plane (no glyph)
zhe	𨵊	2026-06-28	# SIP plane (no glyph)
zhe	𩊵	2026-06-28	# SIP plane (no glyph)
zhe	𩐶	2026-06-28	# SIP plane (no glyph)
zhe	𩢐	2026-06-28	# SIP plane (no glyph)
zhe	𩣩	2026-06-28	# SIP plane (no glyph)
zhe	𩤜	2026-06-28	# SIP plane (no glyph)
zhe	𪐏	2026-06-28	# SIP plane (no glyph)
zhe	𪚥	2026-06-28	# SIP plane (no glyph)
zhe	𫌇	2026-06-28	# SIP plane (no glyph)
zhe	𫘮	2026-06-28	# SIP plane (no glyph)
zhe	𫚚	2026-06-28	# SIP plane (no glyph)
zhe	𬥄	2026-06-28	# SIP plane (no glyph)
zhe	𬬇	2026-06-28	# SIP plane (no glyph)
zhe	𰺋	2026-06-28	# SIP plane (no glyph)
zhe	𰽿	2026-06-28	# SIP plane (no glyph)
zhe	𱄽	2026-06-28	# SIP plane (no glyph)
zhen	𠘱	2026-06-28	# SIP plane (no glyph)
zhen	𠛶	2026-06-28	# SIP plane (no glyph)
zhen	𠠹	2026-06-28	# SIP plane (no glyph)
zhen	𠬓	2026-06-28	# SIP plane (no glyph)
zhen	𠵧	2026-06-28	# SIP plane (no glyph)
zhen	𠸸	2026-06-28	# SIP plane (no glyph)
zhen	𡇑	2026-06-28	# SIP plane (no glyph)
zhen	𡇖	2026-06-28	# SIP plane (no glyph)
zhen	𡈿	2026-06-28	# SIP plane (no glyph)
zhen	𡻈	2026-06-28	# SIP plane (no glyph)
zhen	𢏈	2026-06-28	# SIP plane (no glyph)
zhen	𣃵	2026-06-28	# SIP plane (no glyph)
zhen	𣏖	2026-06-28	# SIP plane (no glyph)
zhen	𣒅	2026-06-28	# SIP plane (no glyph)
zhen	𣓀	2026-06-28	# SIP plane (no glyph)
zhen	𣬻	2026-06-28	# SIP plane (no glyph)
zhen	𣱽	2026-06-28	# SIP plane (no glyph)
zhen	𣿎	2026-06-28	# SIP plane (no glyph)
zhen	𤚨	2026-06-28	# SIP plane (no glyph)
zhen	𤷌	2026-06-28	# SIP plane (no glyph)
zhen	𥅘	2026-06-28	# SIP plane (no glyph)
zhen	𥌃	2026-06-28	# SIP plane (no glyph)
zhen	𥖘	2026-06-28	# SIP plane (no glyph)
zhen	𥤤	2026-06-28	# SIP plane (no glyph)
zhen	𥪘	2026-06-28	# SIP plane (no glyph)
zhen	𦳳	2026-06-28	# SIP plane (no glyph)
zhen	𦸮	2026-06-28	# SIP plane (no glyph)
zhen	𧠝	2026-06-28	# SIP plane (no glyph)
zhen	𧤛	2026-06-28	# SIP plane (no glyph)
zhen	𧮬	2026-06-28	# SIP plane (no glyph)
zhen	𨌑	2026-06-28	# SIP plane (no glyph)
zhen	𨏤	2026-06-28	# SIP plane (no glyph)
zhen	𨱅	2026-06-28	# SIP plane (no glyph)
zhen	𨳌	2026-06-28	# SIP plane (no glyph)
zhen	𨸬	2026-06-28	# SIP plane (no glyph)
zhen	𩄛	2026-06-28	# SIP plane (no glyph)
zhen	𩇜	2026-06-28	# SIP plane (no glyph)
zhen	𩊡	2026-06-28	# SIP plane (no glyph)
zhen	𩊨	2026-06-28	# SIP plane (no glyph)
zhen	𩑘	2026-06-28	# SIP plane (no glyph)
zhen	𩒀	2026-06-28	# SIP plane (no glyph)
zhen	𩒈	2026-06-28	# SIP plane (no glyph)
zhen	𩒪	2026-06-28	# SIP plane (no glyph)
zhen	𩬖	2026-06-28	# SIP plane (no glyph)
zhen	𩾺	2026-06-28	# SIP plane (no glyph)
zhen	𪁧	2026-06-28	# SIP plane (no glyph)
zhen	𪇳	2026-06-28	# SIP plane (no glyph)
zhen	𪉕	2026-06-28	# SIP plane (no glyph)
zhen	𪐲	2026-06-28	# SIP plane (no glyph)
zhen	𪑳	2026-06-28	# SIP plane (no glyph)
zhen	𪠟	2026-06-28	# SIP plane (no glyph)
zhen	𫍨	2026-06-28	# SIP plane (no glyph)
zhen	𫖫	2026-06-28	# SIP plane (no glyph)
zhen	𫖬	2026-06-28	# SIP plane (no glyph)
zhen	𬘝	2026-06-28	# SIP plane (no glyph)
zhen	𬹕	2026-06-28	# SIP plane (no glyph)
zhen	𮬤	2026-06-28	# SIP plane (no glyph)
zhen	𰬛	2026-06-28	# SIP plane (no glyph)
zhen	𰺖	2026-06-28	# SIP plane (no glyph)
zhen	𰾗	2026-06-28	# SIP plane (no glyph)
zhen	𰿦	2026-06-28	# SIP plane (no glyph)
zhen	𱅇	2026-06-28	# SIP plane (no glyph)
zhen	𱊙	2026-06-28	# SIP plane (no glyph)
zhen	𲁉	2026-06-28	# SIP plane (no glyph)
zheng	𠏫	2026-06-28	# SIP plane (no glyph)
zheng	𠑅	2026-06-28	# SIP plane (no glyph)
zheng	𠔻	2026-06-28	# SIP plane (no glyph)
zheng	𠲜	2026-06-28	# SIP plane (no glyph)
zheng	𡪺	2026-06-28	# SIP plane (no glyph)
zheng	𢁿	2026-06-28	# SIP plane (no glyph)
zheng	𢌦	2026-06-28	# SIP plane (no glyph)
zheng	𢏰	2026-06-28	# SIP plane (no glyph)
zheng	𢓞	2026-06-28	# SIP plane (no glyph)
zheng	𢮐	2026-06-28	# SIP plane (no glyph)
zheng	𢹑	2026-06-28	# SIP plane (no glyph)
zheng	𢾧	2026-06-28	# SIP plane (no glyph)
zheng	𤪡	2026-06-28	# SIP plane (no glyph)
zheng	𤸲	2026-06-28	# SIP plane (no glyph)
zheng	𤿆	2026-06-28	# SIP plane (no glyph)
zheng	𥊼	2026-06-28	# SIP plane (no glyph)
zheng	𥒛	2026-06-28	# SIP plane (no glyph)
zheng	𦓺	2026-06-28	# SIP plane (no glyph)
zheng	𦙫	2026-06-28	# SIP plane (no glyph)
zheng	𦚦	2026-06-28	# SIP plane (no glyph)
zheng	𦜎	2026-06-28	# SIP plane (no glyph)
zheng	𦡅	2026-06-28	# SIP plane (no glyph)
zheng	𦱊	2026-06-28	# SIP plane (no glyph)
zheng	𧗆	2026-06-28	# SIP plane (no glyph)
zheng	𧗲	2026-06-28	# SIP plane (no glyph)
zheng	𧘿	2026-06-28	# SIP plane (no glyph)
zheng	𧪣	2026-06-28	# SIP plane (no glyph)
zheng	𧯫	2026-06-28	# SIP plane (no glyph)
zheng	𧶄	2026-06-28	# SIP plane (no glyph)
zheng	𨀧	2026-06-28	# SIP plane (no glyph)
zheng	𨋬	2026-06-28	# SIP plane (no glyph)
zheng	𨌢	2026-06-28	# SIP plane (no glyph)
zheng	𨚣	2026-06-28	# SIP plane (no glyph)
zheng	𨛰	2026-06-28	# SIP plane (no glyph)
zheng	𨜓	2026-06-28	# SIP plane (no glyph)
zheng	𨟃	2026-06-28	# SIP plane (no glyph)
zheng	𨢹	2026-06-28	# SIP plane (no glyph)
zheng	𨧭	2026-06-28	# SIP plane (no glyph)
zheng	𨺟	2026-06-28	# SIP plane (no glyph)
zheng	𩏠	2026-06-28	# SIP plane (no glyph)
zheng	𩗲	2026-06-28	# SIP plane (no glyph)
zheng	𩗵	2026-06-28	# SIP plane (no glyph)
zheng	𩘼	2026-06-28	# SIP plane (no glyph)
zheng	𩘽	2026-06-28	# SIP plane (no glyph)
zheng	𩚫	2026-06-28	# SIP plane (no glyph)
zheng	𩺄	2026-06-28	# SIP plane (no glyph)
zheng	𪎻	2026-06-28	# SIP plane (no glyph)
zheng	𫖖	2026-06-28	# SIP plane (no glyph)
zheng	𬥷	2026-06-28	# SIP plane (no glyph)
zheng	𰌂	2026-06-28	# SIP plane (no glyph)
zheng	𰫼	2026-06-28	# SIP plane (no glyph)
zheng	𰬑	2026-06-28	# SIP plane (no glyph)
zhi	𠊤	2026-06-28	# SIP plane (no glyph)
zhi	𠊷	2026-06-28	# SIP plane (no glyph)
zhi	𠋤	2026-06-28	# SIP plane (no glyph)
zhi	𠍜	2026-06-28	# SIP plane (no glyph)
zhi	𠓶	2026-06-28	# SIP plane (no glyph)
zhi	𠘖	2026-06-28	# SIP plane (no glyph)
zhi	𠚅	2026-06-28	# SIP plane (no glyph)
zhi	𠦧	2026-06-28	# SIP plane (no glyph)
zhi	𠮡	2026-06-28	# SIP plane (no glyph)
zhi	𠰅	2026-06-28	# SIP plane (no glyph)
zhi	𠼠	2026-06-28	# SIP plane (no glyph)
zhi	𡀹	2026-06-28	# SIP plane (no glyph)
zhi	𡁉	2026-06-28	# SIP plane (no glyph)
zhi	𡂒	2026-06-28	# SIP plane (no glyph)
zhi	𡂣	2026-06-28	# SIP plane (no glyph)
zhi	𡈊	2026-06-28	# SIP plane (no glyph)
zhi	𡌴	2026-06-28	# SIP plane (no glyph)
zhi	𡍶	2026-06-28	# SIP plane (no glyph)
zhi	𡏀	2026-06-28	# SIP plane (no glyph)
zhi	𡏚	2026-06-28	# SIP plane (no glyph)
zhi	𡑘	2026-06-28	# SIP plane (no glyph)
zhi	𡖧	2026-06-28	# SIP plane (no glyph)
zhi	𡖻	2026-06-28	# SIP plane (no glyph)
zhi	𡙑	2026-06-28	# SIP plane (no glyph)
zhi	𡠗	2026-06-28	# SIP plane (no glyph)
zhi	𡠹	2026-06-28	# SIP plane (no glyph)
zhi	𡮞	2026-06-28	# SIP plane (no glyph)
zhi	𡰹	2026-06-28	# SIP plane (no glyph)
zhi	𡱔	2026-06-28	# SIP plane (no glyph)
zhi	𡸜	2026-06-28	# SIP plane (no glyph)
zhi	𡽆	2026-06-28	# SIP plane (no glyph)
zhi	𢃜	2026-06-28	# SIP plane (no glyph)
zhi	𢄢	2026-06-28	# SIP plane (no glyph)
zhi	𢄱	2026-06-28	# SIP plane (no glyph)
zhi	𢅁	2026-06-28	# SIP plane (no glyph)
zhi	𢇨	2026-06-28	# SIP plane (no glyph)
zhi	𢊁	2026-06-28	# SIP plane (no glyph)
zhi	𢍧	2026-06-28	# SIP plane (no glyph)
zhi	𢎈	2026-06-28	# SIP plane (no glyph)
zhi	𢐂	2026-06-28	# SIP plane (no glyph)
zhi	𢕞	2026-06-28	# SIP plane (no glyph)
zhi	𢖇	2026-06-28	# SIP plane (no glyph)
zhi	𢖿	2026-06-28	# SIP plane (no glyph)
zhi	𢙺	2026-06-28	# SIP plane (no glyph)
zhi	𢚨	2026-06-28	# SIP plane (no glyph)
zhi	𢛍	2026-06-28	# SIP plane (no glyph)
zhi	𢡒	2026-06-28	# SIP plane (no glyph)
zhi	𢧤	2026-06-28	# SIP plane (no glyph)
zhi	𢯶	2026-06-28	# SIP plane (no glyph)
zhi	𢰙	2026-06-28	# SIP plane (no glyph)
zhi	𢴠	2026-06-28	# SIP plane (no glyph)
zhi	𢴧	2026-06-28	# SIP plane (no glyph)
zhi	𢷸	2026-06-28	# SIP plane (no glyph)
zhi	𢻙	2026-06-28	# SIP plane (no glyph)
zhi	𢽃	2026-06-28	# SIP plane (no glyph)
zhi	𢽗	2026-06-28	# SIP plane (no glyph)
zhi	𢾫	2026-06-28	# SIP plane (no glyph)
zhi	𣔐	2026-06-28	# SIP plane (no glyph)
zhi	𣖌	2026-06-28	# SIP plane (no glyph)
zhi	𣖭	2026-06-28	# SIP plane (no glyph)
zhi	𣖿	2026-06-28	# SIP plane (no glyph)
zhi	𣗻	2026-06-28	# SIP plane (no glyph)
zhi	𣚠	2026-06-28	# SIP plane (no glyph)
zhi	𣥰	2026-06-28	# SIP plane (no glyph)
zhi	𣨋	2026-06-28	# SIP plane (no glyph)
zhi	𣲵	2026-06-28	# SIP plane (no glyph)
zhi	𣳀	2026-06-28	# SIP plane (no glyph)
zhi	𣽚	2026-06-28	# SIP plane (no glyph)
zhi	𤃲	2026-06-28	# SIP plane (no glyph)
zhi	𤆒	2026-06-28	# SIP plane (no glyph)
zhi	𤓕	2026-06-28	# SIP plane (no glyph)
zhi	𤖞	2026-06-28	# SIP plane (no glyph)
zhi	𤛱	2026-06-28	# SIP plane (no glyph)
zhi	𤞂	2026-06-28	# SIP plane (no glyph)
zhi	𤞌	2026-06-28	# SIP plane (no glyph)
zhi	𤦄	2026-06-28	# SIP plane (no glyph)
zhi	𤦮	2026-06-28	# SIP plane (no glyph)
zhi	𤧜	2026-06-28	# SIP plane (no glyph)
zhi	𤴛	2026-06-28	# SIP plane (no glyph)
zhi	𤴟	2026-06-28	# SIP plane (no glyph)
zhi	𤴢	2026-06-28	# SIP plane (no glyph)
zhi	𤵋	2026-06-28	# SIP plane (no glyph)
zhi	𤶓	2026-06-28	# SIP plane (no glyph)
zhi	𤸓	2026-06-28	# SIP plane (no glyph)
zhi	𤽁	2026-06-28	# SIP plane (no glyph)
zhi	𤿙	2026-06-28	# SIP plane (no glyph)
zhi	𥃫	2026-06-28	# SIP plane (no glyph)
zhi	𥇕	2026-06-28	# SIP plane (no glyph)
zhi	𥇭	2026-06-28	# SIP plane (no glyph)
zhi	𥍭	2026-06-28	# SIP plane (no glyph)
zhi	𥎹	2026-06-28	# SIP plane (no glyph)
zhi	𥏄	2026-06-28	# SIP plane (no glyph)
zhi	𥏅	2026-06-28	# SIP plane (no glyph)
zhi	𥏊	2026-06-28	# SIP plane (no glyph)
zhi	𥏰	2026-06-28	# SIP plane (no glyph)
zhi	𥏷	2026-06-28	# SIP plane (no glyph)
zhi	𥒓	2026-06-28	# SIP plane (no glyph)
zhi	𥒗	2026-06-28	# SIP plane (no glyph)
zhi	𥔊	2026-06-28	# SIP plane (no glyph)
zhi	𥘡	2026-06-28	# SIP plane (no glyph)
zhi	𥝑	2026-06-28	# SIP plane (no glyph)
zhi	𥝮	2026-06-28	# SIP plane (no glyph)
zhi	𥠈	2026-06-28	# SIP plane (no glyph)
zhi	𥠽	2026-06-28	# SIP plane (no glyph)
zhi	𥣮	2026-06-28	# SIP plane (no glyph)
zhi	𥭡	2026-06-28	# SIP plane (no glyph)
zhi	𥮖	2026-06-28	# SIP plane (no glyph)
zhi	𥴒	2026-06-28	# SIP plane (no glyph)
zhi	𥹩	2026-06-28	# SIP plane (no glyph)
zhi	𥻬	2026-06-28	# SIP plane (no glyph)
zhi	𥾣	2026-06-28	# SIP plane (no glyph)
zhi	𥿮	2026-06-28	# SIP plane (no glyph)
zhi	𦃘	2026-06-28	# SIP plane (no glyph)
zhi	𦏤	2026-06-28	# SIP plane (no glyph)
zhi	𦐖	2026-06-28	# SIP plane (no glyph)
zhi	𦛧	2026-06-28	# SIP plane (no glyph)
zhi	𦜋	2026-06-28	# SIP plane (no glyph)
zhi	𦝔	2026-06-28	# SIP plane (no glyph)
zhi	𦟔	2026-06-28	# SIP plane (no glyph)
zhi	𦤻	2026-06-28	# SIP plane (no glyph)
zhi	𦥎	2026-06-28	# SIP plane (no glyph)
zhi	𦥏	2026-06-28	# SIP plane (no glyph)
zhi	𦥐	2026-06-28	# SIP plane (no glyph)
zhi	𦭜	2026-06-28	# SIP plane (no glyph)
zhi	𦭮	2026-06-28	# SIP plane (no glyph)
zhi	𦯫	2026-06-28	# SIP plane (no glyph)
zhi	𦯯	2026-06-28	# SIP plane (no glyph)
zhi	𦰘	2026-06-28	# SIP plane (no glyph)
zhi	𦳮	2026-06-28	# SIP plane (no glyph)
zhi	𦴀	2026-06-28	# SIP plane (no glyph)
zhi	𧀿	2026-06-28	# SIP plane (no glyph)
zhi	𧃐	2026-06-28	# SIP plane (no glyph)
zhi	𧊙	2026-06-28	# SIP plane (no glyph)
zhi	𧌔	2026-06-28	# SIP plane (no glyph)
zhi	𧏸	2026-06-28	# SIP plane (no glyph)
zhi	𧐉	2026-06-28	# SIP plane (no glyph)
zhi	𧓸	2026-06-28	# SIP plane (no glyph)
zhi	𧙁	2026-06-28	# SIP plane (no glyph)
zhi	𧛢	2026-06-28	# SIP plane (no glyph)
zhi	𧜚	2026-06-28	# SIP plane (no glyph)
zhi	𧝉	2026-06-28	# SIP plane (no glyph)
zhi	𧠫	2026-06-28	# SIP plane (no glyph)
zhi	𧠴	2026-06-28	# SIP plane (no glyph)
zhi	𧣭	2026-06-28	# SIP plane (no glyph)
zhi	𧣾	2026-06-28	# SIP plane (no glyph)
zhi	𧤡	2026-06-28	# SIP plane (no glyph)
zhi	𧨰	2026-06-28	# SIP plane (no glyph)
zhi	𧫡	2026-06-28	# SIP plane (no glyph)
zhi	𧱒	2026-06-28	# SIP plane (no glyph)
zhi	𧸅	2026-06-28	# SIP plane (no glyph)
zhi	𧸕	2026-06-28	# SIP plane (no glyph)
zhi	𧸲	2026-06-28	# SIP plane (no glyph)
zhi	𧹛	2026-06-28	# SIP plane (no glyph)
zhi	𧽦	2026-06-28	# SIP plane (no glyph)
zhi	𧾂	2026-06-28	# SIP plane (no glyph)
zhi	𨁷	2026-06-28	# SIP plane (no glyph)
zhi	𨂂	2026-06-28	# SIP plane (no glyph)
zhi	𨃯	2026-06-28	# SIP plane (no glyph)
zhi	𨆧	2026-06-28	# SIP plane (no glyph)
zhi	𨌌	2026-06-28	# SIP plane (no glyph)
zhi	𨎉	2026-06-28	# SIP plane (no glyph)
zhi	𨎌	2026-06-28	# SIP plane (no glyph)
zhi	𨑨	2026-06-28	# SIP plane (no glyph)
zhi	𨒉	2026-06-28	# SIP plane (no glyph)
zhi	𨕕	2026-06-28	# SIP plane (no glyph)
zhi	𨖹	2026-06-28	# SIP plane (no glyph)
zhi	𨜎	2026-06-28	# SIP plane (no glyph)
zhi	𨟊	2026-06-28	# SIP plane (no glyph)
zhi	𨟾	2026-06-28	# SIP plane (no glyph)
zhi	𨡐	2026-06-28	# SIP plane (no glyph)
zhi	𨢮	2026-06-28	# SIP plane (no glyph)
zhi	𨤱	2026-06-28	# SIP plane (no glyph)
zhi	𨧵	2026-06-28	# SIP plane (no glyph)
zhi	𨫔	2026-06-28	# SIP plane (no glyph)
zhi	𨬚	2026-06-28	# SIP plane (no glyph)
zhi	𨰛	2026-06-28	# SIP plane (no glyph)
zhi	𨵂	2026-06-28	# SIP plane (no glyph)
zhi	𨻆	2026-06-28	# SIP plane (no glyph)
zhi	𨼓	2026-06-28	# SIP plane (no glyph)
zhi	𨿛	2026-06-28	# SIP plane (no glyph)
zhi	𩊝	2026-06-28	# SIP plane (no glyph)
zhi	𩊴	2026-06-28	# SIP plane (no glyph)
zhi	𩋩	2026-06-28	# SIP plane (no glyph)
zhi	𩍲	2026-06-28	# SIP plane (no glyph)
zhi	𩍵	2026-06-28	# SIP plane (no glyph)
zhi	𩙾	2026-06-28	# SIP plane (no glyph)
zhi	𩧄	2026-06-28	# SIP plane (no glyph)
zhi	𩬺	2026-06-28	# SIP plane (no glyph)
zhi	𩯈	2026-06-28	# SIP plane (no glyph)
zhi	𩷓	2026-06-28	# SIP plane (no glyph)
zhi	𩹈	2026-06-28	# SIP plane (no glyph)
zhi	𩻼	2026-06-28	# SIP plane (no glyph)
zhi	𪁊	2026-06-28	# SIP plane (no glyph)
zhi	𪁓	2026-06-28	# SIP plane (no glyph)
zhi	𪁩	2026-06-28	# SIP plane (no glyph)
zhi	𪂅	2026-06-28	# SIP plane (no glyph)
zhi	𪉆	2026-06-28	# SIP plane (no glyph)
zhi	𪏀	2026-06-28	# SIP plane (no glyph)
zhi	𪑜	2026-06-28	# SIP plane (no glyph)
zhi	𪒊	2026-06-28	# SIP plane (no glyph)
zhi	𪗨	2026-06-28	# SIP plane (no glyph)
zhi	𪗻	2026-06-28	# SIP plane (no glyph)
zhi	𪙹	2026-06-28	# SIP plane (no glyph)
zhi	𫍶	2026-06-28	# SIP plane (no glyph)
zhi	𫐋	2026-06-28	# SIP plane (no glyph)
zhi	𫔵	2026-06-28	# SIP plane (no glyph)
zhi	𫘠	2026-06-28	# SIP plane (no glyph)
zhi	𫛛	2026-06-28	# SIP plane (no glyph)
zhi	𫞢	2026-06-28	# SIP plane (no glyph)
zhi	𫟞	2026-06-28	# SIP plane (no glyph)
zhi	𫟬	2026-06-28	# SIP plane (no glyph)
zhi	𫪪	2026-06-28	# SIP plane (no glyph)
zhi	𬃊	2026-06-28	# SIP plane (no glyph)
zhi	𬘨	2026-06-28	# SIP plane (no glyph)
zhi	𬘽	2026-06-28	# SIP plane (no glyph)
zhi	𬢌	2026-06-28	# SIP plane (no glyph)
zhi	𬣛	2026-06-28	# SIP plane (no glyph)
zhi	𬺁	2026-06-28	# SIP plane (no glyph)
zhi	𮉢	2026-06-28	# SIP plane (no glyph)
zhi	𰊂	2026-06-28	# SIP plane (no glyph)
zhi	𰑔	2026-06-28	# SIP plane (no glyph)
zhi	𰑬	2026-06-28	# SIP plane (no glyph)
zhi	𰓜	2026-06-28	# SIP plane (no glyph)
zhi	𰛣	2026-06-28	# SIP plane (no glyph)
zhi	𰛤	2026-06-28	# SIP plane (no glyph)
zhi	𰧉	2026-06-28	# SIP plane (no glyph)
zhi	𰬫	2026-06-28	# SIP plane (no glyph)
zhi	𰱲	2026-06-28	# SIP plane (no glyph)
zhi	𰵧	2026-06-28	# SIP plane (no glyph)
zhi	𰽠	2026-06-28	# SIP plane (no glyph)
zhi	𱀑	2026-06-28	# SIP plane (no glyph)
zhi	𱃸	2026-06-28	# SIP plane (no glyph)
zhi	𱅁	2026-06-28	# SIP plane (no glyph)
zhi	𱅊	2026-06-28	# SIP plane (no glyph)
zhi	𱇹	2026-06-28	# SIP plane (no glyph)
zhi	𱉙	2026-06-28	# SIP plane (no glyph)
zhi	𱉛	2026-06-28	# SIP plane (no glyph)
zhi	𱋪	2026-06-28	# SIP plane (no glyph)
zhi	𱌄	2026-06-28	# SIP plane (no glyph)
zhi	𱼷	2026-06-28	# SIP plane (no glyph)
zhong	𠊥	2026-06-28	# SIP plane (no glyph)
zhong	𠛀	2026-06-28	# SIP plane (no glyph)
zhong	𠱧	2026-06-28	# SIP plane (no glyph)
zhong	𡖌	2026-06-28	# SIP plane (no glyph)
zhong	𡥿	2026-06-28	# SIP plane (no glyph)
zhong	𡰒	2026-06-28	# SIP plane (no glyph)
zhong	𡻑	2026-06-28	# SIP plane (no glyph)
zhong	𢁷	2026-06-28	# SIP plane (no glyph)
zhong	𢃭	2026-06-28	# SIP plane (no glyph)
zhong	𢝆	2026-06-28	# SIP plane (no glyph)
zhong	𢨱	2026-06-28	# SIP plane (no glyph)
zhong	𣱧	2026-06-28	# SIP plane (no glyph)
zhong	𣷡	2026-06-28	# SIP plane (no glyph)
zhong	𣹞	2026-06-28	# SIP plane (no glyph)
zhong	𤚏	2026-06-28	# SIP plane (no glyph)
zhong	𤝅	2026-06-28	# SIP plane (no glyph)
zhong	𤯚	2026-06-28	# SIP plane (no glyph)
zhong	𤺄	2026-06-28	# SIP plane (no glyph)
zhong	𥗦	2026-06-28	# SIP plane (no glyph)
zhong	𥷈	2026-06-28	# SIP plane (no glyph)
zhong	𥻝	2026-06-28	# SIP plane (no glyph)
zhong	𦉂	2026-06-28	# SIP plane (no glyph)
zhong	𦌋	2026-06-28	# SIP plane (no glyph)
zhong	𦔉	2026-06-28	# SIP plane (no glyph)
zhong	𦬕	2026-06-28	# SIP plane (no glyph)
zhong	𧆼	2026-06-28	# SIP plane (no glyph)
zhong	𧑆	2026-06-28	# SIP plane (no glyph)
zhong	𧬤	2026-06-28	# SIP plane (no glyph)
zhong	𧳮	2026-06-28	# SIP plane (no glyph)
zhong	𨉢	2026-06-28	# SIP plane (no glyph)
zhong	𨳗	2026-06-28	# SIP plane (no glyph)
zhong	𩅞	2026-06-28	# SIP plane (no glyph)
zhong	𩅧	2026-06-28	# SIP plane (no glyph)
zhong	𩾋	2026-06-28	# SIP plane (no glyph)
zhong	𩿀	2026-06-28	# SIP plane (no glyph)
zhong	𫍳	2026-06-28	# SIP plane (no glyph)
zhong	𫍼	2026-06-28	# SIP plane (no glyph)
zhong	𬑔	2026-06-28	# SIP plane (no glyph)
zhong	𰪊	2026-06-28	# SIP plane (no glyph)
zhong	𰱛	2026-06-28	# SIP plane (no glyph)
zhong	𱖽	2026-06-28	# SIP plane (no glyph)
zhong	𱗖	2026-06-28	# SIP plane (no glyph)
zhou	𠊣	2026-06-28	# SIP plane (no glyph)
zhou	𠚴	2026-06-28	# SIP plane (no glyph)
zhou	𠣘	2026-06-28	# SIP plane (no glyph)
zhou	𠤍	2026-06-28	# SIP plane (no glyph)
zhou	𠱙	2026-06-28	# SIP plane (no glyph)
zhou	𡀑	2026-06-28	# SIP plane (no glyph)
zhou	𡊡	2026-06-28	# SIP plane (no glyph)
zhou	𢃸	2026-06-28	# SIP plane (no glyph)
zhou	𢏝	2026-06-28	# SIP plane (no glyph)
zhou	𢐫	2026-06-28	# SIP plane (no glyph)
zhou	𢓟	2026-06-28	# SIP plane (no glyph)
zhou	𢫧	2026-06-28	# SIP plane (no glyph)
zhou	𢷗	2026-06-28	# SIP plane (no glyph)
zhou	𢼲	2026-06-28	# SIP plane (no glyph)
zhou	𢽧	2026-06-28	# SIP plane (no glyph)
zhou	𣆔	2026-06-28	# SIP plane (no glyph)
zhou	𣥯	2026-06-28	# SIP plane (no glyph)
zhou	𣻱	2026-06-28	# SIP plane (no glyph)
zhou	𤏲	2026-06-28	# SIP plane (no glyph)
zhou	𥀙	2026-06-28	# SIP plane (no glyph)
zhou	𥌆	2026-06-28	# SIP plane (no glyph)
zhou	𥑸	2026-06-28	# SIP plane (no glyph)
zhou	𥖠	2026-06-28	# SIP plane (no glyph)
zhou	𥣙	2026-06-28	# SIP plane (no glyph)
zhou	𥲝	2026-06-28	# SIP plane (no glyph)
zhou	𥺝	2026-06-28	# SIP plane (no glyph)
zhou	𥺞	2026-06-28	# SIP plane (no glyph)
zhou	𥼫	2026-06-28	# SIP plane (no glyph)
zhou	𥾓	2026-06-28	# SIP plane (no glyph)
zhou	𥿦	2026-06-28	# SIP plane (no glyph)
zhou	𦁖	2026-06-28	# SIP plane (no glyph)
zhou	𦂈	2026-06-28	# SIP plane (no glyph)
zhou	𦅸	2026-06-28	# SIP plane (no glyph)
zhou	𦈺	2026-06-28	# SIP plane (no glyph)
zhou	𦩈	2026-06-28	# SIP plane (no glyph)
zhou	𦭴	2026-06-28	# SIP plane (no glyph)
zhou	𧇟	2026-06-28	# SIP plane (no glyph)
zhou	𧛸	2026-06-28	# SIP plane (no glyph)
zhou	𧣷	2026-06-28	# SIP plane (no glyph)
zhou	𧧔	2026-06-28	# SIP plane (no glyph)
zhou	𧭍	2026-06-28	# SIP plane (no glyph)
zhou	𧳜	2026-06-28	# SIP plane (no glyph)
zhou	𧻖	2026-06-28	# SIP plane (no glyph)
zhou	𨉜	2026-06-28	# SIP plane (no glyph)
zhou	𨏺	2026-06-28	# SIP plane (no glyph)
zhou	𨥇	2026-06-28	# SIP plane (no glyph)
zhou	𨦞	2026-06-28	# SIP plane (no glyph)
zhou	𩊄	2026-06-28	# SIP plane (no glyph)
zhou	𩋰	2026-06-28	# SIP plane (no glyph)
zhou	𩍌	2026-06-28	# SIP plane (no glyph)
zhou	𩍧	2026-06-28	# SIP plane (no glyph)
zhou	𩗪	2026-06-28	# SIP plane (no glyph)
zhou	𩢸	2026-06-28	# SIP plane (no glyph)
zhou	𩧨	2026-06-28	# SIP plane (no glyph)
zhou	𩧳	2026-06-28	# SIP plane (no glyph)
zhou	𩶣	2026-06-28	# SIP plane (no glyph)
zhou	𪆀	2026-06-28	# SIP plane (no glyph)
zhou	𪇞	2026-06-28	# SIP plane (no glyph)
zhou	𫐏	2026-06-28	# SIP plane (no glyph)
zhou	𫚡	2026-06-28	# SIP plane (no glyph)
zhou	𫟻	2026-06-28	# SIP plane (no glyph)
zhou	𬡎	2026-06-28	# SIP plane (no glyph)
zhou	𬢪	2026-06-28	# SIP plane (no glyph)
zhou	𬰤	2026-06-28	# SIP plane (no glyph)
zhou	𮹋	2026-06-28	# SIP plane (no glyph)
zhou	𰰌	2026-06-28	# SIP plane (no glyph)
zhu	𠧀	2026-06-28	# SIP plane (no glyph)
zhu	𠩈	2026-06-28	# SIP plane (no glyph)
zhu	𠮌	2026-06-28	# SIP plane (no glyph)
zhu	𠰍	2026-06-28	# SIP plane (no glyph)
zhu	𠴦	2026-06-28	# SIP plane (no glyph)
zhu	𠷅	2026-06-28	# SIP plane (no glyph)
zhu	𡎺	2026-06-28	# SIP plane (no glyph)
zhu	𡠟	2026-06-28	# SIP plane (no glyph)
zhu	𡤗	2026-06-28	# SIP plane (no glyph)
zhu	𡧨	2026-06-28	# SIP plane (no glyph)
zhu	𡱱	2026-06-28	# SIP plane (no glyph)
zhu	𡴅	2026-06-28	# SIP plane (no glyph)
zhu	𡸌	2026-06-28	# SIP plane (no glyph)
zhu	𡺐	2026-06-28	# SIP plane (no glyph)
zhu	𡻌	2026-06-28	# SIP plane (no glyph)
zhu	𡻠	2026-06-28	# SIP plane (no glyph)
zhu	𢁼	2026-06-28	# SIP plane (no glyph)
zhu	𢔪	2026-06-28	# SIP plane (no glyph)
zhu	𢚻	2026-06-28	# SIP plane (no glyph)
zhu	𢥃	2026-06-28	# SIP plane (no glyph)
zhu	𢩄	2026-06-28	# SIP plane (no glyph)
zhu	𢲿	2026-06-28	# SIP plane (no glyph)
zhu	𣃁	2026-06-28	# SIP plane (no glyph)
zhu	𣔯	2026-06-28	# SIP plane (no glyph)
zhu	𣚚	2026-06-28	# SIP plane (no glyph)
zhu	𣤁	2026-06-28	# SIP plane (no glyph)
zhu	𣥼	2026-06-28	# SIP plane (no glyph)
zhu	𣵸	2026-06-28	# SIP plane (no glyph)
zhu	𣽆	2026-06-28	# SIP plane (no glyph)
zhu	𤆼	2026-06-28	# SIP plane (no glyph)
zhu	𤋰	2026-06-28	# SIP plane (no glyph)
zhu	𤎧	2026-06-28	# SIP plane (no glyph)
zhu	𤕞	2026-06-28	# SIP plane (no glyph)
zhu	𤝹	2026-06-28	# SIP plane (no glyph)
zhu	𤥮	2026-06-28	# SIP plane (no glyph)
zhu	𤲑	2026-06-28	# SIP plane (no glyph)
zhu	𤳯	2026-06-28	# SIP plane (no glyph)
zhu	𤾄	2026-06-28	# SIP plane (no glyph)
zhu	𥋛	2026-06-28	# SIP plane (no glyph)
zhu	𥛂	2026-06-28	# SIP plane (no glyph)
zhu	𥞏	2026-06-28	# SIP plane (no glyph)
zhu	𥩣	2026-06-28	# SIP plane (no glyph)
zhu	𥯸	2026-06-28	# SIP plane (no glyph)
zhu	𥵟	2026-06-28	# SIP plane (no glyph)
zhu	𥹍	2026-06-28	# SIP plane (no glyph)
zhu	𥾅	2026-06-28	# SIP plane (no glyph)
zhu	𦅷	2026-06-28	# SIP plane (no glyph)
zhu	𦉐	2026-06-28	# SIP plane (no glyph)
zhu	𦙴	2026-06-28	# SIP plane (no glyph)
zhu	𦧙	2026-06-28	# SIP plane (no glyph)
zhu	𦬸	2026-06-28	# SIP plane (no glyph)
zhu	𧈚	2026-06-28	# SIP plane (no glyph)
zhu	𧉞	2026-06-28	# SIP plane (no glyph)
zhu	𧏿	2026-06-28	# SIP plane (no glyph)
zhu	𧑏	2026-06-28	# SIP plane (no glyph)
zhu	𧑤	2026-06-28	# SIP plane (no glyph)
zhu	𨅛	2026-06-28	# SIP plane (no glyph)
zhu	𨆄	2026-06-28	# SIP plane (no glyph)
zhu	𨈫	2026-06-28	# SIP plane (no glyph)
zhu	𨙔	2026-06-28	# SIP plane (no glyph)
zhu	𨞕	2026-06-28	# SIP plane (no glyph)
zhu	𨭅	2026-06-28	# SIP plane (no glyph)
zhu	𨲈	2026-06-28	# SIP plane (no glyph)
zhu	𩊣	2026-06-28	# SIP plane (no glyph)
zhu	𩋵	2026-06-28	# SIP plane (no glyph)
zhu	𩒊	2026-06-28	# SIP plane (no glyph)
zhu	𩞈	2026-06-28	# SIP plane (no glyph)
zhu	𩨻	2026-06-28	# SIP plane (no glyph)
zhu	𩲠	2026-06-28	# SIP plane (no glyph)
zhu	𩲬	2026-06-28	# SIP plane (no glyph)
zhu	𩳥	2026-06-28	# SIP plane (no glyph)
zhu	𩴀	2026-06-28	# SIP plane (no glyph)
zhu	𩶂	2026-06-28	# SIP plane (no glyph)
zhu	𩶄	2026-06-28	# SIP plane (no glyph)
zhu	𪊹	2026-06-28	# SIP plane (no glyph)
zhu	𪋏	2026-06-28	# SIP plane (no glyph)
zhu	𪋑	2026-06-28	# SIP plane (no glyph)
zhu	𪋰	2026-06-28	# SIP plane (no glyph)
zhu	𪏿	2026-06-28	# SIP plane (no glyph)
zhu	𪚹	2026-06-28	# SIP plane (no glyph)
zhu	𪹳	2026-06-28	# SIP plane (no glyph)
zhu	𫞛	2026-06-28	# SIP plane (no glyph)
zhu	𬙅	2026-06-28	# SIP plane (no glyph)
zhu	𬣞	2026-06-28	# SIP plane (no glyph)
zhu	𬣣	2026-06-28	# SIP plane (no glyph)
zhu	𬹣	2026-06-28	# SIP plane (no glyph)
zhu	𭲫	2026-06-28	# SIP plane (no glyph)
zhu	𮳢	2026-06-28	# SIP plane (no glyph)
zhu	𮷍	2026-06-28	# SIP plane (no glyph)
zhu	𰧘	2026-06-28	# SIP plane (no glyph)
zhu	𰬇	2026-06-28	# SIP plane (no glyph)
zhu	𰬏	2026-06-28	# SIP plane (no glyph)
zhu	𰮙	2026-06-28	# SIP plane (no glyph)
zhu	𰽯	2026-06-28	# SIP plane (no glyph)
zhu	𰾽	2026-06-28	# SIP plane (no glyph)
zhu	𱄼	2026-06-28	# SIP plane (no glyph)
zhu	𱈏	2026-06-28	# SIP plane (no glyph)
zhu	𱉫	2026-06-28	# SIP plane (no glyph)
zhua	𡎬	2026-06-28	# SIP plane (no glyph)
zhua	𣑃	2026-06-28	# SIP plane (no glyph)
zhua	𥬲	2026-06-28	# SIP plane (no glyph)
zhua	𥮣	2026-06-28	# SIP plane (no glyph)
zhua	𭪆	2026-06-28	# SIP plane (no glyph)
zhua	𰩻	2026-06-28	# SIP plane (no glyph)
zhuai	𢶀	2026-06-28	# SIP plane (no glyph)
zhuai	𱖕	2026-06-28	# SIP plane (no glyph)
zhuan	𠊩	2026-06-28	# SIP plane (no glyph)
zhuan	𠨎	2026-06-28	# SIP plane (no glyph)
zhuan	𡇰	2026-06-28	# SIP plane (no glyph)
zhuan	𡢀	2026-06-28	# SIP plane (no glyph)
zhuan	𡤛	2026-06-28	# SIP plane (no glyph)
zhuan	𡭇	2026-06-28	# SIP plane (no glyph)
zhuan	𡰞	2026-06-28	# SIP plane (no glyph)
zhuan	𢂘	2026-06-28	# SIP plane (no glyph)
zhuan	𢐎	2026-06-28	# SIP plane (no glyph)
zhuan	𢞬	2026-06-28	# SIP plane (no glyph)
zhuan	𣂵	2026-06-28	# SIP plane (no glyph)
zhuan	𣕏	2026-06-28	# SIP plane (no glyph)
zhuan	𣚢	2026-06-28	# SIP plane (no glyph)
zhuan	𤂤	2026-06-28	# SIP plane (no glyph)
zhuan	𤩄	2026-06-28	# SIP plane (no glyph)
zhuan	𤪪	2026-06-28	# SIP plane (no glyph)
zhuan	𤮳	2026-06-28	# SIP plane (no glyph)
zhuan	𥛥	2026-06-28	# SIP plane (no glyph)
zhuan	𥫛	2026-06-28	# SIP plane (no glyph)
zhuan	𦁆	2026-06-28	# SIP plane (no glyph)
zhuan	𦄯	2026-06-28	# SIP plane (no glyph)
zhuan	𦓝	2026-06-28	# SIP plane (no glyph)
zhuan	𦝏	2026-06-28	# SIP plane (no glyph)
zhuan	𦧸	2026-06-28	# SIP plane (no glyph)
zhuan	𧂍	2026-06-28	# SIP plane (no glyph)
zhuan	𧸖	2026-06-28	# SIP plane (no glyph)
zhuan	𨷱	2026-06-28	# SIP plane (no glyph)
zhuan	𩔊	2026-06-28	# SIP plane (no glyph)
zhuan	𩧜	2026-06-28	# SIP plane (no glyph)
zhuan	𩳏	2026-06-28	# SIP plane (no glyph)
zhuan	𩻝	2026-06-28	# SIP plane (no glyph)
zhuan	𫁟	2026-06-28	# SIP plane (no glyph)
zhuan	𫍱	2026-06-28	# SIP plane (no glyph)
zhuan	𫑘	2026-06-28	# SIP plane (no glyph)
zhuan	𫚋	2026-06-28	# SIP plane (no glyph)
zhuan	𫭞	2026-06-28	# SIP plane (no glyph)
zhuan	𬤥	2026-06-28	# SIP plane (no glyph)
zhuan	𬥼	2026-06-28	# SIP plane (no glyph)
zhuan	𬱛	2026-06-28	# SIP plane (no glyph)
zhuan	𰋹	2026-06-28	# SIP plane (no glyph)
zhuan	𰷬	2026-06-28	# SIP plane (no glyph)
zhuan	𱈐	2026-06-28	# SIP plane (no glyph)
zhuang	𠌴	2026-06-28	# SIP plane (no glyph)
zhuang	𢙳	2026-06-28	# SIP plane (no glyph)
zhuang	𢤤	2026-06-28	# SIP plane (no glyph)
zhuang	𣞝	2026-06-28	# SIP plane (no glyph)
zhuang	𣴣	2026-06-28	# SIP plane (no glyph)
zhuang	𣶍	2026-06-28	# SIP plane (no glyph)
zhuang	𣻛	2026-06-28	# SIP plane (no glyph)
zhuang	𤘲	2026-06-28	# SIP plane (no glyph)
zhuang	𤶜	2026-06-28	# SIP plane (no glyph)
zhuang	𦀜	2026-06-28	# SIP plane (no glyph)
zhuang	𦚏	2026-06-28	# SIP plane (no glyph)
zhuang	𩅃	2026-06-28	# SIP plane (no glyph)
zhuang	𩮱	2026-06-28	# SIP plane (no glyph)
zhuang	𩯲	2026-06-28	# SIP plane (no glyph)
zhuang	𪁈	2026-06-28	# SIP plane (no glyph)
zhuang	𪉉	2026-06-28	# SIP plane (no glyph)
zhui	𡑻	2026-06-28	# SIP plane (no glyph)
zhui	𢊅	2026-06-28	# SIP plane (no glyph)
zhui	𣝸	2026-06-28	# SIP plane (no glyph)
zhui	𣦬	2026-06-28	# SIP plane (no glyph)
zhui	𣨫	2026-06-28	# SIP plane (no glyph)
zhui	𤺅	2026-06-28	# SIP plane (no glyph)
zhui	𥟒	2026-06-28	# SIP plane (no glyph)
zhui	𦥻	2026-06-28	# SIP plane (no glyph)
zhui	𧿲	2026-06-28	# SIP plane (no glyph)
zhui	𨪗	2026-06-28	# SIP plane (no glyph)
zhui	𨺵	2026-06-28	# SIP plane (no glyph)
zhui	𨾻	2026-06-28	# SIP plane (no glyph)
zhui	𩛵	2026-06-28	# SIP plane (no glyph)
zhui	𩜀	2026-06-28	# SIP plane (no glyph)
zhui	𩪀	2026-06-28	# SIP plane (no glyph)
zhui	𩬳	2026-06-28	# SIP plane (no glyph)
zhui	𪋇	2026-06-28	# SIP plane (no glyph)
zhui	𬳂	2026-06-28	# SIP plane (no glyph)
zhui	𮣵	2026-06-28	# SIP plane (no glyph)
zhui	𰵶	2026-06-28	# SIP plane (no glyph)
zhui	𱊅	2026-06-28	# SIP plane (no glyph)
zhui	𱾝	2026-06-28	# SIP plane (no glyph)
zhui	𲍾	2026-06-28	# SIP plane (no glyph)
zhun	𥇜	2026-06-28	# SIP plane (no glyph)
zhun	𥚠	2026-06-28	# SIP plane (no glyph)
zhun	𬘯	2026-06-28	# SIP plane (no glyph)
zhun	𰵍	2026-06-28	# SIP plane (no glyph)
zhun	𲍭	2026-06-28	# SIP plane (no glyph)
zhuo	𠡑	2026-06-28	# SIP plane (no glyph)
zhuo	𠭴	2026-06-28	# SIP plane (no glyph)
zhuo	𠿡	2026-06-28	# SIP plane (no glyph)
zhuo	𡷿	2026-06-28	# SIP plane (no glyph)
zhuo	𢁁	2026-06-28	# SIP plane (no glyph)
zhuo	𢢗	2026-06-28	# SIP plane (no glyph)
zhuo	𢧈	2026-06-28	# SIP plane (no glyph)
zhuo	𢳇	2026-06-28	# SIP plane (no glyph)
zhuo	𢺡	2026-06-28	# SIP plane (no glyph)
zhuo	𢽚	2026-06-28	# SIP plane (no glyph)
zhuo	𣃈	2026-06-28	# SIP plane (no glyph)
zhuo	𣃑	2026-06-28	# SIP plane (no glyph)
zhuo	𣄻	2026-06-28	# SIP plane (no glyph)
zhuo	𤃮	2026-06-28	# SIP plane (no glyph)
zhuo	𤉐	2026-06-28	# SIP plane (no glyph)
zhuo	𤏸	2026-06-28	# SIP plane (no glyph)
zhuo	𤓦	2026-06-28	# SIP plane (no glyph)
zhuo	𥇍	2026-06-28	# SIP plane (no glyph)
zhuo	𥋮	2026-06-28	# SIP plane (no glyph)
zhuo	𥐊	2026-06-28	# SIP plane (no glyph)
zhuo	𥗁	2026-06-28	# SIP plane (no glyph)
zhuo	𥞺	2026-06-28	# SIP plane (no glyph)
zhuo	𥢔	2026-06-28	# SIP plane (no glyph)
zhuo	𥮥	2026-06-28	# SIP plane (no glyph)
zhuo	𥯩	2026-06-28	# SIP plane (no glyph)
zhuo	𥷘	2026-06-28	# SIP plane (no glyph)
zhuo	𥷮	2026-06-28	# SIP plane (no glyph)
zhuo	𥼚	2026-06-28	# SIP plane (no glyph)
zhuo	𦜰	2026-06-28	# SIP plane (no glyph)
zhuo	𦰹	2026-06-28	# SIP plane (no glyph)
zhuo	𦳡	2026-06-28	# SIP plane (no glyph)
zhuo	𧂒	2026-06-28	# SIP plane (no glyph)
zhuo	𧃔	2026-06-28	# SIP plane (no glyph)
zhuo	𧘑	2026-06-28	# SIP plane (no glyph)
zhuo	𧞐	2026-06-28	# SIP plane (no glyph)
zhuo	𧢼	2026-06-28	# SIP plane (no glyph)
zhuo	𧨳	2026-06-28	# SIP plane (no glyph)
zhuo	𧱰	2026-06-28	# SIP plane (no glyph)
zhuo	𨑽	2026-06-28	# SIP plane (no glyph)
zhuo	𨖮	2026-06-28	# SIP plane (no glyph)
zhuo	𨡸	2026-06-28	# SIP plane (no glyph)
zhuo	𨢬	2026-06-28	# SIP plane (no glyph)
zhuo	𨧧	2026-06-28	# SIP plane (no glyph)
zhuo	𨮿	2026-06-28	# SIP plane (no glyph)
zhuo	𨺝	2026-06-28	# SIP plane (no glyph)
zhuo	𩆸	2026-06-28	# SIP plane (no glyph)
zhuo	𩋁	2026-06-28	# SIP plane (no glyph)
zhuo	𩑂	2026-06-28	# SIP plane (no glyph)
zhuo	𩩔	2026-06-28	# SIP plane (no glyph)
zhuo	𩲃	2026-06-28	# SIP plane (no glyph)
zhuo	𩷹	2026-06-28	# SIP plane (no glyph)
zhuo	𫛱	2026-06-28	# SIP plane (no glyph)
zhuo	𬸦	2026-06-28	# SIP plane (no glyph)
zhuo	𰵳	2026-06-28	# SIP plane (no glyph)
zhuo	𰵷	2026-06-28	# SIP plane (no glyph)
zhuo	𰾃	2026-06-28	# SIP plane (no glyph)
zhuo	𱂢	2026-06-28	# SIP plane (no glyph)
zhuo	𲂔	2026-06-28	# SIP plane (no glyph)
zi	𠀢	2026-06-28	# SIP plane (no glyph)
zi	𠂔	2026-06-28	# SIP plane (no glyph)
zi	𠡸	2026-06-28	# SIP plane (no glyph)
zi	𡉗	2026-06-28	# SIP plane (no glyph)
zi	𡗈	2026-06-28	# SIP plane (no glyph)
zi	𡙛	2026-06-28	# SIP plane (no glyph)
zi	𡪒	2026-06-28	# SIP plane (no glyph)
zi	𡸟	2026-06-28	# SIP plane (no glyph)
zi	𡸪	2026-06-28	# SIP plane (no glyph)
zi	𢱆	2026-06-28	# SIP plane (no glyph)
zi	𢼱	2026-06-28	# SIP plane (no glyph)
zi	𣄮	2026-06-28	# SIP plane (no glyph)
zi	𣓊	2026-06-28	# SIP plane (no glyph)
zi	𣖨	2026-06-28	# SIP plane (no glyph)
zi	𣚀	2026-06-28	# SIP plane (no glyph)
zi	𣚁	2026-06-28	# SIP plane (no glyph)
zi	𣣊	2026-06-28	# SIP plane (no glyph)
zi	𣣌	2026-06-28	# SIP plane (no glyph)
zi	𣥨	2026-06-28	# SIP plane (no glyph)
zi	𣯃	2026-06-28	# SIP plane (no glyph)
zi	𣳩	2026-06-28	# SIP plane (no glyph)
zi	𣸆	2026-06-28	# SIP plane (no glyph)
zi	𥀖	2026-06-28	# SIP plane (no glyph)
zi	𥕁	2026-06-28	# SIP plane (no glyph)
zi	𥚉	2026-06-28	# SIP plane (no glyph)
zi	𥞎	2026-06-28	# SIP plane (no glyph)
zi	𥫞	2026-06-28	# SIP plane (no glyph)
zi	𥬳	2026-06-28	# SIP plane (no glyph)
zi	𥲕	2026-06-28	# SIP plane (no glyph)
zi	𥻍	2026-06-28	# SIP plane (no glyph)
zi	𥼩	2026-06-28	# SIP plane (no glyph)
zi	𥼻	2026-06-28	# SIP plane (no glyph)
zi	𥿩	2026-06-28	# SIP plane (no glyph)
zi	𦍺	2026-06-28	# SIP plane (no glyph)
zi	𦎸	2026-06-28	# SIP plane (no glyph)
zi	𦖺	2026-06-28	# SIP plane (no glyph)
zi	𦣹	2026-06-28	# SIP plane (no glyph)
zi	𦺱	2026-06-28	# SIP plane (no glyph)
zi	𧀗	2026-06-28	# SIP plane (no glyph)
zi	𧂐	2026-06-28	# SIP plane (no glyph)
zi	𧆰	2026-06-28	# SIP plane (no glyph)
zi	𧕓	2026-06-28	# SIP plane (no glyph)
zi	𧛏	2026-06-28	# SIP plane (no glyph)
zi	𧣤	2026-06-28	# SIP plane (no glyph)
zi	𧥕	2026-06-28	# SIP plane (no glyph)
zi	𧧕	2026-06-28	# SIP plane (no glyph)
zi	𧨴	2026-06-28	# SIP plane (no glyph)
zi	𧹌	2026-06-28	# SIP plane (no glyph)
zi	𧿞	2026-06-28	# SIP plane (no glyph)
zi	𨀥	2026-06-28	# SIP plane (no glyph)
zi	𨍢	2026-06-28	# SIP plane (no glyph)
zi	𨚖	2026-06-28	# SIP plane (no glyph)
zi	𨝳	2026-06-28	# SIP plane (no glyph)
zi	𨧫	2026-06-28	# SIP plane (no glyph)
zi	𨩲	2026-06-28	# SIP plane (no glyph)
zi	𨹀	2026-06-28	# SIP plane (no glyph)
zi	𩄚	2026-06-28	# SIP plane (no glyph)
zi	𩐍	2026-06-28	# SIP plane (no glyph)
zi	𩜊	2026-06-28	# SIP plane (no glyph)
zi	𪅵	2026-06-28	# SIP plane (no glyph)
zi	𪑿	2026-06-28	# SIP plane (no glyph)
zi	𪕊	2026-06-28	# SIP plane (no glyph)
zi	𪗉	2026-06-28	# SIP plane (no glyph)
zi	𪗋	2026-06-28	# SIP plane (no glyph)
zi	𪗐	2026-06-28	# SIP plane (no glyph)
zi	𫓦	2026-06-28	# SIP plane (no glyph)
zi	𫚤	2026-06-28	# SIP plane (no glyph)
zi	𫞚	2026-06-28	# SIP plane (no glyph)
zi	𬭑	2026-06-28	# SIP plane (no glyph)
zi	𰨳	2026-06-28	# SIP plane (no glyph)
zi	𱊎	2026-06-28	# SIP plane (no glyph)
zi	𱌘	2026-06-28	# SIP plane (no glyph)
zi	𱌙	2026-06-28	# SIP plane (no glyph)
zi	𱰭	2026-06-28	# SIP plane (no glyph)
zi	𱳞	2026-06-28	# SIP plane (no glyph)
zi	𱹼	2026-06-28	# SIP plane (no glyph)
zong	𠏭	2026-06-28	# SIP plane (no glyph)
zong	𠕌	2026-06-28	# SIP plane (no glyph)
zong	𠡻	2026-06-28	# SIP plane (no glyph)
zong	𠵻	2026-06-28	# SIP plane (no glyph)
zong	𡕰	2026-06-28	# SIP plane (no glyph)
zong	𡞧	2026-06-28	# SIP plane (no glyph)
zong	𡵝	2026-06-28	# SIP plane (no glyph)
zong	𣀒	2026-06-28	# SIP plane (no glyph)
zong	𣯨	2026-06-28	# SIP plane (no glyph)
zong	𤡆	2026-06-28	# SIP plane (no glyph)
zong	𥍺	2026-06-28	# SIP plane (no glyph)
zong	𥓻	2026-06-28	# SIP plane (no glyph)
zong	𥚾	2026-06-28	# SIP plane (no glyph)
zong	𥠡	2026-06-28	# SIP plane (no glyph)
zong	𦖸	2026-06-28	# SIP plane (no glyph)
zong	𦡙	2026-06-28	# SIP plane (no glyph)
zong	𧺣	2026-06-28	# SIP plane (no glyph)
zong	𧽵	2026-06-28	# SIP plane (no glyph)
zong	𧿛	2026-06-28	# SIP plane (no glyph)
zong	𨌰	2026-06-28	# SIP plane (no glyph)
zong	𨍈	2026-06-28	# SIP plane (no glyph)
zong	𨎢	2026-06-28	# SIP plane (no glyph)
zong	𨺡	2026-06-28	# SIP plane (no glyph)
zong	𩋯	2026-06-28	# SIP plane (no glyph)
zong	𩤗	2026-06-28	# SIP plane (no glyph)
zong	𩦲	2026-06-28	# SIP plane (no glyph)
zong	𩭤	2026-06-28	# SIP plane (no glyph)
zong	𩮀	2026-06-28	# SIP plane (no glyph)
zong	𩰽	2026-06-28	# SIP plane (no glyph)
zong	𪖁	2026-06-28	# SIP plane (no glyph)
zong	𫎆	2026-06-28	# SIP plane (no glyph)
zong	𬭥	2026-06-28	# SIP plane (no glyph)
zong	𭎂	2026-06-28	# SIP plane (no glyph)
zong	𮪣	2026-06-28	# SIP plane (no glyph)
zong	𮳳	2026-06-28	# SIP plane (no glyph)
zong	𰬥	2026-06-28	# SIP plane (no glyph)
zong	𰬯	2026-06-28	# SIP plane (no glyph)
zong	𰬰	2026-06-28	# SIP plane (no glyph)
zong	𰲯	2026-06-28	# SIP plane (no glyph)
zong	𰺔	2026-06-28	# SIP plane (no glyph)
zong	𰾞	2026-06-28	# SIP plane (no glyph)
zong	𰾱	2026-06-28	# SIP plane (no glyph)
zong	𱇾	2026-06-28	# SIP plane (no glyph)
zong	𱈅	2026-06-28	# SIP plane (no glyph)
zou	𠂑	2026-06-28	# SIP plane (no glyph)
zou	𣙻	2026-06-28	# SIP plane (no glyph)
zou	𣠏	2026-06-28	# SIP plane (no glyph)
zou	𥋜	2026-06-28	# SIP plane (no glyph)
zou	𥶈	2026-06-28	# SIP plane (no glyph)
zou	𧌗	2026-06-28	# SIP plane (no glyph)
zou	𨂡	2026-06-28	# SIP plane (no glyph)
zou	𨃘	2026-06-28	# SIP plane (no glyph)
zou	𨑿	2026-06-28	# SIP plane (no glyph)
zou	𨜗	2026-06-28	# SIP plane (no glyph)
zou	𨽁	2026-06-28	# SIP plane (no glyph)
zou	𩼦	2026-06-28	# SIP plane (no glyph)
zou	𪃆	2026-06-28	# SIP plane (no glyph)
zou	𬦩	2026-06-28	# SIP plane (no glyph)
zou	𮉪	2026-06-28	# SIP plane (no glyph)
zou	𱌭	2026-06-28	# SIP plane (no glyph)
zou	𱌶	2026-06-28	# SIP plane (no glyph)
zu	𠻏	2026-06-28	# SIP plane (no glyph)
zu	𡻬	2026-06-28	# SIP plane (no glyph)
zu	𢅪	2026-06-28	# SIP plane (no glyph)
zu	𢉺	2026-06-28	# SIP plane (no glyph)
zu	𢫵	2026-06-28	# SIP plane (no glyph)
zu	𢳈	2026-06-28	# SIP plane (no glyph)
zu	𣇙	2026-06-28	# SIP plane (no glyph)
zu	𣢰	2026-06-28	# SIP plane (no glyph)
zu	𣤶	2026-06-28	# SIP plane (no glyph)
zu	𣨛	2026-06-28	# SIP plane (no glyph)
zu	𤓵	2026-06-28	# SIP plane (no glyph)
zu	𤬧	2026-06-28	# SIP plane (no glyph)
zu	𤱌	2026-06-28	# SIP plane (no glyph)
zu	𤽱	2026-06-28	# SIP plane (no glyph)
zu	𥛜	2026-06-28	# SIP plane (no glyph)
zu	𥞯	2026-06-28	# SIP plane (no glyph)
zu	𥣆	2026-06-28	# SIP plane (no glyph)
zu	𥼀	2026-06-28	# SIP plane (no glyph)
zu	𥼪	2026-06-28	# SIP plane (no glyph)
zu	𦑋	2026-06-28	# SIP plane (no glyph)
zu	𦵬	2026-06-28	# SIP plane (no glyph)
zu	𧇈	2026-06-28	# SIP plane (no glyph)
zu	𧇿	2026-06-28	# SIP plane (no glyph)
zu	𧎲	2026-06-28	# SIP plane (no glyph)
zu	𧐈	2026-06-28	# SIP plane (no glyph)
zu	𧑙	2026-06-28	# SIP plane (no glyph)
zu	𧗎	2026-06-28	# SIP plane (no glyph)
zu	𧞰	2026-06-28	# SIP plane (no glyph)
zu	𧺒	2026-06-28	# SIP plane (no glyph)
zu	𨂀	2026-06-28	# SIP plane (no glyph)
zu	𨃭	2026-06-28	# SIP plane (no glyph)
zu	𨄕	2026-06-28	# SIP plane (no glyph)
zu	𨧰	2026-06-28	# SIP plane (no glyph)
zu	𨨳	2026-06-28	# SIP plane (no glyph)
zu	𨩰	2026-06-28	# SIP plane (no glyph)
zu	𩐡	2026-06-28	# SIP plane (no glyph)
zu	𩥿	2026-06-28	# SIP plane (no glyph)
zu	𩩠	2026-06-28	# SIP plane (no glyph)
zu	𩲲	2026-06-28	# SIP plane (no glyph)
zu	𩺯	2026-06-28	# SIP plane (no glyph)
zu	𪋍	2026-06-28	# SIP plane (no glyph)
zu	𪘧	2026-06-28	# SIP plane (no glyph)
zu	𪙳	2026-06-28	# SIP plane (no glyph)
zu	𫟽	2026-06-28	# SIP plane (no glyph)
zu	𫟾	2026-06-28	# SIP plane (no glyph)
zu	𬺋	2026-06-28	# SIP plane (no glyph)
zuan	𡉺	2026-06-28	# SIP plane (no glyph)
zuan	𣀶	2026-06-28	# SIP plane (no glyph)
zuan	𣪁	2026-06-28	# SIP plane (no glyph)
zuan	𥎝	2026-06-28	# SIP plane (no glyph)
zuan	𦆈	2026-06-28	# SIP plane (no glyph)
zuan	𦙉	2026-06-28	# SIP plane (no glyph)
zuan	𨉖	2026-06-28	# SIP plane (no glyph)
zuan	𨰭	2026-06-28	# SIP plane (no glyph)
zuan	𩎑	2026-06-28	# SIP plane (no glyph)
zuan	𬖃	2026-06-28	# SIP plane (no glyph)
zuan	𬮃	2026-06-28	# SIP plane (no glyph)
zuan	𭄛	2026-06-28	# SIP plane (no glyph)
zuan	𰬹	2026-06-28	# SIP plane (no glyph)
zuan	𰾦	2026-06-28	# SIP plane (no glyph)
zuan	𰿆	2026-06-28	# SIP plane (no glyph)
zuan	𰿰	2026-06-28	# SIP plane (no glyph)
zuan	𱆈	2026-06-28	# SIP plane (no glyph)
zui	𠲋	2026-06-28	# SIP plane (no glyph)
zui	𠾋	2026-06-28	# SIP plane (no glyph)
zui	𠿘	2026-06-28	# SIP plane (no glyph)
zui	𡙭	2026-06-28	# SIP plane (no glyph)
zui	𡡔	2026-06-28	# SIP plane (no glyph)
zui	𡽁	2026-06-28	# SIP plane (no glyph)
zui	𡽛	2026-06-28	# SIP plane (no glyph)
zui	𢈡	2026-06-28	# SIP plane (no glyph)
zui	𢊛	2026-06-28	# SIP plane (no glyph)
zui	𣖱	2026-06-28	# SIP plane (no glyph)
zui	𣩑	2026-06-28	# SIP plane (no glyph)
zui	𥍋	2026-06-28	# SIP plane (no glyph)
zui	𥳣	2026-06-28	# SIP plane (no glyph)
zui	𥳵	2026-06-28	# SIP plane (no glyph)
zui	𦈬	2026-06-28	# SIP plane (no glyph)
zui	𦏳	2026-06-28	# SIP plane (no glyph)
zui	𦙈	2026-06-28	# SIP plane (no glyph)
zui	𦸺	2026-06-28	# SIP plane (no glyph)
zui	𧎹	2026-06-28	# SIP plane (no glyph)
zui	𧻝	2026-06-28	# SIP plane (no glyph)
zui	𨢅	2026-06-28	# SIP plane (no glyph)
zui	𨿇	2026-06-28	# SIP plane (no glyph)
zui	𩚻	2026-06-28	# SIP plane (no glyph)
zui	𩣷	2026-06-28	# SIP plane (no glyph)
zui	𩲨	2026-06-28	# SIP plane (no glyph)
zui	𪋌	2026-06-28	# SIP plane (no glyph)
zui	𪓌	2026-06-28	# SIP plane (no glyph)
zui	𫄹	2026-06-28	# SIP plane (no glyph)
zui	𭉨	2026-06-28	# SIP plane (no glyph)
zun	𠟃	2026-06-28	# SIP plane (no glyph)
zun	𠱜	2026-06-28	# SIP plane (no glyph)
zun	𤮐	2026-06-28	# SIP plane (no glyph)
zun	𥊭	2026-06-28	# SIP plane (no glyph)
zun	𥞘	2026-06-28	# SIP plane (no glyph)
zun	𥢎	2026-06-28	# SIP plane (no glyph)
zun	𦢐	2026-06-28	# SIP plane (no glyph)
zun	𦨆	2026-06-28	# SIP plane (no glyph)
zun	𦪚	2026-06-28	# SIP plane (no glyph)
zun	𨱔	2026-06-28	# SIP plane (no glyph)
zun	𩯄	2026-06-28	# SIP plane (no glyph)
zun	𫜄	2026-06-28	# SIP plane (no glyph)
zun	𬤢	2026-06-28	# SIP plane (no glyph)
zun	𰬺	2026-06-28	# SIP plane (no glyph)
zuo	𠂇	2026-06-28	# SIP plane (no glyph)
zuo	𠱯	2026-06-28	# SIP plane (no glyph)
zuo	𠹠	2026-06-28	# SIP plane (no glyph)
zuo	𡪳	2026-06-28	# SIP plane (no glyph)
zuo	𡯨	2026-06-28	# SIP plane (no glyph)
zuo	𡹥	2026-06-28	# SIP plane (no glyph)
zuo	𢂃	2026-06-28	# SIP plane (no glyph)
zuo	𣠹	2026-06-28	# SIP plane (no glyph)
zuo	𣹧	2026-06-28	# SIP plane (no glyph)
zuo	𤿀	2026-06-28	# SIP plane (no glyph)
zuo	𥅁	2026-06-28	# SIP plane (no glyph)
zuo	𥙀	2026-06-28	# SIP plane (no glyph)
zuo	𥥏	2026-06-28	# SIP plane (no glyph)
zuo	𥽿	2026-06-28	# SIP plane (no glyph)
zuo	𦁎	2026-06-28	# SIP plane (no glyph)
zuo	𦈛	2026-06-28	# SIP plane (no glyph)
zuo	𦥬	2026-06-28	# SIP plane (no glyph)
zuo	𦦹	2026-06-28	# SIP plane (no glyph)
zuo	𧃘	2026-06-28	# SIP plane (no glyph)
zuo	𧮙	2026-06-28	# SIP plane (no glyph)
zuo	𧲭	2026-06-28	# SIP plane (no glyph)
zuo	𨀨	2026-06-28	# SIP plane (no glyph)
zuo	𨐳	2026-06-28	# SIP plane (no glyph)
zuo	𨝨	2026-06-28	# SIP plane (no glyph)
zuo	𨞒	2026-06-28	# SIP plane (no glyph)
zuo	𩛠	2026-06-28	# SIP plane (no glyph)
zuo	𪎇	2026-06-28	# SIP plane (no glyph)
zuo	𪎲	2026-06-28	# SIP plane (no glyph)
zuo	𫗢	2026-06-28	# SIP plane (no glyph)
zuo	𬬽	2026-06-28	# SIP plane (no glyph)
zuo	𮉣	2026-06-28	# SIP plane (no glyph)
