code	word	freq	primary_code	misread_char	prim_syl	wrong_syl
zhendi	真的	47067	zhende	的	de	di
neixie	那些	43646	naxie	那	na	nei
dihua	的话	42138	dehua	的	de	di
huanyao	还要	41924	haiyao	还	hai	huan
biedi	别的	40280	biede	的	de	di
wokuai	我会	38654	wohui	会	hui	kuai
suipian	随便	37899	suibian	便	bian	pian
zunchong	尊重	36809	zunzhong	重	zhong	chong
meidi	美的	36637	meide	的	de	di
mocuo	没错	35184	meicuo	没	mei	mo
duiliao	对了	35095	duile	了	le	liao
yuxian	遇见	35071	yujian	见	jian	xian
yidai	一大	34847	yida	大	da	dai
yidaili	意大利	34814	yidali	大	da	dai
tiandu	天都	34794	tiandou	都	dou	du
xinzhao	寻找	34726	xunzhao	寻	xun	xin
kanzhao	看着	34440	kanzhe	着	zhe	zhao
kanzhuo	看着	34440	kanzhe	着	zhe	zhuo
mute	模特	34216	mote	模	mo	mu
suizhao	随着	34078	suizhe	着	zhe	zhao
suizhuo	随着	34078	suizhe	着	zhe	zhuo
deichu	得出	34036	dechu	得	de	dei
mofa	没法	33907	meifa	没	mei	mo
gede	各地	33862	gedi	地	di	de
zhaoming	著名	33658	zhuming	著	zhu	zhao
zheming	著名	33658	zhuming	著	zhu	zhe
zhuoming	著名	33658	zhuming	著	zhu	zhuo
yanchangkuai	演唱会	33613	yanchanghui	会	hui	kuai
jiliao	极了	33555	jile	了	le	liao
zuidai	最大	33403	zuida	大	da	dai
congmo	从没	33226	congmei	没	mei	mo
hendai	很大	33186	henda	大	da	dai
yimo	一万	33163	yiwan	万	wan	mo
buzhao	不着	32851	buzhe	着	zhe	zhao
buzhuo	不着	32851	buzhe	着	zhe	zhuo
zongkuai	总会	32764	zonghui	会	hui	kuai
baliao	罢了	32721	bale	了	le	liao
liuji	留给	32629	liugei	给	gei	ji
dingkuai	定会	32575	dinghui	会	hui	kuai
mokan	没看	32564	meikan	没	mei	mo
zuichong	最重	32138	zuizhong	重	zhong	chong
deiyou	得有	31924	deyou	得	de	dei
biandei	变得	31834	biande	得	de	dei
deiyi	得以	31620	deyi	得	de	dei
meixian	没见	31585	meijian	见	jian	xian
mojian	没见	31585	meijian	没	mei	mo
moxian	没见	31585	meijian	没	mei	mo
taidai	太大	31453	taida	大	da	dai
moxiang	没想	31403	meixiang	没	mei	mo
kandei	看得	31253	kande	得	de	dei
meiliao	没了	31107	meile	了	le	liao
mole	没了	31107	meile	没	mei	mo
moliao	没了	31107	meile	没	mei	mo
tiandai	天大	30763	tianda	大	da	dai
mengxian	梦见	30742	mengjian	见	jian	xian
xiaoxiaodi	小小的	30660	xiaoxiaode	的	de	di
daili	大利	30581	dali	大	da	dai
moban	没办	30431	meiban	没	mei	mo
huanyi	还以	30416	haiyi	还	hai	huan
shuibuzhao	睡不着	30390	shuibuzhe	着	zhe	zhao
shuibuzhuo	睡不着	30390	shuibuzhe	着	zhe	zhuo
changxian	常见	30348	changjian	见	jian	xian
wankuai	晚会	30334	wanhui	会	hui	kuai
henchong	很重	30314	henzhong	重	zhong	chong
dashe	打折	30268	dazhe	折	zhe	she
deifen	得分	30053	defen	得	de	dei
moxiangdao	没想到	30037	meixiangdao	没	mei	mo
jiaokuai	教会	30013	jiaohui	会	hui	kuai
dailou	大楼	29990	dalou	大	da	dai
conglaimo	从来没	29876	conglaimei	没	mei	mo
moqu	没去	29844	meiqu	没	mei	mo
kuaiqu	会去	29821	huiqu	会	hui	kuai
bandi	般的	29819	bande	的	de	di
beizhao	背着	29804	beizhe	着	zhe	zhao
beizhuo	背着	29804	beizhe	着	zhe	zhuo
jiadai	加大	29774	jiada	大	da	dai
shukuo	舒适	29706	shushi	适	shi	kuo
pengyoujuan	朋友圈	29690	pengyouquan	圈	quan	juan
moqian	没钱	29634	meiqian	没	mei	mo
sheizhi	谁知	29625	shuizhi	谁	shui	shei
moguan	没关	29533	meiguan	没	mei	mo
fabukuai	发布会	29515	fabuhui	会	hui	kuai
changshijian	长时间	29306	zhangshijian	长	zhang	chang
beidai	北大	29237	beida	大	da	dai
meidei	没得	29193	meide	得	de	dei
mode	没得	29193	meide	没	mei	mo
modei	没得	29193	meide	没	mei	mo
deibudao	得不到	29083	debudao	得	de	dei
jiuhangle	就行了	29074	jiuxingle	行	xing	hang
jiuhangliao	就行了	29074	jiuxingle	行	xing	hang
jiuxingliao	就行了	29074	jiuxingle	了	le	liao
kuaizhu	会主	29050	huizhu	会	hui	kuai
chenyang	沈阳	29018	shenyang	沈	shen	chen
deilai	得来	28983	delai	得	de	dei
chaodai	超大	28932	chaoda	大	da	dai
kuailai	会来	28912	huilai	会	hui	kuai
xinqiu	寻求	28878	xunqiu	寻	xun	xin
duola	堕落	28846	duoluo	落	luo	la
kuaihou	会后	28839	huihou	会	hui	kuai
haihang	还行	28795	haixing	行	xing	hang
huanhang	还行	28795	haixing	还	hai	huan
huanxing	还行	28795	haixing	还	hai	huan
douhang	都行	28784	douxing	行	xing	hang
duhang	都行	28784	douxing	都	dou	du
duxing	都行	28784	douxing	都	dou	du
dailao	大佬	28656	dalao	大	da	dai
jianxian	见见	28643	jianjian	见	jian	xian
xianjian	见见	28643	jianjian	见	jian	xian
xianxian	见见	28643	jianjian	见	jian	xian
duochong	多重	28610	duozhong	重	zhong	chong
houkuai	后会	28573	houhui	会	hui	kuai
buchong	不重	28526	buzhong	重	zhong	chong
yijuan	一圈	28495	yiquan	圈	quan	juan
mozhun	没准	28443	meizhun	没	mei	mo
molai	没来	28346	meilai	没	mei	mo
bidei	彼得	28243	bide	得	de	dei
xinchang	寻常	28214	xunchang	寻	xun	xin
mohui	没回	28201	meihui	没	mei	mo
kuoyong	适用	28144	shiyong	适	shi	kuo
shuoliaosuan	说了算	28132	shuolesuan	了	le	liao
moren	万人	28101	wanren	万	wan	mo
gaikuai	该会	28073	gaihui	会	hui	kuai
buchang	不长	28065	buzhang	长	zhang	chang
pianxian	偏见	28045	pianjian	见	jian	xian
haojiumo	好久没	28002	haojiumei	没	mei	mo
taihaoliao	太好了	27898	taihaole	了	le	liao
mochu	没出	27767	meichu	没	mei	mo
daisan	大三	27680	dasan	大	da	dai
yuedai	越大	27627	yueda	大	da	dai
daishan	大山	27615	dashan	大	da	dai
daiguimo	大规模	27602	daguimo	大	da	dai
kansi	看似	27562	kanshi	似	shi	si
chenzhao	趁着	27491	chenzhe	着	zhe	zhao
chenzhuo	趁着	27491	chenzhe	着	zhe	zhuo
mokai	没开	27426	meikai	没	mei	mo
yanjuan	眼圈	27409	yanquan	圈	quan	juan
modao	没到	27390	meidao	没	mei	mo
duizhao	对着	27376	duizhe	着	zhe	zhao
duizhuo	对着	27376	duizhe	着	zhe	zhuo
likuai	理会	27326	lihui	会	hui	kuai
leyue	乐乐	27307	lele	乐	le	yue
yuele	乐乐	27307	lele	乐	le	yue
yueyue	乐乐	27307	lele	乐	le	yue
jimo	几万	27288	jiwan	万	wan	mo
nengxian	能见	27277	nengjian	见	jian	xian
zhongdai	中大	27257	zhongda	大	da	dai
chenzhiwei	称之为	27209	chengzhiwei	称	cheng	chen
weichong	为重	27184	weizhong	重	zhong	chong
renhang	人行	27127	renxing	行	xing	hang
jili	给力	27112	geili	给	gei	ji
changkuai	常会	27073	changhui	会	hui	kuai
liangmo	两万	27052	liangwan	万	wan	mo
tiankuai	天会	27016	tianhui	会	hui	kuai
kandeichu	看得出	26996	kandechu	得	de	dei
tamadi	他妈的	26969	tamade	的	de	di
diji	递给	26968	digei	给	gei	ji
yinyuekuai	音乐会	26927	yinyuehui	会	hui	kuai
moneng	没能	26891	meineng	没	mei	mo
kuaiyong	会用	26888	huiyong	会	hui	kuai
deizhu	得住	26878	dezhu	得	de	dei
daiyu	大于	26830	dayu	大	da	dai
daijiang	大奖	26756	dajiang	大	da	dai
shidai	师大	26744	shida	大	da	dai
daiyu	大鱼	26738	dayu	大	da	dai
shunzhao	顺着	26724	shunzhe	着	zhe	zhao
shunzhuo	顺着	26724	shunzhe	着	zhe	zhuo
xidu	西都	26720	xidou	都	dou	du
gongdai	工大	26691	gongda	大	da	dai
yiji	一系	26679	yixi	系	xi	ji
manmandi	满满的	26652	manmande	的	de	di
daifu	大幅	26610	dafu	大	da	dai
guodai	国大	26590	guoda	大	da	dai
guanliao	关了	26587	guanle	了	le	liao
lianzhao	连着	26579	lianzhe	着	zhe	zhao
lianzhuo	连着	26579	lianzhe	着	zhe	zhuo
huanyong	还用	26572	haiyong	还	hai	huan
daixian	大仙	26543	daxian	大	da	dai
daibu	大步	26504	dabu	大	da	dai
daiji	带给	26503	daigei	给	gei	ji
daige	大个	26482	dage	大	da	dai
zongjiao	总觉	26469	zongjue	觉	jue	jiao
huodei	活得	26467	huode	得	de	dei
chengdai	成大	26416	chengda	大	da	dai
juanjuan	圈圈	26401	quanquan	圈	quan	juan
juanquan	圈圈	26401	quanquan	圈	quan	juan
quanjuan	圈圈	26401	quanquan	圈	quan	juan
jiaji	嫁给	26358	jiagei	给	gei	ji
deixia	得下	26345	dexia	得	de	dei
jiede	接地	26319	jiedi	地	di	de
dadei	打得	26279	dade	得	de	dei
yibaimo	一百万	26220	yibaiwan	万	wan	mo
daiyan	大眼	26200	dayan	大	da	dai
duochang	多长	26195	duozhang	长	zhang	chang
shoushishuai	收视率	26189	shoushilv	率	lv	shuai
moshang	没上	26158	meishang	没	mei	mo
rangji	让给	26104	ranggei	给	gei	ji
jingjingdi	静静的	26086	jingjingde	的	de	di
daier	大二	26065	daer	大	da	dai
chaomu	超模	26043	chaomo	模	mo	mu
yongbuzhao	用不着	26028	yongbuzhe	着	zhe	zhao
yongbuzhuo	用不着	26028	yongbuzhe	着	zhe	zhuo
deizhu	得主	26026	dezhu	得	de	dei
kedai	科大	26021	keda	大	da	dai
tongliao	通了	25969	tongle	了	le	liao
sanmo	三万	25967	sanwan	万	wan	mo
shandai	山大	25949	shanda	大	da	dai
daisi	大四	25939	dasi	大	da	dai
kuaisheng	会生	25890	huisheng	会	hui	kuai
yingde	营地	25878	yingdi	地	di	de
kandeijian	看得见	25849	kandejian	得	de	dei
kandeixian	看得见	25849	kandejian	得	de	dei
kandexian	看得见	25849	kandejian	见	jian	xian
longchong	隆重	25840	longzhong	重	zhong	chong
shanliao	删了	25819	shanle	了	le	liao
daiqing	大清	25814	daqing	大	da	dai
jiaozhao	觉着	25809	juezhe	觉	jue	jiao
jiaozhe	觉着	25809	juezhe	觉	jue	jiao
jiaozhuo	觉着	25809	juezhe	觉	jue	jiao
juezhao	觉着	25809	juezhe	着	zhe	zhao
juezhuo	觉着	25809	juezhe	着	zhe	zhuo
taichang	太长	25800	taizhang	长	zhang	chang
changpang	长胖	25787	zhangpang	长	zhang	chang
zhaoshi	着实	25786	zheshi	着	zhe	zhao
zhuoshi	着实	25786	zheshi	着	zhe	zhuo
nadai	那大	25781	nada	大	da	dai
taichong	太重	25774	taizhong	重	zhong	chong
changchangdi	长长的	25760	changchangde	的	de	di
henjiumo	很久没	25750	henjiumei	没	mei	mo
zhuanlai	传来	25738	chuanlai	传	chuan	zhuan
tedai	特大	25717	teda	大	da	dai
huaizhao	怀着	25711	huaizhe	着	zhe	zhao
huaizhuo	怀着	25711	huaizhe	着	zhe	zhuo
moxia	没下	25680	meixia	没	mei	mo
huadu	花都	25653	huadou	都	dou	du
shuodeihao	说得好	25652	shuodehao	得	de	dei
daibao	大宝	25635	dabao	大	da	dai
chengshi	盛世	25633	shengshi	盛	sheng	cheng
douhaimo	都还没	25615	douhaimei	没	mei	mo
douhuanmei	都还没	25615	douhaimei	还	hai	huan
douhuanmo	都还没	25615	douhaimei	还	hai	huan
duhaimei	都还没	25615	douhaimei	都	dou	du
duhaimo	都还没	25615	douhaimei	都	dou	du
duhuanmei	都还没	25615	douhaimei	都	dou	du
duhuanmo	都还没	25615	douhaimei	都	dou	du
huansuan	还算	25546	haisuan	还	hai	huan
taichai	太差	25539	taicha	差	cha	chai
daixi	大西	25531	daxi	大	da	dai
meiji	没给	25480	meigei	给	gei	ji
mogei	没给	25480	meigei	没	mei	mo
moji	没给	25480	meigei	没	mei	mo
zikuai	子会	25473	zihui	会	hui	kuai
duandi	端的	25419	duande	的	de	di
nandai	南大	25397	nanda	大	da	dai
jidai	纪大	25382	jida	大	da	dai
shangmo	上万	25374	shangwan	万	wan	mo
badai	八大	25366	bada	大	da	dai
moduo	万多	25343	wanduo	万	wan	mo
moge	万个	25296	wange	万	wan	mo
deishi	得失	25195	deshi	得	de	dei
daidui	大堆	25162	dadui	大	da	dai
dangzhao	当着	25152	dangzhe	着	zhe	zhao
dangzhuo	当着	25152	dangzhe	着	zhe	zhuo
wumo	五万	25125	wuwan	万	wan	mo
changrou	长肉	25090	zhangrou	长	zhang	chang
lingkuai	领会	25012	linghui	会	hui	kuai
dangliao	当了	25007	dangle	了	le	liao
huikuai	会会	24980	huihui	会	hui	kuai
kuaihui	会会	24980	huihui	会	hui	kuai
kuaikuai	会会	24980	huihui	会	hui	kuai
yanjue	眼角	24968	yanjiao	角	jiao	jue
zuichang	最长	24958	zuizhang	长	zhang	chang
daixiong	大熊	24957	daxiong	大	da	dai
zhendijia	真的假	24917	zhendejia	的	de	di
youyue	游乐	24904	youle	乐	le	yue
xueshengkuai	学生会	24883	xueshenghui	会	hui	kuai
yalishandai	亚历山大	24883	yalishanda	大	da	dai
chongzheng	重症	24843	zhongzheng	重	zhong	chong
qiaoqiaodi	悄悄的	24824	qiaoqiaode	的	de	di
wohang	我行	24799	woxing	行	xing	hang
shangkuai	上会	24775	shanghui	会	hui	kuai
taibangliao	太棒了	24759	taibangle	了	le	liao
mofang	没放	24747	meifang	没	mei	mo
daizhong	大中	24724	dazhong	大	da	dai
genshei	跟谁	24682	genshui	谁	shui	shei
laixian	来见	24678	laijian	见	jian	xian
biandai	变大	24657	bianda	大	da	dai
hangbuxing	行不行	24650	xingbuxing	行	xing	hang
aizhao	挨着	24631	aizhe	着	zhe	zhao
aizhuo	挨着	24631	aizhe	着	zhe	zhuo
fachang	发长	24612	fazhang	长	zhang	chang
deli	地里	24582	dili	地	di	de
mochiguo	没吃过	24576	meichiguo	没	mei	mo
daihan	大喊	24562	dahan	大	da	dai
biewangliao	别忘了	24542	biewangle	了	le	liao
tuihang	推行	24533	tuixing	行	xing	hang
shangzhuan	上传	24525	shangchuan	传	chuan	zhuan
modian	没电	24521	meidian	没	mei	mo
daidian	大点	24520	dadian	大	da	dai
qianji	钱给	24520	qiangei	给	gei	ji
dandandi	淡淡的	24514	dandande	的	de	di
jingjingde	静静地	24476	jingjingdi	地	di	de
zhuanchu	传出	24465	chuanchu	传	chuan	zhuan
aodaili	澳大利	24457	aodali	大	da	dai
changdou	长痘	24454	zhangdou	长	zhang	chang
kedei	可得	24453	kede	得	de	dei
liandai	脸大	24448	lianda	大	da	dai
daima	大马	24435	dama	大	da	dai
kuaifen	会分	24420	huifen	会	hui	kuai
hangyuan	行员	24411	xingyuan	行	xing	hang
tianchang	天长	24392	tianzhang	长	zhang	chang
juedai	绝大	24389	jueda	大	da	dai
duomo	多万	24371	duowan	万	wan	mo
zichang	子长	24360	zizhang	长	zhang	chang
zhuandao	传到	24343	chuandao	传	chuan	zhuan
chengkai	盛开	24321	shengkai	盛	sheng	cheng
kuaikuaileyue	快快乐乐	24321	kuaikuailele	乐	le	yue
heiyanjuan	黑眼圈	24311	heiyanquan	圈	quan	juan
yongdei	用得	24305	yongde	得	de	dei
moxin	没心	24303	meixin	没	mei	mo
zhuanji	转给	24302	zhuangei	给	gei	ji
changqun	长裙	24284	zhangqun	长	zhang	chang
jinin	给您	24270	geinin	给	gei	ji
weikuai	委会	24229	weihui	会	hui	kuai
jiji	寄给	24222	jigei	给	gei	ji
xinmi	寻觅	24139	xunmi	寻	xun	xin
zuode	坐地	24119	zuodi	地	di	de
mochuan	没穿	24111	meichuan	没	mei	mo
macha	抹茶	24086	mocha	抹	mo	ma
kaidai	开大	24079	kaida	大	da	dai
jianmiankuai	见面会	24057	jianmianhui	会	hui	kuai
chonglai	重来	24046	zhonglai	重	zhong	chong
jichu	给出	24010	geichu	给	gei	ji
daiwei	大为	24002	dawei	大	da	dai
shuji	输给	23995	shugei	给	gei	ji
deijiu	得救	23994	dejiu	得	de	dei
sishi	似是	23989	shishi	似	shi	si
yiqiedushi	一切都是	23977	yiqiedoushi	都	dou	du
moyuan	万元	23946	wanyuan	万	wan	mo
shoudeile	受得了	23939	shoudele	得	de	dei
shoudeiliao	受得了	23939	shoudele	得	de	dei
shoudeliao	受得了	23939	shoudele	了	le	liao
xianji	先给	23900	xiangei	给	gei	ji
souxin	搜寻	23895	souxun	寻	xun	xin
shangjue	上角	23870	shangjiao	角	jiao	jue
miankuai	面会	23868	mianhui	会	hui	kuai
wudai	五大	23865	wuda	大	da	dai
suide	随地	23851	suidi	地	di	de
daikuai	待会	23847	daihui	会	hui	kuai
jingdeiqi	经得起	23819	jingdeqi	得	de	dei
kuoyi	适宜	23813	shiyi	适	shi	kuo
maiji	卖给	23795	maigei	给	gei	ji
laru	落入	23773	luoru	落	luo	la
guaiguaidi	怪怪的	23764	guaiguaide	的	de	di
qingzhao	清朝	23760	qingchao	朝	chao	zhao
momode	默默地	23740	momodi	地	di	de
ziyue	自乐	23723	zile	乐	le	yue
dazhao	打着	23674	dazhe	着	zhe	zhao
dazhuo	打着	23674	dazhe	着	zhe	zhuo
taikuai	太会	23657	taihui	会	hui	kuai
deibing	得病	23645	debing	得	de	dei
zheyangdihua	这样的话	23638	zheyangdehua	的	de	di
simo	四万	23619	siwan	万	wan	mo
daichu	大厨	23617	dachu	大	da	dai
daixia	大虾	23615	daxia	大	da	dai
duochangshijian	多长时间	23611	duozhangshijian	长	zhang	chang
lala	落落	23608	luoluo	落	luo	la
laluo	落落	23608	luoluo	落	luo	la
luola	落落	23608	luoluo	落	luo	la
suoxian	所见	23592	suojian	见	jian	xian
youhang	游行	23582	youxing	行	xing	hang
fuji	付给	23578	fugei	给	gei	ji
kanchen	堪称	23575	kancheng	称	cheng	chen
ladao	落到	23573	luodao	落	luo	la
xianzhao	闲着	23565	xianzhe	着	zhe	zhao
xianzhuo	闲着	23565	xianzhe	着	zhe	zhuo
tuichang	腿长	23559	tuizhang	长	zhang	chang
daigui	大规	23553	dagui	大	da	dai
deiyong	得用	23552	deyong	得	de	dei
dailiu	大流	23547	daliu	大	da	dai
eee	哦哦哦	23545	ooo	哦	o	e
eeo	哦哦哦	23545	ooo	哦	o	e
eoe	哦哦哦	23545	ooo	哦	o	e
eoo	哦哦哦	23545	ooo	哦	o	e
oee	哦哦哦	23545	ooo	哦	o	e
oeo	哦哦哦	23545	ooo	哦	o	e
ooe	哦哦哦	23545	ooo	哦	o	e
changtou	长头	23526	zhangtou	长	zhang	chang
moxi	没洗	23520	meixi	没	mei	mo
kuiliao	亏了	23513	kuile	了	le	liao
nenghang	能行	23505	nengxing	行	xing	hang
deicheng	得成	23504	decheng	得	de	dei
mobian	没变	23493	meibian	没	mei	mo
shidai	十大	23490	shida	大	da	dai
yueshi	乐视	23489	leshi	乐	le	yue
jingde	静地	23482	jingdi	地	di	de
meidei	美得	23479	meide	得	de	dei
dailian	大脸	23443	dalian	大	da	dai
jiqiao	机壳	23437	jike	壳	ke	qiao
buyue	不乐	23430	bule	乐	le	yue
hangshe	行社	23422	xingshe	行	xing	hang
zhaozuo	著作	23388	zhuzuo	著	zhu	zhao
zhezuo	著作	23388	zhuzuo	著	zhu	zhe
zhuozuo	著作	23388	zhuzuo	著	zhu	zhuo
dongdai	东大	23387	dongda	大	da	dai
liuchang	留长	23372	liuzhang	长	zhang	chang
moxie	没写	23340	meixie	没	mei	mo
minxiu	民宿	23324	minsu	宿	su	xiu
zhenkuai	真会	23323	zhenhui	会	hui	kuai
moli	万里	23314	wanli	万	wan	mo
xixie	吸血	23311	xixue	血	xue	xie
tiaodi	调低	23310	diaodi	调	diao	tiao
zhaoxin	找寻	23309	zhaoxun	寻	xun	xin
xiajue	下角	23304	xiajiao	角	jiao	jue
daishi	大石	23298	dashi	大	da	dai
tianxiang	天降	23281	tianjiang	降	jiang	xiang
moxue	没学	23258	meixue	没	mei	mo
deiming	得名	23253	deming	得	de	dei
tiantiandi	甜甜的	23253	tiantiande	的	de	di
hengdai	恒大	23210	hengda	大	da	dai
changyue	常乐	23171	changle	乐	le	yue
kuaizhan	会展	23152	huizhan	会	hui	kuai
jiaochong	较重	23151	jiaozhong	重	zhong	chong
daizui	大嘴	23147	dazui	大	da	dai
houhoudi	厚厚的	23142	houhoude	的	de	di
paidei	拍得	23135	paide	得	de	dei
jiexian	接见	23125	jiejian	见	jian	xian
tiaochu	调出	23102	diaochu	调	diao	tiao
suisuibianpian	随随便便	23097	suisuibianbian	便	bian	pian
suisuipianbian	随随便便	23097	suisuibianbian	便	bian	pian
suisuipianpian	随随便便	23097	suisuibianbian	便	bian	pian
niboer	尼泊尔	23083	nipoer	泊	po	bo
cihang	此行	23077	cixing	行	xing	hang
sheishei	谁谁	23072	shuishui	谁	shui	shei
sheishui	谁谁	23072	shuishui	谁	shui	shei
shuishei	谁谁	23072	shuishui	谁	shui	shei
seer	塞尔	23062	saier	塞	sai	se
xiadei	下得	23061	xiade	得	de	dei
daibian	大变	23057	dabian	大	da	dai
mowan	没玩	23027	meiwan	没	mei	mo
daiku	大哭	23012	daku	大	da	dai
shenshende	深深地	23010	shenshendi	地	di	de
pingzhao	凭着	23007	pingzhe	着	zhe	zhao
pingzhuo	凭着	23007	pingzhe	着	zhe	zhuo
shangdei	上得	23007	shangde	得	de	dei
daipai	大牌	23006	dapai	大	da	dai
daidong	大东	23005	dadong	大	da	dai
dandai	胆大	22996	danda	大	da	dai
chengxia	盛夏	22988	shengxia	盛	sheng	cheng
gaogaodi	高高的	22976	gaogaode	的	de	di
moduojiu	没多久	22975	meiduojiu	没	mei	mo
tanmu	弹幕	22963	danmu	弹	dan	tan
modong	没动	22959	meidong	没	mei	mo
chengyan	盛宴	22951	shengyan	盛	sheng	cheng
congxiaodaodai	从小到大	22951	congxiaodaoda	大	da	dai
juantao	圈套	22945	quantao	圈	quan	juan
daizeng	大增	22944	dazeng	大	da	dai
zuikuo	最适	22938	zuishi	适	shi	kuo
jinige	给你个	22906	geinige	给	gei	ji
jixiu	寄宿	22906	jisu	宿	su	xiu
mojin	没进	22892	meijin	没	mei	mo
gankun	乾坤	22889	qiankun	乾	qian	gan
daijiudian	大酒店	22879	dajiudian	大	da	dai
youyuechang	游乐场	22879	youlechang	乐	le	yue
maidei	买得	22864	maide	得	de	dei
daidu	大肚	22856	dadu	大	da	dai
jiaodai	交大	22839	jiaoda	大	da	dai
tangzhao	唐朝	22838	tangchao	朝	chao	zhao
shuaigao	率高	22835	lvgao	率	lv	shuai
jixie	鸡血	22830	jixue	血	xue	xie
kandeichulai	看得出来	22815	kandechulai	得	de	dei
changbai	长白	22811	zhangbai	长	zhang	chang
zuichai	最差	22811	zuicha	差	cha	chai
haoliaoma	好了吗	22809	haolema	了	le	liao
deixian	得闲	22797	dexian	得	de	dei
bianpian	便便	22795	bianbian	便	bian	pian
pianbian	便便	22795	bianbian	便	bian	pian
pianpian	便便	22795	bianbian	便	bian	pian
deijiang	得奖	22771	dejiang	得	de	dei
lexian	乐见	22760	lejian	见	jian	xian
yuejian	乐见	22760	lejian	乐	le	yue
yuexian	乐见	22760	lejian	乐	le	yue
zhaoshang	着上	22756	zheshang	着	zhe	zhao
zhuoshang	着上	22756	zheshang	着	zhe	zhuo
geishei	给谁	22754	geishui	谁	shui	shei
jishei	给谁	22754	geishui	给	gei	ji
jishui	给谁	22754	geishui	给	gei	ji
fadaicai	发大财	22746	fadacai	大	da	dai
zhaoyue	找乐	22727	zhaole	乐	le	yue
xiangdao	降到	22725	jiangdao	降	jiang	xiang
chongbing	重病	22710	zhongbing	重	zhong	chong
changdeishuai	长得帅	22690	zhangdeshuai	长	zhang	chang
changdeshuai	长得帅	22690	zhangdeshuai	长	zhang	chang
zhangdeishuai	长得帅	22690	zhangdeshuai	得	de	dei
taihang	太行	22675	taixing	行	xing	hang
fudai	福大	22665	fuda	大	da	dai
jikuai	计会	22656	jihui	会	hui	kuai
gouxie	狗血	22653	gouxue	血	xue	xie
daiguo	大锅	22619	daguo	大	da	dai
shuodeidui	说得对	22607	shuodedui	得	de	dei
momen	没门	22584	meimen	没	mei	mo
sheigan	谁敢	22564	shuigan	谁	shui	shei
juanli	圈里	22561	quanli	圈	quan	juan
jiezi	桔子	22533	juzi	桔	ju	jie
yuanyuandi	圆圆的	22521	yuanyuande	的	de	di
fengkuai	峰会	22517	fenghui	会	hui	kuai
kuoshi	适时	22510	shishi	适	shi	kuo
pofu	剖腹	22506	poufu	剖	pou	po
daiying	大英	22504	daying	大	da	dai
youxiaoshuai	有效率	22490	youxiaolv	率	lv	shuai
zhendai	真大	22490	zhenda	大	da	dai
chongdu	重度	22488	zhongdu	重	zhong	chong
hede	何地	22481	hedi	地	di	de
biezhao	别着	22463	biezhe	着	zhe	zhao
biezhuo	别着	22463	biezhe	着	zhe	zhuo
deda	地大	22463	dida	地	di	de
dedai	地大	22463	dida	地	di	de
didai	地大	22463	dida	大	da	dai
qiaoqiaode	悄悄地	22461	qiaoqiaodi	地	di	de
morang	没让	22458	meirang	没	mei	mo
fenbianshuai	分辨率	22451	fenbianlv	率	lv	shuai
nuannuandi	暖暖的	22449	nuannuande	的	de	di
jiwofa	给我发	22384	geiwofa	给	gei	ji
chenghang	盛行	22376	shengxing	盛	sheng	cheng
chengxing	盛行	22376	shengxing	盛	sheng	cheng
shenghang	盛行	22376	shengxing	行	xing	hang
diaola	掉落	22376	diaoluo	落	luo	la
daixiong	大兄	22374	daxiong	大	da	dai
daibaoyu	大暴雨	22371	dabaoyu	大	da	dai
huanpa	还怕	22367	haipa	还	hai	huan
huadai	华大	22355	huada	大	da	dai
dailong	大龙	22338	dalong	大	da	dai
dongde	动地	22334	dongdi	地	di	de
zhizhao	指着	22328	zhizhe	着	zhe	zhao
zhizhuo	指着	22328	zhizhe	着	zhe	zhuo
daijin	大金	22311	dajin	大	da	dai
shijiegede	世界各地	22300	shijiegedi	地	di	de
bula	不落	22283	buluo	落	luo	la
daizhao	大招	22280	dazhao	大	da	dai
tanchang	探长	22273	tanzhang	长	zhang	chang
ligongdai	理工大	22256	ligongda	大	da	dai
chongzhao	冲着	22249	chongzhe	着	zhe	zhao
chongzhuo	冲着	22249	chongzhe	着	zhe	zhuo
quanchang	全长	22234	quanzhang	长	zhang	chang
baoji	包给	22227	baogei	给	gei	ji
wudai	武大	22222	wuda	大	da	dai
renchong	任重	22215	renzhong	重	zhong	chong
daitang	大唐	22208	datang	大	da	dai
weixian	未见	22198	weijian	见	jian	xian
nongnongdi	浓浓的	22193	nongnongde	的	de	di
kuaijiwo	快给我	22190	kuaigeiwo	给	gei	ji
daika	大咖	22183	daka	大	da	dai
daierzi	大儿子	22162	daerzi	大	da	dai
sheixian	谁先	22160	shuixian	谁	shui	shei
daiwan	大碗	22148	dawan	大	da	dai
daixiong	大胸	22144	daxiong	大	da	dai
dingji	定给	22143	dinggei	给	gei	ji
jieji	借给	22135	jiegei	给	gei	ji
yongyuandushi	永远都是	22132	yongyuandoushi	都	dou	du
rende	人地	22119	rendi	地	di	de
daiwu	大雾	22110	dawu	大	da	dai
weizhao	围着	22110	weizhe	着	zhe	zhao
weizhuo	围着	22110	weizhe	着	zhe	zhuo
kedai	可大	22102	keda	大	da	dai
xiongdai	胸大	22100	xiongda	大	da	dai
daishou	大手	22095	dashou	大	da	dai
jiachang	加长	22087	jiazhang	长	zhang	chang
yigejue	一个角	22070	yigejiao	角	jiao	jue
jiazhangkuai	家长会	22062	jiazhanghui	会	hui	kuai
daihei	大黑	22046	dahei	大	da	dai
chuanji	传给	22028	chuangei	给	gei	ji
zhuangei	传给	22028	chuangei	传	chuan	zhuan
zhuanji	传给	22028	chuangei	传	chuan	zhuan
jieji	接给	21995	jiegei	给	gei	ji
yueba	乐吧	21982	leba	乐	le	yue
mande	满地	21980	mandi	地	di	de
xieji	写给	21979	xiegei	给	gei	ji
zhongkuai	终会	21979	zhonghui	会	hui	kuai
chonghui	重回	21964	zhonghui	重	zhong	chong
tingzhengkuai	听证会	21959	tingzhenghui	会	hui	kuai
chengdian	盛典	21950	shengdian	盛	sheng	cheng
changdao	长岛	21935	zhangdao	长	zhang	chang
daiying	大影	21922	daying	大	da	dai
mukuai	模块	21921	mokuai	模	mo	mu
deer	地儿	21918	dier	地	di	de
yaodu	药都	21901	yaodou	都	dou	du
daipeng	大棚	21900	dapeng	大	da	dai
qianqianmo	千千万	21897	qianqianwan	万	wan	mo
biezhao	憋着	21874	biezhe	着	zhe	zhao
biezhuo	憋着	21874	biezhe	着	zhe	zhuo
mozhe	没辙	21868	meizhe	没	mei	mo
haidai	海大	21839	haida	大	da	dai
daiyun	大运	21826	dayun	大	da	dai
jiade	家地	21810	jiadi	地	di	de
zhaode	着地	21807	zhedi	着	zhe	zhao
zhaodi	着地	21807	zhedi	着	zhe	zhao
zhede	着地	21807	zhedi	地	di	de
zhuode	着地	21807	zhedi	着	zhe	zhuo
zhuodi	着地	21807	zhedi	着	zhe	zhuo
maiji	买给	21798	maigei	给	gei	ji
haoliaoba	好了吧	21787	haoleba	了	le	liao
yuecheng	乐橙	21785	lecheng	乐	le	yue
daizhang	大张	21780	dazhang	大	da	dai
daijieju	大结局	21764	dajieju	大	da	dai
ganlong	乾隆	21751	qianlong	乾	qian	gan
yanyijuan	演艺圈	21749	yanyiquan	圈	quan	juan
tuola	脱落	21746	tuoluo	落	luo	la
jiaochang	较长	21725	jiaozhang	长	zhang	chang
diede	爹地	21721	diedi	地	di	de
wuzhao	捂着	21720	wuzhe	着	zhe	zhao
wuzhuo	捂着	21720	wuzhe	着	zhe	zhuo
moji	没记	21691	meiji	没	mei	mo
zhihang	之行	21670	zhixing	行	xing	hang
pofuchan	剖腹产	21661	poufuchan	剖	pou	po
daiping	大屏	21644	daping	大	da	dai
daiqi	大旗	21634	daqi	大	da	dai
dailin	大林	21623	dalin	大	da	dai
yangdai	养大	21612	yangda	大	da	dai
daidai	带大	21605	daida	大	da	dai
gouchang	够长	21605	gouzhang	长	zhang	chang
bishei	比谁	21601	bishui	谁	shui	shei
changda	长达	21588	zhangda	长	zhang	chang
kaidei	开得	21582	kaide	得	de	dei
manxie	满血	21578	manxue	血	xue	xie
zhende	真地	21575	zhendi	地	di	de
tiaodao	调到	21563	diaodao	调	diao	tiao
fazhao	发着	21560	fazhe	着	zhe	zhao
fazhuo	发着	21560	fazhe	着	zhe	zhuo
kuaidong	会动	21559	huidong	会	hui	kuai
gehang	各行	21542	gexing	行	xing	hang
qisiwoliao	气死我了	21535	qisiwole	了	le	liao
motingshuoguo	没听说过	21518	meitingshuoguo	没	mei	mo
nongdai	农大	21513	nongda	大	da	dai
mokuai	万块	21493	wankuai	万	wan	mo
wujue	五角	21488	wujiao	角	jiao	jue
bamo	八万	21487	bawan	万	wan	mo
tongde	同地	21486	tongdi	地	di	de
bushe	不折	21483	buzhe	折	zhe	she
shuobailiao	说白了	21467	shuobaile	了	le	liao
zhendei	真得	21455	zhende	得	de	dei
changjianshi	长见识	21450	zhangjianshi	长	zhang	chang
dejiu	地久	21447	dijiu	地	di	de
base	巴塞	21444	basai	塞	sai	se
jijinkuai	基金会	21441	jijinhui	会	hui	kuai
meidai	没大	21438	meida	大	da	dai
moda	没大	21438	meida	没	mei	mo
modai	没大	21438	meida	没	mei	mo
huala	花落	21434	hualuo	落	luo	la
kanzhaoban	看着办	21431	kanzheban	着	zhe	zhao
kanzhuoban	看着办	21431	kanzheban	着	zhe	zhuo
beijue	北角	21428	beijiao	角	jiao	jue
jieliao	借了	21422	jiele	了	le	liao
jiandei	兼得	21415	jiande	得	de	dei
seji	色系	21407	sexi	系	xi	ji
tizhao	提着	21378	tizhe	着	zhe	zhao
tizhuo	提着	21378	tizhe	着	zhe	zhuo
youshangjue	右上角	21377	youshangjiao	角	jiao	jue
daifu	大佛	21368	dafu	大	da	dai
daifang	大房	21362	dafang	大	da	dai
mosheng	万圣	21359	wansheng	万	wan	mo
yuanzhao	原着	21351	yuanzhe	着	zhe	zhao
yuanzhuo	原着	21351	yuanzhe	着	zhe	zhuo
qihang	骑行	21342	qixing	行	xing	hang
haolemo	好了没	21328	haolemei	没	mei	mo
haoliaomei	好了没	21328	haolemei	了	le	liao
haoliaomo	好了没	21328	haolemei	了	le	liao
peidei	配得	21327	peide	得	de	dei
shangdu	商都	21320	shangdou	都	dou	du
shenzhao	身着	21312	shenzhe	着	zhe	zhao
shenzhuo	身着	21312	shenzhe	着	zhe	zhuo
weihuo	维和	21309	weihe	和	he	huo
moshengjie	万圣节	21305	wanshengjie	万	wan	mo
kuaihua	会画	21300	huihua	会	hui	kuai
jiudai	九大	21287	jiuda	大	da	dai
beide	北地	21274	beidi	地	di	de
leidei	累得	21271	leide	得	de	dei
youxiajue	右下角	21261	youxiajiao	角	jiao	jue
tiaohao	调好	21225	diaohao	调	diao	tiao
chongsu	重塑	21212	zhongsu	重	zhong	chong
lidei	理得	21210	lide	得	de	dei
changyizhi	长一智	21191	zhangyizhi	长	zhang	chang
wangjue	旺角	21190	wangjiao	角	jiao	jue
chongyong	重用	21182	zhongyong	重	zhong	chong
mozhong	没中	21180	meizhong	没	mei	mo
daiguang	大光	21176	daguang	大	da	dai
pangpangdi	胖胖的	21176	pangpangde	的	de	di
yexia	咽下	21172	yanxia	咽	yan	ye
zuodeihao	做得好	21168	zuodehao	得	de	dei
chongren	重人	21150	zhongren	重	zhong	chong
deili	得利	21139	deli	得	de	dei
poxi	剖析	21137	pouxi	剖	pou	po
daihu	大湖	21131	dahu	大	da	dai
mosheng	没生	21116	meisheng	没	mei	mo
daicheng	大程	21108	dacheng	大	da	dai
jiayue	家乐	21107	jiale	乐	le	yue
shengshengdi	生生的	21105	shengshengde	的	de	di
xiazhao	下着	21100	xiazhe	着	zhe	zhao
xiazhuo	下着	21100	xiazhe	着	zhe	zhuo
yima	一抹	21094	yimo	抹	mo	ma
changjing	长颈	21082	zhangjing	长	zhang	chang
mojie	没接	21066	meijie	没	mei	mo
daijian	大件	21061	dajian	大	da	dai
jishang	系上	21054	xishang	系	xi	ji
cunzhao	存着	21047	cunzhe	着	zhe	zhao
cunzhuo	存着	21047	cunzhe	着	zhe	zhuo
yuechangyue	越长越	21040	yuezhangyue	长	zhang	chang
daijia	大加	21037	dajia	大	da	dai
yuejiao	越觉	21032	yuejue	觉	jue	jiao
daichengdu	大程度	21013	dachengdu	大	da	dai
kuaiqian	会前	20993	huiqian	会	hui	kuai
shangde	上地	20988	shangdi	地	di	de
baseluona	巴塞罗那	20984	basailuona	塞	sai	se
dongdei	冻得	20969	dongde	得	de	dei
butaikuai	不太会	20957	butaihui	会	hui	kuai
daliaoge	打了个	20955	dalege	了	le	liao
liumo	六万	20954	liuwan	万	wan	mo
daifu	大福	20953	dafu	大	da	dai
juebukuai	决不会	20951	juebuhui	会	hui	kuai
moyi	万亿	20949	wanyi	万	wan	mo
bokuai	博会	20940	bohui	会	hui	kuai
chongfa	重发	20926	zhongfa	重	zhong	chong
daizha	大闸	20912	dazha	大	da	dai
yingchang	营长	20908	yingzhang	长	zhang	chang
chizaokuai	迟早会	20904	chizaohui	会	hui	kuai
madiao	抹掉	20891	modiao	抹	mo	ma
dahang	大行	20886	daxing	行	xing	hang
daihang	大行	20886	daxing	大	da	dai
daixing	大行	20886	daxing	大	da	dai
liaodei	聊得	20886	liaode	得	de	dei
huolong	和龙	20867	helong	和	he	huo
huokuai	活会	20860	huohui	会	hui	kuai
buzaoliao	不早了	20830	buzaole	了	le	liao
moshi	没试	20825	meishi	没	mei	mo
sejin	塞进	20823	saijin	塞	sai	se
mogan	没赶	20822	meigan	没	mei	mo
chengda	盛大	20780	shengda	盛	sheng	cheng
chengdai	盛大	20780	shengda	盛	sheng	cheng
shengdai	盛大	20780	shengda	大	da	dai
pazhao	趴着	20780	pazhe	着	zhe	zhao
pazhuo	趴着	20780	pazhe	着	zhe	zhuo
dachai	大差	20776	dacha	差	cha	chai
daicha	大差	20776	dacha	大	da	dai
daichai	大差	20776	dacha	大	da	dai
fangdei	放得	20765	fangde	得	de	dei
lvde	绿地	20740	lvdi	地	di	de
qiudei	求得	20739	qiude	得	de	dei
daikeng	大坑	20737	dakeng	大	da	dai
mozi	万字	20735	wanzi	万	wan	mo
haochangshijian	好长时间	20731	haozhangshijian	长	zhang	chang
daipeng	大鹏	20726	dapeng	大	da	dai
yidai	医大	20723	yida	大	da	dai
debei	地被	20715	dibei	地	di	de
zhankuai	展会	20710	zhanhui	会	hui	kuai
guangzhao	光着	20703	guangzhe	着	zhe	zhao
guangzhuo	光着	20703	guangzhe	着	zhe	zhuo
dengdei	等得	20702	dengde	得	de	dei
moliangxin	没良心	20695	meiliangxin	没	mei	mo
shoushoudi	瘦瘦的	20686	shoushoude	的	de	di
guangjue	广角	20679	guangjiao	角	jiao	jue
panweibo	潘玮柏	20679	panweibai	柏	bai	bo
liangjuan	两圈	20669	liangquan	圈	quan	juan
yangdei	养得	20661	yangde	得	de	dei
daizhaxie	大闸蟹	20656	dazhaxie	大	da	dai
chongdao	重蹈	20648	zhongdao	重	zhong	chong
huanwei	还为	20647	haiwei	还	hai	huan
dezhong	地中	20637	dizhong	地	di	de
daiwu	大武	20636	dawu	大	da	dai
hedei	喝得	20610	hede	得	de	dei
zuoshangjue	左上角	20610	zuoshangjiao	角	jiao	jue
mingdai	明大	20607	mingda	大	da	dai
changdoudou	长痘痘	20604	zhangdoudou	长	zhang	chang
sidailin	斯大林	20601	sidalin	大	da	dai
pizhao	披着	20586	pizhe	着	zhe	zhao
pizhuo	披着	20586	pizhe	着	zhe	zhuo
jieliaohun	结了婚	20562	jielehun	了	le	liao
kuaidian	会点	20555	huidian	会	hui	kuai
quanbudushi	全部都是	20552	quanbudoushi	都	dou	du
mosi	没死	20550	meisi	没	mei	mo
haidei	害得	20548	haide	得	de	dei
gaide	该地	20547	gaidi	地	di	de
moyao	没要	20545	meiyao	没	mei	mo
daizhi	大只	20544	dazhi	大	da	dai
chenghui	盛会	20531	shenghui	盛	sheng	cheng
chengkuai	盛会	20531	shenghui	盛	sheng	cheng
shengkuai	盛会	20531	shenghui	会	hui	kuai
suihang	随行	20525	suixing	行	xing	hang
daisheng	大生	20523	dasheng	大	da	dai
zuchang	族长	20520	zuzhang	长	zhang	chang
zhenhang	真行	20510	zhenxing	行	xing	hang
zunchen	尊称	20509	zuncheng	称	cheng	chen
canchong	惨重	20496	canzhong	重	zhong	chong
dainan	大南	20490	danan	大	da	dai
daduichang	大队长	20489	daduizhang	长	zhang	chang
xingde	性地	20471	xingdi	地	di	de
bianshuai	辨率	20467	bianlv	率	lv	shuai
daier	大儿	20466	daer	大	da	dai
deipiao	得票	20458	depiao	得	de	dei
huitan	会弹	20458	huidan	弹	dan	tan
kuaidan	会弹	20458	huidan	会	hui	kuai
kuaitan	会弹	20458	huidan	会	hui	kuai
kuaijiao	会教	20450	huijiao	会	hui	kuai
youzhao	悠着	20444	youzhe	着	zhe	zhao
youzhuo	悠着	20444	youzhe	着	zhe	zhuo
qianchengsijin	前程似锦	20436	qianchengshijin	似	shi	si
juweikuai	居委会	20433	juweihui	会	hui	kuai
dianjizhao	惦记着	20431	dianjizhe	着	zhe	zhao
dianjizhuo	惦记着	20431	dianjizhe	着	zhe	zhuo
liangliangdi	亮亮的	20420	liangliangde	的	de	di
jizhua	鸡爪	20397	jizhao	爪	zhao	zhua
shengrikuai	生日会	20397	shengrihui	会	hui	kuai
youchen	又称	20396	youcheng	称	cheng	chen
jiudu	酒都	20378	jiudou	都	dou	du
mojing	没经	20376	meijing	没	mei	mo
motong	没通	20370	meitong	没	mei	mo
jizhekuai	记者会	20364	jizhehui	会	hui	kuai
minhuo	民和	20344	minhe	和	he	huo
debiao	地标	20341	dibiao	地	di	de
zhaobuzhao	找不着	20341	zhaobuzhe	着	zhe	zhao
zhaobuzhuo	找不着	20341	zhaobuzhe	着	zhe	zhuo
daiwei	大威	20335	dawei	大	da	dai
chongzhen	重振	20330	zhongzhen	重	zhong	chong
yatelandai	亚特兰大	20330	yatelanda	大	da	dai
lidei	立得	20316	lide	得	de	dei
zhengdei	整得	20316	zhengde	得	de	dei
daidong	大动	20301	dadong	大	da	dai
shengdei	生得	20301	shengde	得	de	dei
chaiyuan	差远	20294	chayuan	差	cha	chai
mofan	没饭	20289	meifan	没	mei	mo
xiangdeimei	想得美	20282	xiangdemei	得	de	dei
daifu	大富	20273	dafu	大	da	dai
youzhaodian	悠着点	20272	youzhedian	着	zhe	zhao
youzhuodian	悠着点	20272	youzhedian	着	zhe	zhuo
fuhuo	福和	20270	fuhe	和	he	huo
wujuexing	五角星	20258	wujiaoxing	角	jiao	jue
daimei	大妹	20255	damei	大	da	dai
yandei	演得	20254	yande	得	de	dei
landai	兰大	20251	landa	大	da	dai
tandao	弹道	20241	dandao	弹	dan	tan
bingdei	病得	20229	bingde	得	de	dei
daipaidang	大排档	20226	dapaidang	大	da	dai
yimoduo	一万多	20224	yiwanduo	万	wan	mo
chengchan	盛产	20223	shengchan	盛	sheng	cheng
butongxinchang	不同寻常	20213	butongxunchang	寻	xun	xin
shichang	室长	20211	shizhang	长	zhang	chang
shuangbei	双臂	20197	shuangbi	臂	bi	bei
hangce	行测	20195	xingce	行	xing	hang
xiaokuai	小会	20192	xiaohui	会	hui	kuai
zhichen	职称	20192	zhicheng	称	cheng	chen
duozhao	多着	20190	duozhe	着	zhe	zhao
duozhuo	多着	20190	duozhe	着	zhe	zhuo
busi	不似	20189	bushi	似	shi	si
mozhong	万种	20188	wanzhong	万	wan	mo
jianchang	舰长	20186	jianzhang	长	zhang	chang
layu	落雨	20184	luoyu	落	luo	la
baibaidi	白白的	20176	baibaide	的	de	di
daibie	大别	20175	dabie	大	da	dai
changzhi	长直	20173	zhangzhi	长	zhang	chang
ermo	二万	20173	erwan	万	wan	mo
zhuangdei	装得	20168	zhuangde	得	de	dei
shuijiaojiao	睡觉觉	20161	shuijiaojue	觉	jue	jiao
daisheng	大胜	20156	dasheng	大	da	dai
jianmu	建模	20152	jianmo	模	mo	mu
zhuankai	传开	20151	chuankai	传	chuan	zhuan
daishi	大食	20147	dashi	大	da	dai
changqing	长情	20140	zhangqing	长	zhang	chang
chongzheng	重整	20136	zhongzheng	重	zhong	chong
changsan	长三	20134	zhangsan	长	zhang	chang
shaozhao	烧着	20130	shaozhe	着	zhe	zhao
shaozhuo	烧着	20130	shaozhe	着	zhe	zhuo
moqianmai	没钱买	20129	meiqianmai	没	mei	mo
sijin	似锦	20117	shijin	似	shi	si
mingmu	名模	20109	mingmo	模	mo	mu
deya	地亚	20105	diya	地	di	de
daie	大额	20104	dae	大	da	dai
seerweiya	塞尔维亚	20100	saierweiya	塞	sai	se
shuodai	硕大	20094	shuoda	大	da	dai
huanguo	还过	20091	haiguo	还	hai	huan
moxiao	没消	20085	meixiao	没	mei	mo
daixia	大夏	20057	daxia	大	da	dai
chuandai	川大	20054	chuanda	大	da	dai
tianyue	天乐	20045	tianle	乐	le	yue
huidei	回得	20033	huide	得	de	dei
tanxin	探寻	20030	tanxun	寻	xun	xin
ziyuziyue	自娱自乐	20026	ziyuzile	乐	le	yue
shashadi	傻傻的	20004	shashade	的	de	di
daidang	大党	20001	dadang	大	da	dai
xihuo	西和	19997	xihe	和	he	huo
moci	万次	19984	wanci	万	wan	mo
xinji	心系	19975	xinxi	系	xi	ji
chengzhuang	盛装	19973	shengzhuang	盛	sheng	cheng
zhihai	止咳	19962	zhike	咳	ke	hai
feidei	飞得	19948	feide	得	de	dei
xindai	新大	19937	xinda	大	da	dai
zuoxiajue	左下角	19926	zuoxiajiao	角	jiao	jue
daitusha	大屠杀	19923	datusha	大	da	dai
mohuashuo	没话说	19917	meihuashuo	没	mei	mo
chongzhi	重制	19915	zhongzhi	重	zhong	chong
monaozi	没脑子	19912	meinaozi	没	mei	mo
shude	属地	19912	shudi	地	di	de
haodianmo	好点没	19910	haodianmei	没	mei	mo
chengdei	撑得	19908	chengde	得	de	dei
lide	离地	19907	lidi	地	di	de
daidong	大洞	19905	dadong	大	da	dai
douhuanbu	都还不	19902	douhaibu	还	hai	huan
duhaibu	都还不	19902	douhaibu	都	dou	du
duhuanbu	都还不	19902	douhaibu	都	dou	du
shuaidi	率低	19897	lvdi	率	lv	shuai
changzhi	长治	19886	zhangzhi	长	zhang	chang
mohua	没画	19863	meihua	没	mei	mo
chengzhao	乘着	19846	chengzhe	着	zhe	zhao
chengzhuo	乘着	19846	chengzhe	着	zhe	zhuo
shangzhao	上着	19846	shangzhe	着	zhe	zhao
shangzhuo	上着	19846	shangzhe	着	zhe	zhuo
daiping	大平	19833	daping	大	da	dai
daishang	大商	19820	dashang	大	da	dai
zenkuai	怎会	19818	zenhui	会	hui	kuai
changdige	唱的歌	19815	changdege	的	de	di
tanchu	弹出	19800	danchu	弹	dan	tan
gengpian	更便	19799	gengbian	便	bian	pian
jiezhao	借着	19792	jiezhe	着	zhe	zhao
jiezhuo	借着	19792	jiezhe	着	zhe	zhuo
zhujuan	猪圈	19791	zhuquan	圈	quan	juan
houzhihoujiao	后知后觉	19783	houzhihoujue	觉	jue	jiao
chongganmao	重感冒	19778	zhongganmao	重	zhong	chong
lenglengdi	冷冷的	19772	lenglengde	的	de	di
qikuai	期会	19769	qihui	会	hui	kuai
tingchang	厅长	19762	tingzhang	长	zhang	chang
zhehang	这行	19762	zhexing	行	xing	hang
daiqiao	大乔	19757	daqiao	大	da	dai
chongliao	冲了	19737	chongle	了	le	liao
shadai	厦大	19732	shada	大	da	dai
anhuo	安和	19731	anhe	和	he	huo
yueping	乐平	19725	leping	乐	le	yue
zhedai	浙大	19711	zheda	大	da	dai
duohang	多行	19705	duoxing	行	xing	hang
sishui	似水	19695	shishui	似	shi	si
nengxiang	能降	19694	nengjiang	降	jiang	xiang
daishang	大伤	19690	dashang	大	da	dai
bianchang	变长	19685	bianzhang	长	zhang	chang
daidie	大跌	19666	dadie	大	da	dai
huanyang	还养	19662	haiyang	还	hai	huan
chongkao	重考	19646	zhongkao	重	zhong	chong
changzhi	长智	19644	zhangzhi	长	zhang	chang
dedei	得得	19641	dede	得	de	dei
deide	得得	19641	dede	得	de	dei
deidei	得得	19641	dede	得	de	dei
daiwang	大网	19634	dawang	大	da	dai
keluodeya	克罗地亚	19633	keluodiya	地	di	de
jinhuo	金和	19628	jinhe	和	he	huo
daihuilang	大灰狼	19624	dahuilang	大	da	dai
huajuan	花圈	19621	huaquan	圈	quan	juan
yimoge	一万个	19617	yiwange	万	wan	mo
lianhekuai	联合会	19611	lianhehui	会	hui	kuai
daideng	大灯	19600	dadeng	大	da	dai
kuaiguan	会管	19588	huiguan	会	hui	kuai
yongshuai	用率	19583	yonglv	率	lv	shuai
chaiyuanle	差远了	19566	chayuanle	差	cha	chai
chaiyuanliao	差远了	19566	chayuanle	差	cha	chai
chayuanliao	差远了	19566	chayuanle	了	le	liao
jiaochu	觉出	19566	juechu	觉	jue	jiao
huodai	火大	19563	huoda	大	da	dai
dixie	滴血	19556	dixue	血	xue	xie
daixian	待见	19555	daijian	见	jian	xian
zhoudai	洲大	19547	zhouda	大	da	dai
lajing	落井	19537	luojing	落	luo	la
chechang	车长	19532	chezhang	长	zhang	chang
chengqing	盛情	19530	shengqing	盛	sheng	cheng
dailuan	大乱	19526	daluan	大	da	dai
qiangzouliao	抢走了	19507	qiangzoule	了	le	liao
danghuoguojia	党和国家	19505	dangheguojia	和	he	huo
kangzhao	扛着	19500	kangzhe	着	zhe	zhao
kangzhuo	扛着	19500	kangzhe	着	zhe	zhuo
jijuan	几圈	19497	jiquan	圈	quan	juan
chiliaofan	吃了饭	19495	chilefan	了	le	liao
bidei	比得	19486	bide	得	de	dei
tingdige	听的歌	19481	tingdege	的	de	di
nandu	南都	19480	nandou	都	dou	du
xiuguan	宿管	19478	suguan	宿	su	xiu
zhongkuai	中会	19468	zhonghui	会	hui	kuai
daixiong	大雄	19460	daxiong	大	da	dai
jidai	几大	19456	jida	大	da	dai
cudai	粗大	19453	cuda	大	da	dai
gandei	赶得	19453	gande	得	de	dei
chongshi	重拾	19452	zhongshi	重	zhong	chong
mofen	没分	19450	meifen	没	mei	mo
lishikuai	理事会	19449	lishihui	会	hui	kuai
hangdeitong	行得通	19446	xingdetong	行	xing	hang
hangdetong	行得通	19446	xingdetong	行	xing	hang
xingdeitong	行得通	19446	xingdetong	得	de	dei
daipingmu	大屏幕	19444	dapingmu	大	da	dai
juanyang	圈养	19443	quanyang	圈	quan	juan
huilongjiao	回笼觉	19439	huilongjue	觉	jue	jiao
tuode	拖地	19434	tuodi	地	di	de
tantiao	弹跳	19433	dantiao	弹	dan	tan
yuemei	乐美	19428	lemei	乐	le	yue
daibuda	大不大	19426	dabuda	大	da	dai
honghongdi	红红的	19420	honghongde	的	de	di
tongdai	同大	19415	tongda	大	da	dai
zhaohuaxishi	朝花夕拾	19407	chaohuaxishi	朝	chao	zhao
zhiyue	之乐	19404	zhile	乐	le	yue
juannei	圈内	19390	quannei	圈	quan	juan
zhongde	中地	19387	zhongdi	地	di	de
bankuai	班会	19381	banhui	会	hui	kuai
changlong	长隆	19376	zhanglong	长	zhang	chang
yidei	易得	19376	yide	得	de	dei
huazhao	划着	19371	huazhe	着	zhe	zhao
huazhuo	划着	19371	huazhe	着	zhe	zhuo
hangqian	行前	19370	xingqian	行	xing	hang
pianxie	便携	19360	bianxie	便	bian	pian
yongyue	永乐	19359	yongle	乐	le	yue
tiantianxian	天天见	19353	tiantianjian	见	jian	xian
huotian	和田	19347	hetian	和	he	huo
daimeng	大梦	19345	dameng	大	da	dai
gandishi	干的事	19344	gandeshi	的	de	di
yantaokuai	研讨会	19343	yantaohui	会	hui	kuai
daiyong	大用	19341	dayong	大	da	dai
hedei	合得	19337	hede	得	de	dei
zhuanxia	传下	19322	chuanxia	传	chuan	zhuan
mojiao	没交	19320	meijiao	没	mei	mo
hedai	河大	19319	heda	大	da	dai
butiao	不调	19318	budiao	调	diao	tiao
shexian	折现	19318	zhexian	折	zhe	she
daidai	大袋	19308	dadai	大	da	dai
qingqingde	轻轻地	19296	qingqingdi	地	di	de
chudei	出得	19283	chude	得	de	dei
daitu	大土	19275	datu	大	da	dai
zhihang	支行	19271	zhixing	行	xing	hang
seya	塞牙	19268	saiya	塞	sai	se
suipianshuoshuo	随便说说	19265	suibianshuoshuo	便	bian	pian
kailiaoge	开了个	19262	kailege	了	le	liao
buxiang	不降	19243	bujiang	降	jiang	xiang
yuegu	乐谷	19243	legu	乐	le	yue
daiwei	大伟	19233	dawei	大	da	dai
daibuliedian	大不列颠	19232	dabuliedian	大	da	dai
moying	没影	19227	meiying	没	mei	mo
dairetian	大热天	19226	daretian	大	da	dai
zhaodei	照得	19225	zhaode	得	de	dei
mohua	没花	19222	meihua	没	mei	mo
yixian	易见	19214	yijian	见	jian	xian
daiti	大题	19211	dati	大	da	dai
baiji	败给	19209	baigei	给	gei	ji
wugao	恶搞	19203	egao	恶	e	wu
mosheng	没声	19202	meisheng	没	mei	mo
xiaochai	小差	19200	xiaocha	差	cha	chai
yichong	一重	19200	yizhong	重	zhong	chong
danqiao	蛋壳	19187	danke	壳	ke	qiao
duchai	度差	19184	ducha	差	cha	chai
sheisheishei	谁谁谁	19169	shuishuishui	谁	shui	shei
sheisheishui	谁谁谁	19169	shuishuishui	谁	shui	shei
sheishuishei	谁谁谁	19169	shuishuishui	谁	shui	shei
sheishuishui	谁谁谁	19169	shuishuishui	谁	shui	shei
shuisheishei	谁谁谁	19169	shuishuishui	谁	shui	shei
shuisheishui	谁谁谁	19169	shuishuishui	谁	shui	shei
shuishuishei	谁谁谁	19169	shuishuishui	谁	shui	shei
daile	大乐	19164	dale	大	da	dai
daiyue	大乐	19164	dale	大	da	dai
dayue	大乐	19164	dale	乐	le	yue
bakuo	巴适	19161	bashi	适	shi	kuo
moxing	没醒	19161	meixing	没	mei	mo
shuaibi	率比	19158	lvbi	率	lv	shuai
piandai	偏大	19150	pianda	大	da	dai
taidai	台大	19150	taida	大	da	dai
kuaide	块地	19149	kuaidi	地	di	de
motou	没头	19147	meitou	没	mei	mo
mobenshi	没本事	19145	meibenshi	没	mei	mo
kuaihaoliao	快好了	19130	kuaihaole	了	le	liao
yuanchang	园长	19123	yuanzhang	长	zhang	chang
daiduan	大段	19102	daduan	大	da	dai
hangkong	行空	19102	xingkong	行	xing	hang
deigai	得该	19100	degai	得	de	dei
suansuandi	酸酸的	19098	suansuande	的	de	di
daijuan	大圈	19094	daquan	大	da	dai
daiquan	大圈	19094	daquan	大	da	dai
dajuan	大圈	19094	daquan	圈	quan	juan
huanyongshuo	还用说	19086	haiyongshuo	还	hai	huan
kuaiyue	会约	19086	huiyue	会	hui	kuai
daifang	大放	19074	dafang	大	da	dai
mobaqian	万八千	19072	wanbaqian	万	wan	mo
jikuai	级会	19066	jihui	会	hui	kuai
modaoli	没道理	19065	meidaoli	没	mei	mo
mobing	没病	19062	meibing	没	mei	mo
liaozhao	聊着	19052	liaozhe	着	zhe	zhao
liaozhuo	聊着	19052	liaozhe	着	zhe	zhuo
huacheng	华盛	19045	huasheng	盛	sheng	cheng
chuliaoming	出了名	19018	chuleming	了	le	liao
changlu	长路	19008	zhanglu	长	zhang	chang
kehaoliao	可好了	18992	kehaole	了	le	liao
chachong	查重	18989	chazhong	重	zhong	chong
chongqing	重情	18988	zhongqing	重	zhong	chong
zhaojiuwanwu	朝九晚五	18973	chaojiuwanwu	朝	chao	zhao
changtan	长滩	18972	zhangtan	长	zhang	chang
qimo	七万	18967	qiwan	万	wan	mo
moliyou	没理由	18963	meiliyou	没	mei	mo
jiehundiren	结婚的人	18957	jiehunderen	的	de	di
gushikuai	故事会	18954	gushihui	会	hui	kuai
chaiqian	差钱	18948	chaqian	差	cha	chai
xianren	见仁	18947	jianren	见	jian	xian
dengchang	等长	18946	dengzhang	长	zhang	chang
ladai	拉大	18945	lada	大	da	dai
jindu	金都	18944	jindou	都	dou	du
daiyue	大悦	18937	dayue	大	da	dai
daizheng	大正	18933	dazheng	大	da	dai
daizuiba	大嘴巴	18931	dazuiba	大	da	dai
chongbang	重磅	18929	zhongbang	重	zhong	chong
sela	塞拉	18925	saila	塞	sai	se
tiaoxiu	调休	18921	diaoxiu	调	diao	tiao
baozhao	包着	18919	baozhe	着	zhe	zhao
baozhuo	包着	18919	baozhe	着	zhe	zhuo
sheer	折耳	18915	zheer	折	zhe	she
kuaika	会卡	18914	huika	会	hui	kuai
daimao	大猫	18910	damao	大	da	dai
yonghuo	永和	18906	yonghe	和	he	huo
sanjuan	三圈	18905	sanquan	圈	quan	juan
nanhuo	南和	18900	nanhe	和	he	huo
nahang	那行	18899	naxing	行	xing	hang
xiuming	宿命	18899	suming	宿	su	xiu
jinhangqu	进行曲	18896	jinxingqu	行	xing	hang
xianzhao	显着	18891	xianzhe	着	zhe	zhao
xianzhuo	显着	18891	xianzhe	着	zhe	zhuo
paizhao	排着	18886	paizhe	着	zhe	zhao
paizhuo	排着	18886	paizhe	着	zhe	zhuo
changyi	长椅	18884	zhangyi	长	zhang	chang
mozhi	没治	18884	meizhi	没	mei	mo
tonghuo	统和	18884	tonghe	和	he	huo
anzhao	按着	18868	anzhe	着	zhe	zhao
anzhuo	按着	18868	anzhe	着	zhe	zhuo
duocaidi	多彩的	18864	duocaide	的	de	di
zhengdei	挣得	18860	zhengde	得	de	dei
wushe	五折	18859	wuzhe	折	zhe	she
daijing	大经	18850	dajing	大	da	dai
heiheidi	黑黑的	18848	heiheide	的	de	di
yekuai	夜会	18847	yehui	会	hui	kuai
kaide	开地	18844	kaidi	地	di	de
tuiji	推给	18840	tuigei	给	gei	ji
youzhela	有着落	18839	youzheluo	落	luo	la
tiaokai	调开	18836	diaokai	调	diao	tiao
moqing	没请	18833	meiqing	没	mei	mo
shengshuai	胜率	18832	shenglv	率	lv	shuai
nanmiankuai	难免会	18831	nanmianhui	会	hui	kuai
yizhuan	一传	18821	yichuan	传	chuan	zhuan
moyang	没养	18820	meiyang	没	mei	mo
tianshideli	天时地利	18818	tianshidili	地	di	de
xiangzhi	降至	18804	jiangzhi	降	jiang	xiang
gaihang	该行	18800	gaixing	行	xing	hang
yangyueduo	养乐多	18798	yangleduo	乐	le	yue
naidei	耐得	18785	naide	得	de	dei
modun	万吨	18778	wandun	万	wan	mo
jinde	近地	18768	jindi	地	di	de
daiqian	大千	18759	daqian	大	da	dai
qixide	栖息地	18759	qixidi	地	di	de
moxiao	没笑	18757	meixiao	没	mei	mo
daizhen	大真	18756	dazhen	大	da	dai
huide	会地	18750	huidi	地	di	de
kuaide	会地	18750	huidi	会	hui	kuai
kuaidi	会地	18750	huidi	会	hui	kuai
dongdu	东都	18743	dongdou	都	dou	du
yishibankuai	一时半会	18736	yishibanhui	会	hui	kuai
wangxian	望见	18735	wangjian	见	jian	xian
mengde	猛地	18732	mengdi	地	di	de
daichang	大厂	18729	dachang	大	da	dai
changxue	长学	18714	zhangxue	长	zhang	chang
yongdeizhao	用得着	18714	yongdezhe	得	de	dei
yongdeizhe	用得着	18714	yongdezhe	得	de	dei
yongdeizhuo	用得着	18714	yongdezhe	得	de	dei
yongdezhao	用得着	18714	yongdezhe	着	zhe	zhao
yongdezhuo	用得着	18714	yongdezhe	着	zhe	zhuo
xianguomian	见过面	18710	jianguomian	见	jian	xian
nongjiayue	农家乐	18702	nongjiale	乐	le	yue
changzhu	长住	18701	zhangzhu	长	zhang	chang
chongkai	重开	18701	zhongkai	重	zhong	chong
zanzhao	攒着	18697	zanzhe	着	zhe	zhao
zanzhuo	攒着	18697	zanzhe	着	zhe	zhuo
jingdeizhu	经得住	18689	jingdezhu	得	de	dei
daituan	大团	18686	datuan	大	da	dai
daibang	大棒	18683	dabang	大	da	dai
shukuai	书会	18679	shuhui	会	hui	kuai
mobei	万倍	18670	wanbei	万	wan	mo
kuaipai	会派	18669	huipai	会	hui	kuai
daidao	大盗	18661	dadao	大	da	dai
daiyuan	大原	18658	dayuan	大	da	dai
toutoude	偷偷地	18647	toutoudi	地	di	de
shumo	数万	18646	shuwan	万	wan	mo
dailielie	大咧咧	18640	dalielie	大	da	dai
shouchong	受重	18636	shouzhong	重	zhong	chong
mogongli	万公里	18633	wangongli	万	wan	mo
daixing	大星	18631	daxing	大	da	dai
daiye	大野	18630	daye	大	da	dai
liudei	留得	18630	liude	得	de	dei
zhuankuai	转会	18626	zhuanhui	会	hui	kuai
muban	模版	18624	moban	模	mo	mu
liandei	练得	18621	liande	得	de	dei
chengming	盛名	18620	shengming	盛	sheng	cheng
deifenshou	得分手	18618	defenshou	得	de	dei
daixie	大些	18607	daxie	大	da	dai
tanhui	弹回	18589	danhui	弹	dan	tan
chemu	车模	18576	chemo	模	mo	mu
buyikuai	不一会	18572	buyihui	会	hui	kuai
youyongjuan	游泳圈	18572	youyongquan	圈	quan	juan
dujue	度角	18565	dujiao	角	jiao	jue
mozuoyou	万左右	18564	wanzuoyou	万	wan	mo
daiping	大瓶	18557	daping	大	da	dai
daifangzi	大房子	18554	dafangzi	大	da	dai
moqi	没气	18551	meiqi	没	mei	mo
daiqiu	大球	18550	daqiu	大	da	dai
changjianshile	长见识了	18547	zhangjianshile	长	zhang	chang
changjianshiliao	长见识了	18547	zhangjianshile	长	zhang	chang
zhangjianshiliao	长见识了	18547	zhangjianshile	了	le	liao
denuan	地暖	18543	dinuan	地	di	de
fanjuan	饭圈	18541	fanquan	圈	quan	juan
gaiji	该系	18539	gaixi	系	xi	ji
houyuankuai	后援会	18533	houyuanhui	会	hui	kuai
kuopei	适配	18520	shipei	适	shi	kuo
bianchai	变差	18517	biancha	差	cha	chai
zhaohuo	昭和	18512	zhaohe	和	he	huo
paodeikuai	跑得快	18510	paodekuai	得	de	dei
jiumo	九万	18496	jiuwan	万	wan	mo
caide	菜地	18488	caidi	地	di	de
fudei	复得	18486	fude	得	de	dei
moshede	没舍得	18475	meishede	没	mei	mo
deji	地级	18471	diji	地	di	de
laochang	老长	18470	laozhang	长	zhang	chang
chongyou	重游	18464	zhongyou	重	zhong	chong
liangchai	量差	18461	liangcha	差	cha	chai
ketiao	可调	18435	kediao	调	diao	tiao
quchang	区长	18425	quzhang	长	zhang	chang
huoge	和歌	18423	hege	和	he	huo
caidai	财大	18416	caida	大	da	dai
mishuchang	秘书长	18416	mishuzhang	长	zhang	chang
liangchong	两重	18415	liangzhong	重	zhong	chong
xiuqian	宿迁	18413	suqian	宿	su	xiu
yiyue	一乐	18407	yile	乐	le	yue
modongjing	没动静	18404	meidongjing	没	mei	mo
xianguoshimian	见过世面	18396	jianguoshimian	见	jian	xian
yidailiren	意大利人	18390	yidaliren	大	da	dai
zhuanyao	传谣	18388	chuanyao	传	chuan	zhuan
xiuzhu	宿主	18386	suzhu	宿	su	xiu
guoji	过给	18381	guogei	给	gei	ji
yikedai	医科大	18379	yikeda	大	da	dai
changfei	长肥	18363	zhangfei	长	zhang	chang
bieshuiliao	别睡了	18361	bieshuile	了	le	liao
zhihang	知行	18361	zhixing	行	xing	hang
zhichang	之长	18355	zhizhang	长	zhang	chang
modian	万点	18354	wandian	万	wan	mo
moma	万马	18352	wanma	万	wan	mo
zhengdai	政大	18349	zhengda	大	da	dai
seluo	塞罗	18345	sailuo	塞	sai	se
daihuo	大祸	18344	dahuo	大	da	dai
kangmeiyuanzhao	抗美援朝	18339	kangmeiyuanchao	朝	chao	zhao
moxiao	没效	18328	meixiao	没	mei	mo
zuodei	坐得	18316	zuode	得	de	dei
changdai	长带	18310	zhangdai	长	zhang	chang
daipen	大盆	18309	dapen	大	da	dai
liangliangdi	凉凉的	18302	liangliangde	的	de	di
xiangzao	降噪	18287	jiangzao	降	jiang	xiang
henbo	很薄	18285	henbao	薄	bao	bo
mobu	万步	18279	wanbu	万	wan	mo
qikuai	起会	18265	qihui	会	hui	kuai
tuizhao	推着	18260	tuizhe	着	zhe	zhao
tuizhuo	推着	18260	tuizhe	着	zhe	zhuo
zhaochen	著称	18254	zhucheng	著	zhu	zhao
zhaocheng	著称	18254	zhucheng	著	zhu	zhao
zhechen	著称	18254	zhucheng	著	zhu	zhe
zhecheng	著称	18254	zhucheng	著	zhu	zhe
zhuchen	著称	18254	zhucheng	称	cheng	chen
zhuochen	著称	18254	zhucheng	著	zhu	zhuo
zhuocheng	著称	18254	zhucheng	著	zhu	zhuo
shuaidailiao	帅呆了	18243	shuaidaile	了	le	liao
shuzhao	数着	18242	shuzhe	着	zhe	zhao
shuzhuo	数着	18242	shuzhe	着	zhe	zhuo
daihua	大华	18238	dahua	大	da	dai
xianzhaomeishi	闲着没事	18237	xianzhemeishi	着	zhe	zhao
xianzhuomeishi	闲着没事	18237	xianzhemeishi	着	zhe	zhuo
yechang	夜长	18226	yezhang	长	zhang	chang
yihuo	颐和	18216	yihe	和	he	huo
moshu	没数	18211	meishu	没	mei	mo
zhibuzhidei	值不值得	18209	zhibuzhide	得	de	dei
duoyue	多乐	18201	duole	乐	le	yue
qianshangmo	千上万	18201	qianshangwan	万	wan	mo
zuotankuai	座谈会	18200	zuotanhui	会	hui	kuai
jianchachang	检察长	18198	jianchazhang	长	zhang	chang
xuyaodihua	需要的话	18196	xuyaodehua	的	de	di
chongyu	重于	18191	zhongyu	重	zhong	chong
lianliao	连了	18191	lianle	了	le	liao
buduoxian	不多见	18188	buduojian	见	jian	xian
bashe	八折	18178	bazhe	折	zhe	she
mochang	没唱	18162	meichang	没	mei	mo
chenailading	尘埃落定	18160	chenailuoding	落	luo	la
guangkuai	光会	18158	guanghui	会	hui	kuai
paimaikuai	拍卖会	18151	paimaihui	会	hui	kuai
zikuai	自会	18126	zihui	会	hui	kuai
zhongjiukuai	终究会	18125	zhongjiuhui	会	hui	kuai
daie	大鹅	18122	dae	大	da	dai
qingdai	清大	18113	qingda	大	da	dai
xialiaoyitiao	吓了一跳	18103	xialeyitiao	了	le	liao
shuidaijiao	睡大觉	18102	shuidajue	大	da	dai
shuidaijue	睡大觉	18102	shuidajue	大	da	dai
shuidajiao	睡大觉	18102	shuidajue	觉	jue	jiao
selei	塞勒	18099	sailei	塞	sai	se
modang	没当	18086	meidang	没	mei	mo
daimalu	大马路	18085	damalu	大	da	dai
daixun	大勋	18085	daxun	大	da	dai
jian	给俺	18080	geian	给	gei	ji
hongxie	红血	18080	hongxue	血	xue	xie
kuaifu	会服	18074	huifu	会	hui	kuai
shudei	输得	18071	shude	得	de	dei
youchang	悠长	18071	youzhang	长	zhang	chang
biequliao	别去了	18068	biequle	了	le	liao
chideibao	吃得饱	18064	chidebao	得	de	dei
daiyudarou	大鱼大肉	18064	dayudarou	大	da	dai
daike	大客	18062	dake	大	da	dai
cankuai	餐会	18057	canhui	会	hui	kuai
mokaoshang	没考上	18052	meikaoshang	没	mei	mo
guaijuan	怪圈	18051	guaiquan	圈	quan	juan
kuaizhan	会站	18051	huizhan	会	hui	kuai
daifeng	大丰	18043	dafeng	大	da	dai
changjuli	长距离	18033	zhangjuli	长	zhang	chang
zhuanshang	传上	18027	chuanshang	传	chuan	zhuan
sanshe	三折	18024	sanzhe	折	zhe	she
mozhou	万州	18017	wanzhou	万	wan	mo
juexing	角形	18016	jiaoxing	角	jiao	jue
changbuda	长不大	18012	zhangbuda	长	zhang	chang
moliang	没亮	18012	meiliang	没	mei	mo
jiushengjuan	救生圈	18006	jiushengquan	圈	quan	juan
shechang	舍长	18002	shezhang	长	zhang	chang
shide	市地	18002	shidi	地	di	de
zhaozhua	爪爪	17999	zhaozhao	爪	zhao	zhua
zhuazhao	爪爪	17999	zhaozhao	爪	zhao	zhua
zhuazhua	爪爪	17999	zhaozhao	爪	zhao	zhua
tiaoguo	调过	17992	diaoguo	调	diao	tiao
daijiangsai	大奖赛	17988	dajiangsai	大	da	dai
xiaojuan	小圈	17981	xiaoquan	圈	quan	juan
hangxiang	行相	17975	xingxiang	行	xing	hang
daishe	大社	17971	dashe	大	da	dai
mahang	马行	17967	maxing	行	xing	hang
modai	墨大	17967	moda	大	da	dai
nandeyixian	难得一见	17966	nandeyijian	见	jian	xian
hanzhao	汉朝	17963	hanchao	朝	chao	zhao
zhaozuo	着作	17961	zhezuo	着	zhe	zhao
zhuozuo	着作	17961	zhezuo	着	zhe	zhuo
shangjuan	商圈	17958	shangquan	圈	quan	juan
zhuanbian	传遍	17955	chuanbian	传	chuan	zhuan
shijimo	十几万	17948	shijiwan	万	wan	mo
haozhao	耗着	17947	haozhe	着	zhe	zhao
haozhuo	耗着	17947	haozhe	着	zhe	zhuo
xide	洗地	17947	xidi	地	di	de
chongzhongzhichong	重中之重	17942	zhongzhongzhizhong	重	zhong	chong
chongzhongzhizhong	重中之重	17942	zhongzhongzhizhong	重	zhong	chong
zhongzhongzhichong	重中之重	17942	zhongzhongzhizhong	重	zhong	chong
daiai	大碍	17940	daai	大	da	dai
weiyuanchang	委员长	17932	weiyuanzhang	长	zhang	chang
daixia	大峡	17930	daxia	大	da	dai
xinxiu	新宿	17925	xinsu	宿	su	xiu
duojue	多角	17922	duojiao	角	jiao	jue
monadao	没拿到	17922	meinadao	没	mei	mo
daiji	大集	17918	daji	大	da	dai
juanwai	圈外	17910	quanwai	圈	quan	juan
xiudei	修得	17909	xiude	得	de	dei
daichang	大场	17905	dachang	大	da	dai
mopingfang	万平方	17896	wanpingfang	万	wan	mo
moshou	没受	17892	meishou	没	mei	mo
qianshoukuai	签售会	17891	qianshouhui	会	hui	kuai
shenchong	深重	17887	shenzhong	重	zhong	chong
daixiagu	大峡谷	17883	daxiagu	大	da	dai
duling	都灵	17878	douling	都	dou	du
dailei	大类	17871	dalei	大	da	dai
changman	长满	17869	zhangman	长	zhang	chang
zixinfannao	自寻烦恼	17868	zixunfannao	寻	xun	xin
xianhang	限行	17849	xianxing	行	xing	hang
mojiaoyang	没教养	17840	meijiaoyang	没	mei	mo
yuelaiyuechong	越来越重	17840	yuelaiyuezhong	重	zhong	chong
mobian	万变	17822	wanbian	万	wan	mo
mashei	骂谁	17821	mashui	谁	shui	shei
laqu	落去	17817	luoqu	落	luo	la
dongaokuai	冬奥会	17814	dongaohui	会	hui	kuai
duozhaone	多着呢	17808	duozhene	着	zhe	zhao
duozhaoni	多着呢	17808	duozhene	着	zhe	zhao
duozheni	多着呢	17808	duozhene	呢	ne	ni
duozhuone	多着呢	17808	duozhene	着	zhe	zhuo
duozhuoni	多着呢	17808	duozhene	着	zhe	zhuo
yaxie	鸭血	17797	yaxue	血	xue	xie
yicha	一刹	17796	yisha	刹	sha	cha
moshou	万寿	17794	wanshou	万	wan	mo
heliaojiu	喝了酒	17788	helejiu	了	le	liao
xinmeng	寻梦	17783	xunmeng	寻	xun	xin
mozhi	万只	17782	wanzhi	万	wan	mo
deling	地灵	17766	diling	地	di	de
seban	塞班	17763	saiban	塞	sai	se
zhuadei	抓得	17762	zhuade	得	de	dei
daifudu	大幅度	17746	dafudu	大	da	dai
meijiliao	美极了	17733	meijile	了	le	liao
sanrenhang	三人行	17733	sanrenxing	行	xing	hang
shiyongshuai	使用率	17731	shiyonglv	率	lv	shuai
xinkuai	新会	17730	xinhui	会	hui	kuai
aiyue	爱乐	17728	aile	乐	le	yue
yuehu	乐乎	17727	lehu	乐	le	yue
yadai	亚大	17727	yada	大	da	dai
moliao	没聊	17726	meiliao	没	mei	mo
suidailiu	随大流	17724	suidaliu	大	da	dai
fengqingmozhong	风情万种	17722	fengqingwanzhong	万	wan	mo
yiweizhao	意味著	17720	yiweizhu	著	zhu	zhao
yiweizhe	意味著	17720	yiweizhu	著	zhu	zhe
yiweizhuo	意味著	17720	yiweizhu	著	zhu	zhuo
kuaizhanzhongxin	会展中心	17704	huizhanzhongxin	会	hui	kuai
yigejuan	一个圈	17691	yigequan	圈	quan	juan
tongdu	通都	17688	tongdou	都	dou	du
moyun	没运	17685	meiyun	没	mei	mo
changwen	长文	17675	zhangwen	长	zhang	chang
shiwumo	十五万	17674	shiwuwan	万	wan	mo
jiye	给爷	17673	geiye	给	gei	ji
nairenxinwei	耐人寻味	17672	nairenxunwei	寻	xun	xin
motiandailou	摩天大楼	17668	motiandalou	大	da	dai
qiguaidishi	奇怪的是	17659	qiguaideshi	的	de	di
heti	河堤	17657	hedi	堤	di	ti
congweixianguo	从未见过	17656	congweijianguo	见	jian	xian
yimoer	一万二	17656	yiwaner	万	wan	mo
daichao	大吵	17651	dachao	大	da	dai
yanman	掩埋	17617	yanmai	埋	mai	man
guide	跪地	17613	guidi	地	di	de
jinjie	金桔	17602	jinju	桔	ju	jie
yimowu	一万五	17601	yiwanwu	万	wan	mo
zhanzhao	粘着	17600	zhanzhe	着	zhe	zhao
zhanzhuo	粘着	17600	zhanzhe	着	zhe	zhuo
daimaoxian	大冒险	17597	damaoxian	大	da	dai
manxia	埋下	17583	maixia	埋	mai	man
manhang	慢行	17580	manxing	行	xing	hang
tiaocheng	调成	17575	diaocheng	调	diao	tiao
cunweikuai	村委会	17574	cunweihui	会	hui	kuai
xiufei	宿费	17574	sufei	宿	su	xiu
kuaizhi	会指	17564	huizhi	会	hui	kuai
jiaojue	角角	17564	jiaojiao	角	jiao	jue
juejiao	角角	17564	jiaojiao	角	jiao	jue
juejue	角角	17564	jiaojiao	角	jiao	jue
shougouliao	受够了	17561	shougoule	了	le	liao
fangchang	放长	17555	fangzhang	长	zhang	chang
hundei	混得	17553	hunde	得	de	dei
nvdaishiba	女大十八	17544	nvdashiba	大	da	dai
chongshang	重上	17530	zhongshang	重	zhong	chong
jichai	极差	17528	jicha	差	cha	chai
xiuzui	宿醉	17528	suzui	宿	su	xiu
bola	柏拉	17525	baila	柏	bai	bo
minhang	闵行	17521	minxing	行	xing	hang
peibanzhao	陪伴着	17519	peibanzhe	着	zhe	zhao
peibanzhuo	陪伴着	17519	peibanzhe	着	zhe	zhuo
daibiaoge	大表哥	17514	dabiaoge	大	da	dai
dairunfa	大润发	17512	darunfa	大	da	dai
dajiedai	大姐大	17510	dajieda	大	da	dai
xiehuo	谐和	17510	xiehe	和	he	huo
shuodingliao	说定了	17502	shuodingle	了	le	liao
daiyan	大研	17493	dayan	大	da	dai
shengbidei	圣彼得	17491	shengbide	得	de	dei
jiniai	给你爱	17487	geiniai	给	gei	ji
haodeiduo	好得多	17480	haodeduo	得	de	dei
bianchang	边长	17471	bianzhang	长	zhang	chang
liangmowu	两万五	17471	liangwanwu	万	wan	mo
bandei	扮得	17470	bande	得	de	dei
changan	长按	17466	zhangan	长	zhang	chang
diandei	点得	17465	diande	得	de	dei
lianyikuai	联谊会	17464	lianyihui	会	hui	kuai
xindei	信得	17462	xinde	得	de	dei
sheigeiwo	谁给我	17460	shuigeiwo	谁	shui	shei
sheijiwo	谁给我	17460	shuigeiwo	谁	shui	shei
shuijiwo	谁给我	17460	shuigeiwo	给	gei	ji
kuaishengliao	快生了	17454	kuaishengle	了	le	liao
moyan	没演	17448	meiyan	没	mei	mo
meideishuo	没得说	17441	meideshuo	得	de	dei
modeishuo	没得说	17441	meideshuo	没	mei	mo
modeshuo	没得说	17441	meideshuo	没	mei	mo
touzhaole	偷着乐	17435	touzhele	着	zhe	zhao
touzhaoyue	偷着乐	17435	touzhele	着	zhe	zhao
touzheyue	偷着乐	17435	touzhele	乐	le	yue
touzhuole	偷着乐	17435	touzhele	着	zhe	zhuo
touzhuoyue	偷着乐	17435	touzhele	着	zhe	zhuo
daimin	大民	17429	damin	大	da	dai
xiazhaoyu	下着雨	17426	xiazheyu	着	zhe	zhao
xiazhuoyu	下着雨	17426	xiazheyu	着	zhe	zhuo
daishi	大湿	17418	dashi	大	da	dai
pokai	剖开	17418	poukai	剖	pou	po
xiangxiangdi	香香的	17418	xiangxiangde	的	de	di
daichui	大锤	17401	dachui	大	da	dai
rengji	扔给	17401	renggei	给	gei	ji
yiqieduzai	一切都在	17400	yiqiedouzai	都	dou	du
houhang	后行	17399	houxing	行	xing	hang
shoucha	手刹	17395	shousha	刹	sha	cha
baoliaoming	报了名	17389	baoleming	了	le	liao
wanzhao	挽着	17386	wanzhe	着	zhe	zhao
wanzhuo	挽着	17386	wanzhe	着	zhe	zhuo
dangdei	当得	17385	dangde	得	de	dei
beishidai	北师大	17382	beishida	大	da	dai
guanbuzhao	管不着	17371	guanbuzhe	着	zhe	zhao
guanbuzhuo	管不着	17371	guanbuzhe	着	zhe	zhuo
xuanjue	选角	17370	xuanjiao	角	jiao	jue
kuaisheng	会升	17366	huisheng	会	hui	kuai
changjiao	长焦	17358	zhangjiao	长	zhang	chang
daichiyidun	大吃一顿	17354	dachiyidun	大	da	dai
fangji	放给	17353	fanggei	给	gei	ji
jiaoliukuai	交流会	17352	jiaoliuhui	会	hui	kuai
faji	法系	17349	faxi	系	xi	ji
zhuxie	猪血	17340	zhuxue	血	xue	xie
zhenchong	真重	17335	zhenzhong	重	zhong	chong
shengbideibao	圣彼得堡	17328	shengbidebao	得	de	dei
juanqian	圈钱	17325	quanqian	圈	quan	juan
wudai	吴大	17325	wuda	大	da	dai
zhongduichang	中队长	17324	zhongduizhang	长	zhang	chang
chengshi	盛事	17316	shengshi	盛	sheng	cheng
daigeer	大个儿	17313	dageer	大	da	dai
shuailiaoyijiao	摔了一跤	17313	shuaileyijiao	了	le	liao
deiqi	得气	17296	deqi	得	de	dei
deichong	得宠	17271	dechong	得	de	dei
shendeiwoxin	深得我心	17265	shendewoxin	得	de	dei
daitong	大桶	17261	datong	大	da	dai
jiaji	加给	17259	jiagei	给	gei	ji
zixin	自寻	17252	zixun	寻	xun	xin
kuaishai	会晒	17251	huishai	会	hui	kuai
changban	长板	17243	zhangban	长	zhang	chang
mahangkong	马行空	17242	maxingkong	行	xing	hang
deiling	得令	17240	deling	得	de	dei
mozui	没醉	17236	meizui	没	mei	mo
gouchong	够重	17235	gouzhong	重	zhong	chong
changsanjiao	长三角	17232	zhangsanjiao	长	zhang	chang
jude	距地	17232	judi	地	di	de
bukuai	部会	17231	buhui	会	hui	kuai
gutianyue	古天乐	17223	gutianle	乐	le	yue
daixiang	大箱	17218	daxiang	大	da	dai
daijuan	大卷	17205	dajuan	大	da	dai
daidang	大当	17204	dadang	大	da	dai
jianchong	减重	17200	jianzhong	重	zhong	chong
taibo	太薄	17196	taibao	薄	bao	bo
rendei	忍得	17194	rende	得	de	dei
dailongxia	大龙虾	17191	dalongxia	大	da	dai
mianbo	绵薄	17189	mianbao	薄	bao	bo
zuobei	左臂	17188	zuobi	臂	bi	bei
jishuai	机率	17178	jilv	率	lv	shuai
moqu	没取	17174	meiqu	没	mei	mo
xuezhaodian	学着点	17172	xuezhedian	着	zhe	zhao
xuezhuodian	学着点	17172	xuezhedian	着	zhe	zhuo
sihuo	似火	17170	shihuo	似	shi	si
dabuzhao	打不着	17164	dabuzhe	着	zhe	zhao
dabuzhuo	打不着	17164	dabuzhe	着	zhe	zhuo
kongxian	空见	17163	kongjian	见	jian	xian
jiandai	建大	17161	jianda	大	da	dai
daien	大恩	17159	daen	大	da	dai
xiaoyunkuai	校运会	17153	xiaoyunhui	会	hui	kuai
duanduandi	短短的	17151	duanduande	的	de	di
goubuzhao	够不着	17150	goubuzhe	着	zhe	zhao
goubuzhuo	够不着	17150	goubuzhe	着	zhe	zhuo
baerdimo	巴尔的摩	17147	baerdemo	的	de	di
mukao	模考	17146	mokao	模	mo	mu
duodeiduo	多得多	17144	duodeduo	得	de	dei
jiaoshi	觉世	17142	jueshi	觉	jue	jiao
yanjiukuai	研究会	17142	yanjiuhui	会	hui	kuai
daigang	大港	17132	dagang	大	da	dai
sidu	丝都	17127	sidou	都	dou	du
dingchang	定长	17125	dingzhang	长	zhang	chang
kuiji	馈给	17124	kuigei	给	gei	ji
tichang	体长	17121	tizhang	长	zhang	chang
xinwei	寻味	17105	xunwei	寻	xun	xin
mopu	没谱	17103	meipu	没	mei	mo
gudichongyou	故地重游	17102	gudizhongyou	重	zhong	chong
renchongerdaoyuan	任重而道远	17101	renzhongerdaoyuan	重	zhong	chong
nanhang	难行	17099	nanxing	行	xing	hang
zhuaji	爪机	17099	zhaoji	爪	zhao	zhua
tanchang	弹唱	17095	danchang	弹	dan	tan
jianhuo	建和	17094	jianhe	和	he	huo
hangguan	行管	17078	xingguan	行	xing	hang
mofei	没飞	17078	meifei	没	mei	mo
jizhuren	系主任	17077	xizhuren	系	xi	ji
xinxin	寻寻	17077	xunxun	寻	xun	xin
xinxun	寻寻	17077	xunxun	寻	xun	xin
xunxin	寻寻	17077	xunxun	寻	xun	xin
daizhi	大直	17073	dazhi	大	da	dai
xiaokuai	校会	17070	xiaohui	会	hui	kuai
chongyang	重样	17065	zhongyang	重	zhong	chong
daizhangwei	大张伟	17064	dazhangwei	大	da	dai
xingdai	兴大	17063	xingda	大	da	dai
tanqi	弹起	17062	danqi	弹	dan	tan
shengde	声地	17051	shengdi	地	di	de
shide	史地	17050	shidi	地	di	de
yanbuxian	眼不见	17050	yanbujian	见	jian	xian
xide	西地	17047	xidi	地	di	de
zhongwenji	中文系	17045	zhongwenxi	系	xi	ji
chiyiqianchangyizhi	吃一堑长一智	17044	chiyiqianzhangyizhi	长	zhang	chang
daixian	大显	17042	daxian	大	da	dai
moqian	没签	17042	meiqian	没	mei	mo
yedihei	夜的黑	17042	yedehei	的	de	di
zhuanquanjuan	转圈圈	17035	zhuanquanquan	圈	quan	juan
liukuai	流会	17034	liuhui	会	hui	kuai
zhaozhong	朝中	17030	chaozhong	朝	chao	zhao
jianbuzhao	见不着	17029	jianbuzhe	着	zhe	zhao
jianbuzhuo	见不着	17029	jianbuzhe	着	zhe	zhuo
xianbuzhao	见不着	17029	jianbuzhe	见	jian	xian
xianbuzhe	见不着	17029	jianbuzhe	见	jian	xian
xianbuzhuo	见不着	17029	jianbuzhe	见	jian	xian
qiangdei	抢得	17029	qiangde	得	de	dei
yanzoukuai	演奏会	17028	yanzouhui	会	hui	kuai
xidei	洗得	17027	xide	得	de	dei
paidei	排得	17013	paide	得	de	dei
yiqubufufanliao	一去不复返了	17012	yiqubufufanle	了	le	liao
mopai	没排	17006	meipai	没	mei	mo
moming	万名	17003	wanming	万	wan	mo
bujinikan	不给你看	16992	bugeinikan	给	gei	ji
daisangmen	大嗓门	16992	dasangmen	大	da	dai
xichen	戏称	16979	xicheng	称	cheng	chen
gemikuai	歌迷会	16967	gemihui	会	hui	kuai
zhaoyou	著有	16966	zhuyou	著	zhu	zhao
zheyou	著有	16966	zhuyou	著	zhu	zhe
zhuoyou	著有	16966	zhuyou	著	zhu	zhuo
zhenghuo	政和	16963	zhenghe	和	he	huo
kuaimeiliao	快没了	16962	kuaimeile	了	le	liao
kuaimole	快没了	16962	kuaimeile	没	mei	mo
kuaimoliao	快没了	16962	kuaimeile	没	mei	mo
yishe	一折	16960	yizhe	折	zhe	she
kadeya	卡地亚	16953	kadiya	地	di	de
mobi	没比	16948	meibi	没	mei	mo
fandei	烦得	16947	fande	得	de	dei
xinghuo	兴和	16944	xinghe	和	he	huo
lading	落定	16939	luoding	落	luo	la
yingji	应给	16938	yinggei	给	gei	ji
waijuan	外圈	16937	waiquan	圈	quan	juan
bieshaliao	别傻了	16932	bieshale	了	le	liao
kuaizuoren	会做人	16932	huizuoren	会	hui	kuai
yingqiao	硬壳	16927	yingke	壳	ke	qiao
wudu	雾都	16923	wudou	都	dou	du
dailuobo	大萝卜	16922	daluobo	大	da	dai
mofu	没付	16915	meifu	没	mei	mo
xiangdeikai	想得开	16914	xiangdekai	得	de	dei
yidaibu	一大步	16914	yidabu	大	da	dai
qinghuabeidai	清华北大	16913	qinghuabeida	大	da	dai
weitiao	微调	16913	weidiao	调	diao	tiao
daihang	大航	16911	dahang	大	da	dai
zhikeyikuai	只可意会	16909	zhikeyihui	会	hui	kuai
juanji	捐给	16900	juangei	给	gei	ji
juchen	据称	16900	jucheng	称	cheng	chen
motiao	万条	16900	wantiao	万	wan	mo
panwangzhao	盼望着	16900	panwangzhe	着	zhe	zhao
panwangzhuo	盼望着	16900	panwangzhe	着	zhe	zhuo
qinzhao	秦朝	16900	qinchao	朝	chao	zhao
xialiaoyan	瞎了眼	16893	xialeyan	了	le	liao
yongxie	用血	16893	yongxue	血	xue	xie
moman	没满	16887	meiman	没	mei	mo
bangjiliao	棒极了	16886	bangjile	了	le	liao
yimoci	一万次	16886	yiwanci	万	wan	mo
dainiao	大鸟	16883	daniao	大	da	dai
xiuzhou	宿州	16882	suzhou	宿	su	xiu
chongseqingyou	重色轻友	16879	zhongseqingyou	重	zhong	chong
seerwei	塞尔维	16879	saierwei	塞	sai	se
mingde	名地	16878	mingdi	地	di	de
zhuanguo	传过	16877	chuanguo	传	chuan	zhuan
yidaijie	一大截	16873	yidajie	大	da	dai
bande	般地	16868	bandi	地	di	de
daiyingjia	大赢家	16866	dayingjia	大	da	dai
xiankuo	闲适	16858	xianshi	适	shi	kuo
zhaonan	朝南	16857	chaonan	朝	chao	zhao
chujingshuai	出镜率	16856	chujinglv	率	lv	shuai
daiqiu	大邱	16855	daqiu	大	da	dai
daipianzi	大骗子	16853	dapianzi	大	da	dai
mandan	埋单	16851	maidan	埋	mai	man
yimokuai	一万块	16848	yiwankuai	万	wan	mo
chongguiyuhao	重归于好	16840	zhongguiyuhao	重	zhong	chong
moyou	没油	16840	meiyou	没	mei	mo
meizhaoliangxin	昧着良心	16840	meizheliangxin	着	zhe	zhao
meizhuoliangxin	昧着良心	16840	meizheliangxin	着	zhe	zhuo
sheicuo	谁错	16837	shuicuo	谁	shui	shei
zhenchai	真差	16832	zhencha	差	cha	chai
kongdai	空大	16829	kongda	大	da	dai
yijue	衣角	16828	yijiao	角	jiao	jue
ezhaoduzi	饿着肚子	16824	ezheduzi	着	zhe	zhao
ezhuoduzi	饿着肚子	16824	ezheduzi	着	zhe	zhuo
weiji	维系	16824	weixi	系	xi	ji
jujude	聚居地	16819	jujudi	地	di	de
zhongdaijiang	中大奖	16817	zhongdajiang	大	da	dai
fadei	发得	16815	fade	得	de	dei
chuanzhao	穿著	16814	chuanzhu	著	zhu	zhao
chuanzhe	穿著	16814	chuanzhu	著	zhu	zhe
chuanzhuo	穿著	16814	chuanzhu	著	zhu	zhuo
sena	塞纳	16811	saina	塞	sai	se
jitui	给退	16809	geitui	给	gei	ji
hangtian	行天	16806	xingtian	行	xing	hang
moran	没染	16801	meiran	没	mei	mo
qiukuai	球会	16801	qiuhui	会	hui	kuai
deichujielun	得出结论	16798	dechujielun	得	de	dei
shiduomo	十多万	16791	shiduowan	万	wan	mo
changxiao	长效	16790	zhangxiao	长	zhang	chang
hanzhaolei	含着泪	16789	hanzhelei	着	zhe	zhao
hanzhuolei	含着泪	16789	hanzhelei	着	zhe	zhuo
caidei	猜得	16779	caide	得	de	dei
zuji	租给	16779	zugei	给	gei	ji
tiaoxia	调下	16776	diaoxia	调	diao	tiao
qingdai	庆大	16768	qingda	大	da	dai
mobawo	没把握	16765	meibawo	没	mei	mo
tonghuan	统还	16764	tonghai	还	hai	huan
masazhusezhou	马萨诸塞州	16754	masazhusaizhou	塞	sai	se
piaojuan	票圈	16753	piaoquan	圈	quan	juan
tuijuan	退圈	16753	tuiquan	圈	quan	juan
dejishi	地级市	16747	dijishi	地	di	de
xiangdai	湘大	16745	xiangda	大	da	dai
jueer	角儿	16744	jiaoer	角	jiao	jue
xiepin	血拼	16741	xuepin	血	xue	xie
renxianrenai	人见人爱	16737	renjianrenai	见	jian	xian
zhaoming	着名	16737	zheming	着	zhe	zhao
zhuoming	着名	16737	zheming	着	zhe	zhuo
ningdu	宁都	16734	ningdou	都	dou	du
yimobian	一万遍	16733	yiwanbian	万	wan	mo
daige	大革	16730	dage	大	da	dai
pazhaoshui	趴着睡	16729	pazheshui	着	zhe	zhao
pazhuoshui	趴着睡	16729	pazheshui	着	zhe	zhuo
yangni	养呢	16729	yangne	呢	ne	ni
deixi	得悉	16723	dexi	得	de	dei
gendei	跟得	16716	gende	得	de	dei
chengkuang	盛况	16715	shengkuang	盛	sheng	cheng
yundai	云大	16711	yunda	大	da	dai
kuaitou	会头	16709	huitou	会	hui	kuai
chongdao	重到	16707	zhongdao	重	zhong	chong
deishun	得顺	16706	deshun	得	de	dei
huakaihuala	花开花落	16706	huakaihualuo	落	luo	la
dedai	德大	16705	deda	大	da	dai
daizhai	大宅	16703	dazhai	大	da	dai
liede	烈地	16698	liedi	地	di	de
liuchang	流长	16693	liuzhang	长	zhang	chang
shouji	授给	16689	shougei	给	gei	ji
madian	抹点	16688	modian	抹	mo	ma
moyu	万余	16681	wanyu	万	wan	mo
momu	万亩	16677	wanmu	万	wan	mo
renzhexianren	仁者见仁	16676	renzhejianren	见	jian	xian
weidemala	危地马拉	16676	weidimala	地	di	de
kouweichong	口味重	16673	kouweizhong	重	zhong	chong
zhengzhao	正着	16669	zhengzhe	着	zhe	zhao
zhengzhuo	正着	16669	zhengzhe	着	zhe	zhuo
chenchendi	沉沉的	16667	chenchende	的	de	di
sesi	塞斯	16665	saisi	塞	sai	se
feifeidi	肥肥的	16663	feifeide	的	de	di
moshengqi	没生气	16663	meishengqi	没	mei	mo
shenghuojuan	生活圈	16662	shenghuoquan	圈	quan	juan
changweikuai	常委会	16657	changweihui	会	hui	kuai
xihang	西行	16655	xixing	行	xing	hang
dengnilailiao	等你来了	16654	dengnilaile	了	le	liao
guozao	聒噪	16651	guazao	聒	gua	guo
gaide	改地	16648	gaidi	地	di	de
tongman	同埋	16647	tongmai	埋	mai	man
mude	亩地	16646	mudi	地	di	de
nonghuailiao	弄坏了	16643	nonghuaile	了	le	liao
dangdilingdao	党的领导	16639	dangdelingdao	的	de	di
yadei	压得	16639	yade	得	de	dei
tiaolai	调来	16635	diaolai	调	diao	tiao
zhengqueshuai	正确率	16630	zhengquelv	率	lv	shuai
zhichishuai	支持率	16627	zhichilv	率	lv	shuai
baicheng	百盛	16623	baisheng	盛	sheng	cheng
zhizhexianzhi	智者见智	16616	zhizhejianzhi	见	jian	xian
xiaoyue	小乐	16611	xiaole	乐	le	yue
lianghang	两行	16610	liangxing	行	xing	hang
lianpibo	脸皮薄	16608	lianpibao	薄	bao	bo
daishe	大蛇	16604	dashe	大	da	dai
gaidei	改得	16604	gaide	得	de	dei
chuaizhao	揣着	16601	chuaizhe	着	zhe	zhao
chuaizhuo	揣着	16601	chuaizhe	着	zhe	zhuo
huoyi	和义	16599	heyi	和	he	huo
changfeng	长风	16595	zhangfeng	长	zhang	chang
xinkaixin	寻开心	16590	xunkaixin	寻	xun	xin
yinzhao	引着	16590	yinzhe	着	zhe	zhao
yinzhuo	引着	16590	yinzhe	着	zhe	zhuo
hangzhi	行至	16581	xingzhi	行	xing	hang
guanzhao	关着	16580	guanzhe	着	zhe	zhao
guanzhuo	关着	16580	guanzhe	着	zhe	zhuo
meilianxianren	没脸见人	16578	meilianjianren	见	jian	xian
nayangdihua	那样的话	16574	nayangdehua	的	de	di
xinchanglu	寻常路	16573	xunchanglu	寻	xun	xin
fanghang	方行	16571	fangxing	行	xing	hang
huabei	花臂	16569	huabi	臂	bi	bei
maohuolaoshu	猫和老鼠	16565	maohelaoshu	和	he	huo
zhuanhui	传回	16559	chuanhui	传	chuan	zhuan
daihe	大盒	16550	dahe	大	da	dai
daijiang	大酱	16550	dajiang	大	da	dai
tiba	堤坝	16548	diba	堤	di	ti
mopo	没破	16542	meipo	没	mei	mo
xiangkuai	乡会	16538	xianghui	会	hui	kuai
geyoukuai	歌友会	16536	geyouhui	会	hui	kuai
jiekuai	节会	16533	jiehui	会	hui	kuai
fanliaocuo	犯了错	16532	fanlecuo	了	le	liao
shenaizhao	深爱着	16532	shenaizhe	着	zhe	zhao
shenaizhuo	深爱着	16532	shenaizhe	着	zhe	zhuo
taixiongliao	太凶了	16530	taixiongle	了	le	liao
yihang	易行	16520	yixing	行	xing	hang
chudei	处得	16514	chude	得	de	dei
huoxian	和县	16503	hexian	和	he	huo
mojianshi	没见识	16499	meijianshi	没	mei	mo
moqiantu	没前途	16497	meiqiantu	没	mei	mo
mohua	万花	16481	wanhua	万	wan	mo
daibizi	大鼻子	16478	dabizi	大	da	dai
sihang	四行	16474	sixing	行	xing	hang
qitiandai	齐天大	16471	qitianda	大	da	dai
changning	长宁	16458	zhangning	长	zhang	chang
jianliaomian	见了面	16448	jianlemian	了	le	liao
xianlemian	见了面	16448	jianlemian	见	jian	xian
xianliaomian	见了面	16448	jianlemian	见	jian	xian
zhuanzhao	转着	16431	zhuanzhe	着	zhe	zhao
zhuanzhuo	转着	16431	zhuanzhe	着	zhe	zhuo
huajuan	画圈	16426	huaquan	圈	quan	juan
yinchai	阴差	16422	yincha	差	cha	chai
hangjian	行健	16417	xingjian	行	xing	hang
liaowang	了望	16416	lewang	了	le	liao
yuesheng	乐声	16415	lesheng	乐	le	yue
haodeikuai	好得快	16407	haodekuai	得	de	dei
yebuxia	咽不下	16405	yanbuxia	咽	yan	ye
jichang	级长	16404	jizhang	长	zhang	chang
deguang	地广	16401	diguang	地	di	de
kuadei	夸得	16399	kuade	得	de	dei
mohu	万户	16398	wanhu	万	wan	mo
shangdai	商大	16397	shangda	大	da	dai
tanchulai	弹出来	16395	danchulai	弹	dan	tan
zhukuai	注会	16392	zhuhui	会	hui	kuai
danghuorenmin	党和人民	16390	dangherenmin	和	he	huo
zhenmoxiangdao	真没想到	16389	zhenmeixiangdao	没	mei	mo
momeiyuan	万美元	16387	wanmeiyuan	万	wan	mo
daizhuan	代传	16383	daichuan	传	chuan	zhuan
guanweikuai	管委会	16380	guanweihui	会	hui	kuai
fanzuishuai	犯罪率	16376	fanzuilv	率	lv	shuai
dedi	地底	16370	didi	地	di	de
paojuan	跑圈	16367	paoquan	圈	quan	juan
moshu	没输	16362	meishu	没	mei	mo
danzhao	担着	16359	danzhe	着	zhe	zhao
danzhuo	担着	16359	danzhe	着	zhe	zhuo
pomo	破万	16353	powan	万	wan	mo
daiyun	大云	16352	dayun	大	da	dai
yimobei	一万倍	16352	yiwanbei	万	wan	mo
shaodei	烧得	16348	shaode	得	de	dei
kuaibo	会播	16344	huibo	会	hui	kuai
xieyu	血雨	16342	xueyu	血	xue	xie
xinzhuan	新传	16328	xinchuan	传	chuan	zhuan
xiangwei	降为	16324	jiangwei	降	jiang	xiang
liangmoduo	两万多	16313	liangwanduo	万	wan	mo
shichen	史称	16309	shicheng	称	cheng	chen
moliaomo	摸了摸	16304	molemo	了	le	liao
hangnei	行内	16296	xingnei	行	xing	hang
dedu	德都	16292	dedou	都	dou	du
mozhuan	没赚	16287	meizhuan	没	mei	mo
shoudei	收得	16287	shoude	得	de	dei
jindei	进得	16285	jinde	得	de	dei
mosheng	没升	16285	meisheng	没	mei	mo
hangtong	行同	16280	xingtong	行	xing	hang
tandei	谈得	16279	tande	得	de	dei
gugudi	鼓鼓的	16277	gugude	的	de	di
mozhang	万张	16267	wanzhang	万	wan	mo
duyun	都匀	16266	douyun	都	dou	du
lanlandi	蓝蓝的	16265	lanlande	的	de	di
nanxin	难寻	16260	nanxun	寻	xun	xin
kaizhaoche	开着车	16250	kaizheche	着	zhe	zhao
kaizhuoche	开着车	16250	kaizheche	着	zhe	zhuo
zhengdaiyanjing	睁大眼睛	16239	zhengdayanjing	大	da	dai
youyoudi	油油的	16235	youyoude	的	de	di
kubiliao	酷毙了	16226	kubile	了	le	liao
xiuchang	袖长	16226	xiuzhang	长	zhang	chang
seyafeng	塞牙缝	16213	saiyafeng	塞	sai	se
kuaikou	会扣	16212	huikou	会	hui	kuai
daimu	大木	16211	damu	大	da	dai
daidie	大碟	16206	dadie	大	da	dai
dianhuakuai	电话会	16206	dianhuahui	会	hui	kuai
shidei	识得	16198	shide	得	de	dei
mocuoer	没错儿	16196	meicuoer	没	mei	mo
daichuan	大船	16194	dachuan	大	da	dai
quanchong	全重	16191	quanzhong	重	zhong	chong
saise	塞塞	16190	saisai	塞	sai	se
sesai	塞塞	16190	saisai	塞	sai	se
sese	塞塞	16190	saisai	塞	sai	se
sejinqu	塞进去	16186	saijinqu	塞	sai	se
jiede	借地	16184	jiedi	地	di	de
huadu	华都	16181	huadou	都	dou	du
pude	铺地	16176	pudi	地	di	de
dushukuai	读书会	16175	dushuhui	会	hui	kuai
sheiyouneng	谁又能	16169	shuiyouneng	谁	shui	shei
nanhang	南行	16160	nanxing	行	xing	hang
chongzao	重造	16158	zhongzao	重	zhong	chong
meizhuan	没传	16157	meichuan	传	chuan	zhuan
mochuan	没传	16157	meichuan	没	mei	mo
mozhuan	没传	16157	meichuan	没	mei	mo
daimanguan	大满贯	16154	damanguan	大	da	dai
bidingkuai	必定会	16147	bidinghui	会	hui	kuai
daishitou	大石头	16146	dashitou	大	da	dai
haikuai	海会	16145	haihui	会	hui	kuai
dairongliang	大容量	16135	darongliang	大	da	dai
nahuanyongshuo	那还用说	16135	nahaiyongshuo	还	hai	huan
yaoliaoyikou	咬了一口	16131	yaoleyikou	了	le	liao
guaidei	乖得	16125	guaide	得	de	dei
mojiu	没酒	16124	meijiu	没	mei	mo
bizhao	比着	16121	bizhe	着	zhe	zhao
bizhuo	比着	16121	bizhe	着	zhe	zhuo
daihuaidan	大坏蛋	16120	dahuaidan	大	da	dai
xianghuzunchong	相互尊重	16120	xianghuzunzhong	重	zhong	chong
beipaoqiliao	被抛弃了	16115	beipaoqile	了	le	liao
diadia	嗲嗲	16114	diedie	嗲	die	dia
diadie	嗲嗲	16114	diedie	嗲	die	dia
diedia	嗲嗲	16114	diedie	嗲	die	dia
tanpian	弹片	16110	danpian	弹	dan	tan
chuanshouji	传授给	16102	chuanshougei	给	gei	ji
shuadaipai	耍大牌	16095	shuadapai	大	da	dai
juanxie	捐血	16091	juanxue	血	xue	xie
shuchang	署长	16091	shuzhang	长	zhang	chang
hangyun	行云	16083	xingyun	行	xing	hang
labai	落败	16077	luobai	落	luo	la
jingtiande	惊天地	16075	jingtiandi	地	di	de
guodei	裹得	16073	guode	得	de	dei
yula	雨落	16053	yuluo	落	luo	la
mozhuner	没准儿	16052	meizhuner	没	mei	mo
zhideyitidishi	值得一提的是	16045	zhideyitideshi	的	de	di
zhuhang	诸行	16034	zhuxing	行	xing	hang
tidei	题得	16033	tide	得	de	dei
tiaoche	调车	16030	diaoche	调	diao	tiao
xiaode	笑地	16023	xiaodi	地	di	de
zhunqueshuai	准确率	16022	zhunquelv	率	lv	shuai
chuji	出给	16021	chugei	给	gei	ji
yaobuliao	要不了	16019	yaobule	了	le	liao
duodei	躲得	16018	duode	得	de	dei
zhengjiao	正觉	16014	zhengjue	觉	jue	jiao
bomu	柏木	16009	baimu	柏	bai	bo
morenmi	万人迷	16009	wanrenmi	万	wan	mo
daihuzi	大胡子	16004	dahuzi	大	da	dai
fudei	服得	16003	fude	得	de	dei
xiecao	血槽	15991	xuecao	血	xue	xie
yizhao	一着	15986	yizhe	着	zhe	zhao
yizhuo	一着	15986	yizhe	着	zhe	zhuo
luodeya	罗地亚	15984	luodiya	地	di	de
moban	没搬	15976	meiban	没	mei	mo
tianzhao	舔着	15969	tianzhe	着	zhe	zhao
tianzhuo	舔着	15969	tianzhe	着	zhe	zhuo
dedidaodao	地地道道	15968	dididaodao	地	di	de
chenyue	沈月	15959	shenyue	沈	shen	chen
moshangqu	没上去	15954	meishangqu	没	mei	mo
daiyuan	大远	15949	dayuan	大	da	dai
yichang	衣长	15948	yizhang	长	zhang	chang
mimanzhao	弥漫着	15947	mimanzhe	着	zhe	zhao
mimanzhuo	弥漫着	15947	mimanzhe	着	zhe	zhuo
moliu	万六	15931	wanliu	万	wan	mo
zhongla	中落	15931	zhongluo	落	luo	la
chairen	差人	15922	charen	差	cha	chai
mobaolu	万宝路	15912	wanbaolu	万	wan	mo
hangdaiyun	行大运	15909	xingdayun	行	xing	hang
hangdayun	行大运	15909	xingdayun	行	xing	hang
xingdaiyun	行大运	15909	xingdayun	大	da	dai
moer	万二	15907	waner	万	wan	mo
dangdijianshe	党的建设	15906	dangdejianshe	的	de	di
huanna	还纳	15902	haina	还	hai	huan
dianzhao	垫着	15900	dianzhe	着	zhe	zhao
dianzhuo	垫着	15900	dianzhe	着	zhe	zhuo
moshuochu	没说出	15900	meishuochu	没	mei	mo
sheinenggei	谁能给	15898	shuinenggei	谁	shui	shei
sheinengji	谁能给	15898	shuinenggei	谁	shui	shei
shuinengji	谁能给	15898	shuinenggei	给	gei	ji
gendeishang	跟得上	15896	gendeshang	得	de	dei
jiedei	接得	15892	jiede	得	de	dei
yidu	艺都	15888	yidou	都	dou	du
zhongjiao	终觉	15878	zhongjue	觉	jue	jiao
changhuzi	长胡子	15875	zhanghuzi	长	zhang	chang
daifengshou	大丰收	15875	dafengshou	大	da	dai
tiaojiu	调酒	15875	diaojiu	调	diao	tiao
huoshen	和珅	15874	heshen	和	he	huo
duikuai	队会	15873	duihui	会	hui	kuai
yangyizhao	洋溢着	15869	yangyizhe	着	zhe	zhao
yangyizhuo	洋溢着	15869	yangyizhe	着	zhe	zhuo
kenji	肯给	15861	kengei	给	gei	ji
bideibao	彼得堡	15855	bidebao	得	de	dei
mochao	没吵	15853	meichao	没	mei	mo
kekuai	可会	15852	kehui	会	hui	kuai
heshihede	何时何地	15849	heshihedi	地	di	de
hangjian	行检	15843	xingjian	行	xing	hang
beixiang	备降	15836	beijiang	降	jiang	xiang
zhuanliaoqian	赚了钱	15836	zhuanleqian	了	le	liao
deikesasi	得克萨斯	15819	dekesasi	得	de	dei
gaoliaoge	搞了个	15819	gaolege	了	le	liao
demo	地魔	15801	dimo	地	di	de
jiedei	结得	15801	jiede	得	de	dei
qinhang	琴行	15801	qinxing	行	xing	hang
houzhaolianpi	厚着脸皮	15795	houzhelianpi	着	zhe	zhao
houzhuolianpi	厚着脸皮	15795	houzhelianpi	着	zhe	zhuo
gaokuai	高会	15782	gaohui	会	hui	kuai
huideilai	回得来	15779	huidelai	得	de	dei
yimoyuan	一万元	15779	yiwanyuan	万	wan	mo
ludei	录得	15773	lude	得	de	dei
bensiliao	笨死了	15771	bensile	了	le	liao
tongji	同系	15771	tongxi	系	xi	ji
daike	大颗	15766	dake	大	da	dai
chengshi	盛时	15765	shengshi	盛	sheng	cheng
changdeng	长凳	15763	zhangdeng	长	zhang	chang
didei	抵得	15758	dide	得	de	dei
shuaixiang	率相	15754	lvxiang	率	lv	shuai
depei	地陪	15750	dipei	地	di	de
chendei	沉得	15749	chende	得	de	dei
moqiu	没求	15747	meiqiu	没	mei	mo
yezhao	噎着	15747	yezhe	着	zhe	zhao
yezhuo	噎着	15747	yezhe	着	zhe	zhuo
falacheng	法拉盛	15744	falasheng	盛	sheng	cheng
zhuanzi	传自	15742	chuanzi	传	chuan	zhuan
qiaozhao	翘着	15742	qiaozhe	着	zhe	zhao
qiaozhuo	翘着	15742	qiaozhe	着	zhe	zhuo
zhuanzhong	传中	15740	chuanzhong	传	chuan	zhuan
duodeihen	多得很	15735	duodehen	得	de	dei
mozhiwang	没指望	15735	meizhiwang	没	mei	mo
nongzangliao	弄脏了	15735	nongzangle	了	le	liao
tingdei	挺得	15728	tingde	得	de	dei
shidei	始得	15725	shide	得	de	dei
chideiqi	吃得起	15721	chideqi	得	de	dei
nengyue	能乐	15721	nengle	乐	le	yue
shuinide	水泥地	15717	shuinidi	地	di	de
yimobu	一万步	15717	yiwanbu	万	wan	mo
jidai	暨大	15716	jida	大	da	dai
youyoudi	悠悠的	15710	youyoude	的	de	di
lujue	鹿角	15708	lujiao	角	jiao	jue
lingjue	菱角	15705	lingjiao	角	jiao	jue
daili	大里	15702	dali	大	da	dai
kuaifu	会付	15702	huifu	会	hui	kuai
dizhaotou	低着头	15698	dizhetou	着	zhe	zhao
dizhuotou	低着头	15698	dizhetou	着	zhe	zhuo
mashangkuai	马上会	15698	mashanghui	会	hui	kuai
shide	似地	15693	shidi	地	di	de
side	似地	15693	shidi	似	shi	si
sidi	似地	15693	shidi	似	shi	si
bobodi	勃勃的	15688	bobode	的	de	di
yanzhao	演着	15688	yanzhe	着	zhe	zhao
yanzhuo	演着	15688	yanzhe	着	zhe	zhuo
zuokuai	坐会	15687	zuohui	会	hui	kuai
chongji	重机	15686	zhongji	重	zhong	chong
morenci	万人次	15685	wanrenci	万	wan	mo
bianhuahendai	变化很大	15684	bianhuahenda	大	da	dai
buguanshishei	不管是谁	15681	buguanshishui	谁	shui	shei
andei	安得	15675	ande	得	de	dei
zhenfuliao	真服了	15674	zhenfule	了	le	liao
jimokuai	几万块	15671	jiwankuai	万	wan	mo
moxiang	没像	15671	meixiang	没	mei	mo
bobing	薄冰	15656	baobing	薄	bao	bo
zhide	置地	15652	zhidi	地	di	de
dabo	打薄	15640	dabao	薄	bao	bo
tuiji	退给	15640	tuigei	给	gei	ji
tiaogao	调高	15639	diaogao	调	diao	tiao
feidei	肥得	15637	feide	得	de	dei
zhoudaifu	周大福	15635	zhoudafu	大	da	dai
changwei	长尾	15631	zhangwei	长	zhang	chang
tiaoqu	调去	15628	diaoqu	调	diao	tiao
mozhong	没种	15626	meizhong	没	mei	mo
chonggou	重构	15625	zhonggou	重	zhong	chong
dailuandou	大乱斗	15624	daluandou	大	da	dai
fangxinhaoliao	放心好了	15624	fangxinhaole	了	le	liao
zhunkuai	准会	15621	zhunhui	会	hui	kuai
xuandei	选得	15617	xuande	得	de	dei
zhaozhao	着着	15615	zhezhe	着	zhe	zhao
zhaozhe	着着	15615	zhezhe	着	zhe	zhao
zhaozhuo	着着	15615	zhezhe	着	zhe	zhao
zhezhao	着着	15615	zhezhe	着	zhe	zhao
zhezhuo	着着	15615	zhezhe	着	zhe	zhuo
zhuozhao	着着	15615	zhezhe	着	zhe	zhuo
zhuozhe	着着	15615	zhezhe	着	zhe	zhuo
zhuozhuo	着着	15615	zhezhe	着	zhe	zhuo
huanzhi	还值	15612	haizhi	还	hai	huan
mochao	没抄	15599	meichao	没	mei	mo
daixiangzi	大箱子	15595	daxiangzi	大	da	dai
xiudei	休得	15586	xiude	得	de	dei
manxian	埋线	15582	maixian	埋	mai	man
hagongdai	哈工大	15578	hagongda	大	da	dai
baiyue	百乐	15577	baile	乐	le	yue
mosan	万三	15576	wansan	万	wan	mo
dezoule	地走了	15563	dizoule	地	di	de
dezouliao	地走了	15563	dizoule	地	di	de
dizouliao	地走了	15563	dizoule	了	le	liao
daiburuqian	大不如前	15560	daburuqian	大	da	dai
xiexinji	写信给	15560	xiexingei	给	gei	ji
fandei	翻得	15555	fande	得	de	dei
dewang	地王	15554	diwang	地	di	de
hande	汉地	15551	handi	地	di	de
weiji	喂给	15547	weigei	给	gei	ji
jiande	渐地	15540	jiandi	地	di	de
detai	地台	15538	ditai	地	di	de
chenchen	称称	15533	chengcheng	称	cheng	chen
chencheng	称称	15533	chengcheng	称	cheng	chen
chengchen	称称	15533	chengcheng	称	cheng	chen
mopingfangmi	万平方米	15533	wanpingfangmi	万	wan	mo
tiaoshang	调上	15531	diaoshang	调	diao	tiao
lishichang	理事长	15530	lishizhang	长	zhang	chang
daicun	大村	15528	dacun	大	da	dai
shuaiji	甩给	15527	shuaigei	给	gei	ji
jiazazhao	夹杂着	15524	jiazazhe	着	zhe	zhao
jiazazhuo	夹杂着	15524	jiazazhe	着	zhe	zhuo
baihuodailou	百货大楼	15518	baihuodalou	大	da	dai
rouqingsishui	柔情似水	15516	rouqingshishui	似	shi	si
taozhao	套着	15516	taozhe	着	zhe	zhao
taozhuo	套着	15516	taozhe	着	zhe	zhuo
hekuai	合会	15513	hehui	会	hui	kuai
xianzheyoufen	见者有份	15509	jianzheyoufen	见	jian	xian
changliu	长留	15508	zhangliu	长	zhang	chang
shenwu	深恶	15504	shene	恶	e	wu
shounazhao	手拿着	15500	shounazhe	着	zhe	zhao
shounazhuo	手拿着	15500	shounazhe	着	zhe	zhuo
xiuliao	锈了	15498	xiule	了	le	liao
erzhuan	二传	15494	erchuan	传	chuan	zhuan
zhengdei	征得	15494	zhengde	得	de	dei
genzhao	跟著	15492	genzhu	著	zhu	zhao
genzhe	跟著	15492	genzhu	著	zhu	zhe
genzhuo	跟著	15492	genzhu	著	zhu	zhuo
lajia	落架	15488	luojia	落	luo	la
wenwende	稳稳地	15485	wenwendi	地	di	de
layan	落雁	15484	luoyan	落	luo	la
jueti	决堤	15483	juedi	堤	di	ti
changdu	昌都	15480	changdou	都	dou	du
dantan	弹弹	15480	dandan	弹	dan	tan
tandan	弹弹	15480	dandan	弹	dan	tan
tantan	弹弹	15480	dandan	弹	dan	tan
jiaoluo	觉罗	15475	jueluo	觉	jue	jiao
laban	落班	15475	luoban	落	luo	la
daiman	带埋	15469	daimai	埋	mai	man
deiyu	得愈	15462	deyu	得	de	dei
beihang	北行	15460	beixing	行	xing	hang
qianyuqianxin	千与千寻	15456	qianyuqianxun	寻	xun	xin
jizhen	给朕	15453	geizhen	给	gei	ji
daidao	大岛	15452	dadao	大	da	dai
pinliaoming	拼了命	15442	pinleming	了	le	liao
sepulusi	塞浦路斯	15442	saipulusi	塞	sai	se
duodeishi	多得是	15437	duodeshi	得	de	dei
daibaoyanfu	大饱眼福	15435	dabaoyanfu	大	da	dai
hangsu	行速	15435	xingsu	行	xing	hang
kuaipiao	会票	15429	huipiao	会	hui	kuai
zhiji	指给	15427	zhigei	给	gei	ji
yidei	已得	15420	yide	得	de	dei
huofeng	和丰	15418	hefeng	和	he	huo
zuidaihua	最大化	15415	zuidahua	大	da	dai
daidou	大斗	15410	dadou	大	da	dai
huanzhenhao	还真好	15410	haizhenhao	还	hai	huan
deshu	地鼠	15408	dishu	地	di	de
yidailiyu	意大利语	15407	yidaliyu	大	da	dai
maide	麦地	15406	maidi	地	di	de
mosheng	没剩	15398	meisheng	没	mei	mo
huhudaishui	呼呼大睡	15395	huhudashui	大	da	dai
tianbupade	天不怕地	15395	tianbupadi	地	di	de
xiaodei	消得	15393	xiaode	得	de	dei
dadeiduo	大得多	15391	dadeduo	得	de	dei
daideduo	大得多	15391	dadeduo	大	da	dai
daideiduo	大得多	15391	dadeduo	大	da	dai
shiliaoshi	试了试	15387	shileshi	了	le	liao
dafudaigui	大富大贵	15384	dafudagui	大	da	dai
daifudagui	大富大贵	15384	dafudagui	大	da	dai
daifudaigui	大富大贵	15384	dafudagui	大	da	dai
fudaigui	富大贵	15384	fudagui	大	da	dai
guode	果地	15384	guodi	地	di	de
tanzhi	弹指	15378	danzhi	弹	dan	tan
shijuan	十圈	15378	shiquan	圈	quan	juan
jili	系里	15376	xili	系	xi	ji
yita	一沓	15374	yida	沓	da	ta
gaoyue	高乐	15371	gaole	乐	le	yue
yandu	盐都	15362	yandou	都	dou	du
mianbozhili	绵薄之力	15355	mianbaozhili	薄	bao	bo
longdai	龙大	15353	longda	大	da	dai
zhongdei	种得	15348	zhongde	得	de	dei
daiding	大定	15338	dading	大	da	dai
wulong	恶龙	15336	elong	恶	e	wu
chuanbo	穿薄	15332	chuanbao	薄	bao	bo
yimoba	一万八	15330	yiwanba	万	wan	mo
sike	似可	15326	shike	似	shi	si
yixie	溢血	15326	yixue	血	xue	xie
haojimo	好几万	15324	haojiwan	万	wan	mo
changchuan	长传	15322	zhangchuan	长	zhang	chang
changzhuan	长传	15322	zhangchuan	长	zhang	chang
zhangzhuan	长传	15322	zhangchuan	传	chuan	zhuan
kuola	阔落	15318	kuoluo	落	luo	la
daizhi	大值	15315	dazhi	大	da	dai
quanhang	全行	15313	quanxing	行	xing	hang
fangzhao	防着	15311	fangzhe	着	zhe	zhao
fangzhuo	防着	15311	fangzhe	着	zhe	zhuo
yuexin	乐心	15309	lexin	乐	le	yue
changjiao	长脚	15308	zhangjiao	长	zhang	chang
tanzhu	弹珠	15307	danzhu	弹	dan	tan
chengtang	盛唐	15306	shengtang	盛	sheng	cheng
tongguoshuai	通过率	15303	tongguolv	率	lv	shuai
daihua	大化	15302	dahua	大	da	dai
kaiji	开给	15302	kaigei	给	gei	ji
dela	地拉	15298	dila	地	di	de
changjian	长兼	15294	zhangjian	长	zhang	chang
zhaoxianren	朝鲜人	15294	chaoxianren	朝	chao	zhao
chouxie	抽血	15282	chouxue	血	xue	xie
hulajuan	呼啦圈	15282	hulaquan	圈	quan	juan
yidu	宜都	15280	yidou	都	dou	du
shiermo	十二万	15279	shierwan	万	wan	mo
dezhi	地直	15277	dizhi	地	di	de
nanshidai	南师大	15276	nanshida	大	da	dai
ganjuedeidao	感觉得到	15275	ganjuededao	得	de	dei
daiming	大命	15272	daming	大	da	dai
daichuan	大串	15268	dachuan	大	da	dai
zhaochong	著重	15264	zhuzhong	著	zhu	zhao
zhaozhong	著重	15264	zhuzhong	著	zhu	zhao
zhechong	著重	15264	zhuzhong	著	zhu	zhe
zhezhong	著重	15264	zhuzhong	著	zhu	zhe
zhuchong	著重	15264	zhuzhong	重	zhong	chong
zhuochong	著重	15264	zhuzhong	著	zhu	zhuo
zhuozhong	著重	15264	zhuzhong	著	zhu	zhuo
chadei	查得	15263	chade	得	de	dei
daiying	大营	15259	daying	大	da	dai
modai	万代	15250	wandai	万	wan	mo
xiangdaren	降大任	15249	jiangdaren	降	jiang	xiang
ladaoshichu	落到实处	15248	luodaoshichu	落	luo	la
changzhouwen	长皱纹	15246	zhangzhouwen	长	zhang	chang
mude	目地	15243	mudi	地	di	de
shangji	赏给	15239	shanggei	给	gei	ji
dainanzizhuyi	大男子主义	15236	dananzizhuyi	大	da	dai
jianchang	渐长	15234	jianzhang	长	zhang	chang
ruzhao	入朝	15231	ruchao	朝	chao	zhao
qishe	七折	15227	qizhe	折	zhe	she
xiandu	仙都	15223	xiandou	都	dou	du
zhuanxialai	传下来	15220	chuanxialai	传	chuan	zhuan
youkuaiyou	又会有	15214	youhuiyou	会	hui	kuai
seru	塞入	15213	sairu	塞	sai	se
zhidezunchong	值得尊重	15209	zhidezunzhong	重	zhong	chong
chongxue	重学	15203	zhongxue	重	zhong	chong
moshe	没设	15200	meishe	没	mei	mo
xiaoliaoxiao	笑了笑	15200	xiaolexiao	了	le	liao
zimu	子模	15200	zimo	模	mo	mu
xianguan	见惯	15199	jianguan	见	jian	xian
lixie	沥血	15199	lixue	血	xue	xie
baohude	保护地	15196	baohudi	地	di	de
zhuanzong	传宗	15196	chuanzong	传	chuan	zhuan
mobao	万宝	15195	wanbao	万	wan	mo
xianchang	线长	15194	xianzhang	长	zhang	chang
shihang	始行	15193	shixing	行	xing	hang
qiazhao	掐着	15190	qiazhe	着	zhe	zhao
qiazhuo	掐着	15190	qiazhe	着	zhe	zhuo
sebasidian	塞巴斯蒂安	15188	saibasidian	塞	sai	se
daiyingdiguo	大英帝国	15187	dayingdiguo	大	da	dai
zaodeihen	早得很	15187	zaodehen	得	de	dei
daici	大慈	15186	daci	大	da	dai
xiande	闲地	15179	xiandi	地	di	de
moliang	万两	15178	wanliang	万	wan	mo
tandei	贪得	15175	tande	得	de	dei
shuanzhao	拴着	15168	shuanzhe	着	zhe	zhao
shuanzhuo	拴着	15168	shuanzhe	着	zhe	zhuo
xianchengxiao	见成效	15165	jianchengxiao	见	jian	xian
mianchang	绵长	15141	mianzhang	长	zhang	chang
aoweikuai	奥委会	15139	aoweihui	会	hui	kuai
huangou	还够	15137	haigou	还	hai	huan
yuanji	院系	15134	yuanxi	系	xi	ji
lidaiwuqiong	力大无穷	15126	lidawuqiong	大	da	dai
modu	没毒	15126	meidu	没	mei	mo
yingxinwankuai	迎新晚会	15123	yingxinwanhui	会	hui	kuai
daichuan	大川	15117	dachuan	大	da	dai
liangmowuqian	两万五千	15115	liangwanwuqian	万	wan	mo
wade	挖地	15114	wadi	地	di	de
changxiong	长胸	15111	zhangxiong	长	zhang	chang
moquan	没权	15111	meiquan	没	mei	mo
moshao	没烧	15111	meishao	没	mei	mo
bubo	不薄	15108	bubao	薄	bao	bo
xinsi	寻死	15108	xunsi	寻	xun	xin
jiaoyuji	教育系	15106	jiaoyuxi	系	xi	ji
dailing	大岭	15100	daling	大	da	dai
huanwang	还望	15095	haiwang	还	hai	huan
maozhua	猫爪	15095	maozhao	爪	zhao	zhua
chengdeizhu	撑得住	15093	chengdezhu	得	de	dei
yuankuai	院会	15092	yuanhui	会	hui	kuai
xinren	寻人	15086	xunren	寻	xun	xin
huannanxianzhenqing	患难见真情	15083	huannanjianzhenqing	见	jian	xian
qunla	群落	15083	qunluo	落	luo	la
rendachangweikuai	人大常委会	15083	rendachangweihui	会	hui	kuai
caikuaiying	才会赢	15081	caihuiying	会	hui	kuai
luseer	鲁塞尔	15081	lusaier	塞	sai	se
huoniliao	活腻了	15080	huonile	了	le	liao
chongran	重燃	15066	zhongran	重	zhong	chong
dailuo	大罗	15066	daluo	大	da	dai
nahang	哪行	15064	naxing	行	xing	hang
daizhen	大震	15055	dazhen	大	da	dai
chideiwan	吃得完	15051	chidewan	得	de	dei
zhaochuang	着床	15046	zhechuang	着	zhe	zhao
zhuochuang	着床	15046	zhechuang	着	zhe	zhuo
jiushe	九折	15044	jiuzhe	折	zhe	she
yanma	艳抹	15044	yanmo	抹	mo	ma
sanmoduo	三万多	15043	sanwanduo	万	wan	mo
shanguangtan	闪光弹	15043	shanguangdan	弹	dan	tan
nenglichai	能力差	15041	nenglicha	差	cha	chai
yela	叶落	15041	yeluo	落	luo	la
motai	万台	15040	wantai	万	wan	mo
mofayong	没法用	15037	meifayong	没	mei	mo
changming	长明	15034	zhangming	长	zhang	chang
fenchang	分长	15034	fenzhang	长	zhang	chang
haojijuan	好几圈	15033	haojiquan	圈	quan	juan
kenzhao	啃着	15033	kenzhe	着	zhe	zhao
kenzhuo	啃着	15033	kenzhe	着	zhe	zhuo
shuila	水落	15033	shuiluo	落	luo	la
xudu	许都	15032	xudou	都	dou	du
kezhenkuai	可真会	15021	kezhenhui	会	hui	kuai
keqiao	壳壳	15017	keke	壳	ke	qiao
qiaoke	壳壳	15017	keke	壳	ke	qiao
qiaoqiao	壳壳	15017	keke	壳	ke	qiao
zhaowai	朝外	15016	chaowai	朝	chao	zhao
zhaobei	朝北	15014	chaobei	朝	chao	zhao
changzhaoge	唱着歌	15013	changzhege	着	zhe	zhao
changzhuoge	唱着歌	15013	changzhege	着	zhe	zhuo
tanqiu	弹球	15008	danqiu	弹	dan	tan
xinxinmimi	寻寻觅觅	15004	xunxunmimi	寻	xun	xin
xinxunmimi	寻寻觅觅	15004	xunxunmimi	寻	xun	xin
xunxinmimi	寻寻觅觅	15004	xunxunmimi	寻	xun	xin
yumo	余万	15004	yuwan	万	wan	mo
xiaogu	削骨	15003	xuegu	削	xue	xiao
daiyouyuan	大又圆	15001	dayouyuan	大	da	dai
xindao	寻到	14997	xundao	寻	xun	xin
mama	抹抹	14994	momo	抹	mo	ma
mamo	抹抹	14994	momo	抹	mo	ma
moma	抹抹	14994	momo	抹	mo	ma
zaoxie	造血	14993	zaoxue	血	xue	xie
chuwu	除恶	14992	chue	恶	e	wu
lvchang	旅长	14992	lvzhang	长	zhang	chang
zhuanfaji	转发给	14992	zhuanfagei	给	gei	ji
liangkuai	两会	14990	lianghui	会	hui	kuai
zaixiang	再降	14990	zaijiang	降	jiang	xiang
deipiaolv	得票率	14987	depiaolv	得	de	dei
deipiaoshuai	得票率	14987	depiaolv	得	de	dei
depiaoshuai	得票率	14987	depiaolv	率	lv	shuai
daiqiao	带壳	14986	daike	壳	ke	qiao
paishede	拍摄地	14983	paishedi	地	di	de
kailiaohua	开了花	14981	kailehua	了	le	liao
jimoren	几万人	14976	jiwanren	万	wan	mo
tuodei	拖得	14975	tuode	得	de	dei
shouliaoshang	受了伤	14974	shouleshang	了	le	liao
mopingfanggongli	万平方公里	14970	wanpingfanggongli	万	wan	mo
chenbushang	称不上	14966	chengbushang	称	cheng	chen
pianting	便停	14961	bianting	便	bian	pian
daidupo	大肚婆	14952	dadupo	大	da	dai
lvechang	略长	14942	lvezhang	长	zhang	chang
motian	没填	14940	meitian	没	mei	mo
layu	落于	14936	luoyu	落	luo	la
banji	颁给	14927	bangei	给	gei	ji
neitiao	内调	14927	neidiao	调	diao	tiao
jirenyi	给人以	14925	geirenyi	给	gei	ji
duomu	多模	14922	duomo	模	mo	mu
sichong	四重	14921	sizhong	重	zhong	chong
taolunkuai	讨论会	14920	taolunhui	会	hui	kuai
langdeixuming	浪得虚名	14919	langdexuming	得	de	dei
maoxiewang	毛血旺	14919	maoxuewang	血	xue	xie
pianjiang	便将	14907	bianjiang	便	bian	pian
lashi	落石	14903	luoshi	落	luo	la
pidai	屁大	14903	pida	大	da	dai
langlailiao	狼来了	14892	langlaile	了	le	liao
daishanshenchu	大山深处	14890	dashanshenchu	大	da	dai
qiqiluola	起起落落	14889	qiqiluoluo	落	luo	la
daikebubi	大可不必	14887	dakebubi	大	da	dai
juanqi	圈起	14882	quanqi	圈	quan	juan
changshi	长史	14869	zhangshi	长	zhang	chang
xiangjiangwen	降降温	14856	jiangjiangwen	降	jiang	xiang
lihunshuai	离婚率	14856	lihunlv	率	lv	shuai
changban	长斑	14852	zhangban	长	zhang	chang
kaozhao	考着	14847	kaozhe	着	zhe	zhao
kaozhuo	考着	14847	kaozhe	着	zhe	zhuo
yaozhaoya	咬着牙	14847	yaozheya	着	zhe	zhao
yaozhuoya	咬着牙	14847	yaozheya	着	zhe	zhuo
kuaixiang	快降	14845	kuaijiang	降	jiang	xiang
tankong	弹孔	14843	dankong	弹	dan	tan
erhang	二行	14842	erxing	行	xing	hang
yimowuqian	一万五千	14839	yiwanwuqian	万	wan	mo
suhuashuodeihao	俗话说得好	14835	suhuashuodehao	得	de	dei
wujuechang	五角场	14835	wujiaochang	角	jiao	jue
xiangpin	降频	14826	jiangpin	降	jiang	xiang
yijiukuai	依旧会	14826	yijiuhui	会	hui	kuai
daiwu	大巫	14825	dawu	大	da	dai
xiudi	宿敌	14807	sudi	宿	su	xiu
lianhuankuai	联欢会	14804	lianhuanhui	会	hui	kuai
baishe	百折	14803	baizhe	折	zhe	she
yingse	硬塞	14803	yingsai	塞	sai	se
bieheliao	别喝了	14801	biehele	了	le	liao
kuchang	裤长	14801	kuzhang	长	zhang	chang
hangbu	行部	14795	xingbu	行	xing	hang
zhaoshou	著手	14789	zhushou	著	zhu	zhao
zheshou	著手	14789	zhushou	著	zhu	zhe
zhuoshou	著手	14789	zhushou	著	zhu	zhuo
qiaoli	壳里	14787	keli	壳	ke	qiao
sibinse	斯宾塞	14785	sibinsai	塞	sai	se
xiangsu	降速	14784	jiangsu	降	jiang	xiang
fufudeizheng	负负得正	14783	fufudezheng	得	de	dei
daiyi	大艺	14779	dayi	大	da	dai
daidian	大店	14778	dadian	大	da	dai
bandei	搬得	14775	bande	得	de	dei
caideidao	猜得到	14775	caidedao	得	de	dei
chenxiang	沉降	14775	chenjiang	降	jiang	xiang
daifangyicai	大放异彩	14774	dafangyicai	大	da	dai
zhuandei	转得	14773	zhuande	得	de	dei
deimian	得免	14772	demian	得	de	dei
liaoyuan	了愿	14756	leyuan	了	le	liao
moba	万把	14756	wanba	万	wan	mo
bayue	芭乐	14754	bale	乐	le	yue
zhenzhao	枕着	14751	zhenzhe	着	zhe	zhao
zhenzhuo	枕着	14751	zhenzhe	着	zhe	zhuo
mojie	没借	14747	meijie	没	mei	mo
weila	未落	14745	weiluo	落	luo	la
gangjuan	钢圈	14744	gangquan	圈	quan	juan
yanzhao	沿著	14738	yanzhu	著	zhu	zhao
yanzhe	沿著	14738	yanzhu	著	zhu	zhe
yanzhuo	沿著	14738	yanzhu	著	zhu	zhuo
chongchongde	重重地	14737	chongchongdi	地	di	de
diaodei	调得	14736	diaode	得	de	dei
tiaode	调得	14736	diaode	调	diao	tiao
tiaodei	调得	14736	diaode	调	diao	tiao
moqian	没牵	14730	meiqian	没	mei	mo
baishezhuan	白蛇传	14716	baishechuan	传	chuan	zhuan
ladei	辣得	14713	lade	得	de	dei
changbie	长别	14712	zhangbie	长	zhang	chang
daiguan	大罐	14712	daguan	大	da	dai
toupiaoshuai	投票率	14703	toupiaolv	率	lv	shuai
yibubianyingmobian	以不变应万变	14702	yibubianyingwanbian	万	wan	mo
shidei	拾得	14697	shide	得	de	dei
botu	薄涂	14694	baotu	薄	bao	bo
changxue	长靴	14694	zhangxue	长	zhang	chang
dengzhaoqiao	等着瞧	14694	dengzheqiao	着	zhe	zhao
dengzhuoqiao	等着瞧	14694	dengzheqiao	着	zhe	zhuo
xidei	喜得	14688	xide	得	de	dei
lianhuo	联和	14678	lianhe	和	he	huo
yidaibang	一大帮	14676	yidabang	大	da	dai
yongdeishang	用得上	14676	yongdeshang	得	de	dei
daigu	大谷	14663	dagu	大	da	dai
laxue	落雪	14660	luoxue	落	luo	la
chahai	刹海	14658	shahai	刹	sha	cha
daixi	大溪	14658	daxi	大	da	dai
moshu	没书	14658	meishu	没	mei	mo
nidayi	呢大衣	14658	nedayi	呢	ne	ni
moji	没挤	14657	meiji	没	mei	mo
lianhuadu	连话都	14656	lianhuadou	都	dou	du
randei	染得	14653	rande	得	de	dei
suxiang	速降	14651	sujiang	降	jiang	xiang
lingchang	灵长	14648	lingzhang	长	zhang	chang
shenman	深埋	14648	shenmai	埋	mai	man
bayujuan	鲅鱼圈	14646	bayuquan	圈	quan	juan
shangtan	上弹	14645	shangdan	弹	dan	tan
moxi	没吸	14639	meixi	没	mei	mo
youliaoqian	有了钱	14639	youleqian	了	le	liao
xianghui	降回	14626	jianghui	降	jiang	xiang
biliaoye	毕了业	14621	bileye	了	le	liao
mendei	闷得	14621	mende	得	de	dei
zhenchengde	真诚地	14619	zhenchengdi	地	di	de
baimudai	百慕大	14617	baimuda	大	da	dai
kuoling	适龄	14617	shiling	适	shi	kuo
kuaige	会歌	14616	huige	会	hui	kuai
daizhongxiao	大中小	14614	dazhongxiao	大	da	dai
tiaobing	调兵	14612	diaobing	调	diao	tiao
ganranshuai	感染率	14611	ganranlv	率	lv	shuai
chongwei	重为	14610	zhongwei	重	zhong	chong
dehuo	地火	14608	dihuo	地	di	de
juzhuan	据传	14596	juchuan	传	chuan	zhuan
tuofuji	托付给	14588	tuofugei	给	gei	ji
bingzhao	病着	14586	bingzhe	着	zhe	zhao
bingzhuo	病着	14586	bingzhe	着	zhe	zhuo
chenkuai	晨会	14583	chenhui	会	hui	kuai
mofazi	没法子	14583	meifazi	没	mei	mo
shihang	十行	14575	shixing	行	xing	hang
hangzhi	行知	14568	xingzhi	行	xing	hang
defeng	地缝	14566	difeng	地	di	de
daiguinv	大闺女	14564	daguinv	大	da	dai
shenchai	神差	14564	shencha	差	cha	chai
xuanjiangkuai	宣讲会	14562	xuanjianghui	会	hui	kuai
houqiao	后壳	14555	houke	壳	ke	qiao
daiao	大澳	14553	daao	大	da	dai
tiaoguolai	调过来	14545	diaoguolai	调	diao	tiao
qinqindi	亲亲的	14545	qinqinde	的	de	di
xuehang	学行	14543	xuexing	行	xing	hang
zhangguidi	掌柜的	14539	zhangguide	的	de	di
hechen	合称	14535	hecheng	称	cheng	chen
dese	德塞	14534	desai	塞	sai	se
shiyeshuai	失业率	14529	shiyelv	率	lv	shuai
jiandei	减得	14526	jiande	得	de	dei
ruxian	如见	14520	rujian	见	jian	xian
haise	海塞	14517	haisai	塞	sai	se
bopi	薄皮	14506	baopi	薄	bao	bo
zhuanzhi	传至	14506	chuanzhi	传	chuan	zhuan
dajiayue	大家乐	14506	dajiale	乐	le	yue
kuaicuoyi	会错意	14506	huicuoyi	会	hui	kuai
hongzhaolian	红着脸	14505	hongzhelian	着	zhe	zhao
hongzhuolian	红着脸	14505	hongzhelian	着	zhe	zhuo
gongchengji	工程系	14503	gongchengxi	系	xi	ji
huzhukuai	互助会	14503	huzhuhui	会	hui	kuai
daizhen	大振	14500	dazhen	大	da	dai
chenyangshi	沈阳市	14492	shenyangshi	沈	shen	chen
canxie	残血	14487	canxue	血	xue	xie
liuzhaolei	流着泪	14486	liuzhelei	着	zhe	zhao
liuzhuolei	流着泪	14486	liuzhelei	着	zhe	zhuo
changbi	长鼻	14485	zhangbi	长	zhang	chang
zichang	字长	14482	zizhang	长	zhang	chang
zenmedeile	怎么得了	14480	zenmedele	得	de	dei
zenmedeiliao	怎么得了	14480	zenmedele	得	de	dei
zenmedeliao	怎么得了	14480	zenmedele	了	le	liao
daigen	大根	14476	dagen	大	da	dai
duojuan	多圈	14476	duoquan	圈	quan	juan
daiwei	大维	14475	dawei	大	da	dai
jiuyeshuai	就业率	14475	jiuyelv	率	lv	shuai
changhen	长恨	14472	zhanghen	长	zhang	chang
wuquwei	恶趣味	14467	equwei	恶	e	wu
kuangdai	矿大	14467	kuangda	大	da	dai
molu	没路	14467	meilu	没	mei	mo
youhuailiao	又坏了	14467	youhuaile	了	le	liao
dongnanjue	东南角	14465	dongnanjiao	角	jiao	jue
shichong	释重	14463	shizhong	重	zhong	chong
baselong	巴塞隆	14455	basailong	塞	sai	se
bideisen	彼得森	14455	bidesen	得	de	dei
dianjishuai	点击率	14455	dianjilv	率	lv	shuai
semouer	塞缪尔	14451	saimouer	塞	sai	se
beiduizhao	背对着	14450	beiduizhe	着	zhe	zhao
beiduizhuo	背对着	14450	beiduizhe	着	zhe	zhuo
daiyang	大阳	14450	dayang	大	da	dai
yidaitiao	一大跳	14444	yidatiao	大	da	dai
zhuchang	主长	14444	zhuzhang	长	zhang	chang
daijie	大劫	14435	dajie	大	da	dai
zhipian	之便	14429	zhibian	便	bian	pian
huanchao	还吵	14427	haichao	还	hai	huan
dudai	独大	14423	duda	大	da	dai
zhaojin	着紧	14423	zhejin	着	zhe	zhao
zhuojin	着紧	14423	zhejin	着	zhe	zhuo
yede	野地	14422	yedi	地	di	de
detan	地坛	14416	ditan	地	di	de
yazhua	鸭爪	14407	yazhao	爪	zhao	zhua
gaidai	改大	14405	gaida	大	da	dai
hangshu	行数	14405	xingshu	行	xing	hang
huasijin	花似锦	14399	huashijin	似	shi	si
banjuan	半圈	14395	banquan	圈	quan	juan
chonggui	重归	14395	zhonggui	重	zhong	chong
guadei	刮得	14392	guade	得	de	dei
raojuan	绕圈	14391	raoquan	圈	quan	juan
cunhuoshuai	存活率	14388	cunhuolv	率	lv	shuai
daiyingtao	大樱桃	14386	dayingtao	大	da	dai
guanliaodeng	关了灯	14386	guanledeng	了	le	liao
shenchahai	什刹海	14385	shenshahai	刹	sha	cha
jiangji	奖给	14381	jianggei	给	gei	ji
paiji	排给	14380	paigei	给	gei	ji
kedaikexiao	可大可小	14378	kedakexiao	大	da	dai
juanneiren	圈内人	14376	quanneiren	圈	quan	juan
rengaomadai	人高马大	14374	rengaomada	大	da	dai
malei	抹泪	14363	molei	抹	mo	ma
daihu	大虎	14360	dahu	大	da	dai
tianchadebie	天差地别	14356	tianchadibie	地	di	de
tianchaidebie	天差地别	14356	tianchadibie	差	cha	chai
tianchaidibie	天差地别	14356	tianchadibie	差	cha	chai
daihuang	大荒	14353	dahuang	大	da	dai
yayunkuai	亚运会	14353	yayunhui	会	hui	kuai
mie	密哦	14345	mio	哦	o	e
yunxie	晕血	14345	yunxue	血	xue	xie
zhuanwei	传为	14342	chuanwei	传	chuan	zhuan
shiyimo	十一万	14336	shiyiwan	万	wan	mo
zhaodong	朝东	14333	chaodong	朝	chao	zhao
tanjia	弹夹	14332	danjia	弹	dan	tan
quemoneng	却没能	14331	quemeineng	没	mei	mo
kejuankedian	可圈可点	14330	kequankedian	圈	quan	juan
zhengduizhao	正对着	14319	zhengduizhe	着	zhe	zhao
zhengduizhuo	正对着	14319	zhengduizhe	着	zhe	zhuo
jiaoaode	骄傲地	14314	jiaoaodi	地	di	de
chongxing	重刑	14311	zhongxing	重	zhong	chong
mogongfu	没工夫	14311	meigongfu	没	mei	mo
jihang	几行	14310	jixing	行	xing	hang
shuoliaobantian	说了半天	14303	shuolebantian	了	le	liao
xiaodeiren	消得人	14291	xiaoderen	得	de	dei
diaoji	调给	14289	diaogei	给	gei	ji
tiaogei	调给	14289	diaogei	调	diao	tiao
tiaoji	调给	14289	diaogei	调	diao	tiao
laseer	拉塞尔	14289	lasaier	塞	sai	se
changweiba	长尾巴	14284	zhangweiba	长	zhang	chang
buchangbuduan	不长不短	14282	buzhangbuduan	长	zhang	chang
monian	没念	14282	meinian	没	mei	mo
shengde	省地	14273	shengdi	地	di	de
zhuanshanglai	传上来	14261	chuanshanglai	传	chuan	zhuan
nazenmehang	那怎么行	14260	nazenmexing	行	xing	hang
hangtianxia	行天下	14259	xingtianxia	行	xing	hang
shude	蜀地	14259	shudi	地	di	de
shouqianzhao	手牵着	14257	shouqianzhe	着	zhe	zhao
shouqianzhuo	手牵着	14257	shouqianzhe	着	zhe	zhuo
shedei	设得	14256	shede	得	de	dei
zuilise	嘴里塞	14252	zuilisai	塞	sai	se
zhengfadai	政法大	14243	zhengfada	大	da	dai
huanguodequ	还过得去	14239	haiguodequ	还	hai	huan
tifang	堤防	14238	difang	堤	di	ti
biandeifuza	变得复杂	14237	biandefuza	得	de	dei
dadadi	大大的	14234	dadade	的	de	di
yiliangmo	一两万	14229	yiliangwan	万	wan	mo
geyue	歌乐	14224	gele	乐	le	yue
bingdei	并得	14216	bingde	得	de	dei
daiji	大记	14212	daji	大	da	dai
jianfuzhao	肩负着	14210	jianfuzhe	着	zhe	zhao
jianfuzhuo	肩负着	14210	jianfuzhe	着	zhe	zhuo
tankai	弹开	14208	dankai	弹	dan	tan
seke	塞克	14208	saike	塞	sai	se
dunde	遁地	14203	dundi	地	di	de
shenshoubuxian	伸手不见	14203	shenshoubujian	见	jian	xian
daiguan	大管	14202	daguan	大	da	dai
daibuxiangtong	大不相同	14193	dabuxiangtong	大	da	dai
zhaoxi	朝西	14188	chaoxi	朝	chao	zhao
zhuanchuqu	传出去	14187	chuanchuqu	传	chuan	zhuan
jihang	急行	14186	jixing	行	xing	hang
moqiu	没球	14182	meiqiu	没	mei	mo
daibao	大堡	14171	dabao	大	da	dai
dezai	地栽	14169	dizai	地	di	de
renshouzhao	忍受着	14168	renshouzhe	着	zhe	zhao
renshouzhuo	忍受着	14168	renshouzhe	着	zhe	zhuo
yuchen	誉称	14165	yucheng	称	cheng	chen
xiangyao	降妖	14164	jiangyao	降	jiang	xiang
pengdei	捧得	14164	pengde	得	de	dei
yuanqidaishang	元气大伤	14161	yuanqidashang	大	da	dai
qingtan	轻弹	14153	qingdan	弹	dan	tan
moshen	没神	14151	meishen	没	mei	mo
zhechen	者称	14150	zhecheng	称	cheng	chen
chendeizhu	沉得住	14143	chendezhu	得	de	dei
xiaowujiandai	小巫见大	14143	xiaowujianda	大	da	dai
xiaowuxianda	小巫见大	14143	xiaowujianda	见	jian	xian
xiaowuxiandai	小巫见大	14143	xiaowujianda	见	jian	xian
daidi	大弟	14141	dadi	大	da	dai
yibaiduomo	一百多万	14141	yibaiduowan	万	wan	mo
nenmu	嫩模	14138	nenmo	模	mo	mu
huideiqu	回得去	14134	huidequ	得	de	dei
huojiantan	火箭弹	14128	huojiandan	弹	dan	tan
lahui	落灰	14128	luohui	落	luo	la
dudei	独得	14125	dude	得	de	dei
bianchen	辩称	14120	biancheng	称	cheng	chen
jianliaoge	捡了个	14119	jianlege	了	le	liao
manqi	埋起	14118	maiqi	埋	mai	man
jiaocha	脚刹	14106	jiaosha	刹	sha	cha
lingbi	另辟	14105	lingpi	辟	pi	bi
kuaizhong	会种	14103	huizhong	会	hui	kuai
tanchuang	弹窗	14100	danchuang	弹	dan	tan
changchuan	长串	14099	zhangchuan	长	zhang	chang
daihao	大豪	14099	dahao	大	da	dai
deiji	得计	14098	deji	得	de	dei
shaliaoren	杀了人	14098	shaleren	了	le	liao
sezhu	塞住	14093	saizhu	塞	sai	se
mayou	抹油	14091	moyou	抹	mo	ma
daiwu	大屋	14088	dawu	大	da	dai
chideile	吃得了	14083	chidele	得	de	dei
chideiliao	吃得了	14083	chidele	得	de	dei
chideliao	吃得了	14083	chidele	了	le	liao
daitaosha	大逃杀	14083	dataosha	大	da	dai
shidei	试得	14083	shide	得	de	dei
chenzuo	称做	14082	chengzuo	称	cheng	chen
daidunan	大肚腩	14080	dadunan	大	da	dai
tiaoru	调入	14073	diaoru	调	diao	tiao
beifuzhao	背负着	14072	beifuzhe	着	zhe	zhao
beifuzhuo	背负着	14072	beifuzhe	着	zhe	zhuo
tiede	贴地	14069	tiedi	地	di	de
youxiande	悠闲地	14067	youxiandi	地	di	de
daifandian	大饭店	14065	dafandian	大	da	dai
zhuzhao	拄着	14054	zhuzhe	着	zhe	zhao
zhuzhuo	拄着	14054	zhuzhe	着	zhe	zhuo
daijuhui	大聚会	14049	dajuhui	大	da	dai
midei	觅得	14046	mide	得	de	dei
huashuai	化率	14045	hualv	率	lv	shuai
mintiao	民调	14040	mindiao	调	diao	tiao
changhei	长黑	14036	zhanghei	长	zhang	chang
huakuai	画会	14036	huahui	会	hui	kuai
moqin	没亲	14036	meiqin	没	mei	mo
daishao	大勺	14032	dashao	大	da	dai
tiaozou	调走	14030	diaozou	调	diao	tiao
kechen	可称	14014	kecheng	称	cheng	chen
kanhualiao	看花了	14013	kanhuale	了	le	liao
tidei	提得	14009	tide	得	de	dei
daichun	大春	14007	dachun	大	da	dai
bianchong	变重	14005	bianzhong	重	zhong	chong
daiduo	大朵	14002	daduo	大	da	dai
jujide	聚集地	14001	jujidi	地	di	de
yuesi	乐死	14001	lesi	乐	le	yue
chendeizhuqi	沉得住气	13997	chendezhuqi	得	de	dei
shandai	汕大	13993	shanda	大	da	dai
fengjuan	风圈	13989	fengquan	圈	quan	juan
fuzhao	敷着	13989	fuzhe	着	zhe	zhao
fuzhuo	敷着	13989	fuzhe	着	zhe	zhuo
huchihaise	胡吃海塞	13989	huchihaisai	塞	sai	se
xianjianmian	见见面	13989	jianjianmian	见	jian	xian
moce	没测	13989	meice	没	mei	mo
xiangdubiexiang	想都别想	13989	xiangdoubiexiang	都	dou	du
liushe	六折	13976	liuzhe	折	zhe	she
dainaotiangong	大闹天宫	13975	danaotiangong	大	da	dai
beikuai	背会	13965	beihui	会	hui	kuai
moliang	没量	13965	meiliang	没	mei	mo
changzhen	长针	13957	zhangzhen	长	zhang	chang
jiangdei	降得	13954	jiangde	得	de	dei
xiangde	降得	13954	jiangde	降	jiang	xiang
xiangdei	降得	13954	jiangde	降	jiang	xiang
zhidei	直得	13951	zhide	得	de	dei
modengwo	没等我	13942	meidengwo	没	mei	mo
moguang	没光	13941	meiguang	没	mei	mo
chailv	差旅	13938	chalv	差	cha	chai
kandaitu	看大图	13934	kandatu	大	da	dai
xianglaidushi	向来都是	13934	xianglaidoushi	都	dou	du
manqilai	埋起来	13926	maiqilai	埋	mai	man
tiaoban	调班	13923	diaoban	调	diao	tiao
dingdeizhu	顶得住	13920	dingdezhu	得	de	dei
zoudeikuai	走得快	13920	zoudekuai	得	de	dei
cankuai	参会	13919	canhui	会	hui	kuai
shenhui	参会	13919	canhui	参	can	shen
shenkuai	参会	13919	canhui	参	can	shen
daijingang	大金刚	13918	dajingang	大	da	dai
techong	特重	13917	tezhong	重	zhong	chong
zikuo	自适	13914	zishi	适	shi	kuo
haodikaishi	好的开始	13911	haodekaishi	的	de	di
linjue	麟角	13905	linjiao	角	jiao	jue
zongcanmouchang	总参谋长	13904	zongcanmouzhang	长	zhang	chang
daizhaimen	大宅门	13895	dazhaimen	大	da	dai
tanyu	弹雨	13894	danyu	弹	dan	tan
daiboluo	大菠萝	13891	daboluo	大	da	dai
yandai	烟大	13890	yanda	大	da	dai
genchang	根长	13889	genzhang	长	zhang	chang
wenduchai	温度差	13889	wenducha	差	cha	chai
kuaikuo	快适	13888	kuaishi	适	shi	kuo
guchen	古称	13886	gucheng	称	cheng	chen
moduoyuan	没多远	13882	meiduoyuan	没	mei	mo
shoudeizhu	受得住	13882	shoudezhu	得	de	dei
shuaibing	率兵	13881	lvbing	率	lv	shuai
kandeiren	看得人	13880	kanderen	得	de	dei
xiazhuan	下传	13879	xiachuan	传	chuan	zhuan
lude	露地	13869	ludi	地	di	de
jiatiao	加调	13867	jiadiao	调	diao	tiao
zhuanxiaqu	传下去	13861	chuanxiaqu	传	chuan	zhuan
dahangqidao	大行其道	13851	daxingqidao	行	xing	hang
daihangqidao	大行其道	13851	daxingqidao	大	da	dai
daixingqidao	大行其道	13851	daxingqidao	大	da	dai
manjin	埋进	13848	maijin	埋	mai	man
huansongkuai	欢送会	13842	huansonghui	会	hui	kuai
xiejue	斜角	13841	xiejiao	角	jiao	jue
xiankuai	先会	13839	xianhui	会	hui	kuai
chuandei	传得	13837	chuande	得	de	dei
zhuande	传得	13837	chuande	传	chuan	zhuan
zhuandei	传得	13837	chuande	传	chuan	zhuan
xiangxian	详见	13837	xiangjian	见	jian	xian
dehua	地滑	13831	dihua	地	di	de
chaisheng	差生	13827	chasheng	差	cha	chai
jiande	建地	13820	jiandi	地	di	de
touliaoxin	透了心	13816	toulexin	了	le	liao
daisha	大鲨	13810	dasha	大	da	dai
jiaxie	加血	13800	jiaxue	血	xue	xie
taodei	逃得	13800	taode	得	de	dei
sanzhao	三朝	13792	sanchao	朝	chao	zhao
kangdai	抗大	13791	kangda	大	da	dai
xiantiao	先调	13779	xiandiao	调	diao	tiao
yuankuai	缘会	13779	yuanhui	会	hui	kuai
tongchang	同长	13767	tongzhang	长	zhang	chang
changbei	长臂	13765	zhangbi	长	zhang	chang
changbi	长臂	13765	zhangbi	长	zhang	chang
zhangbei	长臂	13765	zhangbi	臂	bi	bei
tishang	堤上	13764	dishang	堤	di	ti
haizhao	还着	13763	haizhe	着	zhe	zhao
haizhuo	还着	13763	haizhe	着	zhe	zhuo
huanzhao	还着	13763	haizhe	还	hai	huan
huanzhe	还着	13763	haizhe	还	hai	huan
huanzhuo	还着	13763	haizhe	还	hai	huan
xiaobei	小臂	13763	xiaobi	臂	bi	bei
zhuane	传讹	13759	chuane	传	chuan	zhuan
deikesasizhou	得克萨斯州	13755	dekesasizhou	得	de	dei
liji	力系	13753	lixi	系	xi	ji
zaotouliao	糟透了	13751	zaotoule	了	le	liao
weichai	位差	13749	weicha	差	cha	chai
weijiao	未觉	13749	weijue	觉	jue	jiao
maping	抹平	13744	moping	抹	mo	ma
deishi	得势	13743	deshi	得	de	dei
zhuankan	传看	13738	chuankan	传	chuan	zhuan
zhengliaoqian	挣了钱	13738	zhengleqian	了	le	liao
mojin	万斤	13729	wanjin	万	wan	mo
jiazhaoweiba	夹着尾巴	13728	jiazheweiba	着	zhe	zhao
jiazhuoweiba	夹着尾巴	13728	jiazheweiba	着	zhe	zhuo
piaozhao	漂着	13728	piaozhe	着	zhe	zhao
piaozhuo	漂着	13728	piaozhe	着	zhe	zhuo
guiqiao	龟壳	13727	guike	壳	ke	qiao
weijuan	围圈	13722	weiquan	圈	quan	juan
daitao	大套	13699	datao	大	da	dai
nanduhendai	难度很大	13696	nanduhenda	大	da	dai
daxiaopian	大小便	13694	daxiaobian	便	bian	pian
daipian	大篇	13690	dapian	大	da	dai
qianzhaobizi	牵着鼻子	13690	qianzhebizi	着	zhe	zhao
qianzhuobizi	牵着鼻子	13690	qianzhebizi	着	zhe	zhuo
zengzhangshuai	增长率	13690	zengzhanglv	率	lv	shuai
liaoan	了案	13687	lean	了	le	liao
chaiyi	差矣	13685	chayi	差	cha	chai
chutiao	出调	13684	chudiao	调	diao	tiao
sheilaiguan	谁来管	13682	shuilaiguan	谁	shui	shei
duidei	堆得	13678	duide	得	de	dei
xixidi	细细的	13676	xixide	的	de	di
xuhang	续行	13676	xuxing	行	xing	hang
bobei	薄被	13674	baobei	薄	bao	bo
danghuozhengfu	党和政府	13672	danghezhengfu	和	he	huo
quanguorendachangweikuai	全国人大常委会	13671	quanguorendachangweihui	会	hui	kuai
changzhuo	长桌	13668	zhangzhuo	长	zhang	chang
cheji	车系	13668	chexi	系	xi	ji
daikuai	带会	13665	daihui	会	hui	kuai
zhuandian	传电	13662	chuandian	传	chuan	zhuan
sheiliao	谁料	13660	shuiliao	谁	shui	shei
guangjuejing	广角镜	13658	guangjiaojing	角	jiao	jue
haidubu	还都不	13658	haidoubu	都	dou	du
huandoubu	还都不	13658	haidoubu	还	hai	huan
huandubu	还都不	13658	haidoubu	还	hai	huan
huangenzhe	还跟着	13658	haigenzhe	还	hai	huan
kaoshie	考试哦	13658	kaoshio	哦	o	e
moci	没词	13658	meici	没	mei	mo
meilianmopi	没脸没皮	13658	meilianmeipi	没	mei	mo
nongdeihao	弄得好	13658	nongdehao	得	de	dei
caidei	踩得	13651	caide	得	de	dei
gezhao	搁着	13650	gezhe	着	zhe	zhao
gezhuo	搁着	13650	gezhe	着	zhe	zhuo
jiaojie	觉解	13650	juejie	觉	jue	jiao
pengdei	碰得	13650	pengde	得	de	dei
jueqian	角钱	13644	jiaoqian	角	jiao	jue
zuidaizhi	最大值	13637	zuidazhi	大	da	dai
tanmianhua	弹棉花	13630	danmianhua	弹	dan	tan
haide	咳得	13630	kede	咳	ke	hai
haidei	咳得	13630	kede	咳	ke	hai
kedei	咳得	13630	kede	得	de	dei
meizhiliao	没治了	13630	meizhile	了	le	liao
mozhile	没治了	13630	meizhile	没	mei	mo
mozhiliao	没治了	13630	meizhile	没	mei	mo
xiazhaoxue	下着雪	13630	xiazhexue	着	zhe	zhao
xiazhuoxue	下着雪	13630	xiazhexue	着	zhe	zhuo
zhuisuizhao	追随着	13630	zhuisuizhe	着	zhe	zhao
zhuisuizhuo	追随着	13630	zhuisuizhe	着	zhe	zhuo
guoqiao	果壳	13629	guoke	壳	ke	qiao
wuqiongdi	无穷的	13626	wuqiongde	的	de	di
minhang	民行	13624	minxing	行	xing	hang
kuaiqing	会庆	13619	huiqing	会	hui	kuai
wulunshei	无论谁	13605	wulunshui	谁	shui	shei
lamei	落梅	13604	luomei	落	luo	la
zuibo	最薄	13604	zuibao	薄	bao	bo
dewang	地网	13602	diwang	地	di	de
lvlvdi	绿绿的	13600	lvlvde	的	de	di
bobu	卜卜	13598	bobo	卜	bo	bu
bubo	卜卜	13598	bobo	卜	bo	bu
bubu	卜卜	13598	bobo	卜	bo	bu
zhaoxianbandao	朝鲜半岛	13595	chaoxianbandao	朝	chao	zhao
daidupi	大肚皮	13581	dadupi	大	da	dai
beidaiqinghua	北大清华	13575	beidaqinghua	大	da	dai
changzui	长嘴	13572	zhangzui	长	zhang	chang
yimozhong	一万种	13571	yiwanzhong	万	wan	mo
daiyu	大渔	13558	dayu	大	da	dai
guanliji	管理系	13557	guanlixi	系	xi	ji
poqiao	破壳	13556	poke	壳	ke	qiao
chuliaomen	出了门	13546	chulemen	了	le	liao
jidianqian	给点钱	13546	geidianqian	给	gei	ji
motao	没讨	13546	meitao	没	mei	mo
wuqingde	无情地	13544	wuqingdi	地	di	de
yimoliuqian	一万六千	13536	yiwanliuqian	万	wan	mo
shudei	熟得	13532	shude	得	de	dei
moling	万零	13531	wanling	万	wan	mo
daiyunhui	大运会	13523	dayunhui	大	da	dai
daiyunkuai	大运会	13523	dayunhui	大	da	dai
dayunkuai	大运会	13523	dayunhui	会	hui	kuai
duhuiqing	都悔青	13518	douhuiqing	都	dou	du
kanxie	看血	13518	kanxue	血	xue	xie
sekesi	塞克斯	13513	saikesi	塞	sai	se
shiwu	十恶	13511	shie	恶	e	wu
zhitan	指弹	13511	zhidan	弹	dan	tan
zhaoxianzhanzheng	朝鲜战争	13510	chaoxianzhanzheng	朝	chao	zhao
huanzhiqirenzhishen	还治其人之身	13509	haizhiqirenzhishen	还	hai	huan
xiemantou	血馒头	13509	xuemantou	血	xue	xie
tangdei	烫得	13508	tangde	得	de	dei
kuofeng	适逢	13507	shifeng	适	shi	kuo
deiminxin	得民心	13505	deminxin	得	de	dei
liangdaizeng	量大增	13498	liangdazeng	大	da	dai
minhangqu	闵行区	13497	minxingqu	行	xing	hang
jiaman	加埋	13495	jiamai	埋	mai	man
hangxiazhangyi	行侠仗义	13494	xingxiazhangyi	行	xing	hang
cedei	测得	13490	cede	得	de	dei
hangzhao	行照	13490	xingzhao	行	xing	hang
xiangmo	降魔	13490	jiangmo	降	jiang	xiang
duoma	多抹	13489	duomo	抹	mo	ma
liaodai	辽大	13489	liaoda	大	da	dai
lixinhuan	李寻欢	13489	lixunhuan	寻	xun	xin
mayao	抹药	13489	moyao	抹	mo	ma
haitiao	还调	13488	haidiao	调	diao	tiao
huandiao	还调	13488	haidiao	还	hai	huan
huantiao	还调	13488	haidiao	还	hai	huan
shihang	市行	13488	shixing	行	xing	hang
chongjian	重剑	13480	zhongjian	重	zhong	chong
yujiaoyuyue	寓教于乐	13477	yujiaoyule	乐	le	yue
ershiwumo	二十五万	13475	ershiwuwan	万	wan	mo
ershidai	二十大	13472	ershida	大	da	dai
junyidai	军医大	13469	junyida	大	da	dai
tingdeichu	听得出	13459	tingdechu	得	de	dei
sisidi	死死的	13453	siside	的	de	di
tandaodaodan	弹道导弹	13448	dandaodaodan	弹	dan	tan
kuohun	适婚	13447	shihun	适	shi	kuo
huanjue	换角	13446	huanjiao	角	jiao	jue
moxiang	没向	13436	meixiang	没	mei	mo
zhuanshangqu	传上去	13430	chuanshangqu	传	chuan	zhuan
tanqilai	弹起来	13430	danqilai	弹	dan	tan
shenghang	省行	13424	shengxing	行	xing	hang
yunlailiao	运来了	13423	yunlaile	了	le	liao
huohuase	火花塞	13411	huohuasai	塞	sai	se
modeizhao	摸得着	13410	modezhe	得	de	dei
modeizhe	摸得着	13410	modezhe	得	de	dei
modeizhuo	摸得着	13410	modezhe	得	de	dei
modezhao	摸得着	13410	modezhe	着	zhe	zhao
modezhuo	摸得着	13410	modezhe	着	zhe	zhuo
daibianju	大变局	13406	dabianju	大	da	dai
daibian	大边	13398	dabian	大	da	dai
shengtaiji	生态系	13398	shengtaixi	系	xi	ji
tuidei	推得	13396	tuide	得	de	dei
dandande	淡淡地	13392	dandandi	地	di	de
jizhao	藉著	13390	jizhu	著	zhu	zhao
jizhe	藉著	13390	jizhu	著	zhu	zhe
jizhuo	藉著	13390	jizhu	著	zhu	zhuo
chongshua	重刷	13384	zhongshua	重	zhong	chong
miliaolu	迷了路	13377	milelu	了	le	liao
weichai	微差	13375	weicha	差	cha	chai
woqiao	蜗壳	13370	woke	壳	ke	qiao
diaodaiyu	钓大鱼	13366	diaodayu	大	da	dai
hushanhang	虎山行	13366	hushanxing	行	xing	hang
xiepen	血盆	13366	xuepen	血	xue	xie
taidei	抬得	13362	taide	得	de	dei
daishu	大鼠	13360	dashu	大	da	dai
wuping	恶评	13358	eping	恶	e	wu
daiyeban	大夜班	13355	dayeban	大	da	dai
cujinkuai	促进会	13354	cujinhui	会	hui	kuai
liangsanmo	两三万	13352	liangsanwan	万	wan	mo
mikuai	密会	13348	mihui	会	hui	kuai
yunhanzhao	蕴含着	13346	yunhanzhe	着	zhe	zhao
yunhanzhuo	蕴含着	13346	yunhanzhe	着	zhe	zhuo
deise	得色	13343	dese	得	de	dei
zunchang	尊长	13341	zunzhang	长	zhang	chang
bideiguo	比得过	13339	bideguo	得	de	dei
chaibucha	差不差	13339	chabucha	差	cha	chai
tiliao	剔了	13339	tile	了	le	liao
benji	本系	13338	benxi	系	xi	ji
tingkuai	停会	13329	tinghui	会	hui	kuai
chongzhe	重者	13328	zhongzhe	重	zhong	chong
baogaokuai	报告会	13323	baogaohui	会	hui	kuai
liankuai	联会	13322	lianhui	会	hui	kuai
shentuan	参团	13319	cantuan	参	can	shen
lengliao	楞了	13317	lengle	了	le	liao
tongmengkuai	同盟会	13311	tongmenghui	会	hui	kuai
zhengmangzhao	正忙着	13311	zhengmangzhe	着	zhe	zhao
zhengmangzhuo	正忙着	13311	zhengmangzhe	着	zhe	zhuo
shisanmo	十三万	13310	shisanwan	万	wan	mo
chenxin	陈寻	13308	chenxun	寻	xun	xin
ciyanchaiyi	此言差矣	13308	ciyanchayi	差	cha	chai
dongbeijue	东北角	13302	dongbeijiao	角	jiao	jue
jingzhao	京朝	13297	jingchao	朝	chao	zhao
yimoyi	一万亿	13290	yiwanyi	万	wan	mo
shisimo	十四万	13285	shisiwan	万	wan	mo
deku	地库	13282	diku	地	di	de
nanguaikuai	难怪会	13282	nanguaihui	会	hui	kuai
tuiyimo	退一万	13282	tuiyiwan	万	wan	mo
shidaifuzhong	师大附中	13280	shidafuzhong	大	da	dai
bianbo	变薄	13278	bianbao	薄	bao	bo
suinipian	随你便	13277	suinibian	便	bian	pian
zhaoguan	朝官	13275	chaoguan	朝	chao	zhao
zede	泽地	13275	zedi	地	di	de
kuaidong	会东	13271	huidong	会	hui	kuai
deiyi	得宜	13268	deyi	得	de	dei
jiaojijuan	交际圈	13257	jiaojiquan	圈	quan	juan
daiyuan	大元	13255	dayuan	大	da	dai
chuanzhuan	川传	13252	chuanchuan	传	chuan	zhuan
tuxiang	突降	13246	tujiang	降	jiang	xiang
yongzhao	拥着	13246	yongzhe	着	zhe	zhao
yongzhuo	拥着	13246	yongzhe	着	zhe	zhuo
daiao	大袄	13245	daao	大	da	dai
gaoliaobantian	搞了半天	13245	gaolebantian	了	le	liao
mozhiqi	没志气	13245	meizhiqi	没	mei	mo
xuetingliao	雪停了	13245	xuetingle	了	le	liao
sesheer	塞舌尔	13241	saisheer	塞	sai	se
xiaojian	削尖	13227	xuejian	削	xue	xiao
qiansuoweixian	前所未见	13225	qiansuoweijian	见	jian	xian
jiaochangshijian	较长时间	13221	jiaozhangshijian	长	zhang	chang
shidanlibo	势单力薄	13219	shidanlibao	薄	bao	bo
deiliburao	得理不饶	13212	deliburao	得	de	dei
haideiqi	还得起	13212	haideqi	得	de	dei
huandeiqi	还得起	13212	haideqi	还	hai	huan
huandeqi	还得起	13212	haideqi	还	hai	huan
moguqi	没骨气	13212	meiguqi	没	mei	mo
fugaishuai	覆盖率	13204	fugailv	率	lv	shuai
kendei	啃得	13202	kende	得	de	dei
mofen	没份	13202	meifen	没	mei	mo
zhengde	征地	13202	zhengdi	地	di	de
hangseng	行僧	13199	xingseng	行	xing	hang
zhaolu	着录	13184	zhelu	着	zhe	zhao
zhuolu	着录	13184	zhelu	着	zhe	zhuo
baidei	摆得	13180	baide	得	de	dei
baojiaobaokuai	包教包会	13180	baojiaobaohui	会	hui	kuai
qiaoer	壳儿	13180	keer	壳	ke	qiao
daidangjia	大当家	13179	dadangjia	大	da	dai
doujuan	兜圈	13175	douquan	圈	quan	juan
leila	泪落	13171	leiluo	落	luo	la
pianchang	片长	13167	pianzhang	长	zhang	chang
changchang	场长	13166	changzhang	长	zhang	chang
daipailiang	大排量	13165	dapailiang	大	da	dai
xundei	熏得	13165	xunde	得	de	dei
wawadaiku	哇哇大哭	13161	wawadaku	大	da	dai
jiazhao	架着	13159	jiazhe	着	zhe	zhao
jiazhuo	架着	13159	jiazhe	着	zhe	zhuo
heiwu	黑恶	13149	heie	恶	e	wu
daigang	大缸	13147	dagang	大	da	dai
yingdingliao	赢定了	13147	yingdingle	了	le	liao
sebandao	塞班岛	13144	saibandao	塞	sai	se
xinanjue	西南角	13141	xinanjiao	角	jiao	jue
kuaizi	会子	13136	huizi	会	hui	kuai
juanwairen	圈外人	13134	quanwairen	圈	quan	juan
houdai	厚大	13124	houda	大	da	dai
deirong	得荣	13120	derong	得	de	dei
zhaobuzhaobei	找不着北	13119	zhaobuzhebei	着	zhe	zhao
zhaobuzhuobei	找不着北	13119	zhaobuzhebei	着	zhe	zhuo
daixide	大溪地	13114	daxidi	大	da	dai
daixidi	大溪地	13114	daxidi	大	da	dai
daxide	大溪地	13114	daxidi	地	di	de
xieren	血人	13113	xueren	血	xue	xie
zhezhuan	浙传	13113	zhechuan	传	chuan	zhuan
kaozhao	靠著	13112	kaozhu	著	zhu	zhao
kaozhe	靠著	13112	kaozhu	著	zhu	zhe
kaozhuo	靠著	13112	kaozhu	著	zhu	zhuo
jiangdeizhu	奖得主	13109	jiangdezhu	得	de	dei
xiaodiao	削掉	13108	xuediao	削	xue	xiao
dierhang	第二行	13103	dierxing	行	xing	hang
tiaoqi	调起	13092	diaoqi	调	diao	tiao
pindei	拼得	13087	pinde	得	de	dei
xiedi	血滴	13087	xuedi	血	xue	xie
cidu	瓷都	13080	cidou	都	dou	du
chongyou	重邮	13079	zhongyou	重	zhong	chong
hongliaoyan	红了眼	13079	hongleyan	了	le	liao
keji	科系	13079	kexi	系	xi	ji
mochao	没炒	13079	meichao	没	mei	mo
xiandeiwuliao	闲得无聊	13079	xiandewuliao	得	de	dei
deibiao	得标	13071	debiao	得	de	dei
xinhang	新行	13071	xinxing	行	xing	hang
juanqilai	圈起来	13069	quanqilai	圈	quan	juan
zhuanshu	传书	13068	chuanshu	传	chuan	zhuan
tanxia	弹匣	13066	danxia	弹	dan	tan
chongfang	重放	13065	zhongfang	重	zhong	chong
hangyue	行约	13065	xingyue	行	xing	hang
abudu	阿卜杜	13064	abodu	卜	bo	bu
chongshan	重山	13063	zhongshan	重	zhong	chong
zhanshikuai	展示会	13058	zhanshihui	会	hui	kuai
paodeiman	跑得慢	13056	paodeman	得	de	dei
jiadaikong	假大空	13053	jiadakong	大	da	dai
chaitan	拆弹	13052	chaidan	弹	dan	tan
daiyawan	大亚湾	13046	dayawan	大	da	dai
zhaoshu	著述	13046	zhushu	著	zhu	zhao
zheshu	著述	13046	zhushu	著	zhu	zhe
zhuoshu	著述	13046	zhushu	著	zhu	zhuo
guangdei	逛得	13045	guangde	得	de	dei
qingyichong	情意重	13045	qingyizhong	重	zhong	chong
sheyan	折颜	13045	zheyan	折	zhe	she
daisanba	大三巴	13036	dasanba	大	da	dai
xianjiaodai	西安交大	13036	xianjiaoda	大	da	dai
chenyangzhan	沈阳站	13030	shenyangzhan	沈	shen	chen
xianchu	见出	13030	jianchu	见	jian	xian
zhenchengliao	真成了	13027	zhenchengle	了	le	liao
jizhongde	集中地	13025	jizhongdi	地	di	de
chuila	吹落	13024	chuiluo	落	luo	la
daibi	大比	13019	dabi	大	da	dai
hangke	行客	13014	xingke	行	xing	hang
bengzhao	绷着	13010	bengzhe	着	zhe	zhao
bengzhuo	绷着	13010	bengzhe	着	zhe	zhuo
daiyandai	大眼袋	13010	dayandai	大	da	dai
cuchong	粗重	13006	cuzhong	重	zhong	chong
daihan	大旱	13002	dahan	大	da	dai
mode	漠地	12993	modi	地	di	de
changtongwa	长筒袜	12991	zhangtongwa	长	zhang	chang
daibianyang	大变样	12991	dabianyang	大	da	dai
chongjian	重见	12986	zhongjian	重	zhong	chong
chongxian	重见	12986	zhongjian	重	zhong	chong
zhongxian	重见	12986	zhongjian	见	jian	xian
chaixie	差些	12983	chaxie	差	cha	chai
cixiaobichang	此消彼长	12978	cixiaobizhang	长	zhang	chang
lingkuaidao	领会到	12978	linghuidao	会	hui	kuai
dayini	大衣呢	12975	dayine	呢	ne	ni
sheshe	折折	12974	zhezhe	折	zhe	she
shezhe	折折	12974	zhezhe	折	zhe	she
zheshe	折折	12974	zhezhe	折	zhe	she
xiezu	血族	12972	xuezu	血	xue	xie
nazhao	拿著	12961	nazhu	著	zhu	zhao
nazhe	拿著	12961	nazhu	著	zhu	zhe
nazhuo	拿著	12961	nazhu	著	zhu	zhuo
zhadei	乍得	12954	zhade	得	de	dei
boshu	蕃薯	12953	fanshu	蕃	fan	bo
daizhu	大珠	12953	dazhu	大	da	dai
juemei	角美	12953	jiaomei	角	jiao	jue
zhizhao	直着	12949	zhizhe	着	zhe	zhao
zhizhuo	直着	12949	zhizhe	着	zhe	zhuo
daikuaiduoyi	大快朵颐	12945	dakuaiduoyi	大	da	dai
tiaowei	调为	12945	diaowei	调	diao	tiao
chongqingyi	重情义	12944	zhongqingyi	重	zhong	chong
xiechang	血肠	12941	xuechang	血	xue	xie
huoxiaohong	和小红	12939	hexiaohong	和	he	huo
wuzhaolian	捂着脸	12939	wuzhelian	着	zhe	zhao
wuzhuolian	捂着脸	12939	wuzhelian	着	zhe	zhuo
couhuo	凑和	12938	couhe	和	he	huo
bodei	播得	12937	bode	得	de	dei
sezu	塞族	12924	saizu	塞	sai	se
changpian	长片	12920	zhangpian	长	zhang	chang
shexia	折下	12915	zhexia	折	zhe	she
daiyuan	大源	12912	dayuan	大	da	dai
tuomu	脱模	12912	tuomo	模	mo	mu
shenjiao	深觉	12908	shenjue	觉	jue	jiao
daizhu	大竹	12907	dazhu	大	da	dai
xinzu	寻租	12905	xunzu	寻	xun	xin
bokuan	薄款	12903	baokuan	薄	bao	bo
deipiaoshu	得票数	12903	depiaoshu	得	de	dei
modanghuishi	没当回事	12903	meidanghuishi	没	mei	mo
wucankuai	午餐会	12901	wucanhui	会	hui	kuai
ganjie	柑桔	12898	ganju	桔	ju	jie
tankeng	弹坑	12896	dankeng	弹	dan	tan
wuliji	物理系	12893	wulixi	系	xi	ji
kuazhao	挎着	12892	kuazhe	着	zhe	zhao
kuazhuo	挎着	12892	kuazhe	着	zhe	zhuo
fashengshuai	发生率	12888	fashenglv	率	lv	shuai
huanyingkuai	欢迎会	12888	huanyinghui	会	hui	kuai
feidai	匪大	12886	feida	大	da	dai
daichaoyijia	大吵一架	12882	dachaoyijia	大	da	dai
banzhaolian	板着脸	12879	banzhelian	着	zhe	zhao
banzhuolian	板着脸	12879	banzhelian	着	zhe	zhuo
shouchong	首重	12875	shouzhong	重	zhong	chong
jiachangban	加长版	12871	jiazhangban	长	zhang	chang
xidei	吸得	12871	xide	得	de	dei
yongbaozhao	拥抱着	12871	yongbaozhe	着	zhe	zhao
yongbaozhuo	拥抱着	12871	yongbaozhe	着	zhe	zhuo
changpi	长皮	12867	zhangpi	长	zhang	chang
dailiangshan	大凉山	12866	daliangshan	大	da	dai
diaoxie	掉血	12866	diaoxue	血	xue	xie
liangmokuai	两万块	12866	liangwankuai	万	wan	mo
xiaqiao	虾壳	12866	xiake	壳	ke	qiao
ermowuqian	二万五千	12861	erwanwuqian	万	wan	mo
daiqiang	大枪	12853	daqiang	大	da	dai
chongban	重瓣	12852	zhongban	重	zhong	chong
tanzhiyihuijian	弹指一挥间	12852	danzhiyihuijian	弹	dan	tan
meihang	每行	12849	meixing	行	xing	hang
zhujiajue	朱家角	12845	zhujiajiao	角	jiao	jue
sheqi	折起	12844	zheqi	折	zhe	she
yadu	亚都	12839	yadou	都	dou	du
zhaidei	摘得	12839	zhaide	得	de	dei
xupeiji	许配给	12833	xupeigei	给	gei	ji
moju	万句	12830	wanju	万	wan	mo
qiangzhao	呛着	12828	qiangzhe	着	zhe	zhao
qiangzhuo	呛着	12828	qiangzhe	着	zhe	zhuo
kandeiyuan	看得远	12825	kandeyuan	得	de	dei
lianxikuai	联席会	12825	lianxihui	会	hui	kuai
sidailingelei	斯大林格勒	12824	sidalingelei	大	da	dai
chengqingkuandai	盛情款待	12818	shengqingkuandai	盛	sheng	cheng
sanjiaode	三角地	12818	sanjiaodi	地	di	de
beizhao	背朝	12817	beichao	朝	chao	zhao
weidishi	为的是	12816	weideshi	的	de	di
daidiao	大雕	12810	dadiao	大	da	dai
daimang	大蟒	12810	damang	大	da	dai
liangjue	两角	12802	liangjiao	角	jiao	jue
xinxin	寻衅	12800	xunxin	寻	xun	xin
daiwan	大湾	12793	dawan	大	da	dai
sijuan	四圈	12792	siquan	圈	quan	juan
dengliangliao	灯亮了	12790	dengliangle	了	le	liao
chongji	重疾	12782	zhongji	重	zhong	chong
xianzhuang	见状	12782	jianzhuang	见	jian	xian
daiwei	大位	12777	dawei	大	da	dai
neijuan	内圈	12775	neiquan	圈	quan	juan
chongdeng	重登	12772	zhongdeng	重	zhong	chong
beihulveliao	被忽略了	12763	beihulvele	了	le	liao
mingji	名系	12760	mingxi	系	xi	ji
kuopeiqi	适配器	12758	shipeiqi	适	shi	kuo
yingde	硬地	12755	yingdi	地	di	de
ruanqiao	软壳	12752	ruanke	壳	ke	qiao
daijin	大锦	12745	dajin	大	da	dai
suochen	所称	12743	suocheng	称	cheng	chen
moji	万几	12736	wanji	万	wan	mo
chengliao	乘了	12730	chengle	了	le	liao
daidu	大赌	12726	dadu	大	da	dai
shunlijinhang	顺利进行	12725	shunlijinxing	行	xing	hang
daijiean	大劫案	12724	dajiean	大	da	dai
yizizhichai	一字之差	12723	yizizhicha	差	cha	chai
caiji	菜系	12717	caixi	系	xi	ji
bianbianjiaojue	边边角角	12715	bianbianjiaojiao	角	jiao	jue
dufu	都府	12715	doufu	都	dou	du
diaoshuai	掉率	12713	diaolv	率	lv	shuai
tuodei	脱得	12713	tuode	得	de	dei
xiaocheng	削成	12712	xuecheng	削	xue	xiao
tiaojiushi	调酒师	12710	diaojiushi	调	diao	tiao
quanbuchong	全部重	12703	quanbuzhong	重	zhong	chong
wuquan	恶犬	12691	equan	恶	e	wu
lingxin	另寻	12691	lingxun	寻	xun	xin
maide	卖地	12691	maidi	地	di	de
batiya	芭堤雅	12685	badiya	堤	di	ti
zhandeizhu	站得住	12685	zhandezhu	得	de	dei
daicang	大仓	12683	dacang	大	da	dai
caideichu	猜得出	12681	caidechu	得	de	dei
xinduqiao	新都桥	12681	xindouqiao	都	dou	du
toudei	投得	12677	toude	得	de	dei
daishei	逮谁	12673	daishui	谁	shui	shei
dianzhao	踮着	12673	dianzhe	着	zhe	zhao
dianzhuo	踮着	12673	dianzhe	着	zhe	zhuo
hangxinghao	行行好	12673	xingxinghao	行	xing	hang
yuetiao	越调	12671	yuediao	调	diao	tiao
daichang	大昌	12659	dachang	大	da	dai
moyuanhu	万元户	12658	wanyuanhu	万	wan	mo
xiaoliaoqilai	笑了起来	12658	xiaoleqilai	了	le	liao
guojiadaijuyuan	国家大剧院	12652	guojiadajuyuan	大	da	dai
daizuo	大佐	12641	dazuo	大	da	dai
xinanjiaodai	西南交大	12638	xinanjiaoda	大	da	dai
jianhang	兼行	12637	jianxing	行	xing	hang
shanyaozhao	闪耀着	12637	shanyaozhe	着	zhe	zhao
shanyaozhuo	闪耀着	12637	shanyaozhe	着	zhe	zhuo
liaochen	辽沈	12635	liaoshen	沈	shen	chen
sikandinaweiya	斯堪的纳维亚	12633	sikandenaweiya	的	de	di
caibuzhao	猜不着	12632	caibuzhe	着	zhe	zhao
caibuzhuo	猜不着	12632	caibuzhe	着	zhe	zhuo
laozhao	捞着	12632	laozhe	着	zhe	zhao
laozhuo	捞着	12632	laozhe	着	zhe	zhuo
xiangcheng	降成	12629	jiangcheng	降	jiang	xiang
dongyuankuai	动员会	12627	dongyuanhui	会	hui	kuai
motou	万头	12624	wantou	万	wan	mo
waixiu	外宿	12624	waisu	宿	su	xiu
leipai	肋排	12612	lepai	肋	le	lei
daiyingbowuguan	大英博物馆	12610	dayingbowuguan	大	da	dai
xibeijue	西北角	12610	xibeijiao	角	jiao	jue
shanshuozhao	闪烁着	12608	shanshuozhe	着	zhe	zhao
shanshuozhuo	闪烁着	12608	shanshuozhe	着	zhe	zhuo
mofen	万份	12604	wanfen	万	wan	mo
xiadaili	下大力	12603	xiadali	大	da	dai
chongji	重击	12601	zhongji	重	zhong	chong
qiaopai	壳牌	12601	kepai	壳	ke	qiao
tandao	弹到	12599	dandao	弹	dan	tan
jiandeduoliao	见得多了	12599	jiandeduole	了	le	liao
zerende	责任地	12599	zerendi	地	di	de
fukuai	妇会	12596	fuhui	会	hui	kuai
shouman	收埋	12596	shoumai	埋	mai	man
moshi	没使	12595	meishi	没	mei	mo
anjue	暗角	12592	anjiao	角	jiao	jue
tongdei	通得	12592	tongde	得	de	dei
daiyali	大鸭梨	12591	dayali	大	da	dai
liangzhao	晾着	12591	liangzhe	着	zhe	zhao
liangzhuo	晾着	12591	liangzhe	着	zhe	zhuo
xiaopingguo	削苹果	12591	xuepingguo	削	xue	xiao
liudei	流得	12587	liude	得	de	dei
daibuyiyang	大不一样	12586	dabuyiyang	大	da	dai
lingchanglei	灵长类	12580	lingzhanglei	长	zhang	chang
weide	围地	12580	weidi	地	di	de
shiliumo	十六万	12577	shiliuwan	万	wan	mo
chaola	潮落	12575	chaoluo	落	luo	la
zhaochen	着称	12575	zhecheng	着	zhe	zhao
zhaocheng	着称	12575	zhecheng	着	zhe	zhao
zhechen	着称	12575	zhecheng	称	cheng	chen
zhuochen	着称	12575	zhecheng	着	zhe	zhuo
zhuocheng	着称	12575	zhecheng	着	zhe	zhuo
maose	茅塞	12569	maosai	塞	sai	se
yuanjue	圆角	12569	yuanjiao	角	jiao	jue
sansimo	三四万	12568	sansiwan	万	wan	mo
zongjiekuai	总结会	12568	zongjiehui	会	hui	kuai
shangbei	上臂	12556	shangbi	臂	bi	bei
mozhehuishi	没这回事	12550	meizhehuishi	没	mei	mo
kuaishichang	会时常	12534	huishichang	会	hui	kuai
nanshuibeitiao	南水北调	12532	nanshuibeidiao	调	diao	tiao
sushuozhao	诉说着	12531	sushuozhe	着	zhe	zhao
sushuozhuo	诉说着	12531	sushuozhe	着	zhe	zhuo
pansuanzhao	盘算着	12530	pansuanzhe	着	zhe	zhao
pansuanzhuo	盘算着	12530	pansuanzhe	着	zhe	zhuo
shouji	售给	12529	shougei	给	gei	ji
mochengxiang	没成想	12526	meichengxiang	没	mei	mo
chonglu	重录	12524	zhonglu	重	zhong	chong
chaoyangmen	朝阳门	12522	zhaoyangmen	朝	zhao	chao
yuman	预埋	12520	yumai	埋	mai	man
yimobaqian	一万八千	12512	yiwanbaqian	万	wan	mo
zunchongshishi	尊重事实	12511	zunzhongshishi	重	zhong	chong
shamode	沙漠地	12508	shamodi	地	di	de
tiaojian	调监	12507	diaojian	调	diao	tiao
kuaishuliao	快熟了	12507	kuaishule	了	le	liao
renrendeier	人人得而	12505	renrendeer	得	de	dei
xietu	血吐	12505	xuetu	血	xue	xie
changxiaojizhi	长效机制	12503	zhangxiaojizhi	长	zhang	chang
chenchu	称出	12503	chengchu	称	cheng	chen
jizhuan	际传	12501	jichuan	传	chuan	zhuan
kanliaoyoukan	看了又看	12500	kanleyoukan	了	le	liao
zhizhuan	直传	12500	zhichuan	传	chuan	zhuan
chongde	冲地	12499	chongdi	地	di	de
bachong	八重	12492	bazhong	重	zhong	chong
chongzuo	重作	12492	zhongzuo	重	zhong	chong
daipo	大坡	12487	dapo	大	da	dai
daisi	大寺	12480	dasi	大	da	dai
chongchongdi	重重的	12478	chongchongde	的	de	di
hangbu	行步	12475	xingbu	行	xing	hang
daidan	大丹	12474	dadan	大	da	dai
hetiao	合调	12473	hediao	调	diao	tiao
xieqiao	蟹壳	12470	xieke	壳	ke	qiao
mianjue	面角	12466	mianjiao	角	jiao	jue
bideisi	彼得斯	12464	bidesi	得	de	dei
wuxiaoer	恶小而	12464	exiaoer	恶	e	wu
motingdaoguo	没听到过	12464	meitingdaoguo	没	mei	mo
zhuazhaobufang	抓着不放	12464	zhuazhebufang	着	zhe	zhao
zhuazhuobufang	抓着不放	12464	zhuazhebufang	着	zhe	zhuo
qinxian	亲见	12462	qinjian	见	jian	xian
lindei	淋得	12459	linde	得	de	dei
gongjikuai	共济会	12457	gongjihui	会	hui	kuai
jiase	加塞	12456	jiasai	塞	sai	se
gouzhua	狗爪	12455	gouzhao	爪	zhao	zhua
kese	克塞	12455	kesai	塞	sai	se
changzhu	长驻	12454	zhangzhu	长	zhang	chang
shanghaijiaodai	上海交大	12454	shanghaijiaoda	大	da	dai
laladi	辣辣的	12453	lalade	的	de	di
yingzhao	映着	12447	yingzhe	着	zhe	zhao
yingzhuo	映着	12447	yingzhe	着	zhe	zhuo
douzhaozou	兜着走	12446	douzhezou	着	zhe	zhao
douzhuozou	兜着走	12446	douzhezou	着	zhe	zhuo
moshuodao	没说到	12446	meishuodao	没	mei	mo
zhanzhaobudong	站着不动	12446	zhanzhebudong	着	zhe	zhao
zhanzhuobudong	站着不动	12446	zhanzhebudong	着	zhe	zhuo
chongdai	宠大	12444	chongda	大	da	dai
chaixia	差下	12442	chaxia	差	cha	chai
juesaijuan	决赛圈	12441	juesaiquan	圈	quan	juan
zhaomingzuojia	著名作家	12439	zhumingzuojia	著	zhu	zhao
zhemingzuojia	著名作家	12439	zhumingzuojia	著	zhu	zhe
zhuomingzuojia	著名作家	12439	zhumingzuojia	著	zhu	zhuo
dunzhao	炖着	12424	dunzhe	着	zhe	zhao
dunzhuo	炖着	12424	dunzhe	着	zhe	zhuo
gaopinshuai	高频率	12422	gaopinlv	率	lv	shuai
hunjuan	混圈	12420	hunquan	圈	quan	juan
daitun	大屯	12419	datun	大	da	dai
zhaxian	乍见	12415	zhajian	见	jian	xian
huanraozhao	环绕着	12413	huanraozhe	着	zhe	zhao
huanraozhuo	环绕着	12413	huanraozhe	着	zhe	zhuo
daihoudajiao	大吼大叫	12412	dahoudajiao	大	da	dai
motao	没套	12412	meitao	没	mei	mo
kaozhao	靠着	12408	kaozhe	着	zhe	zhao
kaozhuo	靠着	12408	kaozhe	着	zhe	zhuo
yuxin	于寻	12407	yuxun	寻	xun	xin
qianlizhihang	千里之行	12405	qianlizhixing	行	xing	hang
hudei	护得	12404	hude	得	de	dei
liangtan	两弹	12403	liangdan	弹	dan	tan
hangdian	行点	12400	xingdian	行	xing	hang
jubande	举办地	12397	jubandi	地	di	de
chaxie	查血	12396	chaxue	血	xue	xie
chonger	重耳	12392	zhonger	重	zhong	chong
moci	没刺	12390	meici	没	mei	mo
jueting	角亭	12384	jiaoting	角	jiao	jue
moliang	万辆	12380	wanliang	万	wan	mo
qingchexiandi	清澈见底	12380	qingchejiandi	见	jian	xian
jianjue	尖角	12377	jianjiao	角	jiao	jue
fantouliao	烦透了	12375	fantoule	了	le	liao
suanjue	酸角	12375	suanjiao	角	jiao	jue
techai	特差	12375	techa	差	cha	chai
zhedei	遮得	12375	zhede	得	de	dei
moce	万册	12371	wance	万	wan	mo
duanhang	断行	12369	duanxing	行	xing	hang
mopiao	万票	12368	wanpiao	万	wan	mo
wuzhong	恶终	12364	ezhong	恶	e	wu
hongliaolian	红了脸	12364	honglelian	了	le	liao
xinwu	寻乌	12362	xunwu	寻	xun	xin
kangmeiyuanzhaozhanzheng	抗美援朝战争	12361	kangmeiyuanchaozhanzheng	朝	chao	zhao
baozhao	抱著	12358	baozhu	著	zhu	zhao
baozhe	抱著	12358	baozhu	著	zhu	zhe
baozhuo	抱著	12358	baozhu	著	zhu	zhuo
dunchong	吨重	12356	dunzhong	重	zhong	chong
cengbo	层薄	12354	cengbao	薄	bao	bo
tanhuilai	弹回来	12353	danhuilai	弹	dan	tan
chiliaokui	吃了亏	12351	chilekui	了	le	liao
shoushen	手参	12351	shoucan	参	can	shen
suandeliao	算得了	12351	suandele	了	le	liao
zhunbeikuai	准备会	12351	zhunbeihui	会	hui	kuai
daishi	大士	12349	dashi	大	da	dai
gonggonglvde	公共绿地	12343	gonggonglvdi	地	di	de
daihuan	大患	12342	dahuan	大	da	dai
gedei	割得	12342	gede	得	de	dei
qingganlong	清乾隆	12341	qingqianlong	乾	qian	gan
shecheng	折成	12339	zhecheng	折	zhe	she
daimali	大马力	12336	damali	大	da	dai
liudeiqingshan	留得青山	12334	liudeqingshan	得	de	dei
daijia	大甲	12333	dajia	大	da	dai
diandaiqike	店大欺客	12333	diandaqike	大	da	dai
jixin	系心	12333	xixin	系	xi	ji
zaowandushi	早晚都是	12333	zaowandoushi	都	dou	du
tiaokuai	调快	12330	diaokuai	调	diao	tiao
duzoukuai	独奏会	12330	duzouhui	会	hui	kuai
pingtangzhao	平躺着	12330	pingtangzhe	着	zhe	zhao
pingtangzhuo	平躺着	12330	pingtangzhe	着	zhe	zhuo
shuizhaojiao	睡着觉	12330	shuizhaojue	觉	jue	jiao
mojian	万件	12329	wanjian	万	wan	mo
liaodei	料得	12327	liaode	得	de	dei
baxiu	八宿	12326	basu	宿	su	xiu
banyanzhao	扮演着	12325	banyanzhe	着	zhe	zhao
banyanzhuo	扮演着	12325	banyanzhe	着	zhe	zhuo
daipengche	大篷车	12325	dapengche	大	da	dai
renrenyue	人人乐	12324	renrenle	乐	le	yue
zhongzhao	中朝	12323	zhongchao	朝	chao	zhao
shengdei	升得	12320	shengde	得	de	dei
muzu	模组	12319	mozu	模	mo	mu
xiezhua	蟹爪	12317	xiezhao	爪	zhao	zhua
daiyao	大姚	12316	dayao	大	da	dai
tongbujinhang	同步进行	12316	tongbujinxing	行	xing	hang
zhuayin	爪印	12314	zhaoyin	爪	zhao	zhua
molv	万缕	12312	wanlv	万	wan	mo
qichai	奇差	12312	qicha	差	cha	chai
cangzhuan	藏传	12311	cangchuan	传	chuan	zhuan
huayingangla	话音刚落	12307	huayingangluo	落	luo	la
jiwu	嫉恶	12304	jie	恶	e	wu
chaozhao	朝著	12293	chaozhu	著	zhu	zhao
chaozhe	朝著	12293	chaozhu	著	zhu	zhe
chaozhuo	朝著	12293	chaozhu	著	zhu	zhuo
zhaozhao	朝著	12293	chaozhu	朝	chao	zhao
zhaozhe	朝著	12293	chaozhu	朝	chao	zhao
zhaozhu	朝著	12293	chaozhu	朝	chao	zhao
zhaozhuo	朝著	12293	chaozhu	朝	chao	zhao
sadei	洒得	12284	sade	得	de	dei
xinmo	寻摸	12284	xunmo	寻	xun	xin
daipianfu	大篇幅	12283	dapianfu	大	da	dai
huzhuan	互传	12280	huchuan	传	chuan	zhuan
daipan	大盘	12278	dapan	大	da	dai
waizhaotou	歪着头	12275	waizhetou	着	zhe	zhao
waizhuotou	歪着头	12275	waizhetou	着	zhe	zhuo
bangongdailou	办公大楼	12270	bangongdalou	大	da	dai
canaokuai	残奥会	12270	canaohui	会	hui	kuai
guocheng	过盛	12261	guosheng	盛	sheng	cheng
baobaodi	薄薄的	12254	baobaode	的	de	di
zhaozuoquan	著作权	12253	zhuzuoquan	著	zhu	zhao
zhezuoquan	著作权	12253	zhuzuoquan	著	zhu	zhe
zhuozuoquan	著作权	12253	zhuzuoquan	著	zhu	zhuo
huade	划地	12251	huadi	地	di	de
cankaoji	参考系	12246	cankaoxi	系	xi	ji
datiao	搭调	12237	dadiao	调	diao	tiao
lehuailiao	乐坏了	12237	lehuaile	了	le	liao
yuehuaile	乐坏了	12237	lehuaile	乐	le	yue
yuehuailiao	乐坏了	12237	lehuaile	乐	le	yue
xiaoqu	削去	12236	xuequ	削	xue	xiao
diyichong	第一重	12235	diyizhong	重	zhong	chong
longzhaozhao	笼罩着	12234	longzhaozhe	着	zhe	zhao
longzhaozhuo	笼罩着	12234	longzhaozhe	着	zhe	zhuo
daishewan	大蛇丸	12231	dashewan	大	da	dai
yihang	毅行	12226	yixing	行	xing	hang
daikang	大康	12225	dakang	大	da	dai
daidaobaoyu	大到暴雨	12223	dadaobaoyu	大	da	dai
zhuanguolai	传过来	12220	chuanguolai	传	chuan	zhuan
zhaomingjingdian	著名景点	12218	zhumingjingdian	著	zhu	zhao
zhemingjingdian	著名景点	12218	zhumingjingdian	著	zhu	zhe
zhuomingjingdian	著名景点	12218	zhumingjingdian	著	zhu	zhuo
jiaoshu	觉书	12215	jueshu	觉	jue	jiao
keyemo	可也没	12215	keyemei	没	mei	mo
tiaodei	挑得	12215	tiaode	得	de	dei
yourongnaidai	有容乃大	12209	yourongnaida	大	da	dai
seerda	塞尔达	12207	saierda	塞	sai	se
anshizhao	暗示着	12206	anshizhe	着	zhe	zhao
anshizhuo	暗示着	12206	anshizhe	着	zhe	zhuo
zitan	自弹	12205	zidan	弹	dan	tan
beiqiao	背壳	12204	beike	壳	ke	qiao
daidieyanjing	大跌眼镜	12199	dadieyanjing	大	da	dai
ganlongdi	乾隆帝	12199	qianlongdi	乾	qian	gan
zhanyoushuai	占有率	12194	zhanyoulv	率	lv	shuai
daiping	大坪	12191	daping	大	da	dai
bapa	耙耙	12189	baba	耙	ba	pa
paba	耙耙	12189	baba	耙	ba	pa
papa	耙耙	12189	baba	耙	ba	pa
biandei	编得	12189	biande	得	de	dei
chizhuhang	吃住行	12189	chizhuxing	行	xing	hang
daiwanglu	大望路	12189	dawanglu	大	da	dai
daiyongchu	大用处	12189	dayongchu	大	da	dai
tanhuiqu	弹回去	12189	danhuiqu	弹	dan	tan
deiraorenchu	得饶人处	12189	deraorenchu	得	de	dei
goudeizhao	够得着	12189	goudezhe	得	de	dei
goudeizhe	够得着	12189	goudezhe	得	de	dei
goudeizhuo	够得着	12189	goudezhe	得	de	dei
goudezhao	够得着	12189	goudezhe	着	zhe	zhao
goudezhuo	够得着	12189	goudezhe	着	zhe	zhuo
pideihen	皮得很	12189	pidehen	得	de	dei
qushei	娶谁	12189	qushui	谁	shui	shei
qiaolei	壳类	12186	kelei	壳	ke	qiao
jinde	劲地	12183	jindi	地	di	de
bozhong	泊中	12181	pozhong	泊	po	bo
shibikuai	势必会	12180	shibihui	会	hui	kuai
yihuxinchang	异乎寻常	12172	yihuxunchang	寻	xun	xin
bajuan	八圈	12166	baquan	圈	quan	juan
shuodeiyouli	说得有理	12164	shuodeyouli	得	de	dei
leileidi	累累的	12161	leileide	的	de	di
yuepingren	乐评人	12158	lepingren	乐	le	yue
gongbukemo	功不可没	12156	gongbukemei	没	mei	mo
yaodei	摇得	12154	yaode	得	de	dei
qiuchai	球差	12151	qiucha	差	cha	chai
maizhao	迈着	12150	maizhe	着	zhe	zhao
maizhuo	迈着	12150	maizhe	着	zhe	zhuo
tanhen	弹痕	12149	danhen	弹	dan	tan
sheshang	折上	12148	zheshang	折	zhe	she
mazui	抹嘴	12147	mozui	抹	mo	ma
shuyoukuai	书友会	12146	shuyouhui	会	hui	kuai
semu	塞姆	12145	saimu	塞	sai	se
zhuangdaiyun	撞大运	12145	zhuangdayun	大	da	dai
liangmobu	两万步	12140	liangwanbu	万	wan	mo
mobakuai	万把块	12140	wanbakuai	万	wan	mo
xiangchataidai	相差太大	12140	xiangchataida	大	da	dai
qianhang	千行	12138	qianxing	行	xing	hang
selaliang	塞拉利昂	12134	sailaliang	塞	sai	se
shiyidai	十一大	12133	shiyida	大	da	dai
pailiaopai	拍了拍	12120	pailepai	了	le	liao
zhuanxiao	传销	12113	chuanxiao	传	chuan	zhuan
mocang	没藏	12112	meicang	没	mei	mo
yimoju	一万句	12111	yiwanju	万	wan	mo
chidaikui	吃大亏	12108	chidakui	大	da	dai
huizhuan	回传	12105	huichuan	传	chuan	zhuan
daixian	大县	12099	daxian	大	da	dai
daishengchan	大生产	12094	dashengchan	大	da	dai
koudei	扣得	12092	koude	得	de	dei
wanzhaoyao	弯着腰	12092	wanzheyao	着	zhe	zhao
wanzhuoyao	弯着腰	12092	wanzheyao	着	zhe	zhuo
chongxie	重谢	12090	zhongxie	重	zhong	chong
dainanmen	大南门	12090	dananmen	大	da	dai
daiyandeng	大眼瞪	12090	dayandeng	大	da	dai
deiyu	得于	12090	deyu	得	de	dei
fantianfude	翻天复地	12090	fantianfudi	地	di	de
luanzhuan	乱传	12090	luanchuan	传	chuan	zhuan
mandepao	满地跑	12090	mandipao	地	di	de
quexie	缺血	12089	quexue	血	xue	xie
yijuanjuan	一圈圈	12087	yiquanquan	圈	quan	juan
yijuanquan	一圈圈	12087	yiquanquan	圈	quan	juan
yiquanjuan	一圈圈	12087	yiquanquan	圈	quan	juan
zhaoge	朝歌	12086	chaoge	朝	chao	zhao
pingjiezhao	凭借着	12078	pingjiezhe	着	zhe	zhao
pingjiezhuo	凭借着	12078	pingjiezhe	着	zhe	zhuo
jiaoyikuai	交易会	12077	jiaoyihui	会	hui	kuai
houtianxiazhileeryue	后天下之乐而乐	12075	houtianxiazhileerle	乐	le	yue
houtianxiazhiyueerle	后天下之乐而乐	12075	houtianxiazhileerle	乐	le	yue
houtianxiazhiyueeryue	后天下之乐而乐	12075	houtianxiazhileerle	乐	le	yue
yinxie	饮血	12074	yinxue	血	xue	xie
shadia	沙嗲	12071	shadie	嗲	die	dia
yingzhaotoupi	硬着头皮	12071	yingzhetoupi	着	zhe	zhao
yingzhuotoupi	硬着头皮	12071	yingzhetoupi	着	zhe	zhuo
fasongji	发送给	12070	fasonggei	给	gei	ji
peiji	配系	12068	peixi	系	xi	ji
daibaokoufu	大饱口福	12067	dabaokoufu	大	da	dai
xieya	血鸭	12066	xueya	血	xue	xie
daifutigao	大幅提高	12063	dafutigao	大	da	dai
daijiu	大久	12051	dajiu	大	da	dai
shuaireng	率仍	12049	lvreng	率	lv	shuai
zirandeli	自然地理	12049	zirandili	地	di	de
duqitan	毒气弹	12040	duqidan	弹	dan	tan
huozhao	活著	12039	huozhu	著	zhu	zhao
huozhe	活著	12039	huozhu	著	zhu	zhe
huozhuo	活著	12039	huozhu	著	zhu	zhuo
taitoubujianditouxian	抬头不见低头见	12039	taitoubujianditoujian	见	jian	xian
tingdeichulai	听得出来	12039	tingdechulai	得	de	dei
xiangde	响地	12026	xiangdi	地	di	de
wenhuajuan	文化圈	12012	wenhuaquan	圈	quan	juan
daiji	大祭	12011	daji	大	da	dai
deikuan	得款	12009	dekuan	得	de	dei
fangshengdaiku	放声大哭	12009	fangshengdaku	大	da	dai
mangdeibuke	忙得不可	12008	mangdebuke	得	de	dei
mae	抹额	12002	moe	抹	mo	ma
liudeiqingshanzai	留得青山在	11999	liudeqingshanzai	得	de	dei
heizhua	黑爪	11998	heizhao	爪	zhao	zhua
tiaoshui	调水	11997	diaoshui	调	diao	tiao
ditoubujiantaitouxian	低头不见抬头见	11991	ditoubujiantaitoujian	见	jian	xian
huoheqiqi	和和气气	11991	heheqiqi	和	he	huo
dapeizhao	搭配着	11987	dapeizhe	着	zhe	zhao
dapeizhuo	搭配着	11987	dapeizhe	着	zhe	zhuo
sanmokuai	三万块	11987	sanwankuai	万	wan	mo
sheiyoukong	谁有空	11987	shuiyoukong	谁	shui	shei
zuande	钻地	11987	zuandi	地	di	de
dedi	地低	11985	didi	地	di	de
suiliaoxin	碎了心	11984	suilexin	了	le	liao
deya	地压	11982	diya	地	di	de
jiaoyuan	觉远	11977	jueyuan	觉	jue	jiao
sishe	四折	11970	sizhe	折	zhe	she
jidei	既得	11969	jide	得	de	dei
lahai	落海	11969	luohai	落	luo	la
chengqi	盛气	11967	shengqi	盛	sheng	cheng
daidaide	呆呆地	11967	daidaidi	地	di	de
chenjin	称斤	11962	chengjin	称	cheng	chen
yijiadudai	一家独大	11962	yijiaduda	大	da	dai
zangdei	脏得	11962	zangde	得	de	dei
dedixia	地底下	11961	didixia	地	di	de
simoduo	四万多	11956	siwanduo	万	wan	mo
sihuan	似幻	11951	shihuan	似	shi	si
kuyue	苦乐	11946	kule	乐	le	yue
daitexie	大特写	11938	datexie	大	da	dai
jinchen	斤称	11934	jincheng	称	cheng	chen
mendeihuang	闷得慌	11934	mendehuang	得	de	dei
shibacengde	十八层地	11934	shibacengdi	地	di	de
sidei	撕得	11934	side	得	de	dei
daiquan	大泉	11926	daquan	大	da	dai
mobianbuli	万变不离	11925	wanbianbuli	万	wan	mo
seerweiyaren	塞尔维亚人	11925	saierweiyaren	塞	sai	se
xiangxin	降薪	11918	jiangxin	降	jiang	xiang
bijingzhide	必经之地	11914	bijingzhidi	地	di	de
yingjuan	影圈	11911	yingquan	圈	quan	juan
shengu	参股	11907	cangu	参	can	shen
pianqi	便器	11902	bianqi	便	bian	pian
xiongzhua	熊爪	11902	xiongzhao	爪	zhao	zhua
dainongchang	大农场	11901	danongchang	大	da	dai
zhongyue	中乐	11901	zhongle	乐	le	yue
shuqingshuchong	孰轻孰重	11899	shuqingshuzhong	重	zhong	chong
seweiliya	塞维利亚	11898	saiweiliya	塞	sai	se
huzhao	糊着	11888	huzhe	着	zhe	zhao
huzhuo	糊着	11888	huzhe	着	zhe	zhuo
xiaxiu	下宿	11888	xiasu	宿	su	xiu
zhongjiao	中觉	11888	zhongjue	觉	jue	jiao
xinfang	寻访	11887	xunfang	寻	xun	xin
daimiao	大庙	11886	damiao	大	da	dai
changningqu	长宁区	11881	zhangningqu	长	zhang	chang
bianlunkuai	辩论会	11880	bianlunhui	会	hui	kuai
dongliaoxin	动了心	11880	donglexin	了	le	liao
kuaigou	会够	11880	huigou	会	hui	kuai
tuixiu	退宿	11880	tuisu	宿	su	xiu
shoubaozhao	手抱着	11867	shoubaozhe	着	zhe	zhao
shoubaozhuo	手抱着	11867	shoubaozhe	着	zhe	zhuo
wumoduo	五万多	11863	wuwanduo	万	wan	mo
changge	长葛	11849	zhangge	长	zhang	chang
youjieyouhuan	有借有还	11847	youjieyouhai	还	hai	huan
zaocankuai	早餐会	11847	zaocanhui	会	hui	kuai
kuozheshengcun	适者生存	11844	shizheshengcun	适	shi	kuo
luodeidao	罗得岛	11844	luodedao	得	de	dei
jixiang	急降	11842	jijiang	降	jiang	xiang
dajuan	打圈	11841	daquan	圈	quan	juan
juetou	角头	11839	jiaotou	角	jiao	jue
abudulei	阿卜杜勒	11837	abodulei	卜	bo	bu
dangdiluxian	党的路线	11836	dangdeluxian	的	de	di
shengne	声呐	11835	shengna	呐	na	ne
shumu	数模	11833	shumo	模	mo	mu
daiyuer	大玉儿	11829	dayuer	大	da	dai
shangliaozeichuan	上了贼船	11829	shanglezeichuan	了	le	liao
zhiqiao	纸壳	11829	zhike	壳	ke	qiao
mandezhaoya	满地找牙	11826	mandizhaoya	地	di	de
xieyuan	血源	11826	xueyuan	血	xue	xie
duishei	怼谁	11824	duishui	谁	shui	shei
huanqiao	换壳	11824	huanke	壳	ke	qiao
yuechao	乐巢	11824	lechao	乐	le	yue
youchouyouchang	又臭又长	11824	youchouyouzhang	长	zhang	chang
dierjuan	第二圈	11822	dierquan	圈	quan	juan
xianrong	见容	11819	jianrong	见	jian	xian
deiyushi	得与失	11818	deyushi	得	de	dei
jide	急地	11818	jidi	地	di	de
tuman	土埋	11817	tumai	埋	mai	man
jiaozhua	脚爪	11815	jiaozhao	爪	zhao	zhua
daimu	大姆	11811	damu	大	da	dai
chonghua	重画	11806	zhonghua	重	zhong	chong
zuobiaoji	坐标系	11794	zuobiaoxi	系	xi	ji
daiyuchi	大鱼吃	11788	dayuchi	大	da	dai
shoumingchang	寿命长	11782	shoumingzhang	长	zhang	chang
shuaxinshuai	刷新率	11780	shuaxinlv	率	lv	shuai
yibaimoge	一百万个	11776	yibaiwange	万	wan	mo
zitanzichang	自弹自唱	11776	zidanzichang	弹	dan	tan
xuanbei	悬臂	11774	xuanbi	臂	bi	bei
huanji	换系	11773	huanxi	系	xi	ji
daiding	大顶	11772	dading	大	da	dai
jimoge	几万个	11772	jiwange	万	wan	mo
jingtiandai	惊天大	11769	jingtianda	大	da	dai
doushuokuai	都说会	11768	doushuohui	会	hui	kuai
dushuohui	都说会	11768	doushuohui	都	dou	du
dushuokuai	都说会	11768	doushuohui	都	dou	du
wuxun	恶熏	11768	exun	恶	e	wu
fudeiliuyou	富得流油	11768	fudeliuyou	得	de	dei
jiba	给扒	11768	geiba	给	gei	ji
haixing	咳醒	11768	kexing	咳	ke	hai
mofenkai	没分开	11768	meifenkai	没	mei	mo
niezhaobizi	捏着鼻子	11768	niezhebizi	着	zhe	zhao
niezhuobizi	捏着鼻子	11768	niezhebizi	着	zhe	zhuo
niudei	扭得	11768	niude	得	de	dei
huohemumu	和和睦睦	11766	hehemumu	和	he	huo
mayun	抹匀	11766	moyun	抹	mo	ma
wuliumo	五六万	11764	wuliuwan	万	wan	mo
changbing	长柄	11757	zhangbing	长	zhang	chang
erhangqianlimudanyou	儿行千里母担忧	11754	erxingqianlimudanyou	行	xing	hang
sheigeile	谁给了	11754	shuigeile	谁	shui	shei
sheigeiliao	谁给了	11754	shuigeile	谁	shui	shei
sheijile	谁给了	11754	shuigeile	谁	shui	shei
sheijiliao	谁给了	11754	shuigeile	谁	shui	shei
shuigeiliao	谁给了	11754	shuigeile	了	le	liao
shuijile	谁给了	11754	shuigeile	给	gei	ji
shuijiliao	谁给了	11754	shuigeile	给	gei	ji
renwohang	任我行	11753	renwoxing	行	xing	hang
mijie	蜜桔	11749	miju	桔	ju	jie
zhuanyin	传音	11747	chuanyin	传	chuan	zhuan
daishizi	大十字	11747	dashizi	大	da	dai
maidei	埋得	11747	maide	得	de	dei
mande	埋得	11747	maide	埋	mai	man
mandei	埋得	11747	maide	埋	mai	man
guojiaoweikuai	国际奥委会	11744	guojiaoweihui	会	hui	kuai
daifu	大父	11742	dafu	大	da	dai
zhaoshu	著书	11741	zhushu	著	zhu	zhao
zheshu	著书	11741	zhushu	著	zhu	zhe
zhuoshu	著书	11741	zhushu	著	zhu	zhuo
shenkelingkuai	深刻领会	11735	shenkelinghui	会	hui	kuai
tiaozhi	调至	11731	diaozhi	调	diao	tiao
xiangfu	降幅	11729	jiangfu	降	jiang	xiang
tianyude	天与地	11723	tianyudi	地	di	de
moding	没顶	11722	meiding	没	mei	mo
jinhang	禁行	11712	jinxing	行	xing	hang
chuanzhuan	传传	11711	chuanchuan	传	chuan	zhuan
zhuanchuan	传传	11711	chuanchuan	传	chuan	zhuan
zhuanzhuan	传传	11711	chuanchuan	传	chuan	zhuan
hexie	喝血	11710	hexue	血	xue	xie
shoutan	手弹	11710	shoudan	弹	dan	tan
zheshidai	浙师大	11710	zheshida	大	da	dai
xiangdubuxiang	想都不想	11707	xiangdoubuxiang	都	dou	du
tiaoxing	调性	11704	diaoxing	调	diao	tiao
mobao	万包	11704	wanbao	万	wan	mo
daijiangtang	大讲堂	11703	dajiangtang	大	da	dai
selasi	塞拉斯	11699	sailasi	塞	sai	se
pingdei	评得	11691	pingde	得	de	dei
yude	雨地	11688	yudi	地	di	de
dubei	独臂	11683	dubi	臂	bi	bei
dadeiying	打得赢	11681	dadeying	得	de	dei
xinxiu	心宿	11676	xinsu	宿	su	xiu
shumoren	数万人	11671	shuwanren	万	wan	mo
lvxian	屡见	11667	lvjian	见	jian	xian
juanding	圈定	11665	quanding	圈	quan	juan
ershiduomo	二十多万	11659	ershiduowan	万	wan	mo
chongpai	重排	11652	zhongpai	重	zhong	chong
dailexie	大了些	11651	dalexie	大	da	dai
dailiaoxie	大了些	11651	dalexie	大	da	dai
daliaoxie	大了些	11651	dalexie	了	le	liao
tiaohuo	调货	11651	diaohuo	调	diao	tiao
ludeiqing	露得清	11651	ludeqing	得	de	dei
neiyanjue	内眼角	11651	neiyanjiao	角	jiao	jue
xiliaoshui	洗了睡	11651	xileshui	了	le	liao
yayizhao	压抑着	11651	yayizhe	着	zhe	zhao
yayizhuo	压抑着	11651	yayizhe	着	zhe	zhuo
chongcuo	重挫	11650	zhongcuo	重	zhong	chong
tanji	弹击	11649	danji	弹	dan	tan
zhengweiyuankuai	政委员会	11649	zhengweiyuanhui	会	hui	kuai
diaochong	调重	11647	diaozhong	重	zhong	chong
tiaochong	调重	11647	diaozhong	调	diao	tiao
tiaozhong	调重	11647	diaozhong	调	diao	tiao
huadei	滑得	11644	huade	得	de	dei
daiyangge	大秧歌	11643	dayangge	大	da	dai
gongmu	工模	11643	gongmo	模	mo	mu
tongzhikuai	同志会	11643	tongzhihui	会	hui	kuai
changzhou	长轴	11642	zhangzhou	长	zhang	chang
moduokuai	万多块	11636	wanduokuai	万	wan	mo
kuodakuai	扩大会	11634	kuodahui	会	hui	kuai
modui	万对	11634	wandui	万	wan	mo
hangjiu	行酒	11631	xingjiu	行	xing	hang
baseer	巴塞尔	11628	basaier	塞	sai	se
shuaiduanliao	摔断了	11625	shuaiduanle	了	le	liao
xiaojuanjuan	小圈圈	11625	xiaoquanquan	圈	quan	juan
xiaojuanquan	小圈圈	11625	xiaoquanquan	圈	quan	juan
xiaoquanjuan	小圈圈	11625	xiaoquanquan	圈	quan	juan
chaisu	差速	11616	chasu	差	cha	chai
suozhuan	所传	11605	suochuan	传	chuan	zhuan
daizhong	大种	11600	dazhong	大	da	dai
duohangbuyi	多行不义	11596	duoxingbuyi	行	xing	hang
yinmo	隐没	11596	yinmei	没	mei	mo
tian	堤岸	11595	dian	堤	di	ti
feibixinchang	非比寻常	11594	feibixunchang	寻	xun	xin
shukuogan	舒适感	11591	shushigan	适	shi	kuo
changtongxue	长筒靴	11590	zhangtongxue	长	zhang	chang
kuaimanliao	快满了	11590	kuaimanle	了	le	liao
kuaitingliao	快停了	11590	kuaitingle	了	le	liao
maiqiao	买壳	11590	maike	壳	ke	qiao
manzuidushi	满嘴都是	11590	manzuidoushi	都	dou	du
gaofenbianshuai	高分辨率	11588	gaofenbianlv	率	lv	shuai
fudanchong	负担重	11582	fudanzhong	重	zhong	chong
dazhaodenglong	打着灯笼	11579	dazhedenglong	着	zhe	zhao
dazhuodenglong	打着灯笼	11579	dazhedenglong	着	zhe	zhuo
liumokuai	六万块	11579	liuwankuai	万	wan	mo
zhaowen	朝文	11578	chaowen	朝	chao	zhao
zhuanwei	传位	11575	chuanwei	传	chuan	zhuan
chunbo	唇薄	11573	chunbao	薄	bao	bo
taojuan	套圈	11573	taoquan	圈	quan	juan
yiqianduomo	一千多万	11573	yiqianduowan	万	wan	mo
sanmoren	三万人	11572	sanwanren	万	wan	mo
zhuanxin	传信	11571	chuanxin	传	chuan	zhuan
chongbai	重百	11569	zhongbai	重	zhong	chong
suoxianji	所见即	11569	suojianji	见	jian	xian
guanghuore	光和热	11564	guanghere	和	he	huo
beigongdai	北工大	11561	beigongda	大	da	dai
daikaishajie	大开杀戒	11561	dakaishajie	大	da	dai
zhaoli	朝里	11557	chaoli	朝	chao	zhao
jiaochang	教长	11555	jiaozhang	长	zhang	chang
sheishisheifei	谁是谁非	11555	shuishishuifei	谁	shui	shei
sheishishuifei	谁是谁非	11555	shuishishuifei	谁	shui	shei
shuishisheifei	谁是谁非	11555	shuishishuifei	谁	shui	shei
shenjingji	神经系	11551	shenjingxi	系	xi	ji
pianchengren	便成仁	11550	bianchengren	便	bian	pian
changzhao	敞着	11550	changzhe	着	zhe	zhao
changzhuo	敞着	11550	changzhe	着	zhe	zhuo
daishouhuanying	大受欢迎	11550	dashouhuanying	大	da	dai
kuaiting	会厅	11533	huiting	会	hui	kuai
jinghang	经行	11529	jingxing	行	xing	hang
shemai	折卖	11528	zhemai	折	zhe	she
shenzhouhang	神州行	11528	shenzhouxing	行	xing	hang
sheqilai	折起来	11528	zheqilai	折	zhe	she
sixie	丝血	11528	sixue	血	xue	xie
xiemei	血霉	11528	xuemei	血	xue	xie
yachang	芽长	11528	yazhang	长	zhang	chang
zhengzhao	整着	11528	zhengzhe	着	zhe	zhao
zhengzhuo	整着	11528	zhengzhe	着	zhe	zhuo
zhaozhe	著者	11527	zhuzhe	著	zhu	zhao
zhezhe	著者	11527	zhuzhe	著	zhu	zhe
zhuozhe	著者	11527	zhuzhe	著	zhu	zhuo
shuaiji	率及	11524	lvji	率	lv	shuai
fuchai	夫差	11523	fucha	差	cha	chai
wuchong	五重	11519	wuzhong	重	zhong	chong
daigai	大盖	11517	dagai	大	da	dai
feizhuan	妃传	11517	feichuan	传	chuan	zhuan
xiande	县地	11516	xiandi	地	di	de
bingzhao	秉着	11514	bingzhe	着	zhe	zhao
bingzhuo	秉着	11514	bingzhe	着	zhe	zhuo
yimozhang	一万张	11513	yiwanzhang	万	wan	mo
zhijiagedai	芝加哥大	11509	zhijiageda	大	da	dai
xiangyaochumo	降妖除魔	11507	jiangyaochumo	降	jiang	xiang
liezhao	咧着	11502	liezhe	着	zhe	zhao
liezhuo	咧着	11502	liezhe	着	zhe	zhuo
daizheng	大征	11501	dazheng	大	da	dai
mowang	万网	11495	wanwang	万	wan	mo
runmo	润万	11493	runwan	万	wan	mo
shibieshuai	识别率	11493	shibielv	率	lv	shuai
wuxian	吾见	11487	wujian	见	jian	xian
daohang	倒行	11482	daoxing	行	xing	hang
qingman	请埋	11464	qingmai	埋	mai	man
tiexin	贴寻	11464	tiexun	寻	xun	xin
xiecheng	血橙	11464	xuecheng	血	xue	xie
xuanzede	选择地	11458	xuanzedi	地	di	de
longzhua	龙爪	11450	longzhao	爪	zhao	zhua
daizhu	大柱	11448	dazhu	大	da	dai
xianzhaochaizhao	见招拆招	11448	jianzhaochaizhao	见	jian	xian
xichai	息差	11446	xicha	差	cha	chai
chijiaodaixian	赤脚大仙	11444	chijiaodaxian	大	da	dai
tiaogang	调岗	11444	diaogang	调	diao	tiao
lidaiyubi	利大于弊	11444	lidayubi	大	da	dai
mabudiao	抹不掉	11444	mobudiao	抹	mo	ma
zoudeiman	走得慢	11444	zoudeman	得	de	dei
dingcun	町村	11441	tingcun	町	ting	ding
jianhang	健行	11432	jianxing	行	xing	hang
dekuo	地扩	11431	dikuo	地	di	de
shukuoxing	舒适性	11431	shushixing	适	shi	kuo
kuaitian	会填	11429	huitian	会	hui	kuai
changsheng	长绳	11426	zhangsheng	长	zhang	chang
yinzhao	因着	11424	yinzhe	着	zhe	zhao
yinzhuo	因着	11424	yinzhe	着	zhe	zhuo
shisihang	十四行	11422	shisixing	行	xing	hang
sete	塞特	11421	saite	塞	sai	se
kuokou	适口	11420	shikou	适	shi	kuo
kelianxian	可怜见	11416	kelianjian	见	jian	xian
suandeliaoshen	算得了什	11415	suandeleshen	了	le	liao
duse	杜塞	11412	dusai	塞	sai	se
chuchuchang	处处长	11399	chuchuzhang	长	zhang	chang
feigezhuanshu	飞鸽传书	11399	feigechuanshu	传	chuan	zhuan
fuweiyuanchang	副委员长	11399	fuweiyuanzhang	长	zhang	chang
geshei	搁谁	11399	geshui	谁	shui	shei
lianqiao	连壳	11399	lianke	壳	ke	qiao
yueman	约埋	11399	yuemai	埋	mai	man
liangdailei	两大类	11390	liangdalei	大	da	dai
duochongrenge	多重人格	11388	duozhongrenge	重	zhong	chong
daishiqiao	大石桥	11385	dashiqiao	大	da	dai
tongbo	桐柏	11379	tongbai	柏	bai	bo
tanya	弹牙	11377	danya	弹	dan	tan
manhuangzhide	蛮荒之地	11377	manhuangzhidi	地	di	de
deishixin	得失心	11374	deshixin	得	de	dei
daiwa	大洼	11372	dawa	大	da	dai
huopai	和牌	11370	hepai	和	he	huo
huoaozhou	和澳洲	11369	heaozhou	和	he	huo
daisuo	大索	11366	dasuo	大	da	dai
maiman	埋埋	11365	maimai	埋	mai	man
manmai	埋埋	11365	maimai	埋	mai	man
manman	埋埋	11365	maimai	埋	mai	man
miliaoyan	迷了眼	11365	mileyan	了	le	liao
nongma	浓抹	11365	nongmo	抹	mo	ma
pingzhichen	评职称	11365	pingzhicheng	称	cheng	chen
sede	塞德	11365	saide	塞	sai	se
xiangliaoge	想了个	11365	xianglege	了	le	liao
rongshenzhide	容身之地	11362	rongshenzhidi	地	di	de
huchen	互称	11359	hucheng	称	cheng	chen
chengyan	盛筵	11353	shengyan	盛	sheng	cheng
kuaichang	块长	11353	kuaizhang	长	zhang	chang
shende	慎地	11350	shendi	地	di	de
chengwu	惩恶	11344	chenge	恶	e	wu
changxianbing	常见病	11342	changjianbing	见	jian	xian
laman	拉埋	11342	lamai	埋	mai	man
tongshengzhuan	同声传	11342	tongshengchuan	传	chuan	zhuan
wuhouweidai	无后为大	11342	wuhouweida	大	da	dai
dagongshuai	大功率	11340	dagonglv	率	lv	shuai
daibanshi	大阪市	11336	dabanshi	大	da	dai
bazhao	霸着	11332	bazhe	着	zhe	zhao
bazhuo	霸着	11332	bazhe	着	zhe	zhuo
daihu	大壶	11332	dahu	大	da	dai
xiangshu	降暑	11332	jiangshu	降	jiang	xiang
majin	抹金	11332	mojin	抹	mo	ma
tanzhao	摊着	11332	tanzhe	着	zhe	zhao
tanzhuo	摊着	11332	tanzhe	着	zhe	zhuo
yaoshijuan	钥匙圈	11332	yaoshiquan	圈	quan	juan
lifuni	礼服呢	11328	lifune	呢	ne	ni
yimosanqian	一万三千	11325	yiwansanqian	万	wan	mo
yizhuanshi	一传十	11320	yichuanshi	传	chuan	zhuan
yimoqiqian	一万七千	11320	yiwanqiqian	万	wan	mo
juede	掘地	11316	juedi	地	di	de
zongchong	总重	11316	zongzhong	重	zhong	chong
duonuomo	多诺万	11314	duonuowan	万	wan	mo
chuanhang	串行	11307	chuanxing	行	xing	hang
daiximen	大西门	11307	daximen	大	da	dai
jipaishui	给排水	11307	geipaishui	给	gei	ji
huhude	呼呼地	11304	huhudi	地	di	de
jialiaoren	嫁了人	11302	jialeren	了	le	liao
xiangdian	降点	11302	jiangdian	降	jiang	xiang
jude	局地	11302	judi	地	di	de
nvmute	女模特	11302	nvmote	模	mo	mu
chengjiu	盛酒	11301	shengjiu	盛	sheng	cheng
deimeiyin	得梅因	11301	demeiyin	得	de	dei
youxiaodaodai	由小到大	11300	youxiaodaoda	大	da	dai
chating	刹停	11295	shating	刹	sha	cha
baidai	百大	11292	baida	大	da	dai
kuaideiduo	快得多	11287	kuaideduo	得	de	dei
moguiju	没规矩	11280	meiguiju	没	mei	mo
zhuangliaoren	撞了人	11280	zhuangleren	了	le	liao
shaochai	稍差	11269	shaocha	差	cha	chai
daishu	大输	11268	dashu	大	da	dai
qizhaoma	骑着马	11268	qizhema	着	zhe	zhao
qizhuoma	骑着马	11268	qizhema	着	zhe	zhuo
ganlongnianjian	乾隆年间	11267	qianlongnianjian	乾	qian	gan
faxian	发见	11266	fajian	见	jian	xian
daibiaomei	大表妹	11263	dabiaomei	大	da	dai
fangchangxian	放长线	11263	fangzhangxian	长	zhang	chang
jiga	系噶	11263	xiga	系	xi	ji
juanliren	圈里人	11263	quanliren	圈	quan	juan
shangzizunliao	伤自尊了	11263	shangzizunle	了	le	liao
sie	死哦	11263	sio	哦	o	e
zoushei	揍谁	11263	zoushui	谁	shui	shei
xianjue	线角	11259	xianjiao	角	jiao	jue
daizhalan	大栅栏	11254	dazhalan	大	da	dai
mukuaihua	模块化	11249	mokuaihua	模	mo	mu
nanjingdaitusha	南京大屠杀	11249	nanjingdatusha	大	da	dai
jiedei	借得	11240	jiede	得	de	dei
shounaokuai	首脑会	11240	shounaohui	会	hui	kuai
maozhao	冒著	11237	maozhu	著	zhu	zhao
maozhe	冒著	11237	maozhu	著	zhu	zhe
maozhuo	冒著	11237	maozhu	著	zhu	zhuo
ququshe	曲曲折	11232	ququzhe	折	zhe	she
fukechang	副科长	11229	fukezhang	长	zhang	chang
chaoqichaola	潮起潮落	11228	chaoqichaoluo	落	luo	la
jiansumanhang	减速慢行	11228	jiansumanxing	行	xing	hang
xiaodeiduo	小得多	11225	xiaodeduo	得	de	dei
chengnu	盛怒	11217	shengnu	盛	sheng	cheng
liangmoren	两万人	11216	liangwanren	万	wan	mo
bianji	变给	11214	biangei	给	gei	ji
xiening	血凝	11214	xuening	血	xue	xie
lase	拉塞	11213	lasai	塞	sai	se
lianhuanwankuai	联欢晚会	11211	lianhuanwanhui	会	hui	kuai
moudei	谋得	11211	moude	得	de	dei
fangboti	防波堤	11210	fangbodi	堤	di	ti
bohu	泊湖	11206	pohu	泊	po	bo
hanxie	汗血	11206	hanxue	血	xue	xie
wajue	挖角	11206	wajiao	角	jiao	jue
kuoshide	适时地	11197	shishidi	适	shi	kuo
kuoshidi	适时地	11197	shishidi	适	shi	kuo
shishide	适时地	11197	shishidi	地	di	de
duanliaotui	断了腿	11195	duanletui	了	le	liao
kailiaomen	开了门	11195	kailemen	了	le	liao
kuaisiliao	快死了	11195	kuaisile	了	le	liao
waseer	瓦塞尔	11194	wasaier	塞	sai	se
changzhi	长痣	11193	zhangzhi	长	zhang	chang
daike	大棵	11193	dake	大	da	dai
leiqianhang	泪千行	11193	leiqianxing	行	xing	hang
luantiao	乱调	11193	luandiao	调	diao	tiao
shuideizhengxiang	睡得正香	11193	shuidezhengxiang	得	de	dei
yimozuoyou	一万左右	11193	yiwanzuoyou	万	wan	mo
huifushuai	回复率	11192	huifulv	率	lv	shuai
yiyue	怡乐	11192	yile	乐	le	yue
daitang	大塘	11191	datang	大	da	dai
xieshuai	斜率	11191	xielv	率	lv	shuai
qinshuai	亲率	11190	qinlv	率	lv	shuai
liuzhao	留著	11169	liuzhu	著	zhu	zhao
liuzhe	留著	11169	liuzhu	著	zhu	zhe
liuzhuo	留著	11169	liuzhu	著	zhu	zhuo
zhaohan	朝韩	11165	chaohan	朝	chao	zhao
chunde	春地	11158	chundi	地	di	de
duomoyuan	多万元	11158	duowanyuan	万	wan	mo
shengtiao	升调	11156	shengdiao	调	diao	tiao
tiaoya	调压	11153	diaoya	调	diao	tiao
laoshukuai	老鼠会	11152	laoshuhui	会	hui	kuai
coudei	凑得	11151	coude	得	de	dei
dairongshu	大榕树	11151	darongshu	大	da	dai
hudaihuxiao	忽大忽小	11151	hudahuxiao	大	da	dai
jihangzi	几行字	11151	jixingzi	行	xing	hang
zhuojue	桌角	11151	zhuojiao	角	jiao	jue
chengdao	盛到	11144	shengdao	盛	sheng	cheng
duseerduofu	杜塞尔多夫	11144	dusaierduofu	塞	sai	se
chufade	出发地	11139	chufadi	地	di	de
zixian	自见	11137	zijian	见	jian	xian
xiezheng	血症	11136	xuezheng	血	xue	xie
diyijuan	第一圈	11124	diyiquan	圈	quan	juan
qianchong	千重	11121	qianzhong	重	zhong	chong
aiziyue	矮子乐	11120	aizile	乐	le	yue
fengdei	疯得	11120	fengde	得	de	dei
xiangdang	降档	11120	jiangdang	降	jiang	xiang
moqiao	没敲	11120	meiqiao	没	mei	mo
renmurenyang	人模人样	11120	renmorenyang	模	mo	mu
sanshidai	三十大	11120	sanshida	大	da	dai
shangjingshuai	上镜率	11120	shangjinglv	率	lv	shuai
tingdei	停得	11120	tingde	得	de	dei
weidei	围得	11115	weide	得	de	dei
chengji	盛极	11113	shengji	盛	sheng	cheng
daitiao	带调	11113	daidiao	调	diao	tiao
daili	大粒	11113	dali	大	da	dai
zhenghang	整行	11113	zhengxing	行	xing	hang
laolaode	牢牢地	11109	laolaodi	地	di	de
changxing	长型	11108	zhangxing	长	zhang	chang
futiao	复调	11108	fudiao	调	diao	tiao
liliaohun	离了婚	11107	lilehun	了	le	liao
richeng	日盛	11104	risheng	盛	sheng	cheng
daitan	大潭	11102	datan	大	da	dai
xinchangbaixing	寻常百姓	11102	xunchangbaixing	寻	xun	xin
chenzhao	趁著	11101	chenzhu	著	zhu	zhao
chenzhe	趁著	11101	chenzhu	著	zhu	zhe
chenzhuo	趁著	11101	chenzhu	著	zhu	zhuo
duanliaoxian	断了线	11099	duanlexian	了	le	liao
guaziqiao	瓜子壳	11099	guazike	壳	ke	qiao
ziliao	自了	11097	zile	了	le	liao
hangyi	行义	11096	xingyi	行	xing	hang
yimosiqian	一万四千	11096	yiwansiqian	万	wan	mo
bianliaoyang	变了样	11094	bianleyang	了	le	liao
yibulaxin	易卜拉欣	11094	yibolaxin	卜	bo	bu
yimogongli	一万公里	11094	yiwangongli	万	wan	mo
shizhuanbai	十传百	11093	shichuanbai	传	chuan	zhuan
lianxiang	连降	11081	lianjiang	降	jiang	xiang
geji	割给	11079	gegei	给	gei	ji
zhaojiao	昭觉	11079	zhaojue	觉	jue	jiao
bangqiao	蚌壳	11077	bangke	壳	ke	qiao
xiangyouchengyu	享有盛誉	11077	xiangyoushengyu	盛	sheng	cheng
changerduo	长耳朵	11072	zhangerduo	长	zhang	chang
biye	鼻咽	11060	biyan	咽	yan	ye
xiuminglun	宿命论	11051	suminglun	宿	su	xiu
jinjue	金角	11050	jinjiao	角	jiao	jue
bila	碧落	11048	biluo	落	luo	la
banshe	半折	11045	banzhe	折	zhe	she
bodi	薄底	11045	baodi	薄	bao	bo
daizhongchengshi	大中城市	11045	dazhongchengshi	大	da	dai
jichong	几重	11045	jizhong	重	zhong	chong
mami	抹蜜	11045	momi	抹	mo	ma
moshou	没守	11045	meishou	没	mei	mo
wadei	挖得	11045	wade	得	de	dei
xiadailiao	吓呆了	11045	xiadaile	了	le	liao
liaoningchenyang	辽宁沈阳	11027	liaoningshenyang	沈	shen	chen
yidailidui	意大利队	11013	yidalidui	大	da	dai
bizhao	避着	11008	bizhe	着	zhe	zhao
bizhuo	避着	11008	bizhe	着	zhe	zhuo
sanqianduomo	三千多万	11008	sanqianduowan	万	wan	mo
ziwopoxi	自我剖析	11008	ziwopouxi	剖	pou	po
qiancangzhao	潜藏着	11006	qiancangzhe	着	zhe	zhao
qiancangzhuo	潜藏着	11006	qiancangzhe	着	zhe	zhuo
shouwozhao	手握着	11006	shouwozhe	着	zhe	zhao
shouwozhuo	手握着	11006	shouwozhe	着	zhe	zhuo
guzhangshuai	故障率	11004	guzhanglv	率	lv	shuai
shechu	折出	11004	zhechu	折	zhe	she
lide	犁地	10996	lidi	地	di	de
deseng	地僧	10995	diseng	地	di	de
shenghese	圣何塞	10993	shenghesai	塞	sai	se
fanji	反给	10992	fangei	给	gei	ji
cuokuai	错会	10991	cuohui	会	hui	kuai
machang	码长	10989	mazhang	长	zhang	chang
muji	木系	10989	muxi	系	xi	ji
xinchu	寻出	10972	xunchu	寻	xun	xin
daize	大泽	10969	daze	大	da	dai
zhuanqu	传去	10968	chuanqu	传	chuan	zhuan
dailetou	大乐透	10968	daletou	大	da	dai
daiyuetou	大乐透	10968	daletou	大	da	dai
dayuetou	大乐透	10968	daletou	乐	le	yue
daiqingguo	大清国	10968	daqingguo	大	da	dai
xianghuiqu	降回去	10968	jianghuiqu	降	jiang	xiang
juedehenmo	觉得很没	10968	juedehenmei	没	mei	mo
laoxiangkuai	老乡会	10968	laoxianghui	会	hui	kuai
suidetutan	随地吐痰	10968	suiditutan	地	di	de
xiezhuan	血赚	10968	xuezhuan	血	xue	xie
yemu	野模	10968	yemo	模	mo	mu
zainawanni	在哪玩呢	10968	zainawanne	呢	ne	ni
zhongyannierliyuhang	忠言逆耳利于行	10968	zhongyannierliyuxing	行	xing	hang
zhuzhua	猪爪	10968	zhuzhao	爪	zhao	zhua
seluo	塞洛	10960	sailuo	塞	sai	se
labulengsi	拉卜楞寺	10954	labolengsi	卜	bo	bu
zhaopinkuai	招聘会	10950	zhaopinhui	会	hui	kuai
xiongdikuai	兄弟会	10947	xiongdihui	会	hui	kuai
bogedai	波哥大	10945	bogeda	大	da	dai
hegeshuai	合格率	10938	hegelv	率	lv	shuai
kanchenyijue	堪称一绝	10937	kanchengyijue	称	cheng	chen
kechangkeduan	可长可短	10937	kezhangkeduan	长	zhang	chang
masazhuse	马萨诸塞	10933	masazhusai	塞	sai	se
ruxueshuai	入学率	10925	ruxuelv	率	lv	shuai
sineng	似能	10918	shineng	似	shi	si
xiaozukuai	小组会	10918	xiaozuhui	会	hui	kuai
shequan	折券	10907	zhequan	折	zhe	she
pamanliao	爬满了	10905	pamanle	了	le	liao
chongchuan	重传	10904	zhongchuan	重	zhong	chong
chongzhuan	重传	10904	zhongchuan	重	zhong	chong
zhongzhuan	重传	10904	zhongchuan	传	chuan	zhuan
sexier	塞西尔	10904	saixier	塞	sai	se
daifangsong	大放送	10899	dafangsong	大	da	dai
jinkuai	浸会	10897	jinhui	会	hui	kuai
dewei	地维	10896	diwei	地	di	de
jiaojuan	焦圈	10895	jiaoquan	圈	quan	juan
yalishandaigang	亚历山大港	10895	yalishandagang	大	da	dai
bingzhua	冰爪	10893	bingzhao	爪	zhao	zhua
caihuailiao	踩坏了	10893	caihuaile	了	le	liao
wuyiwuxiaoerweizhi	勿以恶小而为之	10893	wuyiexiaoerweizhi	恶	e	wu
moke	万颗	10891	wanke	万	wan	mo
daisixi	大四喜	10888	dasixi	大	da	dai
huanlede	欢乐地	10888	huanledi	地	di	de
juewa	角蛙	10888	jiaowa	角	jiao	jue
kuohunnianling	适婚年龄	10888	shihunnianling	适	shi	kuo
lideikai	离得开	10888	lidekai	得	de	dei
piaozhaoxue	飘着雪	10888	piaozhexue	着	zhe	zhao
piaozhuoxue	飘着雪	10888	piaozhexue	着	zhe	zhuo
shexialai	折下来	10888	zhexialai	折	zhe	she
tiaobo	条薄	10888	tiaobao	薄	bao	bo
xiatiao	瞎调	10888	xiadiao	调	diao	tiao
xienve	血虐	10888	xuenve	血	xue	xie
yushuohuanxiu	欲说还休	10888	yushuohaixiu	还	hai	huan
zhiji	支系	10888	zhixi	系	xi	ji
zhishe	纸折	10888	zhizhe	折	zhe	she
changgou	长沟	10886	zhanggou	长	zhang	chang
taodei	套得	10886	taode	得	de	dei
yihuoweigui	以和为贵	10886	yiheweigui	和	he	huo
bose	波塞	10885	bosai	塞	sai	se
seleisi	塞勒斯	10884	saileisi	塞	sai	se
renxu	人畜	10872	renchu	畜	chu	xu
busuan	卜算	10868	bosuan	卜	bo	bu
cunchang	寸长	10863	cunzhang	长	zhang	chang
daihuaishu	大槐树	10861	dahuaishu	大	da	dai
liuhang	六行	10856	liuxing	行	xing	hang
tiaowang	调往	10853	diaowang	调	diao	tiao
bochun	薄唇	10848	baochun	薄	bao	bo
qibamo	七八万	10848	qibawan	万	wan	mo
chongzai	重灾	10846	zhongzai	重	zhong	chong
daimu	大幕	10844	damu	大	da	dai
qitiao	气调	10844	qidiao	调	diao	tiao
jiaojiede	交界地	10836	jiaojiedi	地	di	de
chenjiamen	沈家门	10819	shenjiamen	沈	shen	chen
tiaobai	调白	10819	diaobai	调	diao	tiao
hanxude	含蓄地	10817	hanxudi	地	di	de
daizhai	大寨	10810	dazhai	大	da	dai
dekan	地勘	10809	dikan	地	di	de
bufeng	卜蜂	10806	bofeng	卜	bo	bu
zhuanfeiwen	传绯闻	10806	chuanfeiwen	传	chuan	zhuan
guandei	惯得	10806	guande	得	de	dei
haoyuedi	好乐迪	10806	haoledi	乐	le	yue
jiaosheng	觉省	10806	juesheng	觉	jue	jiao
juanzhu	圈住	10806	quanzhu	圈	quan	juan
shifeizhide	是非之地	10806	shifeizhidi	地	di	de
taimiaoliao	太妙了	10806	taimiaole	了	le	liao
yibu	易卜	10805	yibo	卜	bo	bu
seweili	塞维利	10803	saiweili	塞	sai	se
zhuanbudao	传不到	10802	chuanbudao	传	chuan	zhuan
xianghao	降好	10802	jianghao	降	jiang	xiang
zhaoyou	朝右	10798	chaoyou	朝	chao	zhao
mozhua	磨爪	10798	mozhao	爪	zhao	zhua
mashuai	码率	10787	malv	率	lv	shuai
chongli	重礼	10785	zhongli	重	zhong	chong
abudula	阿卜杜拉	10784	abodula	卜	bo	bu
tianman	填埋	10780	tianmai	埋	mai	man
dila	蒂落	10775	diluo	落	luo	la
fangdei	防得	10775	fangde	得	de	dei
zhengzhengdi	铮铮的	10775	zhengzhengde	的	de	di
youchangyouduan	有长有短	10768	youzhangyouduan	长	zhang	chang
pidoukuai	批斗会	10767	pidouhui	会	hui	kuai
gongdei	攻得	10765	gongde	得	de	dei
baochen	报称	10764	baocheng	称	cheng	chen
shuchong	数重	10763	shuzhong	重	zhong	chong
juandian	圈点	10760	quandian	圈	quan	juan
shunhang	顺行	10760	shunxing	行	xing	hang
jingbo	镜泊	10758	jingpo	泊	po	bo
huanchen	换称	10755	huancheng	称	cheng	chen
pijuan	皮圈	10755	piquan	圈	quan	juan
xianxing	见性	10752	jianxing	见	jian	xian
cuowushuai	错误率	10750	cuowulv	率	lv	shuai
liangmosiqian	两万四千	10748	liangwansiqian	万	wan	mo
liehang	劣行	10744	liexing	行	xing	hang
xiade	辖地	10741	xiadi	地	di	de
zhonglianchongke	中联重科	10740	zhonglianzhongke	重	zhong	chong
kandaiha	坎大哈	10738	kandaha	大	da	dai
xieyang	血氧	10734	xueyang	血	xue	xie
kuoyou	适有	10731	shiyou	适	shi	kuo
zhaoge	著各	10730	zhuge	著	zhu	zhao
zhuoge	著各	10730	zhuge	著	zhu	zhuo
beiwei	臂围	10729	biwei	臂	bi	bei
tanwan	弹完	10729	danwan	弹	dan	tan
shibamo	十八万	10729	shibawan	万	wan	mo
wenyijuan	文艺圈	10729	wenyiquan	圈	quan	juan
nuannuanhuohuo	暖暖和和	10728	nuannuanhuohe	和	he	huo
yiluhang	一路行	10724	yiluxing	行	xing	hang
daixinggong	大行宫	10721	daxinggong	大	da	dai
duonianweixian	多年未见	10721	duonianweijian	见	jian	xian
houbuzhaodian	后不着店	10721	houbuzhedian	着	zhe	zhao
houbuzhuodian	后不着店	10721	houbuzhedian	着	zhe	zhuo
kuocai	适才	10721	shicai	适	shi	kuo
lanxie	蓝血	10721	lanxue	血	xue	xie
mobi	没笔	10721	meibi	没	mei	mo
mofu	没附	10721	meifu	没	mei	mo
moreqing	没热情	10721	meireqing	没	mei	mo
mozheng	没征	10721	meizheng	没	mei	mo
minzhao	抿着	10721	minzhe	着	zhe	zhao
minzhuo	抿着	10721	minzhe	着	zhe	zhuo
nizhao	腻着	10721	nizhe	着	zhe	zhao
nizhuo	腻着	10721	nizhe	着	zhe	zhuo
qingqingdi	清清的	10721	qingqingde	的	de	di
shanliaoyixia	闪了一下	10721	shanleyixia	了	le	liao
shuomingkuai	说明会	10721	shuominghui	会	hui	kuai
taxuexinmei	踏雪寻梅	10721	taxuexunmei	寻	xun	xin
yimotiao	一万条	10721	yiwantiao	万	wan	mo
yuanhuoni	愿和你	10721	yuanheni	和	he	huo
poshe	破折	10713	pozhe	折	zhe	she
zitiao	自调	10713	zidiao	调	diao	tiao
maxiang	抹香	10712	moxiang	抹	mo	ma
sunshicanchong	损失惨重	10711	sunshicanzhong	重	zhong	chong
kuoyongfanwei	适用范围	10710	shiyongfanwei	适	shi	kuo
sipanse	斯潘塞	10709	sipansai	塞	sai	se
gezhao	各朝	10700	gechao	朝	chao	zhao
xila	西落	10698	xiluo	落	luo	la
dachai	打差	10695	dacha	差	cha	chai
qiangdei	呛得	10695	qiangde	得	de	dei
dideizhu	抵得住	10686	didezhu	得	de	dei
huoji	火系	10684	huoxi	系	xi	ji
zhuanguo	传国	10679	chuanguo	传	chuan	zhuan
hangqi	行气	10675	xingqi	行	xing	hang
kuohang	适航	10674	shihang	适	shi	kuo
danbei	单臂	10669	danbi	臂	bi	bei
fuzhao	附著	10669	fuzhu	著	zhu	zhao
fuzhe	附著	10669	fuzhu	著	zhu	zhe
fuzhuo	附著	10669	fuzhu	著	zhu	zhuo
pianchang	偏长	10665	pianzhang	长	zhang	chang
yanchubihang	言出必行	10665	yanchubixing	行	xing	hang
zhiyushuai	治愈率	10665	zhiyulv	率	lv	shuai
feishuai	费率	10663	feilv	率	lv	shuai
daigui	大柜	10660	dagui	大	da	dai
dangdijilv	党的纪律	10660	dangdejilv	的	de	di
bangbaokuo	帮宝适	10659	bangbaoshi	适	shi	kuo
tuidei	退得	10659	tuide	得	de	dei
daikongyi	大空翼	10656	dakongyi	大	da	dai
jiyou	系由	10654	xiyou	系	xi	ji
daibenxiang	大笨象	10653	dabenxiang	大	da	dai
sheihuixiangdao	谁会想到	10650	shuihuixiangdao	谁	shui	shei
sheikuaixiangdao	谁会想到	10650	shuihuixiangdao	谁	shui	shei
shuikuaixiangdao	谁会想到	10650	shuihuixiangdao	会	hui	kuai
zhihaiyao	止咳药	10650	zhikeyao	咳	ke	hai
xinxinzishi	寻衅滋事	10642	xunxinzishi	寻	xun	xin
bawushe	八五折	10636	bawuzhe	折	zhe	she
zhuanguoqu	传过去	10636	chuanguoqu	传	chuan	zhuan
daigu	大沽	10636	dagu	大	da	dai
hendei	狠得	10636	hende	得	de	dei
bushuji	不输给	10634	bushugei	给	gei	ji
daijianjia	大减价	10634	dajianjia	大	da	dai
dianbuzhao	点不着	10634	dianbuzhe	着	zhe	zhao
dianbuzhuo	点不着	10634	dianbuzhe	着	zhe	zhuo
tiaoguoqu	调过去	10634	diaoguoqu	调	diao	tiao
dongliaodong	动了动	10634	dongledong	了	le	liao
duolajie	堕落街	10634	duoluojie	落	luo	la
guideqiurao	跪地求饶	10634	guidiqiurao	地	di	de
yimozhi	一万只	10634	yiwanzhi	万	wan	mo
chongzaiqu	重灾区	10630	zhongzaiqu	重	zhong	chong
zhisishuai	致死率	10628	zhisilv	率	lv	shuai
shichangzhanyoushuai	市场占有率	10627	shichangzhanyoulv	率	lv	shuai
baihang	百行	10605	baixing	行	xing	hang
zhuanzhu	传主	10604	chuanzhu	传	chuan	zhuan
qimoduo	七万多	10602	qiwanduo	万	wan	mo
shangmoge	上万个	10602	shangwange	万	wan	mo
yique	乙炔	10600	yigui	炔	gui	que
daichufengtou	大出风头	10595	dachufengtou	大	da	dai
huaxueji	化学系	10594	huaxuexi	系	xi	ji
yingyujue	英语角	10593	yingyujiao	角	jiao	jue
saimotisi	塞万提斯	10589	saiwantisi	万	wan	mo
semotisi	塞万提斯	10589	saiwantisi	塞	sai	se
sewantisi	塞万提斯	10589	saiwantisi	塞	sai	se
jiaojiaoluola	角角落落	10585	jiaojiaoluoluo	落	luo	la
juejiaoluola	角角落落	10585	jiaojiaoluoluo	角	jiao	jue
juejiaoluoluo	角角落落	10585	jiaojiaoluoluo	角	jiao	jue
yuewuyou	乐无忧	10583	lewuyou	乐	le	yue
shuodeishang	说得上	10583	shuodeshang	得	de	dei
shuaiyi	率亦	10582	lvyi	率	lv	shuai
mochuan	没船	10560	meichuan	没	mei	mo
fashengde	发生地	10558	fashengdi	地	di	de
zhesheshuai	折射率	10557	zheshelv	率	lv	shuai
pomian	剖面	10554	poumian	剖	pou	po
zhaoxiang	著相	10553	zhuxiang	著	zhu	zhao
zhexiang	著相	10553	zhuxiang	著	zhu	zhe
zhuoxiang	著相	10553	zhuxiang	著	zhu	zhuo
baiyuemen	百乐门	10550	bailemen	乐	le	yue
beishangde	悲伤地	10550	beishangdi	地	di	de
shaoyitan	烧夷弹	10550	shaoyidan	弹	dan	tan
shijiumo	十九万	10550	shijiuwan	万	wan	mo
tiaoxiang	调相	10547	diaoxiang	调	diao	tiao
anlianzhao	暗恋着	10543	anlianzhe	着	zhe	zhao
anlianzhuo	暗恋着	10543	anlianzhe	着	zhe	zhuo
bodei	剥得	10543	bode	得	de	dei
tanbuchu	弹不出	10543	danbuchu	弹	dan	tan
dangdeiqi	当得起	10543	dangdeqi	得	de	dei
jiandezhao	见得着	10543	jiandezhe	着	zhe	zhao
jiandezhuo	见得着	10543	jiandezhe	着	zhe	zhuo
juechong	角虫	10543	jiaochong	角	jiao	jue
jigan	系甘	10543	xigan	系	xi	ji
jiwu	系吾	10543	xiwu	系	xi	ji
mozhuyi	没主意	10543	meizhuyi	没	mei	mo
qianmingkuai	签名会	10543	qianminghui	会	hui	kuai
qianqiumozai	千秋万载	10543	qianqiuwanzai	万	wan	mo
shiwanbamo	十万八万	10543	shiwanbawan	万	wan	mo
xiaoguo	削过	10543	xueguo	削	xue	xiao
zuopianqi	坐便器	10543	zuobianqi	便	bian	pian
buzhaohenji	不着痕迹	10539	buzhehenji	着	zhe	zhao
buzhuohenji	不着痕迹	10539	buzhehenji	着	zhe	zhuo
chailu	差路	10539	chalu	差	cha	chai
daichushi	大厨师	10539	dachushi	大	da	dai
dangdeizhu	挡得住	10539	dangdezhu	得	de	dei
daodaimei	倒大霉	10539	daodamei	大	da	dai
lianman	脸埋	10539	lianmai	埋	mai	man
touqiao	头壳	10539	touke	壳	ke	qiao
pidei	批得	10538	pide	得	de	dei
yigejinde	一个劲地	10538	yigejindi	地	di	de
xiedao	血刀	10534	xuedao	血	xue	xie
zhuanbiao	传标	10532	chuanbiao	传	chuan	zhuan
deduikong	地对空	10523	diduikong	地	di	de
maliang	抹亮	10520	moliang	抹	mo	ma
xiangbing	降兵	10517	jiangbing	降	jiang	xiang
shishen	实参	10517	shican	参	can	shen
shizhao	示著	10517	shizhu	著	zhu	zhao
shizhe	示著	10517	shizhu	著	zhu	zhe
shizhuo	示著	10517	shizhu	著	zhu	zhuo
zhaomingshiren	著名诗人	10514	zhumingshiren	著	zhu	zhao
zhemingshiren	著名诗人	10514	zhumingshiren	著	zhu	zhe
zhuomingshiren	著名诗人	10514	zhumingshiren	著	zhu	zhuo
yangde	养地	10508	yangdi	地	di	de
luqushuai	录取率	10507	luqulv	率	lv	shuai
jianjiede	间接地	10505	jianjiedi	地	di	de
duomoge	多万个	10503	duowange	万	wan	mo
xitongde	系统地	10486	xitongdi	地	di	de
maxiangjing	抹香鲸	10483	moxiangjing	抹	mo	ma
zhaotang	朝堂	10481	chaotang	朝	chao	zhao
gaojizhichen	高级职称	10476	gaojizhicheng	称	cheng	chen
baoshuai	爆率	10466	baolv	率	lv	shuai
sichuxinzhao	四处寻找	10466	sichuxunzhao	寻	xun	xin
nanjijuan	南极圈	10463	nanjiquan	圈	quan	juan
getiao	歌调	10457	gediao	调	diao	tiao
tiejuan	铁圈	10457	tiequan	圈	quan	juan
hetan	合弹	10456	hedan	弹	dan	tan
sheiken	谁肯	10456	shuiken	谁	shui	shei
baozhaoshu	抱着书	10448	baozheshu	着	zhe	zhao
baozhuoshu	抱着书	10448	baozheshu	着	zhe	zhuo
bijuan	币圈	10448	biquan	圈	quan	juan
daifeizhouzhang	大费周章	10448	dafeizhouzhang	大	da	dai
daishuo	大硕	10448	dashuo	大	da	dai
fengtingliao	风停了	10448	fengtingle	了	le	liao
hanjuan	韩圈	10448	hanquan	圈	quan	juan
jutiao	橘调	10448	judiao	调	diao	tiao
quanse	全塞	10448	quansai	塞	sai	se
rongrongdi	绒绒的	10448	rongrongde	的	de	di
shanzhaoguang	闪着光	10448	shanzheguang	着	zhe	zhao
shanzhuoguang	闪着光	10448	shanzheguang	着	zhe	zhuo
shoushidai	首师大	10448	shoushida	大	da	dai
suizhuansuidao	随传随到	10448	suichuansuidao	传	chuan	zhuan
suisuidi	碎碎的	10448	suisuide	的	de	di
tangchai	趟差	10448	tangcha	差	cha	chai
wangshangxian	网上见	10448	wangshangjian	见	jian	xian
wumokuai	五万块	10448	wuwankuai	万	wan	mo
yanjuan	烟圈	10448	yanquan	圈	quan	juan
yigemoli	一个万里	10448	yigewanli	万	wan	mo
yutiao	预调	10448	yudiao	调	diao	tiao
kengman	坑埋	10443	kengmai	埋	mai	man
yangxie	羊血	10443	yangxue	血	xue	xie
delana	地拉那	10439	dilana	地	di	de
guanliaomen	关了门	10438	guanlemen	了	le	liao
hegongdai	合工大	10438	hegongda	大	da	dai
hangxiao	行孝	10437	xingxiao	行	xing	hang
duocichong	多次重	10436	duocizhong	重	zhong	chong
tanshuaide	坦率地	10435	tanshuaidi	地	di	de
daipu	大浦	10434	dapu	大	da	dai
cengchen	曾称	10431	cengcheng	称	cheng	chen
daijiaosi	大觉寺	10431	dajuesi	大	da	dai
daijuesi	大觉寺	10431	dajuesi	大	da	dai
dajiaosi	大觉寺	10431	dajuesi	觉	jue	jiao
zhengzhiji	政治系	10431	zhengzhixi	系	xi	ji
modunji	万吨级	10427	wandunji	万	wan	mo
xiuyuan	宿怨	10427	suyuan	宿	su	xiu
ruzhushuai	入住率	10419	ruzhulv	率	lv	shuai
pobai	剖白	10418	poubai	剖	pou	po
yingxinkuai	迎新会	10417	yingxinhui	会	hui	kuai
duobankuai	多半会	10412	duobanhui	会	hui	kuai
qianfuzhao	潜伏着	10412	qianfuzhe	着	zhe	zhao
qianfuzhuo	潜伏着	10412	qianfuzhe	着	zhe	zhuo
side	私地	10412	sidi	地	di	de
shengliaobing	生了病	10411	shenglebing	了	le	liao
daitaibei	大台北	10409	dataibei	大	da	dai
podei	破得	10407	pode	得	de	dei
bidei	逼得	10402	bide	得	de	dei
daizhongxing	大中型	10399	dazhongxing	大	da	dai
jianchahuo	检查和	10393	jianchahe	和	he	huo
oujilidei	欧几里得	10386	oujilide	得	de	dei
seerma	塞尔玛	10385	saierma	塞	sai	se
daimuzhi	大姆指	10382	damuzhi	大	da	dai
disihang	第四行	10379	disixing	行	xing	hang
semidi	塞米蒂	10369	saimidi	塞	sai	se
shiweiyouhang	示威游行	10364	shiweiyouxing	行	xing	hang
fangchangxiandiao	放长线钓	10350	fangzhangxiandiao	长	zhang	chang
jiaojuan	胶圈	10350	jiaoquan	圈	quan	juan
jikuai	几会	10350	jihui	会	hui	kuai
manyie	满意哦	10350	manyio	哦	o	e
moxingan	没心肝	10350	meixingan	没	mei	mo
quedei	缺得	10350	quede	得	de	dei
sheidui	谁怼	10350	shuidui	谁	shui	shei
taoji	掏给	10350	taogei	给	gei	ji
xinwu	寻物	10350	xunwu	寻	xun	xin
lichai	离差	10347	licha	差	cha	chai
liujuan	六圈	10347	liuquan	圈	quan	juan
zhangdai	涨大	10347	zhangda	大	da	dai
deilaibuyi	得来不易	10344	delaibuyi	得	de	dei
gaibo	盖薄	10344	gaibao	薄	bao	bo
sewa	塞瓦	10337	saiwa	塞	sai	se
jutiao	句调	10333	judiao	调	diao	tiao
moshen	万身	10333	wanshen	万	wan	mo
changchengbushuai	长盛不衰	10332	zhangshengbushuai	长	zhang	chang
changshengbushuai	长盛不衰	10332	zhangshengbushuai	长	zhang	chang
zhangchengbushuai	长盛不衰	10332	zhangshengbushuai	盛	sheng	cheng
fudandeiqi	负担得起	10331	fudandeqi	得	de	dei
sanshiduomo	三十多万	10331	sanshiduowan	万	wan	mo
xiaobao	削薄	10331	xuebao	削	xue	xiao
xiaobo	削薄	10331	xuebao	削	xue	xiao
xuebo	削薄	10331	xuebao	薄	bao	bo
jipian	急便	10324	jibian	便	bian	pian
defu	地富	10323	difu	地	di	de
zhuangsi	状似	10323	zhuangshi	似	shi	si
chongze	重则	10322	zhongze	重	zhong	chong
bingchizhao	秉持着	10316	bingchizhe	着	zhe	zhao
bingchizhuo	秉持着	10316	bingchizhe	着	zhe	zhuo
zhuandui	传对	10316	chuandui	传	chuan	zhuan
ouxian	偶见	10316	oujian	见	jian	xian
jueguo	角果	10315	jiaoguo	角	jiao	jue
falvji	法律系	10314	falvxi	系	xi	ji
jutideshuo	具体地说	10314	jutidishuo	地	di	de
lajin	落进	10314	luojin	落	luo	la
hangdu	行度	10312	xingdu	行	xing	hang
huaduqu	花都区	10312	huadouqu	都	dou	du
hongdei	烘得	10296	hongde	得	de	dei
mangxiang	盲降	10296	mangjiang	降	jiang	xiang
ermoduo	二万多	10292	erwanduo	万	wan	mo
geji	各系	10287	gexi	系	xi	ji
zhandeizhujiao	站得住脚	10284	zhandezhujiao	得	de	dei
choubeikuai	筹备会	10281	choubeihui	会	hui	kuai
chadeiduo	差得多	10280	chadeduo	得	de	dei
chaideduo	差得多	10280	chadeduo	差	cha	chai
chaideiduo	差得多	10280	chadeduo	差	cha	chai
diashengdiaqi	嗲声嗲气	10279	dieshengdieqi	嗲	die	dia
diashengdieqi	嗲声嗲气	10279	dieshengdieqi	嗲	die	dia
dieshengdiaqi	嗲声嗲气	10279	dieshengdieqi	嗲	die	dia
daijisi	大祭司	10271	dajisi	大	da	dai
xiangtang	降糖	10269	jiangtang	降	jiang	xiang
daiqian	大钳	10267	daqian	大	da	dai
jinhangtanpan	进行谈判	10259	jinxingtanpan	行	xing	hang
chuangzaoxingde	创造性地	10252	chuangzaoxingdi	地	di	de
zhaoshan	朝山	10250	chaoshan	朝	chao	zhao
beiwen	臂纹	10249	biwen	臂	bi	bei
chanfuzhao	搀扶着	10249	chanfuzhe	着	zhe	zhao
chanfuzhuo	搀扶着	10249	chanfuzhe	着	zhe	zhuo
daibiaodi	大表弟	10249	dabiaodi	大	da	dai
tiaobingshan	调兵山	10249	diaobingshan	调	diao	tiao
wupo	恶婆	10249	epo	恶	e	wu
haoxinmohao	好心没好	10249	haoxinmeihao	没	mei	mo
jiaoguo	觉果	10249	jueguo	觉	jue	jiao
yuefantian	乐翻天	10249	lefantian	乐	le	yue
lixian	立见	10249	lijian	见	jian	xian
liujuan	溜圈	10249	liuquan	圈	quan	juan
matou	抹头	10249	motou	抹	mo	ma
moquan	没劝	10249	meiquan	没	mei	mo
xiuwu	宿务	10249	suwu	宿	su	xiu
zhaozuoquan	着作权	10249	zhezuoquan	着	zhe	zhao
zhuozuoquan	着作权	10249	zhezuoquan	着	zhe	zhuo
hangbaili	行百里	10248	xingbaili	行	xing	hang
biwei	辟为	10243	piwei	辟	pi	bi
sidahang	四大行	10243	sidaxing	行	xing	hang
yelvdai	耶律大	10242	yelvda	大	da	dai
yelvdaishi	耶律大石	10242	yelvdashi	大	da	dai
jiuchen	旧称	10239	jiucheng	称	cheng	chen
chaoguangjue	超广角	10237	chaoguangjiao	角	jiao	jue
tiaowukuai	跳舞会	10237	tiaowuhui	会	hui	kuai
miaozhao	瞄着	10234	miaozhe	着	zhe	zhao
miaozhuo	瞄着	10234	miaozhe	着	zhe	zhuo
shuzhao	梳着	10234	shuzhe	着	zhe	zhao
shuzhuo	梳着	10234	shuzhe	着	zhe	zhuo
shouyishuai	收益率	10233	shouyilv	率	lv	shuai
banchong	半重	10232	banzhong	重	zhong	chong
moyingbang	万英镑	10230	wanyingbang	万	wan	mo
shuhang	数行	10230	shuxing	行	xing	hang
xiuzhe	宿者	10229	suzhe	宿	su	xiu
qiandei	签得	10224	qiande	得	de	dei
shuaipian	率偏	10221	lvpian	率	lv	shuai
deizhou	得州	10217	dezhou	得	de	dei
guiji	桂系	10217	guixi	系	xi	ji
zhengjuan	整圈	10217	zhengquan	圈	quan	juan
baoman	包埋	10215	baomai	埋	mai	man
hangfou	行否	10214	xingfou	行	xing	hang
xiuwu	宿雾	10214	suwu	宿	su	xiu
chongchui	重锤	10205	zhongchui	重	zhong	chong
erjue	二角	10203	erjiao	角	jiao	jue
feihang	非行	10200	feixing	行	xing	hang
liangtanyixing	两弹一星	10195	liangdanyixing	弹	dan	tan
langsongkuai	朗诵会	10193	langsonghui	会	hui	kuai
moduan	万段	10191	wanduan	万	wan	mo
shengwuji	生物系	10191	shengwuxi	系	xi	ji
wancheng	碗盛	10191	wansheng	盛	sheng	cheng
machu	抹除	10190	mochu	抹	mo	ma
xiangxi	降息	10183	jiangxi	降	jiang	xiang
liangqianduomo	两千多万	10175	liangqianduowan	万	wan	mo
qiebo	切薄	10175	qiebao	薄	bao	bo
jingchen	敬称	10172	jingcheng	称	cheng	chen
jiaowuchang	教务长	10169	jiaowuzhang	长	zhang	chang
daidazhekou	大打折扣	10167	dadazhekou	大	da	dai
liuqimo	六七万	10167	liuqiwan	万	wan	mo
huse	胡塞	10154	husai	塞	sai	se
buhang	布行	10153	buxing	行	xing	hang
chaohuxinchang	超乎寻常	10153	chaohuxunchang	寻	xun	xin
sikandina	斯堪的纳	10152	sikandena	的	de	di
xiseluo	西塞罗	10151	xisailuo	塞	sai	se
bisaichangde	比赛场地	10148	bisaichangdi	地	di	de
baose	包塞	10142	baosai	塞	sai	se
bengzhaolian	绷着脸	10142	bengzhelian	着	zhe	zhao
bengzhuolian	绷着脸	10142	bengzhelian	着	zhe	zhuo
tanping	弹屏	10142	danping	弹	dan	tan
diannianzhao	惦念着	10142	diannianzhe	着	zhe	zhao
diannianzhuo	惦念着	10142	diannianzhe	着	zhe	zhuo
huansi	还撕	10142	haisi	还	hai	huan
mohao	万毫	10142	wanhao	万	wan	mo
nianliao	黏了	10142	nianle	了	le	liao
sheduoshan	折多山	10142	zheduoshan	折	zhe	she
wujueqian	五角钱	10142	wujiaoqian	角	jiao	jue
xiangdeiqilai	想得起来	10142	xiangdeqilai	得	de	dei
xiangliaoyouxiang	想了又想	10142	xiangleyouxiang	了	le	liao
zhouzhaomeitou	皱着眉头	10142	zhouzhemeitou	着	zhe	zhao
zhouzhuomeitou	皱着眉头	10142	zhouzhemeitou	着	zhe	zhuo
ganlonghuangdi	乾隆皇帝	10136	qianlonghuangdi	乾	qian	gan
jihua	系花	10136	xihua	系	xi	ji
yimoliangqian	一万两千	10135	yiwanliangqian	万	wan	mo
kuaimi	会密	10132	huimi	会	hui	kuai
moduoge	万多个	10132	wanduoge	万	wan	mo
shuaijun	率均	10130	lvjun	率	lv	shuai
tonghuopengzhangshuai	通货膨胀率	10128	tonghuopengzhanglv	率	lv	shuai
yimoerqian	一万二千	10123	yiwanerqian	万	wan	mo
beidaifuzhong	北大附中	10120	beidafuzhong	大	da	dai
kuoyongfang	适用房	10117	shiyongfang	适	shi	kuo
busuanzi	卜算子	10116	bosuanzi	卜	bo	bu
hujide	户籍地	10116	hujidi	地	di	de
shede	折得	10116	zhede	折	zhe	she
shedei	折得	10116	zhede	折	zhe	she
zhedei	折得	10116	zhede	得	de	dei
zhaojiaosi	昭觉寺	10116	zhaojuesi	觉	jue	jiao
jieyuan	桔园	10115	juyuan	桔	ju	jie
mopian	万片	10115	wanpian	万	wan	mo
daiweishan	大围山	10111	daweishan	大	da	dai
andei	暗得	10109	ande	得	de	dei
gaoshoushishuai	高收视率	10109	gaoshoushilv	率	lv	shuai
guishei	归谁	10109	guishui	谁	shui	shei
pixiao	皮削	10109	pixue	削	xue	xiao
xiangchai	象差	10109	xiangcha	差	cha	chai
youkuaizai	又会在	10109	youhuizai	会	hui	kuai
bosedong	波塞冬	10099	bosaidong	塞	sai	se
sanyue	三乐	10099	sanle	乐	le	yue
chaoyanglu	朝阳路	10091	zhaoyanglu	朝	zhao	chao
daiyan	大岩	10091	dayan	大	da	dai
daiyuli	大于利	10091	dayuli	大	da	dai
mianbo	面薄	10091	mianbao	薄	bao	bo
depin	地贫	10083	dipin	地	di	de
daigang	大岗	10082	dagang	大	da	dai
maozuliaojin	卯足了劲	10082	maozulejin	了	le	liao
kunzhao	捆着	10079	kunzhe	着	zhe	zhao
kunzhuo	捆着	10079	kunzhe	着	zhe	zhuo
zhide	织地	10075	zhidi	地	di	de
deiwei	得伟	10070	dewei	得	de	dei
deshouhu	地守护	10070	dishouhu	地	di	de
xiuzhoushi	宿州市	10064	suzhoushi	宿	su	xiu
zhihang	置行	10060	zhixing	行	xing	hang
daibaikequan	大百科全	10054	dabaikequan	大	da	dai
jiehuangse	桔黄色	10053	juhuangse	桔	ju	jie
mouhang	某行	10051	mouxing	行	xing	hang
chongdang	重当	10048	zhongdang	重	zhong	chong
feide	肥地	10048	feidi	地	di	de
majue	马角	10048	majiao	角	jiao	jue
quanjue	全角	10048	quanjiao	角	jiao	jue
zhiji	支给	10048	zhigei	给	gei	ji
hangji	行祭	10040	xingji	行	xing	hang
daiguocai	大锅菜	10032	daguocai	大	da	dai
daizhuanpan	大转盘	10032	dazhuanpan	大	da	dai
tantanqin	弹弹琴	10032	dantanqin	弹	dan	tan
hengshe	横折	10032	hengzhe	折	zhe	she
sheitao	谁掏	10032	shuitao	谁	shui	shei
suhuanzhen	素还真	10032	suhaizhen	还	hai	huan
ximending	西门町	10032	ximenting	町	ting	ding
xingshenmingshei	姓甚名谁	10032	xingshenmingshui	谁	shui	shei
zhengni	蒸呢	10032	zhengne	呢	ne	ni
jingbohu	镜泊湖	10026	jingpohu	泊	po	bo
mozuo	万座	10025	wanzuo	万	wan	mo
yangshen	洋参	10025	yangcan	参	can	shen
kouye	口咽	10019	kouyan	咽	yan	ye
liaochenzhanyi	辽沈战役	10018	liaoshenzhanyi	沈	shen	chen
meidu	煤都	10015	meidou	都	dou	du
liangansande	两岸三地	10009	liangansandi	地	di	de
shejue	射角	10007	shejiao	角	jiao	jue
ningshizhao	凝视着	10000	ningshizhe	着	zhe	zhao
ningshizhuo	凝视着	10000	ningshizhe	着	zhe	zhuo
jinanxianchong	急难险重	9998	jinanxianzhong	重	zhong	chong
aisekesi	埃塞克斯	9994	aisaikesi	塞	sai	se
banbei	半臂	9992	banbi	臂	bi	bei
huangouyong	还够用	9992	haigouyong	还	hai	huan
moshou	万手	9992	wanshou	万	wan	mo
yinchengyangshuai	阴盛阳衰	9992	yinshengyangshuai	盛	sheng	cheng
biaokuai	标会	9991	biaohui	会	hui	kuai
culvede	粗略地	9991	culvedi	地	di	de
shebing	折兵	9991	zhebing	折	zhe	she
dianzichen	电子称	9989	dianzicheng	称	cheng	chen
xinchou	寻仇	9989	xunchou	寻	xun	xin
moshousi	万寿寺	9988	wanshousi	万	wan	mo
wubaoliude	无保留地	9987	wubaoliudi	地	di	de
senei	塞内	9971	sainei	塞	sai	se
banjue	半角	9969	banjiao	角	jiao	jue
changpai	长排	9969	zhangpai	长	zhang	chang
chaibuyuan	差不远	9963	chabuyuan	差	cha	chai
xiangzhi	降脂	9963	jiangzhi	降	jiang	xiang
beichang	臂长	9962	bizhang	臂	bi	bei
beizhang	臂长	9962	bizhang	臂	bi	bei
bichang	臂长	9962	bizhang	长	zhang	chang
hentouliao	恨透了	9962	hentoule	了	le	liao
pande	盘地	9962	pandi	地	di	de
mopi	万匹	9956	wanpi	万	wan	mo
rushejue	入射角	9956	rushejiao	角	jiao	jue
tiaosu	调速	9952	diaosu	调	diao	tiao
jingchen	京沈	9946	jingshen	沈	shen	chen
shudu	蜀都	9946	shudou	都	dou	du
deduide	地对地	9943	diduidi	地	di	de
deduidi	地对地	9943	diduidi	地	di	de
diduide	地对地	9943	diduidi	地	di	de
benshen	本参	9940	bencan	参	can	shen
daizhongxiaoxue	大中小学	9938	dazhongxiaoxue	大	da	dai
huanfu	还付	9936	haifu	还	hai	huan
shaoshaodi	少少的	9932	shaoshaode	的	de	di
yidaili	义大利	9927	yidali	大	da	dai
kuaize	会泽	9923	huize	会	hui	kuai
mianshe	面折	9923	mianzhe	折	zhe	she
sanbaiduomo	三百多万	9923	sanbaiduowan	万	wan	mo
daiguanjia	大管家	9918	daguanjia	大	da	dai
daibianshen	大变身	9916	dabianshen	大	da	dai
tanxia	弹下	9916	danxia	弹	dan	tan
dinghuokuai	订货会	9916	dinghuohui	会	hui	kuai
jianjianjue	尖尖角	9916	jianjianjiao	角	jiao	jue
kuazhao	夸着	9916	kuazhe	着	zhe	zhao
kuazhuo	夸着	9916	kuazhe	着	zhe	zhuo
malan	抹蓝	9916	molan	抹	mo	ma
minzhaozui	抿着嘴	9916	minzhezui	着	zhe	zhao
minzhuozui	抿着嘴	9916	minzhezui	着	zhe	zhuo
mohang	末行	9916	moxing	行	xing	hang
peidei	赔得	9916	peide	得	de	dei
qiandingningmozhufu	千叮咛万嘱咐	9916	qiandingningwanzhufu	万	wan	mo
yantan	烟弹	9916	yandan	弹	dan	tan
yaozhaobufang	咬着不放	9916	yaozhebufang	着	zhe	zhao
yaozhuobufang	咬着不放	9916	yaozhebufang	着	zhe	zhuo
zhichang	痣长	9916	zhizhang	长	zhang	chang
tanpao	弹炮	9912	danpao	弹	dan	tan
huahang	画行	9906	huaxing	行	xing	hang
neijue	内角	9905	neijiao	角	jiao	jue
zhihang	志行	9905	zhixing	行	xing	hang
banhang	颁行	9904	banxing	行	xing	hang
difenbianshuai	低分辨率	9898	difenbianlv	率	lv	shuai
yiliaoji	医疗系	9896	yiliaoxi	系	xi	ji
zhaoxianrenminjun	朝鲜人民军	9894	chaoxianrenminjun	朝	chao	zhao
daizai	大灾	9894	dazai	大	da	dai
motao	万套	9893	wantao	万	wan	mo
shisandai	十三大	9893	shisanda	大	da	dai
meishuodi	没说的	9888	meishuode	的	de	di
moshuode	没说的	9888	meishuode	没	mei	mo
moshuodi	没说的	9888	meishuode	没	mei	mo
jiaoyuchang	教育长	9869	jiaoyuzhang	长	zhang	chang
jingjijuan	经济圈	9868	jingjiquan	圈	quan	juan
changban	长伴	9864	zhangban	长	zhang	chang
daizhuzi	大柱子	9864	dazhuzi	大	da	dai
jinwozhao	紧握着	9864	jinwozhe	着	zhe	zhao
jinwozhuo	紧握着	9864	jinwozhe	着	zhe	zhuo
juanjin	圈进	9864	quanjin	圈	quan	juan
lali	落黎	9864	luoli	落	luo	la
shiman	食埋	9864	shimai	埋	mai	man
tiaoxiao	调校	9862	diaoxiao	调	diao	tiao
shouqidaola	手起刀落	9861	shouqidaoluo	落	luo	la
siwumo	四五万	9861	siwuwan	万	wan	mo
daigong	大宫	9853	dagong	大	da	dai
zhongjizhichen	中级职称	9851	zhongjizhicheng	称	cheng	chen
lingde	岭地	9850	lingdi	地	di	de
juanceng	圈层	9849	quanceng	圈	quan	juan
minruide	敏锐地	9849	minruidi	地	di	de
muse	姆塞	9848	musai	塞	sai	se
tuxin	图寻	9844	tuxun	寻	xun	xin
ningxie	凝血	9843	ningxue	血	xue	xie
yidailiwen	意大利文	9839	yidaliwen	大	da	dai
shijue	石角	9837	shijiao	角	jiao	jue
chengshuai	盛衰	9833	shengshuai	盛	sheng	cheng
feipangshuai	肥胖率	9833	feipanglv	率	lv	shuai
liangbaiduomo	两百多万	9827	liangbaiduowan	万	wan	mo
yidaipai	一大排	9827	yidapai	大	da	dai
yinchang	音长	9821	yinzhang	长	zhang	chang
zhuanbao	传报	9818	chuanbao	传	chuan	zhuan
zhaonei	朝内	9813	chaonei	朝	chao	zhao
daigaimao	大盖帽	9802	dagaimao	大	da	dai
luseen	卢塞恩	9802	lusaien	塞	sai	se
jianxiang	渐降	9801	jianjiang	降	jiang	xiang
gezhao	隔著	9797	gezhu	著	zhu	zhao
gezhe	隔著	9797	gezhu	著	zhu	zhe
gezhuo	隔著	9797	gezhu	著	zhu	zhuo
chongjuan	虫圈	9795	chongquan	圈	quan	juan
choumingzhaozhao	臭名昭着	9795	choumingzhaozhe	着	zhe	zhao
choumingzhaozhuo	臭名昭着	9795	choumingzhaozhe	着	zhe	zhuo
zhuancuo	传错	9795	chuancuo	传	chuan	zhuan
daishan	大扇	9795	dashan	大	da	dai
diancha	点刹	9795	diansha	刹	sha	cha
hanhai	寒咳	9795	hanke	咳	ke	hai
lengjuan	冷圈	9795	lengquan	圈	quan	juan
manju	埋距	9795	maiju	埋	mai	man
monvzhuan	魔女传	9795	monvchuan	传	chuan	zhuan
taoqiao	套壳	9795	taoke	壳	ke	qiao
tuishe	腿折	9795	tuizhe	折	zhe	she
wenshangliao	吻上了	9795	wenshangle	了	le	liao
xiaosi	削死	9795	xuesi	削	xue	xiao
yehai	夜咳	9795	yeke	咳	ke	hai
zhaojiner	着劲儿	9795	zhejiner	着	zhe	zhao
zhuojiner	着劲儿	9795	zhejiner	着	zhe	zhuo
zhaozhao	昭着	9795	zhaozhe	着	zhe	zhao
zhaozhuo	昭着	9795	zhaozhe	着	zhe	zhuo
jingji	晶系	9794	jingxi	系	xi	ji
jiaokuaixuexiao	教会学校	9791	jiaohuixuexiao	会	hui	kuai
shiyumo	十余万	9787	shiyuwan	万	wan	mo
raodaoerhang	绕道而行	9784	raodaoerxing	行	xing	hang
bahang	八行	9781	baxing	行	xing	hang
zhaojun	朝军	9778	chaojun	朝	chao	zhao
shuangzhua	双爪	9772	shuangzhao	爪	zhao	zhua
jinrongji	金融系	9752	jinrongxi	系	xi	ji
luose	罗塞	9744	luosai	塞	sai	se
sanwumo	三五万	9742	sanwuwan	万	wan	mo
yuelawuti	月落乌啼	9742	yueluowuti	落	luo	la
yebu	咽部	9741	yanbu	咽	yan	ye
bingsishuai	病死率	9738	bingsilv	率	lv	shuai
tuichong	推重	9736	tuizhong	重	zhong	chong
yahang	亚行	9735	yaxing	行	xing	hang
chengshi	盛势	9731	shengshi	盛	sheng	cheng
chunjiewankuai	春节晚会	9731	chunjiewanhui	会	hui	kuai
renshoudeile	忍受得了	9731	renshoudele	得	de	dei
renshoudeiliao	忍受得了	9731	renshoudele	得	de	dei
renshoudeliao	忍受得了	9731	renshoudele	了	le	liao
daigou	大沟	9730	dagou	大	da	dai
ewu	恶恶	9730	ee	恶	e	wu
wue	恶恶	9730	ee	恶	e	wu
wuwu	恶恶	9730	ee	恶	e	wu
xiaoji	小系	9725	xiaoxi	系	xi	ji
bidaiyuli	弊大于利	9723	bidayuli	大	da	dai
daimeisha	大梅沙	9723	dameisha	大	da	dai
daizhuanwan	大转弯	9723	dazhuanwan	大	da	dai
jisuanjiji	计算机系	9723	jisuanjixi	系	xi	ji
lajiutian	落九天	9723	luojiutian	落	luo	la
xiandei	咸得	9723	xiande	得	de	dei
yaohang	药行	9720	yaoxing	行	xing	hang
zhaomi	著迷	9710	zhumi	著	zhu	zhao
zhemi	著迷	9710	zhumi	著	zhu	zhe
zhuomi	著迷	9710	zhumi	著	zhu	zhuo
selaxi	塞拉西	9695	sailaxi	塞	sai	se
bixiang	比降	9694	bijiang	降	jiang	xiang
duomoming	多万名	9693	duowanming	万	wan	mo
konghang	空行	9689	kongxing	行	xing	hang
daixian	大线	9683	daxian	大	da	dai
qihang	奇行	9683	qixing	行	xing	hang
yeziqiao	椰子壳	9683	yezike	壳	ke	qiao
mobu	万部	9678	wanbu	万	wan	mo
bankuaike	班会课	9667	banhuike	会	hui	kuai
dailanmao	大懒猫	9667	dalanmao	大	da	dai
guidei	跪得	9667	guide	得	de	dei
jiaoyangsihuo	骄阳似火	9667	jiaoyangshihuo	似	shi	si
lawu	落屋	9667	luowu	落	luo	la
moxiao	没销	9667	meixiao	没	mei	mo
mochutou	万出头	9667	wanchutou	万	wan	mo
paode	刨地	9667	paodi	地	di	de
paozhua	泡爪	9667	paozhao	爪	zhao	zhua
pizhao	批着	9667	pizhe	着	zhe	zhao
pizhuo	批着	9667	pizhe	着	zhe	zhuo
sheipei	谁赔	9667	shuipei	谁	shui	shei
shuliaoqian	输了钱	9667	shuleqian	了	le	liao
tubo	涂薄	9667	tubao	薄	bao	bo
weizhao	偎着	9667	weizhe	着	zhe	zhao
weizhuo	偎着	9667	weizhe	着	zhe	zhuo
xixichangchang	细细长长	9667	xixichangzhang	长	zhang	chang
zhaowen	朝闻	9664	chaowen	朝	chao	zhao
dianqihang	电器行	9664	dianqixing	行	xing	hang
hangbiguo	行必果	9664	xingbiguo	行	xing	hang
neimu	内模	9664	neimo	模	mo	mu
chengwuyangshan	惩恶扬善	9663	chengeyangshan	恶	e	wu
qingxiejue	倾斜角	9663	qingxiejiao	角	jiao	jue
sanmowuqian	三万五千	9659	sanwanwuqian	万	wan	mo
yuezhe	乐者	9658	lezhe	乐	le	yue
dinggankun	定乾坤	9657	dingqiankun	乾	qian	gan
luanliaozhenjiao	乱了阵脚	9657	luanlezhenjiao	了	le	liao
sibaiduomo	四百多万	9657	sibaiduowan	万	wan	mo
xiaoji	销给	9657	xiaogei	给	gei	ji
sandaijilv	三大纪律	9652	sandajilv	大	da	dai
zhuangtan	装弹	9651	zhuangdan	弹	dan	tan
jimin	系民	9650	ximin	系	xi	ji
rengchen	仍称	9650	rengcheng	称	cheng	chen
ladai	落袋	9643	luodai	落	luo	la
xianman	先埋	9643	xianmai	埋	mai	man
xiaohuaji	消化系	9641	xiaohuaxi	系	xi	ji
tanzha	弹炸	9638	danzha	弹	dan	tan
chenzhen	称朕	9623	chengzhen	称	cheng	chen
deanmen	地安门	9623	dianmen	地	di	de
zidanqiao	子弹壳	9622	zidanke	壳	ke	qiao
zhongjuan	中圈	9621	zhongquan	圈	quan	juan
qianchengde	虔诚地	9619	qianchengdi	地	di	de
seta	塞塔	9619	saita	塞	sai	se
daifeiyue	大飞跃	9618	dafeiyue	大	da	dai
huijuan	回圈	9617	huiquan	圈	quan	juan
chongpei	重配	9616	zhongpei	重	zhong	chong
duseer	杜塞尔	9612	dusaier	塞	sai	se
daijin	大津	9603	dajin	大	da	dai
zhuisikuai	追思会	9599	zhuisihui	会	hui	kuai
deiji	得济	9592	deji	得	de	dei
jiqianjimo	几千几万	9592	jiqianjiwan	万	wan	mo
kedei	渴得	9592	kede	得	de	dei
shengdei	剩得	9592	shengde	得	de	dei
siliaoxin	死了心	9592	silexin	了	le	liao
xiwu	喜恶	9592	xie	恶	e	wu
daibaikequanshu	大百科全书	9590	dabaikequanshu	大	da	dai
tiaolei	调类	9584	diaolei	调	diao	tiao
dongmaixie	动脉血	9581	dongmaixue	血	xue	xie
daiyuncun	大运村	9578	dayuncun	大	da	dai
wuhan	恶寒	9578	ehan	恶	e	wu
xiangqing	降清	9578	jiangqing	降	jiang	xiang
liurenhang	六人行	9578	liurenxing	行	xing	hang
qijuan	七圈	9578	qiquan	圈	quan	juan
shenmanzai	深埋在	9578	shenmaizai	埋	mai	man
yinjue	银角	9578	yinjiao	角	jiao	jue
muliang	模量	9577	moliang	模	mo	mu
hengdeili	亨得利	9567	hengdeli	得	de	dei
shajue	沙角	9567	shajiao	角	jiao	jue
xuanbei	旋臂	9560	xuanbi	臂	bi	bei
zhangzhao	掌朝	9550	zhangchao	朝	chao	zhao
jixiusheng	寄宿生	9539	jisusheng	宿	su	xiu
juedidai	绝地大	9536	juedida	大	da	dai
daitiane	大天鹅	9535	datiane	大	da	dai
bulunshishei	不论是谁	9533	bulunshishui	谁	shui	shei
tiaoxian	调馅	9533	diaoxian	调	diao	tiao
juyue	菊乐	9533	jule	乐	le	yue
liangmozuoyou	两万左右	9533	liangwanzuoyou	万	wan	mo
lvzhua	绿爪	9533	lvzhao	爪	zhao	zhua
mosheng	没省	9533	meisheng	没	mei	mo
moyida	没一搭	9533	meiyida	没	mei	mo
mengtoudaishui	蒙头大睡	9533	mengtoudashui	大	da	dai
shaotiao	少调	9533	shaodiao	调	diao	tiao
shendei	渗得	9533	shende	得	de	dei
shuangma	霜抹	9533	shuangmo	抹	mo	ma
xiaoshihualiao	小事化了	9533	xiaoshihuale	了	le	liao
xietou	血透	9533	xuetou	血	xue	xie
aidei	矮得	9531	aide	得	de	dei
chongjianguangming	重见光明	9531	zhongjianguangming	重	zhong	chong
chongxianguangming	重见光明	9531	zhongjianguangming	重	zhong	chong
zhongxianguangming	重见光明	9531	zhongjianguangming	见	jian	xian
hechuxin	何处寻	9531	hechuxun	寻	xun	xin
chichuanzhuhang	吃穿住行	9530	chichuanzhuxing	行	xing	hang
wudaihu	五大湖	9526	wudahu	大	da	dai
fenduichang	分队长	9525	fenduizhang	长	zhang	chang
chongxin	重信	9517	zhongxin	重	zhong	chong
pianzao	便遭	9513	bianzao	便	bian	pian
deguang	地光	9513	diguang	地	di	de
ershisimo	二十四万	9509	ershisiwan	万	wan	mo
fenshuai	分率	9508	fenlv	率	lv	shuai
tiaoxian	调弦	9503	diaoxian	调	diao	tiao
shuji	书系	9502	shuxi	系	xi	ji
aqi	呵气	9496	heqi	呵	he	a
daishiye	大视野	9496	dashiye	大	da	dai
liede	劣地	9496	liedi	地	di	de
weishengji	卫生系	9496	weishengxi	系	xi	ji
mangu	埋骨	9494	maigu	埋	mai	man
hangji	行纪	9492	xingji	行	xing	hang
tongmocheng	统万城	9483	tongwancheng	万	wan	mo
songhuanji	送还给	9475	songhuangei	给	gei	ji
aisekesi	艾塞克斯	9474	aisaikesi	塞	sai	se
jianzhuji	建筑系	9471	jianzhuxi	系	xi	ji
shizhao	使朝	9468	shichao	朝	chao	zhao
daidongqu	大东区	9463	dadongqu	大	da	dai
daiying	大鹰	9458	daying	大	da	dai
letiao	乐调	9458	lediao	调	diao	tiao
yuediao	乐调	9458	lediao	乐	le	yue
yuetiao	乐调	9458	lediao	乐	le	yue
chailie	差劣	9452	chalie	差	cha	chai
lishiji	历史系	9452	lishixi	系	xi	ji
mudei	募得	9450	mude	得	de	dei
dizibo	底子薄	9449	dizibao	薄	bao	bo
yuecibubi	乐此不彼	9449	lecibubi	乐	le	yue
shuoyiqiandaoyimo	说一千道一万	9449	shuoyiqiandaoyiwan	万	wan	mo
fudai	辅大	9445	fuda	大	da	dai
bupamochaishao	不怕没柴烧	9444	bupameichaishao	没	mei	mo
gailiaoyougai	改了又改	9444	gaileyougai	了	le	liao
hualiaoyijiao	滑了一跤	9444	hualeyijiao	了	le	liao
jijue	几角	9444	jijiao	角	jiao	jue
liancheng	联盛	9444	liansheng	盛	sheng	cheng
liumoduo	六万多	9444	liuwanduo	万	wan	mo
mutedasai	模特大赛	9444	motedasai	模	mo	mu
shatangjie	沙糖桔	9444	shatangju	桔	ju	jie
shenzhongliangyuan	参众两院	9442	canzhongliangyuan	参	can	shen
shuijuan	水圈	9434	shuiquan	圈	quan	juan
yibusheng	易卜生	9434	yibosheng	卜	bo	bu
moli	万例	9433	wanli	万	wan	mo
pianyao	便邀	9427	bianyao	便	bian	pian
gongxiangchengju	共襄盛举	9425	gongxiangshengju	盛	sheng	cheng
moduotiao	万多条	9425	wanduotiao	万	wan	mo
xixide	细细地	9425	xixidi	地	di	de
chengtang	盛汤	9424	shengtang	盛	sheng	cheng
chongchao	重抄	9424	zhongchao	重	zhong	chong
daiqiuchang	大球场	9424	daqiuchang	大	da	dai
daixieshuai	代谢率	9424	daixielv	率	lv	shuai
tanchuqu	弹出去	9424	danchuqu	弹	dan	tan
shechi	折翅	9424	zhechi	折	zhe	she
fudeijiao	佛得角	9416	fudejiao	得	de	dei
fudeijue	佛得角	9416	fudejiao	得	de	dei
fudejue	佛得角	9416	fudejiao	角	jiao	jue
chongru	重入	9412	zhongru	重	zhong	chong
wuji	恶极	9412	eji	恶	e	wu
selina	塞丽娜	9410	sailina	塞	sai	se
yunhuo	蕴和	9409	yunhe	和	he	huo
chuxishuai	出席率	9402	chuxilv	率	lv	shuai
seni	塞尼	9401	saini	塞	sai	se
dianjue	点角	9392	dianjiao	角	jiao	jue
huokongjie	和空姐	9392	hekongjie	和	he	huo
kaishidongliao	开始懂了	9392	kaishidongle	了	le	liao
kezhao	渴着	9392	kezhe	着	zhe	zhao
kezhuo	渴着	9392	kezhe	着	zhe	zhuo
langzhua	狼爪	9392	langzhao	爪	zhao	zhua
maqi	抹起	9392	moqi	抹	mo	ma
qianduanhouchang	前短后长	9392	qianduanhouzhang	长	zhang	chang
qianxiao	欠削	9392	qianxue	削	xue	xiao
sikuai	死会	9392	sihui	会	hui	kuai
xiaobi	削笔	9392	xuebi	削	xue	xiao
xiedei	卸得	9392	xiede	得	de	dei
yijusandei	一举三得	9392	yijusande	得	de	dei
zhegongdai	浙工大	9392	zhegongda	大	da	dai
kubo	库柏	9389	kubai	柏	bai	bo
yimoliang	一万两	9388	yiwanliang	万	wan	mo
moxian	万县	9385	wanxian	万	wan	mo
zhaosan	朝散	9381	chaosan	朝	chao	zhao
anse	安塞	9377	ansai	塞	sai	se
qiaochang	桥长	9375	qiaozhang	长	zhang	chang
deifenwang	得分王	9372	defenwang	得	de	dei
manru	埋入	9372	mairu	埋	mai	man
daixiang	大响	9370	daxiang	大	da	dai
gedefengsu	各地风俗	9370	gedifengsu	地	di	de
hangbude	行不得	9370	xingbude	行	xing	hang
hangbudei	行不得	9370	xingbude	行	xing	hang
xingbudei	行不得	9370	xingbude	得	de	dei
boxing	薄型	9365	baoxing	薄	bao	bo
huodaihuoxiao	或大或小	9365	huodahuoxiao	大	da	dai
shuxueji	数学系	9359	shuxuexi	系	xi	ji
xiezhan	血站	9354	xuezhan	血	xue	xie
changhaixian	长海县	9353	zhanghaixian	长	zhang	chang
diaolazai	掉落在	9350	diaoluozai	落	luo	la
baohujuan	保护圈	9349	baohuquan	圈	quan	juan
zhihaishui	止咳水	9349	zhikeshui	咳	ke	hai
juanshe	圈舍	9346	quanshe	圈	quan	juan
hangbo	行波	9344	xingbo	行	xing	hang
feiguodai	非国大	9335	feiguoda	大	da	dai
kuaimeng	会盟	9335	huimeng	会	hui	kuai
nimao	呢帽	9334	nemao	呢	ne	ni
dangdijiben	党的基本	9333	dangdejiben	的	de	di
xieyao	血药	9327	xueyao	血	xue	xie
daiyuan	大园	9324	dayuan	大	da	dai
zhaozheng	朝正	9323	chaozheng	朝	chao	zhao
aoseti	奥塞梯	9315	aosaiti	塞	sai	se
chahang	茶行	9313	chaxing	行	xing	hang
duxie	毒血	9313	duxue	血	xue	xie
liuxingyue	流行乐	9312	liuxingle	乐	le	yue
wuyin	恶因	9301	eyin	恶	e	wu
yijuduodei	一举多得	9301	yijuduode	得	de	dei
minglinghang	命令行	9295	minglingxing	行	xing	hang
daiding	大鼎	9294	dading	大	da	dai
daiku	大库	9294	daku	大	da	dai
liantan	练弹	9294	liandan	弹	dan	tan
piji	批给	9294	pigei	给	gei	ji
qianqiandi	浅浅的	9294	qianqiande	的	de	di
daixian	大险	9291	daxian	大	da	dai
dedixin	得的心	9288	dedexin	的	de	di
deidexin	得的心	9288	dedexin	得	de	dei
deidixin	得的心	9288	dedexin	得	de	dei
fenshiliangjue	分饰两角	9288	fenshiliangjiao	角	jiao	jue
qihang	七行	9288	qixing	行	xing	hang
daixian	大贤	9282	daxian	大	da	dai
banzhao	扳着	9279	banzhe	着	zhe	zhao
banzhuo	扳着	9279	banzhe	着	zhe	zhuo
yimoming	一万名	9268	yiwanming	万	wan	mo
yanjiangkuai	演讲会	9266	yanjianghui	会	hui	kuai
jiumoge	九万个	9264	jiuwange	万	wan	mo
kandeiguan	看得惯	9264	kandeguan	得	de	dei
pochong	颇重	9263	pozhong	重	zhong	chong
daijiao	大蕉	9260	dajiao	大	da	dai
jingchang	颈长	9260	jingzhang	长	zhang	chang
peiliaofuren	赔了夫人	9259	peilefuren	了	le	liao
taodei	讨得	9259	taode	得	de	dei
junshichang	军士长	9248	junshizhang	长	zhang	chang
chudeilai	处得来	9242	chudelai	得	de	dei
daitimu	大题目	9242	datimu	大	da	dai
dima	底抹	9242	dimo	抹	mo	ma
liangma	两抹	9242	liangmo	抹	mo	ma
modao	万刀	9242	wandao	万	wan	mo
pangxieqiao	螃蟹壳	9242	pangxieke	壳	ke	qiao
raojuanjuan	绕圈圈	9242	raoquanquan	圈	quan	juan
raojuanquan	绕圈圈	9242	raoquanquan	圈	quan	juan
raoquanjuan	绕圈圈	9242	raoquanquan	圈	quan	juan
shangjuan	上圈	9242	shangquan	圈	quan	juan
sheiweishei	谁为谁	9242	shuiweishui	谁	shui	shei
sheiweishui	谁为谁	9242	shuiweishui	谁	shui	shei
shuiweishei	谁为谁	9242	shuiweishui	谁	shui	shei
shiquandaibu	十全大补	9242	shiquandabu	大	da	dai
xunheiliao	熏黑了	9242	xunheile	了	le	liao
yijiaojiukuai	一教就会	9242	yijiaojiuhui	会	hui	kuai
zhongchai	仲差	9242	zhongcha	差	cha	chai
zhuanzhao	专着	9242	zhuanzhe	着	zhe	zhao
zhuanzhuo	专着	9242	zhuanzhe	着	zhe	zhuo
zuima	嘴抹	9242	zuimo	抹	mo	ma
daicidian	大辞典	9230	dacidian	大	da	dai
juezhui	角锥	9230	jiaozhui	角	jiao	jue
ermowuqianli	二万五千里	9224	erwanwuqianli	万	wan	mo
bozhi	薄纸	9223	baozhi	薄	bao	bo
bamoduo	八万多	9216	bawanduo	万	wan	mo
chongbao	重报	9216	zhongbao	重	zhong	chong
daishanzi	大山子	9216	dashanzi	大	da	dai
mingjue	明角	9216	mingjiao	角	jiao	jue
xiakehang	侠客行	9216	xiakexing	行	xing	hang
aikesete	埃克塞特	9215	aikesaite	塞	sai	se
aogusidu	奥古斯都	9208	aogusidou	都	dou	du
daizhuanzhe	大转折	9201	dazhuanzhe	大	da	dai
wanjue	玩角	9201	wanjiao	角	jiao	jue
daishiba	大石坝	9197	dashiba	大	da	dai
yeqiao	椰壳	9197	yeke	壳	ke	qiao
shiqimo	十七万	9195	shiqiwan	万	wan	mo
shenjichang	审计长	9194	shenjizhang	长	zhang	chang
juechuan	角川	9186	jiaochuan	角	jiao	jue
daizhongzhuan	大中专	9185	dazhongzhuan	大	da	dai
guozaode	过早地	9185	guozaodi	地	di	de
mogongqing	万公顷	9185	wangongqing	万	wan	mo
daibagong	大罢工	9184	dabagong	大	da	dai
dangdizhengce	党的政策	9183	dangdezhengce	的	de	di
weixiang	未降	9182	weijiang	降	jiang	xiang
shiwudai	十五大	9178	shiwuda	大	da	dai
juema	角马	9175	jiaoma	角	jiao	jue
duhufu	都护府	9170	douhufu	都	dou	du
qiaoti	壳体	9170	keti	壳	ke	qiao
shangxiahang	上下行	9170	shangxiaxing	行	xing	hang
xiechong	血冲	9170	xuechong	血	xue	xie
chaodaiguimo	超大规模	9164	chaodaguimo	大	da	dai
pipinghuozi	批评和自	9155	pipinghezi	和	he	huo
degeng	地耕	9146	digeng	地	di	de
zhaodi	朝帝	9137	chaodi	朝	chao	zhao
tuihuanji	退还给	9137	tuihuangei	给	gei	ji
yangxie	养血	9137	yangxue	血	xue	xie
lunchen	论称	9135	luncheng	称	cheng	chen
lirunshuai	利润率	9134	lirunlv	率	lv	shuai
chongyiqi	重义气	9127	zhongyiqi	重	zhong	chong
diliboli	的黎波里	9124	deliboli	的	de	di
guiji	归给	9123	guigei	给	gei	ji
dainanrenzhuyi	大男人主义	9121	dananrenzhuyi	大	da	dai
shuaizei	率贼	9121	lvzei	率	lv	shuai
tanfa	弹法	9115	danfa	弹	dan	tan
botou	泊头	9112	potou	泊	po	bo
dudishu	读的书	9112	dudeshu	的	de	di
yaobei	摇臂	9112	yaobi	臂	bi	bei
nifengerhang	逆风而行	9108	nifengerxing	行	xing	hang
meisedesi	梅塞德斯	9106	meisaidesi	塞	sai	se
zhaojun	朝君	9099	chaojun	朝	chao	zhao
dangdifangzhen	党的方针	9098	dangdefangzhen	的	de	di
zhuanqi	传起	9094	chuanqi	传	chuan	zhuan
yebo	夜泊	9094	yepo	泊	po	bo
zhaofang	朝方	9092	chaofang	朝	chao	zhao
shuaizhi	率值	9087	lvzhi	率	lv	shuai
jiaoyukuai	教育会	9085	jiaoyuhui	会	hui	kuai
shendao	参道	9084	candao	参	can	shen
chunjue	唇角	9084	chunjiao	角	jiao	jue
tiaowei	调位	9084	diaowei	调	diao	tiao
wulang	恶狼	9084	elang	恶	e	wu
gaichang	改长	9084	gaizhang	长	zhang	chang
yimojin	一万斤	9084	yiwanjin	万	wan	mo
baishe	掰折	9083	baizhe	折	zhe	she
buyigua	卜一卦	9083	boyigua	卜	bo	bu
buguangkuai	不光会	9083	buguanghui	会	hui	kuai
chengchen	秤称	9083	chengcheng	称	cheng	chen
daifuyuan	大福源	9083	dafuyuan	大	da	dai
dazhongni	大众呢	9083	dazhongne	呢	ne	ni
diecha	碟刹	9083	diesha	刹	sha	cha
ershijimo	二十几万	9083	ershijiwan	万	wan	mo
gandeidao	赶得到	9083	gandedao	得	de	dei
huanrenqing	还人情	9083	hairenqing	还	hai	huan
hualashuijia	花落谁家	9083	hualuoshuijia	落	luo	la
qiaobo	壳剥	9083	kebo	壳	ke	qiao
kuanghai	狂咳	9083	kuangke	咳	ke	hai
modie	没爹	9083	meidie	没	mei	mo
mingbizhibo	命比纸薄	9083	mingbizhibao	薄	bao	bo
sheijuzheng	谁举证	9083	shuijuzheng	谁	shui	shei
shexiu	折袖	9083	zhexiu	折	zhe	she
shijijuan	十几圈	9083	shijiquan	圈	quan	juan
techong	忒重	9083	tezhong	重	zhong	chong
yingmikuai	影迷会	9083	yingmihui	会	hui	kuai
yuanyie	愿意哦	9083	yuanyio	哦	o	e
zhongji	仲系	9083	zhongxi	系	xi	ji
zhuyue	住乐	9083	zhule	乐	le	yue
boji	柏忌	9072	baiji	柏	bai	bo
fangzhaobuguan	放着不管	9064	fangzhebuguan	着	zhe	zhao
fangzhuobuguan	放着不管	9064	fangzhebuguan	着	zhe	zhuo
sanla	伞落	9064	sanluo	落	luo	la
zuandei	钻得	9064	zuande	得	de	dei
fanliaoyifan	翻了一番	9060	fanleyifan	了	le	liao
jinxinkuai	浸信会	9060	jinxinhui	会	hui	kuai
shuaitong	率同	9048	lvtong	率	lv	shuai
hangxian	行宪	9047	xingxian	行	xing	hang
chongma	重码	9045	zhongma	重	zhong	chong
danji	单系	9045	danxi	系	xi	ji
moweiwang	万维网	9043	wanweiwang	万	wan	mo
huzhua	虎爪	9039	huzhao	爪	zhao	zhua
suowu	所恶	9039	suoe	恶	e	wu
pangji	旁系	9037	pangxi	系	xi	ji
youhangshiwei	游行示威	9027	youxingshiwei	行	xing	hang
dainanshan	大南山	9014	dananshan	大	da	dai
dexiao	地效	9014	dixiao	地	di	de
dekeng	地坑	9012	dikeng	地	di	de
diaochai	调差	9012	diaocha	差	cha	chai
tiaocha	调差	9012	diaocha	调	diao	tiao
tiaochai	调差	9012	diaocha	调	diao	tiao
doushouliao	都受了	9012	doushoule	了	le	liao
dushoule	都受了	9012	doushoule	都	dou	du
dushouliao	都受了	9012	doushoule	都	dou	du
duihuakuai	对话会	9012	duihuahui	会	hui	kuai
juanhuan	圈环	9012	quanhuan	圈	quan	juan
shibaishuai	失败率	9012	shibailv	率	lv	shuai
shineiyue	室内乐	9012	shineile	乐	le	yue
zunchongrencai	尊重人才	9012	zunzhongrencai	重	zhong	chong
shuzhuan	数传	9009	shuchuan	传	chuan	zhuan
shiwandaishan	十万大山	9006	shiwandashan	大	da	dai
saide	赛地	9005	saidi	地	di	de
chenbu	称布	8998	chengbu	称	cheng	chen
mofumokai	万夫莫开	8990	wanfumokai	万	wan	mo
wubaiduomo	五百多万	8990	wubaiduowan	万	wan	mo
xiangzhao	镶着	8990	xiangzhe	着	zhe	zhao
xiangzhuo	镶着	8990	xiangzhe	着	zhe	zhuo
changshandao	长山岛	8988	zhangshandao	长	zhang	chang
tiaojin	调进	8988	diaojin	调	diao	tiao
wozhao	握著	8987	wozhu	著	zhu	zhao
wozhe	握著	8987	wozhu	著	zhu	zhe
wozhuo	握著	8987	wozhu	著	zhu	zhuo
fandei	反得	8985	fande	得	de	dei
waiwenji	外文系	8982	waiwenxi	系	xi	ji
fanzhishuai	繁殖率	8974	fanzhilv	率	lv	shuai
jingdianzhaozuo	经典著作	8974	jingdianzhuzuo	著	zhu	zhao
jingdianzhezuo	经典著作	8974	jingdianzhuzuo	著	zhu	zhe
jingdianzhuozuo	经典著作	8974	jingdianzhuzuo	著	zhu	zhuo
simoren	四万人	8974	siwanren	万	wan	mo
seli	塞利	8968	saili	塞	sai	se
mushu	模数	8960	moshu	模	mo	mu
bianweikuai	编委会	8959	bianweihui	会	hui	kuai
quanshenggede	全省各地	8959	quanshenggedi	地	di	de
daidaishu	大袋鼠	8955	dadaishu	大	da	dai
chuanranji	传染给	8954	chuanrangei	给	gei	ji
chongzhenxiongfeng	重振雄风	8942	zhongzhenxiongfeng	重	zhong	chong
dailan	大篮	8942	dalan	大	da	dai
hangdali	行大礼	8942	xingdali	行	xing	hang
hulapingyang	虎落平阳	8942	huluopingyang	落	luo	la
jiaojuan	椒圈	8942	jiaoquan	圈	quan	juan
shujuan	数圈	8942	shuquan	圈	quan	juan
junchang	郡长	8935	junzhang	长	zhang	chang
mingshengdaizhen	名声大振	8931	mingshengdazhen	大	da	dai
mujin	模进	8931	mojin	模	mo	mu
jizhuan	籍传	8930	jichuan	传	chuan	zhuan
lipian	利便	8930	libian	便	bian	pian
pingxiang	平降	8930	pingjiang	降	jiang	xiang
tacha	塔刹	8927	tasha	刹	sha	cha
mianbaojuan	面包圈	8916	mianbaoquan	圈	quan	juan
nvyue	女乐	8914	nvle	乐	le	yue
bojuan	脖圈	8913	boquan	圈	quan	juan
zhuanfu	传腹	8913	chuanfu	传	chuan	zhuan
chuanlaizhuanqu	传来传去	8913	chuanlaichuanqu	传	chuan	zhuan
zhuanlaichuanqu	传来传去	8913	chuanlaichuanqu	传	chuan	zhuan
zhuanlaizhuanqu	传来传去	8913	chuanlaichuanqu	传	chuan	zhuan
dengmieliao	灯灭了	8913	dengmiele	了	le	liao
dianzhao	惦着	8913	dianzhe	着	zhe	zhao
dianzhuo	惦着	8913	dianzhe	着	zhe	zhuo
jiangman	讲埋	8913	jiangmai	埋	mai	man
liahang	俩行	8913	liaxing	行	xing	hang
monahuishi	没那回事	8913	meinahuishi	没	mei	mo
miaojiliao	妙极了	8913	miaojile	了	le	liao
nongzhuangdanma	浓妆淡抹	8913	nongzhuangdanmo	抹	mo	ma
qiaoliao	跷了	8913	qiaole	了	le	liao
simokuai	四万块	8913	siwankuai	万	wan	mo
xiemo	血魔	8913	xuemo	血	xue	xie
zuodeilai	做得来	8913	zuodelai	得	de	dei
pengzhangshuai	膨胀率	8907	pengzhanglv	率	lv	shuai
youyuequ	游乐区	8905	youlequ	乐	le	yue
hangyuan	行院	8896	xingyuan	行	xing	hang
daidie	大叠	8895	dadie	大	da	dai
zhuanjiaji	转嫁给	8895	zhuanjiagei	给	gei	ji
shigushuai	事故率	8893	shigulv	率	lv	shuai
duomodun	多万吨	8890	duowandun	万	wan	mo
jigeshuai	及格率	8890	jigelv	率	lv	shuai
qingkongmoli	晴空万里	8887	qingkongwanli	万	wan	mo
lvdai	旅大	8885	lvda	大	da	dai
xiejiaozai	谢觉哉	8873	xiejuezai	觉	jue	jiao
moduozhi	万多只	8864	wanduozhi	万	wan	mo
qishiwumo	七十五万	8864	qishiwuwan	万	wan	mo
tongqikuai	通气会	8864	tongqihui	会	hui	kuai
luyingde	露营地	8863	luyingdi	地	di	de
fudaduichang	副大队长	8858	fudaduizhang	长	zhang	chang
liaozhao	辽朝	8849	liaochao	朝	chao	zhao
ejiliao	饿极了	8848	ejile	了	le	liao
sejinlai	塞进来	8848	saijinlai	塞	sai	se
zuguogede	祖国各地	8848	zuguogedi	地	di	de
luanliaotao	乱了套	8845	luanletao	了	le	liao
mohude	模糊地	8843	mohudi	地	di	de
xingmu	型模	8842	xingmo	模	mo	mu
shenbao	参保	8841	canbao	参	can	shen
xiejian	血检	8835	xuejian	血	xue	xie
wujuexing	五角形	8826	wujiaoxing	角	jiao	jue
zhuti	筑堤	8822	zhudi	堤	di	ti
shuaizhu	率逐	8814	lvzhu	率	lv	shuai
chongwan	重晚	8812	zhongwan	重	zhong	chong
deizhibuyi	得之不易	8812	dezhibuyi	得	de	dei
gaoma	膏抹	8812	gaomo	抹	mo	ma
jiwu	积恶	8812	jie	恶	e	wu
xiangjuan	像圈	8812	xiangquan	圈	quan	juan
zhensi	真似	8812	zhenshi	似	shi	si
gudeiming	故得名	8807	gudeming	得	de	dei
hese	赫塞	8807	hesai	塞	sai	se
daizuo	大座	8801	dazuo	大	da	dai
zhimu	制模	8793	zhimo	模	mo	mu
qichong	七重	8780	qizhong	重	zhong	chong
gongxianshuai	贡献率	8778	gongxianlv	率	lv	shuai
mingshengdaizao	名声大噪	8777	mingshengdazao	大	da	dai
changxianwenti	常见问题	8776	changjianwenti	见	jian	xian
tizhao	题着	8771	tizhe	着	zhe	zhao
tizhuo	题着	8771	tizhe	着	zhe	zhuo
dianzhuizhao	点缀着	8769	dianzhuizhe	着	zhe	zhao
dianzhuizhuo	点缀着	8769	dianzhuizhe	着	zhe	zhuo
yunhanzhao	蕴涵着	8769	yunhanzhe	着	zhe	zhao
yunhanzhuo	蕴涵着	8769	yunhanzhe	着	zhe	zhuo
dailiushi	大流士	8760	daliushi	大	da	dai
guqiao	谷壳	8759	guke	壳	ke	qiao
daiwan	大宛	8757	dawan	大	da	dai
liulide	流利地	8757	liulidi	地	di	de
daijian	大间	8755	dajian	大	da	dai
daipiancha	大偏差	8755	dapiancha	大	da	dai
daiwu	大午	8750	dawu	大	da	dai
liangshe	两折	8750	liangzhe	折	zhe	she
maoxie	冒血	8750	maoxue	血	xue	xie
qiandei	潜得	8750	qiande	得	de	dei
zhulayupan	珠落玉盘	8750	zhuluoyupan	落	luo	la
duyushi	都御史	8749	douyushi	都	dou	du
jishuai	即率	8749	jilv	率	lv	shuai
hongjue	红角	8743	hongjiao	角	jiao	jue
seneijia	塞内加	8742	saineijia	塞	sai	se
xiaoyue	笑乐	8741	xiaole	乐	le	yue
bietaichong	别太重	8731	bietaizhong	重	zhong	chong
cancheng	灿盛	8731	cansheng	盛	sheng	cheng
chideichu	吃得出	8731	chidechu	得	de	dei
chikangyecai	吃糠咽菜	8731	chikangyancai	咽	yan	ye
daipaichang	大排场	8731	dapaichang	大	da	dai
daipaidang	大排挡	8731	dapaidang	大	da	dai
daiyugang	大鱼缸	8731	dayugang	大	da	dai
daocha	倒刹	8731	daosha	刹	sha	cha
gongyue	共乐	8731	gongle	乐	le	yue
henduojuan	很多圈	8731	henduoquan	圈	quan	juan
huanhuanleyue	欢欢乐乐	8731	huanhuanlele	乐	le	yue
huchanghuduan	忽长忽短	8731	huzhanghuduan	长	zhang	chang
jiangma	酱抹	8731	jiangmo	抹	mo	ma
lengtiao	冷调	8731	lengdiao	调	diao	tiao
nanguode	难过地	8731	nanguodi	地	di	de
qiaodeihen	巧得很	8731	qiaodehen	得	de	dei
rouqingmozhong	柔情万种	8731	rouqingwanzhong	万	wan	mo
tidei	剃得	8731	tide	得	de	dei
wenman	稳埋	8731	wenmai	埋	mai	man
xiaowei	削微	8731	xuewei	削	xue	xiao
xiehang	鞋行	8731	xiexing	行	xing	hang
xudeixian	须得先	8731	xudexian	得	de	dei
yimoduokuai	一万多块	8731	yiwanduokuai	万	wan	mo
yimotian	一万天	8731	yiwantian	万	wan	mo
yinyuechengdian	音乐盛典	8731	yinyueshengdian	盛	sheng	cheng
yujuan	娱圈	8731	yuquan	圈	quan	juan
zhuhang	逐行	8726	zhuxing	行	xing	hang
xiezhao	挟着	8723	xiezhe	着	zhe	zhao
xiezhuo	挟着	8723	xiezhe	着	zhe	zhuo
bianxin	遍寻	8720	bianxun	寻	xun	xin
daiyu	大屿	8720	dayu	大	da	dai
daiyushan	大屿山	8720	dayushan	大	da	dai
sehanba	塞罕坝	8717	saihanba	塞	sai	se
zhongyaozhaozuo	重要著作	8716	zhongyaozhuzuo	著	zhu	zhao
zhongyaozhezuo	重要著作	8716	zhongyaozhuzuo	著	zhu	zhe
zhongyaozhuozuo	重要著作	8716	zhongyaozhuzuo	著	zhu	zhuo
daihanminguo	大韩民国	8716	dahanminguo	大	da	dai
zhaozong	朝宗	8714	chaozong	朝	chao	zhao
tiedijilv	铁的纪律	8710	tiedejilv	的	de	di
lashou	落首	8705	luoshou	落	luo	la
dexian	地县	8700	dixian	地	di	de
gongjingde	恭敬地	8697	gongjingdi	地	di	de
chongmiao	重描	8696	zhongmiao	重	zhong	chong
junchen	均称	8696	juncheng	称	cheng	chen
shaliaoyan	傻了眼	8696	shaleyan	了	le	liao
baibei	摆臂	8692	baibi	臂	bi	bei
daijinhu	大金湖	8692	dajinhu	大	da	dai
daiqi	大漆	8692	daqi	大	da	dai
diaodei	钓得	8692	diaode	得	de	dei
shengyunkuai	省运会	8692	shengyunhui	会	hui	kuai
tongbolu	桐柏路	8692	tongbailu	柏	bai	bo
jiehong	桔红	8686	juhong	桔	ju	jie
juanzhan	圈占	8686	quanzhan	圈	quan	juan
qijibande	奇迹般地	8686	qijibandi	地	di	de
rongjishuai	容积率	8686	rongjilv	率	lv	shuai
xiazhao	下朝	8686	xiachao	朝	chao	zhao
daibanfu	大阪府	8684	dabanfu	大	da	dai
seerzhu	塞尔柱	8673	saierzhu	塞	sai	se
chengmingzhixia	盛名之下	8672	shengmingzhixia	盛	sheng	cheng
kuaiqi	会旗	8671	huiqi	会	hui	kuai
yixinghang	一行行	8670	yixingxing	行	xing	hang
chuijue	吹角	8669	chuijiao	角	jiao	jue
mengliede	猛烈地	8669	mengliedi	地	di	de
sidai	私大	8669	sida	大	da	dai
chaoyangshi	朝阳市	8668	zhaoyangshi	朝	zhao	chao
dailinghe	大凌河	8668	dalinghe	大	da	dai
daisaodang	大扫荡	8668	dasaodang	大	da	dai
fengji	奉系	8668	fengxi	系	xi	ji
guangxiang	光降	8668	guangjiang	降	jiang	xiang
zhuazhua	爪抓	8668	zhaozhua	爪	zhao	zhua
gedai	革大	8663	geda	大	da	dai
qijue	七角	8654	qijiao	角	jiao	jue
shuaishen	率甚	8651	lvshen	率	lv	shuai
timiande	体面地	8651	timiandi	地	di	de
sishiwumo	四十五万	8650	sishiwuwan	万	wan	mo
diliji	地理系	8634	dilixi	系	xi	ji
huaixie	坏血	8634	huaixue	血	xue	xie
gudongkuai	股东会	8630	gudonghui	会	hui	kuai
bingshen	兵参	8629	bingcan	参	can	shen
kuoyi	适意	8620	shiyi	适	shi	kuo
yanshijuan	岩石圈	8620	yanshiquan	圈	quan	juan
caidei	采得	8615	caide	得	de	dei
fangcundailuan	方寸大乱	8615	fangcundaluan	大	da	dai
huayinweila	话音未落	8615	huayinweiluo	落	luo	la
sebasidi	塞巴斯蒂	8615	saibasidi	塞	sai	se
tuiqiao	蜕壳	8615	tuike	壳	ke	qiao
yadisiyabeiba	亚的斯亚贝巴	8612	yadesiyabeiba	的	de	di
chongkou	重扣	8611	zhongkou	重	zhong	chong
laying	落樱	8611	luoying	落	luo	la
liseliu	黎塞留	8608	lisailiu	塞	sai	se
xiejinkuai	协进会	8607	xiejinhui	会	hui	kuai
beikedai	北科大	8604	beikeda	大	da	dai
daixiang	大祥	8604	daxiang	大	da	dai
jiaozhe	觉者	8604	juezhe	觉	jue	jiao
jide	祭地	8604	jidi	地	di	de
yueshen	乐神	8604	leshen	乐	le	yue
shuliande	熟练地	8604	shuliandi	地	di	de
zhuanjie	传戒	8598	chuanjie	传	chuan	zhuan
fuzhao	赴朝	8597	fuchao	朝	chao	zhao
tandong	弹动	8595	dandong	弹	dan	tan
hutiao	互调	8595	hudiao	调	diao	tiao
jijiede	集结地	8595	jijiedi	地	di	de
qiaosesiku	齐奥塞斯库	8595	qiaosaisiku	塞	sai	se
xinzhi	寻址	8595	xunzhi	寻	xun	xin
zhongchongdu	中重度	8595	zhongzhongdu	重	zhong	chong
shidei	实得	8591	shide	得	de	dei
jinpaideizhu	金牌得主	8586	jinpaidezhu	得	de	dei
daiyue	大岳	8580	dayue	大	da	dai
changxindian	长辛店	8574	zhangxindian	长	zhang	chang
qingyue	清乐	8571	qingle	乐	le	yue
zhaohe	朝贺	8570	chaohe	朝	chao	zhao
jiaofuji	交付给	8570	jiaofugei	给	gei	ji
yuchen	宇称	8563	yucheng	称	cheng	chen
zunchongzhishi	尊重知识	8562	zunzhongzhishi	重	zhong	chong
tuijiekuai	推介会	8557	tuijiehui	会	hui	kuai
jingtiao	京调	8552	jingdiao	调	diao	tiao
liangmowuqianli	两万五千里	8552	liangwanwuqianli	万	wan	mo
duihuanshuai	兑换率	8548	duihuanlv	率	lv	shuai
jiaoxiangyinyuekuai	交响音乐会	8548	jiaoxiangyinyuehui	会	hui	kuai
shichong	十重	8544	shizhong	重	zhong	chong
changkeng	长坑	8542	zhangkeng	长	zhang	chang
daizhuxiaozhulayupan	大珠小珠落玉盘	8542	dazhuxiaozhuluoyupan	大	da	dai
daizhuxiaozhuluoyupan	大珠小珠落玉盘	8542	dazhuxiaozhuluoyupan	大	da	dai
dazhuxiaozhulayupan	大珠小珠落玉盘	8542	dazhuxiaozhuluoyupan	落	luo	la
mashangqu	抹上去	8542	moshangqu	抹	mo	ma
tongse	桶塞	8542	tongsai	塞	sai	se
zhaoyue	朝悦	8535	chaoyue	朝	chao	zhao
chengwan	盛碗	8535	shengwan	盛	sheng	cheng
chenyangbeizhan	沈阳北站	8535	shenyangbeizhan	沈	shen	chen
chujizhichen	初级职称	8535	chujizhicheng	称	cheng	chen
daichangpian	大长篇	8535	dachangpian	大	da	dai
daijiulou	大酒楼	8535	dajiulou	大	da	dai
tanshe	弹舌	8535	danshe	弹	dan	tan
dideiguo	抵得过	8535	dideguo	得	de	dei
fengzhua	风爪	8535	fengzhao	爪	zhao	zhua
guanliaoji	关了机	8535	guanleji	了	le	liao
jianxiu	剑宿	8535	jiansu	宿	su	xiu
jiaohang	脚行	8535	jiaoxing	行	xing	hang
kuadei	跨得	8535	kuade	得	de	dei
laimo	莱万	8535	laiwan	万	wan	mo
menzhaotou	闷着头	8535	menzhetou	着	zhe	zhao
menzhuotou	闷着头	8535	menzhetou	着	zhe	zhuo
momiao	万秒	8535	wanmiao	万	wan	mo
mozhongfengqing	万种风情	8535	wanzhongfengqing	万	wan	mo
naila	奈落	8535	nailuo	落	luo	la
nanye	难咽	8535	nanyan	咽	yan	ye
nieliaoyibahan	捏了一把汗	8535	nieleyibahan	了	le	liao
pianbo	偏薄	8535	pianbao	薄	bao	bo
shanbo	衫薄	8535	shanbao	薄	bao	bo
shengzhaoqi	生着气	8535	shengzheqi	着	zhe	zhao
shengzhuoqi	生着气	8535	shengzheqi	着	zhe	zhuo
shiyingshuai	市盈率	8535	shiyinglv	率	lv	shuai
tedaijiang	特大奖	8535	tedajiang	大	da	dai
tiandei	填得	8535	tiande	得	de	dei
xinkuaigen	心会跟	8535	xinhuigen	会	hui	kuai
yibaimobei	一百万倍	8535	yibaiwanbei	万	wan	mo
zhaodeizhao	找得着	8535	zhaodezhe	得	de	dei
zhaodeizhe	找得着	8535	zhaodezhe	得	de	dei
zhaodeizhuo	找得着	8535	zhaodezhe	得	de	dei
zhaodezhao	找得着	8535	zhaodezhe	着	zhe	zhao
zhaodezhuo	找得着	8535	zhaodezhe	着	zhe	zhuo
daiwenkou	大汶口	8522	dawenkou	大	da	dai
zhouxie	洲血	8518	zhouxue	血	xue	xie
lianji	连系	8517	lianxi	系	xi	ji
renhangtianqiao	人行天桥	8517	renxingtianqiao	行	xing	hang
wutiao	无调	8517	wudiao	调	diao	tiao
deji	地籍	8504	diji	地	di	de
fulishichang	副理事长	8500	fulishizhang	长	zhang	chang
changshe	长蛇	8481	zhangshe	长	zhang	chang
banjiangkuai	颁奖会	8475	banjianghui	会	hui	kuai
qinzhao	侵朝	8475	qinchao	朝	chao	zhao
baoqiao	薄壳	8472	baoke	壳	ke	qiao
boke	薄壳	8472	baoke	薄	bao	bo
boqiao	薄壳	8472	baoke	薄	bao	bo
cengqiao	层壳	8472	cengke	壳	ke	qiao
changsui	长隧	8472	zhangsui	长	zhang	chang
jiaomin	觉民	8472	juemin	觉	jue	jiao
biaotiao	标调	8470	biaodiao	调	diao	tiao
changqingqu	长清区	8470	zhangqingqu	长	zhang	chang
chuanshidai	川师大	8470	chuanshida	大	da	dai
lazaihoumian	落在后面	8470	luozaihoumian	落	luo	la
wushiduomo	五十多万	8470	wushiduowan	万	wan	mo
buxiangfansheng	不降反升	8465	bujiangfansheng	降	jiang	xiang
shoula	受落	8444	shouluo	落	luo	la
jizhi	系指	8441	xizhi	系	xi	ji
shierdai	十二大	8432	shierda	大	da	dai
beizhan	臂展	8424	bizhan	臂	bi	bei
zhimu	指模	8423	zhimo	模	mo	mu
zhaozhongshe	朝中社	8420	chaozhongshe	朝	chao	zhao
wenmangshuai	文盲率	8418	wenmanglv	率	lv	shuai
jinhangpiping	进行批评	8405	jinxingpiping	行	xing	hang
daiyuqiu	大于求	8398	dayuqiu	大	da	dai
dedahan	地大喊	8398	didahan	地	di	de
dedaihan	地大喊	8398	didahan	地	di	de
didaihan	地大喊	8398	didahan	大	da	dai
gongdaiyuqiu	供大于求	8398	gongdayuqiu	大	da	dai
cuyongzhao	簇拥着	8393	cuyongzhe	着	zhe	zhao
cuyongzhuo	簇拥着	8393	cuyongzhe	着	zhe	zhuo
kuahang	跨行	8393	kuaxing	行	xing	hang
xianchang	弦长	8366	xianzhang	长	zhang	chang
weihuobudui	维和部队	8365	weihebudui	和	he	huo
wuzheng	恶政	8358	ezheng	恶	e	wu
huojuan	火圈	8358	huoquan	圈	quan	juan
qiaozhi	壳质	8358	kezhi	壳	ke	qiao
quanmiantuihang	全面推行	8358	quanmiantuixing	行	xing	hang
huanyu	还于	8356	haiyu	还	hai	huan
bideiluo	彼得罗	8355	bideluo	得	de	dei
zhaozhe	着者	8354	zhezhe	着	zhe	zhao
zhuozhe	着者	8354	zhezhe	着	zhe	zhuo
changbandeng	长板凳	8349	zhangbandeng	长	zhang	chang
changjiaoduan	长焦端	8349	zhangjiaoduan	长	zhang	chang
yuchunde	愚蠢地	8349	yuchundi	地	di	de
daizhongma	大仲马	8347	dazhongma	大	da	dai
shexiang	折向	8341	zhexiang	折	zhe	she
moshougong	万寿宫	8337	wanshougong	万	wan	mo
daisanbapaifang	大三巴牌坊	8331	dasanbapaifang	大	da	dai
pukuoxing	普适性	8331	pushixing	适	shi	kuo
xianxiang	先降	8331	xianjiang	降	jiang	xiang
dujiade	度假地	8327	dujiadi	地	di	de
hangchou	行抽	8327	xingchou	行	xing	hang
hunzazhao	混杂着	8325	hunzazhe	着	zhe	zhao
hunzazhuo	混杂着	8325	hunzazhe	着	zhe	zhuo
zhangdai	胀大	8325	zhangda	大	da	dai
bajinchong	八斤重	8323	bajinzhong	重	zhong	chong
dainaimei	大奶妹	8323	danaimei	大	da	dai
daitiaoshui	大跳水	8323	datiaoshui	大	da	dai
tandiao	弹掉	8323	dandiao	弹	dan	tan
tiaoxiang	调香	8323	diaoxiang	调	diao	tiao
fengjuan	蜂圈	8323	fengquan	圈	quan	juan
guodeilai	过得来	8323	guodelai	得	de	dei
hangbugengming	行不更名	8323	xingbugengming	行	xing	hang
hanliao	焊了	8323	hanle	了	le	liao
kuaijizhichen	会计职称	8323	kuaijizhicheng	称	cheng	chen
xianghuilai	降回来	8323	jianghuilai	降	jiang	xiang
kanpiankuai	看片会	8323	kanpianhui	会	hui	kuai
qiaoshuai	壳摔	8323	keshuai	壳	ke	qiao
qiaozhu	壳煮	8323	kezhu	壳	ke	qiao
lila	梨落	8323	liluo	落	luo	la
mamie	抹灭	8323	momie	抹	mo	ma
mobugai	万不该	8323	wanbugai	万	wan	mo
muxide	木樨地	8323	muxidi	地	di	de
pazhaobudong	趴着不动	8323	pazhebudong	着	zhe	zhao
pazhuobudong	趴着不动	8323	pazhebudong	着	zhe	zhuo
piboxianduo	皮薄馅多	8323	pibaoxianduo	薄	bao	bo
qianzhao	签着	8323	qianzhe	着	zhe	zhao
qianzhuo	签着	8323	qianzhe	着	zhe	zhuo
qiaoliaobantian	敲了半天	8323	qiaolebantian	了	le	liao
shuangxiushuangqi	双宿双栖	8323	shuangsushuangqi	宿	su	xiu
shujue	薯角	8323	shujiao	角	jiao	jue
waijingde	外景地	8323	waijingdi	地	di	de
wangyoukuai	网友会	8323	wangyouhui	会	hui	kuai
xiangzhao	相着	8323	xiangzhe	着	zhe	zhao
xiangzhuo	相着	8323	xiangzhe	着	zhe	zhuo
xinguo	寻过	8323	xunguo	寻	xun	xin
zhengkaizhao	正开着	8323	zhengkaizhe	着	zhe	zhao
zhengkaizhuo	正开着	8323	zhengkaizhe	着	zhe	zhuo
changbian	长鞭	8322	zhangbian	长	zhang	chang
diaodukuai	调度会	8318	diaoduhui	会	hui	kuai
boshan	薄衫	8315	baoshan	薄	bao	bo
chichide	痴痴地	8315	chichidi	地	di	de
daibaozou	大暴走	8315	dabaozou	大	da	dai
dongfeidailiegu	东非大裂谷	8315	dongfeidaliegu	大	da	dai
liaoaimei	了暧昧	8315	leaimei	了	le	liao
liangpinshuai	良品率	8315	liangpinlv	率	lv	shuai
xingchen	姓沈	8315	xingshen	沈	shen	chen
jingjiji	经济系	8296	jingjixi	系	xi	ji
selai	塞莱	8296	sailai	塞	sai	se
liangbei	两臂	8294	liangbi	臂	bi	bei
fuquchang	副区长	8292	fuquzhang	长	zhang	chang
xiuqianshi	宿迁市	8287	suqianshi	宿	su	xiu
tuigenghuanlin	退耕还林	8285	tuigenghailin	还	hai	huan
neicheng	内盛	8277	neisheng	盛	sheng	cheng
zaomu	造模	8272	zaomo	模	mo	mu
chenqiuxian	沈丘县	8267	shenqiuxian	沈	shen	chen
daizhuang	大庄	8267	dazhuang	大	da	dai
yishikuai	议事会	8267	yishihui	会	hui	kuai
muliaochang	幕僚长	8262	muliaozhang	长	zhang	chang
jieqiao	介壳	8254	jieke	壳	ke	qiao
xinhuo	寻获	8254	xunhuo	寻	xun	xin
dangdixingzhi	党的性质	8252	dangdexingzhi	的	de	di
cangzhao	藏著	8249	cangzhu	著	zhu	zhao
cangzhe	藏著	8249	cangzhu	著	zhu	zhe
cangzhuo	藏著	8249	cangzhu	著	zhu	zhuo
zhaofu	著父	8247	zhufu	著	zhu	zhao
zhefu	著父	8247	zhufu	著	zhu	zhe
zhuofu	著父	8247	zhufu	著	zhu	zhuo
changgang	长冈	8246	zhanggang	长	zhang	chang
shuaikongzhi	率控制	8246	lvkongzhi	率	lv	shuai
zunchongqunzhong	尊重群众	8241	zunzhongqunzhong	重	zhong	chong
qiangdisong	强的松	8233	qiangdesong	的	de	di
chongdiyin	重低音	8228	zhongdiyin	重	zhong	chong
youcaide	油菜地	8228	youcaidi	地	di	de
zhengjue	整角	8228	zhengjiao	角	jiao	jue
bandeihao	办得好	8220	bandehao	得	de	dei
xiangcao	降曹	8219	jiangcao	降	jiang	xiang
daihe	大禾	8217	dahe	大	da	dai
futingchang	副厅长	8217	futingzhang	长	zhang	chang
mokou	万口	8217	wankou	万	wan	mo
shangmoci	上万次	8217	shangwanci	万	wan	mo
suliaomu	塑料模	8217	suliaomo	模	mo	mu
xiuxi	宿昔	8217	suxi	宿	su	xiu
taotaishuai	淘汰率	8217	taotailv	率	lv	shuai
baoxianfeishuai	保险费率	8216	baoxianfeilv	率	lv	shuai
shuaiyi	率依	8216	lvyi	率	lv	shuai
xiuxian	宿县	8216	suxian	宿	su	xiu
hanzhao	含著	8202	hanzhu	著	zhu	zhao
hanzhe	含著	8202	hanzhu	著	zhu	zhe
hanzhuo	含著	8202	hanzhu	著	zhu	zhuo
sesaluoniji	塞萨洛尼基	8195	saisaluoniji	塞	sai	se
zhengjiankuai	证监会	8195	zhengjianhui	会	hui	kuai
chouweikuai	筹委会	8194	chouweihui	会	hui	kuai
bideidadi	彼得大帝	8187	bidedadi	得	de	dei
shejiao	折角	8187	zhejiao	折	zhe	she
shejue	折角	8187	zhejiao	折	zhe	she
zhejue	折角	8187	zhejiao	角	jiao	jue
shierhang	十二行	8183	shierxing	行	xing	hang
duyunshi	都匀市	8177	douyunshi	都	dou	du
jinhangxing	进行性	8165	jinxingxing	行	xing	hang
jizhao	即著	8156	jizhu	著	zhu	zhao
jizhe	即著	8156	jizhu	著	zhu	zhe
jizhuo	即著	8156	jizhu	著	zhu	zhuo
shendeiminxin	深得民心	8156	shendeminxin	得	de	dei
zhaochangjinhang	照常进行	8155	zhaochangjinxing	行	xing	hang
bideigelei	彼得格勒	8154	bidegelei	得	de	dei
kelaoseweici	克劳塞维茨	8151	kelaosaiweici	塞	sai	se
tuiguangkuai	推广会	8145	tuiguanghui	会	hui	kuai
tanbo	弹拨	8137	danbo	弹	dan	tan
guanchen	惯称	8136	guancheng	称	cheng	chen
bosong	泊松	8135	posong	泊	po	bo
daizhonghua	大中华	8135	dazhonghua	大	da	dai
liuchong	六重	8132	liuzhong	重	zhong	chong
niyajialadaipubu	尼亚加拉大瀑布	8128	niyajialadapubu	大	da	dai
daifudutigao	大幅度提高	8127	dafudutigao	大	da	dai
junweikuai	军委会	8127	junweihui	会	hui	kuai
jishizhong	给事中	8119	geishizhong	给	gei	ji
daibianlun	大辩论	8113	dabianlun	大	da	dai
malihuo	玛丽和	8113	malihe	和	he	huo
chenjin	沈浸	8111	shenjin	沈	shen	chen
agubo	阿古柏	8104	agubai	柏	bai	bo
shizhao	氏朝	8104	shichao	朝	chao	zhao
xieyou	血友	8104	xueyou	血	xue	xie
tongzhuan	通传	8098	tongchuan	传	chuan	zhuan
zhuanghang	壮行	8098	zhuangxing	行	xing	hang
chaisuqi	差速器	8097	chasuqi	差	cha	chai
changgan	长杆	8097	zhanggan	长	zhang	chang
chanraozhao	缠绕着	8097	chanraozhe	着	zhe	zhao
chanraozhuo	缠绕着	8097	chanraozhe	着	zhe	zhuo
daxiekuai	答谢会	8097	daxiehui	会	hui	kuai
ershe	二折	8097	erzhe	折	zhe	she
fangsi	仿似	8097	fangshi	似	shi	si
juexie	角斜	8097	jiaoxie	角	jiao	jue
renji	认给	8097	rengei	给	gei	ji
xieyan	血燕	8097	xueyan	血	xue	xie
yetong	咽痛	8097	yantong	咽	yan	ye
zhusude	住宿地	8097	zhusudi	地	di	de
daiyi	大异	8094	dayi	大	da	dai
baofengjuan	暴风圈	8091	baofengquan	圈	quan	juan
botan	薄毯	8091	baotan	薄	bao	bo
beijiaodai	北交大	8091	beijiaoda	大	da	dai
chendao	沈导	8091	shendao	沈	shen	chen
chifani	吃法呢	8091	chifane	呢	ne	ni
chongwei	重味	8091	zhongwei	重	zhong	chong
daisudaya	大俗大雅	8091	dasudaya	大	da	dai
diaolaitiaoqu	调来调去	8091	diaolaidiaoqu	调	diao	tiao
tiaolaidiaoqu	调来调去	8091	diaolaidiaoqu	调	diao	tiao
tiaolaitiaoqu	调来调去	8091	diaolaidiaoqu	调	diao	tiao
diqiao	底壳	8091	dike	壳	ke	qiao
dingduokuai	顶多会	8091	dingduohui	会	hui	kuai
wuzei	恶贼	8091	ezei	恶	e	wu
fangde	坊地	8091	fangdi	地	di	de
huocaizhuang	和彩妆	8091	hecaizhuang	和	he	huo
huashengqiao	花生壳	8091	huashengke	壳	ke	qiao
jianweizhizhao	见微知着	8091	jianweizhizhe	着	zhe	zhao
jianweizhizhuo	见微知着	8091	jianweizhizhe	着	zhe	zhuo
xianweizhizhao	见微知着	8091	jianweizhizhe	见	jian	xian
xianweizhizhe	见微知着	8091	jianweizhizhe	见	jian	xian
xianweizhizhuo	见微知着	8091	jianweizhizhe	见	jian	xian
jijuan	姬圈	8091	jiquan	圈	quan	juan
jimobei	几万倍	8091	jiwanbei	万	wan	mo
jimojishiwan	几万几十万	8091	jiwanjishiwan	万	wan	mo
qiaoqiao	壳敲	8091	keqiao	壳	ke	qiao
qiaoying	壳硬	8091	keying	壳	ke	qiao
kujiliao	酷极了	8091	kujile	了	le	liao
liangmoge	两万个	8091	liangwange	万	wan	mo
liaoshen	辽参	8091	liaocan	参	can	shen
liujuan	遛圈	8091	liuquan	圈	quan	juan
luanma	乱抹	8091	luanmo	抹	mo	ma
meiyuejia	美乐家	8091	meilejia	乐	le	yue
miaozhua	喵爪	8091	miaozhao	爪	zhao	zhua
niudai	扭大	8091	niuda	大	da	dai
qiwushe	七五折	8091	qiwuzhe	折	zhe	she
sheizhuzhang	谁主张	8091	shuizhuzhang	谁	shui	shei
shekuan	折款	8091	zhekuan	折	zhe	she
shuliaoqiu	输了球	8091	shuleqiu	了	le	liao
susudi	酥酥的	8091	susude	的	de	di
tiantiande	甜甜地	8091	tiantiandi	地	di	de
tiji	提给	8091	tigei	给	gei	ji
tuidaochonglai	推倒重来	8091	tuidaozhonglai	重	zhong	chong
tuqiao	吐壳	8091	tuke	壳	ke	qiao
xiela	谢落	8091	xieluo	落	luo	la
zhuaji	爪鸡	8091	zhaoji	爪	zhao	zhua
zhiyinnanxin	知音难寻	8091	zhiyinnanxun	寻	xun	xin
daiyong	大庸	8081	dayong	大	da	dai
weihang	威行	8081	weixing	行	xing	hang
bolitanzhu	玻璃弹珠	8067	bolidanzhu	弹	dan	tan
changde	厂地	8067	changdi	地	di	de
daipaizhanglong	大排长龙	8067	dapaizhanglong	大	da	dai
hangzhen	行针	8067	xingzhen	行	xing	hang
ladiao	落掉	8067	luodiao	落	luo	la
madan	抹淡	8067	modan	抹	mo	ma
moyingchi	万英尺	8067	wanyingchi	万	wan	mo
shouyingkuai	首映会	8067	shouyinghui	会	hui	kuai
tijiao	体觉	8067	tijue	觉	jue	jiao
tumu	土模	8067	tumo	模	mo	mu
xiaodei	销得	8067	xiaode	得	de	dei
xieqing	血情	8067	xueqing	血	xue	xie
xuedaikuai	学代会	8067	xuedaihui	会	hui	kuai
shouhang	首行	8061	shouxing	行	xing	hang
goudeishang	够得上	8058	goudeshang	得	de	dei
jiaocha	觉查	8058	juecha	觉	jue	jiao
liushiduomo	六十多万	8058	liushiduowan	万	wan	mo
wangliaowang	望了望	8058	wanglewang	了	le	liao
zhaobing	朝兵	8056	chaobing	朝	chao	zhao
ningxieyinzi	凝血因子	8053	ningxueyinzi	血	xue	xie
chonghao	重号	8049	zhonghao	重	zhong	chong
chongshuai	重摔	8049	zhongshuai	重	zhong	chong
daishun	大舜	8049	dashun	大	da	dai
danjue	单角	8049	danjiao	角	jiao	jue
manshi	埋尸	8049	maishi	埋	mai	man
yunji	云系	8049	yunxi	系	xi	ji
zuqiujuan	足球圈	8049	zuqiuquan	圈	quan	juan
pizhao	披著	8041	pizhu	著	zhu	zhao
pizhe	披著	8041	pizhu	著	zhu	zhe
pizhuo	披著	8041	pizhu	著	zhu	zhuo
tanya	弹压	8036	danya	弹	dan	tan
kaigongshuai	开工率	8033	kaigonglv	率	lv	shuai
disanjuan	第三圈	8032	disanquan	圈	quan	juan
liuxiu	柳宿	8032	liusu	宿	su	xiu
niboerren	尼泊尔人	8032	nipoerren	泊	po	bo
yimojiuqian	一万九千	8032	yiwanjiuqian	万	wan	mo
huodedao	火地岛	8029	huodidao	地	di	de
jiehuang	桔黄	8027	juhuang	桔	ju	jie
shouzhao	守著	8024	shouzhu	著	zhu	zhao
shouzhe	守著	8024	shouzhu	著	zhu	zhe
shouzhuo	守著	8024	shouzhu	著	zhu	zhuo
fanzhaoshuai	反照率	8001	fanzhaolv	率	lv	shuai
nianshuai	年率	8001	nianlv	率	lv	shuai
deba	地霸	7994	diba	地	di	de
qiandaideng	前大灯	7992	qiandadeng	大	da	dai
tuozhao	拖著	7989	tuozhu	著	zhu	zhao
tuozhe	拖著	7989	tuozhu	著	zhu	zhe
tuozhuo	拖著	7989	tuozhu	著	zhu	zhuo
yadeiliya	亚得里亚	7989	yadeliya	得	de	dei
hangguan	行馆	7978	xingguan	行	xing	hang
kuozhe	适者	7978	shizhe	适	shi	kuo
wuyanxianjiang	无颜见江	7978	wuyanjianjiang	见	jian	xian
wuyanxianjiangdongfulao	无颜见江东父老	7978	wuyanjianjiangdongfulao	见	jian	xian
chuzushuai	出租率	7975	chuzulv	率	lv	shuai
daojue	倒角	7972	daojiao	角	jiao	jue
yeweikuai	业委会	7972	yeweihui	会	hui	kuai
zhaozhu	朝珠	7971	chaozhu	朝	chao	zhao
fande	番地	7971	fandi	地	di	de
yuchang	狱长	7971	yuzhang	长	zhang	chang
duomopingfanggongli	多万平方公里	7967	duowanpingfanggongli	万	wan	mo
fanjue	反角	7961	fanjiao	角	jiao	jue
fanzhide	繁殖地	7960	fanzhidi	地	di	de
libuke	李卜克	7960	liboke	卜	bo	bu
dairong	大蓉	7959	darong	大	da	dai
dideiguo	敌得过	7959	dideguo	得	de	dei
luobu	罗卜	7959	luobo	卜	bo	bu
macheng	抹成	7959	mocheng	抹	mo	ma
moyu	没羽	7959	meiyu	没	mei	mo
xingwu	性恶	7959	xinge	恶	e	wu
zhihang	纸行	7959	zhixing	行	xing	hang
zhuanzengji	转赠给	7959	zhuanzenggei	给	gei	ji
duochongxing	多重性	7957	duozhongxing	重	zhong	chong
kongjianhuoshi	空间和时	7939	kongjianheshi	和	he	huo
laji	落基	7939	luoji	落	luo	la
lvhuashuai	绿化率	7939	lvhualv	率	lv	shuai
shifade	始发地	7934	shifadi	地	di	de
xinxiu	信宿	7934	xinsu	宿	su	xiu
zixunkuai	咨询会	7934	zixunhui	会	hui	kuai
daisanguan	大散关	7914	dasanguan	大	da	dai
jianbianyihang	简便易行	7907	jianbianyixing	行	xing	hang
yueduan	乐段	7900	leduan	乐	le	yue
huanbingshuai	患病率	7896	huanbinglv	率	lv	shuai
sanshiwumo	三十五万	7893	sanshiwuwan	万	wan	mo
bangongkuai	办公会	7889	bangonghui	会	hui	kuai
xiangtang	降唐	7883	jiangtang	降	jiang	xiang
xiangyouchengming	享有盛名	7883	xiangyoushengming	盛	sheng	cheng
juezhu	角柱	7882	jiaozhu	角	jiao	jue
seka	塞卡	7882	saika	塞	sai	se
hanzhao	喊著	7877	hanzhu	著	zhu	zhao
hanzhe	喊著	7877	hanzhu	著	zhu	zhe
hanzhuo	喊著	7877	hanzhu	著	zhu	zhuo
jiandei	渐得	7877	jiande	得	de	dei
jixieji	机械系	7877	jixiexi	系	xi	ji
paipian	排便	7877	paibian	便	bian	pian
xiachangdi	狭长的	7877	xiachangde	的	de	di
yishuji	艺术系	7877	yishuxi	系	xi	ji
jianjue	键角	7874	jianjiao	角	jiao	jue
huibaoshuai	回报率	7855	huibaolv	率	lv	shuai
tongbushuai	同步率	7854	tongbulv	率	lv	shuai
deidaoxuke	得到许可	7852	dedaoxuke	得	de	dei
xiangjie	降阶	7842	jiangjie	降	jiang	xiang
tandai	贪大	7838	tanda	大	da	dai
zhaose	著色	7838	zhuse	著	zhu	zhao
zhese	著色	7838	zhuse	著	zhu	zhe
zhuose	著色	7838	zhuse	著	zhu	zhuo
caitiao	彩调	7836	caidiao	调	diao	tiao
changtiao	长挑	7836	zhangtiao	长	zhang	chang
chenhequ	沈河区	7836	shenhequ	沈	shen	chen
chongchou	重酬	7836	zhongchou	重	zhong	chong
diseer	迪塞尔	7836	disaier	塞	sai	se
duojuelian	多角恋	7836	duojiaolian	角	jiao	jue
hetaoqiao	核桃壳	7836	hetaoke	壳	ke	qiao
hulajuan	呼拉圈	7836	hulaquan	圈	quan	juan
jiazhuangkuai	假装会	7836	jiazhuanghui	会	hui	kuai
kesuizhupian	客随主便	7836	kesuizhubian	便	bian	pian
lanjuan	蓝圈	7836	lanquan	圈	quan	juan
larusutao	落入俗套	7836	luorusutao	落	luo	la
manjiaolong	满觉陇	7836	manjuelong	觉	jue	jiao
maqilai	抹起来	7836	moqilai	抹	mo	ma
nuannuande	暖暖地	7836	nuannuandi	地	di	de
peideiqi	赔得起	7836	peideqi	得	de	dei
shengyueji	声乐系	7836	shengyuexi	系	xi	ji
shoujuan	兽圈	7836	shouquan	圈	quan	juan
shuiguoliaotou	睡过了头	7836	shuiguoletou	了	le	liao
tiela	铁落	7836	tieluo	落	luo	la
tuozhaobei	驼着背	7836	tuozhebei	着	zhe	zhao
tuozhuobei	驼着背	7836	tuozhebei	着	zhe	zhuo
xitingzunpian	悉听尊便	7836	xitingzunbian	便	bian	pian
yangaizhao	掩盖着	7836	yangaizhe	着	zhe	zhao
yangaizhuo	掩盖着	7836	yangaizhe	着	zhe	zhuo
yingliaoqiu	赢了球	7836	yingleqiu	了	le	liao
zhizhide	直直地	7836	zhizhidi	地	di	de
zhuanfengliao	赚疯了	7836	zhuanfengle	了	le	liao
wujue	屋角	7826	wujiao	角	jiao	jue
tiaojian	调减	7824	diaojian	调	diao	tiao
pingpingdi	平平的	7824	pingpingde	的	de	di
rihai	日咳	7824	rike	咳	ke	hai
shiji	施给	7824	shigei	给	gei	ji
shumoming	数万名	7819	shuwanming	万	wan	mo
mozhu	万株	7809	wanzhu	万	wan	mo
gezini	格子呢	7806	gezine	呢	ne	ni
huantun	还吞	7806	haitun	还	hai	huan
shangmozhi	上万只	7806	shangwanzhi	万	wan	mo
zhiweikuai	执委会	7795	zhiweihui	会	hui	kuai
xiangyu	降于	7793	jiangyu	降	jiang	xiang
shenxiang	参详	7791	canxiang	参	can	shen
jiandei	溅得	7791	jiande	得	de	dei
longchuantiao	龙船调	7791	longchuandiao	调	diao	tiao
sishiduomo	四十多万	7791	sishiduowan	万	wan	mo
tongjiao	统觉	7791	tongjue	觉	jue	jiao
weixianqiren	未见其人	7791	weijianqiren	见	jian	xian
xialiaoyanjing	瞎了眼睛	7791	xialeyanjing	了	le	liao
xide	吸地	7791	xidi	地	di	de
yixianzhongqing	一见锺情	7791	yijianzhongqing	见	jian	xian
zhizheyueshui	智者乐水	7791	zhizheleshui	乐	le	yue
anzhao	按著	7789	anzhu	著	zhu	zhao
anzhe	按著	7789	anzhu	著	zhu	zhe
anzhuo	按著	7789	anzhu	著	zhu	zhuo
dongdaisi	东大寺	7789	dongdasi	大	da	dai
ganjia	乾嘉	7789	qianjia	乾	qian	gan
liangji	两系	7789	liangxi	系	xi	ji
mingrenzhuan	名人传	7789	mingrenchuan	传	chuan	zhuan
yangxie	氧血	7789	yangxue	血	xue	xie
yiqiao	衣壳	7789	yike	壳	ke	qiao
samosete	萨默塞特	7788	samosaite	塞	sai	se
guyouchen	故又称	7780	guyoucheng	称	cheng	chen
hangxie	行血	7780	xingxue	行	xing	hang
hangxue	行血	7780	xingxue	行	xing	hang
xingxie	行血	7780	xingxue	血	xue	xie
seshang	塞尚	7779	saishang	塞	sai	se
touguangshuai	透光率	7763	touguanglv	率	lv	shuai
dejuan	地圈	7739	diquan	地	di	de
dequan	地圈	7739	diquan	地	di	de
dijuan	地圈	7739	diquan	圈	quan	juan
juejing	角井	7739	jiaojing	角	jiao	jue
shoutingshuai	收听率	7739	shoutinglv	率	lv	shuai
yaji	押给	7739	yagei	给	gei	ji
chenfa	称法	7738	chengfa	称	cheng	chen
pianshe	偏折	7738	pianzhe	折	zhe	she
kangxie	抗血	7732	kangxue	血	xue	xie
xiangru	降入	7730	jiangru	降	jiang	xiang
liaoyangde	疗养地	7730	liaoyangdi	地	di	de
seleimu	塞勒姆	7730	saileimu	塞	sai	se
shuaila	摔落	7730	shuailuo	落	luo	la
shoushouchangchang	瘦瘦长长	7729	shoushouchangzhang	长	zhang	chang
xiazhidai	侠之大	7729	xiazhida	大	da	dai
xiazhidaizhe	侠之大者	7729	xiazhidazhe	大	da	dai
chongteda	重特大	7727	zhongteda	重	zhong	chong
chongtedai	重特大	7727	zhongteda	重	zhong	chong
zhongtedai	重特大	7727	zhongteda	大	da	dai
tongzhangshuai	通胀率	7727	tongzhanglv	率	lv	shuai
daijiaxi	大甲溪	7721	dajiaxi	大	da	dai
boan	泊岸	7715	poan	泊	po	bo
tiaoshi	调使	7715	diaoshi	调	diao	tiao
jici	系辞	7715	xici	系	xi	ji
tuochang	托长	7715	tuozhang	长	zhang	chang
beishi	臂式	7699	bishi	臂	bi	bei
zhuanzi	传子	7699	chuanzi	传	chuan	zhuan
miechen	蔑称	7699	miecheng	称	cheng	chen
huagongji	化工系	7698	huagongxi	系	xi	ji
mojia	万架	7698	wanjia	万	wan	mo
tiaoxu	调蓄	7695	diaoxu	调	diao	tiao
motong	万桶	7695	wantong	万	wan	mo
kuodai	阔大	7692	kuoda	大	da	dai
yifenzhichai	一分之差	7692	yifenzhicha	差	cha	chai
aoseluo	奥塞罗	7683	aosailuo	塞	sai	se
hunanshidai	湖南师大	7683	hunanshida	大	da	dai
luobokuailiaobuxini	萝卜快了不洗泥	7677	luobokuailebuxini	了	le	liao
hencha	狠刹	7669	hensha	刹	sha	cha
zhaoxianyu	朝鲜语	7661	chaoxianyu	朝	chao	zhao
shuaizhong	率众	7661	lvzhong	率	lv	shuai
shizishuai	识字率	7661	shizilv	率	lv	shuai
zhaolu	著录	7661	zhulu	著	zhu	zhao
zhelu	著录	7661	zhulu	著	zhu	zhe
zhuolu	著录	7661	zhulu	著	zhu	zhuo
zhaomo	著墨	7661	zhumo	著	zhu	zhao
zhemo	著墨	7661	zhumo	著	zhu	zhe
zhuomo	著墨	7661	zhumo	著	zhu	zhuo
bushengfanxiang	不升反降	7660	bushengfanjiang	降	jiang	xiang
jihuai	系怀	7660	xihuai	系	xi	ji
lvtiao	律调	7660	lvdiao	调	diao	tiao
wumoyuan	五万元	7660	wuwanyuan	万	wan	mo
xiangfu	降福	7646	jiangfu	降	jiang	xiang
nise	尼塞	7646	nisai	塞	sai	se
beishen	臂伸	7629	bishen	臂	bi	bei
daibaibai	大拜拜	7629	dabaibai	大	da	dai
daijuezhan	大决战	7629	dajuezhan	大	da	dai
juezhuang	角状	7629	jiaozhuang	角	jiao	jue
luoqiao	螺壳	7629	luoke	壳	ke	qiao
paichai	派差	7629	paicha	差	cha	chai
zheshejue	折射角	7628	zheshejiao	角	jiao	jue
moningshi	万宁市	7625	wanningshi	万	wan	mo
xindaixin	新大新	7625	xindaxin	大	da	dai
zhaizhaidi	窄窄的	7625	zhaizhaide	的	de	di
shenshang	参上	7615	canshang	参	can	shen
daidei	逮得	7615	daide	得	de	dei
mengchong	盟重	7615	mengzhong	重	zhong	chong
piqiao	皮壳	7615	pike	壳	ke	qiao
santan	散弹	7615	sandan	弹	dan	tan
sanduao	三都澳	7615	sandouao	都	dou	du
shouhang	兽行	7615	shouxing	行	xing	hang
zhaominghuajia	著名画家	7605	zhuminghuajia	著	zhu	zhao
zheminghuajia	著名画家	7605	zhuminghuajia	著	zhu	zhe
zhuominghuajia	著名画家	7605	zhuminghuajia	著	zhu	zhuo
fujijuan	伏击圈	7603	fujiquan	圈	quan	juan
moduopingfangmi	万多平方米	7603	wanduopingfangmi	万	wan	mo
zhaowang	朝亡	7599	chaowang	朝	chao	zhao
lianglei	两肋	7592	liangle	肋	le	lei
changfengxian	长丰县	7590	zhangfengxian	长	zhang	chang
zhaohai	朝海	7590	chaohai	朝	chao	zhao
jiade	甲地	7590	jiadi	地	di	de
xiaoweikuai	校委会	7587	xiaoweihui	会	hui	kuai
zhihuiji	指挥系	7587	zhihuixi	系	xi	ji
kentankuai	恳谈会	7585	kentanhui	会	hui	kuai
changzhouju	长轴距	7576	zhangzhouju	长	zhang	chang
guanqihang	观其行	7576	guanqixing	行	xing	hang
hudei	唬得	7576	hude	得	de	dei
liuchangde	流畅地	7575	liuchangdi	地	di	de
gengkuoyi	更适宜	7564	gengshiyi	适	shi	kuo
yueshou	乐受	7564	leshou	乐	le	yue
tanlunzhao	谈论着	7564	tanlunzhe	着	zhe	zhao
tanlunzhuo	谈论着	7564	tanlunzhe	着	zhe	zhuo
liangdaizhenying	两大阵营	7562	liangdazhenying	大	da	dai
daishanque	大山雀	7559	dashanque	大	da	dai
chengzhenhuashuai	城镇化率	7556	chengzhenhualv	率	lv	shuai
banwohang	伴我行	7552	banwoxing	行	xing	hang
beitidai	北体大	7552	beitida	大	da	dai
budangdeili	不当得利	7552	budangdeli	得	de	dei
shenbutou	参不透	7552	canbutou	参	can	shen
chongrutaishan	重如泰山	7552	zhongrutaishan	重	zhong	chong
daihuixiong	大灰熊	7552	dahuixiong	大	da	dai
dainaoyichang	大闹一场	7552	danaoyichang	大	da	dai
daixinxian	大新县	7552	daxinxian	大	da	dai
daiyanbinke	大宴宾客	7552	dayanbinke	大	da	dai
daiyangshu	大杨树	7552	dayangshu	大	da	dai
tanbulai	弹不来	7552	danbulai	弹	dan	tan
deirenjing	得人惊	7552	derenjing	得	de	dei
diangeji	点歌给	7552	diangegei	给	gei	ji
duanchong	短重	7552	duanzhong	重	zhong	chong
fanxiushuai	返修率	7552	fanxiulv	率	lv	shuai
gaochai	搞差	7552	gaocha	差	cha	chai
haopingshuai	好评率	7552	haopinglv	率	lv	shuai
huoxiaoluo	和小罗	7552	hexiaoluo	和	he	huo
kuaikuan	会款	7552	huikuan	会	hui	kuai
xianduobuguai	见多不怪	7552	jianduobuguai	见	jian	xian
jianliaozhima	捡了芝麻	7552	jianlezhima	了	le	liao
jiaochazhao	交叉着	7552	jiaochazhe	着	zhe	zhao
jiaochazhuo	交叉着	7552	jiaochazhe	着	zhe	zhuo
jinbengzhao	紧绷着	7552	jinbengzhe	着	zhe	zhao
jinbengzhuo	紧绷着	7552	jinbengzhe	着	zhe	zhuo
juanma	圈马	7552	quanma	圈	quan	juan
juzhao	巨着	7552	juzhe	着	zhe	zhao
juzhuo	巨着	7552	juzhe	着	zhe	zhuo
kuaiyingliao	快赢了	7552	kuaiyingle	了	le	liao
kuolingqingnian	适龄青年	7552	shilingqingnian	适	shi	kuo
yuejuan	乐捐	7552	lejuan	乐	le	yue
luobu	箩卜	7552	luobo	卜	bo	bu
moshang	没赏	7552	meishang	没	mei	mo
nangzhao	囔着	7552	nangzhe	着	zhe	zhao
nangzhuo	囔着	7552	nangzhe	着	zhe	zhuo
pinkuai	拼会	7552	pinhui	会	hui	kuai
sejin	塞紧	7552	saijin	塞	sai	se
shejin	折进	7552	zhejin	折	zhe	she
shesan	折伞	7552	zhesan	折	zhe	she
shukuoxing	舒适型	7552	shushixing	适	shi	kuo
wuguiqiao	乌龟壳	7552	wuguike	壳	ke	qiao
wulunhede	无论何地	7552	wulunhedi	地	di	de
yancangzhao	掩藏着	7552	yancangzhe	着	zhe	zhao
yancangzhuo	掩藏着	7552	yancangzhe	着	zhe	zhuo
yimaidei	易买得	7552	yimaide	得	de	dei
yimohui	一万回	7552	yiwanhui	万	wan	mo
yuyuhuanxiu	欲语还休	7552	yuyuhaixiu	还	hai	huan
dizhiji	地质系	7545	dizhixi	系	xi	ji
daishahe	大沙河	7512	dashahe	大	da	dai
qiaohou	壳厚	7512	kehou	壳	ke	qiao
lianhang	联行	7512	lianxing	行	xing	hang
zuojue	左角	7512	zuojiao	角	jiao	jue
sanmoliang	三万两	7509	sanwanliang	万	wan	mo
shenzhizhengshi	参知政事	7508	canzhizhengshi	参	can	shen
gongtan	供弹	7508	gongdan	弹	dan	tan
zhaomingrenshi	著名人士	7508	zhumingrenshi	著	zhu	zhao
zhemingrenshi	著名人士	7508	zhumingrenshi	著	zhu	zhe
zhuomingrenshi	著名人士	7508	zhumingrenshi	著	zhu	zhuo
buzhe	卜者	7507	bozhe	卜	bo	bu
daibifen	大比分	7503	dabifen	大	da	dai
chenwu	称吴	7494	chengwu	称	cheng	chen
juedi	角抵	7485	jiaodi	角	jiao	jue
chenni	沈溺	7482	shenni	沈	shen	chen
tanchushi	弹出式	7482	danchushi	弹	dan	tan
deqian	地钱	7482	diqian	地	di	de
hubei	护臂	7482	hubi	臂	bi	bei
huifuji	恢复系	7482	huifuxi	系	xi	ji
hujuan	弧圈	7482	huquan	圈	quan	juan
lazuo	落坐	7482	luozuo	落	luo	la
moshu	万数	7482	wanshu	万	wan	mo
qiuchai	求差	7482	qiucha	差	cha	chai
renduodeshao	人多地少	7482	renduodishao	地	di	de
shenchen	深沈	7482	shenshen	沈	shen	chen
shouji	收给	7482	shougei	给	gei	ji
shuaiduanliaotui	摔断了腿	7482	shuaiduanletui	了	le	liao
zaodei	糟得	7482	zaode	得	de	dei
zhaomingyanyuan	著名演员	7482	zhumingyanyuan	著	zhu	zhao
zhemingyanyuan	著名演员	7482	zhumingyanyuan	著	zhu	zhe
zhuomingyanyuan	著名演员	7482	zhumingyanyuan	著	zhu	zhuo
chela	扯落	7477	cheluo	落	luo	la
chongtu	重图	7477	zhongtu	重	zhong	chong
wuye	恶业	7477	eye	恶	e	wu
huanzai	还载	7477	haizai	还	hai	huan
miaojiao	妙觉	7477	miaojue	觉	jue	jiao
mopian	万篇	7477	wanpian	万	wan	mo
pomiantu	剖面图	7477	poumiantu	剖	pou	po
kongzhishuai	空置率	7474	kongzhilv	率	lv	shuai
zhuzhao	驻朝	7473	zhuchao	朝	chao	zhao
zhaogong	朝宫	7468	chaogong	朝	chao	zhao
zhaohe	朝核	7468	chaohe	朝	chao	zhao
chengxiang	乘降	7468	chengjiang	降	jiang	xiang
daiqinglv	大清律	7467	daqinglv	大	da	dai
zhongguokedai	中国科大	7467	zhongguokeda	大	da	dai
xiangweichai	相位差	7466	xiangweicha	差	cha	chai
bangchong	磅重	7460	bangzhong	重	zhong	chong
chongzhang	重障	7460	zhongzhang	重	zhong	chong
jiayuefu	家乐福	7458	jialefu	乐	le	yue
lichai	利差	7458	licha	差	cha	chai
tiyuan	堤垸	7454	diyuan	堤	di	ti
mogongjin	万公斤	7454	wangongjin	万	wan	mo
shengtaijuan	生态圈	7450	shengtaiquan	圈	quan	juan
zhaopai	朝派	7425	chaopai	朝	chao	zhao
chongta	重踏	7422	zhongta	重	zhong	chong
xietiaokuai	协调会	7422	xietiaohui	会	hui	kuai
zhongzhuande	中转地	7422	zhongzhuandi	地	di	de
zhitan	掷弹	7417	zhidan	弹	dan	tan
changshao	长勺	7416	zhangshao	长	zhang	chang
kuohangzheng	适航证	7416	shihangzheng	适	shi	kuo
kuozhi	适之	7416	shizhi	适	shi	kuo
changzhishi	长治市	7409	zhangzhishi	长	zhang	chang
bochuan	泊船	7404	pochuan	泊	po	bo
chongbao	重宝	7404	zhongbao	重	zhong	chong
tuichongbi	推重比	7404	tuizhongbi	重	zhong	chong
chengzhao	乘著	7399	chengzhu	著	zhu	zhao
chengzhe	乘著	7399	chengzhu	著	zhu	zhe
chengzhuo	乘著	7399	chengzhu	著	zhu	zhuo
chongdingxiang	重定向	7399	zhongdingxiang	重	zhong	chong
doushuai	兜率	7399	doulv	率	lv	shuai
duzhihuishi	都指挥使	7399	douzhihuishi	都	dou	du
guliji	孤立系	7399	gulixi	系	xi	ji
xiangzhi	降旨	7399	jiangzhi	降	jiang	xiang
nianzhao	黏著	7399	nianzhu	著	zhu	zhao
nianzhe	黏著	7399	nianzhu	著	zhu	zhe
nianzhuo	黏著	7399	nianzhu	著	zhu	zhuo
dailangzhen	大朗镇	7393	dalangzhen	大	da	dai
shangmotiao	上万条	7393	shangwantiao	万	wan	mo
ziyuande	自愿地	7393	ziyuandi	地	di	de
daizhi	大枝	7387	dazhi	大	da	dai
hanglve	行略	7387	xinglve	行	xing	hang
kuangde	旷地	7387	kuangdi	地	di	de
saimakuai	赛马会	7387	saimahui	会	hui	kuai
yuanjue	远角	7387	yuanjiao	角	jiao	jue
daiyongchang	大用场	7379	dayongchang	大	da	dai
qixiazhuan	奇侠传	7373	qixiachuan	传	chuan	zhuan
xiemeng	血盟	7373	xuemeng	血	xue	xie
yingjue	迎角	7373	yingjiao	角	jiao	jue
xiaoxuexiaochang	小学校长	7368	xiaoxuexiaozhang	长	zhang	chang
beidaiying	北大营	7352	beidaying	大	da	dai
xinzhaojihui	寻找机会	7352	xunzhaojihui	寻	xun	xin
chongnandian	重难点	7351	zhongnandian	重	zhong	chong
daiwantewan	大玩特玩	7351	dawantewan	大	da	dai
larenkoushi	落人口实	7351	luorenkoushi	落	luo	la
lidaizui	李大嘴	7351	lidazui	大	da	dai
manshenshixie	满身是血	7351	manshenshixue	血	xue	xie
yaofengdeifeng	要风得风	7351	yaofengdefeng	得	de	dei
weicheng	威盛	7340	weisheng	盛	sheng	cheng
kanghuaixiesuan	抗坏血酸	7338	kanghuaixuesuan	血	xue	xie
wenzhao	问朝	7332	wenchao	朝	chao	zhao
zhaoxianlaodongdang	朝鲜劳动党	7328	chaoxianlaodongdang	朝	chao	zhao
chenzhao	沉著	7328	chenzhu	著	zhu	zhao
chenzhe	沉著	7328	chenzhu	著	zhu	zhe
chenzhuo	沉著	7328	chenzhu	著	zhu	zhuo
moselai	莫塞莱	7328	mosailai	塞	sai	se
shangwangcanchong	伤亡惨重	7328	shangwangcanzhong	重	zhong	chong
chengguo	盛过	7320	shengguo	盛	sheng	cheng
defenshuai	得分率	7320	defenlv	率	lv	shuai
deifenlv	得分率	7320	defenlv	得	de	dei
deifenshuai	得分率	7320	defenlv	得	de	dei
deimoli	得莫利	7320	demoli	得	de	dei
jiachangxing	加长型	7320	jiazhangxing	长	zhang	chang
jiliu	系留	7320	xiliu	系	xi	ji
sheshang	折伤	7320	zheshang	折	zhe	she
wankuaijiemu	晚会节目	7320	wanhuijiemu	会	hui	kuai
yalishandai	亚力山大	7320	yalishanda	大	da	dai
zhihuoliang	质和量	7320	zhiheliang	和	he	huo
bimukuai	闭幕会	7314	bimuhui	会	hui	kuai
sedao	塞岛	7312	saidao	塞	sai	se
yizhaobushen	一着不慎	7312	yizhebushen	着	zhe	zhao
yizhuobushen	一着不慎	7312	yizhebushen	着	zhe	zhuo
hujikuai	互济会	7303	hujihui	会	hui	kuai
wanwandi	弯弯的	7303	wanwande	的	de	di
sedi	塞蒂	7302	saidi	塞	sai	se
yimoyu	一万余	7302	yiwanyu	万	wan	mo
bengla	崩落	7296	bengluo	落	luo	la
chaipai	差派	7289	chapai	差	cha	chai
dadaokuai	大刀会	7289	dadaohui	会	hui	kuai
libukenei	李卜克内	7289	libokenei	卜	bo	bu
nianzengzhangshuai	年增长率	7289	nianzengzhanglv	率	lv	shuai
liangmobaqian	两万八千	7288	liangwanbaqian	万	wan	mo
chongqi	重汽	7273	zhongqi	重	zhong	chong
daiyan	大堰	7273	dayan	大	da	dai
yandei	焉得	7273	yande	得	de	dei
hangpin	行频	7268	xingpin	行	xing	hang
hanhude	含糊地	7264	hanhudi	地	di	de
beiaose	北奥塞	7255	beiaosai	塞	sai	se
zhaoxian	朝献	7255	chaoxian	朝	chao	zhao
zhaoxianzhengfu	朝鲜政府	7255	chaoxianzhengfu	朝	chao	zhao
daizhongxiangfu	大中祥符	7255	dazhongxiangfu	大	da	dai
fansheshuai	反射率	7255	fanshelv	率	lv	shuai
mutai	模态	7255	motai	模	mo	mu
mangmangde	忙忙地	7253	mangmangdi	地	di	de
sanxiang	伞降	7253	sanjiang	降	jiang	xiang
chaizhuan	差转	7250	chazhuan	差	cha	chai
daishoudaji	大受打击	7250	dashoudaji	大	da	dai
daixiang	大巷	7250	daxiang	大	da	dai
daoqiao	稻壳	7250	daoke	壳	ke	qiao
jiazhuan	假传	7250	jiachuan	传	chuan	zhuan
juezhi	角雉	7250	jiaozhi	角	jiao	jue
sheji	折戟	7250	zheji	折	zhe	she
xiangzhuan	象传	7250	xiangchuan	传	chuan	zhuan
lajishan	落基山	7247	luojishan	落	luo	la
wanchengshuai	完成率	7247	wanchenglv	率	lv	shuai
aojue	凹角	7233	aojiao	角	jiao	jue
banji	搬给	7233	bangei	给	gei	ji
boqinhuai	泊秦淮	7233	poqinhuai	泊	po	bo
chongtu	重涂	7233	zhongtu	重	zhong	chong
choushensi	仇深似	7233	choushenshi	似	shi	si
daicaixiaoyong	大才小用	7233	dacaixiaoyong	大	da	dai
dakaodaiwan	大考大玩	7233	dakaodawan	大	da	dai
fangzhaobuyong	放着不用	7233	fangzhebuyong	着	zhe	zhao
fangzhuobuyong	放着不用	7233	fangzhebuyong	着	zhe	zhuo
feifeidadai	肥肥大大	7233	feifeidada	大	da	dai
furenzhixian	妇人之见	7233	furenzhijian	见	jian	xian
huanzhi	还织	7233	haizhi	还	hai	huan
hongdei	轰得	7233	hongde	得	de	dei
huazhaozou	滑着走	7233	huazhezou	着	zhe	zhao
huazhuozou	滑着走	7233	huazhezou	着	zhe	zhuo
kuaizhebunan	会者不难	7233	huizhebunan	会	hui	kuai
jiaodimayou	脚底抹油	7233	jiaodimoyou	抹	mo	ma
jiaweikuai	家委会	7233	jiaweihui	会	hui	kuai
jitan	几弹	7233	jidan	弹	dan	tan
jiezipi	桔子皮	7233	juzipi	桔	ju	jie
jiezishui	桔子水	7233	juzishui	桔	ju	jie
jimomi	几万米	7233	jiwanmi	万	wan	mo
juanfei	圈肥	7233	quanfei	圈	quan	juan
langfeide	浪费地	7233	langfeidi	地	di	de
nachai	纳差	7233	nacha	差	cha	chai
padeiyaoming	怕得要命	7233	padeyaoming	得	de	dei
piankuai	偏会	7233	pianhui	会	hui	kuai
sanmoyingchi	三万英尺	7233	sanwanyingchi	万	wan	mo
shejinqu	折进去	7233	zhejinqu	折	zhe	she
shiyunkuai	市运会	7233	shiyunhui	会	hui	kuai
sude	簌地	7233	sudi	地	di	de
temaikuai	特卖会	7233	temaihui	会	hui	kuai
toutiao	偷调	7233	toudiao	调	diao	tiao
wandeizhuan	玩得转	7233	wandezhuan	得	de	dei
weichai	尾差	7233	weicha	差	cha	chai
xiangguozhao	想过着	7233	xiangguozhe	着	zhe	zhao
xiangguozhuo	想过着	7233	xiangguozhe	着	zhe	zhuo
xieshouyin	血手印	7233	xueshouyin	血	xue	xie
xinbian	寻遍	7233	xunbian	寻	xun	xin
yimoduoyidian	一万多一点	7233	yiwanduoyidian	万	wan	mo
yingdaijiang	赢大奖	7233	yingdajiang	大	da	dai
youkuaidao	又会到	7233	youhuidao	会	hui	kuai
youxieyoulei	有血有泪	7233	youxueyoulei	血	xue	xie
zenhang	怎行	7233	zenxing	行	xing	hang
zhuangjue	装角	7233	zhuangjiao	角	jiao	jue
duomorenci	多万人次	7223	duowanrenci	万	wan	mo
leimo	肋膜	7212	lemo	肋	le	lei
zhaofeng	朝封	7205	chaofeng	朝	chao	zhao
ershiermo	二十二万	7201	ershierwan	万	wan	mo
jiadisi	加的斯	7198	jiadesi	的	de	di
junla	菌落	7198	junluo	落	luo	la
tiaojin	调近	7187	diaojin	调	diao	tiao
fayue	法乐	7187	fale	乐	le	yue
fengwuchangyifangyanliang	风物长宜放眼量	7187	fengwuzhangyifangyanliang	长	zhang	chang
paitiao	派调	7187	paidiao	调	diao	tiao
sheji	设给	7187	shegei	给	gei	ji
yougaoyoudai	又高又大	7187	yougaoyouda	大	da	dai
fangru	彷如	7182	pangru	彷	pang	fang
moshenmiao	万神庙	7182	wanshenmiao	万	wan	mo
doubulei	都卜勒	7180	doubolei	卜	bo	bu
dubolei	都卜勒	7180	doubolei	都	dou	du
dubulei	都卜勒	7180	doubolei	都	dou	du
yude	舆地	7180	yudi	地	di	de
chouxiangde	抽象地	7173	chouxiangdi	地	di	de
kaoliao	靠了	7173	kaole	了	le	liao
qinxu	禽畜	7173	qinchu	畜	chu	xu
beijue	背角	7167	beijiao	角	jiao	jue
nennendi	嫩嫩的	7167	nennende	的	de	di
xieyuhuo	血与火	7167	xueyuhuo	血	xue	xie
jiutan	纠弹	7161	jiudan	弹	dan	tan
chonghuagong	重化工	7157	zhonghuagong	重	zhong	chong
chongxindeidao	重新得到	7157	chongxindedao	得	de	dei
tancang	弹仓	7157	dancang	弹	dan	tan
seerweiyayu	塞尔维亚语	7157	saierweiyayu	塞	sai	se
techen	特称	7146	techeng	称	cheng	chen
wangde	旺地	7146	wangdi	地	di	de
lichadei	理查得	7137	lichade	得	de	dei
liangmoyuan	两万元	7131	liangwanyuan	万	wan	mo
qieguodaidao	窃国大盗	7131	qieguodadao	大	da	dai
chongchang	重场	7130	zhongchang	重	zhong	chong
zhuanyi	传艺	7130	chuanyi	传	chuan	zhuan
daluhang	大陆行	7130	daluxing	行	xing	hang
tiaoqin	调琴	7130	diaoqin	调	diao	tiao
huantiao	换调	7130	huandiao	调	diao	tiao
juebei	角背	7130	jiaobei	角	jiao	jue
jimozhi	几万只	7130	jiwanzhi	万	wan	mo
kaiqiao	开壳	7130	kaike	壳	ke	qiao
mochang	万场	7130	wanchang	万	wan	mo
toudeifusheng	偷得浮生	7130	toudefusheng	得	de	dei
yimoduoge	一万多个	7130	yiwanduoge	万	wan	mo
daizhang	大樟	7117	dazhang	大	da	dai
jueqi	角旗	7117	jiaoqi	角	jiao	jue
yidailibei	意大利杯	7117	yidalibei	大	da	dai
yingyuji	英语系	7117	yingyuxi	系	xi	ji
jilian	系链	7107	xilian	系	xi	ji
sanliaojia	散了架	7107	sanlejia	了	le	liao
yikuweiyue	以苦为乐	7107	yikuweile	乐	le	yue
ershiyumo	二十余万	7103	ershiyuwan	万	wan	mo
zuidaizhe	最大者	7103	zuidazhe	大	da	dai
zhaoxianwen	朝鲜文	7101	chaoxianwen	朝	chao	zhao
daiyingbaikequanshu	大英百科全书	7101	dayingbaikequanshu	大	da	dai
geweikuai	革委会	7101	geweihui	会	hui	kuai
seman	塞曼	7101	saiman	塞	sai	se
changxi	长媳	7099	zhangxi	长	zhang	chang
chunji	纯系	7099	chunxi	系	xi	ji
daijinta	大金塔	7099	dajinta	大	da	dai
diaojue	调角	7099	diaojiao	角	jiao	jue
tiaojiao	调角	7099	diaojiao	调	diao	tiao
tiaojue	调角	7099	diaojiao	调	diao	tiao
erbaiduomo	二百多万	7099	erbaiduowan	万	wan	mo
heijue	黑角	7099	heijiao	角	jiao	jue
xiangfa	降法	7099	jiangfa	降	jiang	xiang
kendei	肯得	7099	kende	得	de	dei
kongkuangde	空旷地	7099	kongkuangdi	地	di	de
liumoren	六万人	7099	liuwanren	万	wan	mo
qiejue	切角	7099	qiejiao	角	jiao	jue
wanhuo	婉和	7099	wanhe	和	he	huo
shumoyuan	数万元	7097	shuwanyuan	万	wan	mo
sanmoyuan	三万元	7095	sanwanyuan	万	wan	mo
susekesi	苏塞克斯	7072	susaikesi	塞	sai	se
xinji	寻迹	7062	xunji	寻	xun	xin
chensun	称孙	7061	chengsun	称	cheng	chen
deijiangzhe	得奖者	7061	dejiangzhe	得	de	dei
niboeryu	尼泊尔语	7061	nipoeryu	泊	po	bo
ruandaicheng	阮大铖	7061	ruandacheng	大	da	dai
haideilaba	海得拉巴	7060	haidelaba	得	de	dei
sefu	塞夫	7050	saifu	塞	sai	se
kezuoshuai	客座率	7048	kezuolv	率	lv	shuai
meidaoyide	每到一地	7048	meidaoyidi	地	di	de
liangmoliuqian	两万六千	7032	liangwanliuqian	万	wan	mo
shiwuchang	事务长	7032	shiwuzhang	长	zhang	chang
zhumu	铸模	7032	zhumo	模	mo	mu
bobizuzhi	薄壁组织	7020	baobizuzhi	薄	bao	bo
sanmoyu	三万余	7020	sanwanyu	万	wan	mo
chuxushuai	储蓄率	7012	chuxulv	率	lv	shuai
kaseer	卡塞尔	7008	kasaier	塞	sai	se
seyi	塞伊	6996	saiyi	塞	sai	se
zuolei	左肋	6992	zuole	肋	le	lei
ouseer	欧塞尔	6984	ousaier	塞	sai	se
xiangchen	降尘	6977	jiangchen	降	jiang	xiang
lalei	落雷	6977	luolei	落	luo	la
yuelun	乐论	6977	lelun	乐	le	yue
liangjue	量角	6977	liangjiao	角	jiao	jue
mosuo	万所	6977	wansuo	万	wan	mo
daiweigaiguan	大为改观	6971	daweigaiguan	大	da	dai
shenyuan	参院	6966	canyuan	参	can	shen
chengshu	盛暑	6958	shengshu	盛	sheng	cheng
meise	梅塞	6958	meisai	塞	sai	se
daifujin	大福晋	6943	dafujin	大	da	dai
danboyue	弹拨乐	6943	danbole	乐	le	yue
tanbole	弹拨乐	6943	danbole	弹	dan	tan
tanboyue	弹拨乐	6943	danbole	弹	dan	tan
dushi	都史	6943	doushi	都	dou	du
shuangjue	双角	6943	shuangjiao	角	jiao	jue
zaitanliang	载弹量	6942	zaidanliang	弹	dan	tan
chenkuo	沈括	6936	shenkuo	沈	shen	chen
poxiang	坡降	6936	pojiang	降	jiang	xiang
shuangqiao	双壳	6936	shuangke	壳	ke	qiao
xunzhao	循著	6936	xunzhu	著	zhu	zhao
xunzhe	循著	6936	xunzhu	著	zhu	zhe
xunzhuo	循著	6936	xunzhu	著	zhu	zhuo
huazhuan	画传	6933	huachuan	传	chuan	zhuan
shedi	折抵	6933	zhedi	折	zhe	she
hangjiuling	行酒令	6932	xingjiuling	行	xing	hang
daishangyuanqi	大伤元气	6927	dashangyuanqi	大	da	dai
hantiao	函调	6927	handiao	调	diao	tiao
juebei	角杯	6927	jiaobei	角	jiao	jue
jiaoshen	教参	6927	jiaocan	参	can	shen
jieshu	桔树	6927	jushu	桔	ju	jie
jiujuan	九圈	6927	jiuquan	圈	quan	juan
niaozhua	鸟爪	6927	niaozhao	爪	zhao	zhua
qibaiduomo	七百多万	6927	qibaiduowan	万	wan	mo
sunqiao	笋壳	6927	sunke	壳	ke	qiao
tiankuo	甜适	6927	tianshi	适	shi	kuo
daiqinghe	大清河	6920	daqinghe	大	da	dai
fuzhao	扶著	6920	fuzhu	著	zhu	zhao
fuzhe	扶著	6920	fuzhu	著	zhu	zhe
fuzhuo	扶著	6920	fuzhu	著	zhu	zhuo
yinyueji	音乐系	6920	yinyuexi	系	xi	ji
yonggandiren	勇敢的人	6920	yongganderen	的	de	di
seji	塞吉	6919	saiji	塞	sai	se
jimoyuan	几万元	6907	jiwanyuan	万	wan	mo
shenhangtaibao	神行太保	6907	shenxingtaibao	行	xing	hang
xuanzechai	选择差	6907	xuanzecha	差	cha	chai
yaoyudeiyu	要雨得雨	6907	yaoyudeyu	得	de	dei
yinyinde	隐隐地	6907	yinyindi	地	di	de
duanla	断落	6903	duanluo	落	luo	la
kuaijishan	会稽山	6903	huijishan	会	hui	kuai
zhaidei	窄得	6903	zhaide	得	de	dei
sanmojiuqian	三万九千	6897	sanwanjiuqian	万	wan	mo
daizainan	大灾难	6883	dazainan	大	da	dai
zhaoshen	著身	6883	zhushen	著	zhu	zhao
zheshen	著身	6883	zhushen	著	zhu	zhe
zhuoshen	著身	6883	zhushen	著	zhu	zhuo
jiehongse	桔红色	6877	juhongse	桔	ju	jie
modan	万担	6877	wandan	万	wan	mo
bietan	别弹	6868	biedan	弹	dan	tan
zhaoyoubian	朝右边	6868	chaoyoubian	朝	chao	zhao
chengjibishuai	盛极必衰	6868	shengjibishuai	盛	sheng	cheng
chongpa	重爬	6868	zhongpa	重	zhong	chong
chuankuai	串会	6868	chuanhui	会	hui	kuai
daifuxing	大福星	6868	dafuxing	大	da	dai
daizhuan	待传	6868	daichuan	传	chuan	zhuan
daimutou	大木头	6868	damutou	大	da	dai
daiqingsheng	大情圣	6868	daqingsheng	大	da	dai
daitan	大滩	6868	datan	大	da	dai
daiyangxian	大阳线	6868	dayangxian	大	da	dai
daiyuruozhi	大愚若智	6868	dayuruozhi	大	da	dai
tanguoqu	弹过去	6868	danguoqu	弹	dan	tan
detangongyuan	地坛公园	6868	ditangongyuan	地	di	de
diade	嗲得	6868	diede	嗲	die	dia
diadei	嗲得	6868	diede	嗲	die	dia
diedei	嗲得	6868	diede	得	de	dei
tiaochuqu	调出去	6868	diaochuqu	调	diao	tiao
douqiao	豆壳	6868	douke	壳	ke	qiao
fanxin	翻寻	6868	fanxun	寻	xun	xin
feishangliao	飞上了	6868	feishangle	了	le	liao
fengzhengkuai	风筝会	6868	fengzhenghui	会	hui	kuai
fudeiqi	负得起	6868	fudeqi	得	de	dei
gandeichu	赶得出	6868	gandechu	得	de	dei
gengzhao	梗着	6868	gengzhe	着	zhe	zhao
gengzhuo	梗着	6868	gengzhe	着	zhe	zhuo
gonghuannanliao	共患难了	6868	gonghuannanle	了	le	liao
huanshibishen	还施彼身	6868	haishibishen	还	hai	huan
jietan	接弹	6868	jiedan	弹	dan	tan
juanlianzhao	眷恋着	6868	juanlianzhe	着	zhe	zhao
juanlianzhuo	眷恋着	6868	juanlianzhe	着	zhe	zhuo
kanzouliaoyan	看走了眼	6868	kanzouleyan	了	le	liao
lamu	拉模	6868	lamo	模	mo	mu
laoyousuoyue	老有所乐	6868	laoyousuole	乐	le	yue
manxiaqu	埋下去	6868	maixiaqu	埋	mai	man
meiquanmoshi	没权没势	6868	meiquanmeishi	没	mei	mo
moquanmeishi	没权没势	6868	meiquanmeishi	没	mei	mo
moquanmoshi	没权没势	6868	meiquanmeishi	没	mei	mo
meizhaomoluo	没着没落	6868	meizhemoluo	着	zhe	zhao
meizhuomoluo	没着没落	6868	meizhemoluo	着	zhe	zhuo
mozhaomoluo	没着没落	6868	meizhemoluo	没	mei	mo
mozhemoluo	没着没落	6868	meizhemoluo	没	mei	mo
mozhuomoluo	没着没落	6868	meizhemoluo	没	mei	mo
padei	趴得	6868	pade	得	de	dei
paidazhao	拍打着	6868	paidazhe	着	zhe	zhao
paidazhuo	拍打着	6868	paidazhe	着	zhe	zhuo
qibajuan	七八圈	6868	qibaquan	圈	quan	juan
qintiao	琴调	6868	qindiao	调	diao	tiao
sihang	死行	6868	sixing	行	xing	hang
yaoliaoyixia	摇了一下	6868	yaoleyixia	了	le	liao
yimotou	一万头	6868	yiwantou	万	wan	mo
yiqianyimo	一千一万	6868	yiqianyiwan	万	wan	mo
youyoude	幽幽地	6868	youyoudi	地	di	de
zonggaikuai	总该会	6868	zonggaihui	会	hui	kuai
geyuanji	各院系	6851	geyuanxi	系	xi	ji
jinjuewan	金角湾	6851	jinjiaowan	角	jiao	jue
posi	颇似	6851	poshi	似	shi	si
yasuoshuai	压缩率	6851	yasuolv	率	lv	shuai
bideiyishi	彼得一世	6848	bideyishi	得	de	dei
fushude	附属地	6848	fushudi	地	di	de
shehuixueji	社会学系	6848	shehuixuexi	系	xi	ji
suishuai	遂率	6848	suilv	率	lv	shuai
duanxian	断见	6834	duanjian	见	jian	xian
gaojuzhao	高举着	6834	gaojuzhe	着	zhe	zhao
gaojuzhuo	高举着	6834	gaojuzhe	着	zhe	zhuo
liangmowuqianlizhangzheng	两万五千里长征	6834	liangwanwuqianlizhangzheng	万	wan	mo
zhaoyi	朝邑	6824	chaoyi	朝	chao	zhao
chenyangtieluju	沈阳铁路局	6824	shenyangtieluju	沈	shen	chen
chuanmu	船模	6824	chuanmo	模	mo	mu
daihuolintou	大祸临头	6824	dahuolintou	大	da	dai
daizhangpeng	大帐篷	6824	dazhangpeng	大	da	dai
guanyindaishi	观音大士	6824	guanyindashi	大	da	dai
huangfujuezhi	黄腹角雉	6824	huangfujiaozhi	角	jiao	jue
juanwei	圈围	6824	quanwei	圈	quan	juan
luanhang	乱行	6824	luanxing	行	xing	hang
mobang	万镑	6824	wanbang	万	wan	mo
xinduqu	新都区	6824	xindouqu	都	dou	du
yihang	异行	6824	yixing	行	xing	hang
daihua	大哗	6820	dahua	大	da	dai
daliangchong	大量重	6820	daliangzhong	重	zhong	chong
tiaoxun	调训	6820	diaoxun	调	diao	tiao
yidailishi	意大利式	6820	yidalishi	大	da	dai
tiaofeng	调峰	6818	diaofeng	调	diao	tiao
sheizhipanzhongcan	谁知盘中餐	6818	shuizhipanzhongcan	谁	shui	shei
yiqianyibaimo	一千一百万	6806	yiqianyibaiwan	万	wan	mo
liangmoer	两万二	6803	liangwaner	万	wan	mo
nvticheng	女体盛	6803	nvtisheng	盛	sheng	cheng
gerendeishi	个人得失	6801	gerendeshi	得	de	dei
juanxieren	捐血人	6801	juanxueren	血	xue	xie
fuhuaduola	腐化堕落	6796	fuhuaduoluo	落	luo	la
jiandaochai	剪刀差	6796	jiandaocha	差	cha	chai
manzhi	埋置	6796	maizhi	埋	mai	man
banshangdai	搬上大	6795	banshangda	大	da	dai
pingde	坪地	6795	pingdi	地	di	de
dabiaoshuai	达标率	6781	dabiaolv	率	lv	shuai
yexian	谒见	6781	yejian	见	jian	xian
zhaozhu	朝诸	6764	chaozhu	朝	chao	zhao
shuaijie	率皆	6764	lvjie	率	lv	shuai
biteshuai	比特率	6756	bitelv	率	lv	shuai
tidao	堤道	6756	didao	堤	di	ti
jiechen	皆称	6756	jiecheng	称	cheng	chen
likese	历克塞	6756	likesai	塞	sai	se
moyuce	万余册	6756	wanyuce	万	wan	mo
zhaomou	著某	6756	zhumou	著	zhu	zhao
zhemou	著某	6756	zhumou	著	zhu	zhe
zhuomou	著某	6756	zhumou	著	zhu	zhuo
zhuhuopai	主和派	6756	zhuhepai	和	he	huo
kaimukuai	开幕会	6749	kaimuhui	会	hui	kuai
shangzhuanxiada	上传下达	6749	shangchuanxiada	传	chuan	zhuan
chengshou	盛收	6722	shengshou	盛	sheng	cheng
daboshu	大柏树	6722	dabaishu	柏	bai	bo
daibaishu	大柏树	6722	dabaishu	大	da	dai
daiboshu	大柏树	6722	dabaishu	大	da	dai
daiheyisheng	大喝一声	6722	daheyisheng	大	da	dai
fuchizhao	扶持着	6722	fuchizhe	着	zhe	zhao
fuchizhuo	扶持着	6722	fuchizhe	着	zhe	zhuo
shuangjuan	双圈	6722	shuangquan	圈	quan	juan
xiaoyuanhang	校园行	6722	xiaoyuanxing	行	xing	hang
xinshi	寻食	6722	xunshi	寻	xun	xin
zhengchang	争长	6722	zhengzhang	长	zhang	chang
chongcai	重财	6711	zhongcai	重	zhong	chong
mobang	万磅	6711	wanbang	万	wan	mo
tanti	弹体	6690	danti	弹	dan	tan
jiaohuanji	交还给	6690	jiaohuangei	给	gei	ji
chandoude	颤抖地	6675	chandoudi	地	di	de
daiyushu	大榆树	6675	dayushu	大	da	dai
jiajuhang	家具行	6675	jiajuxing	行	xing	hang
sanmoge	三万个	6675	sanwange	万	wan	mo
shewei	折为	6675	zhewei	折	zhe	she
daizuorong	大祚荣	6660	dazuorong	大	da	dai
dianjiji	电机系	6660	dianjixi	系	xi	ji
nanaoseti	南奥塞梯	6660	nanaosaiti	塞	sai	se
pengzhao	捧著	6660	pengzhu	著	zhu	zhao
pengzhe	捧著	6660	pengzhu	著	zhu	zhe
pengzhuo	捧著	6660	pengzhu	著	zhu	zhuo
sebo	塞伯	6660	saibo	塞	sai	se
xueshuzhaozuo	学术著作	6660	xueshuzhuzuo	著	zhu	zhao
xueshuzhezuo	学术著作	6660	xueshuzhuzuo	著	zhu	zhe
xueshuzhuozuo	学术著作	6660	xueshuzhuzuo	著	zhu	zhuo
changweijin	长围巾	6655	zhangweijin	长	zhang	chang
chuiyue	吹乐	6655	chuile	乐	le	yue
daichuanlian	大串联	6655	dachuanlian	大	da	dai
daizhong	大冢	6655	dazhong	大	da	dai
guohuaji	国画系	6655	guohuaxi	系	xi	ji
longxieshu	龙血树	6655	longxueshu	血	xue	xie
zhaomingpinpai	著名品牌	6655	zhumingpinpai	著	zhu	zhao
zhemingpinpai	著名品牌	6655	zhumingpinpai	著	zhu	zhe
zhuomingpinpai	著名品牌	6655	zhumingpinpai	著	zhu	zhuo
juefeng	角峰	6647	jiaofeng	角	jiao	jue
juanxing	圈形	6647	quanxing	圈	quan	juan
yanjue	檐角	6647	yanjiao	角	jiao	jue
zhaoyan	朝延	6638	chaoyan	朝	chao	zhao
chenyi	称伊	6638	chengyi	称	cheng	chen
daiguimoji	大规模集	6638	daguimoji	大	da	dai
jingmaixie	静脉血	6638	jingmaixue	血	xue	xie
xienaopingzhang	血脑屏障	6638	xuenaopingzhang	血	xue	xie
shuaiyi	率意	6633	lvyi	率	lv	shuai
maifujuan	埋伏圈	6631	maifuquan	圈	quan	juan
chaocheng	朝盛	6619	chaosheng	盛	sheng	cheng
zhaocheng	朝盛	6619	chaosheng	朝	chao	zhao
zhaosheng	朝盛	6619	chaosheng	朝	chao	zhao
zidonghuaji	自动化系	6619	zidonghuaxi	系	xi	ji
muya	模压	6607	moya	模	mo	mu
feiqide	废弃地	6593	feiqidi	地	di	de
qinyansuoxian	亲眼所见	6573	qinyansuojian	见	jian	xian
zhaoyu	朝语	6571	chaoyu	朝	chao	zhao
manhang	蛮行	6568	manxing	行	xing	hang
bianhuashuai	变化率	6560	bianhualv	率	lv	shuai
guihuanji	归还给	6560	guihuangei	给	gei	ji
xianxiawen	见下文	6560	jianxiawen	见	jian	xian
kuaidaifu	蒯大富	6560	kuaidafu	大	da	dai
sesaluo	塞萨洛	6560	saisaluo	塞	sai	se
zhongguotongmengkuai	中国同盟会	6560	zhongguotongmenghui	会	hui	kuai
zhongxuexiaochang	中学校长	6560	zhongxuexiaozhang	长	zhang	chang
ershibamo	二十八万	6559	ershibawan	万	wan	mo
jiumowuqian	九万五千	6559	jiuwanwuqian	万	wan	mo
xiechanggui	血常规	6559	xuechanggui	血	xue	xie
zhaogui	朝贵	6551	chaogui	朝	chao	zhao
daiji	大戟	6551	daji	大	da	dai
desha	地煞	6551	disha	地	di	de
zhuhangsaomiao	逐行扫描	6551	zhuxingsaomiao	行	xing	hang
baselongna	巴塞隆纳	6548	basailongna	塞	sai	se
zhaoxianpaocai	朝鲜泡菜	6548	chaoxianpaocai	朝	chao	zhao
fenjuchang	分局长	6548	fenjuzhang	长	zhang	chang
huichangyan	辉长岩	6548	huizhangyan	长	zhang	chang
chuanshushuai	传输率	6534	chuanshulv	率	lv	shuai
mandeiguo	瞒得过	6528	mandeguo	得	de	dei
mengxiang	猛降	6528	mengjiang	降	jiang	xiang
shula	熟落	6528	shuluo	落	luo	la
tiankuo	恬适	6528	tianshi	适	shi	kuo
wudongzhao	舞动着	6528	wudongzhe	着	zhe	zhao
wudongzhuo	舞动着	6528	wudongzhe	着	zhe	zhuo
yixiehaixie	以血还血	6528	yixuehaixue	血	xue	xie
yixiehaixue	以血还血	6528	yixuehaixue	血	xue	xie
yixiehuanxie	以血还血	6528	yixuehaixue	血	xue	xie
yixiehuanxue	以血还血	6528	yixuehaixue	血	xue	xie
yixuehaixie	以血还血	6528	yixuehaixue	血	xue	xie
yixuehuanxie	以血还血	6528	yixuehaixue	还	hai	huan
yixuehuanxue	以血还血	6528	yixuehaixue	还	hai	huan
baifangzhao	摆放着	6516	baifangzhe	着	zhe	zhao
baifangzhuo	摆放着	6516	baifangzhe	着	zhe	zhuo
beijia	臂架	6516	bijia	臂	bi	bei
jimoming	几万名	6516	jiwanming	万	wan	mo
yinshiyinde	因时因地	6514	yinshiyindi	地	di	de
yousheilai	由谁来	6514	youshuilai	谁	shui	shei
sibuxiang	死不降	6504	sibujiang	降	jiang	xiang
yidailizhengfu	意大利政府	6504	yidalizhengfu	大	da	dai
zhaoruo	著若	6504	zhuruo	著	zhu	zhao
zheruo	著若	6504	zhuruo	著	zhu	zhe
zhuoruo	著若	6504	zhuruo	著	zhu	zhuo
zhaoreng	朝仍	6493	chaoreng	朝	chao	zhao
chenshan	称善	6493	chengshan	称	cheng	chen
zhouchong	轴重	6493	zhouzhong	重	zhong	chong
canchai	残差	6487	cancha	差	cha	chai
dairongshan	大容山	6487	darongshan	大	da	dai
dege	地格	6487	dige	地	di	de
tiaoliu	调流	6487	diaoliu	调	diao	tiao
jiujue	九角	6487	jiujiao	角	jiao	jue
jundushan	军都山	6487	jundoushan	都	dou	du
mogu	万股	6487	wangu	万	wan	mo
shangmozhong	上万种	6487	shangwanzhong	万	wan	mo
kuoyongxing	适用性	6473	shiyongxing	适	shi	kuo
weichikuai	维持会	6468	weichihui	会	hui	kuai
changxiang	长巷	6463	zhangxiang	长	zhang	chang
daipei	大赔	6463	dapei	大	da	dai
daizhou	大舟	6463	dazhou	大	da	dai
dejin	地锦	6463	dijin	地	di	de
tiaoqing	调轻	6463	diaoqing	调	diao	tiao
xiangshuang	降霜	6463	jiangshuang	降	jiang	xiang
juesha	角鲨	6463	jiaosha	角	jiao	jue
liaowangta	了望塔	6463	lewangta	了	le	liao
modun	万顿	6463	wandun	万	wan	mo
mofu	万幅	6463	wanfu	万	wan	mo
qubei	曲臂	6463	qubi	臂	bi	bei
xindian	寻甸	6463	xundian	寻	xun	xin
xiseshan	西塞山	6463	xisaishan	塞	sai	se
xuanji	选系	6463	xuanxi	系	xi	ji
yaola	摇落	6463	yaoluo	落	luo	la
zhouduanyechang	昼短夜长	6463	zhouduanyezhang	长	zhang	chang
zhuixunzhao	追寻着	6463	zhuixunzhe	着	zhe	zhao
zhuixunzhuo	追寻着	6463	zhuixunzhe	着	zhe	zhuo
daizhongxuexiao	大中学校	6455	dazhongxuexiao	大	da	dai
dianziji	电子系	6455	dianzixi	系	xi	ji
huojindi	霍金的	6455	huojinde	的	de	di
shuaishi	率师	6455	lvshi	率	lv	shuai
xieyaonongdu	血药浓度	6455	xueyaonongdu	血	xue	xie
zhitianxinchang	织田信长	6455	zhitianxinzhang	长	zhang	chang
qiqifufudi	起起伏伏的	6451	qiqifufude	的	de	di
anquanjue	安全角	6442	anquanjiao	角	jiao	jue
beideiqi	背得起	6442	beideqi	得	de	dei
beijiao	倍觉	6442	beijue	觉	jue	jiao
bingjianerhang	并肩而行	6442	bingjianerxing	行	xing	hang
changding	长钉	6442	zhangding	长	zhang	chang
chaoyangyiyuan	朝阳医院	6442	zhaoyangyiyuan	朝	zhao	chao
chendian	沈淀	6442	shendian	沈	shen	chen
dailiushu	大柳树	6442	daliushu	大	da	dai
dailuoshenxian	大罗神仙	6442	daluoshenxian	大	da	dai
daiqiuzhuang	大邱庄	6442	daqiuzhuang	大	da	dai
tanxialai	弹下来	6442	danxialai	弹	dan	tan
defengli	地缝里	6442	difengli	地	di	de
deshouhou	地守候	6442	dishouhou	地	di	de
dianhuabo	电话薄	6442	dianhuabao	薄	bao	bo
tiaoxiaqu	调下去	6442	diaoxiaqu	调	diao	tiao
tiaoxin	调薪	6442	diaoxin	调	diao	tiao
fudei	敷得	6442	fude	得	de	dei
goumugouyang	狗模狗样	6442	goumogouyang	模	mo	mu
hudei	互得	6442	hude	得	de	dei
xianghao	降号	6442	jianghao	降	jiang	xiang
xiangre	降热	6442	jiangre	降	jiang	xiang
jiliangchong	几两重	6442	jiliangzhong	重	zhong	chong
jimotou	几万头	6442	jiwantou	万	wan	mo
juexinhendai	决心很大	6442	juexinhenda	大	da	dai
kaoguji	考古系	6442	kaoguxi	系	xi	ji
kuankuandadai	宽宽大大	6442	kuankuandada	大	da	dai
kundei	捆得	6442	kunde	得	de	dei
lanjuan	篮圈	6442	lanquan	圈	quan	juan
liangsanjuan	两三圈	6442	liangsanquan	圈	quan	juan
manghunliaotou	忙昏了头	6442	manghunletou	了	le	liao
meibokuai	美博会	6442	meibohui	会	hui	kuai
momian	万面	6442	wanmian	万	wan	mo
nongdeiqing	弄得清	6442	nongdeqing	得	de	dei
queqiaokuai	鹊桥会	6442	queqiaohui	会	hui	kuai
sebao	塞饱	6442	saibao	塞	sai	se
sherang	折让	6442	zherang	折	zhe	she
shukuoban	舒适版	6442	shushiban	适	shi	kuo
xiangjiaojuan	橡胶圈	6442	xiangjiaoquan	圈	quan	juan
xiangxiangdeidao	想像得到	6442	xiangxiangdedao	得	de	dei
xiedei	泄得	6442	xiede	得	de	dei
xieji	泄给	6442	xiegei	给	gei	ji
xixiechong	吸血虫	6442	xixuechong	血	xue	xie
xuanyaozhao	炫耀着	6442	xuanyaozhe	着	zhe	zhao
xuanyaozhuo	炫耀着	6442	xuanyaozhe	着	zhe	zhuo
xudeixue	须得学	6442	xudexue	得	de	dei
yaozhaotou	摇着头	6442	yaozhetou	着	zhe	zhao
yaozhuotou	摇着头	6442	yaozhetou	着	zhe	zhuo
yinrenzhao	隐忍着	6442	yinrenzhe	着	zhe	zhao
yinrenzhuo	隐忍着	6442	yinrenzhe	着	zhe	zhuo
zhuanzuji	转租给	6442	zhuanzugei	给	gei	ji
zhuanhuashuai	转化率	6421	zhuanhualv	率	lv	shuai
bixiuwu	毕宿五	6412	bisuwu	宿	su	xiu
xiuxiande	休闲地	6412	xiuxiandi	地	di	de
dangdigangling	党的纲领	6407	dangdegangling	的	de	di
jianchushuai	检出率	6407	jianchulv	率	lv	shuai
zhouqishuai	周期率	6407	zhouqilv	率	lv	shuai
zhaocang	朝仓	6403	chaocang	朝	chao	zhao
daicidian	大词典	6403	dacidian	大	da	dai
daigangqu	大港区	6403	dagangqu	大	da	dai
dianyuchang	典狱长	6403	dianyuzhang	长	zhang	chang
mojian	万间	6403	wanjian	万	wan	mo
xindiyiye	新的一页	6403	xindeyiye	的	de	di
yide	乙地	6403	yidi	地	di	de
changgu	长骨	6394	zhanggu	长	zhang	chang
jueye	角野	6394	jiaoye	角	jiao	jue
selungaidi	塞伦盖蒂	6394	sailungaidi	塞	sai	se
cankuaizhe	参会者	6380	canhuizhe	会	hui	kuai
shenhuizhe	参会者	6380	canhuizhe	参	can	shen
shenkuaizhe	参会者	6380	canhuizhe	参	can	shen
dailingyang	大羚羊	6380	dalingyang	大	da	dai
daishi	大匙	6380	dashi	大	da	dai
huanhuanerhang	缓缓而行	6380	huanhuanerxing	行	xing	hang
meiwu	美恶	6380	meie	恶	e	wu
molei	万类	6380	wanlei	万	wan	mo
putiao	普调	6380	pudiao	调	diao	tiao
qingzhao	擎着	6380	qingzhe	着	zhe	zhao
qingzhuo	擎着	6380	qingzhe	着	zhe	zhuo
sheer	折儿	6380	zheer	折	zhe	she
changyou	长忧	6369	zhangyou	长	zhang	chang
zhuanjiebao	传捷报	6369	chuanjiebao	传	chuan	zhuan
quanhengdeishi	权衡得失	6369	quanhengdeshi	得	de	dei
shedao	折倒	6369	zhedao	折	zhe	she
shuchude	输出地	6369	shuchudi	地	di	de
wawade	哇哇地	6369	wawadi	地	di	de
xixunzhuanlai	喜讯传来	6369	xixunchuanlai	传	chuan	zhuan
fanggeni	方格呢	6363	fanggene	呢	ne	ni
yatan	哑弹	6363	yadan	弹	dan	tan
biaozhunchai	标准差	6362	biaozhuncha	差	cha	chai
dailiangangtie	大炼钢铁	6362	daliangangtie	大	da	dai
zazhao	杂著	6362	zazhu	著	zhu	zhao
zazhe	杂著	6362	zazhu	著	zhu	zhe
zazhuo	杂著	6362	zazhu	著	zhu	zhuo
zhaoyi	著伊	6362	zhuyi	著	zhu	zhao
zheyi	著伊	6362	zhuyi	著	zhu	zhe
zhuoyi	著伊	6362	zhuyi	著	zhu	zhuo
chenzhao	称赵	6359	chengzhao	称	cheng	chen
daigukou	大沽口	6359	dagukou	大	da	dai
liufangde	流放地	6359	liufangdi	地	di	de
suhang	素行	6359	suxing	行	xing	hang
zhizhua	指爪	6359	zhizhao	爪	zhao	zhua
boliaozi	柏辽兹	6344	bailiaozi	柏	bai	bo
baiyumo	百余万	6344	baiyuwan	万	wan	mo
piandian	便殿	6344	biandian	便	bian	pian
boren	蕃人	6344	fanren	蕃	fan	bo
daifuweng	大富翁	6344	dafuweng	大	da	dai
duyuhou	都虞候	6344	douyuhou	都	dou	du
guzhao	固著	6344	guzhu	著	zhu	zhao
guzhe	固著	6344	guzhu	著	zhu	zhe
guzhuo	固著	6344	guzhu	著	zhu	zhuo
shuzhao	述著	6344	shuzhu	著	zhu	zhao
shuzhe	述著	6344	shuzhu	著	zhu	zhe
shuzhuo	述著	6344	shuzhu	著	zhu	zhuo
yachai	压差	6344	yacha	差	cha	chai
chonggang	重钢	6312	zhonggang	重	zhong	chong
daiji	贷给	6312	daigei	给	gei	ji
tantuyu	弹涂鱼	6312	dantuyu	弹	dan	tan
wushen	恶神	6312	eshen	恶	e	wu
kede	客地	6312	kedi	地	di	de
lianjiade	廉价地	6312	lianjiadi	地	di	de
wanjue	弯角	6312	wanjiao	角	jiao	jue
simoqiqian	四万七千	6308	siwanqiqian	万	wan	mo
diaobei	吊臂	6299	diaobi	臂	bi	bei
fuzhaishuai	负债率	6299	fuzhailv	率	lv	shuai
kuozu	适足	6299	shizu	适	shi	kuo
dididi	低低的	6295	didide	的	de	di
hangdian	行颠	6295	xingdian	行	xing	hang
lianchang	链长	6295	lianzhang	长	zhang	chang
pianxiexing	便携性	6267	bianxiexing	便	bian	pian
dashunzhao	大顺朝	6267	dashunchao	朝	chao	zhao
kongzhishuai	控制率	6267	kongzhilv	率	lv	shuai
jizhua	棘爪	6265	jizhao	爪	zhao	zhua
yinxie	隐血	6265	yinxue	血	xue	xie
zhaofeng	朝奉	6242	chaofeng	朝	chao	zhao
daijianshan	大尖山	6242	dajianshan	大	da	dai
daizexiang	大泽乡	6242	dazexiang	大	da	dai
guochanhuashuai	国产化率	6242	guochanhualv	率	lv	shuai
kuolingertong	适龄儿童	6242	shilingertong	适	shi	kuo
moduojian	万多件	6242	wanduojian	万	wan	mo
shujichang	书记长	6242	shujizhang	长	zhang	chang
tingchang	艇长	6242	tingzhang	长	zhang	chang
xijue	西角	6242	xijiao	角	jiao	jue
cichang	词长	6235	cizhang	长	zhang	chang
daiduitou	大堆头	6235	daduitou	大	da	dai
tansuxing	弹塑性	6235	dansuxing	弹	dan	tan
delaoshu	地老鼠	6235	dilaoshu	地	di	de
dianyuankuopeiqi	电源适配器	6235	dianyuanshipeiqi	适	shi	kuo
duanshe	断折	6235	duanzhe	折	zhe	she
maji	马系	6235	maxi	系	xi	ji
qunxiazhuan	群侠传	6235	qunxiachuan	传	chuan	zhuan
seyao	塞药	6235	saiyao	塞	sai	se
sanmojin	三万斤	6235	sanwanjin	万	wan	mo
sunhuaishuai	损坏率	6235	sunhuailv	率	lv	shuai
wancankuai	晚餐会	6235	wancanhui	会	hui	kuai
wannongzhao	玩弄着	6235	wannongzhe	着	zhe	zhao
wannongzhuo	玩弄着	6235	wannongzhe	着	zhe	zhuo
daitunshan	大屯山	6228	datunshan	大	da	dai
feiguanxingji	非惯性系	6228	feiguanxingxi	系	xi	ji
gangua	乾卦	6228	qiangua	乾	qian	gan
hangtu	行屠	6228	xingtu	行	xing	hang
jinghukuai	经互会	6228	jinghuhui	会	hui	kuai
semanxiaoying	塞曼效应	6228	saimanxiaoying	塞	sai	se
shengwuqunla	生物群落	6228	shengwuqunluo	落	luo	la
yimonuoweiqi	伊万诺维奇	6228	yiwannuoweiqi	万	wan	mo
zhiwuquji	植物区系	6228	zhiwuquxi	系	xi	ji
daishi	大式	6216	dashi	大	da	dai
hangyifu	行一夫	6216	xingyifu	行	xing	hang
jiwu	疾恶	6216	jie	恶	e	wu
keseer	克塞尔	6216	kesaier	塞	sai	se
maerkuse	马尔库塞	6216	maerkusai	塞	sai	se
maitianjuan	麦田圈	6216	maitianquan	圈	quan	juan
nase	纳塞	6216	nasai	塞	sai	se
wujue	无角	6216	wujiao	角	jiao	jue
kangningxie	抗凝血	6209	kangningxue	血	xue	xie
liangmoyu	两万余	6209	liangwanyu	万	wan	mo
quanchen	权称	6209	quancheng	称	cheng	chen
zuichong	罪重	6209	zuizhong	重	zhong	chong
xihang	细行	6204	xixing	行	xing	hang
yubeikuai	预备会	6204	yubeihui	会	hui	kuai
baojiankuai	保监会	6186	baojianhui	会	hui	kuai
daixun	大汛	6186	daxun	大	da	dai
xiangben	降本	6186	jiangben	降	jiang	xiang
jiumoli	九万里	6186	jiuwanli	万	wan	mo
kuoyongfalv	适用法律	6186	shiyongfalv	适	shi	kuo
tongbaokuai	通报会	6186	tongbaohui	会	hui	kuai
danzhaodian	弹着点	6134	danzhedian	着	zhe	zhao
danzhuodian	弹着点	6134	danzhedian	着	zhe	zhuo
tanzhaodian	弹着点	6134	danzhedian	弹	dan	tan
tanzhedian	弹着点	6134	danzhedian	弹	dan	tan
tanzhuodian	弹着点	6134	danzhedian	弹	dan	tan
beiyidai	北医大	6117	beiyida	大	da	dai
bianchang	扁长	6117	bianzhang	长	zhang	chang
chongqian	重迁	6117	zhongqian	重	zhong	chong
daigangqin	大钢琴	6117	dagangqin	大	da	dai
dairudou	大如斗	6117	darudou	大	da	dai
daizizi	大姊姊	6117	dazizi	大	da	dai
tiaoji	调寄	6117	diaoji	调	diao	tiao
wuzhihua	恶之花	6117	ezhihua	恶	e	wu
fenla	纷落	6117	fenluo	落	luo	la
gujichongshi	故技重施	6117	gujizhongshi	重	zhong	chong
haiseer	海塞尔	6117	haisaier	塞	sai	se
mande	蛮地	6117	mandi	地	di	de
meijuan	每圈	6117	meiquan	圈	quan	juan
naixian	乃见	6117	naijian	见	jian	xian
qinduqu	秦都区	6117	qindouqu	都	dou	du
reqiede	热切地	6117	reqiedi	地	di	de
tingchang	廷长	6117	tingzhang	长	zhang	chang
xieguang	血光	6117	xueguang	血	xue	xie
yihang	懿行	6117	yixing	行	xing	hang
yubei	玉臂	6117	yubi	臂	bi	bei
zhanyongshuai	占用率	6117	zhanyonglv	率	lv	shuai
zhengdianshuai	正点率	6117	zhengdianlv	率	lv	shuai
chuanxiong	川芎	6109	chuanqiong	芎	qiong	xiong
cishankuai	慈善会	6109	cishanhui	会	hui	kuai
daizhongxuesheng	大中学生	6109	dazhongxuesheng	大	da	dai
liangchongxing	两重性	6109	liangzhongxing	重	zhong	chong
poanshuai	破案率	6109	poanlv	率	lv	shuai
zijishuai	自给率	6109	zijilv	率	lv	shuai
chenyangjunqu	沈阳军区	6105	shenyangjunqu	沈	shen	chen
daisanyuan	大三元	6105	dasanyuan	大	da	dai
tanqiang	弹枪	6105	danqiang	弹	dan	tan
hanghong	行洪	6105	xinghong	行	xing	hang
jianandaizhen	嘉南大圳	6105	jianandazhen	大	da	dai
qunji	群系	6105	qunxi	系	xi	ji
seerte	塞尔特	6105	saierte	塞	sai	se
shela	射落	6105	sheluo	落	luo	la
tianzhongjuerong	田中角荣	6105	tianzhongjiaorong	角	jiao	jue
tingzhao	廷朝	6105	tingchao	朝	chao	zhao
xieningsu	血凝素	6105	xueningsu	血	xue	xie
yumoce	余万册	6105	yuwance	万	wan	mo
bixiu	毕宿	6069	bisu	宿	su	xiu
fangxiu	房宿	6069	fangsu	宿	su	xiu
huajue	画角	6069	huajiao	角	jiao	jue
nengshuai	能率	6069	nenglv	率	lv	shuai
shaoyue	韶乐	6069	shaole	乐	le	yue
shiyunkuai	十运会	6069	shiyunhui	会	hui	kuai
xinwenji	新闻系	6069	xinwenxi	系	xi	ji
yaoxian	遥见	6069	yaojian	见	jian	xian
youjue	右角	6069	youjiao	角	jiao	jue
anti	岸堤	6064	andi	堤	di	ti
jiangyuexian	将乐县	6064	jianglexian	乐	le	yue
jila	集落	6064	jiluo	落	luo	la
ribula	日不落	6064	ribuluo	落	luo	la
xiedaolaozu	血刀老祖	6064	xuedaolaozu	血	xue	xie
yingwenji	英文系	6064	yingwenxi	系	xi	ji
bianshuai	变率	6044	bianlv	率	lv	shuai
zhaohong	朝洪	6044	chaohong	朝	chao	zhao
suozhao	所着	6044	suozhe	着	zhe	zhao
suozhuo	所着	6044	suozhe	着	zhe	zhuo
zhexuezhaozuo	哲学著作	6044	zhexuezhuzuo	著	zhu	zhao
zhexuezhezuo	哲学著作	6044	zhexuezhuzuo	著	zhu	zhe
zhexuezhuozuo	哲学著作	6044	zhexuezhuzuo	著	zhu	zhuo
bujiuchong	不久重	6032	bujiuzhong	重	zhong	chong
manlei	埋雷	6032	mailei	埋	mai	man
tuxian	突见	6032	tujian	见	jian	xian
yaoduqu	尧都区	6032	yaodouqu	都	dou	du
yimoliuqianduo	一万六千多	6032	yiwanliuqianduo	万	wan	mo
zhishen	值参	6032	zhican	参	can	shen
anquanqiao	安全壳	6025	anquanke	壳	ke	qiao
routan	肉弹	6025	roudan	弹	dan	tan
zonghang	纵行	5994	zongxing	行	xing	hang
sishiermo	四十二万	5978	sishierwan	万	wan	mo
huaixiesuan	坏血酸	5974	huaixuesuan	血	xue	xie
kexuezhaozuo	科学著作	5974	kexuezhuzuo	著	zhu	zhao
kexuezhezuo	科学著作	5974	kexuezhuzuo	著	zhu	zhe
kexuezhuozuo	科学著作	5974	kexuezhuzuo	著	zhu	zhuo
misesi	米塞斯	5974	misaisi	塞	sai	se
mojiaci	万架次	5974	wanjiaci	万	wan	mo
moyujian	万余件	5974	wanyujian	万	wan	mo
shencheng	甚盛	5974	shensheng	盛	sheng	cheng
jibulin	吉卜林	5944	jibolin	卜	bo	bu
liumowuqian	六万五千	5944	liuwanwuqian	万	wan	mo
zhucede	注册地	5940	zhucedi	地	di	de
ailianzhao	爱恋着	5930	ailianzhe	着	zhe	zhao
ailianzhuo	爱恋着	5930	ailianzhe	着	zhe	zhuo
bamoge	八万个	5930	bawange	万	wan	mo
buqingbuchong	不轻不重	5930	buqingbuzhong	重	zhong	chong
caiji	采给	5930	caigei	给	gei	ji
caiqiao	彩壳	5930	caike	壳	ke	qiao
chairen	差任	5930	charen	差	cha	chai
changtongwazi	长筒袜子	5930	zhangtongwazi	长	zhang	chang
chuidainiu	吹大牛	5930	chuidaniu	大	da	dai
daiguoshui	大锅水	5930	daguoshui	大	da	dai
daihuihuan	大回环	5930	dahuihuan	大	da	dai
daikan	大侃	5930	dakan	大	da	dai
dailijiacheng	大利嘉城	5930	dalijiacheng	大	da	dai
dailongtan	大龙潭	5930	dalongtan	大	da	dai
daishanding	大山顶	5930	dashanding	大	da	dai
daiweibijia	大未必佳	5930	daweibijia	大	da	dai
daiyingpan	大硬盘	5930	dayingpan	大	da	dai
daizhongzhuansheng	大中专生	5930	dazhongzhuansheng	大	da	dai
tanshanglai	弹上来	5930	danshanglai	弹	dan	tan
tanshangqu	弹上去	5930	danshangqu	弹	dan	tan
diade	嗲地	5930	diedi	嗲	die	dia
diadi	嗲地	5930	diedi	嗲	die	dia
diede	嗲地	5930	diedi	地	di	de
diantouchenshi	点头称是	5930	diantouchengshi	称	cheng	chen
tiaoqiang	调强	5930	diaoqiang	调	diao	tiao
feide	废地	5930	feidi	地	di	de
feixie	费血	5930	feixue	血	xue	xie
fuyue	佛乐	5930	fule	乐	le	yue
gangzhao	杠着	5930	gangzhe	着	zhe	zhao
gangzhuo	杠着	5930	gangzhe	着	zhe	zhuo
geshuyixian	各抒已见	5930	geshuyijian	见	jian	xian
haojiliao	好级了	5930	haojile	了	le	liao
haoshidei	好事得	5930	haoshide	得	de	dei
hengdei	横得	5930	hengde	得	de	dei
hengshegou	横折勾	5930	hengzhegou	折	zhe	she
jianxiazhuan	剑侠传	5930	jianxiachuan	传	chuan	zhuan
jingxian	惊见	5930	jingjian	见	jian	xian
juanjuandiandian	圈圈点点	5930	quanquandiandian	圈	quan	juan
juanquandiandian	圈圈点点	5930	quanquandiandian	圈	quan	juan
quanjuandiandian	圈圈点点	5930	quanquandiandian	圈	quan	juan
kongxie	空血	5930	kongxue	血	xue	xie
laladuichang	拉拉队长	5930	laladuizhang	长	zhang	chang
lanxieren	蓝血人	5930	lanxueren	血	xue	xie
lapiaokuai	拉票会	5930	lapiaohui	会	hui	kuai
liaocicansheng	了此残生	5930	lecicansheng	了	le	liao
yueming	乐命	5930	leming	乐	le	yue
linglingluola	零零落落	5930	linglingluoluo	落	luo	la
mabizi	抹鼻子	5930	mobizi	抹	mo	ma
moman	没慢	5930	meiman	没	mei	mo
mianwu	面恶	5930	miane	恶	e	wu
miaozhao	描着	5930	miaozhe	着	zhe	zhao
miaozhuo	描着	5930	miaozhe	着	zhe	zhuo
milianzhao	迷恋着	5930	milianzhe	着	zhe	zhao
milianzhuo	迷恋着	5930	milianzhe	着	zhe	zhuo
mokelong	万客隆	5930	wankelong	万	wan	mo
mune	木呐	5930	muna	呐	na	ne
niandei	黏得	5930	niande	得	de	dei
ningshe	拧折	5930	ningzhe	折	zhe	she
pengjue	捧角	5930	pengjiao	角	jiao	jue
pieshe	撇折	5930	piezhe	折	zhe	she
qianbianmobian	千遍万遍	5930	qianbianwanbian	万	wan	mo
qiandei	牵得	5930	qiande	得	de	dei
qimokuai	七万块	5930	qiwankuai	万	wan	mo
shaojiao	稍觉	5930	shaojue	觉	jue	jiao
shebuduan	折不断	5930	zhebuduan	折	zhe	she
sheji	赊给	5930	shegei	给	gei	ji
sijiu	似旧	5930	shijiu	似	shi	si
shoujiazhao	手夹着	5930	shoujiazhe	着	zhe	zhao
shoujiazhuo	手夹着	5930	shoujiazhe	着	zhe	zhuo
xiuchengqu	宿城区	5930	suchengqu	宿	su	xiu
wengwengde	嗡嗡地	5930	wengwengdi	地	di	de
xiahang	侠行	5930	xiaxing	行	xing	hang
xiangjiliao	象极了	5930	xiangjile	了	le	liao
xieer	血耳	5930	xueer	血	xue	xie
yaoraode	妖娆地	5930	yaoraodi	地	di	de
yimoliangmo	一万两万	5930	yiwanliangwan	万	wan	mo
yimoliangwan	一万两万	5930	yiwanliangwan	万	wan	mo
yiwanliangmo	一万两万	5930	yiwanliangwan	万	wan	mo
yinjuan	银圈	5930	yinquan	圈	quan	juan
yiqianyimoge	一千一万个	5930	yiqianyiwange	万	wan	mo
yixiajuan	一下圈	5930	yixiaquan	圈	quan	juan
zaohang	糟行	5930	zaoxing	行	xing	hang
miuxian	谬见	5923	miujian	见	jian	xian
jijuan	鸡圈	5907	jiquan	圈	quan	juan
beihuo	臂或	5899	bihuo	臂	bi	bei
bixiang	逼降	5899	bijiang	降	jiang	xiang
canyichang	参议长	5899	canyizhang	长	zhang	chang
dailongjiao	大龙湫	5899	dalongjiao	大	da	dai
dailoushan	大娄山	5899	daloushan	大	da	dai
disanji	第三系	5899	disanxi	系	xi	ji
hangxiangliang	行向量	5899	xingxiangliang	行	xing	hang
kuaijiji	会计系	5899	kuaijixi	系	xi	ji
yuelingshi	乐陵市	5899	lelingshi	乐	le	yue
seci	塞茨	5899	saici	塞	sai	se
xinkuaiqu	新会区	5899	xinhuiqu	会	hui	kuai
yuduxian	于都县	5899	yudouxian	都	dou	du
daimuchang	大牧场	5895	damuchang	大	da	dai
daiquanzuo	大犬座	5895	daquanzuo	大	da	dai
daishouyin	大手印	5895	dashouyin	大	da	dai
daitangdianxin	大唐电信	5895	datangdianxin	大	da	dai
deifenshao	得分少	5895	defenshao	得	de	dei
defu	地肤	5895	difu	地	di	de
jiazhuanshengzhi	假传圣旨	5895	jiachuanshengzhi	传	chuan	zhuan
jiepi	桔皮	5895	jupi	桔	ju	jie
jucankuai	聚餐会	5895	jucanhui	会	hui	kuai
kuadei	垮得	5895	kuade	得	de	dei
lvyoujuan	旅游圈	5895	lvyouquan	圈	quan	juan
qishenzhide	栖身之地	5895	qishenzhidi	地	di	de
sanshiliumo	三十六万	5895	sanshiliuwan	万	wan	mo
shengkuai	胜会	5895	shenghui	会	hui	kuai
xiuye	宿夜	5895	suye	宿	su	xiu
tiandei	添得	5895	tiande	得	de	dei
xiaochangshan	小长山	5895	xiaozhangshan	长	zhang	chang
xinti	新堤	5895	xindi	堤	di	ti
xinyi	寻医	5895	xunyi	寻	xun	xin
yijiazhichang	一家之长	5895	yijiazhizhang	长	zhang	chang
yimopi	一万匹	5895	yiwanpi	万	wan	mo
youchang	幽长	5895	youzhang	长	zhang	chang
yuanbo	缘薄	5895	yuanbao	薄	bao	bo
yuchang	愈长	5895	yuzhang	长	zhang	chang
zhuanji	转系	5895	zhuanxi	系	xi	ji
sanmosiqian	三万四千	5890	sanwansiqian	万	wan	mo
chide	尺地	5879	chidi	地	di	de
chuanqiao	船壳	5879	chuanke	壳	ke	qiao
daihongshan	大洪山	5879	dahongshan	大	da	dai
daiyaoshan	大瑶山	5879	dayaoshan	大	da	dai
tandai	弹带	5879	dandai	弹	dan	tan
ersanmo	二三万	5879	ersanwan	万	wan	mo
jubei	巨臂	5879	jubi	臂	bi	bei
kongtan	空弹	5879	kongdan	弹	dan	tan
mingzhuan	铭传	5879	mingchuan	传	chuan	zhuan
molingyao	万灵药	5879	wanlingyao	万	wan	mo
wuxukuai	务虚会	5879	wuxuhui	会	hui	kuai
yuanbei	猿臂	5879	yuanbi	臂	bi	bei
jizong	系综	5866	xizong	系	xi	ji
zhaozheng	朝征	5835	chaozheng	朝	chao	zhao
chenhan	称汗	5835	chenghan	称	cheng	chen
fuzhao	覆著	5835	fuzhu	著	zhu	zhao
fuzhe	覆著	5835	fuzhu	著	zhu	zhe
fuzhuo	覆著	5835	fuzhu	著	zhu	zhuo
houguodi	侯国的	5835	houguode	的	de	di
xiangqin	降秦	5835	jiangqin	降	jiang	xiang
liurude	流入地	5835	liurudi	地	di	de
mutailuoji	模态逻辑	5835	motailuoji	模	mo	mu
naishuai	乃率	5835	nailv	率	lv	shuai
pianzhao	篇著	5835	pianzhu	著	zhu	zhao
pianzhe	篇著	5835	pianzhu	著	zhu	zhe
pianzhuo	篇著	5835	pianzhu	著	zhu	zhuo
selate	塞拉特	5835	sailate	塞	sai	se
selimu	塞利姆	5835	sailimu	塞	sai	se
setejun	塞特郡	5835	saitejun	塞	sai	se
xiaoxihang	小西行	5835	xiaoxixing	行	xing	hang
xiongyalidai	匈牙利大	5835	xiongyalida	大	da	dai
zhaozuozhe	著作者	5835	zhuzuozhe	著	zhu	zhao
zhezuozhe	著作者	5835	zhuzuozhe	著	zhu	zhe
zhuozuozhe	著作者	5835	zhuzuozhe	著	zhu	zhuo
bushebunao	不折不挠	5771	buzhebunao	折	zhe	she
chengbaode	承包地	5771	chengbaodi	地	di	de
dazhidaihui	大智大慧	5771	dazhidahui	大	da	dai
gangmu	钢模	5771	gangmo	模	mo	mu
xiangdang	降挡	5771	jiangdang	降	jiang	xiang
xiuyingche	宿营车	5771	suyingche	宿	su	xiu
xiaozhongjiandai	小中见大	5771	xiaozhongjianda	大	da	dai
xiaozhongxianda	小中见大	5771	xiaozhongjianda	见	jian	xian
xiaozhongxiandai	小中见大	5771	xiaozhongjianda	见	jian	xian
xiongmengde	凶猛地	5771	xiongmengdi	地	di	de
zaishuai	载率	5771	zailv	率	lv	shuai
zhitantong	掷弹筒	5771	zhidantong	弹	dan	tan
shengcunshuai	生存率	5762	shengcunlv	率	lv	shuai
bamowu	八万五	5734	bawanwu	万	wan	mo
liuhuota	六和塔	5720	liuheta	和	he	huo
lvedaiyu	略大于	5720	lvedayu	大	da	dai
shuaituan	率团	5720	lvtuan	率	lv	shuai
meishuji	美术系	5720	meishuxi	系	xi	ji
qingcheng	清盛	5720	qingsheng	盛	sheng	cheng
seqi	塞奇	5720	saiqi	塞	sai	se
pianxieji	便携机	5686	bianxieji	便	bian	pian
boke	蕃客	5686	fanke	蕃	fan	bo
chengnuzhixia	盛怒之下	5686	shengnuzhixia	盛	sheng	cheng
daiqintielu	大秦铁路	5686	daqintielu	大	da	dai
hongdulasi	宏都拉斯	5686	hongdoulasi	都	dou	du
jiaozhizhao	交织着	5686	jiaozhizhe	着	zhe	zhao
jiaozhizhuo	交织着	5686	jiaozhizhe	着	zhe	zhuo
kuoyongrenqun	适用人群	5686	shiyongrenqun	适	shi	kuo
ladaiqi	拉大旗	5686	ladaqi	大	da	dai
maseer	马塞尔	5686	masaier	塞	sai	se
modai	万袋	5686	wandai	万	wan	mo
muzhi	模制	5686	mozhi	模	mo	mu
selaisi	塞莱斯	5686	sailaisi	塞	sai	se
shurude	输入地	5686	shurudi	地	di	de
wanding	畹町	5686	wanting	町	ting	ding
weierhuo	维尔和	5686	weierhe	和	he	huo
xiangpise	橡皮塞	5686	xiangpisai	塞	sai	se
xinkuaixian	新会县	5686	xinhuixian	会	hui	kuai
yimoqiqianduo	一万七千多	5686	yiwanqiqianduo	万	wan	mo
yizhao	遗著	5686	yizhu	著	zhu	zhao
yizhe	遗著	5686	yizhu	著	zhu	zhe
yizhuo	遗著	5686	yizhu	著	zhu	zhuo
yueyue	悦乐	5686	yuele	乐	le	yue
yumopingfangmi	余万平方米	5686	yuwanpingfangmi	万	wan	mo
zengji	增给	5686	zenggei	给	gei	ji
zhaosili	着丝粒	5686	zhesili	着	zhe	zhao
zhuosili	着丝粒	5686	zhesili	着	zhe	zhuo
shijueji	视觉系	5671	shijuexi	系	xi	ji
chengjiershuai	盛极而衰	5669	shengjiershuai	盛	sheng	cheng
daiqiu	大丘	5669	daqiu	大	da	dai
tiaolu	调露	5669	diaolu	调	diao	tiao
huibaokuai	汇报会	5669	huibaohui	会	hui	kuai
lishuai	力率	5669	lilv	率	lv	shuai
luokajue	罗卡角	5669	luokajiao	角	jiao	jue
sanshisanmo	三十三万	5669	sanshisanwan	万	wan	mo
shizhuangmute	时装模特	5669	shizhuangmote	模	mo	mu
shuliji	数理系	5669	shulixi	系	xi	ji
zhiji	职系	5669	zhixi	系	xi	ji
zhonghuacishanzongkuai	中华慈善总会	5669	zhonghuacishanzonghui	会	hui	kuai
boqiao	驳壳	5663	boke	壳	ke	qiao
buliangshuai	不良率	5663	bulianglv	率	lv	shuai
huanchongde	缓冲地	5663	huanchongdi	地	di	de
jingdei	竞得	5663	jingde	得	de	dei
lianzukuai	联组会	5663	lianzuhui	会	hui	kuai
moyurenci	万余人次	5663	wanyurenci	万	wan	mo
ouzhoulishikuai	欧洲理事会	5663	ouzhoulishihui	会	hui	kuai
sidingliao	死定了	5663	sidingle	了	le	liao
wupianxian	无偏见	5663	wupianjian	见	jian	xian
xinyi	寻绎	5663	xunyi	寻	xun	xin
yonghuoxian	永和县	5663	yonghexian	和	he	huo
zhixingchang	执行长	5663	zhixingzhang	长	zhang	chang
haoyoushuai	耗油率	5655	haoyoulv	率	lv	shuai
baochizhao	抱持着	5633	baochizhe	着	zhe	zhao
baochizhuo	抱持着	5633	baochizhe	着	zhe	zhuo
zhaodongnan	朝东南	5633	chaodongnan	朝	chao	zhao
chenyangtiyuxueyuan	沈阳体育学院	5633	shenyangtiyuxueyuan	沈	shen	chen
zhuanjie	传接	5633	chuanjie	传	chuan	zhuan
daizhanglao	大长老	5633	dazhanglao	大	da	dai
daizhulin	大竹林	5633	dazhulin	大	da	dai
daoyebaliao	倒也罢了	5633	daoyebale	了	le	liao
dianshengyue	电声乐	5633	dianshengle	乐	le	yue
tiaoming	调名	5633	diaoming	调	diao	tiao
duomogongli	多万公里	5633	duowangongli	万	wan	mo
huoxiaojing	和小静	5633	hexiaojing	和	he	huo
kuaizhanjingji	会展经济	5633	huizhanjingji	会	hui	kuai
jiedei	劫得	5633	jiede	得	de	dei
jiehang	节行	5633	jiexing	行	xing	hang
jihaode	极好地	5633	jihaodi	地	di	de
jimojin	几万斤	5633	jiwanjin	万	wan	mo
kezhenwu	柯镇恶	5633	kezhene	恶	e	wu
louhang	漏行	5633	louxing	行	xing	hang
moyijin	万亿斤	5633	wanyijin	万	wan	mo
pingshenkuai	评审会	5633	pingshenhui	会	hui	kuai
sanqisanla	三起三落	5633	sanqisanluo	落	luo	la
shijue	似角	5633	shijiao	角	jiao	jue
sijiao	似角	5633	shijiao	似	shi	si
sijue	似角	5633	shijiao	似	shi	si
suliaodaipeng	塑料大棚	5633	suliaodapeng	大	da	dai
tedaixinwen	特大新闻	5633	tedaxinwen	大	da	dai
weizuozhao	围坐着	5633	weizuozhe	着	zhe	zhao
weizuozhuo	围坐着	5633	weizuozhe	着	zhe	zhuo
xiaode	销地	5633	xiaodi	地	di	de
faanshuai	发案率	5581	faanlv	率	lv	shuai
hongyanzhuanshu	鸿雁传书	5581	hongyanchuanshu	传	chuan	zhuan
sanshisimo	三十四万	5581	sanshisiwan	万	wan	mo
chaoyangchanye	朝阳产业	5577	zhaoyangchanye	朝	zhao	chao
chongshangzhuyi	重商主义	5577	zhongshangzhuyi	重	zhong	chong
xiangbenzengxiao	降本增效	5577	jiangbenzengxiao	降	jiang	xiang
manyishuai	满意率	5577	manyilv	率	lv	shuai
minjiede	敏捷地	5577	minjiedi	地	di	de
piaohang	漂行	5577	piaoxing	行	xing	hang
xieyuanxing	血源性	5577	xueyuanxing	血	xue	xie
zhongqianshuai	中签率	5577	zhongqianlv	率	lv	shuai
cushuai	粗率	5567	culv	率	lv	shuai
luosedi	罗塞蒂	5567	luosaidi	塞	sai	se
zhaohewenti	朝核问题	5527	chaohewenti	朝	chao	zhao
zhaozhu	朝逐	5527	chaozhu	朝	chao	zhao
chengzhe	盛者	5527	shengzhe	盛	sheng	cheng
zhuanyu	传谕	5527	chuanyu	传	chuan	zhuan
dalufaji	大陆法系	5527	dalufaxi	系	xi	ji
daiqingzhensi	大清真寺	5527	daqingzhensi	大	da	dai
daiwushan	大武山	5527	dawushan	大	da	dai
dengyaosanjue	等腰三角	5527	dengyaosanjiao	角	jiao	jue
dingshuai	定率	5527	dinglv	率	lv	shuai
fuwuqijinhang	服务器进行	5527	fuwuqijinxing	行	xing	hang
huofulan	和弗兰	5527	hefulan	和	he	huo
xiangfu	降附	5527	jiangfu	降	jiang	xiang
xianzhiyu	见之于	5527	jianzhiyu	见	jian	xian
keyuemei	科乐美	5527	kelemei	乐	le	yue
lanjiyuansu	镧系元素	5527	lanxiyuansu	系	xi	ji
shuaizhu	率诸	5527	lvzhu	率	lv	shuai
morendi	万人敌	5527	wanrendi	万	wan	mo
tianhaizaode	填海造地	5527	tianhaizaodi	地	di	de
wumoyu	五万余	5527	wuwanyu	万	wan	mo
yihang	移行	5527	yixing	行	xing	hang
zengjiashuai	增加率	5527	zengjialv	率	lv	shuai
zhuandeng	传灯	5526	chuandeng	传	chuan	zhuan
zhuanshu	传述	5526	chuanshu	传	chuan	zhuan
jiashidei	佳士得	5526	jiashide	得	de	dei
leijian	肋间	5526	lejian	肋	le	lei
shejie	折节	5526	zhejie	折	zhe	she
tianmanchang	填埋场	5526	tianmaichang	埋	mai	man
weiti	围堤	5526	weidi	堤	di	ti
wenxiedongwu	温血动物	5526	wenxuedongwu	血	xue	xie
yuwenji	语文系	5526	yuwenxi	系	xi	ji
changjimo	肠系膜	5498	changximo	系	xi	ji
kanaweilaerjue	卡纳维拉尔角	5498	kanaweilaerjiao	角	jiao	jue
jianduande	简短地	5489	jianduandi	地	di	de
lizhizhuan	立志传	5489	lizhichuan	传	chuan	zhuan
biaoyanji	表演系	5457	biaoyanxi	系	xi	ji
banmu	版模	5433	banmo	模	mo	mu
beidaicang	北大仓	5433	beidacang	大	da	dai
beijingshidai	北京师大	5433	beijingshida	大	da	dai
biaozhangkuai	表彰会	5433	biaozhanghui	会	hui	kuai
boqiao	玻壳	5433	boke	壳	ke	qiao
bomu	波模	5433	bomo	模	mo	mu
zhaoting	朝庭	5433	chaoting	朝	chao	zhao
zhaoxibei	朝西北	5433	chaoxibei	朝	chao	zhao
chengyunkuai	城运会	5433	chengyunhui	会	hui	kuai
zhuangong	传功	5433	chuangong	传	chuan	zhuan
cidaoshuai	磁导率	5433	cidaolv	率	lv	shuai
daishiban	大石板	5433	dashiban	大	da	dai
tanzheng	弹筝	5433	danzheng	弹	dan	tan
edude	恶毒地	5433	edudi	地	di	de
fenzukuai	分组会	5433	fenzuhui	会	hui	kuai
xianqi	见弃	5433	jianqi	见	jian	xian
jiaoxuedailou	教学大楼	5433	jiaoxuedalou	大	da	dai
labiao	落标	5433	luobiao	落	luo	la
liushisanmo	六十三万	5433	liushisanwan	万	wan	mo
lvshihang	律师行	5433	lvshixing	行	xing	hang
majueba	马角坝	5433	majiaoba	角	jiao	jue
segu	塞古	5433	saigu	塞	sai	se
shangzhuanxiazai	上传下载	5433	shangchuanxiazai	传	chuan	zhuan
suyue	俗乐	5433	sule	乐	le	yue
xiebi	邪辟	5433	xiepi	辟	pi	bi
yudugong	宇都宫	5433	yudougong	都	dou	du
chongzushuai	充足率	5393	chongzulv	率	lv	shuai
daibiwu	大比武	5393	dabiwu	大	da	dai
daiyudong	大榆洞	5393	dayudong	大	da	dai
deburong	地不容	5393	diburong	地	di	de
tigeng	堤埂	5393	digeng	堤	di	ti
guanmokuai	观摩会	5393	guanmohui	会	hui	kuai
pangjixueqin	旁系血亲	5393	pangxixueqin	系	xi	ji
pubiantuihang	普遍推行	5393	pubiantuixing	行	xing	hang
quanguoqingnianlianhekuai	全国青年联合会	5393	quanguoqingnianlianhehui	会	hui	kuai
shushuluola	疏疏落落	5393	shushuluoluo	落	luo	la
xiuji	宿疾	5393	suji	宿	su	xiu
xinsimihuo	寻死觅活	5393	xunsimihuo	寻	xun	xin
xixiao	铣削	5393	xixue	削	xue	xiao
yangxingshuai	阳性率	5393	yangxinglv	率	lv	shuai
yiwuyangshan	抑恶扬善	5393	yieyangshan	恶	e	wu
youzhixude	有秩序地	5393	youzhixudi	地	di	de
zhunbeijinshuai	准备金率	5393	zhunbeijinlv	率	lv	shuai
baseluona	巴塞罗纳	5385	basailuona	塞	sai	se
daihuizhuan	大回转	5369	dahuizhuan	大	da	dai
gouqiaodi	够瞧的	5369	gouqiaode	的	de	di
huoranshuai	或然率	5369	huoranlv	率	lv	shuai
yinghuokuai	营火会	5369	yinghuohui	会	hui	kuai
antiguahuobabuda	安提瓜和巴布达	5354	antiguahebabuda	和	he	huo
banamade	巴拿马地	5354	banamadi	地	di	de
beiseer	贝塞尔	5354	beisaier	塞	sai	se
chaoshengde	朝圣地	5354	chaoshengdi	地	di	de
daibulishi	大不里士	5354	dabulishi	大	da	dai
dadushijuan	大都市圈	5354	dadushiquan	圈	quan	juan
daidukou	大渡口	5354	dadukou	大	da	dai
daishidian	大士殿	5354	dashidian	大	da	dai
tandang	弹挡	5354	dandang	弹	dan	tan
danqiao	单壳	5354	danke	壳	ke	qiao
dengbiansanjue	等边三角	5354	dengbiansanjiao	角	jiao	jue
doushuaitian	兜率天	5354	doulvtian	率	lv	shuai
ermoren	二万人	5354	erwanren	万	wan	mo
gongrongjuan	共荣圈	5354	gongrongquan	圈	quan	juan
qiaoceng	壳层	5354	keceng	壳	ke	qiao
kesenhuo	克森和	5354	kesenhe	和	he	huo
maizangde	埋葬地	5354	maizangdi	地	di	de
mengtese	蒙特塞	5354	mengtesai	塞	sai	se
motan	魔弹	5354	modan	弹	dan	tan
qianduyushi	佥都御史	5354	qiandouyushi	都	dou	du
sandaisi	三大寺	5354	sandasi	大	da	dai
shidanfudai	史丹佛大	5354	shidanfuda	大	da	dai
shouxiezhe	受血者	5354	shouxuezhe	血	xue	xie
suichen	遂称	5354	suicheng	称	cheng	chen
tumuji	土木系	5354	tumuxi	系	xi	ji
waizhouxie	外周血	5354	waizhouxue	血	xue	xie
xizhao	熙朝	5354	xichao	朝	chao	zhao
xunchen	逊称	5354	xuncheng	称	cheng	chen
zhaogu	著固	5354	zhugu	著	zhu	zhao
zhegu	著固	5354	zhugu	著	zhu	zhe
zhuogu	著固	5354	zhugu	著	zhu	zhuo
zhuse	柱塞	5354	zhusai	塞	sai	se
bazhao	罢朝	5311	bachao	朝	chao	zhao
bogu	薄姑	5311	baogu	薄	bao	bo
biaozhundaiqi	标准大气	5311	biaozhundaqi	大	da	dai
boluode	波罗地	5311	boluodi	地	di	de
chaoyangmenwai	朝阳门外	5311	zhaoyangmenwai	朝	zhao	chao
chonglizi	重离子	5311	zhonglizi	重	zhong	chong
daiyunshan	大云山	5311	dayunshan	大	da	dai
tanyin	弹引	5311	danyin	弹	dan	tan
fanshe	反折	5311	fanzhe	折	zhe	she
fuyangjue	俯仰角	5311	fuyangjiao	角	jiao	jue
jidailei	几大类	5311	jidalei	大	da	dai
kandai	刊大	5311	kanda	大	da	dai
moduomu	万多亩	5311	wanduomu	万	wan	mo
sanmobaqian	三万八千	5311	sanwanbaqian	万	wan	mo
wumoliang	五万两	5311	wuwanliang	万	wan	mo
zhuajia	爪甲	5311	zhaojia	爪	zhao	zhua
banzhao	扮着	5286	banzhe	着	zhe	zhao
banzhuo	扮着	5286	banzhe	着	zhe	zhuo
benhang	奔行	5286	benxing	行	xing	hang
biaoqiao	表壳	5286	biaoke	壳	ke	qiao
biyouyidei	必有一得	5286	biyouyide	得	de	dei
buchangyizhi	不长一智	5286	buzhangyizhi	长	zhang	chang
chaidu	差度	5286	chadu	差	cha	chai
changjiaoji	长焦机	5286	zhangjiaoji	长	zhang	chang
chazha	刹闸	5286	shazha	刹	sha	cha
chengkaizhao	盛开着	5286	shengkaizhe	盛	sheng	cheng
chengkaizhe	盛开着	5286	shengkaizhe	盛	sheng	cheng
chengkaizhuo	盛开着	5286	shengkaizhe	盛	sheng	cheng
shengkaizhao	盛开着	5286	shengkaizhe	着	zhe	zhao
shengkaizhuo	盛开着	5286	shengkaizhe	着	zhe	zhuo
chengpinshuai	成品率	5286	chengpinlv	率	lv	shuai
chixie	赤血	5286	chixue	血	xue	xie
daibaoguang	大爆光	5286	dabaoguang	大	da	dai
daichuanshao	大串烧	5286	dachuanshao	大	da	dai
daiduan	大锻	5286	daduan	大	da	dai
daiduliang	大肚量	5286	daduliang	大	da	dai
daiduqiaohengtiesuohan	大渡桥横铁索寒	5286	daduqiaohengtiesuohan	大	da	dai
daierxi	大儿媳	5286	daerxi	大	da	dai
daikuohao	大括号	5286	dakuohao	大	da	dai
dailaoai	大佬爱	5286	dalaoai	大	da	dai
daimaoxiong	大猫熊	5286	damaoxiong	大	da	dai
dairanfang	大染坊	5286	daranfang	大	da	dai
daisuda	大苏打	5286	dasuda	大	da	dai
daiyantong	大岩桐	5286	dayantong	大	da	dai
daiyaoyikou	大咬一口	5286	dayaoyikou	大	da	dai
tanguolai	弹过来	5286	danguolai	弹	dan	tan
delu	地炉	5286	dilu	地	di	de
tiaoqian	调钱	5286	diaoqian	调	diao	tiao
wude	恶德	5286	ede	恶	e	wu
wugen	恶根	5286	egen	恶	e	wu
wushi	恶食	5286	eshi	恶	e	wu
fanhuasijin	繁华似锦	5286	fanhuashijin	似	shi	si
fengxian	逢见	5286	fengjian	见	jian	xian
fubokuai	服博会	5286	fubohui	会	hui	kuai
guachang	挂长	5286	guazhang	长	zhang	chang
guajizhao	挂记着	5286	guajizhe	着	zhe	zhao
guajizhuo	挂记着	5286	guajizhe	着	zhe	zhuo
guomaoji	国贸系	5286	guomaoxi	系	xi	ji
huanrangchu	还让出	5286	hairangchu	还	hai	huan
hangbugaixing	行不改姓	5286	xingbugaixing	行	xing	hang
huansongwankuai	欢送晚会	5286	huansongwanhui	会	hui	kuai
huibei	挥臂	5286	huibi	臂	bi	bei
jiachangche	加长车	5286	jiazhangche	长	zhang	chang
jiancaihang	建材行	5286	jiancaixing	行	xing	hang
xiangqu	降去	5286	jiangqu	降	jiang	xiang
xianshangtu	见上图	5286	jianshangtu	见	jian	xian
jiantazhao	践踏着	5286	jiantazhe	着	zhe	zhao
jiantazhuo	践踏着	5286	jiantazhe	着	zhe	zhuo
jueshawan	角鲨烷	5286	jiaoshawan	角	jiao	jue
jietongshuai	接通率	5286	jietonglv	率	lv	shuai
jiezhi	桔汁	5286	juzhi	桔	ju	jie
jiezihongle	桔子红了	5286	juzihongle	桔	ju	jie
jiezihongliao	桔子红了	5286	juzihongle	桔	ju	jie
juzihongliao	桔子红了	5286	juzihongle	了	le	liao
jishujuan	技术圈	5286	jishuquan	圈	quan	juan
jiushiduomo	九十多万	5286	jiushiduowan	万	wan	mo
kaimenxianxi	开门见喜	5286	kaimenjianxi	见	jian	xian
kebokuai	科博会	5286	kebohui	会	hui	kuai
kuaduchang	跨度长	5286	kuaduzhang	长	zhang	chang
kuaicheng	快盛	5286	kuaisheng	盛	sheng	cheng
kutiao	苦调	5286	kudiao	调	diao	tiao
lahui	落晖	5286	luohui	落	luo	la
yuexian	乐闲	5286	lexian	乐	le	yue
liujinchong	六斤重	5286	liujinzhong	重	zhong	chong
longchongtuichu	隆重推出	5286	longzhongtuichu	重	zhong	chong
molukezou	没路可走	5286	meilukezou	没	mei	mo
meishengmoxi	没声没息	5286	meishengmeixi	没	mei	mo
moshengmeixi	没声没息	5286	meishengmeixi	没	mei	mo
moshengmoxi	没声没息	5286	meishengmeixi	没	mei	mo
moyan	没沿	5286	meiyan	没	mei	mo
mozhuntou	没准头	5286	meizhuntou	没	mei	mo
mianhuoxinbuhe	面和心不和	5286	mianhexinbuhe	和	he	huo
miqiao	米壳	5286	mike	壳	ke	qiao
moduobei	万多倍	5286	wanduobei	万	wan	mo
mutewang	模特网	5286	motewang	模	mo	mu
mowa	万瓦	5286	wanwa	万	wan	mo
nandainvxiao	男大女小	5286	nandanvxiao	大	da	dai
nvjiachang	女家长	5286	nvjiazhang	长	zhang	chang
panzhao	攀着	5286	panzhe	着	zhe	zhao
panzhuo	攀着	5286	panzhe	着	zhe	zhuo
paodei	抛得	5286	paode	得	de	dei
paomade	跑马地	5286	paomadi	地	di	de
pingbizhao	屏蔽着	5286	pingbizhe	着	zhe	zhao
pingbizhuo	屏蔽着	5286	pingbizhe	着	zhe	zhuo
qiangjiaola	墙角落	5286	qiangjiaoluo	落	luo	la
ruxianqiren	如见其人	5286	rujianqiren	见	jian	xian
senhaiseer	森海塞尔	5286	senhaisaier	塞	sai	se
shangjuezheng	商角征	5286	shangjiaozheng	角	jiao	jue
shengjiao	声觉	5286	shengjue	觉	jue	jiao
shengjuan	绳圈	5286	shengquan	圈	quan	juan
shiqibamo	十七八万	5286	shiqibawan	万	wan	mo
siyouruowu	似有若无	5286	shiyouruowu	似	shi	si
simoge	四万个	5286	siwange	万	wan	mo
xiuweishui	宿未睡	5286	suweishui	宿	su	xiu
toujibuzhao	偷鸡不着	5286	toujibuzhe	着	zhe	zhao
toujibuzhuo	偷鸡不着	5286	toujibuzhe	着	zhe	zhuo
tuixian	推见	5286	tuijian	见	jian	xian
tuzhao	凸着	5286	tuzhe	着	zhe	zhao
tuzhuo	凸着	5286	tuzhe	着	zhe	zhuo
wodei	卧得	5286	wode	得	de	dei
wuweide	无畏地	5286	wuweidi	地	di	de
wuzhenshuai	误诊率	5286	wuzhenlv	率	lv	shuai
xianchai	县差	5286	xiancha	差	cha	chai
xifuni	西服呢	5286	xifune	呢	ne	ni
xinou	寻偶	5286	xunou	寻	xun	xin
xinyixin	寻一寻	5286	xunyixun	寻	xun	xin
xinyixun	寻一寻	5286	xunyixun	寻	xun	xin
xunyixin	寻一寻	5286	xunyixun	寻	xun	xin
yandainu	颜大怒	5286	yandanu	大	da	dai
yangchengyinshuai	阳盛阴衰	5286	yangshengyinshuai	盛	sheng	cheng
yibokuai	艺博会	5286	yibohui	会	hui	kuai
yitanzhi	一弹指	5286	yidanzhi	弹	dan	tan
yimoshuang	一万双	5286	yiwanshuang	万	wan	mo
zhaoxindao	找寻到	5286	zhaoxundao	寻	xun	xin
zhaozuodengshen	着作等身	5286	zhezuodengshen	着	zhe	zhao
zhuozuodengshen	着作等身	5286	zhezuodengshen	着	zhe	zhuo
zhengtingdei	正听得	5286	zhengtingde	得	de	dei
zhenxinwu	真心恶	5286	zhenxine	恶	e	wu
zuopianqi	座便器	5286	zuobianqi	便	bian	pian
laise	莱塞	5228	laisai	塞	sai	se
yimoerqianwubai	一万二千五百	5228	yiwanerqianwubai	万	wan	mo
dailiumang	大流氓	5218	daliumang	大	da	dai
moaoyuan	万澳元	5218	wanaoyuan	万	wan	mo
moduohu	万多户	5218	wanduohu	万	wan	mo
moyuge	万余个	5218	wanyuge	万	wan	mo
moyujin	万余斤	5218	wanyujin	万	wan	mo
sanmohu	三万户	5218	sanwanhu	万	wan	mo
yumojian	余万件	5218	yuwanjian	万	wan	mo
aode	凹地	5167	aodi	地	di	de
badacaiji	八大菜系	5167	badacaixi	系	xi	ji
bizuo	辟作	5167	pizuo	辟	pi	bi
bosesiku	伯塞斯库	5167	bosaisiku	塞	sai	se
budei	捕得	5167	bude	得	de	dei
bugaoxingde	不高兴地	5167	bugaoxingdi	地	di	de
zhaoyi	朝仪	5167	chaoyi	朝	chao	zhao
chongfu	重赋	5167	zhongfu	重	zhong	chong
daihulaer	大呼拉尔	5167	dahulaer	大	da	dai
daipaimai	大拍卖	5167	dapaimai	大	da	dai
tiaoshanglai	调上来	5167	diaoshanglai	调	diao	tiao
fengzhao	奉朝	5167	fengchao	朝	chao	zhao
jimoli	几万里	5167	jiwanli	万	wan	mo
jixiu	箕宿	5167	jisu	宿	su	xiu
qianchonghouqing	前重后轻	5167	qianzhonghouqing	重	zhong	chong
qishiduomo	七十多万	5167	qishiduowan	万	wan	mo
shoutiao	首调	5167	shoudiao	调	diao	tiao
shuchen	属沈	5167	shushen	沈	shen	chen
waiyuji	外语系	5167	waiyuxi	系	xi	ji
weihang	尾行	5167	weixing	行	xing	hang
weiseke	韦塞克	5167	weisaike	塞	sai	se
xiejianxuanyuan	血荐轩辕	5167	xuejianxuanyuan	血	xue	xie
xuanxutiao	宣叙调	5167	xuanxudiao	调	diao	tiao
youzhuanbu	邮传部	5167	youchuanbu	传	chuan	zhuan
zandei	暂得	5167	zande	得	de	dei
zhangzhao	仗著	5167	zhangzhu	著	zhu	zhao
zhangzhe	仗著	5167	zhangzhu	著	zhu	zhe
zhangzhuo	仗著	5167	zhangzhu	著	zhu	zhuo
zhongguojiaokuai	中国教会	5167	zhongguojiaohui	会	hui	kuai
zhongkedai	中科大	5167	zhongkeda	大	da	dai
caochongchenxiang	曹冲称象	5163	caochongchengxiang	称	cheng	chen
cengji	层系	5163	cengxi	系	xi	ji
chaizhuantai	差转台	5163	chazhuantai	差	cha	chai
changningxian	长宁县	5163	zhangningxian	长	zhang	chang
chengtan	程弹	5163	chengdan	弹	dan	tan
daichi	大痴	5163	dachi	大	da	dai
daicong	大丛	5163	dacong	大	da	dai
daigulu	大沽路	5163	dagulu	大	da	dai
daiketing	大客厅	5163	daketing	大	da	dai
daiyaowan	大窑湾	5163	dayaowan	大	da	dai
fengongkuai	分工会	5163	fengonghui	会	hui	kuai
gaola	皋落	5163	gaoluo	落	luo	la
hangzun	行尊	5163	xingzun	行	xing	hang
xiangzi	降自	5163	jiangzi	降	jiang	xiang
juediao	角雕	5163	jiaodiao	角	jiao	jue
lahun	落魂	5163	luohun	落	luo	la
lingjue	羚角	5163	lingjiao	角	jiao	jue
liudongshuai	流动率	5163	liudonglv	率	lv	shuai
lvezhuan	略传	5163	lvechuan	传	chuan	zhuan
moduodun	万多吨	5163	wanduodun	万	wan	mo
moxiang	万箱	5163	wanxiang	万	wan	mo
nanchangqu	南长区	5163	nanzhangqu	长	zhang	chang
piaozhuan	票传	5163	piaochuan	传	chuan	zhuan
shangmobei	上万倍	5163	shangwanbei	万	wan	mo
yintan	银弹	5163	yindan	弹	dan	tan
yuchai	愈差	5163	yucha	差	cha	chai
zhongzhao	终朝	5163	zhongchao	朝	chao	zhao
tanboyueqi	弹拨乐器	5114	danboyueqi	弹	dan	tan
chenji	沈寂	5073	shenji	沈	shen	chen
chonghua	重划	5073	zhonghua	重	zhong	chong
daiweichijing	大为吃惊	5073	daweichijing	大	da	dai
fangjue	房角	5073	fangjiao	角	jiao	jue
gaichen	概称	5073	gaicheng	称	cheng	chen
gonghuojian	弓和箭	5073	gonghejian	和	he	huo
houlvejue	后掠角	5073	houlvejiao	角	jiao	jue
xiangxu	降序	5073	jiangxu	降	jiang	xiang
jinyue	今乐	5073	jinle	乐	le	yue
kongxishuai	孔隙率	5073	kongxilv	率	lv	shuai
lichong	粒重	5073	lizhong	重	zhong	chong
moduopingfanggongli	万多平方公里	5073	wanduopingfanggongli	万	wan	mo
molonghuiyi	万隆会议	5073	wanlonghuiyi	万	wan	mo
momen	万门	5073	wanmen	万	wan	mo
pianjue	偏角	5073	pianjiao	角	jiao	jue
sexiaqu	塞下曲	5073	saixiaqu	塞	sai	se
siyoude	私有地	5073	siyoudi	地	di	de
wudaoji	舞蹈系	5073	wudaoxi	系	xi	ji
yitiao	移调	5073	yidiao	调	diao	tiao
chongshixiao	重实效	5072	zhongshixiao	重	zhong	chong
chuanchazhao	穿插着	5072	chuanchazhe	着	zhe	zhao
chuanchazhuo	穿插着	5072	chuanchazhe	着	zhe	zhuo
daizhongxiaochengshi	大中小城市	5072	dazhongxiaochengshi	大	da	dai
jichong	畸重	5072	jizhong	重	zhong	chong
jinmojia	进万家	5072	jinwanjia	万	wan	mo
moyuzhi	万余只	5072	wanyuzhi	万	wan	mo
bendukuai	本笃会	4961	benduhui	会	hui	kuai
pianming	便名	4961	bianming	便	bian	pian
buduichenxing	不对称性	4961	buduichengxing	称	cheng	chen
chendefu	沈德符	4961	shendefu	沈	shen	chen
chengzhangshuai	成长率	4961	chengzhanglv	率	lv	shuai
daiqinmao	大钦茂	4961	daqinmao	大	da	dai
daizhi	大旨	4961	dazhi	大	da	dai
tiwai	堤外	4961	diwai	堤	di	ti
feizhouzhijue	非洲之角	4961	feizhouzhijiao	角	jiao	jue
goumu	构模	4961	goumo	模	mo	mu
heisegeweina	黑塞哥维那	4961	heisaigeweina	塞	sai	se
liangmoli	两万里	4961	liangwanli	万	wan	mo
liangmoming	两万名	4961	liangwanming	万	wan	mo
luoseta	罗塞塔	4961	luosaita	塞	sai	se
miniaoji	泌尿系	4961	miniaoxi	系	xi	ji
moyupingfangmi	万余平方米	4961	wanyupingfangmi	万	wan	mo
shangdaijia	商大贾	4961	shangdajia	大	da	dai
shangshengshuai	上升率	4961	shangshenglv	率	lv	shuai
shuiliji	水利系	4961	shuilixi	系	xi	ji
tiyuchangde	体育场地	4961	tiyuchangdi	地	di	de
tongjiwu	同系物	4961	tongxiwu	系	xi	ji
wanzhengji	完整系	4961	wanzhengxi	系	xi	ji
yinyue	淫乐	4961	yinle	乐	le	yue
youqianduyushi	右佥都御史	4961	youqiandouyushi	都	dou	du
zhongguozhengjiankuai	中国证监会	4961	zhongguozhengjianhui	会	hui	kuai
zhuitiwaiji	锥体外系	4961	zhuitiwaixi	系	xi	ji
fuzhao	覆着	4949	fuzhe	着	zhe	zhao
fuzhuo	覆着	4949	fuzhe	着	zhe	zhuo
huolongshi	和龙市	4949	helongshi	和	he	huo
xiangxuezhi	降血脂	4949	jiangxuezhi	降	jiang	xiang
ningsibuxiang	宁死不降	4949	ningsibujiang	降	jiang	xiang
jiachai	价差	4907	jiacha	差	cha	chai
bamowuqian	八万五千	4845	bawanwuqian	万	wan	mo
selaisite	塞莱斯特	4845	sailaisite	塞	sai	se
baichong	百重	4842	baizhong	重	zhong	chong
chaofengde	嘲讽地	4842	chaofengdi	地	di	de
zhaonanmian	朝南面	4842	chaonanmian	朝	chao	zhao
chongbingchanshen	重病缠身	4842	zhongbingchanshen	重	zhong	chong
chongyoujiudi	重游旧地	4842	zhongyoujiudi	重	zhong	chong
daikeding	大克鼎	4842	dakeding	大	da	dai
daipodaili	大破大立	4842	dapodali	大	da	dai
daipodali	大破大立	4842	dapodali	大	da	dai
dapodaili	大破大立	4842	dapodali	大	da	dai
daisantong	大三通	4842	dasantong	大	da	dai
daitubiao	大图标	4842	datubiao	大	da	dai
dedaiyushi	得大于失	4842	dedayushi	大	da	dai
deidaiyushi	得大于失	4842	dedayushi	得	de	dei
deidayushi	得大于失	4842	dedayushi	得	de	dei
tiaoyuan	调远	4842	diaoyuan	调	diao	tiao
dingji	订给	4842	dinggei	给	gei	ji
disichong	第四重	4842	disizhong	重	zhong	chong
dongjue	东角	4842	dongjiao	角	jiao	jue
duomotai	多万台	4842	duowantai	万	wan	mo
duomozhong	多万种	4842	duowanzhong	万	wan	mo
huoqixia	和栖霞	4842	heqixia	和	he	huo
xiangqi	降起	4842	jiangqi	降	jiang	xiang
xianliang	见量	4842	jianliang	见	jian	xian
jiaohuade	狡猾地	4842	jiaohuadi	地	di	de
jiaose	胶塞	4842	jiaosai	塞	sai	se
jikan	系刊	4842	xikan	系	xi	ji
kejidailou	科技大楼	4842	kejidalou	大	da	dai
kongduide	空对地	4842	kongduidi	地	di	de
lipa	犁耙	4842	liba	耙	ba	pa
moke	万棵	4842	wanke	万	wan	mo
momichangpao	万米长跑	4842	wanmichangpao	万	wan	mo
mopan	万盘	4842	wanpan	万	wan	mo
moping	万瓶	4842	wanping	万	wan	mo
moxian	万线	4842	wanxian	万	wan	mo
puhang	铺行	4842	puxing	行	xing	hang
sheweikuai	社委会	4842	sheweihui	会	hui	kuai
sigang	似钢	4842	shigang	似	shi	si
taidei	泰得	4842	taide	得	de	dei
taimu	胎模	4842	taimo	模	mo	mu
xiaoduan	削短	4842	xueduan	削	xue	xiao
xinse	信塞	4842	xinsai	塞	sai	se
zanzhude	暂住地	4842	zanzhudi	地	di	de
zhanla	斩落	4842	zhanluo	落	luo	la
zihuohuang	子和皇	4842	zihehuang	和	he	huo
chadili	刹帝利	4804	shadili	刹	sha	cha
changqugunqiu	长曲棍球	4804	zhangqugunqiu	长	zhang	chang
changwu	长屋	4804	zhangwu	长	zhang	chang
chenla	沉落	4804	chenluo	落	luo	la
chongfang	重访	4804	zhongfang	重	zhong	chong
chongkaosheng	重考生	4804	zhongkaosheng	重	zhong	chong
daigushan	大孤山	4804	dagushan	大	da	dai
daiheihe	大黑河	4804	daheihe	大	da	dai
tanru	弹入	4804	danru	弹	dan	tan
erwuying	二恶英	4804	ereying	恶	e	wu
huangmeitiao	黄梅调	4804	huangmeidiao	调	diao	tiao
jishuzhichen	技术职称	4804	jishuzhicheng	称	cheng	chen
lagu	落谷	4804	luogu	落	luo	la
liumojiuqian	六万九千	4804	liuwanjiuqian	万	wan	mo
maochen	冒称	4804	maocheng	称	cheng	chen
mochengqu	万盛区	4804	wanshengqu	万	wan	mo
moshengqu	万盛区	4804	wanshengqu	万	wan	mo
wanchengqu	万盛区	4804	wanshengqu	盛	sheng	cheng
mofudong	万佛洞	4804	wanfudong	万	wan	mo
nisehe	尼塞河	4804	nisaihe	塞	sai	se
nudei	努得	4804	nude	得	de	dei
qiguanji	企管系	4804	qiguanxi	系	xi	ji
rongtan	容弹	4804	rongdan	弹	dan	tan
sandufu	三都赋	4804	sandoufu	都	dou	du
sanhuotu	三和土	4804	sanhetu	和	he	huo
shifudailou	市府大楼	4804	shifudalou	大	da	dai
shiyizhuhang	食衣住行	4804	shiyizhuxing	行	xing	hang
weiduqu	魏都区	4804	weidouqu	都	dou	du
yenise	叶尼塞	4804	yenisai	塞	sai	se
zhaomingshangbiao	著名商标	4804	zhumingshangbiao	著	zhu	zhao
zhemingshangbiao	著名商标	4804	zhumingshangbiao	著	zhu	zhe
zhuomingshangbiao	著名商标	4804	zhumingshangbiao	著	zhu	zhuo
zhoushe	皱折	4804	zhouzhe	折	zhe	she
zhubande	主办地	4804	zhubandi	地	di	de
zhuchande	主产地	4804	zhuchandi	地	di	de
changcixiaqu	长此下去	4747	zhangcixiaqu	长	zhang	chang
changxiao	长销	4747	zhangxiao	长	zhang	chang
chongdie	重跌	4747	zhongdie	重	zhong	chong
daipaicha	大排查	4747	dapaicha	大	da	dai
tanzouyueqi	弹奏乐器	4747	danzouyueqi	弹	dan	tan
gongxiang	共降	4747	gongjiang	降	jiang	xiang
haoxie	耗血	4747	haoxue	血	xue	xie
kongdongde	空洞地	4747	kongdongdi	地	di	de
moduoke	万多颗	4747	wanduoke	万	wan	mo
xiaoshimu	消失模	4747	xiaoshimo	模	mo	mu
xiezhandu	血粘度	4747	xuezhandu	血	xue	xie
zhusuode	住所地	4747	zhusuodi	地	di	de
caiyangshuai	采样率	4734	caiyanglv	率	lv	shuai
canzhengkuai	参政会	4734	canzhenghui	会	hui	kuai
changgeshi	长葛市	4734	zhanggeshi	长	zhang	chang
zhaopin	朝聘	4734	chaopin	朝	chao	zhao
zhaoxianlaodongdangzhongyang	朝鲜劳动党中央	4734	chaoxianlaodongdangzhongyang	朝	chao	zhao
chengaosu	沈高速	4734	shengaosu	沈	shen	chen
chonghuagongye	重化工业	4734	zhonghuagongye	重	zhong	chong
chongjie	重接	4734	zhongjie	重	zhong	chong
daibajianshan	大霸尖山	4734	dabajianshan	大	da	dai
daibaozi	大孢子	4734	dabaozi	大	da	dai
daiduxi	大肚溪	4734	daduxi	大	da	dai
dailama	大喇嘛	4734	dalama	大	da	dai
daisanhexian	大三和弦	4734	dasanhexian	大	da	dai
daitisu	大提速	4734	datisu	大	da	dai
daizhonghuaqu	大中华区	4734	dazhonghuaqu	大	da	dai
decao	地槽	4734	dicao	地	di	de
duomoce	多万册	4734	duowance	万	wan	mo
fengjijunfa	奉系军阀	4734	fengxijunfa	系	xi	ji
gejisuo	各系所	4734	gexisuo	系	xi	ji
gongnengmukuai	功能模块	4734	gongnengmokuai	模	mo	mu
hangku	行库	4734	xingku	行	xing	hang
huoweiyu	和尾羽	4734	heweiyu	和	he	huo
juepinlv	角频率	4734	jiaopinlv	角	jiao	jue
jiasidao	贾似道	4734	jiashidao	似	shi	si
jizu	系族	4734	xizu	系	xi	ji
kechuanzhao	可穿著	4734	kechuanzhu	著	zhu	zhao
kechuanzhe	可穿著	4734	kechuanzhu	著	zhu	zhe
kechuanzhuo	可穿著	4734	kechuanzhu	著	zhu	zhuo
kende	垦地	4734	kendi	地	di	de
laogude	牢固地	4734	laogudi	地	di	de
liuchude	流出地	4734	liuchudi	地	di	de
mangjue	芒角	4734	mangjiao	角	jiao	jue
nuobeierjijinkuai	诺贝尔基金会	4734	nuobeierjijinhui	会	hui	kuai
semuyu	塞姆语	4734	saimuyu	塞	sai	se
shizhao	士著	4734	shizhu	著	zhu	zhao
shizhe	士著	4734	shizhu	著	zhu	zhe
shizhuo	士著	4734	shizhu	著	zhu	zhuo
simoyu	四万余	4734	siwanyu	万	wan	mo
tousheshuai	透射率	4734	toushelv	率	lv	shuai
waijiaoji	外交系	4734	waijiaoxi	系	xi	ji
wumashuai	误码率	4734	wumalv	率	lv	shuai
xiangfutiao	祥符调	4734	xiangfudiao	调	diao	tiao
yizhuan	驿传	4734	yichuan	传	chuan	zhuan
yidailiwangguo	意大利王国	4734	yidaliwangguo	大	da	dai
zhaoshuaijiao	赵率教	4734	zhaolvjiao	率	lv	shuai
zhidianji	质点系	4734	zhidianxi	系	xi	ji
zhongxinjue	中心角	4734	zhongxinjiao	角	jiao	jue
ziwujuan	子午圈	4734	ziwuquan	圈	quan	juan
changwuxian	长武县	4652	zhangwuxian	长	zhang	chang
chonghongzhaji	重轰炸机	4652	zhonghongzhaji	重	zhong	chong
daibipin	大比拼	4652	dabipin	大	da	dai
daitukushui	大吐苦水	4652	datukushui	大	da	dai
daizhongxiaoqiye	大中小企业	4652	dazhongxiaoqiye	大	da	dai
diliyasite	的里雅斯特	4652	deliyasite	的	de	di
dewozi	地窝子	4652	diwozi	地	di	de
tiaozeng	调增	4652	diaozeng	调	diao	tiao
tiduan	堤段	4652	diduan	堤	di	ti
guanqiao	管壳	4652	guanke	壳	ke	qiao
jibo	羁泊	4652	jipo	泊	po	bo
juanlao	圈牢	4652	quanlao	圈	quan	juan
koushuai	扣率	4652	koulv	率	lv	shuai
kuankuandi	宽宽的	4652	kuankuande	的	de	di
lachui	落锤	4652	luochui	落	luo	la
moduoli	万多例	4652	wanduoli	万	wan	mo
moyuci	万余次	4652	wanyuci	万	wan	mo
nongjiukuai	农救会	4652	nongjiuhui	会	hui	kuai
qianjunzhichong	千钧之重	4652	qianjunzhizhong	重	zhong	chong
qianlizhiti	千里之堤	4652	qianlizhidi	堤	di	ti
qianrude	迁入地	4652	qianrudi	地	di	de
qiantiaomotiao	千条万条	4652	qiantiaowantiao	万	wan	mo
ququwanwandi	曲曲弯弯的	4652	ququwanwande	的	de	di
zhekoushuai	折扣率	4652	zhekoulv	率	lv	shuai
shenggangdaibagong	省港大罢工	4652	shenggangdabagong	大	da	dai
shishaopiantang	食少便溏	4652	shishaobiantang	便	bian	pian
shouchizhao	手持着	4652	shouchizhe	着	zhe	zhao
shouchizhuo	手持着	4652	shouchizhe	着	zhe	zhuo
wushiliumo	五十六万	4652	wushiliuwan	万	wan	mo
xiaofeishuai	消费率	4652	xiaofeilv	率	lv	shuai
xinghuoxian	兴和县	4652	xinghexian	和	he	huo
yumozhi	余万只	4652	yuwanzhi	万	wan	mo
chucuoshuai	出错率	4643	chucuolv	率	lv	shuai
wuji	恶计	4643	eji	恶	e	wu
jieanshuai	结案率	4643	jieanlv	率	lv	shuai
liangmoliang	两万两	4643	liangwanliang	万	wan	mo
xietiao	谐调	4643	xiediao	调	diao	tiao
aiaidi	矮矮的	4640	aiaide	的	de	di
caihang	采行	4640	caixing	行	xing	hang
choudei	抽得	4640	choude	得	de	dei
deikesasidaxue	得克萨斯大学	4640	dekesasidaxue	得	de	dei
tinei	堤内	4640	dinei	堤	di	ti
xiangxueya	降血压	4640	jiangxueya	降	jiang	xiang
kaohang	靠行	4640	kaoxing	行	xing	hang
meiguogonghuodang	美国共和党	4640	meiguogonghedang	和	he	huo
shumopi	数万匹	4640	shuwanpi	万	wan	mo
songlizhao	耸立着	4640	songlizhe	着	zhe	zhao
songlizhuo	耸立着	4640	songlizhe	着	zhe	zhuo
tianchangxian	天长县	4640	tianzhangxian	长	zhang	chang
yananwenyizuotankuai	延安文艺座谈会	4640	yananwenyizuotanhui	会	hui	kuai
zhaohe	著合	4640	zhuhe	著	zhu	zhao
zhehe	著合	4640	zhuhe	著	zhu	zhe
zhuohe	著合	4640	zhuhe	著	zhu	zhuo
zichanfuzhaishuai	资产负债率	4640	zichanfuzhailv	率	lv	shuai
aodei	奥得	4495	aode	得	de	dei
bojianbing	薄煎饼	4495	baojianbing	薄	bao	bo
boyueshi	博乐市	4495	boleshi	乐	le	yue
changxujing	长须鲸	4495	zhangxujing	长	zhang	chang
chenjixian	沈吉线	4495	shenjixian	沈	shen	chen
zhuandu	传毒	4495	chuandu	传	chuan	zhuan
daifengxian	大丰县	4495	dafengxian	大	da	dai
dailizhen	大沥镇	4495	dalizhen	大	da	dai
daimiu	大谬	4495	damiu	大	da	dai
daipengniao	大鹏鸟	4495	dapengniao	大	da	dai
daishipai	大石牌	4495	dashipai	大	da	dai
daitengxia	大藤峡	4495	datengxia	大	da	dai
tiaoxi	调细	4495	diaoxi	调	diao	tiao
tiaoxiang	调向	4495	diaoxiang	调	diao	tiao
duchangxian	都昌县	4495	douchangxian	都	dou	du
duomopingfangmi	多万平方米	4495	duowanpingfangmi	万	wan	mo
ehaozhuanlai	噩耗传来	4495	ehaochuanlai	传	chuan	zhuan
fayuji	法语系	4495	fayuxi	系	xi	ji
gongxiezhe	供血者	4495	gongxuezhe	血	xue	xie
kuaizhanye	会展业	4495	huizhanye	会	hui	kuai
xiangzu	降组	4495	jiangzu	降	jiang	xiang
jiuchengbushuai	久盛不衰	4495	jiushengbushuai	盛	sheng	cheng
yuepingjia	乐评家	4495	lepingjia	乐	le	yue
liantiao	联调	4495	liandiao	调	diao	tiao
moduokou	万多口	4495	wanduokou	万	wan	mo
mofumodi	万夫莫敌	4495	wanfumodi	万	wan	mo
ningduxian	宁都县	4495	ningdouxian	都	dou	du
qixiu	栖宿	4495	qisu	宿	su	xiu
quantan	全弹	4495	quandan	弹	dan	tan
sanpuyouhuo	三浦友和	4495	sanpuyouhe	和	he	huo
shalayan	沙落雁	4495	shaluoyan	落	luo	la
shijue	十角	4495	shijiao	角	jiao	jue
shiyue	室乐	4495	shile	乐	le	yue
shiliuhang	十六行	4495	shiliuxing	行	xing	hang
shisansimo	十三四万	4495	shisansiwan	万	wan	mo
shuhang	竖行	4495	shuxing	行	xing	hang
tanhuakuai	谈话会	4495	tanhuahui	会	hui	kuai
taoji	陶系	4495	taoxi	系	xi	ji
tuti	土堤	4495	tudi	堤	di	ti
xiehe	血河	4495	xuehe	血	xue	xie
yalixiang	压力降	4495	yalijiang	降	jiang	xiang
yongyoushuai	拥有率	4495	yongyoulv	率	lv	shuai
aokamoge	奥卡万戈	4487	aokawange	万	wan	mo
jiantaokuai	检讨会	4487	jiantaohui	会	hui	kuai
kaiselin	凯塞琳	4487	kaisailin	塞	sai	se
leijianji	肋间肌	4487	lejianji	肋	le	lei
pogongchan	剖宫产	4487	pougongchan	剖	pou	po
seerji	塞尔吉	4487	saierji	塞	sai	se
yanshikuai	演示会	4487	yanshihui	会	hui	kuai
ajiyuansu	锕系元素	4480	axiyuansu	系	xi	ji
boxi	蕃息	4480	fanxi	蕃	fan	bo
caozongji	操纵系	4480	caozongxi	系	xi	ji
chongxingfan	重刑犯	4480	zhongxingfan	重	zhong	chong
daimingdafang	大鸣大放	4480	damingdafang	大	da	dai
daimingdaifang	大鸣大放	4480	damingdafang	大	da	dai
damingdaifang	大鸣大放	4480	damingdafang	大	da	dai
daixiongdian	大雄殿	4480	daxiongdian	大	da	dai
daiyuhai	大玉海	4480	dayuhai	大	da	dai
tanxingmuliang	弹性模量	4480	tanxingmoliang	模	mo	mu
deijiangren	得奖人	4480	dejiangren	得	de	dei
dianyingjuan	电影圈	4480	dianyingquan	圈	quan	juan
disiji	第四系	4480	disixi	系	xi	ji
dudongou	都东瓯	4480	doudongou	都	dou	du
fengduxian	丰都县	4480	fengdouxian	都	dou	du
jiandingkuai	鉴定会	4480	jiandinghui	会	hui	kuai
jueliang	角梁	4480	jiaoliang	角	jiao	jue
jueweiyi	角位移	4480	jiaoweiyi	角	jiao	jue
jingshelishikuai	经社理事会	4480	jingshelishihui	会	hui	kuai
kuohangxing	适航性	4480	shihangxing	适	shi	kuo
yuepingxian	乐平县	4480	lepingxian	乐	le	yue
lijiachengjijinkuai	李嘉诚基金会	4480	lijiachengjijinhui	会	hui	kuai
liufangjingji	六方晶系	4480	liufangjingxi	系	xi	ji
lvechen	略称	4480	lvecheng	称	cheng	chen
masazhuse	麻萨诸塞	4480	masazhusai	塞	sai	se
moduozhong	万多种	4480	wanduozhong	万	wan	mo
moyici	万亿次	4480	wanyici	万	wan	mo
moyujuan	万余卷	4480	wanyujuan	万	wan	mo
qianyumo	千余万	4480	qianyuwan	万	wan	mo
ruanliujuan	软流圈	4480	ruanliuquan	圈	quan	juan
seweilu	塞维鲁	4480	saiweilu	塞	sai	se
sanmoerqian	三万二千	4480	sanwanerqian	万	wan	mo
tangshandaixiong	唐山大兄	4480	tangshandaxiong	大	da	dai
tianwenji	天文系	4480	tianwenxi	系	xi	ji
weiyenaaiyueyuetuan	维也纳爱乐乐团	4480	weiyenaaileyuetuan	乐	le	yue
wudailei	五大类	4480	wudalei	大	da	dai
xiaohaoshuai	消耗率	4480	xiaohaolv	率	lv	shuai
yinhang	淫行	4480	yinxing	行	xing	hang
yuejingbutiao	月经不调	4480	yuejingbudiao	调	diao	tiao
zengbi	增辟	4480	zengpi	辟	pi	bi
zhonggongbadai	中共八大	4480	zhonggongbada	大	da	dai
zhonggongshisandai	中共十三大	4480	zhonggongshisanda	大	da	dai
zhongguoaoweikuai	中国奥委会	4480	zhongguoaoweihui	会	hui	kuai
zhouqixingde	周期性地	4480	zhouqixingdi	地	di	de
abaohuo	阿宝和	4422	abaohe	和	he	huo
baichang	摆长	4422	baizhang	长	zhang	chang
bayuezhi	芭乐汁	4422	balezhi	乐	le	yue
baobaode	薄薄地	4422	baobaodi	地	di	de
baoguanhang	报关行	4422	baoguanxing	行	xing	hang
baoshuai	暴率	4422	baolv	率	lv	shuai
baoyoupianxian	抱有偏见	4422	baoyoupianjian	见	jian	xian
beishuinantiao	北水南调	4422	beishuinandiao	调	diao	tiao
benbingbi	苯并芘	4422	benbingpi	芘	pi	bi
biqiaogui	闭壳龟	4422	bikegui	壳	ke	qiao
bukexianguang	不可见光	4422	bukejianguang	见	jian	xian
chaiji	差积	4422	chaji	差	cha	chai
changbeixia	长臂虾	4422	zhangbixia	长	zhang	chang
changbixia	长臂虾	4422	zhangbixia	长	zhang	chang
zhangbeixia	长臂虾	4422	zhangbixia	臂	bi	bei
changxianzi	常见字	4422	changjianzi	见	jian	xian
changsaorumu	长嫂如母	4422	zhangsaorumu	长	zhang	chang
changzhixian	长治县	4422	zhangzhixian	长	zhang	chang
chaoxiaode	嘲笑地	4422	chaoxiaodi	地	di	de
zhaozuobian	朝左边	4422	chaozuobian	朝	chao	zhao
chenayi	沈阿姨	4422	shenayi	沈	shen	chen
chennian	称念	4422	chengnian	称	cheng	chen
chenyangju	沈阳局	4422	shenyangju	沈	shen	chen
chipa	齿耙	4422	chiba	耙	ba	pa
chongji	重计	4422	zhongji	重	zhong	chong
zhuanyinrumi	传音入密	4422	chuanyinrumi	传	chuan	zhuan
chumiaoshuai	出苗率	4422	chumiaolv	率	lv	shuai
chunshengxiachang	春生夏长	4422	chunshengxiazhang	长	zhang	chang
daibenniao	大笨鸟	4422	dabenniao	大	da	dai
daibianlian	大变脸	4422	dabianlian	大	da	dai
daigangyoutian	大港油田	4422	dagangyoutian	大	da	dai
dailiju	大丽菊	4422	daliju	大	da	dai
daitangshijia	大唐世家	4422	datangshijia	大	da	dai
daiwaxian	大洼县	4422	dawaxian	大	da	dai
dayadaisu	大雅大俗	4422	dayadasu	大	da	dai
daizhongxiaoxuesheng	大中小学生	4422	dazhongxiaoxuesheng	大	da	dai
dazihang	打字行	4422	dazixing	行	xing	hang
deirongxian	得荣县	4422	derongxian	得	de	dei
dela	地蜡	4422	dila	地	di	de
dezoudong	地走动	4422	dizoudong	地	di	de
tiaojinqu	调进去	4422	diaojinqu	调	diao	tiao
tiaosangzi	调嗓子	4422	diaosangzi	调	diao	tiao
tiaoshangqu	调上去	4422	diaoshangqu	调	diao	tiao
dinghuokuai	定货会	4422	dinghuohui	会	hui	kuai
duanxian	都安县	4422	douanxian	都	dou	du
dutiaoming	都挑明	4422	doutiaoming	都	dou	du
wuhao	恶耗	4422	ehao	恶	e	wu
wuhupushi	恶虎扑食	4422	ehupushi	恶	e	wu
eryidai	二医大	4422	eryida	大	da	dai
faji	罚给	4422	fagei	给	gei	ji
feiyesi	飞也似	4422	feiyeshi	似	shi	si
fenta	纷沓	4422	fenda	沓	da	ta
fuzhuangmute	服装模特	4422	fuzhuangmote	模	mo	mu
gangchang	岗长	4422	gangzhang	长	zhang	chang
gangcheng	刚盛	4422	gangsheng	盛	sheng	cheng
guangjueduan	广角端	4422	guangjiaoduan	角	jiao	jue
hadaixian	哈大线	4422	hadaxian	大	da	dai
hanglang	行狼	4422	xinglang	行	xing	hang
hangtiangong	行天宫	4422	xingtiangong	行	xing	hang
hangwaihua	行外话	4422	xingwaihua	行	xing	hang
hangyouhanggui	行有行规	4422	xingyouhanggui	行	xing	hang
haoduozhao	好多着	4422	haoduozhe	着	zhe	zhao
haoduozhuo	好多着	4422	haoduozhe	着	zhe	zhuo
haoxiazhuan	豪侠传	4422	haoxiachuan	传	chuan	zhuan
huotianxian	和田县	4422	hetianxian	和	he	huo
huoxiaokong	和小孔	4422	hexiaokong	和	he	huo
huoxiaoning	和小宁	4422	hexiaoning	和	he	huo
huaxiangtiao	花香调	4422	huaxiangdiao	调	diao	tiao
jianbei	肩臂	4422	jianbi	臂	bi	bei
xiangcuo	降错	4422	jiangcuo	降	jiang	xiang
jianshangkuai	鉴赏会	4422	jianshanghui	会	hui	kuai
jiazhuangde	假装地	4422	jiazhuangdi	地	di	de
jiechai	借差	4422	jiecha	差	cha	chai
jinjueyin	金角银	4422	jinjiaoyin	角	jiao	jue
jiuyunkuai	九运会	4422	jiuyunhui	会	hui	kuai
juanlong	圈拢	4422	quanlong	圈	quan	juan
kongkonglala	空空落落	4422	kongkongluoluo	落	luo	la
kongkonglaluo	空空落落	4422	kongkongluoluo	落	luo	la
kongkongluola	空空落落	4422	kongkongluoluo	落	luo	la
kuaihuode	快活地	4422	kuaihuodi	地	di	de
lanqiakuai	兰洽会	4422	lanqiahui	会	hui	kuai
laxu	落絮	4422	luoxu	落	luo	la
leibagu	肋巴骨	4422	lebagu	肋	le	lei
lianduqu	莲都区	4422	liandouqu	都	dou	du
liangmobaqianduo	两万八千多	4422	liangwanbaqianduo	万	wan	mo
liangmoduoge	两万多个	4422	liangwanduoge	万	wan	mo
liangmosanqian	两万三千	4422	liangwansanqian	万	wan	mo
lianjiqilai	连系起来	4422	lianxiqilai	系	xi	ji
liaochenzhanyijinianguan	辽沈战役纪念馆	4422	liaoshenzhanyijinianguan	沈	shen	chen
lingchang	零长	4422	lingzhang	长	zhang	chang
linghuchongdai	令狐冲大	4422	linghuchongda	大	da	dai
lingjuan	领圈	4422	lingquan	圈	quan	juan
liumoge	六万个	4422	liuwange	万	wan	mo
liyimute	礼仪模特	4422	liyimote	模	mo	mu
louxian	陋见	4422	loujian	见	jian	xian
madao	抹刀	4422	modao	抹	mo	ma
malaimaqu	抹来抹去	4422	molaimoqu	抹	mo	ma
malaimoqu	抹来抹去	4422	molaimoqu	抹	mo	ma
molaimaqu	抹来抹去	4422	molaimoqu	抹	mo	ma
mobolinqu	万柏林区	4422	wanbolinqu	万	wan	mo
mofu	万副	4422	wanfu	万	wan	mo
moyang	万样	4422	wanyang	万	wan	mo
nongchangde	农场地	4422	nongchangdi	地	di	de
nuohuonuode	诺和诺德	4422	nuohenuode	和	he	huo
nuzhao	努着	4422	nuzhe	着	zhe	zhao
nuzhuo	努着	4422	nuzhe	着	zhe	zhuo
piaoxian	瞟见	4422	piaojian	见	jian	xian
pinguanjuan	品管圈	4422	pinguanquan	圈	quan	juan
qianxunde	谦逊地	4422	qianxundi	地	di	de
qiwuyangshan	弃恶扬善	4422	qieyangshan	恶	e	wu
qingshenyichang	情深谊长	4422	qingshenyizhang	长	zhang	chang
qingzhuangjianhang	轻装简行	4422	qingzhuangjianxing	行	xing	hang
quanbushe	全部折	4422	quanbuzhe	折	zhe	she
quchai	曲差	4422	qucha	差	cha	chai
sanduxian	三都县	4422	sandouxian	都	dou	du
sanmoliangmo	三万两万	4422	sanwanliangwan	万	wan	mo
sanmoliangwan	三万两万	4422	sanwanliangwan	万	wan	mo
sanwanliangmo	三万两万	4422	sanwanliangwan	万	wan	mo
shangzhuanwanbi	上传完毕	4422	shangchuanwanbi	传	chuan	zhuan
shanxinlong	山寻龙	4422	shanxunlong	寻	xun	xin
shaoman	烧埋	4422	shaomai	埋	mai	man
shenbingtianxiang	神兵天降	4422	shenbingtianjiang	降	jiang	xiang
sheshou	折受	4422	zheshou	折	zhe	she
shewu	折物	4422	zhewu	折	zhe	she
shexiaqu	折下去	4422	zhexiaqu	折	zhe	she
shijimoge	十几万个	4422	shijiwange	万	wan	mo
shuochangyue	说唱乐	4422	shuochangle	乐	le	yue
siwushe	四五折	4422	siwuzhe	折	zhe	she
xiuniao	宿鸟	4422	suniao	宿	su	xiu
tangse	塘塞	4422	tangsai	塞	sai	se
tanlianzhao	贪恋着	4422	tanlianzhe	着	zhe	zhao
tanlianzhuo	贪恋着	4422	tanlianzhe	着	zhe	zhuo
taxin	踏寻	4422	taxun	寻	xun	xin
tishihang	提示行	4422	tishixing	行	xing	hang
tuolasuan	脱落酸	4422	tuoluosuan	落	luo	la
tuzhao	突着	4422	tuzhe	着	zhe	zhao
tuzhuo	突着	4422	tuzhe	着	zhe	zhuo
wasitan	瓦斯弹	4422	wasidan	弹	dan	tan
wenwenzhongchong	稳稳重重	4422	wenwenzhongzhong	重	zhong	chong
wujuefeng	五角枫	4422	wujiaofeng	角	jiao	jue
wuyanxianren	无颜见人	4422	wuyanjianren	见	jian	xian
xiadizhuanzhong	下底传中	4422	xiadichuanzhong	传	chuan	zhuan
xiaoduan	削断	4422	xueduan	削	xue	xiao
xiede	泻地	4422	xiedi	地	di	de
xiedei	泻得	4422	xiede	得	de	dei
xiehang	蟹行	4422	xiexing	行	xing	hang
xielinglong	血玲珑	4422	xuelinglong	血	xue	xie
xieyingwu	血鹦鹉	4422	xueyingwu	血	xue	xie
xuezhaixiehai	血债血还	4422	xuezhaixuehai	血	xue	xie
xuezhaixiehuan	血债血还	4422	xuezhaixuehai	血	xue	xie
xuezhaixuehuan	血债血还	4422	xuezhaixuehai	还	hai	huan
xinshenlingkuai	心神领会	4422	xinshenlinghui	会	hui	kuai
xiubokuai	休博会	4422	xiubohui	会	hui	kuai
xuhuo	煦和	4422	xuhe	和	he	huo
yabo	崖柏	4422	yabai	柏	bai	bo
yangzhangzhao	仰仗着	4422	yangzhangzhe	着	zhe	zhao
yangzhangzhuo	仰仗着	4422	yangzhangzhe	着	zhe	zhuo
yanhuowankuai	焰火晚会	4422	yanhuowanhui	会	hui	kuai
yibaijuan	一百圈	4422	yibaiquan	圈	quan	juan
yibaimoliang	一百万两	4422	yibaiwanliang	万	wan	mo
yiliangchong	一两重	4422	yiliangzhong	重	zhong	chong
yimaikuai	义卖会	4422	yimaihui	会	hui	kuai
yimodao	一万刀	4422	yiwandao	万	wan	mo
yimoduoliang	一万多两	4422	yiwanduoliang	万	wan	mo
yimoduozhi	一万多只	4422	yiwanduozhi	万	wan	mo
yishijiqiqianchonglang	一石激起千重浪	4422	yishijiqiqianzhonglang	重	zhong	chong
youxiushuai	优秀率	4422	youxiulv	率	lv	shuai
youzhide	幼稚地	4422	youzhidi	地	di	de
yuntiao	匀调	4422	yundiao	调	diao	tiao
yunla	殒落	4422	yunluo	落	luo	la
zaimanliao	载满了	4422	zaimanle	了	le	liao
zhangkaixie	张开血	4422	zhangkaixue	血	xue	xie
zhanni	毡呢	4422	zhanne	呢	ne	ni
zhaomingrenwu	着名人物	4422	zhemingrenwu	着	zhe	zhao
zhuomingrenwu	着名人物	4422	zhemingrenwu	着	zhe	zhuo
zhaoxinchu	找寻出	4422	zhaoxunchu	寻	xun	xin
zhenkuaishi	真会是	4422	zhenhuishi	会	hui	kuai
zhuguangwankuai	烛光晚会	4422	zhuguangwanhui	会	hui	kuai
zhuozhao	卓着	4422	zhuozhe	着	zhe	zhao
zhuozhuo	卓着	4422	zhuozhe	着	zhe	zhuo
zikuaizai	自会在	4422	zihuizai	会	hui	kuai
ziyoushuai	自有率	4422	ziyoulv	率	lv	shuai
beidaiyiyuan	北大医院	4277	beidayiyuan	大	da	dai
bijiangkuai	必将会	4277	bijianghui	会	hui	kuai
changxianjibing	常见疾病	4277	changjianjibing	见	jian	xian
chengfan	盛反	4277	shengfan	盛	sheng	cheng
chongshiguji	重施故技	4277	zhongshiguji	重	zhong	chong
chongwenqingwu	重文轻武	4277	zhongwenqingwu	重	zhong	chong
duomozhu	多万株	4277	duowanzhu	万	wan	mo
hangmolilu	行万里路	4277	xingwanlilu	行	xing	hang
hangwanlilu	行万里路	4277	xingwanlilu	行	xing	hang
xingmolilu	行万里路	4277	xingwanlilu	万	wan	mo
hangneirenshi	行内人士	4277	xingneirenshi	行	xing	hang
hehedi	赫赫的	4277	hehede	的	de	di
huonuer	和努尔	4277	henuer	和	he	huo
huitiao	回调	4277	huidiao	调	diao	tiao
jinmoming	近万名	4277	jinwanming	万	wan	mo
moduorenci	万多人次	4277	wanduorenci	万	wan	mo
moyutiao	万余条	4277	wanyutiao	万	wan	mo
shaoliangchong	少量重	4277	shaoliangzhong	重	zhong	chong
xingqingdaibian	性情大变	4277	xingqingdabian	大	da	dai
yumorenci	余万人次	4277	yuwanrenci	万	wan	mo
abudureyimu	阿不都热依木	4193	abudoureyimu	都	dou	du
bamosanqian	八万三千	4193	bawansanqian	万	wan	mo
bamoyu	八万余	4193	bawanyu	万	wan	mo
bashibamo	八十八万	4193	bashibawan	万	wan	mo
bashisanmo	八十三万	4193	bashisanwan	万	wan	mo
beibu	臂部	4193	bibu	臂	bi	bei
bianshuai	扁率	4193	bianlv	率	lv	shuai
bobing	蕃兵	4193	fanbing	蕃	fan	bo
boshuteng	蕃薯藤	4193	fanshuteng	蕃	fan	bo
chailv	差率	4193	chalv	差	cha	chai
chaishuai	差率	4193	chalv	差	cha	chai
chashuai	差率	4193	chalv	率	lv	shuai
changdun	长吨	4193	zhangdun	长	zhang	chang
zhaobao	朝报	4193	chaobao	朝	chao	zhao
chaoyangzhen	朝阳镇	4193	zhaoyangzhen	朝	zhao	chao
chongdan	重氮	4193	zhongdan	重	zhong	chong
chonghan	重旱	4193	zhonghan	重	zhong	chong
chongshi	重石	4193	zhongshi	重	zhong	chong
zhuanzan	传赞	4193	chuanzan	传	chuan	zhuan
cihuashuai	磁化率	4193	cihualv	率	lv	shuai
daifantian	大梵天	4193	dafantian	大	da	dai
daiyanhe	大堰河	4193	dayanhe	大	da	dai
daiyawanhedianzhan	大亚湾核电站	4193	dayawanhedianzhan	大	da	dai
tiaochechang	调车场	4193	diaochechang	调	diao	tiao
dichen	低沈	4193	dishen	沈	shen	chen
duosetejun	多塞特郡	4193	duosaitejun	塞	sai	se
ermoyu	二万余	4193	erwanyu	万	wan	mo
gonggushuai	巩固率	4193	gonggulv	率	lv	shuai
guibo	桧柏	4193	guibai	柏	bai	bo
haisheng	咳声	4193	kesheng	咳	ke	hai
hangwei	行尾	4193	xingwei	行	xing	hang
huanshoushuai	换手率	4193	huanshoulv	率	lv	shuai
juejiasudu	角加速度	4193	jiaojiasudu	角	jiao	jue
jiaoyutingchang	教育厅长	4193	jiaoyutingzhang	长	zhang	chang
jinkaozhao	紧靠着	4193	jinkaozhe	着	zhe	zhao
jinkaozhuo	紧靠着	4193	jinkaozhe	着	zhe	zhuo
leiji	雷系	4193	leixi	系	xi	ji
lianhekuaibei	联合会杯	4193	lianhehuibei	会	hui	kuai
luosesi	罗塞斯	4193	luosaisi	塞	sai	se
madujian	马都监	4193	madoujian	都	dou	du
mofuge	万佛阁	4193	wanfuge	万	wan	mo
musu	模塑	4193	mosu	模	mo	mu
moyuzhu	万余株	4193	wanyuzhu	万	wan	mo
mozhouqu	万州区	4193	wanzhouqu	万	wan	mo
naxiqiemo	纳希切万	4193	naxiqiewan	万	wan	mo
nianzengshuai	年增率	4193	nianzenglv	率	lv	shuai
nongyiji	农艺系	4193	nongyixi	系	xi	ji
pingjunmashuai	平均码率	4193	pingjunmalv	率	lv	shuai
pinkunshuai	贫困率	4193	pinkunlv	率	lv	shuai
quji	渠系	4193	quxi	系	xi	ji
ruyuanshuai	入园率	4193	ruyuanlv	率	lv	shuai
segelei	塞格雷	4193	saigelei	塞	sai	se
seweisi	塞维斯	4193	saiweisi	塞	sai	se
tuiweikuai	推委会	4193	tuiweihui	会	hui	kuai
tuoguande	托管地	4193	tuoguandi	地	di	de
yesete	耶塞特	4193	yesaite	塞	sai	se
zangman	葬埋	4193	zangmai	埋	mai	man
zhengbi	征辟	4193	zhengpi	辟	pi	bi
zhichenzhe	职称者	4193	zhichengzhe	称	cheng	chen
zongchang	纵长	4193	zongzhang	长	zhang	chang
zhuanzhongqiu	传中球	4172	chuanzhongqiu	传	chuan	zhuan
daijingmai	大静脉	4172	dajingmai	大	da	dai
kangsepuxiweng	康塞普西翁	4172	kangsaipuxiweng	塞	sai	se
lianweikuai	联委会	4172	lianweihui	会	hui	kuai
seerweiyagongheguo	塞尔维亚共和国	4172	saierweiyagongheguo	塞	sai	se
tiexianshuai	贴现率	4172	tiexianlv	率	lv	shuai
bamoyuan	八万元	4131	bawanyuan	万	wan	mo
baohuangkuai	保皇会	4131	baohuanghui	会	hui	kuai
pianyao	便药	4131	bianyao	便	bian	pian
bolai	泊来	4131	polai	泊	po	bo
dairang	大嚷	4131	darang	大	da	dai
daishizhen	大石镇	4131	dashizhen	大	da	dai
daiyu	大峪	4131	dayu	大	da	dai
daiyuhao	大于号	4131	dayuhao	大	da	dai
demao	地锚	4131	dimao	地	di	de
duomoliang	多万两	4131	duowanliang	万	wan	mo
duoyichong	多一重	4131	duoyizhong	重	zhong	chong
wufeng	恶风	4131	efeng	恶	e	wu
gaoerfuqiukuai	高尔夫球会	4131	gaoerfuqiuhui	会	hui	kuai
hangshu	行树	4131	xingshu	行	xing	hang
hexian	鹤见	4131	hejian	见	jian	xian
huaxiang	滑降	4131	huajiang	降	jiang	xiang
jidude	极度地	4131	jidudi	地	di	de
jiela	解落	4131	jieluo	落	luo	la
jilao	系牢	4131	xilao	系	xi	ji
jinhangpaimai	进行拍卖	4131	jinxingpaimai	行	xing	hang
juanliang	圈梁	4131	quanliang	圈	quan	juan
kanxiao	砍削	4131	kanxue	削	xue	xiao
laguo	落果	4131	luoguo	落	luo	la
shuaituzhibin	率土之滨	4131	lvtuzhibin	率	lv	shuai
maocukuai	贸促会	4131	maocuhui	会	hui	kuai
minhuoxian	民和县	4131	minhexian	和	he	huo
mobi	万笔	4131	wanbi	万	wan	mo
mujian	模件	4131	mojian	模	mo	mu
moxiao	磨削	4131	moxue	削	xue	xiao
qiandei	迁得	4131	qiande	得	de	dei
rengjiukuai	仍旧会	4131	rengjiuhui	会	hui	kuai
sepulusiren	塞浦路斯人	4131	saipulusiren	塞	sai	se
shese	折色	4131	zhese	折	zhe	she
sumu	塑模	4131	sumo	模	mo	mu
tongboxian	桐柏县	4131	tongbaixian	柏	bai	bo
xianqiao	蚬壳	4131	xianke	壳	ke	qiao
xiaogua	削刮	4131	xuegua	削	xue	xiao
xiezhi	血汁	4131	xuezhi	血	xue	xie
xiezhipin	血制品	4131	xuezhipin	血	xue	xie
yacheng	亚盛	4131	yasheng	盛	sheng	cheng
yanyingzhao	掩映着	4131	yanyingzhe	着	zhe	zhao
yanyingzhuo	掩映着	4131	yanyingzhe	着	zhe	zhuo
yingxin	英寻	4131	yingxun	寻	xun	xin
yuyue	育乐	4131	yule	乐	le	yue
yunhang	允行	4131	yunxing	行	xing	hang
zangshenzhide	葬身之地	4131	zangshenzhidi	地	di	de
zhaonao	着恼	4131	zhenao	着	zhe	zhao
zhuonao	着恼	4131	zhenao	着	zhe	zhuo
zhouzhuanshuai	周转率	4131	zhouzhuanlv	率	lv	shuai
zhubo	主薄	4131	zhubao	薄	bao	bo
zuoshangbei	左上臂	4131	zuoshangbi	臂	bi	bei
anzangde	安葬地	3861	anzangdi	地	di	de
bosongbi	泊松比	3861	posongbi	泊	po	bo
boteshuai	波特率	3861	botelv	率	lv	shuai
changjing	长径	3861	zhangjing	长	zhang	chang
chengdaiwangluo	盛大网络	3861	shengdawangluo	盛	sheng	cheng
chengdawangluo	盛大网络	3861	shengdawangluo	盛	sheng	cheng
shengdaiwangluo	盛大网络	3861	shengdawangluo	大	da	dai
chengxumukuai	程序模块	3861	chengxumokuai	模	mo	mu
chuanhangjiekou	串行接口	3861	chuanxingjiekou	行	xing	hang
chuidayue	吹打乐	3861	chuidale	乐	le	yue
xurou	畜肉	3861	churou	畜	chu	xu
cuihuachongzheng	催化重整	3861	cuihuazhongzheng	重	zhong	chong
daicifawang	大慈法王	3861	dacifawang	大	da	dai
daidukouqu	大渡口区	3861	dadukouqu	大	da	dai
daifudujiangdi	大幅度降低	3861	dafudujiangdi	大	da	dai
daimeinv	大美女	3861	dameinv	大	da	dai
daipengjin	大鹏金	3861	dapengjin	大	da	dai
daipingzhengfang	大平正芳	3861	dapingzhengfang	大	da	dai
daishibei	大石碑	3861	dashibei	大	da	dai
daiyuling	大庾岭	3861	dayuling	大	da	dai
daoyanji	导演系	3861	daoyanxi	系	xi	ji
degaoxin	地高辛	3861	digaoxin	地	di	de
dejisheng	地纪胜	3861	dijisheng	地	di	de
diaosuji	雕塑系	3861	diaosuxi	系	xi	ji
tiaoyi	调移	3861	diaoyi	调	diao	tiao
tiding	堤顶	3861	diding	堤	di	ti
tiyan	堤堰	3861	diyan	堤	di	ti
dongwuquji	动物区系	3861	dongwuquxi	系	xi	ji
fujianchachang	副检察长	3861	fujianchazhang	长	zhang	chang
futejijinkuai	福特基金会	3861	futejijinhui	会	hui	kuai
ganling	乾陵	3861	qianling	乾	qian	gan
hangzhiyounian	行之有年	3861	xingzhiyounian	行	xing	hang
hanshuishuai	含水率	3861	hanshuilv	率	lv	shuai
huobogen	和勃艮	3861	hebogen	和	he	huo
jianti	建堤	3861	jiandi	堤	di	ti
juezhuiti	角锥体	3861	jiaozhuiti	角	jiao	jue
jihuiyouhang	集会游行	3861	jihuiyouxing	行	xing	hang
juliede	剧烈地	3861	juliedi	地	di	de
kenqiede	恳切地	3861	kenqiedi	地	di	de
meiguohuaxuekuai	美国化学会	3861	meiguohuaxuehui	会	hui	kuai
moshenian	莫折念	3861	mozhenian	折	zhe	she
mushuzhuanhuan	模数转换	3861	moshuzhuanhuan	模	mo	mu
muxie	模写	3861	moxie	模	mo	mu
moxiuqu	万秀区	3861	wanxiuqu	万	wan	mo
naoquexie	脑缺血	3861	naoquexue	血	xue	xie
pofuchengming	颇负盛名	3861	pofushengming	盛	sheng	cheng
qiaojue	翘角	3861	qiaojiao	角	jiao	jue
qixian	歧见	3861	qijian	见	jian	xian
qingshangyue	清商乐	3861	qingshangle	乐	le	yue
renhuoqu	仁和区	3861	renhequ	和	he	huo
sepulusigongheguo	塞浦路斯共和国	3861	saipulusigongheguo	塞	sai	se
sesihei	塞思黑	3861	saisihei	塞	sai	se
sewasituoboer	塞瓦斯托波尔	3861	saiwasituoboer	塞	sai	se
sanshejue	散射角	3861	sanshejiao	角	jiao	jue
sasekesi	萨塞克斯	3861	sasaikesi	塞	sai	se
shisibuxiang	誓死不降	3861	shisibujiang	降	jiang	xiang
shouroushuai	瘦肉率	3861	shouroulv	率	lv	shuai
shouyunshuai	受孕率	3861	shouyunlv	率	lv	shuai
shumuzhuanhuan	数模转换	3861	shumozhuanhuan	模	mo	mu
sishiyumo	四十余万	3861	sishiyuwan	万	wan	mo
sunshishuai	损失率	3861	sunshilv	率	lv	shuai
tiyuji	体育系	3861	tiyuxi	系	xi	ji
tongboshan	桐柏山	3861	tongbaishan	柏	bai	bo
tuochen	托称	3861	tuocheng	称	cheng	chen
wangdainu	王大怒	3861	wangdanu	大	da	dai
wangluokuopeiqi	网络适配器	3861	wangluoshipeiqi	适	shi	kuo
wanshe	弯折	3861	wanzhe	折	zhe	she
wuchen	诬称	3861	wucheng	称	cheng	chen
xibaoji	细胞系	3861	xibaoxi	系	xi	ji
xinliji	心理系	3861	xinlixi	系	xi	ji
yibaimomeiyuan	一百万美元	3861	yibaiwanmeiyuan	万	wan	mo
yimohu	一万户	3861	yiwanhu	万	wan	mo
youchengershuai	由盛而衰	3861	youshengershuai	盛	sheng	cheng
youduyushi	右都御史	3861	youdouyushi	都	dou	du
yumoliang	余万两	3861	yuwanliang	万	wan	mo
yumomu	余万亩	3861	yuwanmu	万	wan	mo
zhaosidian	着丝点	3861	zhesidian	着	zhe	zhao
zhuosidian	着丝点	3861	zhesidian	着	zhe	zhuo
zhengweikuai	政委会	3861	zhengweihui	会	hui	kuai
zhengwukuai	政务会	3861	zhengwuhui	会	hui	kuai
zhongguoshuxuekuai	中国数学会	3861	zhongguoshuxuehui	会	hui	kuai
chongjixie	重机械	3831	zhongjixie	重	zhong	chong
daikuanshuai	贷款率	3831	daikuanlv	率	lv	shuai
daiwukouqu	大武口区	3831	dawukouqu	大	da	dai
duomofen	多万份	3831	duowanfen	万	wan	mo
xiangxuetang	降血糖	3831	jiangxuetang	降	jiang	xiang
mohesong	万壑松	3831	wanhesong	万	wan	mo
moyidun	万亿吨	3831	wanyidun	万	wan	mo
qingkuaide	轻快地	3831	qingkuaidi	地	di	de
wumopi	五万匹	3831	wuwanpi	万	wan	mo
zhangkaizhao	张开着	3831	zhangkaizhe	着	zhe	zhao
zhangkaizhuo	张开着	3831	zhangkaizhe	着	zhe	zhuo
nianmo	廿万	3727	nianwan	万	wan	mo
nuomande	诺曼地	3727	nuomandi	地	di	de
selinge	塞林格	3727	sailinge	塞	sai	se
baoyouchengxian	抱有成见	3686	baoyouchengjian	见	jian	xian
beichangshan	北长山	3686	beizhangshan	长	zhang	chang
pianxiebao	便携包	3686	bianxiebao	便	bian	pian
pianyi	便益	3686	bianyi	便	bian	pian
bingcunzhao	并存着	3686	bingcunzhe	着	zhe	zhao
bingcunzhuo	并存着	3686	bingcunzhe	着	zhe	zhuo
bushaojuan	不少圈	3686	bushaoquan	圈	quan	juan
caiweikuai	裁委会	3686	caiweihui	会	hui	kuai
changqingyoutian	长庆油田	3686	zhangqingyoutian	长	zhang	chang
chengqingjiedai	盛情接待	3686	shengqingjiedai	盛	sheng	cheng
chengshilvde	城市绿地	3686	chengshilvdi	地	di	de
chongyouyi	重友谊	3686	zhongyouyi	重	zhong	chong
daiduixia	大对虾	3686	daduixia	大	da	dai
daifencun	大芬村	3686	dafencun	大	da	dai
daijingjiu	大京九	3686	dajingjiu	大	da	dai
daijingtang	大经堂	3686	dajingtang	大	da	dai
daipu	大谱	3686	dapu	大	da	dai
daiqiaobugong	大巧不工	3686	daqiaobugong	大	da	dai
daiwenhe	大汶河	3686	dawenhe	大	da	dai
daizuiniao	大嘴鸟	3686	dazuiniao	大	da	dai
danzouzhao	弹奏着	3686	danzouzhe	着	zhe	zhao
danzouzhuo	弹奏着	3686	danzouzhe	着	zhe	zhuo
tanzouzhao	弹奏着	3686	danzouzhe	弹	dan	tan
tanzouzhe	弹奏着	3686	danzouzhe	弹	dan	tan
tanzouzhuo	弹奏着	3686	danzouzhe	弹	dan	tan
dihuahai	的花海	3686	dehuahai	的	de	di
detangtui	地堂腿	3686	ditangtui	地	di	de
dizhuan	递传	3686	dichuan	传	chuan	zhuan
diershe	第二折	3686	dierzhe	折	zhe	she
fengrenpianjiang	逢人便讲	3686	fengrenbianjiang	便	bian	pian
fuhaochai	符号差	3686	fuhaocha	差	cha	chai
gongzhankuai	工展会	3686	gongzhanhui	会	hui	kuai
guajue	挂角	3686	guajiao	角	jiao	jue
hangchi	行痴	3686	xingchi	行	xing	hang
hechengji	合成系	3686	hechengxi	系	xi	ji
jinlinzhao	紧邻着	3686	jinlinzhe	着	zhe	zhao
jinlinzhuo	紧邻着	3686	jinlinzhe	着	zhe	zhuo
jiuzhaogudu	九朝古都	3686	jiuchaogudu	朝	chao	zhao
jixie	积血	3686	jixue	血	xue	xie
kenkuai	肯会	3686	kenhui	会	hui	kuai
laxiang	落乡	3686	luoxiang	落	luo	la
yuechangshi	乐昌市	3686	lechangshi	乐	le	yue
yuejing	乐境	3686	lejing	乐	le	yue
yuezhixian	乐至县	3686	lezhixian	乐	le	yue
liangmojin	两万斤	3686	liangwanjin	万	wan	mo
lichagongyuan	黎刹公园	3686	lishagongyuan	刹	sha	cha
maca	抹擦	3686	moca	抹	mo	ma
mahuogou	马和狗	3686	mahegou	和	he	huo
mochu	万处	3686	wanchu	万	wan	mo
moduoce	万多册	3686	wanduoce	万	wan	mo
moduoliang	万多辆	3686	wanduoliang	万	wan	mo
mozhan	万盏	3686	wanzhan	万	wan	mo
mupa	木耙	3686	muba	耙	ba	pa
mubande	木板地	3686	mubandi	地	di	de
pocheng	剖成	3686	poucheng	剖	pou	po
qianduomodun	千多万吨	3686	qianduowandun	万	wan	mo
qingshuaide	轻率地	3686	qingshuaidi	地	di	de
quanwu	全恶	3686	quane	恶	e	wu
sanmoli	三万里	3686	sanwanli	万	wan	mo
shangmojian	上万件	3686	shangwanjian	万	wan	mo
shaodaizhen	邵大箴	3686	shaodazhen	大	da	dai
zheguangshuai	折光率	3686	zheguanglv	率	lv	shuai
shewen	折纹	3686	zhewen	折	zhe	she
shidailei	十大类	3686	shidalei	大	da	dai
simobaqiansui	四万八千岁	3686	siwanbaqiansui	万	wan	mo
suohang	缩行	3686	suoxing	行	xing	hang
suone	锁呐	3686	suona	呐	na	ne
tantude	滩涂地	3686	tantudi	地	di	de
xiaoguang	削光	3686	xueguang	削	xue	xiao
xingui	寻轨	3686	xungui	寻	xun	xin
xinqiuzhishi	寻求知识	3686	xunqiuzhishi	寻	xun	xin
yanduqu	盐都区	3686	yandouqu	都	dou	du
yizhuan	译传	3686	yichuan	传	chuan	zhuan
yijue	壹角	3686	yijiao	角	jiao	jue
yimofa	一万发	3686	yiwanfa	万	wan	mo
yizhao	遗着	3686	yizhe	着	zhe	zhao
yizhuo	遗着	3686	yizhe	着	zhe	zhuo
zhichenpingding	职称评定	3686	zhichengpingding	称	cheng	chen
beiban	臂板	3468	biban	臂	bi	bei
buluhan	卜鲁罕	3468	boluhan	卜	bo	bu
bosongkuohao	泊松括号	3468	posongkuohao	泊	po	bo
buerseweike	布尔塞维克	3468	buersaiweike	塞	sai	se
buzhiqingde	不知情地	3468	buzhiqingdi	地	di	de
canyushuai	参与率	3468	canyulv	率	lv	shuai
caohang	草行	3468	caoxing	行	xing	hang
caoshuaide	草率地	3468	caoshuaidi	地	di	de
cejueyi	测角仪	3468	cejiaoyi	角	jiao	jue
chaixiangyigou	差向异构	3468	chaxiangyigou	差	cha	chai
changdaoxian	长岛县	3468	zhangdaoxian	长	zhang	chang
zhaodongbei	朝东北	3468	chaodongbei	朝	chao	zhao
zhaofenglang	朝奉郎	3468	chaofenglang	朝	chao	zhao
zhaoxianwaiwusheng	朝鲜外务省	3468	chaoxianwaiwusheng	朝	chao	zhao
zhaoxinan	朝西南	3468	chaoxinan	朝	chao	zhao
chenyangshizhengfu	沈阳市政府	3468	shenyangshizhengfu	沈	shen	chen
chongxishou	重吸收	3468	zhongxishou	重	zhong	chong
chuoxueshuai	辍学率	3468	chuoxuelv	率	lv	shuai
xuqun	畜群	3468	chuqun	畜	chu	xu
daibao	大鸨	3468	dabao	大	da	dai
daigao	大诰	3468	dagao	大	da	dai
daijinguo	大金国	3468	dajinguo	大	da	dai
daikailvdeng	大开绿灯	3468	dakailvdeng	大	da	dai
daileng	大冷	3468	daleng	大	da	dai
daisinong	大司农	3468	dasinong	大	da	dai
daiyongshi	大庸市	3468	dayongshi	大	da	dai
daizeshan	大泽山	3468	dazeshan	大	da	dai
daizhuangyuan	大庄园	3468	dazhuangyuan	大	da	dai
tanku	弹库	3468	danku	弹	dan	tan
danxiejingji	单斜晶系	3468	danxiejingxi	系	xi	ji
detingji	地厅级	3468	ditingji	地	di	de
dizengshuai	递增率	3468	dizenglv	率	lv	shuai
duomojian	多万件	3468	duowanjian	万	wan	mo
ershiyimo	二十一万	3468	ershiyiwan	万	wan	mo
feiyongshuai	费用率	3468	feiyonglv	率	lv	shuai
guanghangcha	光行差	3468	guangxingcha	行	xing	hang
guanghangchai	光行差	3468	guangxingcha	行	xing	hang
guangxingchai	光行差	3468	guangxingcha	差	cha	chai
gudingmashuai	固定码率	3468	gudingmalv	率	lv	shuai
habibu	哈比卜	3468	habibo	卜	bo	bu
heenjue	合恩角	3468	heenjiao	角	jiao	jue
huojijufang	和剂局方	3468	hejijufang	和	he	huo
huseer	胡塞尔	3468	husaier	塞	sai	se
jiangxikuai	讲习会	3468	jiangxihui	会	hui	kuai
jianmuyuyan	建模语言	3468	jianmoyuyan	模	mo	mu
jianyuchang	监狱长	3468	jianyuzhang	长	zhang	chang
juedanbai	角蛋白	3468	jiaodanbai	角	jiao	jue
jibenji	基本系	3468	jibenxi	系	xi	ji
jiguan	系馆	3468	xiguan	系	xi	ji
jingjuan	颈圈	3468	jingquan	圈	quan	juan
jiushiwumo	九十五万	3468	jiushiwuwan	万	wan	mo
kangyuexian	康乐县	3468	kanglexian	乐	le	yue
lazang	落葬	3468	luozang	落	luo	la
leiruangu	肋软骨	3468	leruangu	肋	le	lei
yuepingshi	乐平市	3468	lepingshi	乐	le	yue
lietiao	列调	3468	liediao	调	diao	tiao
linguankuai	临管会	3468	linguanhui	会	hui	kuai
liumoliang	六万两	3468	liuwanliang	万	wan	mo
liumoyu	六万余	3468	liuwanyu	万	wan	mo
maoyiji	贸易系	3468	maoyixi	系	xi	ji
moningxian	万宁县	3468	wanningxian	万	wan	mo
moyupingfanggongli	万余平方公里	3468	wanyupingfanggongli	万	wan	mo
muzao	模造	3468	mozao	模	mo	mu
muzhu	模铸	3468	mozhu	模	mo	mu
niboergongchandang	尼泊尔共产党	3468	nipoergongchandang	泊	po	bo
puyuesi	普乐寺	3468	pulesi	乐	le	yue
qianyishuai	迁移率	3468	qianyilv	率	lv	shuai
qimoyu	七万余	3468	qiwanyu	万	wan	mo
qingchushuai	清除率	3468	qingchulv	率	lv	shuai
qingxiede	倾斜地	3468	qingxiedi	地	di	de
semeier	塞梅尔	3468	saimeier	塞	sai	se
senasheng	塞纳省	3468	sainasheng	塞	sai	se
santanqiang	散弹枪	3468	sandanqiang	弹	dan	tan
sanmoming	三万名	3468	sanwanming	万	wan	mo
shangwangshuai	伤亡率	3468	shangwanglv	率	lv	shuai
shetan	射弹	3468	shedan	弹	dan	tan
sheji	射给	3468	shegei	给	gei	ji
shejian	折箭	3468	zhejian	折	zhe	she
shengmingdaizhen	声名大振	3468	shengmingdazhen	大	da	dai
shierjue	十二角	3468	shierjiao	角	jiao	jue
shimochen	石万嗔	3468	shiwanchen	万	wan	mo
shixintan	实心弹	3468	shixindan	弹	dan	tan
shouyiji	兽医系	3468	shouyixi	系	xi	ji
songliangzhao	宋两朝	3468	songliangchao	朝	chao	zhao
xiucao	宿草	3468	sucao	宿	su	xiu
suoxianzhe	所见者	3468	suojianzhe	见	jian	xian
xiusongxian	宿松县	3468	susongxian	宿	su	xiu
tulaode	徒劳地	3468	tulaodi	地	di	de
wangruzhao	王入朝	3468	wangruchao	朝	chao	zhao
weiseer	维塞尔	3468	weisaier	塞	sai	se
wumoerqian	五万二千	3468	wuwanerqian	万	wan	mo
wumoming	五万名	3468	wuwanming	万	wan	mo
xietan	械弹	3468	xiedan	弹	dan	tan
xiexian	邪见	3468	xiejian	见	jian	xian
xiesu	血素	3468	xuesu	血	xue	xie
xinanjunzhengweiyuankuai	西南军政委员会	3468	xinanjunzhengweiyuanhui	会	hui	kuai
xuanbeiliang	悬臂梁	3468	xuanbiliang	臂	bi	bei
yatelandaiaoyunhui	亚特兰大奥运会	3468	yatelandaaoyunhui	大	da	dai
yibulaxin	伊卜拉欣	3468	yibolaxin	卜	bo	bu
yimoduonian	一万多年	3468	yiwanduonian	万	wan	mo
yinhande	隐含地	3468	yinhandi	地	di	de
yinjiankuai	银监会	3468	yinjianhui	会	hui	kuai
yishisanmo	一十三万	3468	yishisanwan	万	wan	mo
yiweikuai	艺委会	3468	yiweihui	会	hui	kuai
yuanxinjue	圆心角	3468	yuanxinjiao	角	jiao	jue
zaochuanji	造船系	3468	zaochuanxi	系	xi	ji
zhanbase	占巴塞	3468	zhanbasai	塞	sai	se
zhenzongzhao	真宗朝	3468	zhenzongchao	朝	chao	zhao
zhongchangkuai	中常会	3468	zhongchanghui	会	hui	kuai
zhonggongerdai	中共二大	3468	zhonggongerda	大	da	dai
zhonggongshiwudai	中共十五大	3468	zhonggongshiwuda	大	da	dai
zhonggongyidai	中共一大	3468	zhonggongyida	大	da	dai
zhongguojianzhuxuekuai	中国建筑学会	3468	zhongguojianzhuxuehui	会	hui	kuai
zhouji	轴系	3468	zhouxi	系	xi	ji
zhuluoji	侏罗系	3468	zhuluoxi	系	xi	ji
patian	耙田	3239	batian	耙	ba	pa
beichen	倍称	3239	beicheng	称	cheng	chen
zhaobeimian	朝北面	3239	chaobeimian	朝	chao	zhao
zhaodongbian	朝东边	3239	chaodongbian	朝	chao	zhao
zhuanhua	传化	3239	chuanhua	传	chuan	zhuan
zhuanshen	传审	3239	chuanshen	传	chuan	zhuan
cidaoxianhong	刺刀见红	3239	cidaojianhong	见	jian	xian
daihanhangkonggongsi	大韩航空公司	3239	dahanhangkonggongsi	大	da	dai
daijianshan	大剑山	3239	dajianshan	大	da	dai
defantu	地翻土	3239	difantu	地	di	de
dubeidao	独臂刀	3239	dubidao	臂	bi	bei
duomomeiyuan	多万美元	3239	duowanmeiyuan	万	wan	mo
wuxing	恶形	3239	exing	恶	e	wu
fengchuicaodixianniuyang	风吹草低见牛羊	3239	fengchuicaodijianniuyang	见	jian	xian
fujiukuai	妇救会	3239	fujiuhui	会	hui	kuai
gunde	滚地	3239	gundi	地	di	de
hejiahuanyue	合家欢乐	3239	hejiahuanle	乐	le	yue
huoweijianpi	和胃健脾	3239	heweijianpi	和	he	huo
honghonglvlvdi	红红绿绿的	3239	honghonglvlvde	的	de	di
huabeidaipingyuan	华北大平原	3239	huabeidapingyuan	大	da	dai
kuaiyang	会阳	3239	huiyang	会	hui	kuai
huqihula	忽起忽落	3239	huqihuluo	落	luo	la
jizhankuai	技展会	3239	jizhanhui	会	hui	kuai
kaima	揩抹	3239	kaimo	抹	mo	ma
kuoshengqu	适生区	3239	shishengqu	适	shi	kuo
yuelingxian	乐陵县	3239	lelingxian	乐	le	yue
liangmoduokuai	两万多块	3239	liangwanduokuai	万	wan	mo
liumoyuan	六万元	3239	liuwanyuan	万	wan	mo
mizhao	眯着	3239	mizhe	着	zhe	zhao
mizhuo	眯着	3239	mizhe	着	zhe	zhuo
moyuli	万余例	3239	wanyuli	万	wan	mo
moyupi	万余匹	3239	wanyupi	万	wan	mo
nongjiji	农机系	3239	nongjixi	系	xi	ji
nujiangdaixiagu	怒江大峡谷	3239	nujiangdaxiagu	大	da	dai
pingkaozhao	凭靠着	3239	pingkaozhe	着	zhe	zhao
pingkaozhuo	凭靠着	3239	pingkaozhe	着	zhe	zhuo
seerni	塞尔尼	3239	saierni	塞	sai	se
sanmoduoyuan	三万多元	3239	sanwanduoyuan	万	wan	mo
shishidi	湿湿的	3239	shishide	的	de	di
tanxinchu	探寻出	3239	tanxunchu	寻	xun	xin
xingou	寻购	3239	xungou	寻	xun	xin
xinyoutan	寻幽探	3239	xunyoutan	寻	xun	xin
xuhuorong	须和戎	3239	xuherong	和	he	huo
yiliangmoyuan	一两万元	3239	yiliangwanyuan	万	wan	mo
yimoduoyuan	一万多元	3239	yiwanduoyuan	万	wan	mo
zhegaizhao	遮盖着	3239	zhegaizhe	着	zhe	zhao
zhegaizhuo	遮盖着	3239	zhegaizhe	着	zhe	zhuo
zhixiaoshuai	知晓率	3239	zhixiaolv	率	lv	shuai
zhizhidi	直直的	3239	zhizhide	的	de	di
zhongguofupinjijinkuai	中国扶贫基金会	3239	zhongguofupinjijinhui	会	hui	kuai
aolide	奥利地	3135	aolidi	地	di	de
bati	坝堤	3135	badi	堤	di	ti
baiseshi	白塞氏	3135	baisaishi	塞	sai	se
daocishuai	导磁率	3135	daocilv	率	lv	shuai
delaise	德莱塞	3135	delaisai	塞	sai	se
huihang	秽行	3135	huixing	行	xing	hang
jibuli	吉卜利	3135	jiboli	卜	bo	bu
jidanqiao	鸡蛋壳	3135	jidanke	壳	ke	qiao
kuoxiao	适销	3135	shixiao	适	shi	kuo
liushiermo	六十二万	3135	liushierwan	万	wan	mo
liushijiumo	六十九万	3135	liushijiuwan	万	wan	mo
luoseer	罗塞尔	3135	luosaier	塞	sai	se
mohuqianjia	万户千家	3135	wanhuqianjia	万	wan	mo
seerta	塞尔塔	3135	saierta	塞	sai	se
shengsebasidian	圣塞巴斯蒂安	3135	shengsaibasidian	塞	sai	se
wubenmoli	无本万利	3135	wubenwanli	万	wan	mo
zhenhaiji	镇咳剂	3135	zhenkeji	咳	ke	hai
zhuji	株系	3135	zhuxi	系	xi	ji
amakuai	阿玛会	3094	amahui	会	hui	kuai
ansexian	安塞县	3094	ansaixian	塞	sai	se
baizhao	百着	3094	baizhe	着	zhe	zhao
baizhuo	百着	3094	baizhe	着	zhe	zhuo
pali	耙犁	3094	bali	耙	ba	pa
bamokuai	八万块	3094	bawankuai	万	wan	mo
bandianshe	半点折	3094	bandianzhe	折	zhe	she
bangchen	磅称	3094	bangcheng	称	cheng	chen
banwukuai	班务会	3094	banwuhui	会	hui	kuai
bocheng	薄惩	3094	baocheng	薄	bao	bo
baojijuan	保级圈	3094	baojiquan	圈	quan	juan
boren	薄刃	3094	baoren	薄	bao	bo
patu	耙土	3094	batu	耙	ba	pa
beidaigang	北大港	3094	beidagang	大	da	dai
beihang	辈行	3094	beixing	行	xing	hang
bianbi	便辟	3094	bianpi	辟	pi	bi
pianbi	便辟	3094	bianpi	便	bian	pian
pianpi	便辟	3094	bianpi	便	bian	pian
biwu	避恶	3094	bie	恶	e	wu
bingshen	冰参	3094	bingcan	参	can	shen
bosedong	波塞东	3094	bosaidong	塞	sai	se
bujigeshuai	不及格率	3094	bujigelv	率	lv	shuai
bularenhou	不落人后	3094	buluorenhou	落	luo	la
busejin	布塞进	3094	busaijin	塞	sai	se
cengduqu	曾都区	3094	cengdouqu	都	dou	du
chaihao	差号	3094	chahao	差	cha	chai
chaiyin	差音	3094	chayin	差	cha	chai
chande	禅地	3094	chandi	地	di	de
changcizu	长词组	3094	zhangcizu	长	zhang	chang
changdiao	长钓	3094	zhangdiao	长	zhang	chang
changhao	长嚎	3094	zhanghao	长	zhang	chang
changji	长畸	3094	zhangji	长	zhang	chang
changjinggui	长颈龟	3094	zhangjinggui	长	zhang	chang
changweihou	长尾猴	3094	zhangweihou	长	zhang	chang
changzhen	长枕	3094	zhangzhen	长	zhang	chang
chendiandian	沈甸甸	3094	shendiandian	沈	shen	chen
chendiandiande	沉甸甸地	3094	chendiandiandi	地	di	de
chenduoxian	称多县	3094	chengduoxian	称	cheng	chen
chenlun	沈沦	3094	shenlun	沈	shen	chen
chenyangdui	沈阳队	3094	shenyangdui	沈	shen	chen
chenyangjichuang	沈阳机床	3094	shenyangjichuang	沈	shen	chen
chonggui	重轨	3094	zhonggui	重	zhong	chong
chongqiao	重敲	3094	zhongqiao	重	zhong	chong
chongzhengqigu	重整齐鼓	3094	zhongzhengqigu	重	zhong	chong
chongzi	重资	3094	zhongzi	重	zhong	chong
zhuanyibo	传衣钵	3094	chuanyibo	传	chuan	zhuan
chuishibanchang	炊事班长	3094	chuishibanzhang	长	zhang	chang
chujingshuai	出警率	3094	chujinglv	率	lv	shuai
daiboer	大博尔	3094	daboer	大	da	dai
daichangxian	大厂县	3094	dachangxian	大	da	dai
daichi	大齿	3094	dachi	大	da	dai
daidianzi	大甸子	3094	dadianzi	大	da	dai
daiheyikou	大喝一口	3094	daheyikou	大	da	dai
daijianshi	大剑师	3094	dajianshi	大	da	dai
daijinxin	大锦心	3094	dajinxin	大	da	dai
daijuyi	大聚义	3094	dajuyi	大	da	dai
dailiangzhen	大良镇	3094	daliangzhen	大	da	dai
dailianqin	大联勤	3094	dalianqin	大	da	dai
daimeifu	大妹夫	3094	dameifu	大	da	dai
dainangou	大南沟	3094	danangou	大	da	dai
daipingli	大坪里	3094	dapingli	大	da	dai
dairuan	大阮	3094	daruan	大	da	dai
daishangnaojin	大伤脑筋	3094	dashangnaojin	大	da	dai
daishangsuo	大商所	3094	dashangsuo	大	da	dai
daishanmao	大山猫	3094	dashanmao	大	da	dai
daisonglin	大松林	3094	dasonglin	大	da	dai
daiwuli	大屋里	3094	dawuli	大	da	dai
daiyanguo	大燕国	3094	dayanguo	大	da	dai
daiyanmao	大沿帽	3094	dayanmao	大	da	dai
daiyanzei	大眼贼	3094	dayanzei	大	da	dai
daiyanzhen	大研镇	3094	dayanzhen	大	da	dai
daiyecha	大叶茶	3094	dayecha	大	da	dai
daizhuang	大桩	3094	dazhuang	大	da	dai
dajishuai	打击率	3094	dajilv	率	lv	shuai
danlaitanqu	弹来弹去	3094	danlaidanqu	弹	dan	tan
tanlaidanqu	弹来弹去	3094	danlaidanqu	弹	dan	tan
tanlaitanqu	弹来弹去	3094	danlaidanqu	弹	dan	tan
tanlini	弹力呢	3094	tanline	呢	ne	ni
tanzouchu	弹奏出	3094	danzouchu	弹	dan	tan
daoweishuai	到位率	3094	daoweilv	率	lv	shuai
taza	沓杂	3094	daza	沓	da	ta
deidaoxiangshou	得到享受	3094	dedaoxiangshou	得	de	dei
deifenduo	得分多	3094	defenduo	得	de	dei
dejieshe	地接社	3094	dijieshe	地	di	de
dekanyuan	地堪院	3094	dikanyuan	地	di	de
delieshanbeng	地裂山崩	3094	dilieshanbeng	地	di	de
demaideng	地埋灯	3094	dimaideng	地	di	de
demandeng	地埋灯	3094	dimaideng	地	di	de
dimandeng	地埋灯	3094	dimaideng	埋	mai	man
detiaogang	地条钢	3094	ditiaogang	地	di	de
dianguazhao	惦挂着	3094	dianguazhe	着	zhe	zhao
dianguazhuo	惦挂着	3094	dianguazhe	着	zhe	zhuo
tiaoce	调测	3094	diaoce	调	diao	tiao
diaoduchang	调度长	3094	diaoduzhang	长	zhang	chang
tiaotuo	调妥	3094	diaotuo	调	diao	tiao
tiaoweizi	调位子	3094	diaoweizi	调	diao	tiao
tiaoxiao	调销	3094	diaoxiao	调	diao	tiao
disanshe	第三折	3094	disanzhe	折	zhe	she
diyima	第一抹	3094	diyimo	抹	mo	ma
dumener	都门儿	3094	doumener	都	dou	du
dutan	毒弹	3094	dudan	弹	dan	tan
duocangzhao	躲藏着	3094	duocangzhe	着	zhe	zhao
duocangzhuo	躲藏着	3094	duocangzhe	着	zhe	zhuo
duofade	多发地	3094	duofadi	地	di	de
duomoshou	多万首	3094	duowanshou	万	wan	mo
duomotiao	多万条	3094	duowantiao	万	wan	mo
wuhan	恶汉	3094	ehan	恶	e	wu
wuke	恶客	3094	eke	恶	e	wu
wulangchuanshuo	恶狼传说	3094	elangchuanshuo	恶	e	wu
ngbangmang	嗯帮忙	3094	nbangmang	嗯	n	ng
ermoge	二万个	3094	erwange	万	wan	mo
ermokuai	二万块	3094	erwankuai	万	wan	mo
fangcunde	方寸地	3094	fangcundi	地	di	de
fenbianshuai	分辩率	3094	fenbianlv	率	lv	shuai
fudei	附得	3094	fude	得	de	dei
fuhuashuai	孵化率	3094	fuhualv	率	lv	shuai
fuhuxiang	伏虎降	3094	fuhujiang	降	jiang	xiang
gantan	敢弹	3094	gandan	弹	dan	tan
gankundai	乾坤袋	3094	qiankundai	乾	qian	gan
gengzhao	哽着	3094	gengzhe	着	zhe	zhao
gengzhuo	哽着	3094	gengzhe	着	zhe	zhuo
gexiao	各削	3094	gexue	削	xue	xiao
geyongkuai	歌咏会	3094	geyonghui	会	hui	kuai
guoer	聒耳	3094	guaer	聒	gua	guo
guimide	诡秘地	3094	guimidi	地	di	de
guoqiaoxiang	果壳箱	3094	guokexiang	壳	ke	qiao
guzhiyixian	固执已见	3094	guzhiyijian	见	jian	xian
huangendao	还跟到	3094	haigendao	还	hai	huan
huangenzai	还跟在	3094	haigenzai	还	hai	huan
hanzhao	焊着	3094	hanzhe	着	zhe	zhao
hanzhuo	焊着	3094	hanzhe	着	zhe	zhuo
haojihang	好几行	3094	haojixing	行	xing	hang
haosunshuai	耗损率	3094	haosunlv	率	lv	shuai
haqiakuai	哈洽会	3094	haqiahui	会	hui	kuai
hayidai	哈医大	3094	hayida	大	da	dai
huohaojun	和蒿俊	3094	hehaojun	和	he	huo
huotana	和塔娜	3094	hetana	和	he	huo
huotuer	和徒儿	3094	hetuer	和	he	huo
huoxiaojian	和小建	3094	hexiaojian	和	he	huo
huoyutan	和玉檀	3094	heyutan	和	he	huo
huaiwu	坏恶	3094	huaie	恶	e	wu
huanxiangde	幻想地	3094	huanxiangdi	地	di	de
kuaigao	会稿	3094	huigao	会	hui	kuai
huishuokuaixie	会说会写	3094	huishuohuixie	会	hui	kuai
kuaishuohuixie	会说会写	3094	huishuohuixie	会	hui	kuai
kuaishuokuaixie	会说会写	3094	huishuohuixie	会	hui	kuai
huliji	护理系	3094	hulixi	系	xi	ji
huojiangshuai	获奖率	3094	huojianglv	率	lv	shuai
huopode	活泼地	3094	huopodi	地	di	de
huoxingse	火星塞	3094	huoxingsai	塞	sai	se
jiawuchou	假恶丑	3094	jiaechou	恶	e	wu
jiayueshui	佳乐水	3094	jialeshui	乐	le	yue
jianfeiyue	减肥乐	3094	jianfeile	乐	le	yue
xianfengshiduo	见风驶舵	3094	jianfengshiduo	见	jian	xian
jiangxianghuo	将相和	3094	jiangxianghe	和	he	huo
xianzhibuqu	见之不取	3094	jianzhibuqu	见	jian	xian
jiaoliutikuai	交流体会	3094	jiaoliutihui	会	hui	kuai
juemeizhen	角美镇	3094	jiaomeizhen	角	jiao	jue
juetao	角套	3094	jiaotao	角	jiao	jue
jiaoweikuai	教委会	3094	jiaoweihui	会	hui	kuai
jiarukuai	假如会	3094	jiaruhui	会	hui	kuai
jiaseer	夹塞儿	3094	jiasaier	塞	sai	se
jiashekuai	假设会	3094	jiashehui	会	hui	kuai
jiegan	桔柑	3094	jugan	桔	ju	jie
jiewei	桔味	3094	juwei	桔	ju	jie
jieyonghuan	借用还	3094	jieyonghai	还	hai	huan
jiezijiang	桔子酱	3094	juzijiang	桔	ju	jie
jiguande	籍贯地	3094	jiguandi	地	di	de
jima	几抹	3094	jimo	抹	mo	ma
jimozhong	几万种	3094	jiwanzhong	万	wan	mo
jingchai	净差	3094	jingcha	差	cha	chai
jingjuede	警觉地	3094	jingjuedi	地	di	de
jinshujuan	金属圈	3094	jinshuquan	圈	quan	juan
jinshumu	金属模	3094	jinshumo	模	mo	mu
jiqianjimotiao	几千几万条	3094	jiqianjiwantiao	万	wan	mo
jisiliao	急死了	3094	jisile	了	le	liao
jixunde	集训地	3094	jixundi	地	di	de
jizhao	几着	3094	jizhe	着	zhe	zhao
jizhuo	几着	3094	jizhe	着	zhe	zhuo
juanbi	圈闭	3094	quanbi	圈	quan	juan
juanxieche	捐血车	3094	juanxueche	血	xue	xie
juanxuan	圈选	3094	quanxuan	圈	quan	juan
juanyang	圈羊	3094	quanyang	圈	quan	juan
kaipo	开剖	3094	kaipou	剖	pou	po
kubiliao	酷弊了	3094	kubile	了	le	liao
kutiao	哭调	3094	kudiao	调	diao	tiao
kutiankude	哭天哭地	3094	kutiankudi	地	di	de
lafawang	落法网	3094	luofawang	落	luo	la
lahua	落话	3094	luohua	落	luo	la
lansande	懒散地	3094	lansandi	地	di	de
lashuang	落霜	3094	luoshuang	落	luo	la
latao	落桃	3094	luotao	落	luo	la
yueerwangxing	乐而忘形	3094	leerwangxing	乐	le	yue
yuejuanxiang	乐捐箱	3094	lejuanxiang	乐	le	yue
yueqihang	乐器行	3094	yueqixing	行	xing	hang
yuetoucai	乐透彩	3094	letoucai	乐	le	yue
yuezhijing	乐之境	3094	lezhijing	乐	le	yue
liangmoduoming	两万多名	3094	liangwanduoming	万	wan	mo
liangzhao	两着	3094	liangzhe	着	zhe	zhao
liangzhuo	两着	3094	liangzhe	着	zhe	zhuo
lihuatan	礼花弹	3094	lihuadan	弹	dan	tan
liuhuocai	六和彩	3094	liuhecai	和	he	huo
liuxinkanzhao	留心看着	3094	liuxinkanzhe	着	zhe	zhao
liuxinkanzhuo	留心看着	3094	liuxinkanzhe	着	zhe	zhuo
liuyanbo	留言薄	3094	liuyanbao	薄	bao	bo
makuni	马裤呢	3094	makune	呢	ne	ni
maodaigou	毛大狗	3094	maodagou	大	da	dai
maseke	马塞克	3094	masaike	塞	sai	se
maxiaqu	抹下去	3094	moxiaqu	抹	mo	ma
meichimochuan	没吃没穿	3094	meichimeichuan	没	mei	mo
mochimeichuan	没吃没穿	3094	meichimeichuan	没	mei	mo
mochimochuan	没吃没穿	3094	meichimeichuan	没	mei	mo
monongzang	没弄脏	3094	meinongzang	没	mei	mo
moqiao	没跷	3094	meiqiao	没	mei	mo
meiqinmogu	没亲没故	3094	meiqinmeigu	没	mei	mo
moqinmeigu	没亲没故	3094	meiqinmeigu	没	mei	mo
moqinmogu	没亲没故	3094	meiqinmeigu	没	mei	mo
morimoyue	没日没月	3094	meirimoyue	没	mei	mo
moshoujiaoyu	没受教育	3094	meishoujiaoyu	没	mei	mo
meixinmogan	没心没肝	3094	meixinmeigan	没	mei	mo
moxinmeigan	没心没肝	3094	meixinmeigan	没	mei	mo
moxinmogan	没心没肝	3094	meixinmeigan	没	mei	mo
mojiegu	万劫谷	3094	wanjiegu	万	wan	mo
moluan	万峦	3094	wanluan	万	wan	mo
momu	万目	3094	wanmu	万	wan	mo
mosikedaijuyuan	莫斯科大剧院	3094	mosikedajuyuan	大	da	dai
mosunshuai	磨损率	3094	mosunlv	率	lv	shuai
mowei	万尾	3094	wanwei	万	wan	mo
moye	万页	3094	wanye	万	wan	mo
moyige	万亿个	3094	wanyige	万	wan	mo
mozhan	万站	3094	wanzhan	万	wan	mo
mozhang	万帐	3094	wanzhang	万	wan	mo
nanticheng	男体盛	3094	nantisheng	盛	sheng	cheng
niliuerhang	逆流而行	3094	niliuerxing	行	xing	hang
peizhao	佩着	3094	peizhe	着	zhe	zhao
peizhuo	佩着	3094	peizhe	着	zhe	zhuo
pianerchang	片儿长	3094	pianerzhang	长	zhang	chang
piaola	漂落	3094	piaoluo	落	luo	la
pidei	披得	3094	pide	得	de	dei
pingbikuai	评比会	3094	pingbihui	会	hui	kuai
poshi	剖视	3094	poushi	剖	pou	po
poshitu	剖视图	3094	poushitu	剖	pou	po
qiantiao	迁调	3094	qiandiao	调	diao	tiao
qianeryixian	浅而易见	3094	qianeryijian	见	jian	xian
qianghai	呛咳	3094	qiangke	咳	ke	hai
qianzhao	歉着	3094	qianzhe	着	zhe	zhao
qianzhuo	歉着	3094	qianzhe	着	zhe	zhuo
qianzhenmozhen	千真万真	3094	qianzhenwanzhen	万	wan	mo
qibokuai	汽博会	3094	qibohui	会	hui	kuai
qiye	凄咽	3094	qiyan	咽	yan	ye
qunyingzhuan	群英传	3094	qunyingchuan	传	chuan	zhuan
raojuansai	绕圈赛	3094	raoquansai	圈	quan	juan
rejiao	热觉	3094	rejue	觉	jue	jiao
rensuogongxian	人所共见	3094	rensuogongjian	见	jian	xian
renzhichangqing	人之长情	3094	renzhizhangqing	长	zhang	chang
riyuji	日语系	3094	riyuxi	系	xi	ji
rujiaosixi	如胶似膝	3094	rujiaoshixi	似	shi	si
sebi	塞闭	3094	saibi	塞	sai	se
seencheng	塞恩城	3094	saiencheng	塞	sai	se
sanchenggong	三盛公	3094	sanshenggong	盛	sheng	cheng
sanliangchong	三两重	3094	sanliangzhong	重	zhong	chong
sanmowumo	三万五万	3094	sanwanwuwan	万	wan	mo
sanmowuwan	三万五万	3094	sanwanwuwan	万	wan	mo
sanwanwumo	三万五万	3094	sanwanwuwan	万	wan	mo
shanbu	山卜	3094	shanbo	卜	bo	bu
shangzhuanzhe	上传者	3094	shangchuanzhe	传	chuan	zhuan
shangmojin	上万斤	3094	shangwanjin	万	wan	mo
shangmoliang	上万两	3094	shangwanliang	万	wan	mo
shangmotou	上万头	3094	shangwantou	万	wan	mo
shanshande	闪闪地	3094	shanshandi	地	di	de
shaoxinmofei	少心没肺	3094	shaoxinmeifei	没	mei	mo
shecuo	折挫	3094	zhecuo	折	zhe	she
shedeng	折凳	3094	zhedeng	折	zhe	she
sheduan	折短	3094	zheduan	折	zhe	she
shejiaowankuai	社交晚会	3094	shejiaowanhui	会	hui	kuai
sherou	折肉	3094	zherou	折	zhe	she
sheshi	折实	3094	zheshi	折	zhe	she
shiduomoyuan	十多万元	3094	shiduowanyuan	万	wan	mo
shiersanmo	十二三万	3094	shiersanwan	万	wan	mo
shiliangchong	十两重	3094	shiliangzhong	重	zhong	chong
shilide	失礼地	3094	shilidi	地	di	de
shizhensijia	似真似假	3094	shizhenshijia	似	shi	si
sizhenshijia	似真似假	3094	shizhenshijia	似	shi	si
sizhensijia	似真似假	3094	shizhenshijia	似	shi	si
shoubuyue	受不乐	3094	shoubule	乐	le	yue
shouzhao	首着	3094	shouzhe	着	zhe	zhao
shouzhuo	首着	3094	shouzhe	着	zhe	zhuo
shumofen	数万份	3094	shuwanfen	万	wan	mo
siliangchong	四两重	3094	siliangzhong	重	zhong	chong
simoduoge	四万多个	3094	siwanduoge	万	wan	mo
sixiangduola	思想堕落	3094	sixiangduoluo	落	luo	la
sunxie	损血	3094	sunxue	血	xue	xie
suone	琐呐	3094	suona	呐	na	ne
suowensuoxian	所闻所见	3094	suowensuojian	见	jian	xian
taotaode	滔滔地	3094	taotaodi	地	di	de
teaokuai	特奥会	3094	teaohui	会	hui	kuai
teshuji	特殊系	3094	teshuxi	系	xi	ji
tianxiangqiyuan	天降奇缘	3094	tianjiangqiyuan	降	jiang	xiang
tidei	剔得	3094	tide	得	de	dei
tizhao	剔着	3094	tizhe	着	zhe	zhao
tizhuo	剔着	3094	tizhe	着	zhe	zhuo
touqiakuai	投洽会	3094	touqiahui	会	hui	kuai
touyunde	头晕地	3094	touyundi	地	di	de
waiwaide	歪歪地	3094	waiwaidi	地	di	de
weijianhang	未见行	3094	weijianxing	行	xing	hang
weixianhang	未见行	3094	weijianxing	见	jian	xian
weixianxing	未见行	3094	weijianxing	见	jian	xian
weikanzhao	围看着	3094	weikanzhe	着	zhe	zhao
weikanzhuo	围看着	3094	weikanzhe	着	zhe	zhuo
weimiantaimo	未免太没	3094	weimiantaimei	没	mei	mo
wuxie	污血	3094	wuxue	血	xue	xie
wuxingji	无性系	3094	wuxingxi	系	xi	ji
xiantiaoji	现调机	3094	xiandiaoji	调	diao	tiao
xianghuohencheng	香火很盛	3094	xianghuohensheng	盛	sheng	cheng
xianzhihoujiao	先知后觉	3094	xianzhihoujue	觉	jue	jiao
xiaobo	削波	3094	xuebo	削	xue	xiao
xiaochangjin	小长今	3094	xiaozhangjin	长	zhang	chang
xiaodia	笑嗲	3094	xiaodie	嗲	die	dia
xiaozhao	消着	3094	xiaozhe	着	zhe	zhao
xiaozhuo	消着	3094	xiaozhe	着	zhe	zhuo
xiebo	血脖	3094	xuebo	血	xue	xie
xiedimayou	鞋底抹油	3094	xiedimoyou	抹	mo	ma
xiehuang	血荒	3094	xuehuang	血	xue	xie
xieyin	血饮	3094	xueyin	血	xue	xie
xindachang	新大长	3094	xindazhang	长	zhang	chang
xindaichang	新大长	3094	xindazhang	大	da	dai
xindaizhang	新大长	3094	xindazhang	大	da	dai
xingla	兴落	3094	xingluo	落	luo	la
xinhuamiliu	寻花觅柳	3094	xunhuamiliu	寻	xun	xin
xishude	稀疏地	3094	xishudi	地	di	de
xishuishuai	吸水率	3094	xishuilv	率	lv	shuai
xuanchong	悬重	3094	xuanzhong	重	zhong	chong
xuanweikuai	选委会	3094	xuanweihui	会	hui	kuai
xunmengde	迅猛地	3094	xunmengdi	地	di	de
yuqi	吁气	3094	xuqi	吁	xu	yu
yangmute	洋模特	3094	yangmote	模	mo	mu
yangtangzhao	仰躺着	3094	yangtangzhe	着	zhe	zhao
yangtangzhuo	仰躺着	3094	yangtangzhe	着	zhe	zhuo
yezhu	咽住	3094	yanzhu	咽	yan	ye
yaoyaode	遥遥地	3094	yaoyaodi	地	di	de
yenisehe	叶尼塞河	3094	yenisaihe	塞	sai	se
yibaisanshiduomo	一百三十多万	3094	yibaisanshiduowan	万	wan	mo
yiermo	一二万	3094	yierwan	万	wan	mo
yigejimo	一个几万	3094	yigejiwan	万	wan	mo
yiliangmokuai	一两万块	3094	yiliangwankuai	万	wan	mo
yimo	壹万	3094	yiwan	万	wan	mo
yimoduojin	一万多斤	3094	yiwanduojin	万	wan	mo
yingmu	硬模	3094	yingmo	模	mo	mu
yipaijihuo	一拍即和	3094	yipaijihe	和	he	huo
youzhunbeide	有准备地	3094	youzhunbeidi	地	di	de
yuanyuanliuchang	渊远流长	3094	yuanyuanliuzhang	长	zhang	chang
yuerushumo	月入数万	3094	yuerushuwan	万	wan	mo
yunbaotan	云爆弹	3094	yunbaodan	弹	dan	tan
zantiao	暂调	3094	zandiao	调	diao	tiao
zhuagou	爪钩	3094	zhaogou	爪	zhao	zhua
zhebizhao	遮蔽着	3094	zhebizhe	着	zhe	zhao
zhebizhuo	遮蔽着	3094	zhebizhe	着	zhe	zhuo
zheguangjue	遮光角	3094	zheguangjiao	角	jiao	jue
zhengjiede	整洁地	3094	zhengjiedi	地	di	de
zhengkuaide	整块地	3094	zhengkuaidi	地	di	de
zhentianhande	震天撼地	3094	zhentianhandi	地	di	de
zhichai	滞差	3094	zhicha	差	cha	chai
zhichenlunwen	职称论文	3094	zhichenglunwen	称	cheng	chen
zhichenwaiyu	职称外语	3094	zhichengwaiyu	称	cheng	chen
zhitan	纸弹	3094	zhidan	弹	dan	tan
zhongjuantao	中圈套	3094	zhongquantao	圈	quan	juan
zhongshizhide	众矢之地	3094	zhongshizhidi	地	di	de
zhubaohang	珠宝行	3094	zhubaoxing	行	xing	hang
zhugeliangkuai	诸葛亮会	3094	zhugelianghui	会	hui	kuai
zidongzhuangtanji	自动装弹机	3094	zidongzhuangdanji	弹	dan	tan
zongrankuai	纵然会	3094	zongranhui	会	hui	kuai
zulanzhao	阻拦着	3094	zulanzhe	着	zhe	zhao
zulanzhuo	阻拦着	3094	zulanzhe	着	zhe	zhuo
zuzude	足足地	3094	zuzudi	地	di	de
boshuxia	柏树下	2987	baishuxia	柏	bai	bo
banxiu	伴宿	2987	bansu	宿	su	xiu
baochoushuai	报酬率	2987	baochoulv	率	lv	shuai
baofuxingde	报复性地	2987	baofuxingdi	地	di	de
binhang	濒行	2987	binxing	行	xing	hang
boyan	蕃衍	2987	fanyan	蕃	fan	bo
buxiehuo	不谐和	2987	buxiehe	和	he	huo
caoxu	草畜	2987	caochu	畜	chu	xu
caodainu	操大怒	2987	caodanu	大	da	dai
changbimu	长鼻目	2987	zhangbimu	长	zhang	chang
changshangkuai	厂商会	2987	changshanghui	会	hui	kuai
changyexian	长野县	2987	zhangyexian	长	zhang	chang
changyuanxian	长垣县	2987	zhangyuanxian	长	zhang	chang
zhaoxiandui	朝鲜队	2987	chaoxiandui	朝	chao	zhao
chengdaiyanhui	盛大宴会	2987	shengdayanhui	盛	sheng	cheng
chengdayanhui	盛大宴会	2987	shengdayanhui	盛	sheng	cheng
shengdaiyanhui	盛大宴会	2987	shengdayanhui	大	da	dai
chenxiangxishu	沉降系数	2987	chenjiangxishu	降	jiang	xiang
chenxiangsudu	沉降速度	2987	chenjiangsudu	降	jiang	xiang
chigukuai	持股会	2987	chiguhui	会	hui	kuai
chongmalv	重码率	2987	zhongmalv	重	zhong	chong
chongmashuai	重码率	2987	zhongmalv	重	zhong	chong
zhongmashuai	重码率	2987	zhongmalv	率	lv	shuai
chongyi	重议	2987	zhongyi	重	zhong	chong
chongyiqingli	重义轻利	2987	zhongyiqingli	重	zhong	chong
zhuanbianquanguo	传遍全国	2987	chuanbianquanguo	传	chuan	zhuan
zhuanguan	传观	2987	chuanguan	传	chuan	zhuan
chuantoushuai	穿透率	2987	chuantoulv	率	lv	shuai
churoushuai	出肉率	2987	churoulv	率	lv	shuai
cuodai	措大	2987	cuoda	大	da	dai
daibaotai	大葆台	2987	dabaotai	大	da	dai
daibolv	大勃律	2987	dabolv	大	da	dai
daidonghai	大东海	2987	dadonghai	大	da	dai
daisanyang	大三阳	2987	dasanyang	大	da	dai
daitangdiguo	大唐帝国	2987	datangdiguo	大	da	dai
daitieding	大铁鼎	2987	datieding	大	da	dai
daixiongxingzuo	大熊星座	2987	daxiongxingzuo	大	da	dai
daiyanli	大衍历	2987	dayanli	大	da	dai
daiyingmen	大营门	2987	dayingmen	大	da	dai
daiyiqiqu	大异其趣	2987	dayiqiqu	大	da	dai
daizhongqiye	大中企业	2987	dazhongqiye	大	da	dai
daizhu	大杼	2987	dazhu	大	da	dai
daizichanjie	大资产阶	2987	dazichanjie	大	da	dai
dejiao	地椒	2987	dijiao	地	di	de
deyuji	德语系	2987	deyuxi	系	xi	ji
diandaoshuai	电导率	2987	diandaolv	率	lv	shuai
tiaofu	调赴	2987	diaofu	调	diao	tiao
tiaoqian	调迁	2987	diaoqian	调	diao	tiao
tiaosheng	调升	2987	diaosheng	调	diao	tiao
tiaowushi	调五事	2987	diaowushi	调	diao	tiao
tiaoyu	调御	2987	diaoyu	调	diao	tiao
dimashuai	低码率	2987	dimalv	率	lv	shuai
duomotou	多万头	2987	duowantou	万	wan	mo
erbaiyumo	二百余万	2987	erbaiyuwan	万	wan	mo
erdieji	二叠系	2987	erdiexi	系	xi	ji
erqiao	耳壳	2987	erke	壳	ke	qiao
ermohu	二万户	2987	erwanhu	万	wan	mo
fandinglongshi	反町隆史	2987	fantinglongshi	町	ting	ding
fanyouzuihang	犯有罪行	2987	fanyouzuixing	行	xing	hang
faxiangzhide	发祥之地	2987	faxiangzhidi	地	di	de
fenjiao	瞓觉	2987	fenjue	觉	jue	jiao
fufashuai	复发率	2987	fufalv	率	lv	shuai
fumojuan	伏魔圈	2987	fumoquan	圈	quan	juan
geshide	各市地	2987	geshidi	地	di	de
gongchangling	弓长岭	2987	gongzhangling	长	zhang	chang
gongdaiyuguo	功大于过	2987	gongdayuguo	大	da	dai
gongyingde	供应地	2987	gongyingdi	地	di	de
hangboguan	行波管	2987	xingboguan	行	xing	hang
hanghanfa	行汉法	2987	xinghanfa	行	xing	hang
huoguancong	和灌丛	2987	heguancong	和	he	huo
huokaer	和喀尔	2987	hekaer	和	he	huo
hengpomian	横剖面	2987	hengpoumian	剖	pou	po
huotasi	和塔斯	2987	hetasi	和	he	huo
huotianshi	和田市	2987	hetianshi	和	he	huo
huoxicaihua	和玺彩画	2987	hexicaihua	和	he	huo
huoyelu	和耶鲁	2987	heyelu	和	he	huo
huoyelv	和耶律	2987	heyelv	和	he	huo
huajide	滑稽地	2987	huajidi	地	di	de
huangmucunchong	荒木村重	2987	huangmucunzhong	重	zhong	chong
huichai	汇差	2987	huicha	差	cha	chai
kuaijiwang	会稽王	2987	huijiwang	会	hui	kuai
jiashuai	价率	2987	jialv	率	lv	shuai
xiangguan	降官	2987	jiangguan	降	jiang	xiang
jiangyankuai	讲演会	2987	jiangyanhui	会	hui	kuai
jianqiemuliang	剪切模量	2987	jianqiemoliang	模	mo	mu
juefangdalv	角放大率	2987	jiaofangdalv	角	jiao	jue
jueshanshi	角闪石	2987	jiaoshanshi	角	jiao	jue
jiaoshimingyan	觉世名言	2987	jueshimingyan	觉	jue	jiao
jueyan	角岩	2987	jiaoyan	角	jiao	jue
jidailun	纪大论	2987	jidalun	大	da	dai
jinchidai	金翅大	2987	jinchida	大	da	dai
jingjue	净角	2987	jingjiao	角	jiao	jue
jingweikuai	经委会	2987	jingweihui	会	hui	kuai
kangningxiemei	抗凝血酶	2987	kangningxuemei	血	xue	xie
kebianmashuai	可变码率	2987	kebianmalv	率	lv	shuai
kunjue	坤角	2987	kunjiao	角	jiao	jue
kuoren	适任	2987	shiren	适	shi	kuo
kuoyixing	适宜性	2987	shiyixing	适	shi	kuo
linchang	邻长	2987	linzhang	长	zhang	chang
liushiyumo	六十余万	2987	liushiyuwan	万	wan	mo
lixieping	利血平	2987	lixueping	血	xue	xie
louxiu	娄宿	2987	lousu	宿	su	xiu
luntiao	轮调	2987	lundiao	调	diao	tiao
lvbokuai	绿博会	2987	lvbohui	会	hui	kuai
masaizhuse	马塞诸塞	2987	masaizhusai	塞	sai	se
masezhusai	马塞诸塞	2987	masaizhusai	塞	sai	se
masezhuse	马塞诸塞	2987	masaizhusai	塞	sai	se
meiseniya	美塞尼亚	2987	meisainiya	塞	sai	se
mengchang	盟长	2987	mengzhang	长	zhang	chang
mengsela	蒙塞拉	2987	mengsaila	塞	sai	se
miantiao	免调	2987	miandiao	调	diao	tiao
mimidi	密密的	2987	mimide	的	de	di
minyunkuai	民运会	2987	minyunhui	会	hui	kuai
minzuyuepai	民族乐派	2987	minzulepai	乐	le	yue
moju	万具	2987	wanju	万	wan	mo
mukuaixing	模块性	2987	mokuaixing	模	mo	mu
moliangci	万辆次	2987	wanliangci	万	wan	mo
mosou	万艘	2987	wansou	万	wan	mo
moxianshi	万县市	2987	wanxianshi	万	wan	mo
moyuanshi	万源市	2987	wanyuanshi	万	wan	mo
moyuqing	万余顷	2987	wanyuqing	万	wan	mo
moyuzhong	万余种	2987	wanyuzhong	万	wan	mo
qianlichong	千粒重	2987	qianlizhong	重	zhong	chong
qiaojude	侨居地	2987	qiaojudi	地	di	de
qiduzhen	七都镇	2987	qidouzhen	都	dou	du
qijuejing	七角井	2987	qijiaojing	角	jiao	jue
qunlashengjing	群落生境	2987	qunluoshengjing	落	luo	la
renchangshi	任长史	2987	renzhangshi	长	zhang	chang
renquankuai	人权会	2987	renquanhui	会	hui	kuai
rentimute	人体模特	2987	rentimote	模	mo	mu
sepulusidao	塞浦路斯岛	2987	saipulusidao	塞	sai	se
sesidun	塞斯顿	2987	saisidun	塞	sai	se
sandieji	三叠系	2987	sandiexi	系	xi	ji
sanshiyumo	三十余万	2987	sanshiyuwan	万	wan	mo
shangmofen	上万份	2987	shangwanfen	万	wan	mo
shena	折纳	2987	zhena	折	zhe	she
shengdaishi	生大士	2987	shengdashi	大	da	dai
shengsewasidian	圣塞瓦斯蒂安	2987	shengsaiwasidian	塞	sai	se
shentoushuai	渗透率	2987	shentoulv	率	lv	shuai
shijiehepinglishikuai	世界和平理事会	2987	shijiehepinglishihui	会	hui	kuai
shijieshidai	失节事大	2987	shijieshida	大	da	dai
shishumo	十数万	2987	shishuwan	万	wan	mo
shiweichang	侍卫长	2987	shiweizhang	长	zhang	chang
shiwumoliang	十五万两	2987	shiwuwanliang	万	wan	mo
shuiguanji	水管系	2987	shuiguanxi	系	xi	ji
sihushen	司户参	2987	sihucan	参	can	shen
sishiqimo	四十七万	2987	sishiqiwan	万	wan	mo
songsande	松散地	2987	songsandi	地	di	de
xiuchu	宿处	2987	suchu	宿	su	xiu
suxide	苏悉地	2987	suxidi	地	di	de
xiuyuxian	宿豫县	2987	suyuxian	宿	su	xiu
wangkuaiwu	王会悟	2987	wanghuiwu	会	hui	kuai
wenjianmingchen	文件名称	2987	wenjianmingcheng	称	cheng	chen
wenshiji	文史系	2987	wenshixi	系	xi	ji
wumorenci	五万人次	2987	wuwanrenci	万	wan	mo
xiangweijue	相位角	2987	xiangweijiao	角	jiao	jue
xianmingde	贤明地	2987	xianmingdi	地	di	de
xieyu	血瘀	2987	xueyu	血	xue	xie
xiezhao	斜著	2987	xiezhu	著	zhu	zhao
xiezhe	斜著	2987	xiezhu	著	zhu	zhe
xiezhuo	斜著	2987	xiezhu	著	zhu	zhuo
xijuji	戏剧系	2987	xijuxi	系	xi	ji
xinhuoxian	新和县	2987	xinhexian	和	he	huo
xinkuaishi	新会市	2987	xinhuishi	会	hui	kuai
xinwushui	寻乌水	2987	xunwushui	寻	xun	xin
yangsexin	杨塞新	2987	yangsaixin	塞	sai	se
yanmu	掩模	2987	yanmo	模	mo	mu
yegubu	耶古卜	2987	yegubo	卜	bo	bu
yichangzhi	一长制	2987	yizhangzhi	长	zhang	chang
yidaiergong	一大二公	2987	yidaergong	大	da	dai
yidailiheishoudang	意大利黑手党	2987	yidaliheishoudang	大	da	dai
yimowuqianyu	一万五千余	2987	yiwanwuqianyu	万	wan	mo
yinmucailiao	印模材料	2987	yinmocailiao	模	mo	mu
yipingertiao	一平二调	2987	yipingerdiao	调	diao	tiao
yuanwu	元恶	2987	yuane	恶	e	wu
yuanzhoujue	圆周角	2987	yuanzhoujiao	角	jiao	jue
yuedaimiao	岳大庙	2987	yuedamiao	大	da	dai
zhangjinchen	张金称	2987	zhangjincheng	称	cheng	chen
zhengxiechangweikuai	政协常委会	2987	zhengxiechangweihui	会	hui	kuai
zhengzejizong	正则系综	2987	zhengzexizong	系	xi	ji
zhiliuji	志留系	2987	zhiliuxi	系	xi	ji
zhonggongsandai	中共三大	2987	zhonggongsanda	大	da	dai
zhongguohuaji	中国画系	2987	zhongguohuaxi	系	xi	ji
zhuanweikuai	专委会	2987	zhuanweihui	会	hui	kuai
zhujichang	主计长	2987	zhujizhang	长	zhang	chang
zimeikuai	姊妹会	2987	zimeihui	会	hui	kuai
zixunji	资讯系	2987	zixunxi	系	xi	ji
zuoquji	作曲系	2987	zuoquxi	系	xi	ji
abude	阿卜德	2367	abode	卜	bo	bu
aermo	阿尔万	2367	aerwan	万	wan	mo
afuyueer	阿芙乐尔	2367	afuleer	乐	le	yue
aiye	哀咽	2367	aiyan	咽	yan	ye
aoshe	拗折	2367	aozhe	折	zhe	she
aotaoji	奥陶系	2367	aotaoxi	系	xi	ji
bacangbu	巴藏卜	2367	bacangbo	卜	bo	bu
pachi	耙齿	2367	bachi	耙	ba	pa
baijiayue	百家乐	2367	baijiale	乐	le	yue
bajiumo	八九万	2367	bajiuwan	万	wan	mo
bamoli	八万里	2367	bawanli	万	wan	mo
baocunshuai	保存率	2367	baocunlv	率	lv	shuai
baohushuai	保护率	2367	baohulv	率	lv	shuai
baokanfahang	报刊发行	2367	baokanfaxing	行	xing	hang
baola	暴落	2367	baoluo	落	luo	la
baoshouji	保守系	2367	baoshouxi	系	xi	ji
basehe	巴塞河	2367	basaihe	塞	sai	se
baseluo	巴塞洛	2367	basailuo	塞	sai	se
baseluonaaoyunhui	巴塞罗那奥运会	2367	basailuonaaoyunhui	塞	sai	se
baseluonadui	巴塞罗那队	2367	basailuonadui	塞	sai	se
beidaitushuguan	北大图书馆	2367	beidatushuguan	大	da	dai
beidaizhongwenji	北大中文系	2367	beidazhongwenxi	大	da	dai
beidaizhongwenxi	北大中文系	2367	beidazhongwenxi	大	da	dai
beidazhongwenji	北大中文系	2367	beidazhongwenxi	系	xi	ji
beijingdaxuejingjiji	北京大学经济系	2367	beijingdaxuejingjixi	系	xi	ji
benlihuo	本利和	2367	benlihe	和	he	huo
bingchehang	兵车行	2367	bingchexing	行	xing	hang
bolahui	博落回	2367	boluohui	落	luo	la
budainu	布大怒	2367	budanu	大	da	dai
caizhengtingchang	财政厅长	2367	caizhengtingzhang	长	zhang	chang
canliankuai	参联会	2367	canlianhui	会	hui	kuai
shenlianhui	参联会	2367	canlianhui	参	can	shen
shenliankuai	参联会	2367	canlianhui	参	can	shen
shenzou	参奏	2367	canzou	参	can	shen
shenzuo	参佐	2367	canzuo	参	can	shen
cengshuaibing	曾率兵	2367	cenglvbing	率	lv	shuai
chanchushuai	产出率	2367	chanchulv	率	lv	shuai
changjiaoniu	长角牛	2367	zhangjiaoniu	长	zhang	chang
changjueniu	长角牛	2367	zhangjiaoniu	长	zhang	chang
zhangjueniu	长角牛	2367	zhangjiaoniu	角	jiao	jue
changlingxian	长岭县	2367	zhanglingxian	长	zhang	chang
changqingxian	长清县	2367	zhangqingxian	长	zhang	chang
changzi	长姊	2367	zhangzi	长	zhang	chang
chaogaipian	晁盖便	2367	chaogaibian	便	bian	pian
zhaohua	朝华	2367	chaohua	朝	chao	zhao
zhaoxi	朝曦	2367	chaoxi	朝	chao	zhao
chaoyangxian	朝阳县	2367	zhaoyangxian	朝	zhao	chao
chaquanshuai	查全率	2367	chaquanlv	率	lv	shuai
cheneryu	沈儿峪	2367	sheneryu	沈	shen	chen
chenqing	称庆	2367	chengqing	称	cheng	chen
chenshang	称觞	2367	chengshang	称	cheng	chen
chengtaoshuai	成套率	2367	chengtaolv	率	lv	shuai
chengzhuan	盛馔	2367	shengzhuan	盛	sheng	cheng
chenjiji	沈既济	2367	shenjiji	沈	shen	chen
chiyoupianxian	持有偏见	2367	chiyoupianjian	见	jian	xian
chonganjiang	重安江	2367	zhonganjiang	重	zhong	chong
chongbanwei	重瓣胃	2367	zhongbanwei	重	zhong	chong
chongdanhua	重氮化	2367	zhongdanhua	重	zhong	chong
chongdanyan	重氮盐	2367	zhongdanyan	重	zhong	chong
chongpaiben	重排本	2367	zhongpaiben	重	zhong	chong
chongrong	重熔	2367	zhongrong	重	zhong	chong
chuandaoshuai	传导率	2367	chuandaolv	率	lv	shuai
zhuanhao	传号	2367	chuanhao	传	chuan	zhuan
chuanxiongqin	川芎嗪	2367	chuanqiongqin	芎	qiong	xiong
xushe	畜舍	2367	chushe	畜	chu	xu
daichanghuizuzizhixian	大厂回族自治县	2367	dachanghuizuzizhixian	大	da	dai
daichanlin	大禅林	2367	dachanlin	大	da	dai
daichaoshan	大朝山	2367	dachaoshan	大	da	dai
daizhaoshan	大朝山	2367	dachaoshan	大	da	dai
dazhaoshan	大朝山	2367	dachaoshan	朝	chao	zhao
daieryanzhi	大而言之	2367	daeryanzhi	大	da	dai
daifengshi	大丰市	2367	dafengshi	大	da	dai
daifuwan	大佛湾	2367	dafuwan	大	da	dai
daihuzhen	大湖镇	2367	dahuzhen	大	da	dai
daijike	大戟科	2367	dajike	大	da	dai
daijiuqing	大九卿	2367	dajiuqing	大	da	dai
daikuhu	大苦湖	2367	dakuhu	大	da	dai
dailingping	大菱鲆	2367	dalingping	大	da	dai
dailongyoupiao	大龙邮票	2367	dalongyoupiao	大	da	dai
daimiaoshan	大庙山	2367	damiaoshan	大	da	dai
daiwanwang	大宛王	2367	dawanwang	大	da	dai
daiweijingyi	大为惊异	2367	daweijingyi	大	da	dai
daixiangguosi	大相国寺	2367	daxiangguosi	大	da	dai
daixiangqu	大祥区	2367	daxiangqu	大	da	dai
daixieteng	大血藤	2367	daxueteng	大	da	dai
daixueteng	大血藤	2367	daxueteng	大	da	dai
daxieteng	大血藤	2367	daxueteng	血	xue	xie
daixizhou	大西洲	2367	daxizhou	大	da	dai
daiyuding	大盂鼎	2367	dayuding	大	da	dai
daizhangkou	大张口	2367	dazhangkou	大	da	dai
daizhasa	大札萨	2367	dazhasa	大	da	dai
daizhongxiaoxing	大中小型	2367	dazhongxiaoxing	大	da	dai
daizhuxian	大竹县	2367	dazhuxian	大	da	dai
tandaoshi	弹道式	2367	dandaoshi	弹	dan	tan
tandaoxue	弹道学	2367	dandaoxue	弹	dan	tan
danla	胆落	2367	danluo	落	luo	la
danyue	耽乐	2367	danle	乐	le	yue
daoshe	倒折	2367	daozhe	折	zhe	she
deduxian	德都县	2367	dedouxian	都	dou	du
deilika	得利卡	2367	delika	得	de	dei
dengjuetouying	等角投影	2367	dengjiaotouying	角	jiao	jue
detang	地趟	2367	ditang	地	di	de
dezhuanfeng	地转风	2367	dizhuanfeng	地	di	de
tiaoji	调济	2367	diaoji	调	diao	tiao
tiaokuan	调宽	2367	diaokuan	调	diao	tiao
tiaoyajing	调压井	2367	diaoyajing	调	diao	tiao
dijianshuai	递减率	2367	dijianlv	率	lv	shuai
dijiaxiezheng	低钾血症	2367	dijiaxuezheng	血	xue	xie
tipo	堤坡	2367	dipo	堤	di	ti
diqingxiang	狄青降	2367	diqingjiang	降	jiang	xiang
tiwei	堤围	2367	diwei	堤	di	ti
tiyan	隄堰	2367	diyan	隄	di	ti
duanrande	断然地	2367	duanrandi	地	di	de
duomolifangmi	多万立方米	2367	duowanlifangmi	万	wan	mo
duxiezheng	毒血症	2367	duxuezheng	血	xue	xie
wuchuang	恶疮	2367	echuang	恶	e	wu
eliujuan	扼流圈	2367	eliuquan	圈	quan	juan
erbiye	耳鼻咽	2367	erbiyan	咽	yan	ye
ermoliang	二万两	2367	erwanliang	万	wan	mo
ermoyuli	二万余里	2367	erwanyuli	万	wan	mo
ershibahang	二十八行	2367	ershibaxing	行	xing	hang
ershiwumoliang	二十五万两	2367	ershiwuwanliang	万	wan	mo
ertongyinyue	儿童音乐	2367	ertongyinle	乐	le	yue
ewenji	俄文系	2367	ewenxi	系	xi	ji
eyuji	俄语系	2367	eyuxi	系	xi	ji
fangchuji	放出系	2367	fangchuxi	系	xi	ji
fangwenshuai	访问率	2367	fangwenlv	率	lv	shuai
fasheshuai	发射率	2367	fashelv	率	lv	shuai
feiyanqiaojue	飞檐翘角	2367	feiyanqiaojiao	角	jiao	jue
fengji	俸给	2367	fenggei	给	gei	ji
fengseka	丰塞卡	2367	fengsaika	塞	sai	se
fenweikuai	分委会	2367	fenweihui	会	hui	kuai
fusihuo	弗斯和	2367	fusihe	和	he	huo
fuzimingbi	复子明辟	2367	fuzimingpi	辟	pi	bi
ganjiaxuepai	乾嘉学派	2367	qianjiaxuepai	乾	qian	gan
gaonaxiezheng	高钠血症	2367	gaonaxuezheng	血	xue	xie
gaozhixiezheng	高脂血症	2367	gaozhixuezheng	血	xue	xie
gongdainu	公大怒	2367	gongdanu	大	da	dai
gouzhua	钩爪	2367	gouzhao	爪	zhao	zhua
guantiao	官调	2367	guandiao	调	diao	tiao
guchenze	古称泽	2367	guchengze	称	cheng	chen
guibu	龟卜	2367	guibo	卜	bo	bu
quenuotong	炔诺酮	2367	guinuotong	炔	gui	que
haitan	咳痰	2367	ketan	咳	ke	hai
hangfangbuming	行方不明	2367	xingfangbuming	行	xing	hang
hangfeili	行废立	2367	xingfeili	行	xing	hang
hangguanli	行冠礼	2367	xingguanli	行	xing	hang
hangshidayinji	行式打印机	2367	xingshidayinji	行	xing	hang
hanyuji	汉语系	2367	hanyuxi	系	xi	ji
haoshengwusha	好生恶杀	2367	haoshengesha	恶	e	wu
haseer	哈塞尔	2367	hasaier	塞	sai	se
huodexing	和德性	2367	hedexing	和	he	huo
heti	河隄	2367	hedi	隄	di	ti
huokeben	和刻本	2367	hekeben	和	he	huo
henwu	恨恶	2367	hene	恶	e	wu
hengzhuan	横传	2367	hengchuan	传	chuan	zhuan
huoqincha	和钦察	2367	heqincha	和	he	huo
huangshidaixia	黄石大峡	2367	huangshidaxia	大	da	dai
huduhu	忽都虎	2367	hudouhu	都	dou	du
kuaidongxian	会东县	2367	huidongxian	会	hui	kuai
huishangkuaixia	会上会下	2367	huishanghuixia	会	hui	kuai
jialibu	加利卜	2367	jialibo	卜	bo	bu
xiangliantiaojian	降链条件	2367	jiangliantiaojian	降	jiang	xiang
xiangmi	降幂	2367	jiangmi	降	jiang	xiang
juechacai	角叉菜	2367	jiaochacai	角	jiao	jue
juechacaijiao	角叉菜胶	2367	jiaochacaijiao	角	jiao	jue
jiaodaikuai	教代会	2367	jiaodaihui	会	hui	kuai
jueshu	角黍	2367	jiaoshu	角	jiao	jue
jiaxiezheng	钾血症	2367	jiaxuezheng	血	xue	xie
jichonger	姬重耳	2367	jizhonger	重	zhong	chong
jieshishuai	结实率	2367	jieshilv	率	lv	shuai
jieyushuai	节育率	2367	jieyulv	率	lv	shuai
jinjiezhao	紧接著	2367	jinjiezhu	著	zhu	zhao
jinjiezhe	紧接著	2367	jinjiezhu	著	zhu	zhe
jinjiezhuo	紧接著	2367	jinjiezhu	著	zhu	zhuo
jiqiu	系囚	2367	xiqiu	系	xi	ji
jixinghuo	姬姓和	2367	jixinghe	和	he	huo
juntiaobu	军调部	2367	jundiaobu	调	diao	tiao
junxiezheng	菌血症	2367	junxuezheng	血	xue	xie
juyique	聚乙炔	2367	juyigui	炔	gui	que
kangsengkuai	康僧会	2367	kangsenghui	会	hui	kuai
qiaopaishiyougongsi	壳牌石油公司	2367	kepaishiyougongsi	壳	ke	qiao
kesenuo	克塞诺	2367	kesainuo	塞	sai	se
kongsukuai	控诉会	2367	kongsuhui	会	hui	kuai
kuangdaizhidu	旷大之度	2367	kuangdazhidu	大	da	dai
kundushi	昆都士	2367	kundoushi	都	dou	du
kuopeika	适配卡	2367	shipeika	适	shi	kuo
kuozhi	适值	2367	shizhi	适	shi	kuo
lajishan	落矶山	2367	luojishan	落	luo	la
lanpenkuai	兰盆会	2367	lanpenhui	会	hui	kuai
luoshishuai	落实率	2367	luoshilv	率	lv	shuai
yuekaijiaopian	乐凯胶片	2367	lekaijiaopian	乐	le	yue
yuetouxing	乐透型	2367	letouxing	乐	le	yue
lihuolin	立和林	2367	lihelin	和	he	huo
lingmudaizhuo	铃木大拙	2367	lingmudazhuo	大	da	dai
linlikuai	临立会	2367	linlihui	会	hui	kuai
lisanzhao	历三朝	2367	lisanchao	朝	chao	zhao
litijue	立体角	2367	litijiao	角	jiao	jue
liumodaishan	六万大山	2367	liuwandashan	万	wan	mo
liumodashan	六万大山	2367	liuwandashan	万	wan	mo
liuwandaishan	六万大山	2367	liuwandashan	大	da	dai
luqiao	陆壳	2367	luke	壳	ke	qiao
lunkuaimeng	伦会盟	2367	lunhuimeng	会	hui	kuai
maicangde	埋藏地	2367	maicangdi	地	di	de
masaizhuse	麻塞诸塞	2367	masaizhusai	塞	sai	se
masezhusai	麻塞诸塞	2367	masaizhusai	塞	sai	se
masezhuse	麻塞诸塞	2367	masaizhusai	塞	sai	se
meiji	煤系	2367	meixi	系	xi	ji
meineise	梅内塞	2367	meineisai	塞	sai	se
moshizisuan	没食子酸	2367	meishizisuan	没	mei	mo
miaode	描地	2367	miaodi	地	di	de
mingzhuanqiangu	名传千古	2367	mingchuanqiangu	传	chuan	zhuan
minzhengtingchang	民政厅长	2367	minzhengtingzhang	长	zhang	chang
modadui	万达队	2367	wandadui	万	wan	mo
muduan	模锻	2367	moduan	模	mo	mu
moduozhu	万多株	2367	wanduozhu	万	wan	mo
moma	万码	2367	wanma	万	wan	mo
momabenteng	万码奔腾	2367	wanmabenteng	万	wan	mo
mosanti	万三蹄	2367	wansanti	万	wan	mo
moshantequ	万山特区	2367	wanshantequ	万	wan	mo
moshouta	万寿塔	2367	wanshouta	万	wan	mo
moyudun	万余吨	2367	wanyudun	万	wan	mo
moyuhu	万余户	2367	wanyuhu	万	wan	mo
moyusuo	万余所	2367	wanyusuo	万	wan	mo
moyuzuo	万余座	2367	wanyuzuo	万	wan	mo
mozaixian	万载县	2367	wanzaixian	万	wan	mo
mubobi	木薄壁	2367	mubaobi	薄	bao	bo
museweini	穆塞韦尼	2367	musaiweini	塞	sai	se
nanhuoxian	南和县	2367	nanhexian	和	he	huo
nanjingdaxuezhongwenji	南京大学中文系	2367	nanjingdaxuezhongwenxi	系	xi	ji
nannande	喃喃地	2367	nannandi	地	di	de
neisesi	内塞斯	2367	neisaisi	塞	sai	se
nitiao	拟调	2367	nidiao	调	diao	tiao
niechen	捏称	2367	niecheng	称	cheng	chen
niexu	孽畜	2367	niechu	畜	chu	xu
niedu	镍都	2367	niedou	都	dou	du
niushe	扭折	2367	niuzhe	折	zhe	she
panshanerhang	蹒跚而行	2367	panshanerxing	行	xing	hang
patase	帕塔塞	2367	patasai	塞	sai	se
peishuai	赔率	2367	peilv	率	lv	shuai
piaoyoukuai	票友会	2367	piaoyouhui	会	hui	kuai
qiangongde	谦恭地	2367	qiangongdi	地	di	de
qinxiangzu	秦降卒	2367	qinjiangzu	降	jiang	xiang
qinxianqinwen	亲见亲闻	2367	qinjianqinwen	见	jian	xian
quexianshuai	缺陷率	2367	quexianlv	率	lv	shuai
renzhaosan	任朝散	2367	renchaosan	朝	chao	zhao
rendaikuai	人代会	2367	rendaihui	会	hui	kuai
rouroudi	柔柔的	2367	rouroude	的	de	di
sedelai	塞德莱	2367	saidelai	塞	sai	se
seerkou	塞尔扣	2367	saierkou	塞	sai	se
seerna	塞尔纳	2367	saierna	塞	sai	se
seerpa	塞尔帕	2367	saierpa	塞	sai	se
sefuer	塞夫尔	2367	saifuer	塞	sai	se
selafen	塞拉芬	2367	sailafen	塞	sai	se
selan	塞兰	2367	sailan	塞	sai	se
selusi	塞卢斯	2367	sailusi	塞	sai	se
sesaer	塞萨尔	2367	saisaer	塞	sai	se
sanmojia	三万家	2367	sanwanjia	万	wan	mo
sanmopi	三万匹	2367	sanwanpi	万	wan	mo
sanmowuqianyu	三万五千余	2367	sanwanwuqianyu	万	wan	mo
shanchangyan	闪长岩	2367	shanzhangyan	长	zhang	chang
shaoshuhang	少数行	2367	shaoshuxing	行	xing	hang
shenchangshuai	伸长率	2367	shenchanglv	率	lv	shuai
shengzhangshuai	生长率	2367	shengzhanglv	率	lv	shuai
shengwuhuaxueji	生物化学系	2367	shengwuhuaxuexi	系	xi	ji
shezhe	折褶	2367	zhezhe	折	zhe	she
shitan	石弹	2367	shidan	弹	dan	tan
shiermosiqian	十二万四千	2367	shierwansiqian	万	wan	mo
shisanmohu	十三万户	2367	shisanwanhu	万	wan	mo
shitanji	石炭系	2367	shitanxi	系	xi	ji
shiwuliumo	十五六万	2367	shiwuliuwan	万	wan	mo
shumoli	数万里	2367	shuwanli	万	wan	mo
shumoyu	数万余	2367	shuwanyu	万	wan	mo
shunkuo	顺适	2367	shunshi	适	shi	kuo
simojin	四万斤	2367	siwanjin	万	wan	mo
simoliang	四万两	2367	siwanliang	万	wan	mo
simoming	四万名	2367	siwanming	万	wan	mo
xiubi	宿弊	2367	subi	宿	su	xiu
suojuan	锁圈	2367	suoquan	圈	quan	juan
xiuyahu	宿鸭湖	2367	suyahu	宿	su	xiu
taxiande	塌陷地	2367	taxiandi	地	di	de
teweikuai	特委会	2367	teweihui	会	hui	kuai
tianchangshi	天长市	2367	tianzhangshi	长	zhang	chang
tongbeiquan	通臂拳	2367	tongbiquan	臂	bi	bei
tongseji	同色系	2367	tongsexi	系	xi	ji
tubianshuai	突变率	2367	tubianlv	率	lv	shuai
tuti	突堤	2367	tudi	堤	di	ti
tujue	凸角	2367	tujiao	角	jiao	jue
tuxingkuopeiqi	图形适配器	2367	tuxingshipeiqi	适	shi	kuo
waichongneiqing	外重内轻	2367	waizhongneiqing	重	zhong	chong
wandingqiao	畹町桥	2367	wantingqiao	町	ting	ding
wandingshi	畹町市	2367	wantingshi	町	ting	ding
wangdaijing	王大惊	2367	wangdajing	大	da	dai
weidingjue	未定角	2367	weidingjiao	角	jiao	jue
weixianyouren	未见有人	2367	weijianyouren	见	jian	xian
weijirenxin	维系人心	2367	weixirenxin	系	xi	ji
weixianshuai	危险率	2367	weixianlv	率	lv	shuai
weiyande	威严地	2367	weiyandi	地	di	de
wubaiyumo	五百余万	2367	wubaiyuwan	万	wan	mo
wulanbuhuoshamo	乌兰布和沙漠	2367	wulanbuheshamo	和	he	huo
wumoyuji	五万余级	2367	wuwanyuji	万	wan	mo
wushiermo	五十二万	2367	wushierwan	万	wan	mo
wushiyimo	五十一万	2367	wushiyiwan	万	wan	mo
xiahuocun	下和村	2367	xiahecun	和	he	huo
xibeijunzhengweiyuankuai	西北军政委员会	2367	xibeijunzhengweiyuanhui	会	hui	kuai
xinbaizheng	寻拜征	2367	xunbaizheng	寻	xun	xin
xinduxian	新都县	2367	xindouxian	都	dou	du
xinzhao	馨著	2367	xinzhu	著	zhu	zhao
xinzhe	馨著	2367	xinzhu	著	zhu	zhe
xinzhuo	馨著	2367	xinzhu	著	zhu	zhuo
xiongnuxie	匈奴血	2367	xiongnuxue	血	xue	xie
xiuyangde	休养地	2367	xiuyangdi	地	di	de
xiyuji	西语系	2367	xiyuxi	系	xi	ji
xuanbakuai	选拔会	2367	xuanbahui	会	hui	kuai
xuguo	絮聒	2367	xugua	聒	gua	guo
xundaochang	训导长	2367	xundaozhang	长	zhang	chang
yadongkuai	亚冬会	2367	yadonghui	会	hui	kuai
yajuan	压圈	2367	yaquan	圈	quan	juan
yaliqiao	压力壳	2367	yalike	壳	ke	qiao
yanduxian	盐都县	2367	yandouxian	都	dou	du
yangyique	氧乙炔	2367	yangyigui	炔	gui	que
yankuai	筵会	2367	yanhui	会	hui	kuai
yanmanchang	掩埋场	2367	yanmaichang	埋	mai	man
yansehu	燕塞湖	2367	yansaihu	塞	sai	se
yanxiadu	燕下都	2367	yanxiadou	都	dou	du
yehuojing	叶和茎	2367	yehejing	和	he	huo
yeyingde	野营地	2367	yeyingdi	地	di	de
yichang	翼长	2367	yizhang	长	zhang	chang
yidailigongheguo	意大利共和国	2367	yidaligongheguo	大	da	dai
yimobaqianyu	一万八千余	2367	yiwanbaqianyu	万	wan	mo
yimoduoming	一万多名	2367	yiwanduoming	万	wan	mo
yimojia	一万家	2367	yiwanjia	万	wan	mo
yingyongshuai	应用率	2367	yingyonglv	率	lv	shuai
yiseke	伊塞克	2367	yisaike	塞	sai	se
yishiwumo	一十五万	2367	yishiwuwan	万	wan	mo
yonghuoshi	永和市	2367	yongheshi	和	he	huo
yongyuexiang	永乐乡	2367	yonglexiang	乐	le	yue
yuchong	逾重	2367	yuzhong	重	zhong	chong
yuexiancao	月见草	2367	yuejiancao	见	jian	xian
yukuai	渔会	2367	yuhui	会	hui	kuai
yulanpenkuai	盂兰盆会	2367	yulanpenhui	会	hui	kuai
yumodun	余万吨	2367	yuwandun	万	wan	mo
yumojin	余万斤	2367	yuwanjin	万	wan	mo
zanyue	赞乐	2367	zanle	乐	le	yue
zengchen	憎称	2367	zengcheng	称	cheng	chen
zhaoyi	著译	2367	zhuyi	著	zhu	zhao
zheyi	著译	2367	zhuyi	著	zhu	zhe
zhuoyi	著译	2367	zhuyi	著	zhu	zhuo
zhidaiwuwai	至大无外	2367	zhidawuwai	大	da	dai
zhihuo	秩和	2367	zhihe	和	he	huo
zhiyuankuai	职员会	2367	zhiyuanhui	会	hui	kuai
zhongguohuaxuekuai	中国化学会	2367	zhongguohuaxuehui	会	hui	kuai
zhoula	骤落	2367	zhouluo	落	luo	la
zhuanchailv	转差率	2367	zhuanchalv	差	cha	chai
zhuanchaishuai	转差率	2367	zhuanchalv	差	cha	chai
zhuanchashuai	转差率	2367	zhuanchalv	率	lv	shuai
zhuandongjue	转动角	2367	zhuandongjiao	角	jiao	jue
zhuanhuanshuai	转换率	2367	zhuanhuanlv	率	lv	shuai
zhuzhade	驻扎地	2367	zhuzhadi	地	di	de
zongdainu	宗大怒	2367	zongdanu	大	da	dai
zuieshenchong	罪恶深重	2367	zuieshenzhong	重	zhong	chong
zunchongrenquan	尊重人权	2367	zunzhongrenquan	重	zhong	chong
aibaidu	艾拜都	1493	aibaidou	都	dou	du
aidainu	艾大怒	1493	aidanu	大	da	dai
aisesa	埃塞萨	1493	aisaisa	塞	sai	se
anfuji	安福系	1493	anfuxi	系	xi	ji
bajierendachangweikuai	八届人大常委会	1493	bajierendachangweihui	会	hui	kuai
bamoliang	八万两	1493	bawanliang	万	wan	mo
baochiji	保持系	1493	baochixi	系	xi	ji
bogangban	薄钢板	1493	baogangban	薄	bao	bo
boju	薄具	1493	baoju	薄	bao	bo
botai	薄胎	1493	baotai	薄	bao	bo
baxiuxian	八宿县	1493	basuxian	宿	su	xiu
bawangzhuan	霸王传	1493	bawangchuan	传	chuan	zhuan
beijingdaxuelishiji	北京大学历史系	1493	beijingdaxuelishixi	系	xi	ji
bianbiandi	扁扁的	1493	bianbiande	的	de	di
bianhuaji	变化系	1493	bianhuaxi	系	xi	ji
bianzhiliangji	变质量系	1493	bianzhiliangxi	系	xi	ji
bianzuankuai	编纂会	1493	bianzuanhui	会	hui	kuai
bingduxiezheng	病毒血症	1493	bingduxuezheng	血	xue	xie
boshufen	蕃薯粉	1493	fanshufen	蕃	fan	bo
botoushi	泊头市	1493	potoushi	泊	po	bo
bozhi	蕃殖	1493	fanzhi	蕃	fan	bo
caiyongshuai	采用率	1493	caiyonglv	率	lv	shuai
shenbian	参编	1493	canbian	参	can	shen
shenbidianji	参比电极	1493	canbidianji	参	can	shen
caocaoshuaishuai	草草率率	1493	caocaoshuailv	率	lv	shuai
chajiaodao	查觉到	1493	chajuedao	觉	jue	jiao
changgexian	长葛县	1493	zhanggexian	长	zhang	chang
changtaixian	长泰县	1493	zhangtaixian	长	zhang	chang
changzhouqu	长洲区	1493	zhangzhouqu	长	zhang	chang
zhaonanbian	朝南边	1493	chaonanbian	朝	chao	zhao
chaonongde	嘲弄地	1493	chaonongdi	地	di	de
zhaoxianzhongyangtongxunshe	朝鲜中央通讯社	1493	chaoxianzhongyangtongxunshe	朝	chao	zhao
chengcaishuai	成才率	1493	chengcailv	率	lv	shuai
chengfubao	盛佛宝	1493	shengfubao	盛	sheng	cheng
chengmingzhilei	盛名之累	1493	shengmingzhilei	盛	sheng	cheng
chenxia	沈下	1493	shenxia	沈	shen	chen
chongcheng	充盛	1493	chongsheng	盛	sheng	cheng
chongdianzi	重电子	1493	zhongdianzi	重	zhong	chong
chongguan	重灌	1493	zhongguan	重	zhong	chong
chongzhiyuanyou	重质原油	1493	zhongzhiyuanyou	重	zhong	chong
chouankuai	筹安会	1493	chouanhui	会	hui	kuai
chuangxiadaihuo	闯下大祸	1493	chuangxiadahuo	大	da	dai
chuanhanghua	串行化	1493	chuanxinghua	行	xing	hang
chuanhangkou	串行口	1493	chuanxingkou	行	xing	hang
chuansongshuai	传送率	1493	chuansonglv	率	lv	shuai
chuxie	初血	1493	chuxue	血	xue	xie
daicaituan	大财团	1493	dacaituan	大	da	dai
daichengfu	大晟府	1493	dachengfu	大	da	dai
daifumian	大幅面	1493	dafumian	大	da	dai
daihanghaijia	大航海家	1493	dahanghaijia	大	da	dai
daikeji	大客机	1493	dakeji	大	da	dai
daimiaoshan	大苗山	1493	damiaoshan	大	da	dai
daimuzuo	大木作	1493	damuzuo	大	da	dai
daiqingjian	大清建	1493	daqingjian	大	da	dai
daiqinxian	大秦线	1493	daqinxian	大	da	dai
daiquru	大屈辱	1493	daquru	大	da	dai
daisefu	大啬夫	1493	dasefu	大	da	dai
daishiqiaoshi	大石桥市	1493	dashiqiaoshi	大	da	dai
daishizu	大士族	1493	dashizu	大	da	dai
daisou	大艘	1493	dasou	大	da	dai
daitianxing	大天兴	1493	datianxing	大	da	dai
daiwanguo	大宛国	1493	dawanguo	大	da	dai
daiwuxi	大武溪	1493	dawuxi	大	da	dai
daixiangling	大相岭	1493	daxiangling	大	da	dai
daixiangtingjing	大相庭径	1493	daxiangtingjing	大	da	dai
daixijun	大西军	1493	daxijun	大	da	dai
daixizhen	大溪镇	1493	daxizhen	大	da	dai
daiyingjiang	大盈江	1493	dayingjiang	大	da	dai
daiyingxian	大英县	1493	dayingxian	大	da	dai
daiyuji	大鱼际	1493	dayuji	大	da	dai
daizhaicun	大寨村	1493	dazhaicun	大	da	dai
daizhongxiaoxuexiao	大中小学校	1493	dazhongxiaoxuexiao	大	da	dai
daizhuling	大竹岭	1493	dazhuling	大	da	dai
daizhuxi	大竹溪	1493	dazhuxi	大	da	dai
tanbuxufa	弹不虚发	1493	danbuxufa	弹	dan	tan
tandaofeidan	弹道飞弹	1493	dandaofeidan	弹	dan	tan
dangzukuai	党组会	1493	dangzuhui	会	hui	kuai
deichangsuyuan	得偿夙愿	1493	dechangsuyuan	得	de	dei
defuzi	地肤子	1493	difuzi	地	di	de
deguangbing	地广兵	1493	diguangbing	地	di	de
dehuagu	地花鼓	1493	dihuagu	地	di	de
dejianchu	地检处	1493	dijianchu	地	di	de
dejiding	地计丁	1493	dijiding	地	di	de
dilijuan	地理圈	1493	diliquan	圈	quan	juan
deshenglan	地生兰	1493	dishenglan	地	di	de
deshengtaixue	地生态学	1493	dishengtaixue	地	di	de
dewenfeng	地闻风	1493	diwenfeng	地	di	de
tiaoban	调拌	1493	diaoban	调	diao	tiao
tiaojinlai	调进来	1493	diaojinlai	调	diao	tiao
diwanghang	帝王行	1493	diwangxing	行	xing	hang
duchengzhi	都承旨	1493	douchengzhi	都	dou	du
duluoyi	都洛邑	1493	douluoyi	都	dou	du
duyushi	都御使	1493	douyushi	都	dou	du
duochongtai	多重态	1493	duozhongtai	重	zhong	chong
duomogongqing	多万公顷	1493	duowangongqing	万	wan	mo
duomohu	多万户	1493	duowanhu	万	wan	mo
duomoli	多万例	1493	duowanli	万	wan	mo
duomoliang	多万辆	1493	duowanliang	万	wan	mo
duomozhang	多万张	1493	duowanzhang	万	wan	mo
erbaiduomoyuan	二百多万元	1493	erbaiduowanyuan	万	wan	mo
erbaiershiyumo	二百二十余万	1493	erbaiershiyuwan	万	wan	mo
ermojin	二万斤	1493	erwanjin	万	wan	mo
ershierhang	二十二行	1493	ershierxing	行	xing	hang
ershiwumopi	二十五万匹	1493	ershiwuwanpi	万	wan	mo
ershiwumorenci	二十五万人次	1493	ershiwuwanrenci	万	wan	mo
feifazhuanxiao	非法传销	1493	feifachuanxiao	传	chuan	zhuan
feifande	非凡地	1493	feifandi	地	di	de
fenduanjinhang	分段进行	1493	fenduanjinxing	行	xing	hang
fengbimo	封毕万	1493	fengbiwan	万	wan	mo
fenghuaqiao	风化壳	1493	fenghuake	壳	ke	qiao
fengyanzhao	凤眼朝	1493	fengyanchao	朝	chao	zhao
fenxihuozong	分析和综	1493	fenxihezong	和	he	huo
fenzhihang	分支行	1493	fenzhixing	行	xing	hang
fubo	浮薄	1493	fubao	薄	bao	bo
futiaoyinyue	复调音乐	1493	futiaoyinle	乐	le	yue
gaitan	盖弹	1493	gaidan	弹	dan	tan
gangandi	干干的	1493	gangande	的	de	di
gangduyeyu	港都夜雨	1493	gangdouyeyu	都	dou	du
gaoshepaotan	高射炮弹	1493	gaoshepaodan	弹	dan	tan
geluse	格鲁塞	1493	gelusai	塞	sai	se
geyousuoxian	各有所见	1493	geyousuojian	见	jian	xian
gongbokuai	工博会	1493	gongbohui	会	hui	kuai
gongchanguojizhiweikuai	共产国际执委会	1493	gongchanguojizhiweihui	会	hui	kuai
gongshangjuchang	工商局长	1493	gongshangjuzhang	长	zhang	chang
gongshangshekuai	工商社会	1493	gongshangshehui	会	hui	kuai
guoxiangla	郭襄落	1493	guoxiangluo	落	luo	la
hancheng	寒盛	1493	hansheng	盛	sheng	cheng
hangde	夯地	1493	hangdi	地	di	de
hangfuxi	行符玺	1493	xingfuxi	行	xing	hang
hangongzhuan	汉宫传	1493	hangongchuan	传	chuan	zhuan
hangqihuoxue	行气活血	1493	xingqihuoxue	行	xing	hang
hangxianjinian	行宪纪念	1493	xingxianjinian	行	xing	hang
xingxingfengji	行星风系	1493	xingxingfengxi	系	xi	ji
hangxuanzheng	行宣政	1493	xingxuanzheng	行	xing	hang
hangyi	行谊	1493	xingyi	行	xing	hang
hangyushi	行御史	1493	xingyushi	行	xing	hang
hangyushitai	行御史台	1493	xingyushitai	行	xing	hang
hangzhang	行杖	1493	xingzhang	行	xing	hang
huoguangzhou	和光轴	1493	heguangzhou	和	he	huo
hehuande	和缓地	1493	hehuandi	地	di	de
huoliangzhu	和良渚	1493	heliangzhu	和	he	huo
huolinong	和隶农	1493	helinong	和	he	huo
huolonghai	和陇海	1493	helonghai	和	he	huo
huolongxian	和龙县	1493	helongxian	和	he	huo
huoxiaozong	和小宗	1493	hexiaozong	和	he	huo
huoxichun	和烯醇	1493	hexichun	和	he	huo
huozhengxian	和政县	1493	hezhengxian	和	he	huo
huozhengzhi	和政制	1493	hezhengzhi	和	he	huo
huoziyang	和资阳	1493	heziyang	和	he	huo
hongzhuan	轰传	1493	hongchuan	传	chuan	zhuan
huangdaixianmiao	黄大仙庙	1493	huangdaxianmiao	大	da	dai
huanhuandi	缓缓的	1493	huanhuande	的	de	di
huatanzhihai	化痰止咳	1493	huatanzhike	咳	ke	hai
huzhuankui	胡传揆	1493	huchuankui	传	chuan	zhuan
huibishuai	回避率	1493	huibilv	率	lv	shuai
huixiede	诙谐地	1493	huixiedi	地	di	de
huixingxiangchai	彗形象差	1493	huixingxiangcha	差	cha	chai
huoxu	活畜	1493	huochu	畜	chu	xu
jiajiashuai	加价率	1493	jiajialv	率	lv	shuai
xianfu	见覆	1493	jianfu	见	jian	xian
xiangtangyao	降糖药	1493	jiangtangyao	降	jiang	xiang
xiangxian	降县	1493	jiangxian	降	jiang	xiang
jianjue	肩角	1493	jianjiao	角	jiao	jue
xianpiaohou	见票后	1493	jianpiaohou	见	jian	xian
xianpiaojifu	见票即付	1493	jianpiaojifu	见	jian	xian
jianshetingchang	建设厅长	1493	jianshetingzhang	长	zhang	chang
juefenbu	角分布	1493	jiaofenbu	角	jiao	jue
juegong	角弓	1493	jiaogong	角	jiao	jue
jiaokuaifagui	教会法规	1493	jiaohuifagui	会	hui	kuai
jiaoquchang	教区长	1493	jiaoquzhang	长	zhang	chang
jiazhengji	家政系	1493	jiazhengxi	系	xi	ji
jichudaixieshuai	基础代谢率	1493	jichudaixielv	率	lv	shuai
jimopian	几万片	1493	jiwanpian	万	wan	mo
jinzhaopai	金朝派	1493	jinchaopai	朝	chao	zhao
jindai	矜大	1493	jinda	大	da	dai
jingbi	警辟	1493	jingpi	辟	pi	bi
jingliumushu	径流模数	1493	jingliumoshu	模	mo	mu
jinjiaoji	近交系	1493	jinjiaoxi	系	xi	ji
jinjuetong	金角铜	1493	jinjiaotong	角	jiao	jue
jinlikuai	浸礼会	1493	jinlihui	会	hui	kuai
jinmujue	锦母角	1493	jinmujiao	角	jiao	jue
jiqianjimoci	几千几万次	1493	jiqianjiwanci	万	wan	mo
jiumodaishan	九万大山	1493	jiuwandashan	万	wan	mo
jiumodashan	九万大山	1493	jiuwandashan	万	wan	mo
jiuwandaishan	九万大山	1493	jiuwandashan	大	da	dai
jiumoyu	九万余	1493	jiuwanyu	万	wan	mo
jiushiyumo	九十余万	1493	jiushiyuwan	万	wan	mo
jixingchai	记性差	1493	jixingcha	差	cha	chai
juancao	圈操	1493	quancao	圈	quan	juan
juanqiang	圈墙	1493	quanqiang	圈	quan	juan
kaiduhe	开都河	1493	kaidouhe	都	dou	du
kaikende	开垦地	1493	kaikendi	地	di	de
kangdehuan	康德还	1493	kangdehai	还	hai	huan
qiaoding	壳顶	1493	keding	壳	ke	qiao
kongpaotan	空炮弹	1493	kongpaodan	弹	dan	tan
lade	蜡地	1493	ladi	地	di	de
ladi	落弟	1493	luodi	落	luo	la
laling	落令	1493	luoling	落	luo	la
laode	涝地	1493	laodi	地	di	de
layan	落岩	1493	luoyan	落	luo	la
layushan	落羽杉	1493	luoyushan	落	luo	la
lazimu	拉子模	1493	lazimo	模	mo	mu
yuechangxian	乐昌县	1493	lechangxian	乐	le	yue
liaogewang	了哥王	1493	legewang	了	le	liao
liangbaiyumo	两百余万	1493	liangbaiyuwan	万	wan	mo
liangmoduopingfanggongli	两万多平方公里	1493	liangwanduopingfanggongli	万	wan	mo
liangmohu	两万户	1493	liangwanhu	万	wan	mo
liangmomei	两万枚	1493	liangwanmei	万	wan	mo
liangmopingfangmi	两万平方米	1493	liangwanpingfangmi	万	wan	mo
liangmowuqianming	两万五千名	1493	liangwanwuqianming	万	wan	mo
liangmowuqianyu	两万五千余	1493	liangwanwuqianyu	万	wan	mo
liangmoyuli	两万余里	1493	liangwanyuli	万	wan	mo
liangmoyuming	两万余名	1493	liangwanyuming	万	wan	mo
lienvzhuan	烈女传	1493	lienvchuan	传	chuan	zhuan
lihuanchongbing	罹患重病	1493	lihuanzhongbing	重	zhong	chong
liubaiyumo	六百余万	1493	liubaiyuwan	万	wan	mo
liuneou	刘呐鸥	1493	liunaou	呐	na	ne
liuxiangde	流向地	1493	liuxiangdi	地	di	de
lunchanggongzhu	伦长公主	1493	lunzhanggongzhu	长	zhang	chang
luobucang	罗卜藏	1493	luobocang	卜	bo	bu
luodaijing	罗大惊	1493	luodajing	大	da	dai
manbu	埋布	1493	maibu	埋	mai	man
maselu	马塞卢	1493	masailu	塞	sai	se
meiguozhanglaokuai	美国长老会	1493	meiguozhanglaohui	会	hui	kuai
meiseshi	梅塞施	1493	meisaishi	塞	sai	se
mengteselatedao	蒙特塞拉特岛	1493	mengtesailatedao	塞	sai	se
moangsi	万盎司	1493	wanangsi	万	wan	mo
mochuan	万串	1493	wanchuan	万	wan	mo
mochuang	万幢	1493	wanchuang	万	wan	mo
moding	万锭	1493	wanding	万	wan	mo
modunlun	万吨轮	1493	wandunlun	万	wan	mo
moduochu	万多处	1493	wanduochu	万	wan	mo
moduofen	万多份	1493	wanduofen	万	wan	mo
moduojian	万多间	1493	wanduojian	万	wan	mo
moduojuan	万多卷	1493	wanduojuan	万	wan	mo
moduoqing	万多顷	1493	wanduoqing	万	wan	mo
moduosuo	万多所	1493	wanduosuo	万	wan	mo
moduozuo	万多座	1493	wanduozuo	万	wan	mo
mogong	万拱	1493	wangong	万	wan	mo
mohaning	万哈宁	1493	wanhaning	万	wan	mo
mohesongfeng	万壑松风	1493	wanhesongfeng	万	wan	mo
moliangzuoyou	万两左右	1493	wanliangzuoyou	万	wan	mo
molizhangkong	万里长空	1493	wanlizhangkong	万	wan	mo
momenjiaokuai	摩门教会	1493	momenjiaohui	会	hui	kuai
moquansi	万泉寺	1493	wanquansi	万	wan	mo
moshengnan	万绳楠	1493	wanshengnan	万	wan	mo
mosheshidu	万摄氏度	1493	wansheshidu	万	wan	mo
mutegongsi	模特公司	1493	motegongsi	模	mo	mu
moyilifangmi	万亿立方米	1493	wanyilifangmi	万	wan	mo
moyuchu	万余处	1493	wanyuchu	万	wan	mo
moyukou	万余口	1493	wanyukou	万	wan	mo
moyuliang	万余辆	1493	wanyuliang	万	wan	mo
muzaopin	模造品	1493	mozaopin	模	mo	mu
neihemukuai	内核模块	1493	neihemokuai	模	mo	mu
neiyimute	内衣模特	1493	neiyimote	模	mo	mu
niandei	碾得	1493	niande	得	de	dei
niboerwangguo	尼泊尔王国	1493	nipoerwangguo	泊	po	bo
niboerzhengfu	尼泊尔政府	1493	nipoerzhengfu	泊	po	bo
ningxieyao	凝血药	1493	ningxueyao	血	xue	xie
niuyangxu	牛羊畜	1493	niuyangchu	畜	chu	xu
nonghuaji	农化系	1493	nonghuaxi	系	xi	ji
oulajue	欧拉角	1493	oulajiao	角	jiao	jue
peitaoshuai	配套率	1493	peitaolv	率	lv	shuai
pianxiangjue	偏向角	1493	pianxiangjiao	角	jiao	jue
pojiao	颇觉	1493	pojue	觉	jue	jiao
poshi	剖示	1493	poushi	剖	pou	po
pula	扑落	1493	puluo	落	luo	la
qiandelaseka	钱德拉塞卡	1493	qiandelasaika	塞	sai	se
qianwanchong	千万重	1493	qianwanzhong	重	zhong	chong
qiaosi	俏似	1493	qiaoshi	似	shi	si
qibaiyumo	七百余万	1493	qibaiyuwan	万	wan	mo
qimohu	七万户	1493	qiwanhu	万	wan	mo
qiqianduomo	七千多万	1493	qiqianduowan	万	wan	mo
qishiduomohu	七十多万户	1493	qishiduowanhu	万	wan	mo
quexishuai	缺席率	1493	quexilv	率	lv	shuai
redaoshuai	热导率	1493	redaolv	率	lv	shuai
renshengruzhao	人生如朝	1493	renshengruchao	朝	chao	zhao
rentishukuo	人体舒适	1493	rentishushi	适	shi	kuo
renxingbenwu	人性本恶	1493	renxingbene	恶	e	wu
rihangyishan	日行一善	1493	rixingyishan	行	xing	hang
riwenji	日文系	1493	riwenxi	系	xi	ji
rongmu	熔模	1493	rongmo	模	mo	mu
sebeike	塞贝克	1493	saibeike	塞	sai	se
seerri	塞尔日	1493	saierri	塞	sai	se
seerwa	塞尔瓦	1493	saierwa	塞	sai	se
senate	塞纳特	1493	sainate	塞	sai	se
seweilinuo	塞维里诺	1493	saiweilinuo	塞	sai	se
sewenhe	塞文河	1493	saiwenhe	塞	sai	se
sandukuai	三读会	1493	sanduhui	会	hui	kuai
sanmoduohu	三万多户	1493	sanwanduohu	万	wan	mo
sanmoerqianyu	三万二千余	1493	sanwanerqianyu	万	wan	mo
sanshiliuzhao	三十六着	1493	sanshiliuzhe	着	zhe	zhao
sanshiliuzhuo	三十六着	1493	sanshiliuzhe	着	zhe	zhuo
sanshiyumopi	三十余万匹	1493	sanshiyuwanpi	万	wan	mo
shamushu	沙模数	1493	shamoshu	模	mo	mu
shangbeigu	上臂骨	1493	shangbigu	臂	bi	bei
shaodaikuai	少代会	1493	shaodaihui	会	hui	kuai
shenhuozi	神和子	1493	shenhezi	和	he	huo
shenshandaize	深山大泽	1493	shenshandaze	大	da	dai
shenzhongshutan	身中数弹	1493	shenzhongshudan	弹	dan	tan
zhesuanshuai	折算率	1493	zhesuanlv	率	lv	shuai
shezheng	折征	1493	zhezheng	折	zhe	she
shezufu	折足覆	1493	zhezufu	折	zhe	she
shibamoliang	十八万两	1493	shibawanliang	万	wan	mo
shibamoyu	十八万余	1493	shibawanyu	万	wan	mo
shichenxiao	史称孝	1493	shichengxiao	称	cheng	chen
shidaijianshe	十大建设	1493	shidajianshe	大	da	dai
shiliumoyu	十六万余	1493	shiliuwanyu	万	wan	mo
shisimoyu	十四万余	1493	shisiwanyu	万	wan	mo
shiwumohu	十五万户	1493	shiwuwanhu	万	wan	mo
shiwumojin	十五万斤	1493	shiwuwanjin	万	wan	mo
shiwumoming	十五万名	1493	shiwuwanming	万	wan	mo
shiyuchong	十余重	1493	shiyuzhong	重	zhong	chong
shiyuhang	十余行	1493	shiyuxing	行	xing	hang
shiyumokou	十余万口	1493	shiyuwankou	万	wan	mo
shuaitanghuo	帅汤和	1493	shuaitanghe	和	he	huo
shuchumukuai	输出模块	1493	shuchumokuai	模	mo	mu
shucihang	数次行	1493	shucixing	行	xing	hang
shumodun	数万吨	1493	shuwandun	万	wan	mo
shumojia	数万家	1493	shuwanjia	万	wan	mo
shumojian	数万件	1493	shuwanjian	万	wan	mo
shumojin	数万斤	1493	shuwanjin	万	wan	mo
shumokou	数万口	1493	shuwankou	万	wan	mo
shumoliang	数万两	1493	shuwanliang	万	wan	mo
shumomu	数万亩	1493	shuwanmu	万	wan	mo
shushihang	数十行	1493	shushixing	行	xing	hang
simohu	四万户	1493	siwanhu	万	wan	mo
simoyuqing	四万余顷	1493	siwanyuqing	万	wan	mo
sishierhang	四十二行	1493	sishierxing	行	xing	hang
songqinglingjijinkuai	宋庆龄基金会	1493	songqinglingjijinhui	会	hui	kuai
sufuchengming	素负盛名	1493	sufushengming	盛	sheng	cheng
taidaiyiyuan	台大医院	1493	taidayiyuan	大	da	dai
taiwandaxuelishiji	台湾大学历史系	1493	taiwandaxuelishixi	系	xi	ji
taiwanhaijikuai	台湾海基会	1493	taiwanhaijihui	会	hui	kuai
taoshefu	陶折腹	1493	taozhefu	折	zhe	she
tiaola	挑落	1493	tiaoluo	落	luo	la
tidengkuai	提灯会	1493	tidenghui	会	hui	kuai
tiejiyuansu	铁系元素	1493	tiexiyuansu	系	xi	ji
tongjuan	铜圈	1493	tongquan	圈	quan	juan
tuanbowa	团泊洼	1493	tuanpowa	泊	po	bo
tuifukuai	退辅会	1493	tuifuhui	会	hui	kuai
wangbiguang	王辟光	1493	wangpiguang	辟	pi	bi
wangbijiang	汪辟疆	1493	wangpijiang	辟	pi	bi
wangxianghan	王降汉	1493	wangjianghan	降	jiang	xiang
wangshuaibing	王率兵	1493	wanglvbing	率	lv	shuai
wangxuedi	王学的	1493	wangxuede	的	de	di
weihaizaode	围海造地	1493	weihaizaodi	地	di	de
wenjuhang	文具行	1493	wenjuxing	行	xing	hang
wudaizhou	五大州	1493	wudazhou	大	da	dai
wutiaohou	吴调侯	1493	wudiaohou	调	diao	tiao
wuji	武系	1493	wuxi	系	xi	ji
wumoduoming	五万多名	1493	wuwanduoming	万	wan	mo
wumoli	五万里	1493	wuwanli	万	wan	mo
wushiyumo	五十余万	1493	wushiyuwan	万	wan	mo
xianggangjinkuai	香港浸会	1493	xianggangjinhui	会	hui	kuai
xianggangjinkuaidaxue	香港浸会大学	1493	xianggangjinhuidaxue	会	hui	kuai
xiangjiasi	相贾似	1493	xiangjiashi	似	shi	si
xiaochen	消沈	1493	xiaoshen	沈	shen	chen
xiaohuashuai	消化率	1493	xiaohualv	率	lv	shuai
xiefangdei	谢枋得	1493	xiefangde	得	de	dei
xinbaozhe	寻宝者	1493	xunbaozhe	寻	xun	xin
xinchenyi	信称义	1493	xinchengyi	称	cheng	chen
xingbofu	刑薄赋	1493	xingbaofu	薄	bao	bo
xingwulun	性恶论	1493	xingelun	恶	e	wu
xinjiquexie	心肌缺血	1493	xinjiquexue	血	xue	xie
xinmazhen	寻麻疹	1493	xunmazhen	寻	xun	xin
xinsuo	寻索	1493	xunsuo	寻	xun	xin
xinxishuai	信息率	1493	xinxilv	率	lv	shuai
xiseshanhuaigu	西塞山怀古	1493	xisaishanhuaigu	塞	sai	se
xiwenji	西文系	1493	xiwenxi	系	xi	ji
xiyanshuai	吸烟率	1493	xiyanlv	率	lv	shuai
xubushi	须卜氏	1493	xuboshi	卜	bo	bu
xunhuo	驯和	1493	xunhe	和	he	huo
yangshouzhao	仰首朝	1493	yangshouchao	朝	chao	zhao
yanhang	沿行	1493	yanxing	行	xing	hang
yepangjianxi	咽旁间隙	1493	yanpangjianxi	咽	yan	ye
yanqingpian	燕青便	1493	yanqingbian	便	bian	pian
yanshejue	衍射角	1493	yanshejiao	角	jiao	jue
yanshenshuai	延伸率	1493	yanshenlv	率	lv	shuai
yazhumu	压铸模	1493	yazhumo	模	mo	mu
yibaiduomoliang	一百多万两	1493	yibaiduowanliang	万	wan	mo
yibaimoming	一百万名	1493	yibaiwanming	万	wan	mo
yibaimoyuan	一百万元	1493	yibaiwanyuan	万	wan	mo
yibaiyumo	一百余万	1493	yibaiyuwan	万	wan	mo
yifanchong	一番重	1493	yifanzhong	重	zhong	chong
yikese	伊克塞	1493	yikesai	塞	sai	se
yimoce	一万册	1493	yiwance	万	wan	mo
yimoerqianyu	一万二千余	1493	yiwanerqianyu	万	wan	mo
yimoli	一万里	1493	yiwanli	万	wan	mo
yimoliuqianyuhu	一万六千余户	1493	yiwanliuqianyuhu	万	wan	mo
yimowuqianliang	一万五千两	1493	yiwanwuqianliang	万	wan	mo
yimoyimeiyuan	一万亿美元	1493	yiwanyimeiyuan	万	wan	mo
yinbide	荫蔽地	1493	yinbidi	地	di	de
yingbangbangdi	硬邦邦的	1493	yingbangbangde	的	de	di
yizhishuai	抑制率	1493	yizhilv	率	lv	shuai
yongyuegong	永乐宫	1493	yonglegong	乐	le	yue
youhangshizhong	游行示众	1493	youxingshizhong	行	xing	hang
youlise	尤利塞	1493	youlisai	塞	sai	se
youxichangde	游戏场地	1493	youxichangdi	地	di	de
yufuzhixian	迂腐之见	1493	yufuzhijian	见	jian	xian
yumohu	余万户	1493	yuwanhu	万	wan	mo
yumokou	余万口	1493	yuwankou	万	wan	mo
yumolifangmi	余万立方米	1493	yuwanlifangmi	万	wan	mo
yumopingfanggongli	余万平方公里	1493	yuwanpingfanggongli	万	wan	mo
yumozhu	余万株	1493	yuwanzhu	万	wan	mo
zengchanshuai	增产率	1493	zengchanlv	率	lv	shuai
zengtaidai	赠台大	1493	zengtaida	大	da	dai
zhangchangshi	张长史	1493	zhangzhangshi	长	zhang	chang
zhangshuai	涨率	1493	zhanglv	率	lv	shuai
zhangxiuwei	掌宿卫	1493	zhangsuwei	宿	su	xiu
zhuajian	爪尖	1493	zhaojian	爪	zhao	zhua
zhaomingquan	著名权	1493	zhumingquan	著	zhu	zhao
zhemingquan	著名权	1493	zhumingquan	著	zhu	zhe
zhuomingquan	著名权	1493	zhumingquan	著	zhu	zhuo
zhaozuoquanren	著作权人	1493	zhuzuoquanren	著	zhu	zhao
zhezuoquanren	著作权人	1493	zhuzuoquanren	著	zhu	zhe
zhuozuoquanren	著作权人	1493	zhuzuoquanren	著	zhu	zhuo
zhengselizhao	正色立朝	1493	zhengselichao	朝	chao	zhao
zhengwujuexing	正五角形	1493	zhengwujiaoxing	角	jiao	jue
zhixiang	陟降	1493	zhijiang	降	jiang	xiang
zhijuelei	枝角类	1493	zhijiaolei	角	jiao	jue
zhongbochang	中波长	1493	zhongbozhang	长	zhang	chang
zhongguohongshizizongkuai	中国红十字总会	1493	zhongguohongshizizonghui	会	hui	kuai
zhongguoqingjikuai	中国青基会	1493	zhongguoqingjihui	会	hui	kuai
zhongshimu	忠实模	1493	zhongshimo	模	mo	mu
zhuankuaizhi	转会制	1493	zhuanhuizhi	会	hui	kuai
zhuodainu	卓大怒	1493	zhuodanu	大	da	dai
zhuziji	诸子系	1493	zhuzixi	系	xi	ji
zixinsilu	自寻死路	1493	zixunsilu	寻	xun	xin
zizhuanjue	自转角	1493	zizhuanjiao	角	jiao	jue
zizhutiao	紫竹调	1493	zizhudiao	调	diao	tiao
zuojuan	座圈	1493	zuoquan	圈	quan	juan
zuoyoulianghang	左右两行	1493	zuoyouliangxing	行	xing	hang
abixian	阿碧见	0	abijian	见	jian	xian
abinga	阿炳呵	0	abinghe	呵	he	a
abingkuai	阿炳会	0	abinghui	会	hui	kuai
abudulajibofu	阿卜杜拉季波夫	0	abodulajibofu	卜	bo	bu
abudulaye	阿卜杜拉耶	0	abodulaye	卜	bo	bu
abula	阿卜拉	0	abola	卜	bo	bu
abulai	阿卜莱	0	abolai	卜	bo	bu
abudurexiti	阿不都热西提	0	abudourexiti	都	dou	du
adeilai	阿得莱	0	adelai	得	de	dei
adeilei	阿得雷	0	adelei	得	de	dei
adijiang	阿的江	0	adejiang	的	de	di
adong	呵冻	0	hedong	呵	he	a
aerdouse	阿尔都塞	0	aerdousai	塞	sai	se
aerdusai	阿尔都塞	0	aerdousai	都	dou	du
aerduse	阿尔都塞	0	aerdousai	都	dou	du
aerduse	阿尔杜塞	0	aerdusai	塞	sai	se
aerse	阿尔塞	0	aersai	塞	sai	se
akuainan	阿会喃	0	ahuinan	会	hui	kuai
aibubo	艾卜伯	0	aibobo	卜	bo	bu
aibufeng	艾卜峰	0	aibofeng	卜	bo	bu
aibuye	艾卜耶	0	aiboye	卜	bo	bu
aichongbang	爱重邦	0	aizhongbang	重	zhong	chong
aixu	爱畜	0	aichu	畜	chu	xu
aidaijing	艾大惊	0	aidajing	大	da	dai
aidecha	矮地茶	0	aidicha	地	di	de
aideihua	爱得华	0	aidehua	得	de	dei
aideile	爱得乐	0	aidele	得	de	dei
aideiyue	爱得乐	0	aidele	得	de	dei
aideyue	爱得乐	0	aidele	乐	le	yue
aitiaodanbai	癌调蛋白	0	aidiaodanbai	调	diao	tiao
aiwufenming	爱恶分明	0	aiefenming	恶	e	wu
aiersewei	埃尔塞维	0	aiersaiwei	塞	sai	se
ailiaoguolai	捱了过来	0	aileguolai	了	le	liao
ailiaoguoqu	捱了过去	0	aileguoqu	了	le	liao
aiyueshe	爱乐社	0	aileshe	乐	le	yue
aimuchen	艾穆沈	0	aimushen	沈	shen	chen
aiqiude	哀求地	0	aiqiudi	地	di	de
aisekuibo	埃塞奎博	0	aisaikuibo	塞	sai	se
aisitejue	埃斯特角	0	aisitejiao	角	jiao	jue
aiweikuai	爱卫会	0	aiweihui	会	hui	kuai
aiweikuai	爱委会	0	aiweihui	会	hui	kuai
aiyuanwujin	爱远恶近	0	aiyuanejin	恶	e	wu
ajimidei	阿基米得	0	ajimide	得	de	dei
akesehasakezuzizhixian	阿克塞哈萨克族自治县	0	akesaihasakezuzizhixian	塞	sai	se
aling	呵令	0	heling	呵	he	a
alishandai	阿历山大	0	alishanda	大	da	dai
anbose	安博塞	0	anbosai	塞	sai	se
anchenchen	暗沈沈	0	anshenshen	沈	shen	chen
anchenshen	暗沈沈	0	anshenshen	沈	shen	chen
anshenchen	暗沈沈	0	anshenshen	沈	shen	chen
anchongrong	安重荣	0	anzhongrong	重	zhong	chong
andashuai	安打率	0	andalv	率	lv	shuai
andeiyi	安得倚	0	andeyi	得	de	dei
anjuyuejiao	安居乐教	0	anjulejiao	乐	le	yue
ankuoruchang	安适如常	0	anshiruchang	适	shi	kuo
anluoxie	安络血	0	anluoxue	血	xue	xie
anmote	安万特	0	anwante	万	wan	mo
anseermi	安塞尔米	0	ansaiermi	塞	sai	se
ansuanzhao	暗算着	0	ansuanzhe	着	zhe	zhao
ansuanzhuo	暗算着	0	ansuanzhe	着	zhe	zhuo
anxiande	安闲地	0	anxiandi	地	di	de
anzikuai	安子会	0	anzihui	会	hui	kuai
aodaliyaaoweikuai	澳大利亚奥委会	0	aodaliyaaoweihui	会	hui	kuai
aodese	奥德塞	0	aodesai	塞	sai	se
aodise	奥狄塞	0	aodisai	塞	sai	se
aomoda	奥万大	0	aowanda	万	wan	mo
aomodai	奥万大	0	aowanda	万	wan	mo
aowandai	奥万大	0	aowanda	大	da	dai
aoseluote	奥塞罗特	0	aosailuote	塞	sai	se
aoshenzhuan	傲神传	0	aoshenchuan	传	chuan	zhuan
asefei	阿塞菲	0	asaifei	塞	sai	se
asefu	阿塞弗	0	asaifu	塞	sai	se
asexi	阿塞西	0	asaixi	塞	sai	se
awangxinzhuan	阿旺新传	0	awangxinchuan	传	chuan	zhuan
azixian	阿紫见	0	azijian	见	jian	xian
azijiao	阿紫觉	0	azijue	觉	jue	jiao
baboen	巴柏恩	0	babaien	柏	bai	bo
babailingqimo	八百零七万	0	babailingqiwan	万	wan	mo
babiwawa	芭芘娃娃	0	bapiwawa	芘	pi	bi
baerdu	巴尔都	0	baerdou	都	dou	du
bakuaixue	八会穴	0	bahuixue	会	hui	kuai
boanni	柏安妮	0	baianni	柏	bai	bo
bobaohuai	柏抱槐	0	baibaohuai	柏	bai	bo
baibeibang	白臂傍	0	baibibang	臂	bi	bei
baidaidi	白大弟	0	baidadi	大	da	dai
baidaijun	白大钧	0	baidajun	大	da	dai
bodaozhang	柏道长	0	baidaozhang	柏	bai	bo
bodaoren	柏道人	0	baidaoren	柏	bai	bo
baiduomoxiang	百多万项	0	baiduowanxiang	万	wan	mo
baifengxian	白凤见	0	baifengjian	见	jian	xian
boguancong	柏灌丛	0	baiguancong	柏	bai	bo
boguangxin	柏广新	0	baiguangxin	柏	bai	bo
baiheshe	百合折	0	baihezhe	折	zhe	she
baihuachengkai	百花盛开	0	baihuashengkai	盛	sheng	cheng
baixiangdan	白降丹	0	baijiangdan	降	jiang	xiang
bojiansuo	柏建锁	0	baijiansuo	柏	bai	bo
bojingwan	柏景湾	0	baijingwan	柏	bai	bo
bojiyou	柏吉尤	0	baijiyou	柏	bai	bo
bojiyousi	柏吉尤斯	0	baijiyousi	柏	bai	bo
baiqiaodan	白壳蛋	0	baikedan	壳	ke	qiao
baiyuebaifu	百乐百福	0	bailebaifu	乐	le	yue
bailiezhao	摆列着	0	bailiezhe	着	zhe	zhao
bailiezhuo	摆列着	0	bailiezhe	着	zhe	zhuo
boluomixiu	柏罗米修	0	bailuomixiu	柏	bai	bo
baishuaibing	白率兵	0	bailvbing	率	lv	shuai
baimeichang	白眉长	0	baimeizhang	长	zhang	chang
baimojian	白万剑	0	baiwanjian	万	wan	mo
bomugan	柏木杆	0	baimugan	柏	bai	bo
baimuhangjiu	白木行久	0	baimuxingjiu	行	xing	hang
bonali	柏纳李	0	bainali	柏	bai	bo
boningdui	柏宁队	0	bainingdui	柏	bai	bo
bonuozi	柏诺兹	0	bainuozi	柏	bai	bo
baisebing	白塞病	0	baisaibing	塞	sai	se
baiseer	白塞尔	0	baisaier	塞	sai	se
baishengne	白胜呐	0	baishengna	呐	na	ne
boshishu	柏师叔	0	baishishu	柏	bai	bo
botiaohe	柏条河	0	baitiaohe	柏	bai	bo
baiwangxian	白旺见	0	baiwangjian	见	jian	xian
boweihua	柏卫华	0	baiweihua	柏	bai	bo
baiwuyichang	百无一长	0	baiwuyizhang	长	zhang	chang
baiwuyixian	百无一见	0	baiwuyijian	见	jian	xian
boyaoping	柏耀平	0	baiyaoping	柏	bai	bo
boyuanli	柏元里	0	baiyuanli	柏	bai	bo
baiyumokou	百余万口	0	baiyuwankou	万	wan	mo
baiyumotou	百余万头	0	baiyuwantou	万	wan	mo
baizhenxian	白振见	0	baizhenjian	见	jian	xian
boziren	柏子仁	0	baiziren	柏	bai	bo
bajiezhiweikuai	巴解执委会	0	bajiezhiweihui	会	hui	kuai
bajiezuzhizhiweikuai	巴解组织执委会	0	bajiezuzhizhiweihui	会	hui	kuai
pakai	耙开	0	bakai	耙	ba	pa
pamo	耙耱	0	bamo	耙	ba	pa
bamoduobei	八万多倍	0	bawanduobei	万	wan	mo
bamojin	八万斤	0	bawanjin	万	wan	mo
bamojiuqianyuan	八万九千元	0	bawanjiuqianyuan	万	wan	mo
bamoming	八万名	0	bawanming	万	wan	mo
banzhaohe	班朝贺	0	banchaohe	朝	chao	zhao
bandaitaijian	班大太监	0	bandataijian	大	da	dai
bandishen	班第参	0	bandican	参	can	shen
bandusishan	班都斯山	0	bandousishan	都	dou	du
bangji	傍系	0	bangxi	系	xi	ji
banguzhao	班固著	0	banguzhu	著	zhu	zhao
banguzhe	班固著	0	banguzhu	著	zhu	zhe
banguzhuo	班固著	0	banguzhu	著	zhu	zhuo
bangweikuai	棒委会	0	bangweihui	会	hui	kuai
banhangzhang	班行章	0	banxingzhang	行	xing	hang
banseer	班塞尔	0	bansaier	塞	sai	se
banshenghang	半生行	0	banshengxing	行	xing	hang
banxiuwei	班宿卫	0	bansuwei	宿	su	xiu
banzhengkuai	颁证会	0	banzhenghui	会	hui	kuai
bobiji	薄壁机	0	baobiji	薄	bao	bo
bobijun	薄壁菌	0	baobijun	薄	bao	bo
bobiyan	薄壁堰	0	baobiyan	薄	bao	bo
baochaixian	宝钗见	0	baochaijian	见	jian	xian
baochouxiechi	报仇血耻	0	baochouxuechi	血	xue	xie
baochuankuai	保川会	0	baochuanhui	会	hui	kuai
bocihoubi	薄此厚彼	0	baocihoubi	薄	bao	bo
baodaichu	鲍大楚	0	baodachu	大	da	dai
baodaixiang	宝大祥	0	baodaxiang	大	da	dai
baodaoshuai	报到率	0	baodaolv	率	lv	shuai
baodeiling	保得灵	0	baodeling	得	de	dei
baofajila	爆发集落	0	baofajiluo	落	luo	la
bofumu	薄父母	0	baofumu	薄	bao	bo
bogeban	薄隔板	0	baogeban	薄	bao	bo
bogezhi	薄革质	0	baogezhi	薄	bao	bo
bogulv	薄骨律	0	baogulv	薄	bao	bo
bohaitenghuan	薄海腾欢	0	baohaitenghuan	薄	bao	bo
baohuowan	保和丸	0	baohewan	和	he	huo
baohuozhen	宝和珍	0	baohezhen	和	he	huo
bohuanghou	薄皇后	0	baohuanghou	薄	bao	bo
bohuceng	薄互层	0	baohuceng	薄	bao	bo
baojiakuoyi	报价适宜	0	baojiashiyi	适	shi	kuo
bojiazao	薄甲藻	0	baojiazao	薄	bao	bo
baoqiaohetao	薄壳核桃	0	baokehetao	壳	ke	qiao
bokehetao	薄壳核桃	0	baokehetao	薄	bao	bo
boqiaohetao	薄壳核桃	0	baokehetao	薄	bao	bo
bolvchuang	薄铝窗	0	baolvchuang	薄	bao	bo
baomanji	包埋剂	0	baomaiji	埋	mai	man
bomaixian	薄脉弦	0	baomaixian	薄	bao	bo
boming	薄明	0	baoming	薄	bao	bo
bomucheng	薄幕呈	0	baomucheng	薄	bao	bo
bonen	薄嫩	0	baonen	薄	bao	bo
boqingse	薄青色	0	baoqingse	薄	bao	bo
boqu	薄曲	0	baoqu	薄	bao	bo
borenfu	薄刃斧	0	baorenfu	薄	bao	bo
borenhou	薄刃厚	0	baorenhou	薄	bao	bo
baoshade	薄砂地	0	baoshadi	地	di	de
boshade	薄砂地	0	baoshadi	薄	bao	bo
boshadi	薄砂地	0	baoshadi	薄	bao	bo
boshifen	薄施粉	0	baoshifen	薄	bao	bo
boshitai	薄氏太	0	baoshitai	薄	bao	bo
boshizhen	薄始祯	0	baoshizhen	薄	bao	bo
baoshuxian	宝树见	0	baoshujian	见	jian	xian
baoshunhang	宝顺行	0	baoshunxing	行	xing	hang
boshuren	薄树人	0	baoshuren	薄	bao	bo
bosongsong	薄松松	0	baosongsong	薄	bao	bo
bowangtaihou	薄王太后	0	baowangtaihou	薄	bao	bo
bowangxigu	薄往细故	0	baowangxigu	薄	bao	bo
boweilei	薄为雷	0	baoweilei	薄	bao	bo
baoye	胞咽	0	baoyan	咽	yan	ye
boyan	薄言	0	baoyan	薄	bao	bo
boye	薄业	0	baoye	薄	bao	bo
boyi	薄艺	0	baoyi	薄	bao	bo
boyinhu	薄音湖	0	baoyinhu	薄	bao	bo
boyouwei	薄有微	0	baoyouwei	薄	bao	bo
baoyuande	抱怨地	0	baoyuandi	地	di	de
boyuanyi	薄缘夷	0	baoyuanyi	薄	bao	bo
baozhaolixiang	抱着理想	0	baozhelixiang	着	zhe	zhao
baozhuolixiang	抱着理想	0	baozhelixiang	着	zhe	zhuo
baozhengshuai	保证率	0	baozhenglv	率	lv	shuai
bozhituliao	薄质涂料	0	baozhituliao	薄	bao	bo
bozhoukong	薄周孔	0	baozhoukong	薄	bao	bo
baozhuangshuai	包装率	0	baozhuanglv	率	lv	shuai
paping	耙平	0	baping	耙	ba	pa
baqianwubaiershisimoyuan	八千五百二十四万元	0	baqianwubaiershisiwanyuan	万	wan	mo
baqianyibaisanshiqimoqiqianerbaisanshiliukou	八千一百三十七万七千二百三十六口	0	baqianyibaisanshiqiwanqiqianerbaisanshiliukou	万	wan	mo
baselin	巴塞林	0	basailin	塞	sai	se
bashiwumoyingbang	八十五万英镑	0	bashiwuwanyingbang	万	wan	mo
bashiyumo	八十余万	0	bashiyuwan	万	wan	mo
bashuxingen	拔树寻根	0	bashuxungen	寻	xun	xin
bayujuanqu	鲅鱼圈区	0	bayuquanqu	圈	quan	juan
bayunkuai	八运会	0	bayunhui	会	hui	kuai
pazu	耙组	0	bazu	耙	ba	pa
beicong	臂丛	0	bicong	臂	bi	bei
beidaidiyiyiyuan	北大第一医院	0	beidadiyiyiyuan	大	da	dai
beidaishehuixueji	北大社会学系	0	beidashehuixuexi	大	da	dai
beidaishehuixuexi	北大社会学系	0	beidashehuixuexi	大	da	dai
beidashehuixueji	北大社会学系	0	beidashehuixuexi	系	xi	ji
beiduanla	北端落	0	beiduanluo	落	luo	la
beifangjiaodai	北方交大	0	beifangjiaoda	大	da	dai
beifuzhao	被覆着	0	beifuzhe	着	zhe	zhao
beifuzhuo	被覆着	0	beifuzhe	着	zhe	zhuo
beihaishuai	被害率	0	beihailv	率	lv	shuai
beijianshen	贝监参	0	beijiancan	参	can	shen
beijiandaowei	臂间倒位	0	bijiandaowei	臂	bi	bei
beijiexianzhe	被接见者	0	beijiejianzhe	见	jian	xian
beijinti	北金堤	0	beijindi	堤	di	ti
beijingchaoyangyiyuan	北京朝阳医院	0	beijingzhaoyangyiyuan	朝	zhao	chao
beijingdaibao	北京大宝	0	beijingdabao	大	da	dai
beijingdaxuefalvji	北京大学法律系	0	beijingdaxuefalvxi	系	xi	ji
beijingdaxueguojizhengzhiji	北京大学国际政治系	0	beijingdaxueguojizhengzhixi	系	xi	ji
beijingdaxueshehuixueji	北京大学社会学系	0	beijingdaxueshehuixuexi	系	xi	ji
beijingdianyingxueyuansheyingji	北京电影学院摄影系	0	beijingdianyingxueyuansheyingxi	系	xi	ji
beijingshifandaxuelishiji	北京师范大学历史系	0	beijingshifandaxuelishixi	系	xi	ji
beijingshilaodonghuoshehuibaozhangju	北京市劳动和社会保障局	0	beijingshilaodongheshehuibaozhangju	和	he	huo
beijingshirendachangweikuai	北京市人大常委会	0	beijingshirendachangweihui	会	hui	kuai
beiliaozhao	北辽朝	0	beiliaochao	朝	chao	zhao
beiliede	卑劣地	0	beiliedi	地	di	de
beinao	臂臑	0	binao	臂	bi	bei
beineidaowei	臂内倒位	0	bineidaowei	臂	bi	bei
beineitejue	贝内特角	0	beineitejiao	角	jiao	jue
beipanghe	臂旁核	0	bipanghe	臂	bi	bei
beisemai	贝塞麦	0	beisaimai	塞	sai	se
beisongzhao	背诵着	0	beisongzhe	着	zhe	zhao
beisongzhuo	背诵着	0	beisongzhe	着	zhe	zhuo
beiweihang	北魏行	0	beiweixing	行	xing	hang
beixiangzhao	背向着	0	beixiangzhe	着	zhe	zhao
beixiangzhuo	背向着	0	beixiangzhe	着	zhe	zhuo
beizhuan	臂膞	0	bizhuan	臂	bi	bei
beizuzhao	贝祖著	0	beizuzhu	著	zhu	zhao
beizuzhe	贝祖著	0	beizuzhu	著	zhu	zhe
beizuzhuo	贝祖著	0	beizuzhu	著	zhu	zhuo
bendeiermu	锛得儿木	0	bendeermu	得	de	dei
bengzhaojin	绷着劲	0	bengzhejin	着	zhe	zhao
bengzhuojin	绷着劲	0	bengzhejin	着	zhe	zhuo
bengzhaolianer	绷着脸儿	0	bengzhelianer	着	zhe	zhao
bengzhuolianer	绷着脸儿	0	bengzhelianer	着	zhe	zhuo
benxiaolidai	本小利大	0	benxiaolida	大	da	dai
bianbazaomu	编笆造模	0	bianbazaomo	模	mo	mu
bianchengliuliao	变成流了	0	bianchengliule	了	le	liao
bianzhuanshou	边传首	0	bianchuanshou	传	chuan	zhuan
biandaishou	边大绶	0	biandashou	大	da	dai
biandeifengmei	变得丰美	0	biandefengmei	得	de	dei
biandeijianren	变得坚韧	0	biandejianren	得	de	dei
biantiaohe	边调鹤	0	biandiaohe	调	diao	tiao
biandongshuai	变动率	0	biandonglv	率	lv	shuai
bianfuguihang	变服诡行	0	bianfuguixing	行	xing	hang
bianliaoyoubian	变了又变	0	bianleyoubian	了	le	liao
bianluzhuan	边路传	0	bianluchuan	传	chuan	zhuan
pianniao	便尿	0	bianniao	便	bian	pian
pianwuquan	便无权	0	bianwuquan	便	bian	pian
bianxiangxian	卞祥见	0	bianxiangjian	见	jian	xian
bianxintianxia	遍寻天下	0	bianxuntianxia	寻	xun	xin
bianzhedihua	编者的话	0	bianzhedehua	的	de	di
bianzhishuai	贬值率	0	bianzhilv	率	lv	shuai
pianzhuo	便酌	0	bianzhuo	便	bian	pian
biaobangzhao	标榜着	0	biaobangzhe	着	zhe	zhao
biaobangzhuo	标榜着	0	biaobangzhe	着	zhe	zhuo
biaoxiandaili	表见代理	0	biaojiandaili	见	jian	xian
biaomianpianla	表面片落	0	biaomianpianluo	落	luo	la
biaoshidiji	表示的级	0	biaoshideji	的	de	di
biaozhizhao	标志著	0	biaozhizhu	著	zhu	zhao
biaozhizhe	标志著	0	biaozhizhu	著	zhu	zhe
biaozhizhuo	标志著	0	biaozhizhu	著	zhu	zhuo
shaozi	杓子	0	biaozi	杓	biao	shao
bishenzaohua	笔参造化	0	bicanzaohua	参	can	shen
bichangyi	比长仪	0	bizhangyi	长	zhang	chang
bichongyuan	毕重远	0	bizhongyuan	重	zhong	chong
bizhuanzhizuo	必传之作	0	bichuanzhizuo	传	chuan	zhuan
bitankeng	避弹坑	0	bidankeng	弹	dan	tan
bideibaoluo	彼得保罗	0	bidebaoluo	得	de	dei
bideiluofusiji	彼得罗夫斯基	0	bideluofusiji	得	de	dei
bideisong	彼得松	0	bidesong	得	de	dei
bideisongtu	彼得松图	0	bidesongtu	得	de	dei
biti	比堤	0	bidi	堤	di	ti
biwu	弊恶	0	bie	恶	e	wu
biebiedi	瘪瘪的	0	biebiede	的	de	di
bielitan	别力弹	0	bielidan	弹	dan	tan
bihua	辟划	0	pihua	辟	pi	bi
bikai	辟开	0	pikai	辟	pi	bi
biqiaoji	闭壳肌	0	bikeji	壳	ke	qiao
bikouyinmu	闭口印模	0	bikouyinmo	模	mo	mu
biliankuai	毕联会	0	bilianhui	会	hui	kuai
bimeiyangwu	敝美扬恶	0	bimeiyange	恶	e	wu
bimingzhaozuo	笔名着作	0	bimingzhezuo	着	zhe	zhao
bimingzhuozuo	笔名着作	0	bimingzhezuo	着	zhe	zhuo
binangqiao	闭囊壳	0	binangke	壳	ke	qiao
bingcanshuai	病残率	0	bingcanlv	率	lv	shuai
bingcuodexiao	兵挫地削	0	bingcuodixue	地	di	de
bingcuodexue	兵挫地削	0	bingcuodixue	地	di	de
bingcuodixiao	兵挫地削	0	bingcuodixue	削	xue	xiao
binggandian	饼乾店	0	bingqiandian	乾	qian	gan
bingganhe	饼乾盒	0	bingqianhe	乾	qian	gan
bingque	丙炔	0	binggui	炔	gui	que
bingzhao	禀着	0	bingzhe	着	zhe	zhao
bingzhuo	禀着	0	bingzhe	着	zhe	zhuo
bise	敝塞	0	bisai	塞	sai	se
bisaidai	比塞大	0	bisaida	大	da	dai
biseda	比塞大	0	bisaida	塞	sai	se
bisedai	比塞大	0	bisaida	塞	sai	se
bitiandu	毕天都	0	bitiandou	都	dou	du
biyierhang	比翼而行	0	biyierxing	行	xing	hang
bucongshan	卜从善	0	bocongshan	卜	bo	bu
bodehuan	卜地桓	0	bodihuan	地	di	de
budehuan	卜地桓	0	bodihuan	卜	bo	bu
budihuan	卜地桓	0	bodihuan	卜	bo	bu
budeku	卜德库	0	bodeku	卜	bo	bu
boerse	波尔塞	0	boersai	塞	sai	se
bowuyichou	播恶遗臭	0	boeyichou	恶	e	wu
bufajian	卜法间	0	bofajian	卜	bo	bu
boganlong	博乾隆	0	boqianlong	乾	qian	gan
bogende	伯根地	0	bogendi	地	di	de
buguoke	卜国可	0	boguoke	卜	bo	bu
buhahe	卜哈河	0	bohahe	卜	bo	bu
boheiseerweiyagongheguo	波黑塞尔维亚共和国	0	boheisaierweiyagongheguo	塞	sai	se
bujialei	卜加勒	0	bojialei	卜	bo	bu
bujiangjun	卜将军	0	bojiangjun	卜	bo	bu
bujingshi	卜京师	0	bojingshi	卜	bo	bu
bukalei	卜卡勒	0	bokalei	卜	bo	bu
bokeqiangbo	驳壳枪薄	0	bokeqiangbao	薄	bao	bo
bulamu	卜拉姆	0	bolamu	卜	bo	bu
bulaximi	卜拉希米	0	bolaximi	卜	bo	bu
buleijia	卜雷加	0	boleijia	卜	bo	bu
bulisi	卜里斯	0	bolisi	卜	bo	bu
buluna	卜伦阿	0	boluna	卜	bo	bu
bomao	蕃茂	0	fanmao	蕃	fan	bo
bumige	卜弥格	0	bomige	卜	bo	bu
bunifa	卜尼法	0	bonifa	卜	bo	bu
buqinghua	卜庆华	0	boqinghua	卜	bo	bu
bosete	波塞特	0	bosaite	塞	sai	se
bushangtie	卜商帖	0	boshangtie	卜	bo	bu
bushi	卜式	0	boshi	卜	bo	bu
bushiren	卜世仁	0	boshiren	卜	bo	bu
bushouze	卜守则	0	boshouze	卜	bo	bu
boshu	蕃庶	0	fanshu	蕃	fan	bo
boshutiaoxiang	波束调向	0	boshudiaoxiang	调	diao	tiao
boshujue	波束角	0	boshujiao	角	jiao	jue
bosonghe	泊松核	0	posonghe	泊	po	bo
buwenji	卜问吉	0	bowenji	卜	bo	bu
buwenqi	卜问其	0	bowenqi	卜	bo	bu
buxiangzhi	卜祥志	0	boxiangzhi	卜	bo	bu
buxueliang	卜学亮	0	boxueliang	卜	bo	bu
boyibu	卜一卜	0	boyibo	卜	bo	bu
buyibo	卜一卜	0	boyibo	卜	bo	bu
buyibu	卜一卜	0	boyibo	卜	bo	bu
bozanzhao	伯赞著	0	bozanzhu	著	zhu	zhao
bozanzhe	伯赞著	0	bozanzhu	著	zhu	zhe
bozanzhuo	伯赞著	0	bozanzhu	著	zhu	zhuo
buzhisi	卜职司	0	bozhisi	卜	bo	bu
buzhixiong	卜之兄	0	bozhixiong	卜	bo	bu
buzhuji	卜祝及	0	bozhuji	卜	bo	bu
buzhuwu	卜祝巫	0	bozhuwu	卜	bo	bu
buzicun	卜子村	0	bozicun	卜	bo	bu
buchongxing	不重性	0	buzhongxing	重	zhong	chong
buzhuanzhimi	不传之密	0	buchuanzhimi	传	chuan	zhuan
buduyou	布都有	0	budouyou	都	dou	du
buende	布恩地	0	buendi	地	di	de
buhetiao	不合调	0	buhediao	调	diao	tiao
buhegeshuai	不合格率	0	buhegelv	率	lv	shuai
buhuishouchang	部会首长	0	buhuishouzhang	长	zhang	chang
buxianzhuo	布见卓	0	bujianzhuo	见	jian	xian
bujingquede	不精确地	0	bujingquedi	地	di	de
bukejiede	不可解地	0	bukejiedi	地	di	de
bulagejue	布拉格角	0	bulagejiao	角	jiao	jue
bulaidei	布莱得	0	bulaide	得	de	dei
bulaoerdei	不劳而得	0	bulaoerde	得	de	dei
buliankuai	不联会	0	bulianhui	会	hui	kuai
bushuaibing	布率兵	0	bulvbing	率	lv	shuai
bumanyishuai	不满意率	0	bumanyilv	率	lv	shuai
bumenrenni	部门人呢	0	bumenrenne	呢	ne	ni
bumushu	补模数	0	bumoshu	模	mo	mu
bumutou	不模头	0	bumotou	模	mo	mu
buqiadangde	不恰当地	0	buqiadangdi	地	di	de
buqingxian	布青见	0	buqingjian	见	jian	xian
busebuliu	不塞不流	0	busaibuliu	塞	sai	se
busena	布塞纳	0	busaina	塞	sai	se
busexialiu	不塞下流	0	busaixialiu	塞	sai	se
butimiande	不体面地	0	butimiandi	地	di	de
buwendingde	不稳定地	0	buwendingdi	地	di	de
buxiangchende	不相称地	0	buxiangchendi	地	di	de
buxiangdengde	不相等地	0	buxiangdengdi	地	di	de
buxinsheng	步寻声	0	buxunsheng	寻	xun	xin
buyitan	布依弹	0	buyidan	弹	dan	tan
buzhisuokuo	不知所适	0	buzhisuoshi	适	shi	kuo
buzimu	补子模	0	buzimo	模	mo	mu
caganjing	擦乾净	0	caqianjing	乾	qian	gan
caifangbo	蔡方柏	0	caifangbai	柏	bai	bo
caifupian	蔡福便	0	caifubian	便	bian	pian
caigongxie	采供血	0	caigongxue	血	xue	xie
caijinde	采金地	0	caijindi	地	di	de
cailidai	蔡礼大	0	cailida	大	da	dai
caishoushuai	采收率	0	caishoulv	率	lv	shuai
caiweitan	蔡惟弹	0	caiweidan	弹	dan	tan
caixiongshidai	财雄势大	0	caixiongshida	大	da	dai
caiyide	猜疑地	0	caiyidi	地	di	de
caizhengshuai	财政率	0	caizhenglv	率	lv	shuai
cama	擦抹	0	camo	抹	mo	ma
camazhao	擦抹着	0	camozhe	抹	mo	ma
camazhe	擦抹着	0	camozhe	抹	mo	ma
camazhuo	擦抹着	0	camozhe	抹	mo	ma
camozhao	擦抹着	0	camozhe	着	zhe	zhao
camozhuo	擦抹着	0	camozhe	着	zhe	zhuo
shenbianliang	参变量	0	canbianliang	参	can	shen
canfengxiuxue	餐风宿雪	0	canfengsuxue	宿	su	xiu
shenfutang	参附汤	0	canfutang	参	can	shen
cangbiandaichou	藏边大丑	0	cangbiandachou	大	da	dai
shenqi	参芪	0	canqi	参	can	shen
shentang	参堂	0	cantang	参	can	shen
caocaozhuan	曹操传	0	caocaochuan	传	chuan	zhuan
caochangmafei	草长马肥	0	caozhangmafei	长	zhang	chang
caozhuanxin	曹传信	0	caochuanxin	传	chuan	zhuan
caodaiyuan	曹大元	0	caodayuan	大	da	dai
caokuaiqu	曹会渠	0	caohuiqu	会	hui	kuai
caolingbu	操令卜	0	caolingbo	卜	bo	bu
caoshuaidezuo	草率地做	0	caoshuaidizuo	地	di	de
caozhihuo	曹志和	0	caozhihe	和	he	huo
cayanmalei	擦眼抹泪	0	cayanmolei	抹	mo	ma
cechangyi	测长仪	0	cezhangyi	长	zhang	chang
cedeliu	测地流	0	cediliu	地	di	de
cejueqi	测角器	0	cejiaoqi	角	jiao	jue
cengdeiming	曾得明	0	cengdeming	得	de	dei
cengdeiyi	曾得异	0	cengdeyi	得	de	dei
cengxianshen	曾见神	0	cengjianshen	见	jian	xian
cenglichong	曾立重	0	cenglizhong	重	zhong	chong
cengrouxian	曾柔见	0	cengroujian	见	jian	xian
cengxuedei	曾学得	0	cengxuede	得	de	dei
cengzhihang	曾置行	0	cengzhixing	行	xing	hang
ceshijuan	侧视圈	0	ceshiquan	圈	quan	juan
chaiboshu	差波束	0	chaboshu	差	cha	chai
chaicai	差猜	0	chacai	差	cha	chai
chazhuanyi	查传谊	0	chachuanyi	传	chuan	zhuan
chacuoshuai	差错率	0	chacuolv	率	lv	shuai
chadai	刹带	0	shadai	刹	sha	cha
chaidaishu	差代数	0	chadaishu	差	cha	chai
chadeidong	查得东	0	chadedong	得	de	dei
chafengzhengji	刹风整纪	0	shafengzhengji	刹	sha	cha
chaiguangpu	差光谱	0	chaguangpu	差	cha	chai
chajiashuai	差价率	0	chajialv	率	lv	shuai
chaikanziwei	差堪自慰	0	chakanziwei	差	cha	chai
chailangselu	豺狼塞路	0	chailangsailu	塞	sai	se
chaiqian	差迁	0	chaqian	差	cha	chai
chairefenxi	差热分析	0	charefenxi	差	cha	chai
chaisanshe	差散射	0	chasanshe	差	cha	chai
chaisuchenjiang	差速沉降	0	chasuchenjiang	差	cha	chai
chaisuchenxiang	差速沉降	0	chasuchenjiang	差	cha	chai
chasuchenxiang	差速沉降	0	chasuchenjiang	降	jiang	xiang
chaisulixin	差速离心	0	chasulixin	差	cha	chai
chaiyihaoli	差以毫厘	0	chayihaoli	差	cha	chai
chajuelajie	茶角蜡蚧	0	chajiaolajie	角	jiao	jue
chajieshuai	查结率	0	chajielv	率	lv	shuai
chanchade	产茶地	0	chanchadi	地	di	de
chandanshuai	产蛋率	0	chandanlv	率	lv	shuai
changaoshuai	产羔率	0	changaolv	率	lv	shuai
changbaican	长白参	0	zhangbaican	长	zhang	chang
changbaishen	长白参	0	zhangbaican	长	zhang	chang
zhangbaishen	长白参	0	zhangbaican	参	can	shen
changbaiqiuling	长白丘陵	0	zhangbaiqiuling	长	zhang	chang
changbaizhu	长白猪	0	zhangbaizhu	长	zhang	chang
changbingshaozi	长柄勺子	0	zhangbingshaozi	长	zhang	chang
changbinxiang	长滨乡	0	zhangbinxiang	长	zhang	chang
changbinyan	长玢岩	0	zhangbinyan	长	zhang	chang
changchangfeng	常长风	0	changzhangfeng	长	zhang	chang
changzhaoli	常朝礼	0	changchaoli	朝	chao	zhao
changcheng	娼盛	0	changsheng	盛	sheng	cheng
changcheng	畅盛	0	changsheng	盛	sheng	cheng
changchengtian	长澄田	0	zhangchengtian	长	zhang	chang
changdeiyan	长得艳	0	zhangdeyan	长	zhang	chang
changdeyan	长得艳	0	zhangdeyan	长	zhang	chang
zhangdeiyan	长得艳	0	zhangdeyan	得	de	dei
changdian	长甸	0	zhangdian	长	zhang	chang
changdinggai	长顶盖	0	zhangdinggai	长	zhang	chang
changganhuatong	长杆话筒	0	zhangganhuatong	长	zhang	chang
changguanya	长冠牙	0	zhangguanya	长	zhang	chang
changjianfei	长箭飞	0	zhangjianfei	长	zhang	chang
changjiangdou	长豇豆	0	zhangjiangdou	长	zhang	chang
changxianguzhang	常见故障	0	changjianguzhang	见	jian	xian
changjimoyan	肠系膜炎	0	changximoyan	系	xi	ji
changjinjiang	长津江	0	zhangjinjiang	长	zhang	chang
changjinzhi	长金志	0	zhangjinzhi	长	zhang	chang
changkaoyi	长靠椅	0	zhangkaoyi	长	zhang	chang
changliangshan	长梁山	0	zhangliangshan	长	zhang	chang
changlinge	长林哥	0	zhanglinge	长	zhang	chang
changlinggang	长岭岗	0	zhanglinggang	长	zhang	chang
changliuer	长溜儿	0	zhangliuer	长	zhang	chang
changmeijun	长眉俊	0	zhangmeijun	长	zhang	chang
changningdian	长宁店	0	zhangningdian	长	zhang	chang
changningzhen	长宁镇	0	zhangningzhen	长	zhang	chang
changqingzhen	长清镇	0	zhangqingzhen	长	zhang	chang
changqizhen	长岐镇	0	zhangqizhen	长	zhang	chang
changrizhaoxing	长日照型	0	zhangrizhaoxing	长	zhang	chang
changsanbing	长三丙	0	zhangsanbing	长	zhang	chang
changsanhuojian	长三火箭	0	zhangsanhuojian	长	zhang	chang
changsanyi	长三乙	0	zhangsanyi	长	zhang	chang
changshang	长殇	0	zhangshang	长	zhang	chang
changshanhetao	长山核桃	0	zhangshanhetao	长	zhang	chang
changshecheng	长射程	0	zhangshecheng	长	zhang	chang
changshunxian	长顺县	0	zhangshunxian	长	zhang	chang
changsiji	长丝级	0	zhangsiji	长	zhang	chang
changtanxia	长滩峡	0	zhangtanxia	长	zhang	chang
changtongquxin	长筒取心	0	zhangtongquxin	长	zhang	chang
changweibingdu	长尾病毒	0	zhangweibingdu	长	zhang	chang
changweiyuan	长尾猿	0	zhangweiyuan	长	zhang	chang
changxijing	长细晶	0	zhangxijing	长	zhang	chang
changxindianzhen	长辛店镇	0	zhangxindianzhen	长	zhang	chang
changxinhou	长信侯	0	zhangxinhou	长	zhang	chang
changyangxian	长阳县	0	zhangyangxian	长	zhang	chang
changyanmei	长焰煤	0	zhangyanmei	长	zhang	chang
changyanyikong	长烟一空	0	zhangyanyikong	长	zhang	chang
changyejian	长野健	0	zhangyejian	长	zhang	chang
changyesong	长叶松	0	zhangyesong	长	zhang	chang
changyingyan	长英岩	0	zhangyingyan	长	zhang	chang
changyouyi	长有仪	0	zhangyouyi	长	zhang	chang
changyu	长裕	0	zhangyu	长	zhang	chang
changzhaishuai	偿债率	0	changzhailv	率	lv	shuai
changzhengzhong	长正中	0	zhangzhengzhong	长	zhang	chang
changzhenzi	长真子	0	zhangzhenzi	长	zhang	chang
changziyuan	长字元	0	zhangziyuan	长	zhang	chang
chanhuozi	禅和子	0	chanhezi	和	he	huo
chanyueshe	禅乐社	0	chanleshe	乐	le	yue
chanmide	产米地	0	chanmidi	地	di	de
chanshashuai	产沙率	0	chanshalv	率	lv	shuai
chanxiaode	产销地	0	chanxiaodi	地	di	de
chanxiaoshuai	产销率	0	chanxiaolv	率	lv	shuai
chanyiweichong	蝉翼为重	0	chanyiweizhong	重	zhong	chong
chanzazhao	搀杂着	0	chanzazhe	着	zhe	zhao
chanzazhuo	搀杂着	0	chanzazhe	着	zhe	zhuo
zhaobeibian	朝北边	0	chaobeibian	朝	chao	zhao
zhaozhaoxixi	朝朝夕夕	0	chaozhaoxixi	朝	chao	zhao
chaodaisui	超大穗	0	chaodasui	大	da	dai
zhaodongmian	朝东面	0	chaodongmian	朝	chao	zhao
chaogaixian	晁盖见	0	chaogaijian	见	jian	xian
zhaohuawang	朝华网	0	chaohuawang	朝	chao	zhao
zhaoketu	朝克图	0	chaoketu	朝	chao	zhao
zhaoludi	朝陆地	0	chaoludi	朝	chao	zhao
zhaomoyouzong	朝墨游踪	0	chaomoyouzong	朝	chao	zhao
zhaoqianshibian	朝迁市变	0	chaoqianshibian	朝	chao	zhao
zhaoshengximie	朝生夕灭	0	chaoshengximie	朝	chao	zhao
zhaosixiji	朝思夕计	0	chaosixiji	朝	chao	zhao
zhaowendaoxi	朝闻道夕	0	chaowendaoxi	朝	chao	zhao
zhaoxianminzhuzhuyirenmingongheguozhengfu	朝鲜民主主义人民共和国政府	0	chaoxianminzhuzhuyirenmingongheguozhengfu	朝	chao	zhao
zhaoxianwaijiaobu	朝鲜外交部	0	chaoxianwaijiaobu	朝	chao	zhao
zhaoxibian	朝西边	0	chaoxibian	朝	chao	zhao
zhaoximian	朝西面	0	chaoximian	朝	chao	zhao
chazhao	搽着	0	chazhe	着	zhe	zhao
chazhuo	搽着	0	chazhe	着	zhe	zhuo
chazhunshuai	查准率	0	chazhunlv	率	lv	shuai
chenanlian	沈暗恋	0	shenanlian	沈	shen	chen
chenborong	陈柏榕	0	chenbairong	柏	bai	bo
chenbanlu	沈半路	0	shenbanlu	沈	shen	chen
chenbaojun	沈宝钧	0	shenbaojun	沈	shen	chen
chenbenliang	沈本良	0	shenbenliang	沈	shen	chen
chenbulichui	称不离锤	0	chengbulichui	称	cheng	chen
chenbuzhuqi	沈不住气	0	shenbuzhuqi	沈	shen	chen
chencailian	沈彩莲	0	shencailian	沈	shen	chen
chencenghua	沈曾华	0	shencenghua	沈	shen	chen
chencha	尘刹	0	chensha	刹	sha	cha
chenchangheng	陈长蘅	0	chenzhangheng	长	zhang	chang
chenchanglu	陈长禄	0	chenzhanglu	长	zhang	chang
chenchenhong	陈称鸿	0	chenchenghong	称	cheng	chen
chenchengji	陈诚系	0	chenchengxi	系	xi	ji
chenchenjiao	沈沈叫	0	shenshenjiao	沈	shen	chen
chenshenjiao	沈沈叫	0	shenshenjiao	沈	shen	chen
shenchenjiao	沈沈叫	0	shenshenjiao	沈	shen	chen
chenzhuankang	陈传康	0	chenchuankang	传	chuan	zhuan
chenconglong	沈从龙	0	shenconglong	沈	shen	chen
chendailin	陈大林	0	chendalin	大	da	dai
chendaimin	陈大民	0	chendamin	大	da	dai
chendaipeng	陈大鹏	0	chendapeng	大	da	dai
chendaiqi	陈大齐	0	chendaqi	大	da	dai
chendaixie	陈大燮	0	chendaxie	大	da	dai
chendaiyu	沈大与	0	shendayu	沈	shen	chen
chendayu	沈大与	0	shendayu	沈	shen	chen
shendaiyu	沈大与	0	shendayu	大	da	dai
chendanping	沈丹萍	0	shendanping	沈	shen	chen
chendanxian	沈丹线	0	shendanxian	沈	shen	chen
chendaren	沈达人	0	shendaren	沈	shen	chen
chendebaoli	沈德宝莉	0	shendebaoli	沈	shen	chen
chendeicai	陈得才	0	chendecai	得	de	dei
chendechang	沈德昌	0	shendechang	沈	shen	chen
chendehong	沈德鸿	0	shendehong	沈	shen	chen
chendeizhuqi	沈得住气	0	shendezhuqi	沈	shen	chen
chendezhuqi	沈得住气	0	shendezhuqi	沈	shen	chen
shendeizhuqi	沈得住气	0	shendezhuqi	得	de	dei
chendianchulai	沈淀出来	0	shendianchulai	沈	shen	chen
chendiandian	沈佃佃	0	shendiandian	沈	shen	chen
chendianfa	沈淀法	0	shendianfa	沈	shen	chen
chendianwu	沈淀物	0	shendianwu	沈	shen	chen
chending	沈疔	0	shending	沈	shen	chen
chenduanxian	沈端先	0	shenduanxian	沈	shen	chen
chene	沈痾	0	shene	沈	shen	chen
chenerren	沈二人	0	shenerren	沈	shen	chen
chenfumin	沈福民	0	shenfumin	沈	shen	chen
chenfuru	沈福儒	0	shenfuru	沈	shen	chen
chenfuwen	沈福文	0	shenfuwen	沈	shen	chen
chenfuxin	沈福馨	0	shenfuxin	沈	shen	chen
chenfuying	沈拂影	0	shenfuying	沈	shen	chen
chengbei	撑臂	0	chengbi	臂	bi	bei
chengchang	盛倡	0	shengchang	盛	sheng	cheng
chengchengyao	盛称尧	0	shengchengyao	盛	sheng	cheng
chengchenyao	盛称尧	0	shengchengyao	盛	sheng	cheng
shengchenyao	盛称尧	0	shengchengyao	称	cheng	chen
chengchuqi	盛储器	0	shengchuqi	盛	sheng	cheng
chengdachuanqi	盛大传奇	0	shengdachuanqi	盛	sheng	cheng
chengdaichuanqi	盛大传奇	0	shengdachuanqi	盛	sheng	cheng
shengdaichuanqi	盛大传奇	0	shengdachuanqi	大	da	dai
chengdaichenghuan	承贷承还	0	chengdaichenghai	还	hai	huan
chengdailin	成大林	0	chengdalin	大	da	dai
chengdaiyan	成大言	0	chengdayan	大	da	dai
chengdaiyong	盛大勇	0	shengdayong	盛	sheng	cheng
chengdayong	盛大勇	0	shengdayong	盛	sheng	cheng
shengdaiyong	盛大勇	0	shengdayong	大	da	dai
chengdanjing	盛丹菁	0	shengdanjing	盛	sheng	cheng
chengdeyifan	盛德遗范	0	shengdeyifan	盛	sheng	cheng
chengti	城堤	0	chengdi	堤	di	ti
chengtiaodui	城调队	0	chengdiaodui	调	diao	tiao
chengwu	逞恶	0	chenge	恶	e	wu
chengfangcai	盛放彩	0	shengfangcai	盛	sheng	cheng
chengfaqi	盛发期	0	shengfaqi	盛	sheng	cheng
chengfu	盛服	0	shengfu	盛	sheng	cheng
chenggang	盛冈	0	shenggang	盛	sheng	cheng
chengganguan	承乾官	0	chengqianguan	乾	qian	gan
chengganmen	承乾门	0	chengqianmen	乾	qian	gan
chengoufeng	称钩风	0	chenggoufeng	称	cheng	chen
chengguolai	盛过来	0	shengguolai	盛	sheng	cheng
chengguolan	盛国兰	0	shengguolan	盛	sheng	cheng
chengguoqi	盛果期	0	shengguoqi	盛	sheng	cheng
chengguoqing	盛国庆	0	shengguoqing	盛	sheng	cheng
chengguoqu	盛过去	0	shengguoqu	盛	sheng	cheng
chenghebang	盛和帮	0	shenghebang	盛	sheng	cheng
chenghuobang	盛和帮	0	shenghebang	盛	sheng	cheng
shenghuobang	盛和帮	0	shenghebang	和	he	huo
chenghuajie	盛华杰	0	shenghuajie	盛	sheng	cheng
chenghuaren	盛华仁	0	shenghuaren	盛	sheng	cheng
chengji	盛季	0	shengji	盛	sheng	cheng
chengjiadai	程家大	0	chengjiada	大	da	dai
chengjianqiu	盛剑秋	0	shengjianqiu	盛	sheng	cheng
chengjiaoshuai	成交率	0	chengjiaolv	率	lv	shuai
chengjingshi	盛京时	0	shengjingshi	盛	sheng	cheng
chenglecheng	盛乐城	0	shenglecheng	盛	sheng	cheng
chengyuecheng	盛乐城	0	shenglecheng	盛	sheng	cheng
shengyuecheng	盛乐城	0	shenglecheng	乐	le	yue
chengleqian	盛乐迁	0	shengleqian	盛	sheng	cheng
chengyueqian	盛乐迁	0	shengleqian	盛	sheng	cheng
shengyueqian	盛乐迁	0	shengleqian	乐	le	yue
chengmingnanfu	盛名难负	0	shengmingnanfu	盛	sheng	cheng
chengnuoshuhuo	承诺书和	0	chengnuoshuhe	和	he	huo
chengpin	盛频	0	shengpin	盛	sheng	cheng
chengqilinren	盛气临人	0	shengqilinren	盛	sheng	cheng
chengrun	盛润	0	shengrun	盛	sheng	cheng
chengshiliang	盛世良	0	shengshiliang	盛	sheng	cheng
chengshixi	盛时西	0	shengshixi	盛	sheng	cheng
chengshuiqi	盛水期	0	shengshuiqi	盛	sheng	cheng
chengshuitong	盛水铜	0	shengshuitong	盛	sheng	cheng
chengsidai	承嗣大	0	chengsida	大	da	dai
chenguangxuan	沈光玄	0	shenguangxuan	沈	shen	chen
chenguniang	沈姑娘	0	shenguniang	沈	shen	chen
chenguniangxiang	沈姑娘香	0	shenguniangxiang	沈	shen	chen
chenguofang	沈国放	0	shenguofang	沈	shen	chen
chenguojun	沈国俊	0	shenguojun	沈	shen	chen
chenguozhen	沈国桢	0	shenguozhen	沈	shen	chen
chenguozhen	沈国祯	0	shenguozhen	沈	shen	chen
chengweikuai	程委会	0	chengweihui	会	hui	kuai
chengwenyu	盛文郁	0	shengwenyu	盛	sheng	cheng
chengxiao	盛销	0	shengxiao	盛	sheng	cheng
chengxiaozhuozhao	成效卓着	0	chengxiaozhuozhe	着	zhe	zhao
chengxiaozhuozhuo	成效卓着	0	chengxiaozhuozhe	着	zhe	zhuo
chengxifu	盛锡福	0	shengxifu	盛	sheng	cheng
chengxingsun	盛杏荪	0	shengxingsun	盛	sheng	cheng
chengxizhao	承袭着	0	chengxizhe	着	zhe	zhao
chengxizhuo	承袭着	0	chengxizhe	着	zhe	zhuo
chengyinanque	盛意难却	0	shengyinanque	盛	sheng	cheng
chengyingpian	程英便	0	chengyingbian	便	bian	pian
chengyingxian	程英见	0	chengyingjian	见	jian	xian
chengyingma	程英抹	0	chengyingmo	抹	mo	ma
chengyiquanquan	盛意拳拳	0	shengyiquanquan	盛	sheng	cheng
chengyounong	盛有浓	0	shengyounong	盛	sheng	cheng
chengyousheng	盛有生	0	shengyousheng	盛	sheng	cheng
chengyuanbao	盛元宝	0	shengyuanbao	盛	sheng	cheng
chengyunlong	盛云龙	0	shengyunlong	盛	sheng	cheng
chengzegui	盛泽归	0	shengzegui	盛	sheng	cheng
chengzeming	盛泽名	0	shengzeming	盛	sheng	cheng
chengzhengjiao	成正觉	0	chengzhengjue	觉	jue	jiao
chengzhongwen	盛仲文	0	shengzhongwen	盛	sheng	cheng
chengzhuzhuan	程朱传	0	chengzhuchuan	传	chuan	zhuan
chenhanyang	沈寒阳	0	shenhanyang	沈	shen	chen
chenhongbing	沈虹冰	0	shenhongbing	沈	shen	chen
chenhuifen	沈慧芬	0	shenhuifen	沈	shen	chen
chenhuiyong	沈慧勇	0	shenhuiyong	沈	shen	chen
chenjiahe	沈家河	0	shenjiahe	沈	shen	chen
chenxianfei	陈见飞	0	chenjianfei	见	jian	xian
chenjianfeng	沈建峰	0	shenjianfeng	沈	shen	chen
chenxiangguan	沉降罐	0	chenjiangguan	降	jiang	xiang
chenjianhong	沈剑虹	0	shenjianhong	沈	shen	chen
chenjianming	沈建明	0	shenjianming	沈	shen	chen
chenjianshi	沈兼士	0	shenjianshi	沈	shen	chen
chenjiaping	沈家平	0	shenjiaping	沈	shen	chen
chenjiasong	沈家松	0	shenjiasong	沈	shen	chen
chenjingxialai	沈静下来	0	shenjingxialai	沈	shen	chen
chenjingzhan	沈敬瞻	0	shenjingzhan	沈	shen	chen
chenjishi	沈积石	0	shenjishi	沈	shen	chen
chenjiyan	沈积岩	0	shenjiyan	沈	shen	chen
chenjiye	沈继业	0	shenjiye	沈	shen	chen
chenjizu	沈继祖	0	shenjizu	沈	shen	chen
chenjunchang	陈郡长	0	chenjunzhang	长	zhang	chang
chenjunyu	沈君玉	0	shenjunyu	沈	shen	chen
chenkuntong	沈昆铜	0	shenkuntong	沈	shen	chen
chenyueliang	陈乐亮	0	chenleliang	乐	le	yue
chenyuerong	陈乐融	0	chenlerong	乐	le	yue
chenyueyang	陈乐阳	0	chenleyang	乐	le	yue
chenli	沈黎	0	shenli	沈	shen	chen
chenliefeng	沈烈风	0	shenliefeng	沈	shen	chen
chenlijun	沈黎郡	0	shenlijun	沈	shen	chen
chenlinzhao	陈林朝	0	chenlinchao	朝	chao	zhao
chenling	沈岭	0	shenling	沈	shen	chen
chenliuxi	沈刘曦	0	shenliuxi	沈	shen	chen
chenlongyuan	沈龙元	0	shenlongyuan	沈	shen	chen
chenlvai	沈绿爱	0	shenlvai	沈	shen	chen
chenlvcun	沈绿村	0	shenlvcun	沈	shen	chen
chenmen	沈闷	0	shenmen	沈	shen	chen
chenmianjiuse	沈缅酒色	0	shenmianjiuse	沈	shen	chen
chenmibuxing	沈迷不醒	0	shenmibuxing	沈	shen	chen
chenmingren	沈明仁	0	shenmingren	沈	shen	chen
chenmobuyu	沈默不语	0	shenmobuyu	沈	shen	chen
chenmolei	陈万雷	0	chenwanlei	万	wan	mo
chenmozhi	陈万志	0	chenwanzhi	万	wan	mo
chennanshan	沈南山	0	shennanshan	沈	shen	chen
chennianxiong	沈年兄	0	shennianxiong	沈	shen	chen
chenpingleng	沈萍冷	0	shenpingleng	沈	shen	chen
chenpinglian	沈萍连	0	shenpinglian	沈	shen	chen
chenqingzhao	陈庆朝	0	chenqingchao	朝	chao	zhao
chenqingfeng	沈庆丰	0	shenqingfeng	沈	shen	chen
chenqinggang	沈青刚	0	shenqinggang	沈	shen	chen
chenqingzhi	沈庆之	0	shenqingzhi	沈	shen	chen
chenqinpei	沈钦裴	0	shenqinpei	沈	shen	chen
chenqiuxue	沈秋雪	0	shenqiuxue	沈	shen	chen
chenqiwei	沈起炜	0	shenqiwei	沈	shen	chen
chenquanzhuang	沈泉庄	0	shenquanzhuang	沈	shen	chen
chenquanzhuangcun	沈泉庄村	0	shenquanzhuangcun	沈	shen	chen
chenrendao	沈仁道	0	shenrendao	沈	shen	chen
chenrongpu	沈容圃	0	shenrongpu	沈	shen	chen
chense	衬塞	0	chensai	塞	sai	se
chenshaoan	沈绍安	0	shenshaoan	沈	shen	chen
chenshaogong	沈绍功	0	shenshaogong	沈	shen	chen
chenshijun	沈世钧	0	shenshijun	沈	shen	chen
chenshiyuan	沈士远	0	shenshiyuan	沈	shen	chen
chenshizhu	沈士柱	0	shenshizhu	沈	shen	chen
chenshuchang	陈书长	0	chenshuzhang	长	zhang	chang
chenshuibuxing	沈睡不醒	0	shenshuibuxing	沈	shen	chen
chenshunzhao	沈顺招	0	shenshunzhao	沈	shen	chen
chensihuo	陈思和	0	chensihe	和	he	huo
chentong	沈通	0	shentong	沈	shen	chen
chentongheng	沈同衡	0	shentongheng	沈	shen	chen
chenweifeng	沈威峰	0	shenweifeng	沈	shen	chen
chenweiyu	沈维宇	0	shenweiyu	沈	shen	chen
chenwen	沈雯	0	shenwen	沈	shen	chen
chenwencheng	沈文程	0	shenwencheng	沈	shen	chen
chenwenkai	沈文凯	0	shenwenkai	沈	shen	chen
chenxian	沈陷	0	shenxian	沈	shen	chen
chenxiangfu	沈祥福	0	shenxiangfu	沈	shen	chen
chenxianggong	沈相公	0	shenxianggong	沈	shen	chen
chenxiangyang	沈向洋	0	shenxiangyang	沈	shen	chen
chenxianzhang	沈献章	0	shenxianzhang	沈	shen	chen
chenxiaoquan	沈孝泉	0	shenxiaoquan	沈	shen	chen
chenxiaotong	沈啸桐	0	shenxiaotong	沈	shen	chen
chenxiejun	沈燮均	0	shenxiejun	沈	shen	chen
chenxiling	沈西苓	0	shenxiling	沈	shen	chen
chenximeng	沈西蒙	0	shenximeng	沈	shen	chen
chenximing	沈喜明	0	shenximing	沈	shen	chen
chenxingong	沈心工	0	shenxingong	沈	shen	chen
chenxinsun	沈辛荪	0	shenxinsun	沈	shen	chen
chenxuanlu	沈玄庐	0	shenxuanlu	沈	shen	chen
chenxueming	沈学明	0	shenxueming	沈	shen	chen
chenyangbudui	沈阳部队	0	shenyangbudui	沈	shen	chen
chenyangfangchan	沈阳房产	0	shenyangfangchan	沈	shen	chen
chenyangfeijizhizaogongsi	沈阳飞机制造公司	0	shenyangfeijizhizaogongsi	沈	shen	chen
chenyangjunqukongjun	沈阳军区空军	0	shenyangjunqukongjun	沈	shen	chen
chenyangyaokedaxue	沈阳药科大学	0	shenyangyaokedaxue	沈	shen	chen
chenyaopanzong	沈腰潘鬃	0	shenyaopanzong	沈	shen	chen
chenyaoyi	沈尧伊	0	shenyaoyi	沈	shen	chen
chenyiguan	沈一贯	0	shenyiguan	沈	shen	chen
chenying	沈莹	0	shenying	沈	shen	chen
chenyiyi	沈奕奕	0	shenyiyi	沈	shen	chen
chenyizhu	沈一珠	0	shenyizhu	沈	shen	chen
chenyongnian	沈永年	0	shenyongnian	沈	shen	chen
chenyouding	沈有鼎	0	shenyouding	沈	shen	chen
chenyuan	沈冤	0	shenyuan	沈	shen	chen
chenyuequan	沈月泉	0	shenyuequan	沈	shen	chen
chenyuhuo	陈玉和	0	chenyuhe	和	he	huo
chenyuxian	陈禹见	0	chenyujian	见	jian	xian
chenyulayan	沈鱼落雁	0	shenyuluoyan	沈	shen	chen
chenyuluoyan	沈鱼落雁	0	shenyuluoyan	沈	shen	chen
shenyulayan	沈鱼落雁	0	shenyuluoyan	落	luo	la
chenyunsheng	沈允生	0	shenyunsheng	沈	shen	chen
chenyunwu	沈允武	0	shenyunwu	沈	shen	chen
chenyuying	沈玉英	0	shenyuying	沈	shen	chen
chenzaihui	沈再惠	0	shenzaihui	沈	shen	chen
chenzaozhen	沈灶镇	0	shenzaozhen	沈	shen	chen
chenzhaolin	沈兆霖	0	shenzhaolin	沈	shen	chen
chenzhi	沈滞	0	shenzhi	沈	shen	chen
chenzhifang	沈知方	0	shenzhifang	沈	shen	chen
chenzhixing	沈滞性	0	shenzhixing	沈	shen	chen
chenzhonghuo	陈忠和	0	chenzhonghe	和	he	huo
chenzhongping	沈忠平	0	shenzhongping	沈	shen	chen
chenzhoufanxing	沈周繁星	0	shenzhoufanxing	沈	shen	chen
chenzhuqi	沈住气	0	shenzhuqi	沈	shen	chen
chenzimu	沈子木	0	shenzimu	沈	shen	chen
chenzipei	沈子培	0	shenzipei	沈	shen	chen
chenzixin	沈子信	0	shenzixin	沈	shen	chen
cheyejinhang	彻夜进行	0	cheyejinxing	行	xing	hang
chidougan	吃豆乾	0	chidouqian	乾	qian	gan
chijingyinghuo	赤井英和	0	chijingyinghe	和	he	huo
chixiemojian	赤血魔剑	0	chixuemojian	血	xue	xie
chiyinchuanti	尺蚓穿堤	0	chiyinchuandi	堤	di	ti
chiyizhaofan	吃衣著饭	0	chiyizhufan	著	zhu	zhao
chiyizhefan	吃衣著饭	0	chiyizhufan	著	zhu	zhe
chiyizhuofan	吃衣著饭	0	chiyizhufan	著	zhu	zhuo
chiyueti	池月堤	0	chiyuedi	堤	di	ti
chizede	斥责地	0	chizedi	地	di	de
chongbangyan	重棒眼	0	zhongbangyan	重	zhong	chong
chongbianmu	重编目	0	zhongbianmu	重	zhong	chong
chongbianyema	重编页码	0	zhongbianyema	重	zhong	chong
chongcang	重仓	0	zhongcang	重	zhong	chong
chongcanggu	重仓股	0	zhongcanggu	重	zhong	chong
chongchen	重衬	0	zhongchen	重	zhong	chong
chongciyibi	重此抑彼	0	zhongciyibi	重	zhong	chong
chongdanji	重氮基	0	zhongdanji	重	zhong	chong
chongdanoulian	重氮偶联	0	zhongdanoulian	重	zhong	chong
chongdiandian	重甸甸	0	zhongdiandian	重	zhong	chong
chonge	重扼	0	zhonge	重	zhong	chong
chonggaifen	重钙粉	0	zhonggaifen	重	zhong	chong
chonggan	重竿	0	zhonggan	重	zhong	chong
chonggesuanna	重铬酸钠	0	zhonggesuanna	重	zhong	chong
chonggujia	重估价	0	zhonggujia	重	zhong	chong
chongjia	重嫁	0	zhongjia	重	zhong	chong
chongjiti	冲积堤	0	chongjidi	堤	di	ti
chongjiguanqiang	重机关枪	0	zhongjiguanqiang	重	zhong	chong
chongjisheng	重寄生	0	zhongjisheng	重	zhong	chong
chongjuetifang	冲决堤防	0	chongjuedifang	堤	di	ti
chongmaci	重码词	0	zhongmaci	重	zhong	chong
chongmanzhao	充满著	0	chongmanzhu	著	zhu	zhao
chongmanzhe	充满著	0	chongmanzhu	著	zhu	zhe
chongmanzhuo	充满著	0	chongmanzhu	著	zhu	zhuo
chongnongzhuyi	重农主义	0	zhongnongzhuyi	重	zhong	chong
chongqingbaihuodailougufenyouxiangongsi	重庆百货大楼股份有限公司	0	chongqingbaihuodalougufenyouxiangongsi	大	da	dai
chongqiu	重裘	0	zhongqiu	重	zhong	chong
chongqiuqu	重丘区	0	zhongqiuqu	重	zhong	chong
chongquanshi	重权势	0	zhongquanshi	重	zhong	chong
chongsezhao	充塞着	0	chongsezhe	着	zhe	zhao
chongsezhuo	充塞着	0	chongsezhe	着	zhe	zhuo
chongshequ	重摄取	0	zhongshequ	重	zhong	chong
chongtiexianlv	重贴现率	0	zhongtiexianlv	重	zhong	chong
chongtiexianshuai	重贴现率	0	zhongtiexianlv	重	zhong	chong
zhongtiexianshuai	重贴现率	0	zhongtiexianlv	率	lv	shuai
chongwaisunnv	重外孙女	0	zhongwaisunnv	重	zhong	chong
chongwaisunzi	重外孙子	0	zhongwaisunzi	重	zhong	chong
chongwuqingwen	重武轻文	0	zhongwuqingwen	重	zhong	chong
chongxianlingyu	重陷囹圄	0	zhongxianlingyu	重	zhong	chong
chongxujiuhao	重叙旧好	0	zhongxujiuhao	重	zhong	chong
chongyouqingse	重友轻色	0	zhongyouqingse	重	zhong	chong
chongyunxingdian	重运行点	0	zhongyunxingdian	重	zhong	chong
chongzaihu	重灾户	0	zhongzaihu	重	zhong	chong
chongzhenchaogang	重振朝纲	0	zhongzhenchaogang	重	zhong	chong
chongzhengjiayuan	重整家园	0	zhongzhengjiayuan	重	zhong	chong
chongzhichengben	重置成本	0	zhongzhichengben	重	zhong	chong
chongzhifeiyong	重置费用	0	zhongzhifeiyong	重	zhong	chong
chouchang	抽长	0	chouzhang	长	zhang	chang
chouwu	仇恶	0	choue	恶	e	wu
chouyanghegeshuai	抽样合格率	0	chouyanghegelv	率	lv	shuai
chuanchangshe	川长社	0	chuanzhangshe	长	zhang	chang
zhuanchushenjing	传出神经	0	chuanchushenjing	传	chuan	zhuan
chuandeidanbo	穿得单薄	0	chuandedanbo	得	de	dei
chuandikuandu	船的宽度	0	chuandekuandu	的	de	di
chuanghuishuai	创汇率	0	chuanghuilv	率	lv	shuai
zhuangongzhanglao	传功长老	0	chuangongzhanglao	传	chuan	zhuan
chuanhangzongxian	串行总线	0	chuanxingzongxian	行	xing	hang
zhuanhun	传魂	0	chuanhun	传	chuan	zhuan
zhuanjieqiu	传接球	0	chuanjieqiu	传	chuan	zhuan
zhuanmante	传曼特	0	chuanmante	传	chuan	zhuan
zhuanmeiban	传美版	0	chuanmeiban	传	chuan	zhuan
zhuanshuge	传书鸽	0	chuanshuge	传	chuan	zhuan
zhuanxiaoan	传销案	0	chuanxiaoan	传	chuan	zhuan
zhuanxiaojia	传销价	0	chuanxiaojia	传	chuan	zhuan
zhuanxiaoshang	传销商	0	chuanxiaoshang	传	chuan	zhuan
zhuanxiaoshangpin	传销商品	0	chuanxiaoshangpin	传	chuan	zhuan
zhuanxiaoyuan	传销员	0	chuanxiaoyuan	传	chuan	zhuan
zhuanxinge	传信鸽	0	chuanxinge	传	chuan	zhuan
zhuanzhiqiren	传之其人	0	chuanzhiqiren	传	chuan	zhuan
zhuanzhiquan	传制权	0	chuanzhiquan	传	chuan	zhuan
chubandeque	出版地缺	0	chubandique	地	di	de
chuchangshun	楚长顺	0	chuzhangshun	长	zhang	chang
chuchengtang	初盛唐	0	chushengtang	盛	sheng	cheng
chudeifu	楚得复	0	chudefu	得	de	dei
chudeju	楚地居	0	chudiju	地	di	de
chuwubuxin	除恶布新	0	chuebuxin	恶	e	wu
chufenshuai	出粉率	0	chufenlv	率	lv	shuai
chuhanpian	楚汉便	0	chuhanbian	便	bian	pian
chuhuojin	楚和晋	0	chuhejin	和	he	huo
chuhongbo	褚红柏	0	chuhongbai	柏	bai	bo
chuigan	吹乾	0	chuiqian	乾	qian	gan
chuiliaoxialai	垂了下来	0	chuilexialai	了	le	liao
chuiliaoxiaqu	垂了下去	0	chuilexiaqu	了	le	liao
chujinkuai	储金会	0	chujinhui	会	hui	kuai
chujunxian	楚军见	0	chujunjian	见	jian	xian
chukoushuai	出口率	0	chukoulv	率	lv	shuai
chulishuai	处理率	0	chulilv	率	lv	shuai
chumishuai	出米率	0	chumilv	率	lv	shuai
chumochun	褚万春	0	chuwanchun	万	wan	mo
chumoli	褚万里	0	chuwanli	万	wan	mo
chunjiewu	纯洁恶	0	chunjiee	恶	e	wu
chunvshuai	处女率	0	chunvlv	率	lv	shuai
chunxiangzhuan	春香传	0	chunxiangchuan	传	chuan	zhuan
chunxiema	纯血马	0	chunxuema	血	xue	xie
chunyishuai	纯益率	0	chunyilv	率	lv	shuai
chupinde	出品地	0	chupindi	地	di	de
chushengzhao	初升朝	0	chushengchao	朝	chao	zhao
chuwangshuai	触网率	0	chuwanglv	率	lv	shuai
chuxianshuai	出险率	0	chuxianlv	率	lv	shuai
chuyinmu	初印模	0	chuyinmo	模	mo	mu
chuyoushuai	出油率	0	chuyoulv	率	lv	shuai
chuyoushuai	出游率	0	chuyoulv	率	lv	shuai
ciendai	慈恩大	0	cienda	大	da	dai
cienhuo	慈恩和	0	cienhe	和	he	huo
cienxian	慈恩见	0	cienjian	见	jian	xian
cihuandi	慈焕的	0	cihuande	的	de	di
ciqiao	磁壳	0	cike	壳	ke	qiao
cipianjue	磁偏角	0	cipianjiao	角	jiao	jue
cisimu	慈四模	0	cisimo	模	mo	mu
citoubei	磁头臂	0	citoubi	臂	bi	bei
cixizhao	慈禧朝	0	cixichao	朝	chao	zhao
congchangcao	丛长草	0	congzhangcao	长	zhang	chang
congchangxu	丛长须	0	congzhangxu	长	zhang	chang
congzhaoyan	从朝彦	0	congchaoyan	朝	chao	zhao
congdaiqing	从大清	0	congdaqing	大	da	dai
congganfang	从乾方	0	congqianfang	乾	qian	gan
congganqing	从乾清	0	congqianqing	乾	qian	gan
conghexin	从何寻	0	conghexun	寻	xun	xin
congjiahuo	从嘉和	0	congjiahe	和	he	huo
congjiaohua	从觉华	0	congjuehua	觉	jue	jiao
cutiao	粗调	0	cudiao	调	diao	tiao
cuhoudaisang	粗喉大嗓	0	cuhoudasang	大	da	dai
cuidaimou	崔大谋	0	cuidamou	大	da	dai
cuihuantongzhi	催还通知	0	cuihaitongzhi	还	hai	huan
cuimiande	催眠地	0	cuimiandi	地	di	de
cuixinpogan	摧心剖肝	0	cuixinpougan	剖	pou	po
cuiyuandai	崔元大	0	cuiyuanda	大	da	dai
cumeidaiyan	粗眉大眼	0	cumeidayan	大	da	dai
cunchumukuai	存储模块	0	cunchumokuai	模	mo	mu
cuncunluola	村村落落	0	cuncunluoluo	落	luo	la
cunqubei	存取臂	0	cunqubi	臂	bi	bei
cunshuishuai	存水率	0	cunshuilv	率	lv	shuai
cuozazhao	错杂着	0	cuozazhe	着	zhe	zhao
cuozazhuo	错杂着	0	cuozazhe	着	zhe	zhuo
cuqianghengtiao	粗腔横调	0	cuqianghengdiao	调	diao	tiao
daiaoxia	大螯虾	0	daaoxia	大	da	dai
daibaodui	大宝队	0	dabaodui	大	da	dai
daibengpan	大崩盘	0	dabengpan	大	da	dai
daibiaojingtan	大表惊叹	0	dabiaojingtan	大	da	dai
daibiaozi	大表姊	0	dabiaozi	大	da	dai
daibocai	大博彩	0	dabocai	大	da	dai
daibuxingzou	大步行走	0	dabuxingzou	大	da	dai
daibutie	大补帖	0	dabutie	大	da	dai
daibutie	大补贴	0	dabutie	大	da	dai
daibuwan	大补丸	0	dabuwan	大	da	dai
daicaibuyong	大材不用	0	dacaibuyong	大	da	dai
daicaifeng	大彩凤	0	dacaifeng	大	da	dai
daicaipanpan	大才磐磐	0	dacaipanpan	大	da	dai
dachachai	大差差	0	dachacha	差	cha	chai
dachaicha	大差差	0	dachacha	差	cha	chai
dachaichai	大差差	0	dachacha	差	cha	chai
daichacha	大差差	0	dachacha	大	da	dai
daichachai	大差差	0	dachacha	大	da	dai
daichaicha	大差差	0	dachacha	大	da	dai
daichaichai	大差差	0	dachacha	大	da	dai
dachachai	打差差	0	dachacha	差	cha	chai
dachaicha	打差差	0	dachacha	差	cha	chai
dachaichai	打差差	0	dachacha	差	cha	chai
daichaidanzhen	大柴旦镇	0	dachaidanzhen	大	da	dai
daichangzhen	大厂镇	0	dachangzhen	大	da	dai
daichise	大赤色	0	dachise	大	da	dai
dachizhao	打持着	0	dachizhe	着	zhe	zhao
dachizhuo	打持着	0	dachizhe	着	zhe	zhuo
dachouxiuyuan	大仇宿怨	0	dachousuyuan	宿	su	xiu
daichousuyuan	大仇宿怨	0	dachousuyuan	大	da	dai
daichouxiuyuan	大仇宿怨	0	dachousuyuan	大	da	dai
daiciku	大词库	0	daciku	大	da	dai
daidaie	大袋蛾	0	dadaie	大	da	dai
daidanquan	大丹犬	0	dadanquan	大	da	dai
daidijia	大弟嘉	0	dadijia	大	da	dai
daidike	大迪克	0	dadike	大	da	dai
daie	大颚	0	dae	大	da	dai
daierhuan	大二环	0	daerhuan	大	da	dai
daierzei	大耳贼	0	daerzei	大	da	dai
daifangxie	大放血	0	dafangxie	大	da	dai
daifeiyangcao	大飞扬草	0	dafeiyangcao	大	da	dai
daifeiyi	大飞翼	0	dafeiyi	大	da	dai
daifengniao	大凤鸟	0	dafengniao	大	da	dai
daifengshan	大凤山	0	dafengshan	大	da	dai
daifukang	大扶康	0	dafukang	大	da	dai
daifupi	大腹皮	0	dafupi	大	da	dai
daifurangli	大幅让利	0	dafurangli	大	da	dai
daigecun	大圪村	0	dagecun	大	da	dai
daiguailun	大乖伦	0	daguailun	大	da	dai
daiguangqiang	大光强	0	daguangqiang	大	da	dai
daiguimohua	大规模化	0	daguimohua	大	da	dai
daigujie	大骨节	0	dagujie	大	da	dai
daiguoyu	大果榆	0	daguoyu	大	da	dai
daihaojie	大豪杰	0	dahaojie	大	da	dai
dahuohui	大和绘	0	dahehui	和	he	huo
daihehui	大和绘	0	dahehui	大	da	dai
daihuohui	大和绘	0	dahehui	大	da	dai
daiheimoji	大黑摩季	0	daheimoji	大	da	dai
daiheiting	大黑汀	0	daheiting	大	da	dai
daihongmidian	大鸿米店	0	dahongmidian	大	da	dai
daihuagexin	大化革新	0	dahuagexin	大	da	dai
daihuagongzhuan	大华工专	0	dahuagongzhuan	大	da	dai
daihuajiangchuan	大划桨船	0	dahuajiangchuan	大	da	dai
daihuanneizhi	大环内酯	0	dahuanneizhi	大	da	dai
daihuanpeiti	大环配体	0	dahuanpeiti	大	da	dai
daihuawanbao	大华晚报	0	dahuawanbao	大	da	dai
daihuawang	大华网	0	dahuawang	大	da	dai
daihuazhongxue	大华中学	0	dahuazhongxue	大	da	dai
daihushanzhuang	大湖山庄	0	dahushanzhuang	大	da	dai
daihutang	大湖塘	0	dahutang	大	da	dai
daihuxing	大湖型	0	dahuxing	大	da	dai
daibote	戴柏特	0	daibaite	柏	bai	bo
daideilao	戴得牢	0	daidelao	得	de	dei
dajiaxu	大家畜	0	dajiachu	畜	chu	xu
daijiancun	大涧村	0	dajiancun	大	da	dai
daijiangzhang	大奖章	0	dajiangzhang	大	da	dai
daijianwufeng	大剑无锋	0	dajianwufeng	大	da	dai
daijiazhen	大甲镇	0	dajiazhen	大	da	dai
daijiefang	大接访	0	dajiefang	大	da	dai
daijinchao	大金朝	0	dajinchao	大	da	dai
daijinzhao	大金朝	0	dajinchao	大	da	dai
dajinzhao	大金朝	0	dajinchao	朝	chao	zhao
daijingyichang	大惊一场	0	dajingyichang	大	da	dai
daijinjian	大锦见	0	dajinjian	大	da	dai
daijinxian	大锦见	0	dajinjian	大	da	dai
dajinxian	大锦见	0	dajinjian	见	jian	xian
daijinkuang	大金矿	0	dajinkuang	大	da	dai
daijinshan	大衿衫	0	dajinshan	大	da	dai
daikandao	大砍刀	0	dakandao	大	da	dai
daikeshifa	大可师法	0	dakeshifa	大	da	dai
daikuayibu	大跨一步	0	dakuayibu	大	da	dai
daikuohaipai	大阔海牌	0	dakuohaipai	大	da	dai
dailan	大缆	0	dalan	大	da	dai
dailiangping	大良平	0	daliangping	大	da	dai
dailiangshi	大良史	0	daliangshi	大	da	dai
dailin	大凛	0	dalin	大	da	dai
dailishu	大栗树	0	dalishu	大	da	dai
dailongdong	大龙峒	0	dalongdong	大	da	dai
dailongjie	大龙街	0	dalongjie	大	da	dai
dailongteng	大龙藤	0	dalongteng	大	da	dai
dailouzhuhu	大楼住户	0	dalouzhuhu	大	da	dai
dailudaocun	大鹿岛村	0	daludaocun	大	da	dai
dailumian	大卤面	0	dalumian	大	da	dai
daimabang	大马帮	0	damabang	大	da	dai
daimaiami	大迈阿密	0	damaiami	大	da	dai
daimitan	大密探	0	damitan	大	da	dai
daimo	大妺	0	damo	大	da	dai
daimuliang	大木梁	0	damuliang	大	da	dai
daimuzhitou	大姆指头	0	damuzhitou	大	da	dai
dainankeyun	大南客运	0	danankeyun	大	da	dai
dainiugu	大牛股	0	daniugu	大	da	dai
dainiushi	大牛市	0	daniushi	大	da	dai
dainuhu	大奴湖	0	danuhu	大	da	dai
daipangu	大盘股	0	dapangu	大	da	dai
daipanji	大盘鸡	0	dapanji	大	da	dai
daipanshang	大盘商	0	dapanshang	大	da	dai
daipanzoushi	大盘走势	0	dapanzoushi	大	da	dai
daipengcai	大棚菜	0	dapengcai	大	da	dai
daipengchedui	大篷车队	0	dapengchedui	大	da	dai
daipengwan	大鹏湾	0	dapengwan	大	da	dai
daipijin	大披巾	0	dapijin	大	da	dai
daipingmuxianshiqi	大屏幕显示器	0	dapingmuxianshiqi	大	da	dai
daiqingshuixi	大清水溪	0	daqingshuixi	大	da	dai
daiqingtang	大清堂	0	daqingtang	大	da	dai
daiqinshuai	带勤率	0	daiqinlv	率	lv	shuai
daiqiwang	大旗网	0	daqiwang	大	da	dai
daiquanyan	大泉眼	0	daquanyan	大	da	dai
daiqujiu	大麴酒	0	daqujiu	大	da	dai
dairenxiu	大仁秀	0	darenxiu	大	da	dai
dairenyaozhuan	大仁药专	0	darenyaozhuan	大	da	dai
daireyiqu	大热已去	0	dareyiqu	大	da	dai
daishaifa	大筛法	0	dashaifa	大	da	dai
daishangdaixia	大上大下	0	dashangdaxia	大	da	dai
daishangdaxia	大上大下	0	dashangdaxia	大	da	dai
dashangdaixia	大上大下	0	dashangdaxia	大	da	dai
daishanggufen	大商股份	0	dashanggufen	大	da	dai
daishaoshuai	大少帅	0	dashaoshuai	大	da	dai
daishezhi	大蛇雉	0	dashezhi	大	da	dai
daishidiguo	大食帝国	0	dashidiguo	大	da	dai
dashifuhuo	大师傅和	0	dashifuhe	和	he	huo
daishiji	大史记	0	dashiji	大	da	dai
daishiwei	大石围	0	dashiwei	大	da	dai
daishougong	大守宫	0	dashougong	大	da	dai
daishuye	大输液	0	dashuye	大	da	dai
daishuyichang	大输一场	0	dashuyichang	大	da	dai
daisianchun	大寺安纯	0	dasianchun	大	da	dai
daisongyang	大嵩阳	0	dasongyang	大	da	dai
daitaibeiqu	大台北区	0	dataibeiqu	大	da	dai
daitangdianxun	大唐电讯	0	datangdianxun	大	da	dai
daitihua	大提花	0	datihua	大	da	dai
daituangou	大团购	0	datuangou	大	da	dai
daiwangdui	大旺堆	0	dawangdui	大	da	dai
daiwante	大湾特	0	dawante	大	da	dai
daiweichengsong	大为称诵	0	daweichengsong	大	da	dai
daiweichensong	大为称诵	0	daweichengsong	大	da	dai
daweichensong	大为称诵	0	daweichengsong	称	cheng	chen
daiweijidong	大为激动	0	daweijidong	大	da	dai
daiweina	大微纳	0	daweina	大	da	dai
daiweiya	大维娅	0	daweiya	大	da	dai
daiweiyiqu	大为异趣	0	daweiyiqu	大	da	dai
daiwuma	大五码	0	dawuma	大	da	dai
daiwushan	大雾山	0	dawushan	大	da	dai
daixiahe	大夏河	0	daxiahe	大	da	dai
daixiangge	大香格	0	daxiangge	大	da	dai
daixianshenwei	大显神威	0	daxianshenwei	大	da	dai
daixianshouji	大显手机	0	daxianshouji	大	da	dai
daixiezuo	大协作	0	daxiezuo	大	da	dai
daixigang	大溪港	0	daxigang	大	da	dai
daixihai	大西海	0	daxihai	大	da	dai
daixihaizi	大西海子	0	daxihaizi	大	da	dai
daixihaizishuiku	大西海子水库	0	daxihaizishuiku	大	da	dai
daixinban	大芯板	0	daxinban	大	da	dai
daixuanwo	大旋涡	0	daxuanwo	大	da	dai
daiyanchuan	大堰川	0	dayanchuan	大	da	dai
daiyangzhu	大阳烛	0	dayangzhu	大	da	dai
daiyaoxian	大姚县	0	dayaoxian	大	da	dai
daiyasha	大压杀	0	dayasha	大	da	dai
daiyean	大叶桉	0	dayean	大	da	dai
daiyehuangyang	大叶黄杨	0	dayehuangyang	大	da	dai
daiyeshuai	待业率	0	daiyelv	率	lv	shuai
daiyingguoxie	大英国协	0	dayingguoxie	大	da	dai
daiyingzizhen	大营子镇	0	dayingzizhen	大	da	dai
daiyinjie	大音阶	0	dayinjie	大	da	dai
daiyizhongwen	大易中文	0	dayizhongwen	大	da	dai
daiyonggu	大涌谷	0	dayonggu	大	da	dai
daiyousetiao	带有色调	0	daiyousediao	调	diao	tiao
daiyuanlizi	大原丽子	0	dayuanlizi	大	da	dai
daiyuanxiang	大园乡	0	dayuanxiang	大	da	dai
daiyugu	大峪谷	0	dayugu	大	da	dai
daiyuhe	大鱼河	0	dayuhe	大	da	dai
daizaizhinian	大灾之年	0	dazaizhinian	大	da	dai
daizao	大凿	0	dazao	大	da	dai
daizeguixiong	大泽贵雄	0	dazeguixiong	大	da	dai
daizelongfu	大泽隆夫	0	dazelongfu	大	da	dai
daizhangdadie	大涨大跌	0	dazhangdadie	大	da	dai
daizhangdaidie	大涨大跌	0	dazhangdadie	大	da	dai
dazhangdaidie	大涨大跌	0	dazhangdadie	大	da	dai
daizhangshan	大彰山	0	dazhangshan	大	da	dai
daizhenzhao	戴震著	0	daizhenzhu	著	zhu	zhao
daizhenzhe	戴震著	0	daizhenzhu	著	zhu	zhe
daizhenzhuo	戴震著	0	daizhenzhu	著	zhu	zhuo
dazhidaiyu	大智大愚	0	dazhidayu	大	da	dai
daizhiguoxiao	大直国小	0	dazhiguoxiao	大	da	dai
daizhiguozhong	大直国中	0	dazhiguozhong	大	da	dai
daizhixiao	大职校	0	dazhixiao	大	da	dai
daizhizuo	大制做	0	dazhizuo	大	da	dai
daizhongkuang	大冢匡	0	dazhongkuang	大	da	dai
daizhongying	大冢营	0	dazhongying	大	da	dai
daizhoutian	大周天	0	dazhoutian	大	da	dai
daizhuangjia	大庄稼	0	dazhuangjia	大	da	dai
daizhuanyipiao	大赚一票	0	dazhuanyipiao	大	da	dai
daizhukui	大竺葵	0	dazhukui	大	da	dai
daizifu	大姊夫	0	dazifu	大	da	dai
daizongpian	戴宗便	0	daizongbian	便	bian	pian
daizongxian	戴宗见	0	daizongjian	见	jian	xian
daizongtong	大棕桐	0	dazongtong	大	da	dai
daizuixia	大醉侠	0	dazuixia	大	da	dai
daizuting	大祖庭	0	dazuting	大	da	dai
dakaidaihe	打开大合	0	dakaidahe	大	da	dai
daliaobufa	打了不罚	0	dalebufa	了	le	liao
tanbayueqi	弹拔乐器	0	danbayueqi	弹	dan	tan
danbeikahuan	单臂卡环	0	danbikahuan	臂	bi	bei
danbomingzhi	澹泊明志	0	danpomingzhi	泊	po	bo
danchenlang	单称郎	0	danchenglang	称	cheng	chen
danchongmaduo	但重码多	0	danzhongmaduo	重	zhong	chong
dandailiang	单大良	0	dandaliang	大	da	dai
dandankuai	单单会	0	dandanhui	会	hui	kuai
dangdeilai	当得来	0	dangdelai	得	de	dei
tanhe	弹合	0	danhe	弹	dan	tan
tanhenleilei	弹痕累累	0	danhenleilei	弹	dan	tan
tanhuaji	弹花机	0	danhuaji	弹	dan	tan
tanhuangjuan	弹簧圈	0	tanhuangquan	圈	quan	juan
danjinzhao	但金朝	0	danjinchao	朝	chao	zhao
dankaozhao	单靠着	0	dankaozhe	着	zhe	zhao
dankaozhuo	单靠着	0	dankaozhe	着	zhe	zhuo
dankuohang	但适航	0	danshihang	适	shi	kuo
danliangchang	单梁长	0	danliangzhang	长	zhang	chang
danlizhuanfa	单粒传法	0	danlichuanfa	传	chuan	zhuan
dansexietiao	单色谐调	0	dansexiediao	调	diao	tiao
tansheng	弹升	0	dansheng	弹	dan	tan
danshumu	单树模	0	danshumo	模	mo	mu
tantiaoban	弹跳板	0	dantiaoban	弹	dan	tan
dantingpian	单廷便	0	dantingbian	便	bian	pian
tantuo	弹妥	0	dantuo	弹	dan	tan
danxiangjiede	单相接地	0	danxiangjiedi	地	di	de
danxiaodima	胆小的马	0	danxiaodema	的	de	di
tanxiaqu	弹下去	0	danxiaqu	弹	dan	tan
danxingdimian	单形的面	0	danxingdemian	的	de	di
tanyao	弹葯	0	danyao	弹	dan	tan
danzeyishe	单则易折	0	danzeyizhe	折	zhe	she
tanzhiguangyin	弹指光阴	0	danzhiguangyin	弹	dan	tan
tanzhirufei	弹指如飞	0	danzhirufei	弹	dan	tan
tanzhishengong	弹指神功	0	danzhishengong	弹	dan	tan
tanzhuangbingdu	弹状病毒	0	danzhuangbingdu	弹	dan	tan
tanzhutai	弹珠台	0	danzhutai	弹	dan	tan
daobanshuai	盗版率	0	daobanlv	率	lv	shuai
daoburenxie	刀不刃血	0	daoburenxue	血	xue	xie
daode	稻地	0	daodi	地	di	de
daoguodaidao	盗国大盗	0	daoguodadao	大	da	dai
daojueji	倒角机	0	daojiaoji	角	jiao	jue
daonalini	导那里呢	0	daonaline	呢	ne	ni
daoyuanjue	倒圆角	0	daoyuanjiao	角	jiao	jue
dashepiao	打折票	0	dazhepiao	折	zhe	she
tazhi	沓至	0	dazhi	沓	da	ta
deibianer	得便儿	0	debianer	得	de	dei
deipianer	得便儿	0	debianer	得	de	dei
depianer	得便儿	0	debianer	便	bian	pian
deibiaoren	得标人	0	debiaoren	得	de	dei
debie	地鳖	0	dibie	地	di	de
debiechong	地鳖虫	0	dibiechong	地	di	de
decang	地仓	0	dicang	地	di	de
dechongbao	德重宝	0	dezhongbao	重	zhong	chong
dedaizizai	得大自在	0	dedazizai	大	da	dai
deidaizizai	得大自在	0	dedazizai	得	de	dei
deidazizai	得大自在	0	dedazizai	得	de	dei
dedancao	地胆草	0	didancao	地	di	de
detanhuang	地弹簧	0	ditanhuang	地	di	de
dededaodan	地地导弹	0	dididaodan	地	di	de
dedidaodan	地地导弹	0	dididaodan	地	di	de
didedaodan	地地导弹	0	dididaodan	地	di	de
dedeihuohuo	得得活活	0	dedehuohuo	得	de	dei
deidehuohuo	得得活活	0	dedehuohuo	得	de	dei
deideihuohuo	得得活活	0	dedehuohuo	得	de	dei
didiqueque	的的确确	0	dediqueque	的	de	di
didianpomian	地电剖面	0	didianpoumian	剖	pou	po
dedouyun	地斗韵	0	didouyun	地	di	de
deercao	地耳草	0	diercao	地	di	de
defengpi	地枫皮	0	difengpi	地	di	de
defukang	地福康	0	difukang	地	di	de
degaowangchong	得高望重	0	degaowangzhong	重	zhong	chong
deigaowangchong	得高望重	0	degaowangzhong	得	de	dei
deigaowangzhong	得高望重	0	degaowangzhong	得	de	dei
deikuimenjing	得窥门径	0	dekuimenjing	得	de	dei
deiliyu	得利于	0	deliyu	得	de	dei
deilongwangshu	得陇忘蜀	0	delongwangshu	得	de	dei
deirenzhechang	得人者昌	0	derenzhechang	得	de	dei
deishixiangdang	得失相当	0	deshixiangdang	得	de	dei
deixianer	得闲儿	0	dexianer	得	de	dei
dejianyuan	地建园	0	dijianyuan	地	di	de
dejibu	地籍簿	0	dijibu	地	di	de
dejincao	地锦草	0	dijincao	地	di	de
dejingli	地静立	0	dijingli	地	di	de
dejinqili	地尽其力	0	dijinqili	地	di	de
dejinxi	地金喜	0	dijinxi	地	di	de
dejitu	地籍图	0	dijitu	地	di	de
dekaishi	地开石	0	dikaishi	地	di	de
delan	地缆	0	dilan	地	di	de
delieyundong	地裂运动	0	dilieyundong	地	di	de
delingxing	地灵星	0	dilingxing	地	di	de
dilipomian	地理剖面	0	dilipoumian	剖	pou	po
diliyasiteshi	的里雅斯特市	0	deliyasiteshi	的	de	di
delongji	德隆系	0	delongxi	系	xi	ji
demeisu	地霉素	0	dimeisu	地	di	de
demi	地蜜	0	dimi	地	di	de
demingqi	地明器	0	dimingqi	地	di	de
demuliang	地木梁	0	dimuliang	地	di	de
dengaixian	邓艾见	0	dengaijian	见	jian	xian
dengbeitianping	等臂天平	0	dengbitianping	臂	bi	bei
dengdaicui	邓大翠	0	dengdacui	大	da	dai
dengdaimiao	邓大妙	0	dengdamiao	大	da	dai
dengjuexian	等角线	0	dengjiaoxian	角	jiao	jue
dengjibo	登记薄	0	dengjibao	薄	bao	bo
dengjunhuo	邓君和	0	dengjunhe	和	he	huo
dengqiao	灯壳	0	dengke	壳	ke	qiao
dengpianjue	等偏角	0	dengpianjiao	角	jiao	jue
dengxiaoliji	等效力系	0	dengxiaolixi	系	xi	ji
dengyuanjiao	邓元觉	0	dengyuanjue	觉	jue	jiao
depiaosan	地飘散	0	dipiaosan	地	di	de
depulun	地普仑	0	dipulun	地	di	de
dequanding	地全顶	0	diquanding	地	di	de
deseli	德塞利	0	desaili	塞	sai	se
deshixue	地史学	0	dishixue	地	di	de
deshujuan	地舒卷	0	dishujuan	地	di	de
detangquan	地躺拳	0	ditangquan	地	di	de
detezhao	德特著	0	detezhu	著	zhu	zhao
detezhe	德特著	0	detezhu	著	zhu	zhe
detezhuo	德特著	0	detezhu	著	zhu	zhuo
deweicheng	地微撑	0	diweicheng	地	di	de
dewenji	德文系	0	dewenxi	系	xi	ji
dewenxing	地文星	0	diwenxing	地	di	de
dewoyi	地沃宜	0	diwoyi	地	di	de
dewuhui	地五会	0	diwuhui	地	di	de
dewukuai	地五会	0	diwuhui	地	di	de
diwukuai	地五会	0	diwuhui	会	hui	kuai
dexiancheng	地仙城	0	dixiancheng	地	di	de
dexiancun	地仙村	0	dixiancun	地	di	de
dexianfeng	地仙封	0	dixianfeng	地	di	de
dexiangbo	地向波	0	dixiangbo	地	di	de
dexiangyi	地相异	0	dixiangyi	地	di	de
dexianmu	地仙幕	0	dixianmu	地	di	de
dexiaoding	地笑丁	0	dixiaoding	地	di	de
dexipan	地西泮	0	dixipan	地	di	de
dexuanzhu	地玄珠	0	dixuanzhu	地	di	de
deyicheng	地译成	0	diyicheng	地	di	de
deyingli	地应力	0	diyingli	地	di	de
deyiquan	地役权	0	diyiquan	地	di	de
deyixuan	地宜选	0	diyixuan	地	di	de
deyuanshanxian	地远山险	0	diyuanshanxian	地	di	de
deyunyi	地运仪	0	diyunyi	地	di	de
dezhaomeng	地照梦	0	dizhaomeng	地	di	de
dezhaomin	地召民	0	dizhaomin	地	di	de
dizhipomian	地质剖面	0	dizhipoumian	剖	pou	po
dezhongheng	地中衡	0	dizhongheng	地	di	de
deziqian	地自谦	0	diziqian	地	di	de
dezixiong	地自雄	0	dizixiong	地	di	de
tian	隄岸	0	dian	隄	di	ti
dianbokuai	电博会	0	dianbohui	会	hui	kuai
diandanghang	典当行	0	diandangxing	行	xing	hang
diandilakai	点的拉开	0	diandelakai	的	de	di
dianjiankuai	电监会	0	dianjianhui	会	hui	kuai
dianjishuai	淀积率	0	dianjilv	率	lv	shuai
dianliaohang	电料行	0	dianliaoxing	行	xing	hang
dianyaketiao	电压可调	0	dianyakediao	调	diao	tiao
dianyuanmukuai	电源模块	0	dianyuanmokuai	模	mo	mu
tianzhongzhi	堤岸种植	0	dianzhongzhi	堤	di	ti
dianzhuanglvde	点状绿地	0	dianzhuanglvdi	地	di	de
diaobaoshuai	掉宝率	0	diaobaolv	率	lv	shuai
diaobeierqu	掉臂而去	0	diaobierqu	臂	bi	bei
tiaobingshanshi	调兵山市	0	diaobingshanshi	调	diao	tiao
diaowu	刁恶	0	diaoe	恶	e	wu
tiaoguanzhen	调关镇	0	diaoguanzhen	调	diao	tiao
diaoguazhao	吊挂着	0	diaoguazhe	着	zhe	zhao
diaoguazhuo	吊挂着	0	diaoguazhe	着	zhe	zhuo
diaoguxinyou	吊古寻幽	0	diaoguxunyou	寻	xun	xin
tiaohuachu	调画出	0	diaohuachu	调	diao	tiao
diaohuashuai	掉话率	0	diaohualv	率	lv	shuai
tiaojufanying	调聚反应	0	diaojufanying	调	diao	tiao
tiaoshe	调慑	0	diaoshe	调	diao	tiao
tiaoshi	调湿	0	diaoshi	调	diao	tiao
tiaosuqi	调速器	0	diaosuqi	调	diao	tiao
diaoweikuai	调委会	0	diaoweihui	会	hui	kuai
tiaoweihui	调委会	0	diaoweihui	调	diao	tiao
tiaoweikuai	调委会	0	diaoweihui	调	diao	tiao
tiaoxialai	调下来	0	diaoxialai	调	diao	tiao
tiaoxiangdiejia	调向叠加	0	diaoxiangdiejia	调	diao	tiao
tiaoxiangqi	调相器	0	diaoxiangqi	调	diao	tiao
tiaoxiaoqi	调校器	0	diaoxiaoqi	调	diao	tiao
tiaoyafa	调压阀	0	diaoyafa	调	diao	tiao
tiaoyaqi	调压器	0	diaoyaqi	调	diao	tiao
tiaoyashi	调压室	0	diaoyashi	调	diao	tiao
tiaoye	调冶	0	diaoye	调	diao	tiao
tiaozhang	调账	0	diaozhang	调	diao	tiao
tiaozhi	调置	0	diaozhi	调	diao	tiao
tiaozhi	调质	0	diaozhi	调	diao	tiao
tibian	隄边	0	dibian	隄	di	ti
didingshuai	滴定率	0	didinglv	率	lv	shuai
dieyoukuai	碟友会	0	dieyouhui	会	hui	kuai
tifang	隄防	0	difang	隄	di	ti
tifangdao	堤防道	0	difangdao	堤	di	ti
dikangdeizhu	抵抗得住	0	dikangdezhu	得	de	dei
dimochen	翟万臣	0	diwanchen	万	wan	mo
dinaxiezheng	低钠血症	0	dinaxuezheng	血	xue	xie
dingdaili	丁大利	0	dingdali	大	da	dai
dingdeisun	丁得孙	0	dingdesun	得	de	dei
dingdiandiquan	顶点的权	0	dingdiandequan	的	de	di
dingque	丁炔	0	dinggui	炔	gui	que
dingjiqunla	顶极群落	0	dingjiqunluo	落	luo	la
dingrude	丁入地	0	dingrudi	地	di	de
dinieboluobideiluofusike	第聂伯罗彼得罗夫斯克	0	dinieboluobideluofusike	得	de	dei
diseer	狄塞尔	0	disaier	塞	sai	se
diseerji	狄塞耳机	0	disaierji	塞	sai	se
disinaiyue	狄斯奈乐	0	disinaile	乐	le	yue
disinaiyue	狄斯耐乐	0	disinaile	乐	le	yue
diuliaobang	丢了棒	0	diulebang	了	le	liao
diwuchong	第五重	0	diwuzhong	重	zhong	chong
dixianzhuanzhong	底线传中	0	dixianchuanzhong	传	chuan	zhuan
dixiezuanshi	滴血钻石	0	dixuezuanshi	血	xue	xie
diyindaiguan	低音大管	0	diyindaguan	大	da	dai
diyunpian	狄云便	0	diyunbian	便	bian	pian
diyundai	狄云大	0	diyunda	大	da	dai
diyunxian	狄云见	0	diyunjian	见	jian	xian
dongbopo	东柏坡	0	dongbaipo	柏	bai	bo
dongchengkeji	东盛科技	0	dongshengkeji	盛	sheng	cheng
dongzhuance	董传策	0	dongchuance	传	chuan	zhuan
dongdaiying	东大营	0	dongdaying	大	da	dai
dongdujian	董都监	0	dongdoujian	都	dou	du
donghangchunling	冬行春令	0	dongxingchunling	行	xing	hang
dongmianjue	洞面角	0	dongmianjiao	角	jiao	jue
dongmocai	董万才	0	dongwancai	万	wan	mo
dongpingxian	董平见	0	dongpingjian	见	jian	xian
dongshe	董折	0	dongzhe	折	zhe	she
dongshefa	董折发	0	dongzhefa	折	zhe	she
dongtaimashuai	动态码率	0	dongtaimalv	率	lv	shuai
dongtuxin	东土寻	0	dongtuxun	寻	xun	xin
dongwuqunla	动物群落	0	dongwuqunluo	落	luo	la
dongxinxi	东寻西	0	dongxunxi	寻	xun	xin
dongxinximi	东寻西觅	0	dongxunximi	寻	xun	xin
dongyuxian	东吁线	0	dongxuxian	吁	xu	yu
dongyaokuai	董耀会	0	dongyaohui	会	hui	kuai
dongyide	东益地	0	dongyidi	地	di	de
duanyaozuzizhixian	都安瑶族自治县	0	douanyaozuzizhixian	都	dou	du
dubaozheng	都保正	0	doubaozheng	都	dou	du
dubenjie	都本洁	0	doubenjie	都	dou	du
dubiling	都必领	0	doubiling	都	dou	du
dubiyouzhang	都鄙有章	0	doubiyouzhang	都	dou	du
douzhaorong	窦朝荣	0	douchaorong	朝	chao	zhao
duchongxin	都崇信	0	douchongxin	都	dou	du
doudaijin	都大锦	0	doudajin	大	da	dai
dudaijin	都大锦	0	doudajin	都	dou	du
dudajin	都大锦	0	doudajin	都	dou	du
doudeili	都得利	0	doudeli	得	de	dei
dudeili	都得利	0	doudeli	都	dou	du
dudeli	都得利	0	doudeli	都	dou	du
doudongzhao	抖动着	0	doudongzhe	着	zhe	zhao
doudongzhuo	抖动着	0	doudongzhe	着	zhe	zhuo
doudouleyue	逗逗乐乐	0	doudoulele	乐	le	yue
duerhan	都尔罕	0	douerhan	都	dou	du
duhongran	都哄然	0	douhongran	都	dou	du
duhuanran	都欢然	0	douhuanran	都	dou	du
dujianwang	都监王	0	doujianwang	都	dou	du
dujianye	都建业	0	doujianye	都	dou	du
dujiarong	都加容	0	doujiarong	都	dou	du
dujinsheng	都锦生	0	doujinsheng	都	dou	du
dulanxian	都兰县	0	doulanxian	都	dou	du
douliaoqilai	斗了起来	0	douleqilai	了	le	liao
douyuewang	都乐网	0	doulewang	乐	le	yue
dulewang	都乐网	0	doulewang	都	dou	du
duyuewang	都乐网	0	doulewang	都	dou	du
dulitai	都立泰	0	doulitai	都	dou	du
dupangling	都庞岭	0	doupangling	都	dou	du
duqinmu	都钦慕	0	douqinmu	都	dou	du
duqungong	都群公	0	douqungong	都	dou	du
dushengchen	都胜臣	0	doushengchen	都	dou	du
dushikuang	都实况	0	doushikuang	都	dou	du
dushuiying	都水营	0	doushuiying	都	dou	du
dusishan	都斯山	0	dousishan	都	dou	du
dusongran	都耸然	0	dousongran	都	dou	du
dusuzhi	都素知	0	dousuzhi	都	dou	du
dutaoli	都桃里	0	doutaoli	都	dou	du
dutengteng	都腾腾	0	doutengteng	都	dou	du
dutoudaoxing	都头导姓	0	doutoudaoxing	都	dou	du
duweiyan	都为燕	0	douweiyan	都	dou	du
douxiandai	窦宪大	0	douxianda	大	da	dai
duxiansheng	都先胜	0	douxiansheng	都	dou	du
duxuewu	都学武	0	douxuewu	都	dou	du
duyaye	都亚耶	0	douyaye	都	dou	du
duyichang	都邑常	0	douyichang	都	dou	du
duyicheng	都译成	0	douyicheng	都	dou	du
duyigao	都邑镐	0	douyigao	都	dou	du
duyiyun	都依允	0	douyiyun	都	dou	du
duyongli	都拥立	0	douyongli	都	dou	du
duyuansheng	都远胜	0	douyuansheng	都	dou	du
duzhenwanzhen	都镇湾镇	0	douzhenwanzhen	都	dou	du
duzicha	都子察	0	douzicha	都	dou	du
duzunzhi	都遵旨	0	douzunzhi	都	dou	du
duanbuliankuai	端部联会	0	duanbulianhui	会	hui	kuai
duandizhengshi	端的正士	0	duandezhengshi	的	de	di
duanti	断堤	0	duandi	堤	di	ti
duandianxuzhuan	断点续传	0	duandianxuchuan	传	chuan	zhuan
duankuaizong	段会宗	0	duanhuizong	会	hui	kuai
duantoushuai	断头率	0	duantoulv	率	lv	shuai
duanyupian	段誉便	0	duanyubian	便	bian	pian
duanyudai	段誉大	0	duanyuda	大	da	dai
duanyuhang	段誉行	0	duanyuxing	行	xing	hang
duanyuxian	段誉见	0	duanyujian	见	jian	xian
duanyujiao	段誉觉	0	duanyujue	觉	jue	jiao
duanyuyu	段誉吁	0	duanyuxu	吁	xu	yu
dubojun	杜柏钧	0	dubaijun	柏	bai	bo
dubeiren	独臂人	0	dubiren	臂	bi	bei
duchangkuai	独唱会	0	duchanghui	会	hui	kuai
dudaiqi	杜大桤	0	dudaqi	大	da	dai
dudaozhixian	独到之见	0	dudaozhijian	见	jian	xian
dudeifengshou	独得丰收	0	dudefengshou	得	de	dei
dufengzhao	杜锋朝	0	dufengchao	朝	chao	zhao
dukuaibin	杜会斌	0	duhuibin	会	hui	kuai
duiduanliankuai	对端联会	0	duiduanlianhui	会	hui	kuai
dujue	镀角	0	dujiao	角	jiao	jue
dulitiao	杜里调	0	dulidiao	调	diao	tiao
duobeiji	多臂机	0	duobiji	臂	bi	bei
duochongtiaojie	多重调节	0	duozhongtiaojie	重	zhong	chong
duochongguoji	多重国籍	0	duozhongguoji	重	zhong	chong
duochongji	多重集	0	duozhongji	重	zhong	chong
duochongshi	多重式	0	duozhongshi	重	zhong	chong
duochongzhaoshe	多重照射	0	duozhongzhaoshe	重	zhong	chong
duojikuai	多极会	0	duojihui	会	hui	kuai
duojizajiao	多系杂交	0	duoxizajiao	系	xi	ji
duolafuhua	堕落腐化	0	duoluofuhua	落	luo	la
duoyueshi	多乐士	0	duoleshi	乐	le	yue
duomobang	多万镑	0	duowanbang	万	wan	mo
duomobi	多万笔	0	duowanbi	万	wan	mo
duomojia	多万家	0	duowanjia	万	wan	mo
duomojin	多万斤	0	duowanjin	万	wan	mo
duomoke	多万棵	0	duowanke	万	wan	mo
duomoke	多万颗	0	duowanke	万	wan	mo
duomomei	多万枚	0	duowanmei	万	wan	mo
duomomi	多万米	0	duowanmi	万	wan	mo
duomotang	多万趟	0	duowantang	万	wan	mo
duomoyan	多万眼	0	duowanyan	万	wan	mo
duomoyingbang	多万英镑	0	duowanyingbang	万	wan	mo
duomozhi	多万只	0	duowanzhi	万	wan	mo
duoriweixian	多日未见	0	duoriweijian	见	jian	xian
duozhaosi	多着丝	0	duozhesi	着	zhe	zhao
duozhuosi	多着丝	0	duozhesi	着	zhe	zhuo
duseerduofushi	杜塞尔多夫市	0	dusaierduofushi	塞	sai	se
wubingzhi	恶病质	0	ebingzhi	恶	e	wu
wuguanhuangying	恶贯潢盈	0	eguanhuangying	恶	e	wu
ejialeisijue	厄加勒斯角	0	ejialeisijiao	角	jiao	jue
ekaijike	哦开机可	0	okaijike	哦	o	e
wukoushangren	恶口伤人	0	ekoushangren	恶	e	wu
wuli	恶例	0	eli	恶	e	wu
eluosiyanjiukuai	俄罗斯研究会	0	eluosiyanjiuhui	会	hui	kuai
enhuishenchong	恩惠深重	0	enhuishenzhong	重	zhong	chong
wunifeidao	恶逆非道	0	enifeidao	恶	e	wu
enweibingzhao	恩威并著	0	enweibingzhu	著	zhu	zhao
enweibingzhe	恩威并著	0	enweibingzhu	著	zhu	zhe
enweibingzhuo	恩威并著	0	enweibingzhu	著	zhu	zhuo
erbaiduomoliang	二百多万两	0	erbaiduowanliang	万	wan	mo
erbailingsimo	二百零四万	0	erbailingsiwan	万	wan	mo
erbaisanshisimobaqianliubaijiushiqimu	二百三十四万八千六百九十七亩	0	erbaisanshisiwanbaqianliubaijiushiqimu	万	wan	mo
erbaisishiwumoyu	二百四十五万余	0	erbaisishiwuwanyu	万	wan	mo
erbaiyishiwumojin	二百一十五万斤	0	erbaiyishiwuwanjin	万	wan	mo
erbaiyumoliang	二百余万两	0	erbaiyuwanliang	万	wan	mo
erchen	耳沈	0	ershen	沈	shen	chen
erdiansanmo	二点三万	0	erdiansanwan	万	wan	mo
erhuoliao	耳和髎	0	erheliao	和	he	huo
ermobaqianjiubaiwushiwu	二万八千九百五十五	0	erwanbaqianjiubaiwushiwu	万	wan	mo
ermoduoliang	二万多两	0	erwanduoliang	万	wan	mo
ermoerqianbabaiqishiqijuan	二万二千八百七十七卷	0	erwanerqianbabaiqishiqijuan	万	wan	mo
ermoersanqian	二万二三千	0	erwanersanqian	万	wan	mo
ermoming	二万名	0	erwanming	万	wan	mo
ermopingfangmi	二万平方米	0	erwanpingfangmi	万	wan	mo
ermosanmo	二万三万	0	erwansanwan	万	wan	mo
ermosanwan	二万三万	0	erwansanwan	万	wan	mo
erwansanmo	二万三万	0	erwansanwan	万	wan	mo
ermowuqianming	二万五千名	0	erwanwuqianming	万	wan	mo
ermowuqianyuan	二万五千元	0	erwanwuqianyuan	万	wan	mo
ermoyuxiang	二万余箱	0	erwanyuxiang	万	wan	mo
ermozuoyou	二万左右	0	erwanzuoyou	万	wan	mo
erqianbabailiushiwumoyuliang	二千八百六十五万余两	0	erqianbabailiushiwuwanyuliang	万	wan	mo
erqianduomoce	二千多万册	0	erqianduowance	万	wan	mo
erqianyibaiqishiliumowuqiansibaiwen	二千一百七十六万五千四百文	0	erqianyibaiqishiliuwanwuqiansibaiwen	万	wan	mo
ersaizhao	耳塞着	0	ersaizhe	着	zhe	zhao
ersaizhuo	耳塞着	0	ersaizhe	着	zhe	zhuo
ershibamohu	二十八万户	0	ershibawanhu	万	wan	mo
ershibamowuqianliang	二十八万五千两	0	ershibawanwuqianliang	万	wan	mo
ershijiumoer	二十九万二	0	ershijiuwaner	万	wan	mo
ershiliangchong	二十两重	0	ershiliangzhong	重	zhong	chong
ershiliumoyu	二十六万余	0	ershiliuwanyu	万	wan	mo
ershiwanmomake	二十万万马克	0	ershiwanwanmake	万	wan	mo
ershisimomei	二十四万枚	0	ershisiwanmei	万	wan	mo
ershisimomu	二十四万亩	0	ershisiwanmu	万	wan	mo
ershiwumowuqianliang	二十五万五千两	0	ershiwuwanwuqianliang	万	wan	mo
ershiyimobaqianliang	二十一万八千两	0	ershiyiwanbaqianliang	万	wan	mo
ershiyimoyuan	二十一万元	0	ershiyiwanyuan	万	wan	mo
ershiyishe	二十一折	0	ershiyizhe	折	zhe	she
ershiyumokou	二十余万口	0	ershiyuwankou	万	wan	mo
ershiyumopingfanggongli	二十余万平方公里	0	ershiyuwanpingfanggongli	万	wan	mo
eryierqianbabailiushisanmoyuan	二亿二千八百六十三万元	0	eryierqianbabailiushisanwanyuan	万	wan	mo
eryierqianerbaisanshisanmoyuliang	二亿二千二百三十三万余两	0	eryierqianerbaisanshisanwanyuliang	万	wan	mo
eryisanqianduomo	二亿三千多万	0	eryisanqianduowan	万	wan	mo
eryisibaijiushiqimoyuliang	二亿四百九十七万余两	0	eryisibaijiushiqiwanyuliang	万	wan	mo
eryudiren	耳语的人	0	eryuderen	的	de	di
ese	阨塞	0	esai	塞	sai	se
exingwuzhuang	恶形恶状	0	exingezhuang	恶	e	wu
wuxingezhuang	恶形恶状	0	exingezhuang	恶	e	wu
wuxingwuzhuang	恶形恶状	0	exingezhuang	恶	e	wu
eyebihe	腭咽闭合	0	eyanbihe	咽	yan	ye
wuyoushanbao	恶有善报	0	eyoushanbao	恶	e	wu
wuzhi	恶质	0	ezhi	恶	e	wu
wuzhihua	恶质化	0	ezhihua	恶	e	wu
faande	发案地	0	faandi	地	di	de
fazhuanjin	法传进	0	fachuanjin	传	chuan	zhuan
fadaide	发呆地	0	fadaidi	地	di	de
fatiao	罚调	0	fadiao	调	diao	tiao
fagan	发乾	0	faqian	乾	qian	gan
fahuode	发货地	0	fahuodi	地	di	de
fakuangde	发狂地	0	fakuangdi	地	di	de
faliaobuda	罚了不打	0	falebuda	了	le	liao
fayuetong	法乐通	0	faletong	乐	le	yue
fanchangguo	范长国	0	fanzhangguo	长	zhang	chang
fanzhaomei	樊朝美	0	fanchaomei	朝	chao	zhao
fanzhuanwangluo	反传网络	0	fanchuanwangluo	传	chuan	zhuan
fandegang	梵地冈	0	fandigang	地	di	de
fanwu	烦恶	0	fane	恶	e	wu
fangbiyixie	放辟移邪	0	fangpiyixie	辟	pi	bi
fangcemo	方策万	0	fangcewan	万	wan	mo
fangchangping	方长平	0	fangzhangping	长	zhang	chang
fangchengda	仿盛大	0	fangshengda	盛	sheng	cheng
fangchengdai	仿盛大	0	fangshengda	盛	sheng	cheng
fangshengdai	仿盛大	0	fangshengda	大	da	dai
fangdailin	方大林	0	fangdalin	大	da	dai
fangdaixiong	方大雄	0	fangdaxiong	大	da	dai
fanggonggan	方拱乾	0	fanggongqian	乾	qian	gan
fanghuoti	防火堤	0	fanghuodi	堤	di	ti
fangjiexian	方杰见	0	fangjiejian	见	jian	xian
fanglaxian	方腊见	0	fanglajian	见	jian	xian
fangweikuai	房委会	0	fangweihui	会	hui	kuai
fangxizhuan	方西传	0	fangxichuan	传	chuan	zhuan
fangxin	访寻	0	fangxun	寻	xun	xin
fangyang	彷徉	0	pangyang	彷	pang	fang
fangyinlvde	防音绿地	0	fangyinlvdi	地	di	de
fangzhongxin	房中寻	0	fangzhongxun	寻	xun	xin
fangzhuangcheng	方壮盛	0	fangzhuangsheng	盛	sheng	cheng
fanlidingni	凡立丁呢	0	fanlidingne	呢	ne	ni
fantiannaode	烦天恼地	0	fantiannaodi	地	di	de
fanxiangde	反向地	0	fanxiangdi	地	di	de
fanxiangerhang	反向而行	0	fanxiangerxing	行	xing	hang
fanxizhao	范希朝	0	fanxichao	朝	chao	zhao
fanzhao	范著	0	fanzhu	著	zhu	zhao
fanzhe	范著	0	fanzhu	著	zhu	zhe
fanzhuo	范著	0	fanzhu	著	zhu	zhuo
fanzichang	范子长	0	fanzizhang	长	zhang	chang
fashebei	发射臂	0	fashebi	臂	bi	bei
fawenji	法文系	0	fawenxi	系	xi	ji
feidaipao	肺大泡	0	feidapao	大	da	dai
feidanzhaosi	非单着丝	0	feidanzhesi	着	zhe	zhao
feidanzhuosi	非单着丝	0	feidanzhesi	着	zhe	zhuo
feideiluer	肥得鲁儿	0	feideluer	得	de	dei
feideiqing	费得罄	0	feideqing	得	de	dei
feidianzide	非电子地	0	feidianzidi	地	di	de
feiduanzhaosi	非端着丝	0	feiduanzhesi	着	zhe	zhao
feiduanzhuosi	非端着丝	0	feiduanzhesi	着	zhe	zhuo
feikuaibuke	非会不可	0	feihuibuke	会	hui	kuai
feixiangbuke	非降不可	0	feijiangbuke	降	jiang	xiang
feijumo	费巨万	0	feijuwan	万	wan	mo
feimabuke	非抹不可	0	feimobuke	抹	mo	ma
feinizhao	费尼著	0	feinizhu	著	zhu	zhao
feinizhe	费尼著	0	feinizhu	著	zhu	zhe
feinizhuo	费尼著	0	feinizhu	著	zhu	zhuo
feipinshuai	费品率	0	feipinlv	率	lv	shuai
feishehuide	非社会地	0	feishehuidi	地	di	de
feiwanzhengji	非完整系	0	feiwanzhengxi	系	xi	ji
feixinchangguang	非寻常光	0	feixunchangguang	寻	xun	xin
feixinzhao	费信著	0	feixinzhu	著	zhu	zhao
feixinzhe	费信著	0	feixinzhu	著	zhu	zhe
feixinzhuo	费信著	0	feixinzhu	著	zhu	zhuo
feiyeshide	飞也似地	0	feiyeshidi	地	di	de
feiyeside	飞也似地	0	feiyeshidi	似	shi	si
feiyesidi	飞也似地	0	feiyeshidi	似	shi	si
feiyitiao	非移调	0	feiyidiao	调	diao	tiao
feiyingchongzhu	飞蝇重珠	0	feiyingzhongzhu	重	zhong	chong
fenduanyinmu	分段印模	0	fenduanyinmo	模	mo	mu
fengbaopian	冯保便	0	fengbaobian	便	bian	pian
fengbaozhao	冯保朝	0	fengbaochao	朝	chao	zhao
fengbaoxian	冯保见	0	fengbaojian	见	jian	xian
fengbowu	风波恶	0	fengboe	恶	e	wu
fengchanggen	冯长根	0	fengzhanggen	长	zhang	chang
fengchangjiu	冯长舅	0	fengzhangjiu	长	zhang	chang
fengchangping	封长平	0	fengzhangping	长	zhang	chang
fengchenwang	封沈王	0	fengshenwang	沈	shen	chen
fengdainu	封大怒	0	fengdanu	大	da	dai
fengdeimi	封得密	0	fengdemi	得	de	dei
fenggan	风乾	0	fengqian	乾	qian	gan
fengganji	风乾机	0	fengqianji	乾	qian	gan
fenggongzhuanji	丰功传绩	0	fenggongchuanji	传	chuan	zhuan
fenghuogui	冯和桂	0	fenghegui	和	he	huo
fenghuangxie	凤凰血	0	fenghuangxue	血	xue	xie
fengjilangdai	风急浪大	0	fengjilangda	大	da	dai
fengliaoguji	疯了呱几	0	fengleguji	了	le	liao
fengshuaiyi	封率义	0	fenglvyi	率	lv	shuai
fengmaomijue	凤毛麋角	0	fengmaomijiao	角	jiao	jue
fengshunyutiao	风顺雨调	0	fengshunyudiao	调	diao	tiao
fengxiugan	冯秀乾	0	fengxiuqian	乾	qian	gan
fengyachai	风压差	0	fengyacha	差	cha	chai
fennude	忿怒地	0	fennudi	地	di	de
fenpeishuai	分配率	0	fenpeilv	率	lv	shuai
fenpijinhang	分批进行	0	fenpijinxing	行	xing	hang
fenqianyuanbo	分浅缘薄	0	fenqianyuanbao	薄	bao	bo
fubianchai	负变差	0	fubiancha	差	cha	chai
fubuchongzhi	福不重至	0	fubuzhongzhi	重	zhong	chong
fuchangkun	付长昆	0	fuzhangkun	长	zhang	chang
fuchongjue	俯冲角	0	fuchongjiao	角	jiao	jue
fudaikuai	妇代会	0	fudaihui	会	hui	kuai
fudaokuai	辅导会	0	fudaohui	会	hui	kuai
fudeijiaogongheguo	佛得角共和国	0	fudejiaogongheguo	得	de	dei
fudeijuegongheguo	佛得角共和国	0	fudejiaogongheguo	得	de	dei
fudejuegongheguo	佛得角共和国	0	fudejiaogongheguo	角	jiao	jue
fudeiyi	富得溢	0	fudeyi	得	de	dei
fugaidijie	覆盖的阶	0	fugaidejie	的	de	di
fuji	附给	0	fugei	给	gei	ji
fuhaochang	符号长	0	fuhaozhang	长	zhang	chang
fuheshuai	符合率	0	fuhelv	率	lv	shuai
fuji	辅系	0	fuxi	系	xi	ji
fujiaji	附加系	0	fujiaxi	系	xi	ji
fuxian	肤见	0	fujian	见	jian	xian
fuxianyi	福见义	0	fujianyi	见	jian	xian
fulanghuofei	夫琅和费	0	fulanghefei	和	he	huo
fuliankuai	妇联会	0	fulianhui	会	hui	kuai
fulianzongkuai	妇联总会	0	fulianzonghui	会	hui	kuai
fuqiangkangyue	富强康乐	0	fuqiangkangle	乐	le	yue
fuseli	福塞利	0	fusaili	塞	sai	se
fusete	福塞特	0	fusaite	塞	sai	se
fushanchengwu	扶善惩恶	0	fushanchenge	恶	e	wu
fushanjiwu	扶善疾恶	0	fushanjie	恶	e	wu
fushejue	俯射角	0	fushejiao	角	jiao	jue
fusheshuai	辐射率	0	fushelv	率	lv	shuai
fuzhesheshuai	复折射率	0	fuzheshelv	率	lv	shuai
fushewuding	复折屋顶	0	fuzhewuding	折	zhe	she
fushishiyue	富士施乐	0	fushishile	乐	le	yue
fushudemu	复数的模	0	fushudemo	模	mo	mu
fushudimo	复数的模	0	fushudemo	的	de	di
fushudimu	复数的模	0	fushudemo	的	de	di
fushulvde	附属绿地	0	fushulvdi	地	di	de
fusibianpian	腹笥便便	0	fusibianbian	便	bian	pian
fusipianbian	腹笥便便	0	fusibianbian	便	bian	pian
fusipianpian	腹笥便便	0	fusibianbian	便	bian	pian
fuweikuai	妇委会	0	fuweihui	会	hui	kuai
fuwuqishangjinhang	服务器上进行	0	fuwuqishangjinxing	行	xing	hang
fuxiao	斧削	0	fuxue	削	xue	xiao
fuzhaoshuai	辐照率	0	fuzhaolv	率	lv	shuai
gaitiaosu	钙调素	0	gaidiaosu	调	diao	tiao
gaihaizehuan	该还则还	0	gaihaizehai	还	hai	huan
gaihuanzehai	该还则还	0	gaihaizehai	还	hai	huan
gaihuanzehuan	该还则还	0	gaihaizehai	还	hai	huan
gaihaoshuai	改好率	0	gaihaolv	率	lv	shuai
gailiaoyougai	盖了又盖	0	gaileyougai	了	le	liao
gainianxidei	概念习得	0	gainianxide	得	de	dei
gananxian	乾安县	0	qiananxian	乾	qian	gan
ganba	乾爸	0	qianba	乾	qian	gan
ganbaba	乾巴巴	0	qianbaba	乾	qian	gan
ganbaba	乾爸爸	0	qianbaba	乾	qian	gan
ganbiebie	乾瘪瘪	0	qianbiebie	乾	qian	gan
gancaocha	乾草叉	0	qiancaocha	乾	qian	gan
gancaode	干草地	0	gancaodi	地	di	de
gancaodui	乾草堆	0	qiancaodui	乾	qian	gan
gancaoji	乾草机	0	qiancaoji	乾	qian	gan
ganchailiehuo	乾柴烈火	0	qianchailiehuo	乾	qian	gan
gandailu	干大鹿	0	gandalu	大	da	dai
gandalei	乾打雷	0	qiandalei	乾	qian	gan
gandeile	干得了	0	gandele	得	de	dei
gandeiliao	干得了	0	gandele	得	de	dei
gandeliao	干得了	0	gandele	了	le	liao
gandena	甘地纳	0	gandina	地	di	de
gandianchi	乾电池	0	qiandianchi	乾	qian	gan
gandidi	乾弟弟	0	qiandidi	乾	qian	gan
ganerzi	乾儿子	0	qianerzi	乾	qian	gan
ganfan	乾饭	0	qianfan	乾	qian	gan
ganganjingjing	乾乾净净	0	qianqianjingjing	乾	qian	gan
ganqianjingjing	乾乾净净	0	qianqianjingjing	乾	qian	gan
qianganjingjing	乾乾净净	0	qianqianjingjing	乾	qian	gan
gangege	乾哥哥	0	qiangege	乾	qian	gan
gangegou	乾个够	0	qiangegou	乾	qian	gan
ganghuani	钢花呢	0	ganghuane	呢	ne	ni
gangmayaguang	钢抹压光	0	gangmoyaguang	抹	mo	ma
gangsijuan	钢丝圈	0	gangsiquan	圈	quan	juan
ganhandiqu	乾旱地区	0	qianhandiqu	乾	qian	gan
ganjiexiuman	柑桔锈螨	0	ganjuxiuman	桔	ju	jie
ganjingliluo	乾净俐落	0	qianjingliluo	乾	qian	gan
ganliande	干练地	0	ganliandi	地	di	de
ganliang	乾粮	0	qianliang	乾	qian	gan
ganliu	乾馏	0	qianliu	乾	qian	gan
ganliufa	乾馏法	0	qianliufa	乾	qian	gan
ganludiren	赶路的人	0	ganluderen	的	de	di
gannaidijue	甘迺迪角	0	gannaidijiao	角	jiao	jue
ganningxian	甘宁见	0	ganningjian	见	jian	xian
gannver	乾女儿	0	qiannver	乾	qian	gan
ganpian	乾片	0	qianpian	乾	qian	gan
ganraochenxiang	干扰沉降	0	ganraochenjiang	降	jiang	xiang
ganroupian	乾肉片	0	qianroupian	乾	qian	gan
gansimi	甘似蜜	0	ganshimi	似	shi	si
gantianqide	感天泣地	0	gantianqidi	地	di	de
ganxian	乾鲜	0	qianxian	乾	qian	gan
ganxingpifu	乾性皮肤	0	qianxingpifu	乾	qian	gan
ganxuan	乾癣	0	qianxuan	乾	qian	gan
ganyanbing	乾眼病	0	qianyanbing	乾	qian	gan
ganzaoji	乾燥剂	0	qianzaoji	乾	qian	gan
ganzaoji	乾燥机	0	qianzaoji	乾	qian	gan
ganzaoshuai	干燥率	0	ganzaolv	率	lv	shuai
ganzaoqi	乾燥器	0	qianzaoqi	乾	qian	gan
ganzaoxiang	乾燥箱	0	qianzaoxiang	乾	qian	gan
ganzhaoji	乾着急	0	qianzhaoji	乾	qian	gan
ganzhouhang	甘州行	0	ganzhouxing	行	xing	hang
ganzizi	乾姊姊	0	qianzizi	乾	qian	gan
gaobaoqiao	锆包壳	0	gaobaoke	壳	ke	qiao
gaochanggong	高长恭	0	gaozhanggong	长	zhang	chang
gaochangsheng	高长胜	0	gaozhangsheng	长	zhang	chang
gaochengjituan	高盛集团	0	gaoshengjituan	盛	sheng	cheng
gaochenyang	高沈阳	0	gaoshenyang	沈	shen	chen
gaodeixing	高得幸	0	gaodexing	得	de	dei
gaoduzhen	高都镇	0	gaodouzhen	都	dou	du
gaogaixiezheng	高钙血症	0	gaogaixuezheng	血	xue	xie
gaogongzhao	高拱朝	0	gaogongchao	朝	chao	zhao
gaojiaofu	高觉敷	0	gaojuefu	觉	jue	jiao
gaojiaxiezheng	高钾血症	0	gaojiaxuezheng	血	xue	xie
gaolianxian	高廉见	0	gaolianjian	见	jian	xian
gaolichen	高丽沈	0	gaolishen	沈	shen	chen
gaorongcheng	高荣盛	0	gaorongsheng	盛	sheng	cheng
gaoshizhihang	高世之行	0	gaoshizhixing	行	xing	hang
gaosuchuanhangzongxian	高速串行总线	0	gaosuchuanxingzongxian	行	xing	hang
gebei	肐臂	0	gebi	臂	bi	bei
gebidaisha	戈壁大沙	0	gebidasha	大	da	dai
geerse	格尔塞	0	geersai	塞	sai	se
jihuiguo	给惠国	0	geihuiguo	给	gei	ji
jiliaoji	给料机	0	geiliaoji	给	gei	ji
jimeiji	给煤机	0	geimeiji	给	gei	ji
gelase	格拉塞	0	gelasai	塞	sai	se
gelinzhao	格林著	0	gelinzhu	著	zhu	zhao
gelinzhe	格林著	0	gelinzhu	著	zhu	zhe
gelinzhuo	格林著	0	gelinzhu	著	zhu	zhuo
gemodu	格万杜	0	gewandu	万	wan	mo
gengchangsuo	耿长锁	0	gengzhangsuo	长	zhang	chang
gengdaiyong	耿大勇	0	gengdayong	大	da	dai
genggengyeye	哽哽咽咽	0	genggengyeyan	咽	yan	ye
genggongxian	耿恭见	0	genggongjian	见	jian	xian
gengque	庚炔	0	genggui	炔	gui	que
gengmozhong	耿万钟	0	gengwanzhong	万	wan	mo
geseer	格塞尔	0	gesaier	塞	sai	se
gewuwankuai	歌舞晚会	0	gewuwanhui	会	hui	kuai
gezhaobudong	搁着不动	0	gezhebudong	着	zhe	zhao
gezhuobudong	搁着不动	0	gezhebudong	着	zhe	zhuo
gezhaobuguan	搁着不管	0	gezhebuguan	着	zhe	zhao
gezhuobuguan	搁着不管	0	gezhebuguan	着	zhe	zhuo
gongbaodailou	公保大楼	0	gongbaodalou	大	da	dai
gongbiyi	宫辟疑	0	gongpiyi	辟	pi	bi
gongbupode	攻不破地	0	gongbupodi	地	di	de
gongshenzaohua	功参造化	0	gongcanzaohua	参	can	shen
gongchangjian	弓长箭	0	gongzhangjian	长	zhang	chang
gongchanglingqu	弓长岭区	0	gongzhanglingqu	长	zhang	chang
gongchenxiang	共沉降	0	gongchenjiang	降	jiang	xiang
gongdaishi	公大史	0	gongdashi	大	da	dai
gongdisheng	宫的圣	0	gongdesheng	的	de	di
gongdianliji	共点力系	0	gongdianlixi	系	xi	ji
gongdutaijian	宫都太监	0	gongdoutaijian	都	dou	du
gongejue	共轭角	0	gongejiao	角	jiao	jue
gongjiyang	宫给杨	0	gonggeiyang	给	gei	ji
gonghuonu	弓和弩	0	gonghenu	和	he	huo
gongxiandi	宫见帝	0	gongjiandi	见	jian	xian
gongxianjia	宫见驾	0	gongjianjia	见	jian	xian
gongxianzhen	宫见朕	0	gongjianzhen	见	jian	xian
gongjiao	贡觉	0	gongjue	觉	jue	jiao
gongjiaoxian	贡觉县	0	gongjuexian	觉	jue	jiao
gonglaizhao	宫来朝	0	gonglaichao	朝	chao	zhao
gonglaixian	宫来见	0	gonglaijian	见	jian	xian
gongliankuai	工联会	0	gonglianhui	会	hui	kuai
gonglizhao	宫里朝	0	gonglichao	朝	chao	zhao
gonglizhuan	宫里传	0	gonglichuan	传	chuan	zhuan
gongmianliji	共面力系	0	gongmianlixi	系	xi	ji
gongnengyinmu	功能印模	0	gongnengyinmo	模	mo	mu
gongqidibei	拱起的背	0	gongqidebei	的	de	di
gongshe	公折	0	gongzhe	折	zhe	she
gongshejianjin	弓折箭尽	0	gongzhejianjin	折	zhe	she
gongsunzhichang	公孙止长	0	gongsunzhizhang	长	zhang	chang
gongsunzhidei	公孙止得	0	gongsunzhide	得	de	dei
gongsunzhixian	公孙止见	0	gongsunzhijian	见	jian	xian
gongsunzhila	公孙止落	0	gongsunzhiluo	落	luo	la
gongsunzhisi	公孙止似	0	gongsunzhishi	似	shi	si
gongsuozhuan	公所传	0	gongsuochuan	传	chuan	zhuan
gongyechang	公冶长	0	gongyezhang	长	zhang	chang
gongyegan	公冶乾	0	gongyeqian	乾	qian	gan
gongzhenbomu	共振波模	0	gongzhenbomo	模	mo	mu
gongzhengkuai	公证会	0	gongzhenghui	会	hui	kuai
gongzhenzhao	巩珍著	0	gongzhenzhu	著	zhu	zhao
gongzhenzhe	巩珍著	0	gongzhenzhu	著	zhu	zhe
gongzhenzhuo	巩珍著	0	gongzhenzhu	著	zhu	zhuo
goubuzhao	搆不着	0	goubuzhe	着	zhe	zhao
goubuzhuo	搆不着	0	goubuzhe	着	zhe	zhuo
gouchehuo	购车和	0	gouchehe	和	he	huo
goumaishuai	购买率	0	goumailv	率	lv	shuai
guobuzhichi	聒不知耻	0	guabuzhichi	聒	gua	guo
guadei	颳得	0	guade	得	de	dei
guademala	瓜地马拉	0	guadimala	地	di	de
guaguojiao	聒聒叫	0	guaguajiao	聒	gua	guo
guoguajiao	聒聒叫	0	guaguajiao	聒	gua	guo
guoguojiao	聒聒叫	0	guaguajiao	聒	gua	guo
gualiao	颳了	0	guale	了	le	liao
guanchahang	官茶行	0	guanchaxing	行	xing	hang
guanchangjing	管长径	0	guanzhangjing	长	zhang	chang
guanchanglin	关长林	0	guanzhanglin	长	zhang	chang
guanzhaoyin	关朝银	0	guanchaoyin	朝	chao	zhao
guanzhaozhu	管朝珠	0	guanchaozhu	朝	chao	zhao
guanzhuanxu	官传序	0	guanchuanxu	传	chuan	zhuan
guanchude	管楚地	0	guanchudi	地	di	de
guandaihu	官大呼	0	guandahu	大	da	dai
guandeicha	管得茶	0	guandecha	得	de	dei
guandeimi	关得密	0	guandemi	得	de	dei
guangbianyuan	广辟案源	0	guangpianyuan	辟	pi	bi
guangbokuai	广博会	0	guangbohui	会	hui	kuai
guangcheng	广盛	0	guangsheng	盛	sheng	cheng
guangchongpai	光重排	0	guangzhongpai	重	zhong	chong
guangdexiang	广德降	0	guangdejiang	降	jiang	xiang
guangjuetoujing	广角透镜	0	guangjiaotoujing	角	jiao	jue
guanjiazhuan	官家传	0	guanjiachuan	传	chuan	zhuan
guanjieyue	官皆乐	0	guanjiele	乐	le	yue
guankuizhixian	管窥之见	0	guankuizhijian	见	jian	xian
guanlinghang	关陵行	0	guanlingxing	行	xing	hang
guanqiangguantiao	官腔官调	0	guanqiangguandiao	调	diao	tiao
guanshanmoli	关山万里	0	guanshanwanli	万	wan	mo
guanshengxian	关胜见	0	guanshengjian	见	jian	xian
guanshiyindai	观世音大	0	guanshiyinda	大	da	dai
guanxianyue	管絃乐	0	guanxianle	乐	le	yue
guanxiaohuo	关孝和	0	guanxiaohe	和	he	huo
guanyu	观吁	0	guanxu	吁	xu	yu
guanzhicheng	官之盛	0	guanzhisheng	盛	sheng	cheng
guaqingboyi	寡情薄义	0	guaqingbaoyi	薄	bao	bo
guawenguaxian	寡闻寡见	0	guawenguajian	见	jian	xian
guazhao	颳着	0	guazhe	着	zhe	zhao
guazhuo	颳着	0	guazhe	着	zhe	zhuo
guchangdi	古长堤	0	guzhangdi	长	zhang	chang
guchangti	古长堤	0	guzhangdi	长	zhang	chang
guzhangti	古长堤	0	guzhangdi	堤	di	ti
guzhaoxi	顾朝曦	0	guchaoxi	朝	chao	zhao
guchenyu	古称渝	0	guchengyu	称	cheng	chen
gudaiqin	古大秦	0	gudaqin	大	da	dai
gudeidong	顾得东	0	gudedong	得	de	dei
gudeiqu	顾得取	0	gudequ	得	de	dei
gudiaodutan	古调独弹	0	gudiaodudan	弹	dan	tan
gutiaodudan	古调独弹	0	gudiaodudan	调	diao	tiao
gutiaodutan	古调独弹	0	gudiaodudan	调	diao	tiao
gudingzichang	固定字长	0	gudingzizhang	长	zhang	chang
guhuoguo	谷和郭	0	guheguo	和	he	huo
guixu	鬼畜	0	guichu	畜	chu	xu
quecichun	炔雌醇	0	guicichun	炔	gui	que
quecimi	炔雌醚	0	guicimi	炔	gui	que
guifuzhao	桂馥著	0	guifuzhu	著	zhu	zhao
guifuzhe	桂馥著	0	guifuzhu	著	zhu	zhe
guifuzhuo	桂馥著	0	guifuzhu	著	zhu	zhuo
guique	癸炔	0	guigui	炔	gui	que
guihanglv	归行率	0	guixinglv	行	xing	hang
guihangshuai	归行率	0	guixinglv	行	xing	hang
guixingshuai	归行率	0	guixinglv	率	lv	shuai
quehuawu	炔化物	0	guihuawu	炔	gui	que
guijishuai	归集率	0	guijilv	率	lv	shuai
guiqiaohua	龟壳花	0	guikehua	壳	ke	qiao
guimaomianjue	龟毛免角	0	guimaomianjiao	角	jiao	jue
guiquande	规劝地	0	guiquandi	地	di	de
guirongboqin	桂容柏寝	0	guirongbaiqin	柏	bai	bo
guiyuangan	桂圆乾	0	guiyuanqian	乾	qian	gan
gujichongshi	故计重施	0	gujizhongshi	重	zhong	chong
guqiaofenli	谷壳分离	0	gukefenli	壳	ke	qiao
gumoming	顾万明	0	guwanming	万	wan	mo
gunjuan	滚圈	0	gunquan	圈	quan	juan
guobaoyue	果宝乐	0	guobaole	乐	le	yue
guozhaoshi	国朝诗	0	guochaoshi	朝	chao	zhao
guochengbiai	过盛必哀	0	guoshengbiai	盛	sheng	cheng
guochengbishuai	过盛必衰	0	guoshengbishuai	盛	sheng	cheng
guochengsi	郭盛四	0	guoshengsi	盛	sheng	cheng
guodaixin	郭大鑫	0	guodaxin	大	da	dai
guodaiyue	郭大岳	0	guodayue	大	da	dai
guoganqing	过乾清	0	guoqianqing	乾	qian	gan
guokuaifang	过会芳	0	guohuifang	会	hui	kuai
guokuaizi	过会子	0	guohuizi	会	hui	kuai
guojiakaifahang	国家开发行	0	guojiakaifaxing	行	xing	hang
guojialaodonghuoshehuibaozhangbu	国家劳动和社会保障部	0	guojialaodongheshehuibaozhangbu	和	he	huo
guojingpian	郭靖便	0	guojingbian	便	bian	pian
guojingzhuan	郭靖传	0	guojingchuan	传	chuan	zhuan
guojingxian	郭靖见	0	guojingjian	见	jian	xian
guojingxiang	郭靖降	0	guojingjiang	降	jiang	xiang
guojingma	郭靖抹	0	guojingmo	抹	mo	ma
guojingxin	郭靖寻	0	guojingxun	寻	xun	xin
guojishejianlianhekuai	国际射箭联合会	0	guojishejianlianhehui	会	hui	kuai
guojiyeyutianjinglianhekuai	国际业余田径联合会	0	guojiyeyutianjinglianhehui	会	hui	kuai
guokekuai	国科会	0	guokehui	会	hui	kuai
guoxianga	郭祥呵	0	guoxianghe	呵	he	a
guoxianghang	郭襄行	0	guoxiangxing	行	xing	hang
guoxiangxian	郭祥见	0	guoxiangjian	见	jian	xian
guoyangcheng	郭样盛	0	guoyangsheng	盛	sheng	cheng
guoyangxian	郭样见	0	guoyangjian	见	jian	xian
guoyousuoxian	果有所见	0	guoyousuojian	见	jian	xian
guozhaikuai	国宅会	0	guozhaihui	会	hui	kuai
guozhengan	郭振乾	0	guozhenqian	乾	qian	gan
gurankuai	固然会	0	guranhui	会	hui	kuai
gushanzhihang	鼓山支行	0	gushanzhixing	行	xing	hang
gutianyue	股天乐	0	gutianle	乐	le	yue
guyancheng	顾延盛	0	guyansheng	盛	sheng	cheng
guyuankuai	顾源会	0	guyuanhui	会	hui	kuai
guzhongzhuan	谷中传	0	guzhongchuan	传	chuan	zhuan
habubu	哈布卜	0	habubo	卜	bo	bu
hadaiba	哈大霸	0	hadaba	大	da	dai
hadeisunwan	哈得孙湾	0	hadesunwan	得	de	dei
haichangsong	海长松	0	haizhangsong	长	zhang	chang
haideier	海得尔	0	haideer	得	de	dei
haihaqiao	海蛤壳	0	haihake	壳	ke	qiao
haihangdeitong	还行得通	0	haixingdetong	行	xing	hang
haihangdetong	还行得通	0	haixingdetong	行	xing	hang
haixingdeitong	还行得通	0	haixingdetong	得	de	dei
huanhangdeitong	还行得通	0	haixingdetong	还	hai	huan
huanhangdetong	还行得通	0	haixingdetong	还	hai	huan
huanxingdeitong	还行得通	0	haixingdetong	还	hai	huan
huanxingdetong	还行得通	0	haixingdetong	还	hai	huan
hailiyunchong	海立云重	0	hailiyunzhong	重	zhong	chong
haioudai	海鸥大	0	haiouda	大	da	dai
huanrangdao	还让到	0	hairangdao	还	hai	huan
huanshe	还射	0	haishe	还	hai	huan
haituoningzhu	咳唾凝珠	0	ketuoningzhu	咳	ke	hai
haixiajiaoliujijinkuai	海峡交流基金会	0	haixiajiaoliujijinhui	会	hui	kuai
haqiao	蛤壳	0	hake	壳	ke	qiao
hamidunjuan	哈密顿圈	0	hamidunquan	圈	quan	juan
hanzhaofeng	韩朝风	0	hanchaofeng	朝	chao	zhao
handaijian	韩大建	0	handajian	大	da	dai
handaitai	韩大太	0	handatai	大	da	dai
handei	焊得	0	hande	得	de	dei
handeishuo	汉得朔	0	handeshuo	得	de	dei
hangbaiyi	行百艺	0	xingbaiyi	行	xing	hang
hangboshuo	行波说	0	xingboshuo	行	xing	hang
hangbotianxian	行波天线	0	xingbotianxian	行	xing	hang
hangbudeiye	行不得也	0	xingbudeye	行	xing	hang
hangbudeye	行不得也	0	xingbudeye	行	xing	hang
xingbudeiye	行不得也	0	xingbudeye	得	de	dei
hangcaitian	行彩田	0	xingcaitian	行	xing	hang
hangchiheshang	行痴和尚	0	xingchiheshang	行	xing	hang
hangdeicha	杭得茶	0	hangdecha	得	de	dei
hangdeifang	杭得放	0	hangdefang	得	de	dei
hangduancaigao	行短才高	0	xingduancaigao	行	xing	hang
hangerbuyuan	行而不远	0	xingerbuyuan	行	xing	hang
hangfengyi	行奉义	0	xingfengyi	行	xing	hang
hanggeshijin	行格势禁	0	xinggeshijin	行	xing	hang
hanggezuoyue	行歌坐月	0	xinggezuoyue	行	xing	hang
hanghanpian	杭汉便	0	hanghanbian	便	bian	pian
hangxingsese	行行色色	0	xingxingsese	行	xing	hang
hanghanxian	杭汉见	0	hanghanjian	见	jian	xian
hanghanli	行汉礼	0	xinghanli	行	xing	hang
hangjiadai	杭家大	0	hangjiada	大	da	dai
hangjiahuo	杭嘉和	0	hangjiahe	和	he	huo
hangjiahuo	杭家和	0	hangjiahe	和	he	huo
hangjiande	行俭德	0	xingjiande	行	xing	hang
hangjiazheng	行加征	0	xingjiazheng	行	xing	hang
hangjinsui	行金穗	0	xingjinsui	行	xing	hang
hangjunchen	行君臣	0	xingjunchen	行	xing	hang
hangkuanjian	行宽简	0	xingkuanjian	行	xing	hang
hangkuanren	行宽仁	0	xingkuanren	行	xing	hang
hangmizi	行密子	0	xingmizi	行	xing	hang
hangnangong	行南攻	0	xingnangong	行	xing	hang
hangquanfu	行泉府	0	xingquanfu	行	xing	hang
hangquanjia	行权价	0	xingquanjia	行	xing	hang
hangruohushu	行若狐鼠	0	xingruohushu	行	xing	hang
hangshuijin	行水金	0	xingshuijin	行	xing	hang
hangtianbo	行田伯	0	xingtianbo	行	xing	hang
hangtingcan	行庭参	0	xingtingcan	行	xing	hang
hangtingshen	行庭参	0	xingtingcan	行	xing	hang
xingtingshen	行庭参	0	xingtingcan	参	can	shen
hangtongmolu	行同陌路	0	xingtongmolu	行	xing	hang
hangweikuai	航委会	0	hangweihui	会	hui	kuai
hangweiwei	行卫尉	0	xingweiwei	行	xing	hang
hangxianguo	行宪国	0	xingxianguo	行	xing	hang
hangxianguomin	行宪国民	0	xingxianguomin	行	xing	hang
hangxingle	行幸乐	0	xingxingle	行	xing	hang
hangxingyue	行幸乐	0	xingxingle	行	xing	hang
xingxingyue	行幸乐	0	xingxingle	乐	le	yue
hangyipian	杭忆便	0	hangyibian	便	bian	pian
hangyili	行仪礼	0	xingyili	行	xing	hang
hangyimaqi	行译码器	0	xingyimaqi	行	xing	hang
hangyitongzi	行义童子	0	xingyitongzi	行	xing	hang
hangyuanbizi	行远必自	0	xingyuanbizi	行	xing	hang
hangzhibuyuan	行之不远	0	xingzhibuyuan	行	xing	hang
hangzihuo	杭子和	0	hangzihe	和	he	huo
hanhandi	憨憨的	0	hanhande	的	de	di
hanxian	捍见	0	hanjian	见	jian	xian
hanyue	酣乐	0	hanle	乐	le	yue
hanyueqing	韩乐卿	0	hanleqing	乐	le	yue
hanyuewu	韩乐悟	0	hanlewu	乐	le	yue
hanshuishuaiyi	含水率仪	0	hanshuilvyi	率	lv	shuai
hantaidai	韩太大	0	hantaida	大	da	dai
hantiandongde	寒天冻地	0	hantiandongdi	地	di	de
hanyoushuai	含油率	0	hanyoulv	率	lv	shuai
haobulikuai	毫不理会	0	haobulihui	会	hui	kuai
haodaishou	郝大手	0	haodashou	大	da	dai
haodaiyong	郝大勇	0	haodayong	大	da	dai
haodidaoren	郝的道人	0	haodedaoren	的	de	di
haodianshuai	耗电率	0	haodianlv	率	lv	shuai
haowuliao	好恶了	0	haowule	了	le	liao
haofazhichai	毫发之差	0	haofazhicha	差	cha	chai
haogan	好乾	0	haoqian	乾	qian	gan
haolianhuo	郝连和	0	haolianhe	和	he	huo
haotaodaiku	号淘大哭	0	haotaodaku	大	da	dai
haowuzhijiao	毫无知觉	0	haowuzhijue	觉	jue	jiao
hayidaieryuan	哈医大二院	0	hayidaeryuan	大	da	dai
hayimajue	哈伊马角	0	hayimajiao	角	jiao	jue
huoaiguang	和爱光	0	heaiguang	和	he	huo
huoaijiu	和艾灸	0	heaijiu	和	he	huo
huoaiyun	和爱云	0	heaiyun	和	he	huo
huoaizhen	和爱珍	0	heaizhen	和	he	huo
huoanqin	和岸勤	0	heanqin	和	he	huo
huobaihui	和百慧	0	hebaihui	和	he	huo
huobaoqin	和宝琴	0	hebaoqin	和	he	huo
huobiaoying	和标营	0	hebiaoying	和	he	huo
huobichu	和碧初	0	hebichu	和	he	huo
huobier	和壁儿	0	hebier	和	he	huo
huobingke	和兵科	0	hebingke	和	he	huo
huobingmin	和兵民	0	hebingmin	和	he	huo
huobingwei	和兵卫	0	hebingwei	和	he	huo
huoboshu	和波束	0	heboshu	和	he	huo
huobukesaiermengguzizhixian	和布克赛尔蒙古自治县	0	hebukesaiermengguzizhixian	和	he	huo
huobutongchen	和不同尘	0	hebutongchen	和	he	huo
hebuzhao	合不着	0	hebuzhe	着	zhe	zhao
hebuzhuo	合不着	0	hebuzhe	着	zhe	zhuo
hecaikuai	和裁会	0	hecaihui	会	hui	kuai
huocaihui	和裁会	0	hecaihui	和	he	huo
huocaikuai	和裁会	0	hecaihui	和	he	huo
heshenyan	和参研	0	hecanyan	参	can	shen
huocanyan	和参研	0	hecanyan	和	he	huo
huoshenyan	和参研	0	hecanyan	和	he	huo
huochabo	和察博	0	hechabo	和	he	huo
hechangling	贺长龄	0	hezhangling	长	zhang	chang
hechangrong	何长荣	0	hezhangrong	长	zhang	chang
huochangsheng	和长生	0	hechangsheng	和	he	huo
hechangsong	和长松	0	hezhangsong	长	zhang	chang
huochangsong	和长松	0	hezhangsong	和	he	huo
huozhangsong	和长松	0	hezhangsong	和	he	huo
huochaomei	和超镁	0	hechaomei	和	he	huo
hezhaozhang	和朝章	0	hechaozhang	朝	chao	zhao
huochaozhang	和朝章	0	hechaozhang	和	he	huo
huozhaozhang	和朝章	0	hechaozhang	和	he	huo
huochaqing	和茶清	0	hechaqing	和	he	huo
huochengguan	和澄观	0	hechengguan	和	he	huo
huochenghuan	和承欢	0	hechenghuan	和	he	huo
hechengrui	贺盛瑞	0	heshengrui	盛	sheng	cheng
huochengxin	和澄心	0	hechengxin	和	he	huo
huochilong	和赤龙	0	hechilong	和	he	huo
huochiwei	和赤纬	0	hechiwei	和	he	huo
hechongbao	贺重宝	0	hezhongbao	重	zhong	chong
huochongguang	和崇光	0	hechongguang	和	he	huo
huochongren	和崇仁	0	hechongren	和	he	huo
huochunsheng	和春生	0	hechunsheng	和	he	huo
huochunyi	和春义	0	hechunyi	和	he	huo
huochunying	和春英	0	hechunying	和	he	huo
huocuizhi	和翠芝	0	hecuizhi	和	he	huo
hedaibang	和大邦	0	hedabang	大	da	dai
huodabang	和大邦	0	hedabang	和	he	huo
huodaibang	和大邦	0	hedabang	和	he	huo
huodangen	和丹根	0	hedangen	和	he	huo
hedaopoxiang	河道坡降	0	hedaopojiang	降	jiang	xiang
huodehua	和德华	0	hedehua	和	he	huo
hedeixiang	何得相	0	hedexiang	得	de	dei
huodesheng	和德胜	0	hedesheng	和	he	huo
huodexiu	和德秀	0	hedexiu	和	he	huo
huodimu	和笛木	0	hedimu	和	he	huo
huodinghui	和鼎晖	0	hedinghui	和	he	huo
huodingqiao	和鼎桥	0	hedingqiao	和	he	huo
huodingyi	和定逸	0	hedingyi	和	he	huo
huodisen	和蒂森	0	hedisen	和	he	huo
huodongxuan	和洞玄	0	hedongxuan	和	he	huo
huodongyun	和冬云	0	hedongyun	和	he	huo
heerdai	和尔大	0	heerda	大	da	dai
huoerda	和尔大	0	heerda	和	he	huo
huoerdai	和尔大	0	heerda	和	he	huo
huofangliang	和芳亮	0	hefangliang	和	he	huo
huofener	和粉儿	0	hefener	和	he	huo
huofenli	和芬利	0	hefenli	和	he	huo
huofuge	和福格	0	hefuge	和	he	huo
huofujun	和福军	0	hefujun	和	he	huo
huofulan	和夫兰	0	hefulan	和	he	huo
huofushe	和复社	0	hefushe	和	he	huo
huofuwei	和孚威	0	hefuwei	和	he	huo
hegan	涸乾	0	heqian	乾	qian	gan
hehaidai	贺海大	0	hehaida	大	da	dai
huohaimin	和海民	0	hehaimin	和	he	huo
huohaiquan	和海权	0	hehaiquan	和	he	huo
huohaizi	和海子	0	hehaizi	和	he	huo
huohanzhi	和汉志	0	hehanzhi	和	he	huo
huohaoshe	和豪奢	0	hehaoshe	和	he	huo
huohenggen	和亨根	0	hehenggen	和	he	huo
huohengyin	和恒隐	0	hehengyin	和	he	huo
huohezhu	和荷珠	0	hehezhu	和	he	huo
huohongcai	和鸿才	0	hehongcai	和	he	huo
huohonglin	和鸿林	0	hehonglin	和	he	huo
huohongmei	和红梅	0	hehongmei	和	he	huo
huohoubi	和厚壁	0	hehoubi	和	he	huo
huohuangxiong	和皇兄	0	hehuangxiong	和	he	huo
huohuijian	和慧剑	0	hehuijian	和	he	huo
huohuiliang	和惠良	0	hehuiliang	和	he	huo
huohuimei	和慧梅	0	hehuimei	和	he	huo
huohuiying	和慧英	0	hehuiying	和	he	huo
huohuizhu	和慧珠	0	hehuizhu	和	he	huo
heichenchen	黑沈沈	0	heishenshen	沈	shen	chen
heichenshen	黑沈沈	0	heishenshen	沈	shen	chen
heishenchen	黑沈沈	0	heishenshen	沈	shen	chen
heijianxiao	黑剑削	0	heijianxue	削	xue	xiao
heinuyu	黑奴吁	0	heinuxu	吁	xu	yu
huojiacao	和嘉草	0	hejiacao	和	he	huo
huojiafu	和家富	0	hejiafu	和	he	huo
hejiahuo	和嘉和	0	hejiahe	和	he	huo
huojiahe	和嘉和	0	hejiahe	和	he	huo
huojiahuo	和嘉和	0	hejiahe	和	he	huo
hejianchang	和键长	0	hejianzhang	长	zhang	chang
huojianchang	和键长	0	hejianzhang	和	he	huo
huojianzhang	和键长	0	hejianzhang	和	he	huo
huojianfu	和健妇	0	hejianfu	和	he	huo
huojianjun	和监军	0	hejianjun	和	he	huo
huojiankang	和建康	0	hejiankang	和	he	huo
huojianren	和剑刃	0	hejianren	和	he	huo
hexianyu	何见谕	0	hejianyu	见	jian	xian
huojiaozhe	和矫哲	0	hejiaozhe	和	he	huo
huojiaping	和嘉平	0	hejiaping	和	he	huo
huojiaqiao	和嘉乔	0	hejiaqiao	和	he	huo
huojiaxuan	和嘉轩	0	hejiaxuan	和	he	huo
huojicai	和积财	0	hejicai	和	he	huo
huojici	和济慈	0	hejici	和	he	huo
huojier	和济尔	0	hejier	和	he	huo
huojiexuan	和捷轩	0	hejiexuan	和	he	huo
huojifa	和继发	0	hejifa	和	he	huo
huojiga	和济嘎	0	hejiga	和	he	huo
huojingge	和晶格	0	hejingge	和	he	huo
huojingjie	和晶界	0	hejingjie	和	he	huo
huojingye	和竞业	0	hejingye	和	he	huo
huojinnai	和金奈	0	hejinnai	和	he	huo
huojinxue	和金学	0	hejinxue	和	he	huo
huojiufeng	和鹫峰	0	hejiufeng	和	he	huo
huojunbiao	和军标	0	hejunbiao	和	he	huo
huojunbin	和俊斌	0	hejunbin	和	he	huo
huojunqi	和俊奇	0	hejunqi	和	he	huo
huojunshan	和俊山	0	hejunshan	和	he	huo
huojunting	和君亭	0	hejunting	和	he	huo
huojunwen	和俊文	0	hejunwen	和	he	huo
huojunwu	和俊武	0	hejunwu	和	he	huo
huojuwa	和菊娃	0	hejuwa	和	he	huo
huojuyun	和菊韵	0	hejuyun	和	he	huo
huokaitian	和开田	0	hekaitian	和	he	huo
huokaize	和凯泽	0	hekaize	和	he	huo
huokede	和克德	0	hekede	和	he	huo
hekuohang	和适航	0	heshihang	适	shi	kuo
huokuohang	和适航	0	heshihang	和	he	huo
huoshihang	和适航	0	heshihang	和	he	huo
huolaien	和莱恩	0	helaien	和	he	huo
huolaili	和莱利	0	helaili	和	he	huo
helanshude	荷兰属地	0	helanshudi	地	di	de
huoleigou	和勒狗	0	heleigou	和	he	huo
heleimo	赫勒万	0	heleiwan	万	wan	mo
huoleiwei	和勒威	0	heleiwei	和	he	huo
huolianer	和琏儿	0	helianer	和	he	huo
huoliangzu	和亮祖	0	heliangzu	和	he	huo
huolianqin	和联勤	0	helianqin	和	he	huo
huoliaojun	和辽军	0	heliaojun	和	he	huo
huolibu	和里布	0	helibu	和	he	huo
huolichun	和丽春	0	helichun	和	he	huo
huoliena	和列娜	0	heliena	和	he	huo
huolike	和吏科	0	helike	和	he	huo
huolili	和丽丽	0	helili	和	he	huo
huolilin	和栎林	0	helilin	和	he	huo
huolimeng	和立盟	0	helimeng	和	he	huo
huolimin	和吏民	0	helimin	和	he	huo
huolinde	和麟德	0	helinde	和	he	huo
huolingeer	和林格尔	0	helingeer	和	he	huo
huolingeerxian	和林格尔县	0	helingeerxian	和	he	huo
huolinsheng	和林生	0	helinsheng	和	he	huo
huoluantong	和娈童	0	heluantong	和	he	huo
heluokuai	何洛会	0	heluohui	会	hui	kuai
huomaoling	和茂陵	0	hemaoling	和	he	huo
huomaotang	和茂堂	0	hemaotang	和	he	huo
huominmei	和敏妹	0	heminmei	和	he	huo
huomujian	和沐剑	0	hemujian	和	he	huo
huonajie	和娜杰	0	henajie	和	he	huo
huonanpu	和楠普	0	henanpu	和	he	huo
huoneiting	和内廷	0	heneiting	和	he	huo
hengcimu	横磁模	0	hengcimo	模	mo	mu
hengdiancimu	横电磁模	0	hengdiancimo	模	mo	mu
hengdianmu	横电模	0	hengdianmo	模	mo	mu
henggongni	横贡呢	0	henggongne	呢	ne	ni
hengmu	横模	0	hengmo	模	mo	mu
hengshanyongxian	横山勇见	0	hengshanyongjian	见	jian	xian
hengzhibaolian	横徵暴敛	0	hengzhengbaolian	徵	zheng	zhi
huonongli	和浓丽	0	henongli	和	he	huo
huonuolei	和诺雷	0	henuolei	和	he	huo
huonuosi	和诺思	0	henuosi	和	he	huo
huonuowei	和诺维	0	henuowei	和	he	huo
huonuqing	和怒晴	0	henuqing	和	he	huo
huopuhua	和普华	0	hepuhua	和	he	huo
hepuzhuhuan	和浦珠还	0	hepuzhuhai	还	hai	huan
huopuzhuhai	和浦珠还	0	hepuzhuhai	和	he	huo
huopuzhuhuan	和浦珠还	0	hepuzhuhai	和	he	huo
huoqiaoyin	和俏银	0	heqiaoyin	和	he	huo
huoqingjin	和庆金	0	heqingjin	和	he	huo
huoqingjun	和庆郡	0	heqingjun	和	he	huo
huoqinglian	和庆连	0	heqinglian	和	he	huo
huoqinglou	和青楼	0	heqinglou	和	he	huo
huoqingqinwang	和庆亲王	0	heqingqinwang	和	he	huo
huoqingtang	和庆堂	0	heqingtang	和	he	huo
huoqingyu	和庆玉	0	heqingyu	和	he	huo
huoqinyin	和琴音	0	heqinyin	和	he	huo
huoqiongya	和琼崖	0	heqiongya	和	he	huo
huoqiwo	和启沃	0	heqiwo	和	he	huo
huoqizhen	和奇珍	0	heqizhen	和	he	huo
huoqunhao	和群豪	0	hequnhao	和	he	huo
huorunsheng	和润生	0	herunsheng	和	he	huo
huorunye	和润叶	0	herunye	和	he	huo
huosenyi	和森亦	0	hesenyi	和	he	huo
huosesi	和瑟斯	0	hesesi	和	he	huo
huoshaoan	和少安	0	heshaoan	和	he	huo
huoshaoping	和少平	0	heshaoping	和	he	huo
heshengzhao	贺圣朝	0	heshengchao	朝	chao	zhao
huoshengde	和圣德	0	heshengde	和	he	huo
huoshenggu	和圣姑	0	heshenggu	和	he	huo
huoshide	和实德	0	heshide	和	he	huo
huoshijun	和世钧	0	heshijun	和	he	huo
huoshouzhai	和守寨	0	heshouzhai	和	he	huo
huoshuchi	和术赤	0	heshuchi	和	he	huo
huoshuhui	和叔惠	0	heshuhui	和	he	huo
huosuizhizhen	和隋之珍	0	hesuizhizhen	和	he	huo
huosuntang	和孙镗	0	hesuntang	和	he	huo
huosuolun	和梭伦	0	hesuolun	和	he	huo
huosuxin	和素馨	0	hesuxin	和	he	huo
huotana	和塔纳	0	hetana	和	he	huo
huotaozhi	和桃枝	0	hetaozhi	和	he	huo
huotianfujun	和田福军	0	hetianfujun	和	he	huo
huotianfutang	和田福堂	0	hetianfutang	和	he	huo
huotianfuxian	和田福贤	0	hetianfuxian	和	he	huo
huotianguinong	和田归农	0	hetianguinong	和	he	huo
huotianhaimin	和田海民	0	hetianhaimin	和	he	huo
huotianhe	和田河	0	hetianhe	和	he	huo
hetianxianxiu	和田见秀	0	hetianjianxiu	见	jian	xian
huotianjianxiu	和田见秀	0	hetianjianxiu	和	he	huo
huotianxianxiu	和田见秀	0	hetianjianxiu	和	he	huo
huotianqingwen	和田青文	0	hetianqingwen	和	he	huo
huotianrunsheng	和田润生	0	hetianrunsheng	和	he	huo
huotianxiaomeng	和田晓萌	0	hetianxiaomeng	和	he	huo
huotianxiaoxia	和田晓霞	0	hetianxiaoxia	和	he	huo
huotianyu	和阗玉	0	hetianyu	和	he	huo
huotianyuchan	和田玉产	0	hetianyuchan	和	he	huo
hetingchang	何艇长	0	hetingzhang	长	zhang	chang
huotingchen	和廷臣	0	hetingchen	和	he	huo
huotingwei	和廷尉	0	hetingwei	和	he	huo
huotongcheng	和桐城	0	hetongcheng	和	he	huo
huotongjun	和统军	0	hetongjun	和	he	huo
huowaxia	和瓦霞	0	hewaxia	和	he	huo
huoweichen	和微尘	0	heweichen	和	he	huo
huoweifeng	和卫葑	0	heweifeng	和	he	huo
huoweige	和伟哥	0	heweige	和	he	huo
huoweijin	和维金	0	heweijin	和	he	huo
huoweirong	和微溶	0	heweirong	和	he	huo
huowuliang	和兀良	0	hewuliang	和	he	huo
huoxiandi	和先帝	0	hexiandi	和	he	huo
huoxianglan	和香兰	0	hexianglan	和	he	huo
huoxianqi	和仙器	0	hexianqi	和	he	huo
huoxianzhong	和献忠	0	hexianzhong	和	he	huo
huoxiaohuo	和小霍	0	hexiaohuo	和	he	huo
huoxiaowen	和孝文	0	hexiaowen	和	he	huo
huoxiaowu	和孝武	0	hexiaowu	和	he	huo
huoxiaoxia	和晓霞	0	hexiaoxia	和	he	huo
huoxiaoxiang	和潇湘	0	hexiaoxiang	和	he	huo
huoxijie	和细姐	0	hexijie	和	he	huo
huoxingshan	和杏山	0	hexingshan	和	he	huo
huoxini	和锡尼	0	hexini	和	he	huo
huoxiuchun	和秀春	0	hexiuchun	和	he	huo
huoxiufu	和修佛	0	hexiufu	和	he	huo
hexiuxian	何休见	0	hexiujian	见	jian	xian
huoxiulan	和秀兰	0	hexiulan	和	he	huo
huoxiulian	和秀莲	0	hexiulian	和	he	huo
huoxiuling	和修灵	0	hexiuling	和	he	huo
huoxiulun	和休伦	0	hexiulun	和	he	huo
huoxiuying	和秀英	0	hexiuying	和	he	huo
hexiuzhao	何休著	0	hexiuzhu	著	zhu	zhao
hexiuzhe	何休著	0	hexiuzhu	著	zhu	zhe
hexiuzhuo	何休著	0	hexiuzhu	著	zhu	zhuo
huoxuemei	和雪梅	0	hexuemei	和	he	huo
huoxun	和讯	0	hexun	和	he	huo
huoxunchen	和勋臣	0	hexunchen	和	he	huo
huoxunwang	和讯网	0	hexunwang	和	he	huo
huoxuzhu	和虚竹	0	hexuzhu	和	he	huo
huoyamian	和亚眠	0	heyamian	和	he	huo
huoyanding	和岩钉	0	heyanding	和	he	huo
huoyangzong	和央宗	0	heyangzong	和	he	huo
heyanxian	何颜见	0	heyanjian	见	jian	xian
huoyanmai	和岩脉	0	heyanmai	和	he	huo
huoyanping	和艳萍	0	heyanping	和	he	huo
huoyansheng	和彦生	0	heyansheng	和	he	huo
huoyanti	和岩体	0	heyanti	和	he	huo
huoyanzi	和妍子	0	heyanzi	和	he	huo
huoyaomei	和幺妹	0	heyaomei	和	he	huo
huoyaou	和亚欧	0	heyaou	和	he	huo
huoyejin	和野津	0	heyejin	和	he	huo
huoyetie	和冶铁	0	heyetie	和	he	huo
huoyezhu	和冶铸	0	heyezhu	和	he	huo
huoyian	和懿安	0	heyian	和	he	huo
huoyijian	和翼尖	0	heyijian	和	he	huo
huoyijing	和义净	0	heyijing	和	he	huo
huoyilan	和义兰	0	heyilan	和	he	huo
huoyilan	和宜兰	0	heyilan	和	he	huo
huoyilin	和宜林	0	heyilin	和	he	huo
huoyilv	和义律	0	heyilv	和	he	huo
huoyimei	和义妹	0	heyimei	和	he	huo
huoyingcidian	和英词典	0	heyingcidian	和	he	huo
huoyingfang	和盈方	0	heyingfang	和	he	huo
huoyinggu	和瑛姑	0	heyinggu	和	he	huo
huoyingshu	和颖书	0	heyingshu	和	he	huo
huoyingshui	和颍水	0	heyingshui	和	he	huo
huoyingzidian	和英字典	0	heyingzidian	和	he	huo
huoyinsheng	和引生	0	heyinsheng	和	he	huo
huoyiwen	和仪文	0	heyiwen	和	he	huo
huoyiwu	和异戊	0	heyiwu	和	he	huo
huoyixiong	和义兄	0	heyixiong	和	he	huo
huoyiyong	和义勇	0	heyiyong	和	he	huo
heyongcheng	何永盛	0	heyongsheng	盛	sheng	cheng
huoyongyi	和勇毅	0	heyongyi	和	he	huo
huoyuanhai	和远海	0	heyuanhai	和	he	huo
huoyuanye	和圆业	0	heyuanye	和	he	huo
huoyuejun	和粤军	0	heyuejun	和	he	huo
huoyulian	和雨帘	0	heyulian	和	he	huo
huoyulin	和羽林	0	heyulin	和	he	huo
huoyuwen	和羽纹	0	heyuwen	和	he	huo
huoyuyang	和裕阳	0	heyuyang	和	he	huo
huoyuying	和御营	0	heyuying	和	he	huo
huoyuzi	和雨子	0	heyuzi	和	he	huo
huozengcang	和增仓	0	hezengcang	和	he	huo
huozhangxin	和仉欣	0	hezhangxin	和	he	huo
huozhaohai	和兆海	0	hezhaohai	和	he	huo
huozhaopeng	和兆鹏	0	hezhaopeng	和	he	huo
huozhaoyu	和兆域	0	hezhaoyu	和	he	huo
huozheluo	和哲罗	0	hezheluo	和	he	huo
huozhemeng	和哲孟	0	hezhemeng	和	he	huo
huozhenan	和镇安	0	hezhenan	和	he	huo
huozhener	和珍儿	0	hezhener	和	he	huo
huozhenluo	和珍罗	0	hezhenluo	和	he	huo
huozhenxing	和振型	0	hezhenxing	和	he	huo
huozhili	和执礼	0	hezhili	和	he	huo
huozhiqiang	和志强	0	hezhiqiang	和	he	huo
huozhishen	和智深	0	hezhishen	和	he	huo
huozhongbing	和众兵	0	hezhongbing	和	he	huo
huozhongseng	和众僧	0	hezhongseng	和	he	huo
huozhongwangfei	和忠王妃	0	hezhongwangfei	和	he	huo
huozhuqing	和竹青	0	hezhuqing	和	he	huo
hezitan	核子弹	0	hezidan	弹	dan	tan
huozishi	和籽实	0	hezishi	和	he	huo
huozonglianheng	和纵连横	0	hezonglianheng	和	he	huo
huozuoyu	和琢玉	0	hezuoyu	和	he	huo
hongzhaosheng	洪朝生	0	hongchaosheng	朝	chao	zhao
hongzhuanwei	弘传位	0	hongchuanwei	传	chuan	zhuan
hongdaiji	红大戟	0	hongdaji	大	da	dai
hongduhangkong	洪都航空	0	hongdouhangkong	都	dou	du
hongdouyuejie	红豆越桔	0	hongdouyueju	桔	ju	jie
hongganji	烘乾机	0	hongqianji	乾	qian	gan
honghuocui	红和翠	0	honghecui	和	he	huo
hongsianji	红丝暗系	0	hongsianxi	系	xi	ji
hongtaibo	红苔薄	0	hongtaibao	薄	bao	bo
hongxiaa	红霞呵	0	hongxiahe	呵	he	a
hongyingchang	红缨长	0	hongyingzhang	长	zhang	chang
houbiboci	厚彼薄此	0	houbibaoci	薄	bao	bo
houshenzheng	后参征	0	houcanzheng	参	can	shen
houchangrong	侯长荣	0	houzhangrong	长	zhang	chang
houdaigou	侯大苟	0	houdagou	大	da	dai
houxianxiao	后见潇	0	houjianxiao	见	jian	xian
houjuezuzhi	厚角组织	0	houjiaozuzhi	角	jiao	jue
houjiboren	厚己薄人	0	houjibaoren	薄	bao	bo
houyuetang	后乐堂	0	houletang	乐	le	yue
hourenboji	厚人薄己	0	hourenbaoji	薄	bao	bo
huabokuai	华博会	0	huabohui	会	hui	kuai
huabuhuzhuan	话不虎传	0	huabuhuchuan	传	chuan	zhuan
huacheyouhang	花车游行	0	huacheyouxing	行	xing	hang
huacizimu	花刺子模	0	huacizimo	模	mo	mu
huadaiwei	化大为	0	huadawei	大	da	dai
huadeijingguang	花得精光	0	huadejingguang	得	de	dei
huadezixian	划地自限	0	huadizixian	地	di	de
huadezixian	画地自限	0	huadizixian	地	di	de
huadubali	花都巴黎	0	huadoubali	都	dou	du
huahuidai	华辉大	0	huahuida	大	da	dai
huaideiduo	坏得多	0	huaideduo	得	de	dei
huaijue	槐角	0	huaijiao	角	jiao	jue
huajiaoming	华觉明	0	huajueming	觉	jue	jiao
huamohao	化万豪	0	huawanhao	万	wan	mo
huamozi	花万紫	0	huawanzi	万	wan	mo
huanbuerhang	缓步而行	0	huanbuerxing	行	xing	hang
huangbofu	黄柏富	0	huangbaifu	柏	bai	bo
huangboren	黄柏仁	0	huangbairen	柏	bai	bo
huangchanglu	黄长路	0	huangzhanglu	长	zhang	chang
huangchangyi	黄长怡	0	huangzhangyi	长	zhang	chang
huangzhaomeng	黄朝猛	0	huangchaomeng	朝	chao	zhao
huangzhaoxing	黄朝兴	0	huangchaoxing	朝	chao	zhao
huangchen	慌称	0	huangcheng	称	cheng	chen
huangchidai	黄翅大	0	huangchida	大	da	dai
huangchizhikuai	黄池之会	0	huangchizhihui	会	hui	kuai
huangzhuangui	黄传贵	0	huangchuangui	传	chuan	zhuan
huangdaiwei	黄大炜	0	huangdawei	大	da	dai
huangdaixiangu	黄大仙姑	0	huangdaxiangu	大	da	dai
huangdaixianqu	黄大仙区	0	huangdaxianqu	大	da	dai
huangguobo	黄国柏	0	huangguobai	柏	bai	bo
huanghuoxiang	黄和祥	0	huanghexiang	和	he	huo
huanghuangdi	黄黄的	0	huanghuangde	的	de	di
huanghuangjuzhao	皇皇巨着	0	huanghuangjuzhe	着	zhe	zhao
huanghuangjuzhuo	皇皇巨着	0	huanghuangjuzhe	着	zhe	zhuo
huangjingchai	黄经差	0	huangjingcha	差	cha	chai
huangjinqiao	黄金壳	0	huangjinke	壳	ke	qiao
huangkuanchong	黄宽重	0	huangkuanzhong	重	zhong	chong
huangmobo	黄万波	0	huangwanbo	万	wan	mo
huangrongchai	黄蓉差	0	huangrongcha	差	cha	chai
huangrongchong	黄蓉重	0	huangrongzhong	重	zhong	chong
huangrongzhuan	黄蓉传	0	huangrongchuan	传	chuan	zhuan
huangrongxian	黄蓉见	0	huangrongjian	见	jian	xian
huangrongla	黄蓉落	0	huangrongluo	落	luo	la
huangrongma	黄蓉抹	0	huangrongmo	抹	mo	ma
huangrongshe	黄蓉折	0	huangrongzhe	折	zhe	she
huangxikuai	黄锡会	0	huangxihui	会	hui	kuai
huangxinbo	黄心柏	0	huangxinbai	柏	bai	bo
huangxinpian	黄信便	0	huangxinbian	便	bian	pian
huangzhenxian	黄真见	0	huangzhenjian	见	jian	xian
huangzongkuai	黄宗会	0	huangzonghui	会	hui	kuai
huanjiekuai	换届会	0	huanjiehui	会	hui	kuai
huanyingwankuai	欢迎晚会	0	huanyingwanhui	会	hui	kuai
huaqiaoliankuai	华侨联会	0	huaqiaolianhui	会	hui	kuai
huarongpian	花荣便	0	huarongbian	便	bian	pian
huarongxian	花荣见	0	huarongjian	见	jian	xian
huashanshen	华山参	0	huashancan	参	can	shen
huazhutongchang	花柱同长	0	huazhutongzhang	长	zhang	chang
huazhuyichang	花柱异长	0	huazhuyizhang	长	zhang	chang
huazixian	化子见	0	huazijian	见	jian	xian
hubukuai	胡布会	0	hubuhui	会	hui	kuai
huchangshun	胡长顺	0	huzhangshun	长	zhang	chang
huzhuankui	胡传奎	0	huchuankui	传	chuan	zhuan
hudaichang	胡大昌	0	hudachang	大	da	dai
hudaishangren	虎大伤人	0	hudashangren	大	da	dai
hudaixian	胡大仙	0	hudaxian	大	da	dai
hudeifu	胡得福	0	hudefu	得	de	dei
hudeilu	胡得禄	0	hudelu	得	de	dei
hufeidai	胡斐大	0	hufeida	大	da	dai
hufeihang	胡斐行	0	hufeixing	行	xing	hang
hufeixian	胡斐见	0	hufeijian	见	jian	xian
hufeimo	胡斐万	0	hufeiwan	万	wan	mo
hufengsi	胡风似	0	hufengshi	似	shi	si
hujirenzu	户给人足	0	hugeirenzu	给	gei	ji
huhangluannao	胡行乱闹	0	huxingluannao	行	xing	hang
huhuohu	胡和胡	0	huhehu	和	he	huo
huianhang	惠岸行	0	huianxing	行	xing	hang
huichaixianxiang	回差现象	0	huichaxianxiang	差	cha	chai
huichaoshuai	回潮率	0	huichaolv	率	lv	shuai
kuaicui	会萃	0	huicui	会	hui	kuai
kuaidiyin	会底银	0	huidiyin	会	hui	kuai
huihongshuaiyi	恢宏率意	0	huihonglvyi	率	lv	shuai
huihuamadao	绘画抹刀	0	huihuamodao	抹	mo	ma
huiliushuai	回流率	0	huiliulv	率	lv	shuai
huisunshuai	毁损率	0	huisunlv	率	lv	shuai
kuaitouyin	会头银	0	huitouyin	会	hui	kuai
kuaixianlou	会仙楼	0	huixianlou	会	hui	kuai
kuaizexian	会泽县	0	huizexian	会	hui	kuai
kuaizhanwang	会展网	0	huizhanwang	会	hui	kuai
hukuoren	胡适任	0	hushiren	适	shi	kuo
hulibu	胡里卜	0	hulibo	卜	bo	bu
hulundaihu	忽伦大虎	0	hulundahu	大	da	dai
hushuaizhong	胡率众	0	hulvzhong	率	lv	shuai
humengbu	胡梦卜	0	humengbo	卜	bo	bu
hunjianshuai	婚检率	0	hunjianlv	率	lv	shuai
hunjipinzhong	混系品种	0	hunxipinzhong	系	xi	ji
hunqianmengji	魂牵梦系	0	hunqianmengxi	系	xi	ji
hunweikuai	混委会	0	hunweihui	会	hui	kuai
huobichonglai	祸必重来	0	huobizhonglai	重	zhong	chong
huobishuai	货币率	0	huobilv	率	lv	shuai
huoduceng	霍都曾	0	huodouceng	都	dou	du
huodouchang	霍都长	0	huodouzhang	长	zhang	chang
huoduchang	霍都长	0	huodouzhang	都	dou	du
huoduzhang	霍都长	0	huodouzhang	都	dou	du
huodudou	霍都斗	0	huodoudou	都	dou	du
huodufang	霍都放	0	huodoufang	都	dou	du
huoduhui	霍都挥	0	huodouhui	都	dou	du
huoduhun	霍都混	0	huodouhun	都	dou	du
huodouxian	霍都见	0	huodoujian	见	jian	xian
huodujian	霍都见	0	huodoujian	都	dou	du
huoduxian	霍都见	0	huodoujian	都	dou	du
huoduju	霍都举	0	huodouju	都	dou	du
huoduju	霍都居	0	huodouju	都	dou	du
huodukong	霍都空	0	huodoukong	都	dou	du
huodunu	霍都怒	0	huodounu	都	dou	du
huoduqi	霍都齐	0	huodouqi	都	dou	du
huoduqing	霍都情	0	huodouqing	都	dou	du
huoduquan	霍都全	0	huodouquan	都	dou	du
huoduruo	霍都若	0	huodouruo	都	dou	du
huodushen	霍都伸	0	huodoushen	都	dou	du
huodushi	霍都实	0	huodoushi	都	dou	du
huodushuang	霍都双	0	huodoushuang	都	dou	du
huoduwangzi	霍都王子	0	huodouwangzi	都	dou	du
huoduxia	霍都吓	0	huodouxia	都	dou	du
huoduxian	霍都先	0	huodouxian	都	dou	du
huoduxiao	霍都笑	0	huodouxiao	都	dou	du
huoduxin	霍都心	0	huodouxin	都	dou	du
huoduxiu	霍都羞	0	huodouxiu	都	dou	du
huoduyou	霍都右	0	huodouyou	都	dou	du
huoduzhuan	霍都转	0	huodouzhuan	都	dou	du
huohuase	火化塞	0	huohuasai	塞	sai	se
huolijuan	火力圈	0	huoliquan	圈	quan	juan
huomosi	霍万斯	0	huowansi	万	wan	mo
huoyinwuji	祸因恶积	0	huoyineji	恶	e	wu
huwukuai	胡吴会	0	huwuhui	会	hui	kuai
huxiaogan	胡孝乾	0	huxiaoqian	乾	qian	gan
huxinhuchong	互信互重	0	huxinhuzhong	重	zhong	chong
huxuebo	胡雪柏	0	huxuebai	柏	bai	bo
huyelangtun	虎咽狼吞	0	huyanlangtun	咽	yan	ye
huyanmoshan	呼延万善	0	huyanwanshan	万	wan	mo
huzhengxiongchang	互争雄长	0	huzhengxiongzhang	长	zhang	chang
jiashenyan	加参研	0	jiacanyan	参	can	shen
jiachangzhao	贾昌朝	0	jiachangchao	朝	chao	zhao
jiazhaoxuan	贾朝轩	0	jiachaoxuan	朝	chao	zhao
jiachongzi	价重字	0	jiazhongzi	重	zhong	chong
jiadaiquan	贾大泉	0	jiadaquan	大	da	dai
jiadeibao	家得宝	0	jiadebao	得	de	dei
jiadeyuntong	甲地孕酮	0	jiadiyuntong	地	di	de
jiahuanpian	贾环便	0	jiahuanbian	便	bian	pian
jiahuanchong	贾环重	0	jiahuanzhong	重	zhong	chong
jiahuanxian	贾环见	0	jiahuanjian	见	jian	xian
jiajiazhuan	家家传	0	jiajiachuan	传	chuan	zhuan
jiajuedanbai	假角蛋白	0	jiajiaodanbai	角	jiao	jue
jiakeyue	贾客乐	0	jiakele	乐	le	yue
jialanpian	贾兰便	0	jialanbian	便	bian	pian
jialianpian	贾琏便	0	jialianbian	便	bian	pian
jianbaoshuai	见报率	0	jianbaolv	率	lv	shuai
jianbishuai	建蔽率	0	jianbilv	率	lv	shuai
xianburongfa	见不容发	0	jianburongfa	见	jian	xian
jiandaishi	简大狮	0	jiandashi	大	da	dai
jiandedaodan	舰地导弹	0	jiandidaodan	地	di	de
xianfuye	见附页	0	jianfuye	见	jian	xian
xiangbaiyuan	降百元	0	jiangbaiyuan	降	jiang	xiang
xiangbianxianxiang	降变现象	0	jiangbianxianxiang	降	jiang	xiang
jiangchangqi	江长岐	0	jiangzhangqi	长	zhang	chang
jiangchangyu	蒋长瑜	0	jiangzhangyu	长	zhang	chang
jiangchenhan	蒋沈韩	0	jiangshenhan	沈	shen	chen
jiangchukuai	江楚会	0	jiangchuhui	会	hui	kuai
xiangci	降赐	0	jiangci	降	jiang	xiang
jiangdaichun	蒋大椿	0	jiangdachun	大	da	dai
jiangdaijin	江大津	0	jiangdajin	大	da	dai
jiangdaiwei	姜大伟	0	jiangdawei	大	da	dai
jiangtiaohou	蒋调侯	0	jiangdiaohou	调	diao	tiao
xianggaisu	降钙素	0	jianggaisu	降	jiang	xiang
jianghaitifang	江海堤防	0	jianghaidifang	堤	di	ti
jianghuoxi	江和锡	0	jianghexi	和	he	huo
jianghuoyi	江和义	0	jiangheyi	和	he	huo
xianghuidao	降回到	0	jianghuidao	降	jiang	xiang
xiangniu	降妞	0	jiangniu	降	jiang	xiang
xiangpinsaomiao	降频扫描	0	jiangpinsaomiao	降	jiang	xiang
jiangquanhang	奖券行	0	jiangquanxing	行	xing	hang
xianguangsi	见光死	0	jianguangsi	见	jian	xian
jianguoqiao	坚果壳	0	jianguoke	壳	ke	qiao
xiangweifa	降维法	0	jiangweifa	降	jiang	xiang
xiangxie	降斜	0	jiangxie	降	jiang	xiang
jiangyongkuai	讲用会	0	jiangyonghui	会	hui	kuai
xiangzaiwan	降甾烷	0	jiangzaiwan	降	jiang	xiang
xiangzaoxishu	降噪系数	0	jiangzaoxishu	降	jiang	xiang
jiangzhaohuo	蒋兆和	0	jiangzhaohe	和	he	huo
xiangzhi	降值	0	jiangzhi	降	jiang	xiang
xiangzhiwan	降植烷	0	jiangzhiwan	降	jiang	xiang
xiangzhiyao	降脂药	0	jiangzhiyao	降	jiang	xiang
jianhangdui	健行队	0	jianxingdui	行	xing	hang
jianhanggongzhuan	健行工专	0	jianxinggongzhuan	行	xing	hang
xianhuo	见惑	0	jianhuo	见	jian	xian
jianxian	荐见	0	jianjian	见	jian	xian
jianqiejue	剪切角	0	jianqiejiao	角	jiao	jue
xianrenxingshi	见人行事	0	jianrenxingshi	见	jian	xian
jianrenxianzhi	见仁见志	0	jianrenjianzhi	见	jian	xian
xianrenjianzhi	见仁见志	0	jianrenjianzhi	见	jian	xian
xianrenxianzhi	见仁见志	0	jianrenjianzhi	见	jian	xian
xiansewangyou	见色忘友	0	jiansewangyou	见	jian	xian
jianshengdei	减省得	0	jianshengde	得	de	dei
jianshichang	监事长	0	jianshizhang	长	zhang	chang
jiansudei	简肃得	0	jiansude	得	de	dei
xianweishouming	见微受命	0	jianweishouming	见	jian	xian
jianxiao	减削	0	jianxue	削	xue	xiao
xianxinhao	见信好	0	jianxinhao	见	jian	xian
jianyanglaer	捡洋落儿	0	jianyangluoer	落	luo	la
jianyankuai	建研会	0	jianyanhui	会	hui	kuai
jianzazhao	间杂着	0	jianzazhe	着	zhe	zhao
jianzazhuo	间杂着	0	jianzazhe	着	zhe	zhuo
jianzhumushu	建筑模数	0	jianzhumoshu	模	mo	mu
xianzidazi	见字打字	0	jianzidazi	见	jian	xian
xianzishima	见字识码	0	jianzishima	见	jian	xian
jiaoan	觉岸	0	juean	觉	jue	jiao
juebanbing	角斑病	0	jiaobanbing	角	jiao	jue
jiaobudiande	角不点地	0	jiaobudiandi	地	di	de
juebudiande	角不点地	0	jiaobudiandi	角	jiao	jue
juebudiandi	角不点地	0	jiaobudiandi	角	jiao	jue
jiaochang	礁长	0	jiaozhang	长	zhang	chang
jiaochashuangbei	交叉双臂	0	jiaochashuangbi	臂	bi	bei
jiaochongzhe	较重者	0	jiaozhongzhe	重	zhong	chong
juedanbaimei	角蛋白酶	0	jiaodanbaimei	角	jiao	jue
jiaodeibu	焦得布	0	jiaodebu	得	de	dei
jiaogan	绞乾	0	jiaoqian	乾	qian	gan
juegenzong	角跟踪	0	jiaogenzong	角	jiao	jue
juegongfanzhang	角弓反张	0	jiaogongfanzhang	角	jiao	jue
juehuangsu	角黄素	0	jiaohuangsu	角	jiao	jue
jiaohujinhang	交互进行	0	jiaohujinxing	行	xing	hang
juejiaji	角甲基	0	jiaojiaji	角	jiao	jue
jueliyan	角砾岩	0	jiaoliyan	角	jiao	jue
juemudanbai	角母蛋白	0	jiaomudanbai	角	jiao	jue
juepiceng	角皮层	0	jiaopiceng	角	jiao	jue
jiaoqulvde	郊区绿地	0	jiaoqulvdi	地	di	de
jueshanyan	角闪岩	0	jiaoshanyan	角	jiao	jue
juesun	角孙	0	jiaosun	角	jiao	jue
juexiangyundong	角向运动	0	jiaoxiangyundong	角	jiao	jue
jiaoyikuai	交谊会	0	jiaoyihui	会	hui	kuai
jueying	角蝇	0	jiaoying	角	jiao	jue
jiaoyuandashi	觉远大师	0	jueyuandashi	觉	jue	jiao
jueyuzhongzhi	角隅种植	0	jiaoyuzhongzhi	角	jiao	jue
jiaozhande	胶粘地	0	jiaozhandi	地	di	de
juezhushi	角柱石	0	jiaozhushi	角	jiao	jue
juezhuti	角柱体	0	jiaozhuti	角	jiao	jue
jiarongxian	贾蓉见	0	jiarongjian	见	jian	xian
jiaruixian	贾瑞见	0	jiaruijian	见	jian	xian
jiaruokuai	假若会	0	jiaruohui	会	hui	kuai
jiashikuai	假使会	0	jiashihui	会	hui	kuai
jiaxinbinggan	夹心饼乾	0	jiaxinbingqian	乾	qian	gan
jiaxuxian	贾诩见	0	jiaxujian	见	jian	xian
jiayinpinzhuan	佳音频传	0	jiayinpinchuan	传	chuan	zhuan
jiazhenpian	贾珍便	0	jiazhenbian	便	bian	pian
jiazhengpian	贾政便	0	jiazhengbian	便	bian	pian
jiazhenxian	贾珍见	0	jiazhenjian	见	jian	xian
jibofenqian	级薄分浅	0	jibaofenqian	薄	bao	bo
jibo	系舶	0	xibo	系	xi	ji
jibocun	吉泊村	0	jipocun	泊	po	bo
jibogangbei	系泊刚臂	0	jibogangbi	臂	bi	bei
jichaigu	绩差股	0	jichagu	差	cha	chai
jichaixiangguan	积差相关	0	jichaxiangguan	差	cha	chai
jichangzhi	汲长之	0	jizhangzhi	长	zhang	chang
jichehang	机车行	0	jichexing	行	xing	hang
jizhuanzhi	纪传志	0	jichuanzhi	传	chuan	zhuan
jichumingmen	系出名门	0	xichumingmen	系	xi	ji
jidaichun	纪大椿	0	jidachun	大	da	dai
jidaimiao	计大妙	0	jidamiao	大	da	dai
jidiantiaoxiang	机电调向	0	jidiandiaoxiang	调	diao	tiao
jitiaodanbai	肌调蛋白	0	jidiaodanbai	调	diao	tiao
jitibei	计堤备	0	jidibei	堤	di	ti
jiduxing	计都星	0	jidouxing	都	dou	du
jiebaopian	解宝便	0	jiebaobian	便	bian	pian
jiebing	桔饼	0	jubing	桔	ju	jie
jietan	借弹	0	jiedan	弹	dan	tan
jiedeikai	解得开	0	jiedekai	得	de	dei
jiedexitong	接地系统	0	jiedixitong	地	di	de
jiedelv	节地率	0	jiedilv	地	di	de
jiedeshuai	节地率	0	jiedilv	地	di	de
jiedishuai	节地率	0	jiedilv	率	lv	shuai
jiehuobuduan	截和补短	0	jiehebuduan	和	he	huo
jiejing	桔井	0	jujing	桔	ju	jie
jiejingpoxin	截胫剖心	0	jiejingpouxin	剖	pou	po
jiejinmianbo	竭尽棉薄	0	jiejinmianbao	薄	bao	bo
jieqiaoshangshi	借壳上市	0	jiekeshangshi	壳	ke	qiao
jieqiaozuoyong	结壳作用	0	jiekezuoyong	壳	ke	qiao
jielinghuanxu	解铃还须	0	jielinghaixu	还	hai	huan
jiemashuai	解码率	0	jiemalv	率	lv	shuai
jienong	桔农	0	junong	桔	ju	jie
jierbushi	系而不食	0	xierbushi	系	xi	ji
jieriniaofujue	杰日尼奥夫角	0	jieriniaofujiao	角	jiao	jue
jiesepu	杰塞普	0	jiesaipu	塞	sai	se
jieweikuai	解委会	0	jieweihui	会	hui	kuai
jiezhikuolv	截趾适履	0	jiezhishilv	适	shi	kuo
jiezhongshuai	接种率	0	jiezhonglv	率	lv	shuai
jiezishuai	节资率	0	jiezilv	率	lv	shuai
jieziyuanzhi	桔子原汁	0	juziyuanzhi	桔	ju	jie
jiguazhao	记挂着	0	jiguazhe	着	zhe	zhao
jiguazhuo	记挂着	0	jiguazhe	着	zhe	zhuo
jique	己炔	0	jigui	炔	gui	que
jihuozhi	纪和志	0	jihezhi	和	he	huo
jihuakuai	冀华会	0	jihuahui	会	hui	kuai
jihunliaotou	挤昏了头	0	jihunletou	了	le	liao
jijuexing	几角形	0	jijiaoxing	角	jiao	jue
jijingde	寂静地	0	jijingdi	地	di	de
jijingde	机警地	0	jijingdi	地	di	de
jilan	系缆	0	xilan	系	xi	ji
jilazajiao	集落杂交	0	jiluozajiao	落	luo	la
jileishuai	积累率	0	jileilv	率	lv	shuai
jiliangshuai	剂量率	0	jilianglv	率	lv	shuai
jiliankuai	基联会	0	jilianhui	会	hui	kuai
jilingjieling	系铃解铃	0	xilingjieling	系	xi	ji
jilixinqiu	极力寻求	0	jilixunqiu	寻	xun	xin
jishuailun	机率论	0	jilvlun	率	lv	shuai
jimojia	几万家	0	jiwanjia	万	wan	mo
jimoju	几万句	0	jiwanju	万	wan	mo
jimoke	几万克	0	jiwanke	万	wan	mo
jimoliang	几万两	0	jiwanliang	万	wan	mo
jimopi	几万匹	0	jiwanpi	万	wan	mo
jinbosong	金柏松	0	jinbaisong	柏	bai	bo
jinbiyong	晋辟雍	0	jinpiyong	辟	pi	bi
jinbizhao	紧逼着	0	jinbizhe	着	zhe	zhao
jinbizhuo	紧逼着	0	jinbizhe	着	zhe	zhuo
jinbo	金泊	0	jinpo	泊	po	bo
jinchangzhi	晋长治	0	jinzhangzhi	长	zhang	chang
jinzhaofeng	晋朝封	0	jinchaofeng	朝	chao	zhao
jinzhaohuangdi	金朝皇帝	0	jinchaohuangdi	朝	chao	zhao
jinzhaoshou	金朝守	0	jinchaoshou	朝	chao	zhao
jinzhaosi	金朝四	0	jinchaosi	朝	chao	zhao
jinzhaoxing	金朝兴	0	jinchaoxing	朝	chao	zhao
jinzhaozhou	金朝州	0	jinchaozhou	朝	chao	zhao
jinchengchide	金城池地	0	jinchengchidi	地	di	de
jinchengtangde	金城汤地	0	jinchengtangdi	地	di	de
jinchong	矜重	0	jinzhong	重	zhong	chong
jinchuchong	金杵重	0	jinchuzhong	重	zhong	chong
jinchula	金杵落	0	jinchuluo	落	luo	la
jindaijian	金大坚	0	jindajian	大	da	dai
jindaijian	金大监	0	jindajian	大	da	dai
jindaipeng	金大鹏	0	jindapeng	大	da	dai
jinfenghuanchao	金凤还巢	0	jinfenghaichao	还	hai	huan
jingchuhang	荆楚行	0	jingchuxing	行	xing	hang
jingconggan	经从乾	0	jingcongqian	乾	qian	gan
jingdaiji	京大戟	0	jingdaji	大	da	dai
jingguanji	经管系	0	jingguanxi	系	xi	ji
jingguanjuan	景观圈	0	jingguanquan	圈	quan	juan
jinghang	迳行	0	jingxing	行	xing	hang
jinghuhang	荆湖行	0	jinghuxing	行	xing	hang
jingjiankuai	经建会	0	jingjianhui	会	hui	kuai
jingjitongyoukuai	经济同友会	0	jingjitongyouhui	会	hui	kuai
jingjushuai	竞聚率	0	jingjulv	率	lv	shuai
jingkangzhao	靖康朝	0	jingkangchao	朝	chao	zhao
jingkoudai	靖寇大	0	jingkouda	大	da	dai
jingkoumukuai	井口模块	0	jingkoumokuai	模	mo	mu
jinglanjuan	井栏圈	0	jinglanquan	圈	quan	juan
jinglirunshuai	净利润率	0	jinglirunlv	率	lv	shuai
jingliubianshuai	径流变率	0	jingliubianlv	率	lv	shuai
jingmaohunweikuai	经贸混委会	0	jingmaohunweihui	会	hui	kuai
jingnanhang	荆南行	0	jingnanxing	行	xing	hang
jingqiuxinhe	经丘寻壑	0	jingqiuxunhe	寻	xun	xin
jingshangshen	经商参	0	jingshangcan	参	can	shen
jingsheer	经折儿	0	jingzheer	折	zhe	she
jinguankuai	金管会	0	jinguanhui	会	hui	kuai
jinguipian	金桂便	0	jinguibian	便	bian	pian
jinguixian	金桂见	0	jinguijian	见	jian	xian
jingxuankuai	敬轩会	0	jingxuanhui	会	hui	kuai
jingyidai	景亦大	0	jingyida	大	da	dai
jingzhengshuchang	警政署长	0	jingzhengshuzhang	长	zhang	chang
jingzhide	静止地	0	jingzhidi	地	di	de
jinhouxiangyao	金猴降妖	0	jinhoujiangyao	降	jiang	xiang
jinhuangdeshu	金黄地鼠	0	jinhuangdishu	地	di	de
jinkuaijun	金会俊	0	jinhuijun	会	hui	kuai
jinjundei	晋军得	0	jinjunde	得	de	dei
jinliaozhao	金辽朝	0	jinliaochao	朝	chao	zhao
jinmochang	金万昌	0	jinwanchang	万	wan	mo
jinpo	近剖	0	jinpou	剖	pou	po
jinsuozhao	紧缩着	0	jinsuozhe	着	zhe	zhao
jinsuozhuo	紧缩着	0	jinsuozhe	着	zhe	zhuo
jinyaode	紧要地	0	jinyaodi	地	di	de
jiongdei	窘得	0	jiongde	得	de	dei
jiqianjimobian	几千几万遍	0	jiqianjiwanbian	万	wan	mo
jiqianjimotou	几千几万头	0	jiqianjiwantou	万	wan	mo
jiseke	吉塞克	0	jisaike	塞	sai	se
jishizhidi	集矢之的	0	jishizhide	的	de	di
jishushuai	计数率	0	jishulv	率	lv	shuai
jisikuai	集思会	0	jisihui	会	hui	kuai
jitianzhuade	击天抓地	0	jitianzhuadi	地	di	de
jiuanchangyu	久安长浴	0	jiuanzhangyu	长	zhang	chang
jiubaiershiermoyuliang	九百二十二万余两	0	jiubaiershierwanyuliang	万	wan	mo
jiubaiwushiliumoqiqianerbailiushiyihu	九百五十六万七千二百六十一户	0	jiubaiwushiliuwanqiqianerbailiushiyihu	万	wan	mo
jiubaiyumoyuan	九百余万元	0	jiubaiyuwanyuan	万	wan	mo
jiubeibo	九臂钹	0	jiubibo	臂	bi	bei
jiudongkuai	九冬会	0	jiudonghui	会	hui	kuai
jiujuexing	九角形	0	jiujiaoxing	角	jiao	jue
jiujiequanguorendachangweikuai	九届全国人大常委会	0	jiujiequanguorendachangweihui	会	hui	kuai
jiumoduopingfanggongli	九万多平方公里	0	jiuwanduopingfanggongli	万	wan	mo
jiumoerqianpingfanggongli	九万二千平方公里	0	jiuwanerqianpingfanggongli	万	wan	mo
jiumokuai	九万块	0	jiuwankuai	万	wan	mo
jiumoqiqiansanbaiershisipi	九万七千三百二十四匹	0	jiuwanqiqiansanbaiershisipi	万	wan	mo
jiumosanqianjiubaijiushiduogongli	九万三千九百九十多公里	0	jiuwansanqianjiubaijiushiduogongli	万	wan	mo
jiushibamoliang	九十八万两	0	jiushibawanliang	万	wan	mo
jiuyibaqianerbaiduomoliang	九亿八千二百多万两	0	jiuyibaqianerbaiduowanliang	万	wan	mo
jiuyibaqianerbaiershisanmoyuliang	九亿八千二百二十三万余两	0	jiuyibaqianerbaiershisanwanyuliang	万	wan	mo
jiuzaizongkuai	救灾总会	0	jiuzaizonghui	会	hui	kuai
jixieshuai	机械率	0	jixielv	率	lv	shuai
jixiongnanbu	吉凶难卜	0	jixiongnanbo	卜	bo	bu
jiyoukuai	机友会	0	jiyouhui	会	hui	kuai
jizhuafeng	鸡爪疯	0	jizhaofeng	爪	zhao	zhua
jizhuaju	鸡爪菊	0	jizhaoju	爪	zhao	zhua
jizhichu	稽徵处	0	jizhengchu	徵	zheng	zhi
jizhouxin	蓟州寻	0	jizhouxun	寻	xun	xin
jizonglilun	系综理论	0	xizonglilun	系	xi	ji
juanbirongji	圈闭容积	0	quanbirongji	圈	quan	juan
juanniu	圈牛	0	quanniu	圈	quan	juan
juanshichonglai	卷士重来	0	juanshizhonglai	重	zhong	chong
juanxingkahuan	圈形卡环	0	quanxingkahuan	圈	quan	juan
juanzhi	圈秩	0	quanzhi	圈	quan	juan
jubaise	居柏塞	0	jubaisai	塞	sai	se
jubosai	居柏塞	0	jubaisai	柏	bai	bo
jubose	居柏塞	0	jubaisai	柏	bai	bo
jubose	居伯塞	0	jubosai	塞	sai	se
judajunla	巨大菌落	0	judajunluo	落	luo	la
jutan	拒弹	0	judan	弹	dan	tan
jueliaoshiyan	决了食言	0	jueleshiyan	了	le	liao
jukuaiji	居会稽	0	juhuiji	会	hui	kuai
juji	拘系	0	juxi	系	xi	ji
jujuerhang	踽踽而行	0	jujuerxing	行	xing	hang
julikuai	聚礼会	0	julihui	会	hui	kuai
junchangchenhuo	君唱臣和	0	junchangchenhe	和	he	huo
junlaxingcheng	菌落形成	0	junluoxingcheng	落	luo	la
juqingruochong	举轻若重	0	juqingruozhong	重	zhong	chong
juxiuwei	居宿卫	0	jusuwei	宿	su	xiu
juxianghuaji	具象化系	0	juxianghuaxi	系	xi	ji
juyanse	居延塞	0	juyansai	塞	sai	se
juzhendiji	矩阵的迹	0	juzhendeji	的	de	di
juzhengzhao	居正朝	0	juzhengchao	朝	chao	zhao
juzhicheng	鞠智盛	0	juzhisheng	盛	sheng	cheng
kagebo	卡格薄	0	kagebao	薄	bao	bo
kahuanbei	卡环臂	0	kahuanbi	臂	bi	bei
kaideji	凯地系	0	kaidixi	地	di	de
kaidexi	凯地系	0	kaidixi	地	di	de
kaidiji	凯地系	0	kaidixi	系	xi	ji
kaidongshuai	开动率	0	kaidonglv	率	lv	shuai
kaifacengji	开发层系	0	kaifacengxi	系	xi	ji
kaifangshuai	开房率	0	kaifanglv	率	lv	shuai
kaikouyinmu	开口印模	0	kaikouyinmo	模	mo	mu
kailumo	凯鲁万	0	kailuwan	万	wan	mo
kaiseerjiang	凯塞尔江	0	kaisaierjiang	塞	sai	se
kaiselu	开塞露	0	kaisailu	塞	sai	se
kajuan	卡圈	0	kaquan	圈	quan	juan
kaluokuai	卡罗会	0	kaluohui	会	hui	kuai
kamoge	卡万戈	0	kawange	万	wan	mo
kandishangyan	看的上眼	0	kandeshangyan	的	de	di
kangcheng	亢盛	0	kangsheng	盛	sheng	cheng
kangdaihuo	扛大活	0	kangdahuo	大	da	dai
kangguodai	康国大	0	kangguoda	大	da	dai
kangyuehuodong	康乐活动	0	kanglehuodong	乐	le	yue
kangligan	康立乾	0	kangliqian	乾	qian	gan
kangmu	康模	0	kangmo	模	mo	mu
kangsongmo	康淞万	0	kangsongwan	万	wan	mo
kanzhao	刊着	0	kanzhe	着	zhe	zhao
kanzhuo	刊着	0	kanzhe	着	zhe	zhuo
kaomu	靠模	0	kaomo	模	mo	mu
kaoniliao	靠你了	0	kaonile	了	le	liao
kaselin	卡塞琳	0	kasailin	塞	sai	se
kasemu	卡塞姆	0	kasaimu	塞	sai	se
qiaocai	壳菜	0	kecai	壳	ke	qiao
kechangqihang	客畅其行	0	kechangqixing	行	xing	hang
kedeman	克地曼	0	kediman	地	di	de
qiaoduotang	壳多糖	0	keduotang	壳	ke	qiao
qiaoduotangmei	壳多糖酶	0	keduotangmei	壳	ke	qiao
keejiu	可哦就	0	keojiu	哦	o	e
keerdei	克尔得	0	keerde	得	de	dei
qiaoguan	壳冠	0	keguan	壳	ke	qiao
keguide	可贵地	0	keguidi	地	di	de
qiaojutang	壳聚糖	0	kejutang	壳	ke	qiao
kekeerdi	可可儿的	0	kekeerde	的	de	di
kelaxian	克腊见	0	kelajian	见	jian	xian
kelongshuai	克隆率	0	kelonglv	率	lv	shuai
kelubo	克鲁柏	0	kelubai	柏	bai	bo
keluodeyaminzhugongtongti	克罗地亚民主共同体	0	keluodiyaminzhugongtongti	地	di	de
keluodeyayihui	克罗地亚议会	0	keluodiyayihui	地	di	de
kemadiao	可抹掉	0	kemodiao	抹	mo	ma
kemojun	柯万钧	0	kewanjun	万	wan	mo
keneise	科内塞	0	keneisai	塞	sai	se
kenqinkuai	恳亲会	0	kenqinhui	会	hui	kuai
kenzhide	垦殖地	0	kenzhidi	地	di	de
kepanzhao	渴盼着	0	kepanzhe	着	zhe	zhao
kepanzhuo	渴盼着	0	kepanzhe	着	zhe	zhuo
kesenuofen	克塞诺芬	0	kesainuofen	塞	sai	se
qiaotang	壳糖	0	ketang	壳	ke	qiao
qiaotangan	壳糖胺	0	ketangan	壳	ke	qiao
kexiaokedai	可小可大	0	kexiaokeda	大	da	dai
keyide	可疑地	0	keyidi	地	di	de
qiaozhuangya	壳状牙	0	kezhuangya	壳	ke	qiao
kongbaihang	空白行	0	kongbaixing	行	xing	hang
kongshenxun	空参训	0	kongcanxun	参	can	shen
kongduidefei	空对地飞	0	kongduidifei	地	di	de
kongduose	孔多塞	0	kongduosai	塞	sai	se
konghuojin	孔和金	0	konghejin	和	he	huo
kongxianheshang	空见和尚	0	kongjianheshang	见	jian	xian
kongxianshen	空见神	0	kongjianshen	见	jian	xian
kongjueshou	恐角兽	0	kongjiaoshou	角	jiao	jue
kongkonglalade	空空落落的	0	kongkongluoluode	落	luo	la
kongkonglaladi	空空落落的	0	kongkongluoluode	落	luo	la
kongkonglaluode	空空落落的	0	kongkongluoluode	落	luo	la
kongkonglaluodi	空空落落的	0	kongkongluoluode	落	luo	la
kongkongluolade	空空落落的	0	kongkongluoluode	落	luo	la
kongkongluoladi	空空落落的	0	kongkongluoluode	落	luo	la
kongkongluoluodi	空空落落的	0	kongkongluoluode	的	de	di
kongmingpian	孔明便	0	kongmingbian	便	bian	pian
kongmingchong	孔明重	0	kongmingzhong	重	zhong	chong
kongmingxian	孔明见	0	kongmingjian	见	jian	xian
kongqingjiao	孔清觉	0	kongqingjue	觉	jue	jiao
kongxiande	空闲地	0	kongxiandi	地	di	de
koubichang	口鼻长	0	koubizhang	长	zhang	chang
koudei	叩得	0	koude	得	de	dei
kouganshezao	口乾舌燥	0	kouqianshezao	乾	qian	gan
kouhanzhao	口喊着	0	kouhanzhe	着	zhe	zhao
kouhanzhuo	口喊着	0	kouhanzhe	着	zhe	zhuo
koujuehangyu	口绝行语	0	koujuexingyu	行	xing	hang
kouliao	釦了	0	koule	了	le	liao
koutoude	口头地	0	koutoudi	地	di	de
kouzhao	釦着	0	kouzhe	着	zhe	zhao
kouzhuo	釦着	0	kouzhe	着	zhe	zhuo
kuaizhuangbengla	块状崩落	0	kuaizhuangbengluo	落	luo	la
kuandade	宽大地	0	kuandadi	地	di	de
kuangbaode	狂暴地	0	kuangbaodi	地	di	de
kuangtianshuode	狂天说地	0	kuangtianshuodi	地	di	de
kuangzhao	框着	0	kuangzhe	着	zhe	zhao
kuangzhuo	框着	0	kuangzhe	着	zhe	zhuo
kuankuanerhang	款款而行	0	kuankuanerxing	行	xing	hang
kuanpijie	宽皮桔	0	kuanpiju	桔	ju	jie
kudailiangyao	苦大良药	0	kudaliangyao	大	da	dai
kuihanwude	愧汗无地	0	kuihanwudi	地	di	de
kuisunshuai	亏损率	0	kuisunlv	率	lv	shuai
kuixin	窥寻	0	kuixun	寻	xun	xin
kujiaoshebian	裤角折边	0	kujiaozhebian	折	zhe	she
kujueshebian	裤角折边	0	kujiaozhebian	角	jiao	jue
kujuezhebian	裤角折边	0	kujiaozhebian	角	jiao	jue
kundulunqu	昆都仑区	0	kundoulunqu	都	dou	du
kuocaikuosuo	适材适所	0	shicaishisuo	适	shi	kuo
kuocaishisuo	适材适所	0	shicaishisuo	适	shi	kuo
shicaikuosuo	适材适所	0	shicaishisuo	适	shi	kuo
kuofengjiajie	适逢佳节	0	shifengjiajie	适	shi	kuo
kuohunzhe	适婚者	0	shihunzhe	适	shi	kuo
kuokuodi	阔阔的	0	kuokuode	的	de	di
kuopeifa	适配法	0	shipeifa	适	shi	kuo
kuoshixing	适时性	0	shishixing	适	shi	kuo
kuosusuishi	适俗随时	0	shisusuishi	适	shi	kuo
kuoxiaoduilu	适销对路	0	shixiaoduilu	适	shi	kuo
kuoxingwanglv	适性忘虑	0	shixingwanglv	适	shi	kuo
kuoxinyumu	适心娱目	0	shixinyumu	适	shi	kuo
kuoyiqu	适宜区	0	shiyiqu	适	shi	kuo
kuoyongdiqu	适用地区	0	shiyongdiqu	适	shi	kuo
kuoyongjishu	适用技术	0	shiyongjishu	适	shi	kuo
kuoyongzhe	适用者	0	shiyongzhe	适	shi	kuo
kusiliao	哭死了	0	kusile	了	le	liao
kusubo	库苏泊	0	kusupo	泊	po	bo
kutianhaode	哭天嚎地	0	kutianhaodi	地	di	de
lacao	落槽	0	luocao	落	luo	la
lachao	落巢	0	luochao	落	luo	la
ladeilei	拉得雷	0	ladelei	得	de	dei
laer	落儿	0	luoer	落	luo	la
laerpocun	落耳坡村	0	luoerpocun	落	luo	la
lafan	落帆	0	luofan	落	luo	la
laizhuanzhu	赖传珠	0	laichuanzhu	传	chuan	zhuan
laidaizhi	赖大之	0	laidazhi	大	da	dai
laiganqing	来乾清	0	laiqianqing	乾	qian	gan
laihuomu	赖和木	0	laihemu	和	he	huo
laihuzhaoxiang	濑户朝香	0	laihuchaoxiang	朝	chao	zhao
laimanji	莱曼系	0	laimanxi	系	xi	ji
lairizhengchang	来日正长	0	lairizhengzhang	长	zhang	chang
laisichen	赖斯称	0	laisicheng	称	cheng	chen
laizaigan	赖在乾	0	laizaiqian	乾	qian	gan
lajia	落荚	0	luojia	落	luo	la
lajingxiashui	落井下水	0	luojingxiashui	落	luo	la
lake	落柯	0	luoke	落	luo	la
lakuang	落矿	0	luokuang	落	luo	la
lalaguahuan	落落寡欢	0	luoluoguahuan	落	luo	la
laluoguahuan	落落寡欢	0	luoluoguahuan	落	luo	la
luolaguahuan	落落寡欢	0	luoluoguahuan	落	luo	la
laluonanshe	落落难舍	0	luoluonanshe	落	luo	la
lalei	落蕾	0	luolei	落	luo	la
lamodi	拉万蒂	0	lawandi	万	wan	mo
langhuojia	郎和嘉	0	langhejia	和	he	huo
langhuosong	郎和松	0	langhesong	和	he	huo
langlangdi	琅琅的	0	langlangde	的	de	di
langsidaijiao	朗斯大教	0	langsidajiao	大	da	dai
langxinsitie	郎心似铁	0	langxinshitie	似	shi	si
langzhimo	郎之万	0	langzhiwan	万	wan	mo
lanhuashen	蓝花参	0	lanhuacan	参	can	shen
lanqinxian	蓝秦见	0	lanqinjian	见	jian	xian
lanweikuai	篮委会	0	lanweihui	会	hui	kuai
laodeinuo	劳得诺	0	laodenuo	得	de	dei
laodila	老的辣	0	laodela	的	de	di
laodonghuoshehuibaozhangbulaodongkexueyanjiusuo	劳动和社会保障部劳动科学研究所	0	laodongheshehuibaozhangbulaodongkexueyanjiusuo	和	he	huo
laodonghuoshehuibaozhangbuzhiyejinengjiandingzhongxin	劳动和社会保障部职业技能鉴定中心	0	laodongheshehuibaozhangbuzhiyejinengjiandingzhongxin	和	he	huo
laoji	牢系	0	laoxi	系	xi	ji
laojingji	劳经系	0	laojingxi	系	xi	ji
laoshudeerzikuaidadong	老鼠的儿子会打洞	0	laoshudeerzihuidadong	会	hui	kuai
laoshudierzihuidadong	老鼠的儿子会打洞	0	laoshudeerzihuidadong	的	de	di
laoshudierzikuaidadong	老鼠的儿子会打洞	0	laoshudeerzihuidadong	的	de	di
laoweikuai	劳委会	0	laoweihui	会	hui	kuai
laoyixie	老溢血	0	laoyixue	血	xue	xie
larufawang	落入法网	0	luorufawang	落	luo	la
laselong	拉塞龙	0	lasailong	塞	sai	se
lasanlasi	落三落四	0	luosanluosi	落	luo	la
lasanluosi	落三落四	0	luosanluosi	落	luo	la
luosanlasi	落三落四	0	luosanluosi	落	luo	la
lasimu	拉丝模	0	lasimo	模	mo	mu
lazhirufei	落纸如飞	0	luozhirufei	落	luo	la
yuebaishibei	乐百氏杯	0	lebaishibei	乐	le	yue
yuebangqun	乐帮群	0	lebangqun	乐	le	yue
yuebangshi	乐帮石	0	lebangshi	乐	le	yue
yuebangzhong	乐帮众	0	lebangzhong	乐	le	yue
yuebangzhu	乐帮主	0	lebangzhu	乐	le	yue
liaobuxiangshe	了不相涉	0	lebuxiangshe	了	le	liao
yuecaiwang	乐彩网	0	lecaiwang	乐	le	yue
liaocixinyuan	了此心愿	0	lecixinyuan	了	le	liao
liaociyisheng	了此一生	0	leciyisheng	了	le	liao
yuedaniang	乐大娘	0	ledaniang	乐	le	yue
yuedaniangzi	乐大娘子	0	ledaniangzi	乐	le	yue
yuedonglizuzizhixian	乐东黎族自治县	0	ledonglizuzizhixian	乐	le	yue
yuedongting	乐东艇	0	ledongting	乐	le	yue
yuedongxian	乐东县	0	ledongxian	乐	le	yue
yueerhao	乐尔号	0	leerhao	乐	le	yue
yueerwangyou	乐而忘忧	0	leerwangyou	乐	le	yue
leifu	肋腹	0	lefu	肋	le	lei
yuefubo	乐甫波	0	lefubo	乐	le	yue
yuegongzhong	乐宫钟	0	legongzhong	乐	le	yue
yuehaifan	乐海帆	0	lehaifan	乐	le	yue
yuexingzhe	乐行者	0	lexingzhe	乐	le	yue
lehuojiu	乐和舅	0	lehejiu	和	he	huo
yuehejiu	乐和舅	0	lehejiu	乐	le	yue
yuehuojiu	乐和舅	0	lehejiu	乐	le	yue
yuehoushuang	乐厚双	0	lehoushuang	乐	le	yue
yuehuaqiu	乐花楸	0	lehuaqiu	乐	le	yue
leihuotan	雷火弹	0	leihuodan	弹	dan	tan
leixianbuxian	累见不鲜	0	leijianbuxian	见	jian	xian
leitianjiao	雷天觉	0	leitianjue	觉	jue	jiao
leitingmojun	雷庭万钧	0	leitingwanjun	万	wan	mo
leiwo	肋窝	0	lewo	肋	le	lei
leizhenkuai	雷震会	0	leizhenhui	会	hui	kuai
yuejinyin	乐进引	0	lejinyin	乐	le	yue
yuejuanyundong	乐捐运动	0	lejuanyundong	乐	le	yue
yueli	乐力	0	leli	乐	le	yue
lengjiao	冷觉	0	lengjue	觉	jue	jiao
lengjuanxue	冷圈学	0	lengquanxue	圈	quan	juan
lenglengde	楞楞地	0	lenglengdi	地	di	de
lengsetiao	冷色调	0	lengsediao	调	diao	tiao
yueshaoyan	乐绍延	0	leshaoyan	乐	le	yue
leshengwu	乐生恶	0	leshenge	恶	e	wu
yueshenge	乐生恶	0	leshenge	乐	le	yue
yueshengwu	乐生恶	0	leshenge	乐	le	yue
yueshengli	乐生励	0	leshengli	乐	le	yue
yueshengping	乐升平	0	leshengping	乐	le	yue
yueshoutianya	乐守天涯	0	leshoutianya	乐	le	yue
yueteng	乐腾	0	leteng	乐	le	yue
yuetouwang	乐透网	0	letouwang	乐	le	yue
liaowangsuo	了望所	0	lewangsuo	了	le	liao
yuexijinxing	乐喜金星	0	lexijinxing	乐	le	yue
yuexuezhong	乐学中	0	lexuezhong	乐	le	yue
yueyici	乐一词	0	leyici	乐	le	yue
yueyiyang	乐亿阳	0	leyiyang	乐	le	yue
yueyouwang	乐友网	0	leyouwang	乐	le	yue
yueyouyan	乐游宴	0	leyouyan	乐	le	yue
yueyouyou	乐悠游	0	leyouyou	乐	le	yue
yueyuanpian	乐缘片	0	leyuanpian	乐	le	yue
yueyuanyuan	乐渊源	0	leyuanyuan	乐	le	yue
yueyurencai	乐育人才	0	leyurencai	乐	le	yue
yuezeyi	乐则意	0	lezeyi	乐	le	yue
yuezhang	乐障	0	lezhang	乐	le	yue
yuezheling	乐者聆	0	lezheling	乐	le	yue
yuezhilun	乐志论	0	lezhilun	乐	le	yue
lianzhaoyan	连朝宴	0	lianchaoyan	朝	chao	zhao
liandainu	廉大怒	0	liandanu	大	da	dai
liandeihou	练得厚	0	liandehou	得	de	dei
liandeiyang	连得杨	0	liandeyang	得	de	dei
liandexian	连地仙	0	liandixian	地	di	de
liangbaiduomoyuan	两百多万元	0	liangbaiduowanyuan	万	wan	mo
liangbailiushiliumosiqianyu	两百六十六万四千余	0	liangbailiushiliuwansiqianyu	万	wan	mo
liangbaiyumoliang	两百余万两	0	liangbaiyuwanliang	万	wan	mo
liangzhaobu	梁朝部	0	liangchaobu	朝	chao	zhao
liangzhaoshi	梁朝时	0	liangchaoshi	朝	chao	zhao
liangchongyiyi	两重意义	0	liangzhongyiyi	重	zhong	chong
liangdeiqibian	两得其便	0	liangdeqibian	得	de	dei
liangdeiqipian	两得其便	0	liangdeqibian	得	de	dei
liangdeqipian	两得其便	0	liangdeqibian	便	bian	pian
lianghaoshuai	良好率	0	lianghaolv	率	lv	shuai
liangjuegui	量角规	0	liangjiaogui	角	jiao	jue
liangjunxian	梁军见	0	liangjunjian	见	jian	xian
liangmaxianzi	两码见字	0	liangmajianzi	见	jian	xian
liangmianjue	两面角	0	liangmianjiao	角	jiao	jue
liangmobaqianyu	两万八千余	0	liangwanbaqianyu	万	wan	mo
liangmoduoliang	两万多两	0	liangwanduoliang	万	wan	mo
liangmoduoyuan	两万多元	0	liangwanduoyuan	万	wan	mo
liangmoduozhi	两万多支	0	liangwanduozhi	万	wan	mo
liangmoerqianbabaiqishiqijuan	两万二千八百七十七卷	0	liangwanerqianbabaiqishiqijuan	万	wan	mo
liangmoerqianjiubaisanshiqijuan	两万二千九百三十七卷	0	liangwanerqianjiubaisanshiqijuan	万	wan	mo
liangmoerqianmi	两万二千米	0	liangwanerqianmi	万	wan	mo
liangmofen	两万份	0	liangwanfen	万	wan	mo
liangmojia	两万家	0	liangwanjia	万	wan	mo
liangmojian	两万件	0	liangwanjian	万	wan	mo
liangmojun	梁万俊	0	liangwanjun	万	wan	mo
liangmopian	两万片	0	liangwanpian	万	wan	mo
liangmopian	两万篇	0	liangwanpian	万	wan	mo
liangmoqibaqian	两万七八千	0	liangwanqibaqian	万	wan	mo
liangmorenci	两万人次	0	liangwanrenci	万	wan	mo
liangmosanqianhu	两万三千户	0	liangwansanqianhu	万	wan	mo
liangmosiqianyibai	两万四千一百	0	liangwansiqianyibai	万	wan	mo
liangmosiqianyudun	两万四千余吨	0	liangwansiqianyudun	万	wan	mo
liangmowuqianliubaiqishibadun	两万五千六百七十八吨	0	liangwanwuqianliubaiqishibadun	万	wan	mo
liangmoyuce	两万余册	0	liangwanyuce	万	wan	mo
liangmoyuhu	两万余户	0	liangwanyuhu	万	wan	mo
liangqiansanbaisishiliumo	两千三百四十六万	0	liangqiansanbaisishiliuwan	万	wan	mo
liangqiansanbaiyumo	两千三百余万	0	liangqiansanbaiyuwan	万	wan	mo
liangqianyibaimo	两千一百万	0	liangqianyibaiwan	万	wan	mo
liangsanmoyuan	两三万元	0	liangsanwanyuan	万	wan	mo
liangshewa	梁折瓦	0	liangzhewa	折	zhe	she
liangshezhu	梁折柱	0	liangzhezhu	折	zhe	she
liangshuangni	凉爽呢	0	liangshuangne	呢	ne	ni
liangxiedongwu	凉血动物	0	liangxuedongwu	血	xue	xie
liangyibaqianbabaiershiermoliang	两亿八千八百二十二万两	0	liangyibaqianbabaiershierwanliang	万	wan	mo
liangyijiuqianyumoliang	两亿九千余万两	0	liangyijiuqianyuwanliang	万	wan	mo
liangyiyiqianwubaiwushisimoyuan	两亿一千五百五十四万元	0	liangyiyiqianwubaiwushisiwanyuan	万	wan	mo
liangyongdai	梁永大	0	liangyongda	大	da	dai
liangzichanshuai	量子产率	0	liangzichanlv	率	lv	shuai
lianhebaoji	联合报系	0	lianhebaoxi	系	xi	ji
lianheguomaoyihuofazhanhuiyi	联合国贸易和发展会议	0	lianheguomaoyihefazhanhuiyi	和	he	huo
lianheyinmu	联合印模	0	lianheyinmo	模	mo	mu
lianxiangong	练见功	0	lianjiangong	见	jian	xian
lianxianlian	廉见连	0	lianjianlian	见	jian	xian
lianjiao	联觉	0	lianjue	觉	jue	jiao
lianshuai	立案率	0	lianlv	率	lv	shuai
lianpo	廉剖	0	lianpou	剖	pou	po
liantongshuai	连通率	0	liantonglv	率	lv	shuai
lianxibo	练习薄	0	lianxibao	薄	bao	bo
lianyikuaiyi	联谊会一	0	lianyihuiyi	会	hui	kuai
lianyunkuai	联运会	0	lianyunhui	会	hui	kuai
lianzhaokuai	联招会	0	lianzhaohui	会	hui	kuai
liaojuezui	廖角嘴	0	liaojiaozui	角	jiao	jue
liboshuan	李柏拴	0	libaishuan	柏	bai	bo
libocaishu	力薄才疏	0	libaocaishu	薄	bao	bo
libaohuo	李宝和	0	libaohe	和	he	huo
lichangbai	李长白	0	lizhangbai	长	zhang	chang
lichanghua	李长华	0	lizhanghua	长	zhang	chang
lichangrong	李长荣	0	lizhangrong	长	zhang	chang
lichangshui	李长水	0	lizhangshui	长	zhang	chang
lichangshun	李长顺	0	lizhangshun	长	zhang	chang
lichangyun	李长云	0	lizhangyun	长	zhang	chang
lizhaowei	李朝威	0	lichaowei	朝	chao	zhao
lichengduo	李盛铎	0	lishengduo	盛	sheng	cheng
lichenglin	李盛霖	0	lishenglin	盛	sheng	cheng
lichongan	李重庵	0	lizhongan	重	zhong	chong
lizhuanjun	李传俊	0	lichuanjun	传	chuan	zhuan
lizhuanyun	李传韵	0	lichuanyun	传	chuan	zhuan
lidapian	李达便	0	lidabian	便	bian	pian
lidaiguang	李大光	0	lidaguang	大	da	dai
lidaijin	李大金	0	lidajin	大	da	dai
lidaikuan	李大宽	0	lidakuan	大	da	dai
lidailang	李大郎	0	lidalang	大	da	dai
lidaili	李大利	0	lidali	大	da	dai
lidailiang	李大亮	0	lidaliang	大	da	dai
lidaiqi	李大齐	0	lidaqi	大	da	dai
lidaiqiang	李大强	0	lidaqiang	大	da	dai
lidaishe	李大社	0	lidashe	大	da	dai
lidaishuang	李大双	0	lidashuang	大	da	dai
lidaiwei	李大伟	0	lidawei	大	da	dai
lidaixian	李大现	0	lidaxian	大	da	dai
lidaiyuan	李大元	0	lidayuan	大	da	dai
lideifang	黎得芳	0	lidefang	得	de	dei
litiaoyuan	李调元	0	lidiaoyuan	调	diao	tiao
lidusi	李都司	0	lidousi	都	dou	du
ligan	梨乾	0	liqian	乾	qian	gan
lijijian	李给谏	0	ligeijian	给	gei	ji
liguocheng	李国盛	0	liguosheng	盛	sheng	cheng
liguoxian	李过见	0	liguojian	见	jian	xian
lihangquan	立行泉	0	lixingquan	行	xing	hang
lihangshou	李行首	0	lixingshou	行	xing	hang
lihuoer	李和儿	0	liheer	和	he	huo
likuai	莅会	0	lihui	会	hui	kuai
lijiayue	李嘉乐	0	lijiale	乐	le	yue
lijunxian	李俊见	0	lijunjian	见	jian	xian
likuozhi	李适之	0	lishizhi	适	shi	kuo
lilincheng	李林盛	0	lilinsheng	盛	sheng	cheng
lilvchai	利率差	0	lilvcha	差	cha	chai
lishuaitai	李率泰	0	lilvtai	率	lv	shuai
limolu	李万禄	0	liwanlu	万	wan	mo
limoshan	李万山	0	liwanshan	万	wan	mo
linaikuo	李乃适	0	linaishi	适	shi	kuo
linangan	林安乾	0	linanqian	乾	qian	gan
linchengzhong	林盛中	0	linshengzhong	盛	sheng	cheng
linchongdai	林冲大	0	linchongda	大	da	dai
linchongxian	林冲见	0	linchongjian	见	jian	xian
linzhuanding	林传鼎	0	linchuanding	传	chuan	zhuan
lindaichun	林大椿	0	lindachun	大	da	dai
lindaike	林大可	0	lindake	大	da	dai
lindaiyong	林大勇	0	lindayong	大	da	dai
lingchongma	零重码	0	lingzhongma	重	zhong	chong
lingzhuanchang	凌传昌	0	lingchuanchang	传	chuan	zhuan
linghangfa	铃行法	0	lingxingfa	行	xing	hang
linghangshiyan	铃行试验	0	lingxingshiyan	行	xing	hang
linghuchongxian	令狐冲见	0	linghuchongjian	见	jian	xian
linghuchongyu	令狐冲吁	0	linghuchongxu	吁	xu	yu
lingliji	零力系	0	linglixi	系	xi	ji
lingyujianmu	领域建模	0	lingyujianmo	模	mo	mu
linjiangkuai	临江会	0	linjianghui	会	hui	kuai
linjianxide	林间隙地	0	linjianxidi	地	di	de
linjierichang	临界日长	0	linjierizhang	长	zhang	chang
linkaozhao	临靠着	0	linkaozhe	着	zhe	zhao
linkaozhuo	临靠着	0	linkaozhe	着	zhe	zhuo
linyuefeng	林乐丰	0	linlefeng	乐	le	yue
linyuefeng	林乐峰	0	linlefeng	乐	le	yue
linyuefeng	林乐风	0	linlefeng	乐	le	yue
linyuepei	林乐培	0	linlepei	乐	le	yue
linniaozhaochao	林鸟朝嘲	0	linniaochaochao	朝	chao	zhao
linsijiao	林寺觉	0	linsijue	觉	jue	jiao
linyuanlvbo	临渊履薄	0	linyuanlvbao	薄	bao	bo
linzhongxin	林中寻	0	linzhongxun	寻	xun	xin
liouji	力偶系	0	liouxi	系	xi	ji
lipingdai	李萍大	0	lipingda	大	da	dai
lipingxian	李萍见	0	lipingjian	见	jian	xian
liqichang	李七长	0	liqizhang	长	zhang	chang
liqujue	离去角	0	liqujiao	角	jiao	jue
lirongshao	李荣杓	0	lirongbiao	杓	biao	shao
lirongzhao	李荣著	0	lirongzhu	著	zhu	zhao
lirongzhe	李荣著	0	lirongzhu	著	zhu	zhe
lirongzhuo	李荣著	0	lirongzhu	著	zhu	zhuo
lishiyue	力士乐	0	lishile	乐	le	yue
liubaiduohang	六百多行	0	liubaiduoxing	行	xing	hang
liubailiushisanmoyiyuan	六百六十三万亿元	0	liubailiushisanwanyiyuan	万	wan	mo
liubaisishijiumojin	六百四十九万斤	0	liubaisishijiuwanjin	万	wan	mo
liubaiyishijiumowuqianqibaiwushiqi	六百一十九万五千七百五十七	0	liubaiyishijiuwanwuqianqibaiwushiqi	万	wan	mo
liubaiyishiwumohu	六百一十五万户	0	liubaiyishiwuwanhu	万	wan	mo
liubaiyumoyuan	六百余万元	0	liubaiyuwanyuan	万	wan	mo
liubiaokuo	刘表适	0	liubiaoshi	适	shi	kuo
liuchangyu	刘长瑜	0	liuzhangyu	长	zhang	chang
liuchangzhong	刘长忠	0	liuzhangzhong	长	zhang	chang
liuchengjia	刘盛佳	0	liushengjia	盛	sheng	cheng
liuchengqi	刘盛起	0	liushengqi	盛	sheng	cheng
liuchengxiu	刘盛休	0	liushengxiu	盛	sheng	cheng
liuchongxian	刘崇见	0	liuchongjian	见	jian	xian
liuzhuanming	柳传明	0	liuchuanming	传	chuan	zhuan
liudaihong	柳大洪	0	liudahong	大	da	dai
liudaihua	柳大华	0	liudahua	大	da	dai
liudaijie	刘大杰	0	liudajie	大	da	dai
liudaikui	刘大奎	0	liudakui	大	da	dai
liudailang	柳大郎	0	liudalang	大	da	dai
liudaiwei	刘大伟	0	liudawei	大	da	dai
liudaixiang	刘大响	0	liudaxiang	大	da	dai
liudeifu	刘得富	0	liudefu	得	de	dei
liudeifu	刘得福	0	liudefu	得	de	dei
liuhuoguang	刘和光	0	liuheguang	和	he	huo
liuhuoqian	刘和谦	0	liuheqian	和	he	huo
liukaizhao	刘开朝	0	liukaichao	朝	chao	zhao
liukonghuo	刘孔和	0	liukonghe	和	he	huo
liukuolan	刘适兰	0	liushilan	适	shi	kuo
liumodun	六万吨	0	liuwandun	万	wan	mo
liumohu	六万户	0	liuwanhu	万	wan	mo
liumojiuqianyuliang	六万九千余两	0	liuwanjiuqianyuliang	万	wan	mo
liumomeiyuan	六万美元	0	liuwanmeiyuan	万	wan	mo
liumopingfangmi	六万平方米	0	liuwanpingfangmi	万	wan	mo
liumosanqianqibaiyishijiumu	六万三千七百一十九亩	0	liuwansanqianqibaiyishijiumu	万	wan	mo
liumowuqianmeiyuan	六万五千美元	0	liuwanwuqianmeiyuan	万	wan	mo
liumowuqianyuxiang	六万五千余箱	0	liuwanwuqianyuxiang	万	wan	mo
liuqianduomo	六千多万	0	liuqianduowan	万	wan	mo
liuqianliubaibashiliumoyuan	六千六百八十六万元	0	liuqianliubaibashiliuwanyuan	万	wan	mo
liuqimoliang	六七万两	0	liuqiwanliang	万	wan	mo
liusantan	榴散弹	0	liusandan	弹	dan	tan
liushaozhao	刘劭著	0	liushaozhu	著	zhu	zhao
liushaozhe	刘劭著	0	liushaozhu	著	zhu	zhe
liushaozhuo	刘劭著	0	liushaozhu	著	zhu	zhuo
liushiduomoliang	六十多万两	0	liushiduowanliang	万	wan	mo
liushiermoce	六十二万册	0	liushierwance	万	wan	mo
liushiqimojiuqianduoyiyuan	六十七万九千多亿元	0	liushiqiwanjiuqianduoyiyuan	万	wan	mo
liuxiuzeng	柳宿增	0	liusuzeng	宿	su	xiu
liutaihang	刘太行	0	liutaixing	行	xing	hang
liutangpian	刘唐便	0	liutangbian	便	bian	pian
liutingchang	刘厅长	0	liutingzhang	长	zhang	chang
liuxunmo	六旬万	0	liuxunwan	万	wan	mo
liuyesi	柳叶似	0	liuyeshi	似	shi	si
liuyizhi	柳贻徵	0	liuyizheng	徵	zheng	zhi
liuyonghang	刘永行	0	liuyongxing	行	xing	hang
liuzhongchang	柳忠长	0	liuzhongzhang	长	zhang	chang
liuzhongde	留种地	0	liuzhongdi	地	di	de
liuzhusi	刘注似	0	liuzhushi	似	shi	si
liwuzhao	历五朝	0	liwuchao	朝	chao	zhao
lixiangdiji	理想的积	0	lixiangdeji	的	de	di
lixiaozishou	离削自守	0	lixuezishou	削	xue	xiao
lixinxian	李信见	0	lixinjian	见	jian	xian
lixinjiao	李新觉	0	lixinjue	觉	jue	jiao
liyanxian	李岩见	0	liyanjian	见	jian	xian
liyezhao	李冶著	0	liyezhu	著	zhu	zhao
liyezhe	李冶著	0	liyezhu	著	zhu	zhe
liyezhuo	李冶著	0	liyezhu	著	zhu	zhuo
liyuzhao	李玉著	0	liyuzhu	著	zhu	zhao
liyuzhe	李玉著	0	liyuzhu	著	zhu	zhe
liyuzhuo	李玉著	0	liyuzhu	著	zhu	zhuo
lizuoxian	李作见	0	lizuojian	见	jian	xian
longchongbimu	隆重闭幕	0	longzhongbimu	重	zhong	chong
longchongkaimu	隆重开幕	0	longzhongkaimu	重	zhong	chong
longdaiyuan	龙大渊	0	longdayuan	大	da	dai
longhuozhong	隆和众	0	longhezhong	和	he	huo
longlangzhuan	龙狼传	0	longlangchuan	传	chuan	zhuan
longshichong	龙石重	0	longshizhong	重	zhong	chong
longshoudai	龙守大	0	longshouda	大	da	dai
longshuzhao	龙树著	0	longshuzhu	著	zhu	zhao
longshuzhe	龙树著	0	longshuzhu	著	zhu	zhe
longshuzhuo	龙树著	0	longshuzhu	著	zhu	zhuo
longxinghang	隆兴行	0	longxingxing	行	xing	hang
longyangan	龙眼乾	0	longyanqian	乾	qian	gan
longzhuangchongpai	笼状重排	0	longzhuangzhongpai	重	zhong	chong
loukuoyi	楼适夷	0	loushiyi	适	shi	kuo
luanluandi	乱乱的	0	luanluande	的	de	di
lubenghuo	卢崩和	0	lubenghe	和	he	huo
lubu	路卜	0	lubo	卜	bo	bu
lubuha	鲁卜哈	0	luboha	卜	bo	bu
luchangchuan	路长传	0	luzhangchuan	长	zhang	chang
luchangzhuan	路长传	0	luzhangchuan	长	zhang	chang
luzhangzhuan	路长传	0	luzhangchuan	传	chuan	zhuan
luchanglin	路长林	0	luzhanglin	长	zhang	chang
luchangshou	陆长守	0	luzhangshou	长	zhang	chang
luzhuanyou	卢传友	0	luchuanyou	传	chuan	zhuan
lutishi	路堤式	0	ludishi	堤	di	ti
luhuoling	陆和领	0	luheling	和	he	huo
lujuecai	鹿角菜	0	lujiaocai	角	jiao	jue
lujuejiao	鹿角胶	0	lujiaojiao	角	jiao	jue
lujizhuan	卢继传	0	lujichuan	传	chuan	zhuan
lukaimo	卢开万	0	lukaiwan	万	wan	mo
lumangde	鲁莽地	0	lumangdi	地	di	de
lumiaozhuan	路妙传	0	lumiaochuan	传	chuan	zhuan
lundaihu	伦大虎	0	lundahu	大	da	dai
luntiaofa	轮调法	0	lundiaofa	调	diao	tiao
lunxiude	轮休地	0	lunxiudi	地	di	de
lunzhao	轮着	0	lunzhe	着	zhe	zhao
lunzhuo	轮着	0	lunzhe	着	zhe	zhuo
luobingdai	骆冰大	0	luobingda	大	da	dai
luobingxian	骆冰见	0	luobingjian	见	jian	xian
luobubohu	罗布泊湖	0	luobupohu	泊	po	bo
luochangli	罗长礼	0	luozhangli	长	zhang	chang
luochangqi	罗长奇	0	luozhangqi	长	zhang	chang
luodaiqian	罗大千	0	luodaqian	大	da	dai
luohangji	罗行纪	0	luoxingji	行	xing	hang
luojuan	螺圈	0	luoquan	圈	quan	juan
luoyuebo	罗乐勃	0	luolebo	乐	le	yue
luoyuelin	罗乐林	0	luolelin	乐	le	yue
luoluodaizhe	荦荦大者	0	luoluodazhe	大	da	dai
luomanji	罗曼系	0	luomanxi	系	xi	ji
luoqidei	罗契得	0	luoqide	得	de	dei
luoqingzhuanyin	骆清传音	0	luoqingchuanyin	传	chuan	zhuan
luoqingdu	骆清都	0	luoqingdou	都	dou	du
luosedi	罗塞迪	0	luosaidi	塞	sai	se
luoxinxian	罗信见	0	luoxinjian	见	jian	xian
luoyinhuo	罗隐和	0	luoyinhe	和	he	huo
luoyukuai	骆雨会	0	luoyuhui	会	hui	kuai
lusede	鲁塞德	0	lusaide	塞	sai	se
lusanhuo	鹿三和	0	lusanhe	和	he	huo
lusuxian	鲁肃见	0	lusujian	见	jian	xian
luxunxian	陆逊见	0	luxunjian	见	jian	xian
luyandei	卢彦得	0	luyande	得	de	dei
luyuancheng	陆元盛	0	luyuansheng	盛	sheng	cheng
luyuande	陆缘地	0	luyuandi	地	di	de
luzhizhuan	路直传	0	luzhichuan	传	chuan	zhuan
luzhucheng	卢筑盛	0	luzhusheng	盛	sheng	cheng
luzihuo	陆自和	0	luzihe	和	he	huo
lvanji	吕安系	0	lvanxi	系	xi	ji
lvbuxian	吕布见	0	lvbujian	见	jian	xian
lvzhuanzan	吕传赞	0	lvchuanzan	传	chuan	zhuan
lvdaile	吕大乐	0	lvdale	大	da	dai
lvdaiyue	吕大乐	0	lvdale	大	da	dai
lvdayue	吕大乐	0	lvdale	乐	le	yue
lvdaiyu	吕大渝	0	lvdayu	大	da	dai
lvdexiaoguo	绿地效果	0	lvdixiaoguo	地	di	de
lvdeyuntong	氯地孕酮	0	lvdiyuntong	地	di	de
lvtiaoyang	吕调阳	0	lvdiaoyang	调	diao	tiao
lvedefeixing	掠地飞行	0	lvedifeixing	地	di	de
shuaierchengzhang	率而成章	0	lverchengzhang	率	lv	shuai
lveshizhixian	略识之见	0	lveshizhijian	见	jian	xian
shuaigu	率谷	0	lvgu	率	lv	shuai
lvxingde	履行地	0	lvxingdi	地	di	de
lvjitiao	吕季调	0	lvjidiao	调	diao	tiao
lvjuan	铝圈	0	lvquan	圈	quan	juan
shuaituancanjia	率团参加	0	lvtuancanjia	率	lv	shuai
mabenhang	马奔行	0	mabenxing	行	xing	hang
mapianchong	马便冲	0	mabianchong	便	bian	pian
maboliu	马泊六	0	mapoliu	泊	po	bo
machangsheng	马长声	0	mazhangsheng	长	zhang	chang
machaoxian	马超见	0	machaojian	见	jian	xian
mazhaoxu	马朝旭	0	machaoxu	朝	chao	zhao
machongyue	马崇乐	0	machongle	乐	le	yue
machongxi	马重喜	0	mazhongxi	重	zhong	chong
madaihu	马大呼	0	madahu	大	da	dai
madaiming	马大鸣	0	madaming	大	da	dai
madaiting	马大挺	0	madating	大	da	dai
madaiyou	马大猷	0	madayou	大	da	dai
madaizhong	马大中	0	madazhong	大	da	dai
madaoxing	抹刀形	0	modaoxing	抹	mo	ma
madechen	马地臣	0	madichen	地	di	de
madeitai	马得泰	0	madetai	得	de	dei
majiding	马给丁	0	mageiding	给	gei	ji
mahangchi	马行迟	0	maxingchi	行	xing	hang
mahangjie	马行街	0	maxingjie	行	xing	hang
mahuanzhao	马欢著	0	mahuanzhu	著	zhu	zhao
mahuanzhe	马欢著	0	mahuanzhu	著	zhu	zhe
mahuanzhuo	马欢著	0	mahuanzhu	著	zhu	zhuo
manceng	埋层	0	maiceng	埋	mai	man
maidangyue	麦当乐	0	maidangle	乐	le	yue
maidedeng	埋地灯	0	maidideng	地	di	de
mandedeng	埋地灯	0	maidideng	埋	mai	man
mandideng	埋地灯	0	maidideng	埋	mai	man
mandianlan	埋电缆	0	maidianlan	埋	mai	man
maierdengni	麦尔登呢	0	maierdengne	呢	ne	ni
maishuai	脉率	0	mailv	率	lv	shuai
maisheyin	麦折银	0	maizheyin	折	zhe	she
maixiaoxinhuan	买笑寻欢	0	maixiaoxunhuan	寻	xun	xin
maiyicheng	麦已盛	0	maiyisheng	盛	sheng	cheng
manzhi	埋植	0	maizhi	埋	mai	man
majiangji	马缰系	0	majiangxi	系	xi	ji
majingjuan	马颈圈	0	majingquan	圈	quan	juan
makuojian	马适建	0	mashijian	适	shi	kuo
malaixidai	马来西大	0	malaixida	大	da	dai
malianghang	马良行	0	maliangxing	行	xing	hang
maliezhaozuo	马列著作	0	maliezhuzuo	著	zhu	zhao
maliezhezuo	马列著作	0	maliezhuzuo	著	zhu	zhe
maliezhuozuo	马列著作	0	maliezhuzuo	著	zhu	zhuo
mamingzhao	马鸣著	0	mamingzhu	著	zhu	zhao
mamingzhe	马鸣著	0	mamingzhu	著	zhu	zhe
mamingzhuo	马鸣著	0	mamingzhu	著	zhu	zhuo
mamoqi	马万祺	0	mawanqi	万	wan	mo
mamoyong	马万勇	0	mawanyong	万	wan	mo
manzhaogong	满朝公	0	manchaogong	朝	chao	zhao
manzhaoguan	满朝官	0	manchaoguan	朝	chao	zhao
manzhaozhongyi	满朝忠义	0	manchaozhongyi	朝	chao	zhao
mandechou	满地瞅	0	mandichou	地	di	de
mandeila	曼得拉	0	mandela	得	de	dei
mangzhuan	盲传	0	mangchuan	传	chuan	zhuan
mangguogan	芒果乾	0	mangguoqian	乾	qian	gan
manguitiao	满桂调	0	manguidiao	调	diao	tiao
manmanerhang	慢慢而行	0	manmanerxing	行	xing	hang
maochangda	毛长达	0	maozhangda	长	zhang	chang
maodibo	毛涤薄	0	maodibao	薄	bao	bo
maodundipu	矛盾的普	0	maodundepu	的	de	di
maofengcaochang	茅封草长	0	maofengcaozhang	长	zhang	chang
maohuosi	毛和丝	0	maohesi	和	he	huo
maojuan	帽圈	0	maoquan	圈	quan	juan
maomaozhao	毛毛著	0	maomaozhu	著	zhu	zhao
maomaozhe	毛毛著	0	maomaozhu	著	zhu	zhe
maomaozhuo	毛毛著	0	maomaozhu	著	zhu	zhuo
maorubo	毛如柏	0	maorubai	柏	bai	bo
maoshizhuan	毛诗传	0	maoshichuan	传	chuan	zhuan
maozhuacao	猫爪草	0	maozhaocao	爪	zhao	zhua
maozhaozhichou	贸着之仇	0	maozhezhichou	着	zhe	zhao
maozhuozhichou	贸着之仇	0	maozhezhichou	着	zhe	zhuo
mapidai	马屁大	0	mapida	大	da	dai
mapo	抹破	0	mopo	抹	mo	ma
maqianshuaizi	马前率子	0	maqianlvzi	率	lv	shuai
masa	抹摋	0	mosa	抹	mo	ma
maseao	马塞奥	0	masaiao	塞	sai	se
masedao	马塞道	0	masaidao	塞	sai	se
masela	马塞拉	0	masaila	塞	sai	se
maseli	马塞利	0	masaili	塞	sai	se
maseli	马塞里	0	masaili	塞	sai	se
maseta	马塞塔	0	masaita	塞	sai	se
mashanglai	抹上来	0	moshanglai	抹	mo	ma
mashidei	马识得	0	mashide	得	de	dei
mashizhao	马士著	0	mashizhu	著	zhu	zhao
mashizhe	马士著	0	mashizhu	著	zhu	zhe
mashizhuo	马士著	0	mashizhu	著	zhu	zhuo
maside	马斯地	0	masidi	地	di	de
matapanjue	马塔潘角	0	matapanjiao	角	jiao	jue
matengxian	马腾见	0	matengjian	见	jian	xian
maxiankuai	马贤会	0	maxianhui	会	hui	kuai
mayibizi	抹一鼻子	0	moyibizi	抹	mo	ma
mayuxian	马钰见	0	mayujian	见	jian	xian
mazuitan	麻醉弹	0	mazuidan	弹	dan	tan
mobeimaofan	没被冒犯	0	meibeimaofan	没	mei	mo
meishenyuan	美参院	0	meicanyuan	参	can	shen
meidaisi	美大司	0	meidasi	大	da	dai
meideishuode	没得说的	0	meideshuode	得	de	dei
meideishuodi	没得说的	0	meideshuode	得	de	dei
meideshuodi	没得说的	0	meideshuode	的	de	di
modeishuode	没得说的	0	meideshuode	没	mei	mo
modeishuodi	没得说的	0	meideshuode	没	mei	mo
modeshuode	没得说的	0	meideshuode	没	mei	mo
modeshuodi	没得说的	0	meideshuode	没	mei	mo
meidiemoniang	没爹没娘	0	meidiemeiniang	没	mei	mo
modiemeiniang	没爹没娘	0	meidiemeiniang	没	mei	mo
modiemoniang	没爹没娘	0	meidiemeiniang	没	mei	mo
meigancai	梅乾菜	0	meiqiancai	乾	qian	gan
meigancai	霉乾菜	0	meiqiancai	乾	qian	gan
meiguogaochenggongsi	美国高盛公司	0	meiguogaoshenggongsi	盛	sheng	cheng
meiguohuachengdundaxue	美国华盛顿大学	0	meiguohuashengdundaxue	盛	sheng	cheng
mogushanshui	没骨山水	0	meigushanshui	没	mei	mo
mogutou	没骨头	0	meigutou	没	mei	mo
meihuohuzhuan	美和护专	0	meihehuzhuan	和	he	huo
meijianhuo	梅剑和	0	meijianhe	和	he	huo
meiyueda	美乐达	0	meileda	乐	le	yue
meimeisi	梅梅似	0	meimeishi	似	shi	si
monian	没唸	0	meinian	没	mei	mo
moqian	没歉	0	meiqian	没	mei	mo
meiseta	梅塞塔	0	meisaita	塞	sai	se
meiseya	美塞亚	0	meisaiya	塞	sai	se
meiyehangshu	每页行数	0	meiyexingshu	行	xing	hang
meiyichengqing	美意盛情	0	meiyishengqing	盛	sheng	cheng
mozaohua	没造化	0	meizaohua	没	mei	mo
menchongen	门重恩	0	menzhongen	重	zhong	chong
mengbotong	蒙薄桐	0	mengbaotong	薄	bao	bo
mengchenshun	孟称舜	0	mengchengshun	称	cheng	chen
mengchongtucheng	盟重土城	0	mengzhongtucheng	重	zhong	chong
mengdeien	蒙得恩	0	mengdeen	得	de	dei
menghangzheng	梦行症	0	mengxingzheng	行	xing	hang
mengjiahuo	孟家和	0	mengjiahe	和	he	huo
mengjiangzhuan	猛将传	0	mengjiangchuan	传	chuan	zhuan
mengranwujiao	懵然无觉	0	mengranwujue	觉	jue	jiao
mengseer	孟塞尔	0	mengsaier	塞	sai	se
mengsunwu	孟孙恶	0	mengsune	恶	e	wu
mengzikuai	蒙字会	0	mengzihui	会	hui	kuai
menmende	闷闷地	0	menmendi	地	di	de
miaixinhua	觅爱寻花	0	miaixunhua	寻	xun	xin
mianbozhili	棉薄之力	0	mianbaozhili	薄	bao	bo
mianchaozhao	面朝着	0	mianchaozhe	着	zhe	zhao
mianchaozhuo	面朝着	0	mianchaozhe	着	zhe	zhuo
mianmiande	绵绵地	0	mianmiandi	地	di	de
mianshanxinwu	面善心恶	0	mianshanxine	恶	e	wu
mianziqiao	棉籽壳	0	mianzike	壳	ke	qiao
miaoma	描抹	0	miaomo	抹	mo	ma
mibingzhikuai	弭兵之会	0	mibingzhihui	会	hui	kuai
mideilan	密得兰	0	midelan	得	de	dei
miehuotan	灭火弹	0	miehuodan	弹	dan	tan
miyueji	米乐继	0	mileji	乐	le	yue
mimamujian	密码模件	0	mimamojian	模	mo	mu
mimozhong	米万钟	0	miwanzhong	万	wan	mo
mindaihong	闵大洪	0	mindahong	大	da	dai
minduluo	民都洛	0	mindouluo	都	dou	du
mingchangling	明长陵	0	mingzhangling	长	zhang	chang
mingchongji	明重辑	0	mingzhongji	重	zhong	chong
mingzhuannvzi	铭传女子	0	mingchuannvzi	传	chuan	zhuan
mingzhuanshangzhuan	铭传商专	0	mingchuanshangzhuan	传	chuan	zhuan
mingzhuanxueyuan	铭传学院	0	mingchuanxueyuan	传	chuan	zhuan
mingxianche	明见澈	0	mingjianche	见	jian	xian
mingxiangansheng	明降暗升	0	mingjiangansheng	降	jiang	xiang
mingxiangzhou	明降州	0	mingjiangzhou	降	jiang	xiang
mingmo	铭万	0	mingwan	万	wan	mo
mingnisudai	明尼苏大	0	mingnisuda	大	da	dai
mingshuxian	明叔见	0	mingshujian	见	jian	xian
mingshuma	明叔抹	0	mingshumo	抹	mo	ma
mingtingdei	明廷得	0	mingtingde	得	de	dei
mingxinhuo	明心和	0	mingxinhe	和	he	huo
mingye	鸣咽	0	mingyan	咽	yan	ye
minhuowei	民和委	0	minhewei	和	he	huo
minmengkuai	民盟会	0	minmenghui	会	hui	kuai
minrouxian	闵柔见	0	minroujian	见	jian	xian
minshengyuekan	民生乐刊	0	minshenglekan	乐	le	yue
misete	米塞特	0	misaite	塞	sai	se
mitiangaide	弥天盖地	0	mitiangaidi	地	di	de
miuzhuan	谬传	0	miuchuan	传	chuan	zhuan
mobaorui	万宝瑞	0	wanbaorui	万	wan	mo
mobaozhen	万宝镇	0	wanbaozhen	万	wan	mo
mobishu	万毕术	0	wanbishu	万	wan	mo
mobuzhen	万埠镇	0	wanbuzhen	万	wan	mo
mocajue	摩擦角	0	mocajiao	角	jiao	jue
mochaochen	万超尘	0	wanchaochen	万	wan	mo
mochenchen	墨沈沈	0	moshenshen	沈	shen	chen
mochenshen	墨沈沈	0	moshenshen	沈	shen	chen
moshenchen	墨沈沈	0	moshenshen	沈	shen	chen
mochengxi	万盛溪	0	wanshengxi	万	wan	mo
moshengxi	万盛溪	0	wanshengxi	万	wan	mo
wanchengxi	万盛溪	0	wanshengxi	盛	sheng	cheng
mochengzhiguo	万乘之国	0	wanchengzhiguo	万	wan	mo
mochougu	万仇谷	0	wanchougu	万	wan	mo
mochuan	万川	0	wanchuan	万	wan	mo
modage	万大哥	0	wandage	万	wan	mo
modaiping	万大平	0	wandaping	万	wan	mo
modaping	万大平	0	wandaping	万	wan	mo
wandaiping	万大平	0	wandaping	大	da	dai
modaixi	万大溪	0	wandaxi	万	wan	mo
modaxi	万大溪	0	wandaxi	万	wan	mo
wandaixi	万大溪	0	wandaxi	大	da	dai
modefu	万德福	0	wandefu	万	wan	mo
modelai	万德莱	0	wandelai	万	wan	mo
moderong	万德荣	0	wanderong	万	wan	mo
moderun	万德润	0	wanderun	万	wan	mo
modesen	万德森	0	wandesen	万	wan	mo
modezhihuo	模的直和	0	modezhihe	和	he	huo
modizhihe	模的直和	0	modezhihe	的	de	di
modizhihuo	模的直和	0	modezhihe	的	de	di
mudezhihe	模的直和	0	modezhihe	模	mo	mu
mudezhihuo	模的直和	0	modezhihe	模	mo	mu
mudizhihe	模的直和	0	modezhihe	模	mo	mu
mudizhihuo	模的直和	0	modezhihe	模	mo	mu
modiandaguan	万点大关	0	wandiandaguan	万	wan	mo
modie	万叠	0	wandie	万	wan	mo
modui	万堆	0	wandui	万	wan	mo
moduogongqing	万多公顷	0	wanduogongqing	万	wan	mo
moduoguangnian	万多光年	0	wanduoguangnian	万	wan	mo
moduohang	万多行	0	wanduoxing	万	wan	mo
moduoxing	万多行	0	wanduoxing	万	wan	mo
wanduohang	万多行	0	wanduoxing	行	xing	hang
moduojia	万多架	0	wanduojia	万	wan	mo
moduolifangmi	万多立方米	0	wanduolifangmi	万	wan	mo
moduomei	万多枚	0	wanduomei	万	wan	mo
moduopian	万多片	0	wanduopian	万	wan	mo
moduoqianmi	万多千米	0	wanduoqianmi	万	wan	mo
moduoqianwa	万多千瓦	0	wanduoqianwa	万	wan	mo
moduosou	万多艘	0	wanduosou	万	wan	mo
moduoyi	万多亿	0	wanduoyi	万	wan	mo
moduoyimeiyuan	万多亿美元	0	wanduoyimeiyuan	万	wan	mo
moduozun	万多尊	0	wanduozun	万	wan	mo
mofu	万府	0	wanfu	万	wan	mo
mofuchang	万夫长	0	wanfuzhang	万	wan	mo
mofuzhang	万夫长	0	wanfuzhang	万	wan	mo
wanfuchang	万夫长	0	wanfuzhang	长	zhang	chang
mofuxia	万佛峡	0	wanfuxia	万	wan	mo
wanguchangxin	万古长新	0	wanguzhangxin	长	zhang	chang
mogui	万圭	0	wangui	万	wan	mo
mohaili	万海里	0	wanhaili	万	wan	mo
mohesheng	万鹤声	0	wanhesheng	万	wan	mo
mohongqiang	万红强	0	wanhongqiang	万	wan	mo
mohongqianzi	万红千紫	0	wanhongqianzi	万	wan	mo
mohouliang	万厚良	0	wanhouliang	万	wan	mo
mohuadie	万华蝶	0	wanhuadie	万	wan	mo
mohuanying	万欢英	0	wanhuanying	万	wan	mo
mohuaqu	万华区	0	wanhuaqu	万	wan	mo
mohuazhan	万华站	0	wanhuazhan	万	wan	mo
mohuazheng	万华正	0	wanhuazheng	万	wan	mo
mohuazhengyan	万花争艳	0	wanhuazhengyan	万	wan	mo
mohuazhi	万化之	0	wanhuazhi	万	wan	mo
mohuchao	万笏朝	0	wanhuchao	万	wan	mo
mohuzhao	万笏朝	0	wanhuchao	万	wan	mo
wanhuzhao	万笏朝	0	wanhuchao	朝	chao	zhao
mohuquanyuan	万斛泉源	0	wanhuquanyuan	万	wan	mo
mujia	模架	0	mojia	模	mo	mu
mojiale	万佳乐	0	wanjiale	万	wan	mo
mojiayue	万佳乐	0	wanjiale	万	wan	mo
wanjiayue	万佳乐	0	wanjiale	乐	le	yue
mojianchuanshen	万箭穿身	0	wanjianchuanshen	万	wan	mo
mojuezao	墨角藻	0	mojiaozao	角	jiao	jue
mojiaxiang	万家香	0	wanjiaxiang	万	wan	mo
mojiazhai	万家寨	0	wanjiazhai	万	wan	mo
mojiebuyu	万劫不渝	0	wanjiebuyu	万	wan	mo
mojieding	万杰鼎	0	wanjieding	万	wan	mo
mojieqi	万劫棋	0	wanjieqi	万	wan	mo
mojieyiyuan	万杰医院	0	wanjieyiyuan	万	wan	mo
mojingwang	万景网	0	wanjingwang	万	wan	mo
mojunju	万钧巨	0	wanjunju	万	wan	mo
mojunshen	万钧神	0	wanjunshen	万	wan	mo
mojunzhili	万钧之力	0	wanjunzhili	万	wan	mo
mukuaidianyuan	模块电源	0	mokuaidianyuan	模	mo	mu
mukuaihao	模块号	0	mokuaihao	模	mo	mu
mukuaijiekou	模块接口	0	mokuaijiekou	模	mo	mu
molante	万兰特	0	wanlante	万	wan	mo
moli	万粒	0	wanli	万	wan	mo
molida	万利达	0	wanlida	万	wan	mo
mulidaishu	模李代数	0	molidaishu	模	mo	mu
molidianchi	万里电池	0	wanlidianchi	万	wan	mo
molila	万里拉	0	wanlila	万	wan	mo
moliqingkong	万里晴空	0	wanliqingkong	万	wan	mo
molixueyuan	万里学院	0	wanlixueyuan	万	wan	mo
moliyibi	万里一碧	0	wanliyibi	万	wan	mo
molvjuqing	万虑俱清	0	wanlvjuqing	万	wan	mo
momazhuang	万马庄	0	wanmazhuang	万	wan	mo
momingjian	万明坚	0	wanmingjian	万	wan	mo
momu	万幕	0	wanmu	万	wan	mo
momulin	万木林	0	wanmulin	万	wan	mo
monamu	万纳姆	0	wannamu	万	wan	mo
mopin	万品	0	wanpin	万	wan	mo
wanqianchong	万千重	0	wanqianzhong	重	zhong	chong
moqiang	万枪	0	wanqiang	万	wan	mo
muqieji	模切机	0	moqieji	模	mo	mu
moqinglan	万庆澜	0	wanqinglan	万	wan	mo
morenchuanshi	万人传实	0	wanrenchuanshi	万	wan	mo
morenzhuanshi	万人传实	0	wanrenchuanshi	万	wan	mo
wanrenzhuanshi	万人传实	0	wanrenchuanshi	传	chuan	zhuan
morengaoshan	万仞高山	0	wanrengaoshan	万	wan	mo
morenhong	万仁宏	0	wanrenhong	万	wan	mo
morenxuan	万仞玄	0	wanrenxuan	万	wan	mo
morongxian	万荣县	0	wanrongxian	万	wan	mo
moseerbei	莫塞尔贝	0	mosaierbei	塞	sai	se
moseli	莫塞利	0	mosaili	塞	sai	se
mosanbiji	莫三鼻给	0	mosanbigei	给	gei	ji
mosanqianhu	万三千户	0	wansanqianhu	万	wan	mo
mushangfuxing	模上复形	0	moshangfuxing	模	mo	mu
moshe	万蛇	0	wanshe	万	wan	mo
moshedaiti	莫折大提	0	mozhedati	折	zhe	she
moshedati	莫折大提	0	mozhedati	折	zhe	she
mozhedaiti	莫折大提	0	mozhedati	大	da	dai
moshenggong	万圣宫	0	wanshenggong	万	wan	mo
moshibo	万师伯	0	wanshibo	万	wan	mo
moshidi	万师弟	0	wanshidi	万	wan	mo
moshihe	万士和	0	wanshihe	万	wan	mo
moshihuo	万士和	0	wanshihe	万	wan	mo
wanshihuo	万士和	0	wanshihe	和	he	huo
moshisao	万师嫂	0	wanshisao	万	wan	mo
moshizide	磨石子地	0	moshizidi	地	di	de
moshoucheng	墨守盛	0	moshousheng	盛	sheng	cheng
moshougeng	万寿羹	0	wanshougeng	万	wan	mo
moshouguan	万寿观	0	wanshouguan	万	wan	mo
moshoumen	万寿门	0	wanshoumen	万	wan	mo
moshousheng	万寿圣	0	wanshousheng	万	wan	mo
moshouzhiwang	万兽之王	0	wanshouzhiwang	万	wan	mo
mushuzhuanhuanqi	模数转换器	0	moshuzhuanhuanqi	模	mo	mu
mosiqianyuli	万四千余里	0	wansiqianyuli	万	wan	mo
mosiquan	万嗣铨	0	wansiquan	万	wan	mo
mosizhao	莫斯著	0	mosizhu	著	zhu	zhao
mosizhe	莫斯著	0	mosizhu	著	zhu	zhe
mosizhuo	莫斯著	0	mosizhu	著	zhu	zhuo
mosonglin	万松林	0	wansonglin	万	wan	mo
mosongpu	万松浦	0	wansongpu	万	wan	mo
mosuijuji	万穗俱寂	0	wansuijuji	万	wan	mo
musukeji	模塑科技	0	mosukeji	模	mo	mu
mutexuexiao	模特学校	0	motexuexiao	模	mo	mu
mutian	模天	0	motian	模	mo	mu
mutifu	模体符	0	motifu	模	mo	mu
mutongtai	模同态	0	motongtai	模	mo	mu
motoucuandong	万头窜动	0	wantoucuandong	万	wan	mo
mouchenxun	缪称训	0	mouchengxun	称	cheng	chen
muwenji	模温机	0	mowenji	模	mo	mu
moxiangjituan	万向集团	0	wanxiangjituan	万	wan	mo
moxianglun	万向轮	0	wanxianglun	万	wan	mo
moxirun	万希润	0	wanxirun	万	wan	mo
moxuanrong	万选蓉	0	wanxuanrong	万	wan	mo
moxuewen	万学文	0	wanxuewen	万	wan	mo
moxueyuan	万学远	0	wanxueyuan	万	wan	mo
muyaji	模压机	0	moyaji	模	mo	mu
muyamen	模压门	0	moyamen	模	mo	mu
moyangu	万烟谷	0	wanyangu	万	wan	mo
moyanyuan	万延元	0	wanyanyuan	万	wan	mo
moyidu	万亿度	0	wanyidu	万	wan	mo
moyifalang	万亿法郎	0	wanyifalang	万	wan	mo
moyihanyuan	万亿韩元	0	wanyihanyuan	万	wan	mo
moyilila	万亿里拉	0	wanyilila	万	wan	mo
moyimi	万亿米	0	wanyimi	万	wan	mo
moyinglingyao	万应灵药	0	wanyinglingyao	万	wan	mo
moyiqianmi	万亿千米	0	wanyiqianmi	万	wan	mo
moyiqianwa	万亿千瓦	0	wanyiqianwa	万	wan	mo
moyiqianwashi	万亿千瓦时	0	wanyiqianwashi	万	wan	mo
moyisesi	莫伊塞斯	0	moyisaisi	塞	sai	se
moyongdao	万用刀	0	wanyongdao	万	wan	mo
moyongdianbiao	万用电表	0	wanyongdianbiao	万	wan	mo
moyongnian	万永年	0	wanyongnian	万	wan	mo
moyongshouce	万用手册	0	wanyongshouce	万	wan	mo
moyuanxian	万源县	0	wanyuanxian	万	wan	mo
moyuechao	万岳朝	0	wanyuechao	万	wan	mo
moyuezhao	万岳朝	0	wanyuechao	万	wan	mo
wanyuezhao	万岳朝	0	wanyuechao	朝	chao	zhao
moyufen	万余份	0	wanyufen	万	wan	mo
moyufu	万余副	0	wanyufu	万	wan	mo
moyugongqing	万余公顷	0	wanyugongqing	万	wan	mo
moyuju	万余具	0	wanyuju	万	wan	mo
moyukuai	万余块	0	wanyukuai	万	wan	mo
moyumen	万余门	0	wanyumen	万	wan	mo
moyunlong	万云龙	0	wanyunlong	万	wan	mo
moyuqianmi	万余千米	0	wanyuqianmi	万	wan	mo
muzaozhi	模造纸	0	mozaozhi	模	mo	mu
moze	万则	0	wanze	万	wan	mo
mozedi	万泽蒂	0	wanzedi	万	wan	mo
mozhenshan	万震山	0	wanzhenshan	万	wan	mo
muzhipin	模制品	0	mozhipin	模	mo	mu
mozhongfengzi	万种风姿	0	wanzhongfengzi	万	wan	mo
mozhouhao	万洲号	0	wanzhouhao	万	wan	mo
mozihao	万字号	0	wanzihao	万	wan	mo
mozihua	万紫花	0	wanzihua	万	wan	mo
mozilang	万紫朗	0	wanzilang	万	wan	mo
moziliang	万梓良	0	wanziliang	万	wan	mo
muzuhua	模组化	0	mozuhua	模	mo	mu
mozuqi	万足齐	0	wanzuqi	万	wan	mo
mudaiyuan	慕大元	0	mudayuan	大	da	dai
mutan	母弹	0	mudan	弹	dan	tan
muerzhao	木儿朝	0	muerchao	朝	chao	zhao
muliaohang	木料行	0	muliaoxing	行	xing	hang
muluxin	母鹿寻	0	muluxun	寻	xun	xin
mumozha	姆万扎	0	muwanzha	万	wan	mo
mumudi	木木的	0	mumude	的	de	di
murongfuxian	慕容复见	0	murongfujian	见	jian	xian
musaise	木塞塞	0	musaisai	塞	sai	se
mushise	木石塞	0	mushisai	塞	sai	se
muzhidaichui	木制大槌	0	muzhidachui	大	da	dai
muzikuai	母姊会	0	muzihui	会	hui	kuai
nabingchang	那柄长	0	nabingzhang	长	zhang	chang
nashenling	那参领	0	nacanling	参	can	shen
nachanghan	那长汉	0	nazhanghan	长	zhang	chang
nachangmei	那长眉	0	nazhangmei	长	zhang	chang
nazhaofeng	那朝奉	0	nachaofeng	朝	chao	zhao
nadichushou	拿的出手	0	nadechushou	的	de	di
nawuseng	那恶僧	0	naeseng	恶	e	wu
nakuaizi	哪会子	0	nahuizi	会	hui	kuai
nakekuai	纳克会	0	nakehui	会	hui	kuai
namingshen	那名参	0	namingcan	参	can	shen
namofu	那万夫	0	nawanfu	万	wan	mo
namoji	纳万基	0	nawanji	万	wan	mo
namosheng	那万圣	0	nawansheng	万	wan	mo
nanchenzaozhen	南沈灶镇	0	nanshenzaozhen	沈	shen	chen
nanzhuanshangzuo	南传上座	0	nanchuanshangzuo	传	chuan	zhuan
nanfangdaigang	南方大港	0	nanfangdagang	大	da	dai
nangeti	南隔堤	0	nangedi	堤	di	ti
nanhangzhen	南行镇	0	nanxingzhen	行	xing	hang
nanjindejian	南金地箭	0	nanjindijian	地	di	de
nankaidaxuelishiji	南开大学历史系	0	nankaidaxuelishixi	系	xi	ji
nankaidaxuezhongwenji	南开大学中文系	0	nankaidaxuezhongwenxi	系	xi	ji
nanlaji	南落基	0	nanluoji	落	luo	la
nanliangbeitiao	南粮北调	0	nanliangbeidiao	调	diao	tiao
nanluodeixi	南罗得西	0	nanluodexi	得	de	dei
nanshijue	南势角	0	nanshijiao	角	jiao	jue
nanxiangzhao	南湘朝	0	nanxiangchao	朝	chao	zhao
naokuai	臑会	0	naohui	会	hui	kuai
naoliaoguiqi	闹了归齐	0	naoleguiqi	了	le	liao
nashebu	纳折布	0	nazhebu	折	zhe	she
nasunhang	那孙行	0	nasunxing	行	xing	hang
naxianchang	那仙长	0	naxianzhang	长	zhang	chang
neicunmukuai	内存模块	0	neicunmokuai	模	mo	mu
neicuojue	内错角	0	neicuojiao	角	jiao	jue
neimugongzhen	内模共振	0	neimogongzhen	模	mo	mu
nenchangnenda	恁长恁大	0	nenzhangnenda	长	zhang	chang
nenchangnendai	恁长恁大	0	nenzhangnenda	长	zhang	chang
nenzhangnendai	恁长恁大	0	nenzhangnenda	大	da	dai
nengshenxiang	能参详	0	nengcanxiang	参	can	shen
nengchangsheng	能长胜	0	nengzhangsheng	长	zhang	chang
nengchongli	能重立	0	nengzhongli	重	zhong	chong
nengdaizeda	能大则大	0	nengdazeda	大	da	dai
nengdaizedai	能大则大	0	nengdazeda	大	da	dai
nengdazedai	能大则大	0	nengdazeda	大	da	dai
nengdeihong	能得洪	0	nengdehong	得	de	dei
nengfengchang	能丰长	0	nengfengzhang	长	zhang	chang
niandeita	尼安得塔	0	niandeta	得	de	dei
nianji	唸给	0	niangei	给	gei	ji
nianshiyidai	年事已大	0	nianshiyida	大	da	dai
nichengshuai	逆程率	0	nichenglv	率	lv	shuai
niehejue	啮合角	0	niehejiao	角	jiao	jue
nieqiangnatiao	捏腔拿调	0	nieqiangnadiao	调	diao	tiao
niewozhao	捏握着	0	niewozhe	着	zhe	zhao
niewozhuo	捏握着	0	niewozhe	着	zhe	zhuo
niezhao	蹑着	0	niezhe	着	zhe	zhao
niezhuo	蹑着	0	niezhe	着	zhe	zhuo
niezhaojiao	蹑着脚	0	niezhejiao	着	zhe	zhao
niezhuojiao	蹑着脚	0	niezhejiao	着	zhe	zhuo
niezuerhang	蹑足而行	0	niezuerxing	行	xing	hang
nikechami	尼可刹米	0	nikeshami	刹	sha	cha
nikekuai	尼克会	0	nikehui	会	hui	kuai
niliude	逆流地	0	niliudi	地	di	de
ninggongzhao	宁宫朝	0	ninggongchao	朝	chao	zhao
ninggongzhuan	宁宫传	0	ninggongchuan	传	chuan	zhuan
ningjinbo	宁晋泊	0	ningjinpo	泊	po	bo
ningxieji	凝血剂	0	ningxueji	血	xue	xie
ningxiewan	凝血烷	0	ningxuewan	血	xue	xie
ningyuanjiao	宁远觉	0	ningyuanjue	觉	jue	jiao
niudeicao	牛得草	0	niudecao	得	de	dei
niudunxieshuai	牛顿斜率	0	niudunxielv	率	lv	shuai
niujueling	扭角羚	0	niujiaoling	角	jiao	jue
niumocai	牛万才	0	niuwancai	万	wan	mo
niushewei	扭折位	0	niuzhewei	折	zhe	she
niuyueaiyueyuetuan	纽约爱乐乐团	0	niuyueaileyuetuan	乐	le	yue
niuzhenggan	牛正乾	0	niuzhengqian	乾	qian	gan
nizhiyu	倪徵燠	0	nizhengyu	徵	zheng	zhi
nongdechonghua	农地重划	0	nongdizhonghua	地	di	de
nongdezhonghua	农地重划	0	nongdizhonghua	地	di	de
nongdichonghua	农地重划	0	nongdizhonghua	重	zhong	chong
nongjingji	农经系	0	nongjingxi	系	xi	ji
nongkedai	农科大	0	nongkeda	大	da	dai
nonglintingchang	农林厅长	0	nonglintingzhang	长	zhang	chang
nongxiezheng	浓血症	0	nongxuezheng	血	xue	xie
nuanhuo	煖和	0	nuanhe	和	he	huo
ouankuai	欧安会	0	ouanhui	会	hui	kuai
oulichong	欧力重	0	oulizhong	重	zhong	chong
ouweikuai	欧委会	0	ouweihui	会	hui	kuai
ouxinlixie	沤心沥血	0	ouxinlixue	血	xue	xie
ouyangfenghang	欧阳锋行	0	ouyangfengxing	行	xing	hang
ouyangfengmo	欧阳锋万	0	ouyangfengwan	万	wan	mo
ouyangkedai	欧阳克大	0	ouyangkeda	大	da	dai
ouyangkexian	欧阳克见	0	ouyangkejian	见	jian	xian
ouyangtiandu	欧阳天都	0	ouyangtiandou	都	dou	du
ouyouzhihang	欧游之行	0	ouyouzhixing	行	xing	hang
pabuea	怕布哦啊	0	pabuoa	哦	o	e
paipianxunlian	排便训练	0	paibianxunlian	便	bian	pian
paideili	拍得丽	0	paideli	得	de	dei
pakejuan	帕克圈	0	pakequan	圈	quan	juan
palise	帕利塞	0	palisai	塞	sai	se
pandeya	潘地亚	0	pandiya	地	di	de
pangde	耪地	0	pangdi	地	di	de
pangenwende	盘根问地	0	pangenwendi	地	di	de
pangjiqin	旁系亲	0	pangxiqin	系	xi	ji
pangmochun	庞万春	0	pangwanchun	万	wan	mo
pangwendai	庞文大	0	pangwenda	大	da	dai
pangyundai	庞云大	0	pangyunda	大	da	dai
panhuanzhao	盘桓着	0	panhuanzhe	着	zhe	zhao
panhuanzhuo	盘桓着	0	panhuanzhe	着	zhe	zhuo
panjiabo	潘家蕃	0	panjiafan	蕃	fan	bo
panmeixiao	潘美削	0	panmeixue	削	xue	xiao
panneicheng	盘内盛	0	panneisheng	盛	sheng	cheng
panpinmu	潘频模	0	panpinmo	模	mo	mu
panraozhao	盘绕着	0	panraozhe	着	zhe	zhao
panraozhuo	盘绕着	0	panraozhe	着	zhe	zhuo
panshankuai	攀山会	0	panshanhui	会	hui	kuai
panwendei	潘文得	0	panwende	得	de	dei
panzhongcheng	盘中盛	0	panzhongsheng	盛	sheng	cheng
panzuozhao	盘坐着	0	panzuozhe	着	zhe	zhao
panzuozhuo	盘坐着	0	panzuozhe	着	zhe	zhuo
paotangerdi	跑堂儿的	0	paotangerde	的	de	di
paoxiaode	咆哮地	0	paoxiaodi	地	di	de
pateleise	帕特雷塞	0	pateleisai	塞	sai	se
paxingji	帕邢系	0	paxingxi	系	xi	ji
pazima	帕子抹	0	pazimo	抹	mo	ma
peidaizhao	佩带着	0	peidaizhe	着	zhe	zhao
peidaizhuo	佩带着	0	peidaizhe	着	zhe	zhuo
peifushuai	赔付率	0	peifulv	率	lv	shuai
pengshenjiang	彭参将	0	pengcanjiang	参	can	shen
pensazhao	喷洒着	0	pensazhe	着	zhe	zhao
pensazhuo	喷洒着	0	pensazhe	着	zhe	zhuo
penxiangdi	喷香的	0	penxiangde	的	de	di
penxie	喷血	0	penxue	血	xue	xie
penzhaoqi	喷着气	0	penzheqi	着	zhe	zhao
penzhuoqi	喷着气	0	penzheqi	着	zhe	zhuo
pianguzhao	偏顾着	0	pianguzhe	着	zhe	zhao
pianguzhuo	偏顾着	0	pianguzhe	着	zhe	zhuo
pianhuzhao	偏护着	0	pianhuzhe	着	zhe	zhao
pianhuzhuo	偏护着	0	pianhuzhe	着	zhe	zhuo
piaowuzhao	飘舞着	0	piaowuzhe	着	zhe	zhao
piaowuzhuo	飘舞着	0	piaowuzhe	着	zhe	zhuo
pizhuanshi	皮传示	0	pichuanshi	传	chuan	zhuan
pidianjuan	皮垫圈	0	pidianquan	圈	quan	juan
pigaizhao	披盖着	0	pigaizhe	着	zhe	zhao
pigaizhuo	披盖着	0	pigaizhe	着	zhe	zhuo
pilitan	霹雳弹	0	pilidan	弹	dan	tan
pimaozhixian	皮毛之见	0	pimaozhijian	见	jian	xian
pingdainu	平大怒	0	pingdanu	大	da	dai
pingdingzhichen	评定职称	0	pingdingzhicheng	称	cheng	chen
pingxingliji	平行力系	0	pingxinglixi	系	xi	ji
pingmiantiaoche	平面调车	0	pingmiandiaoche	调	diao	tiao
pingwozhao	平卧着	0	pingwozhe	着	zhe	zhao
pingwozhuo	平卧着	0	pingwozhe	着	zhe	zhuo
pinyoutan	贫铀弹	0	pinyoudan	弹	dan	tan
pishizhao	批示着	0	pishizhe	着	zhe	zhao
pishizhuo	批示着	0	pishizhe	着	zhe	zhuo
pixiao	劈削	0	pixue	削	xue	xiao
pofushengchan	剖腹生产	0	poufushengchan	剖	pou	po
pofuzisha	剖腹自杀	0	poufuzisha	剖	pou	po
poganlidan	剖肝沥胆	0	pouganlidan	剖	pou	po
pohaoximang	剖毫析芒	0	pouhaoximang	剖	pou	po
pojiatan	破甲弹	0	pojiadan	弹	dan	tan
pojueruliu	剖决如流	0	poujueruliu	剖	pou	po
poluomenshen	婆罗门参	0	poluomencan	参	can	shen
pomianfa	剖面法	0	poumianfa	剖	pou	po
pomianxingshi	剖面形式	0	poumianxingshi	剖	pou	po
poseer	珀塞尔	0	posaier	塞	sai	se
poshi	剖释	0	poushi	剖	pou	po
poshitu	剖示图	0	poushitu	剖	pou	po
posuishuai	破碎率	0	posuilv	率	lv	shuai
poxigandan	剖析肝胆	0	pouxigandan	剖	pou	po
poxinchegan	剖心坼肝	0	pouxinchegan	剖	pou	po
poxinxidan	剖心析胆	0	pouxinxidan	剖	pou	po
poxinxigan	剖心析肝	0	pouxinxigan	剖	pou	po
poxiruwei	剖析入微	0	pouxiruwei	剖	pou	po
poxuanxiwei	剖玄析微	0	pouxuanxiwei	剖	pou	po
poyouxiwei	剖幽析微	0	pouyouxiwei	剖	pou	po
pushen	仆参	0	pucan	参	can	shen
pudeyuan	铺地园	0	pudiyuan	地	di	de
pufengdeji	普丰德系	0	pufengdexi	系	xi	ji
pukuochangliang	普适常量	0	pushichangliang	适	shi	kuo
puleizhao	普勒著	0	puleizhu	著	zhu	zhao
puleizhe	普勒著	0	puleizhu	著	zhu	zhe
puleizhuo	普勒著	0	puleizhu	著	zhu	zhuo
puxianmo	蒲鲜万	0	puxianwan	万	wan	mo
puyizhao	溥仪朝	0	puyichao	朝	chao	zhao
qianbabaijiushijiumoyuliang	千八百九十九万余两	0	qianbabaijiushijiuwanyuliang	万	wan	mo
qianbeimozhan	千杯万盏	0	qianbeiwanzhan	万	wan	mo
qianchongyin	钱重银	0	qianzhongyin	重	zhong	chong
qiancunmohu	千村万户	0	qiancunwanhu	万	wan	mo
qiandeweiliang	迁地为良	0	qiandiweiliang	地	di	de
qianfenshuai	千分率	0	qianfenlv	率	lv	shuai
qiangdisonglong	强的松龙	0	qiangdesonglong	的	de	di
qianghuaji	强化系	0	qianghuaxi	系	xi	ji
qiangjue	强角	0	qiangjiao	角	jiao	jue
qianguazhao	牵挂着	0	qianguazhe	着	zhe	zhao
qianguazhuo	牵挂着	0	qianguazhe	着	zhe	zhuo
qiangxiangbala	枪响靶落	0	qiangxiangbaluo	落	luo	la
qiangyaotanyu	枪爻弹雨	0	qiangyaodanyu	弹	dan	tan
qianjiayue	钱嘉乐	0	qianjiale	乐	le	yue
qianjiayue	钱家乐	0	qianjiale	乐	le	yue
qianjianboshi	浅见薄识	0	qianjianbaoshi	薄	bao	bo
qianjiazhi	钱嘉徵	0	qianjiazheng	徵	zheng	zhi
qianjunyidei	千军易得	0	qianjunyide	得	de	dei
qianlazhao	牵拉着	0	qianlazhe	着	zhe	zhao
qianlazhuo	牵拉着	0	qianlazhe	着	zhe	zhuo
qianmu	铅模	0	qianmo	模	mo	mu
qianqianweihuan	欠钱未还	0	qianqianweihai	还	hai	huan
qianqiaomo	千巧万	0	qianqiaowan	万	wan	mo
qianquezhao	欠缺着	0	qianquezhe	着	zhe	zhao
qianquezhuo	欠缺着	0	qianquezhe	着	zhe	zhuo
qianselei	钱塞勒	0	qiansailei	塞	sai	se
qianseji	浅色系	0	qiansexi	系	xi	ji
qiansuyue	钱肃乐	0	qiansule	乐	le	yue
qianyueshuai	签约率	0	qianyuelv	率	lv	shuai
qianzhaiweihuan	欠债未还	0	qianzhaiweihai	还	hai	huan
qianzhangweihuan	欠帐未还	0	qianzhangweihai	还	hai	huan
qiaobonian	乔柏年	0	qiaobainian	柏	bai	bo
qiaodaihang	乔大夯	0	qiaodahang	大	da	dai
qiaofenghang	乔峰行	0	qiaofengxing	行	xing	hang
qiaomaiqiao	荞麦壳	0	qiaomaike	壳	ke	qiao
qiaomuqiao	乔模乔	0	qiaomoqiao	模	mo	mu
qiaopuyue	乔普乐	0	qiaopule	乐	le	yue
qiaoqianchengyan	乔迁盛宴	0	qiaoqianshengyan	盛	sheng	cheng
qiaoweikuai	侨委会	0	qiaoweihui	会	hui	kuai
qiaozhao	撬着	0	qiaozhe	着	zhe	zhao
qiaozhuo	撬着	0	qiaozhe	着	zhe	zhuo
qiaozhao	跷着	0	qiaozhe	着	zhe	zhao
qiaozhuo	跷着	0	qiaozhe	着	zhe	zhuo
qiaozhihuacheng	乔治华盛	0	qiaozhihuasheng	盛	sheng	cheng
qiaozuerdei	跷足而得	0	qiaozuerde	得	de	dei
qiawenboxian	洽闻博见	0	qiawenbojian	见	jian	xian
qiawenqiangxian	洽闻强见	0	qiawenqiangjian	见	jian	xian
qibaibashiermosanqianliang	七百八十二万三千两	0	qibaibashierwansanqianliang	万	wan	mo
qibaisanshiyumoliang	七百三十余万两	0	qibaisanshiyuwanliang	万	wan	mo
qibaiyishiduomoliang	七百一十多万两	0	qibaiyishiduowanliang	万	wan	mo
qibamoyuan	七八万元	0	qibawanyuan	万	wan	mo
qicaihang	器材行	0	qicaixing	行	xing	hang
qizhuanbinghai	气传病害	0	qichuanbinghai	传	chuan	zhuan
qicuoyizhao	棋错一着	0	qicuoyizhe	着	zhe	zhao
qicuoyizhuo	棋错一着	0	qicuoyizhe	着	zhe	zhuo
qidaixie	脐带血	0	qidaixue	血	xue	xie
qidaizhu	漆大柱	0	qidazhu	大	da	dai
qiduanquchang	弃短取长	0	qiduanquzhang	长	zhang	chang
qiwubifa	其恶必罚	0	qiebifa	恶	e	wu
qiechushuai	切除率	0	qiechulv	率	lv	shuai
qiedei	窃得	0	qiede	得	de	dei
qierkuai	齐儿会	0	qierhui	会	hui	kuai
qiexiaojue	切削角	0	qiexiaojiao	角	jiao	jue
qifangxian	戚芳见	0	qifangjian	见	jian	xian
qigan	奇乾	0	qiqian	乾	qian	gan
qigedei	齐哥得	0	qigede	得	de	dei
qihangshi	七行诗	0	qixingshi	行	xing	hang
qihuoqin	齐和秦	0	qiheqin	和	he	huo
qihuoyan	齐和燕	0	qiheyan	和	he	huo
qijinde	起劲地	0	qijindi	地	di	de
qiqiao	气壳	0	qike	壳	ke	qiao
qikongshuai	气孔率	0	qikonglv	率	lv	shuai
qileyue	齐乐乐	0	qilele	乐	le	yue
qiyuele	齐乐乐	0	qilele	乐	le	yue
qiyueyue	齐乐乐	0	qilele	乐	le	yue
qiliuhuo	祁六和	0	qiliuhe	和	he	huo
qimaxinma	骑马寻马	0	qimaxunma	寻	xun	xin
qimuchang	气模厂	0	qimochang	模	mo	mu
qimoduopingfanggongli	七万多平方公里	0	qiwanduopingfanggongli	万	wan	mo
qimoerqianliubaijiushichu	七万二千六百九十处	0	qiwanerqianliubaijiushichu	万	wan	mo
qimojia	七万家	0	qiwanjia	万	wan	mo
qimoliuqianding	七万六千锭	0	qiwanliuqianding	万	wan	mo
qinchanggui	秦长贵	0	qinzhanggui	长	zhang	chang
qinchangjiao	秦长脚	0	qinzhangjiao	长	zhang	chang
qinchenzhuanxian	秦沈专线	0	qinshenzhuanxian	沈	shen	chen
qindianchongpai	亲电重排	0	qindianzhongpai	重	zhong	chong
qingcaichongtu	轻财重土	0	qingcaizhongtu	重	zhong	chong
qingdaimeisu	庆大霉素	0	qingdameisu	大	da	dai
qingdejing	青地境	0	qingdijing	地	di	de
qingfukuai	青辅会	0	qingfuhui	会	hui	kuai
qinghuadaxuedianjiji	清华大学电机系	0	qinghuadaxuedianjixi	系	xi	ji
qinghuadaxuedianzigongchengji	清华大学电子工程系	0	qinghuadaxuedianzigongchengxi	系	xi	ji
qinghuadaxuehuaxueji	清华大学化学系	0	qinghuadaxuehuaxuexi	系	xi	ji
qinghuadaxueshengwuji	清华大学生物系	0	qinghuadaxueshengwuxi	系	xi	ji
qinghuadaxueshuiliji	清华大学水利系	0	qinghuadaxueshuilixi	系	xi	ji
qinghuadaxuetumugongchengji	清华大学土木工程系	0	qinghuadaxuetumugongchengxi	系	xi	ji
qinglichongyi	轻利重义	0	qinglizhongyi	重	zhong	chong
qingshuaideshuo	轻率地说	0	qingshuaidishuo	地	di	de
qingpenerxiang	倾盆而降	0	qingpenerjiang	降	jiang	xiang
qingqiakuai	青洽会	0	qingqiahui	会	hui	kuai
qingqingtan	氢氰弹	0	qingqingdan	弹	dan	tan
qingsechongyi	轻色重义	0	qingsezhongyi	重	zhong	chong
qingshichongbao	轻事重报	0	qingshizhongbao	重	zhong	chong
qingtiandailou	擎天大楼	0	qingtiandalou	大	da	dai
qingwenchongwu	轻文重武	0	qingwenzhongwu	重	zhong	chong
qingxinsiyu	清心似玉	0	qingxinshiyu	似	shi	si
qingyishenchong	情义深重	0	qingyishenzhong	重	zhong	chong
qingyishenchong	情意深重	0	qingyishenzhong	重	zhong	chong
qingzhenyichang	情真意长	0	qingzhenyizhang	长	zhang	chang
qingzuichongpan	轻罪重判	0	qingzuizhongpan	重	zhong	chong
qinhangyin	秦行音	0	qinxingyin	行	xing	hang
qinhuozhao	秦和赵	0	qinhezhao	和	he	huo
qinhuarijunnanjingdaitushayunantongbaojinianguan	侵华日军南京大屠杀遇难同胞纪念馆	0	qinhuarijunnanjingdatushayunantongbaojinianguan	大	da	dai
qinmingdei	秦明得	0	qinmingde	得	de	dei
qinmingxian	秦明见	0	qinmingjian	见	jian	xian
qinshuhang	秦蜀行	0	qinshuxing	行	xing	hang
qinzhenzhao	秦震朝	0	qinzhenchao	朝	chao	zhao
qinzhenyue	秦震乐	0	qinzhenle	乐	le	yue
qiongzuiwushe	穷嘴恶舌	0	qiongzuieshe	恶	e	wu
qipaiyue	棋牌乐	0	qipaile	乐	le	yue
qiqianduomokou	七千多万口	0	qiqianduowankou	万	wan	mo
qirenzhao	齐人著	0	qirenzhu	著	zhu	zhao
qirenzhe	齐人著	0	qirenzhu	著	zhu	zhe
qirenzhuo	齐人著	0	qirenzhu	著	zhu	zhuo
qishiduomojian	七十多万件	0	qishiduowanjian	万	wan	mo
qishiermo	七十二万	0	qishierwan	万	wan	mo
qishisanmoliang	七十三万两	0	qishisanwanliang	万	wan	mo
qishiyimo	七十一万	0	qishiyiwan	万	wan	mo
qishiyumo	七十余万	0	qishiyuwan	万	wan	mo
qishiyumojin	七十余万斤	0	qishiyuwanjin	万	wan	mo
qitiandaichi	奇天大耻	0	qitiandachi	大	da	dai
qitianyue	齐天乐	0	qitianle	乐	le	yue
qiuzhaozhen	邱朝震	0	qiuchaozhen	朝	chao	zhao
qiuchengrong	裘盛戎	0	qiushengrong	盛	sheng	cheng
qiudaibang	裘大帮	0	qiudabang	大	da	dai
qiudeiyong	邱得用	0	qiudeyong	得	de	dei
qiumianjue	球面角	0	qiumianjiao	角	jiao	jue
qiumianxiangchai	球面象差	0	qiumianxiangcha	差	cha	chai
qiumohe	丘万壑	0	qiuwanhe	万	wan	mo
quandaijing	权大惊	0	quandajing	大	da	dai
quanguoaiweikuai	全国爱卫会	0	quanguoaiweihui	会	hui	kuai
quanguorendachangweikuaibangongting	全国人大常委会办公厅	0	quanguorendachangweihuibangongting	会	hui	kuai
quanguorendachangweikuaifagongwei	全国人大常委会法工委	0	quanguorendachangweihuifagongwei	会	hui	kuai
quanjuezi	全角字	0	quanjiaozi	角	jiao	jue
quanxiu	权宿	0	quansu	宿	su	xiu
quansujinhang	全速进行	0	quansujinxing	行	xing	hang
quanyixiang	全义降	0	quanyijiang	降	jiang	xiang
quanzhenghang	权证行	0	quanzhengxing	行	xing	hang
quanzhenghuo	权证和	0	quanzhenghe	和	he	huo
quchangbiduan	趋长避短	0	quzhangbiduan	长	zhang	chang
quchaoyang	屈朝阳	0	quzhaoyang	朝	zhao	chao
quchushuai	去除率	0	quchulv	率	lv	shuai
qudaiyouxian	取大优先	0	qudayouxian	大	da	dai
quezhaohe	阙朝贺	0	quechaohe	朝	chao	zhao
quezhaonan	却朝南	0	quechaonan	朝	chao	zhao
quwucongshan	去恶从善	0	quecongshan	恶	e	wu
quedaiyi	却大异	0	quedayi	大	da	dai
quexianlu	却见鲁	0	quejianlu	见	jian	xian
quexianxiao	却见潇	0	quejianxiao	见	jian	xian
quexianyang	却见杨	0	quejianyang	见	jian	xian
quexianying	却见瑛	0	quejianying	见	jian	xian
quesilong	却似龙	0	queshilong	似	shi	si
quwuxiangshan	驱恶向善	0	quexiangshan	恶	e	wu
quliudai	屈留大	0	quliuda	大	da	dai
qumocheng	屈万乘	0	quwancheng	万	wan	mo
qumoxiang	屈万祥	0	quwanxiang	万	wan	mo
qundijie	群的阶	0	qundejie	的	de	di
qunjuhuoyi	群居和一	0	qunjuheyi	和	he	huo
qunqingshechou	群轻折抽	0	qunqingzhechou	折	zhe	she
qunxingkuai	群星会	0	qunxinghui	会	hui	kuai
quxianhuo	瞿弦和	0	quxianhe	和	he	huo
quyangshuai	取样率	0	quyanglv	率	lv	shuai
quyishenmo	屈一伸万	0	quyishenwan	万	wan	mo
quzihang	屈子行	0	quzixing	行	xing	hang
raoyuejun	饶乐郡	0	raolejun	乐	le	yue
raoyueshui	饶乐水	0	raoleshui	乐	le	yue
rechende	热忱地	0	rechendi	地	di	de
rechongfa	热重法	0	rezhongfa	重	zhong	chong
rededei	热得得	0	redede	得	de	dei
redeide	热得得	0	redede	得	de	dei
redeidei	热得得	0	redede	得	de	dei
renshenzhi	任参知	0	rencanzhi	参	can	shen
renchaifangcheng	人差方程	0	renchafangcheng	差	cha	chai
renchangfeng	任长风	0	renzhangfeng	长	zhang	chang
rendachangweikuaifagongwei	人大常委会法工委	0	rendachangweihuifagongwei	会	hui	kuai
rendeguanxi	人地关系	0	rendiguanxi	地	di	de
renque	壬炔	0	rengui	炔	gui	que
renhangshou	任行寿	0	renxingshou	行	xing	hang
renjue	刃角	0	renjiao	角	jiao	jue
renshuaibing	任率兵	0	renlvbing	率	lv	shuai
renongdai	热农大	0	renongda	大	da	dai
rentongshuai	认同率	0	rentonglv	率	lv	shuai
renxiaoqidai	人小气大	0	renxiaoqida	大	da	dai
renxuanchai	任宣差	0	renxuancha	差	cha	chai
renzhenghang	任征行	0	renzhengxing	行	xing	hang
renzhishuai	认知率	0	renzhilv	率	lv	shuai
riboyanzi	日薄崦嵫	0	ribaoyanzi	薄	bao	bo
rishejue	日射角	0	rishejiao	角	jiao	jue
ronglupian	荣禄便	0	ronglubian	便	bian	pian
ronglukuai	荣禄会	0	rongluhui	会	hui	kuai
rongluxie	荣禄血	0	rongluxue	血	xue	xie
rongmuzhuzao	熔模铸造	0	rongmozhuzao	模	mo	mu
rongnadeixia	容纳得下	0	rongnadexia	得	de	dei
rongqiade	融洽地	0	rongqiadi	地	di	de
rongzhihang	容志行	0	rongzhixing	行	xing	hang
rouchimalei	揉眵抹泪	0	rouchimolei	抹	mo	ma
rourouhehuo	柔柔和和	0	rourouhehe	和	he	huo
ruanbokuai	软博会	0	ruanbohui	会	hui	kuai
rubingsixue	如冰似雪	0	rubingshixue	似	shi	si
ruguisimei	如鬼似魅	0	ruguishimei	似	shi	si
ruidailin	瑞大林	0	ruidalin	大	da	dai
ruilide	锐利地	0	ruilidi	地	di	de
ruleisihuo	如雷似火	0	ruleishihuo	似	shi	si
ruomuge	弱模格	0	ruomoge	模	mo	mu
ruoxikuai	若曦会	0	ruoxihui	会	hui	kuai
ruqisijiao	如漆似胶	0	ruqishijiao	似	shi	si
rutangsimi	如糖似蜜	0	rutangshimi	似	shi	si
sachangzhu	萨长诸	0	sazhangzhu	长	zhang	chang
saibutai	塞卜泰	0	saibotai	卜	bo	bu
sebotai	塞卜泰	0	saibotai	塞	sai	se
sebutai	塞卜泰	0	saibotai	塞	sai	se
sebuhe	塞布河	0	saibuhe	塞	sai	se
secangming	塞苍冥	0	saicangming	塞	sai	se
sechi	塞尺	0	saichi	塞	sai	se
sedeba	塞德巴	0	saideba	塞	sai	se
sedeer	塞德尔	0	saideer	塞	sai	se
seensiboli	塞恩斯伯里	0	saiensiboli	塞	sai	se
seerbo	塞尔伯	0	saierbo	塞	sai	se
seerde	塞尔德	0	saierde	塞	sai	se
seerdi	塞尔蒂	0	saierdi	塞	sai	se
seerdu	塞尔杜	0	saierdu	塞	sai	se
seerduiou	塞尔对偶	0	saierduiou	塞	sai	se
seerfu	塞尔夫	0	saierfu	塞	sai	se
seerjiao	塞尔吉奥	0	saierjiao	塞	sai	se
seerjie	塞尔杰	0	saierjie	塞	sai	se
seerkeke	塞尔柯克	0	saierkeke	塞	sai	se
seerma	塞尔马	0	saierma	塞	sai	se
seermoqun	塞尔默群	0	saiermoqun	塞	sai	se
seernei	塞尔内	0	saiernei	塞	sai	se
seerqiang	塞尔抢	0	saierqiang	塞	sai	se
seertiao	塞尔跳	0	saiertiao	塞	sai	se
seerweiyaminzhudang	塞尔维亚民主党	0	saierweiyaminzhudang	塞	sai	se
seerweiyashehuidang	塞尔维亚社会党	0	saierweiyashehuidang	塞	sai	se
seerweiyazu	塞尔维亚族	0	saierweiyazu	塞	sai	se
seerxiansheng	塞尔先生	0	saierxiansheng	塞	sai	se
sefajie	塞法杰	0	saifajie	塞	sai	se
sefeili	塞菲里	0	saifeili	塞	sai	se
sefute	塞佛特	0	saifute	塞	sai	se
segandi	塞甘蒂	0	saigandi	塞	sai	se
segede	塞格德	0	saigede	塞	sai	se
seheidui	塞黑队	0	saiheidui	塞	sai	se
sejinchen	塞进陈	0	saijinchen	塞	sai	se
sekaer	塞卡尔	0	saikaer	塞	sai	se
sekangdi	塞康第	0	saikangdi	塞	sai	se
saiqiao	腮壳	0	saike	壳	ke	qiao
sekehe	塞克荷	0	saikehe	塞	sai	se
sekeluo	塞克洛	0	saikeluo	塞	sai	se
selaini	塞莱尼	0	sailaini	塞	sai	se
selaishen	塞莱什	0	sailaishen	塞	sai	se
selaliang	塞拉里昂	0	sailaliang	塞	sai	se
seleier	塞雷尔	0	saileier	塞	sai	se
seleikai	塞勒凯	0	saileikai	塞	sai	se
selinu	塞利努	0	sailinu	塞	sai	se
selinuo	塞利诺	0	sailinuo	塞	sai	se
selunge	塞伦格	0	sailunge	塞	sai	se
semawo	塞马沃	0	saimawo	塞	sai	se
semosi	塞莫斯	0	saimosi	塞	sai	se
semuhua	塞姆化	0	saimuhua	塞	sai	se
senaer	塞纳尔	0	sainaer	塞	sai	se
senishan	塞尼山	0	sainishan	塞	sai	se
senuer	塞努尔	0	sainuer	塞	sai	se
senufu	塞努福	0	sainufu	塞	sai	se
senuoyi	塞诺伊	0	sainuoyi	塞	sai	se
senuoyu	塞诺语	0	sainuoyu	塞	sai	se
sepeimu	塞佩姆	0	saipeimu	塞	sai	se
sepulusi	塞普路斯	0	saipulusi	塞	sai	se
seqiwei	塞奇威	0	saiqiwei	塞	sai	se
saiseer	赛塞尔	0	saisaier	塞	sai	se
saiseyan	塞塞严	0	saisaiyan	塞	sai	se
sesaiyan	塞塞严	0	saisaiyan	塞	sai	se
seseyan	塞塞严	0	saisaiyan	塞	sai	se
sesebuer	塞瑟布尔	0	saisebuer	塞	sai	se
sesheergongheguo	塞舌尔共和国	0	saisheergongheguo	塞	sai	se
seshuangyu	塞双屿	0	saishuangyu	塞	sai	se
setebei	塞特贝	0	saitebei	塞	sai	se
setifu	塞提夫	0	saitifu	塞	sai	se
setubaer	塞图巴尔	0	saitubaer	塞	sai	se
setuodi	塞托蒂	0	saituodi	塞	sai	se
seweilin	塞韦林	0	saiweilin	塞	sai	se
seweiliya	塞维里亚	0	saiweiliya	塞	sai	se
seweiliyadui	塞维利亚队	0	saiweiliyadui	塞	sai	se
seweiqi	塞维奇	0	saiweiqi	塞	sai	se
sewenya	塞蚊亚	0	saiwenya	塞	sai	se
sexilei	塞西勒	0	saixilei	塞	sai	se
seyihan	塞伊汉	0	saiyihan	塞	sai	se
sezeer	塞泽尔	0	saizeer	塞	sai	se
sakese	萨克塞	0	sakesai	塞	sai	se
sakongliao	萨空了	0	sakongle	了	le	liao
saliaoniya	萨了尼亚	0	saleniya	了	le	liao
sanbaibashiqimosiqianqibaiduoqing	三百八十七万四千七百多顷	0	sanbaibashiqiwansiqianqibaiduoqing	万	wan	mo
sanbailiushiliumoqiqianqibaiduoqing	三百六十六万七千七百多顷	0	sanbailiushiliuwanqiqianqibaiduoqing	万	wan	mo
sanbaiqishiqimo	三百七十七万	0	sanbaiqishiqiwan	万	wan	mo
sanbaisanshiermoyuliang	三百三十二万余两	0	sanbaisanshierwanyuliang	万	wan	mo
sanbaisishiyumoliang	三百四十余万两	0	sanbaisishiyuwanliang	万	wan	mo
sanbaiwushiermoerqianyibailiushisan	三百五十二万二千一百六十三	0	sanbaiwushierwanerqianyibailiushisan	万	wan	mo
sanbaiwushiyumo	三百五十余万	0	sanbaiwushiyuwan	万	wan	mo
sanbaiyumo	三百余万	0	sanbaiyuwan	万	wan	mo
sanbeikahuan	三臂卡环	0	sanbikahuan	臂	bi	bei
sanboliushe	三波六折	0	sanboliuzhe	折	zhe	she
sanchangzhi	三长制	0	sanzhangzhi	长	zhang	chang
sandushuizuzizhixian	三都水族自治县	0	sandoushuizuzizhixian	都	dou	du
sangboyi	桑泊一	0	sangpoyi	泊	po	bo
sangtisu	桑堤酥	0	sangdisu	堤	di	ti
sangganshui	桑乾水	0	sangqianshui	乾	qian	gan
sangjiexian	桑结见	0	sangjiejian	见	jian	xian
sanhuoyinhang	三和银行	0	sanheyinhang	和	he	huo
sankuailiangke	三会两课	0	sanhuiliangke	会	hui	kuai
sanjizazhong	三系杂种	0	sanxizazhong	系	xi	ji
sanma	三抹	0	sanmo	抹	mo	ma
sanmobaqianyibaijiushisihu	三万八千一百九十四户	0	sanwanbaqianyibaijiushisihu	万	wan	mo
sanmobaqianyuan	三万八千元	0	sanwanbaqianyuan	万	wan	mo
sanmochong	三万重	0	sanwanzhong	万	wan	mo
sanmozhong	三万重	0	sanwanzhong	万	wan	mo
sanwanchong	三万重	0	sanwanzhong	重	zhong	chong
sanmoduoliang	三万多两	0	sanwanduoliang	万	wan	mo
sanmoerqianyuan	三万二千元	0	sanwanerqianyuan	万	wan	mo
sanmojian	三万件	0	sanwanjian	万	wan	mo
sanmokou	三万口	0	sanwankou	万	wan	mo
sanmoliuqianduomei	三万六千多枚	0	sanwanliuqianduomei	万	wan	mo
sanmoliuqianqing	三万六千顷	0	sanwanliuqianqing	万	wan	mo
sanmomeiyuan	三万美元	0	sanwanmeiyuan	万	wan	mo
sanmomu	三万亩	0	sanwanmu	万	wan	mo
sanmoqiqiangongli	三万七千公里	0	sanwanqiqiangongli	万	wan	mo
sanmosiqiansanbaiyuqing	三万四千三百余顷	0	sanwansiqiansanbaiyuqing	万	wan	mo
sanmosiqianyuan	三万四千元	0	sanwansiqianyuan	万	wan	mo
sanmosiqianyudun	三万四千余吨	0	sanwansiqianyudun	万	wan	mo
sanmowuqianbabai	三万五千八百	0	sanwanwuqianbabai	万	wan	mo
sanmowuqiansibaisishiwuxiang	三万五千四百四十五箱	0	sanwanwuqiansibaisishiwuxiang	万	wan	mo
sanmowuqianwubaiyuxiang	三万五千五百余箱	0	sanwanwuqianwubaiyuxiang	万	wan	mo
sanmowuqianyuqing	三万五千余顷	0	sanwanwuqianyuqing	万	wan	mo
sanmoyuci	三万余次	0	sanwanyuci	万	wan	mo
sanmoyuhu	三万余户	0	sanwanyuhu	万	wan	mo
sanmoyusuo	三万余所	0	sanwanyusuo	万	wan	mo
sanqianerbaiershiqimoyu	三千二百二十七万余	0	sanqianerbaiershiqiwanyu	万	wan	mo
sansheqigong	三折其肱	0	sanzheqigong	折	zhe	she
sanshibamoyu	三十八万余	0	sanshibawanyu	万	wan	mo
sanshiduomoliang	三十多万两	0	sanshiduowanliang	万	wan	mo
sanshiermoliang	三十二万两	0	sanshierwanliang	万	wan	mo
sanshiliumobang	三十六万镑	0	sanshiliuwanbang	万	wan	mo
sanshiliumoyu	三十六万余	0	sanshiliuwanyu	万	wan	mo
sanshisimorenci	三十四万人次	0	sanshisiwanrenci	万	wan	mo
sanshiwumoliuqianyuliang	三十五万六千余两	0	sanshiwuwanliuqianyuliang	万	wan	mo
sanshiyimoqiqianyu	三十一万七千余	0	sanshiyiwanqiqianyu	万	wan	mo
sanshiyumohu	三十余万户	0	sanshiyuwanhu	万	wan	mo
sansimohu	三四万户	0	sansiwanhu	万	wan	mo
sansimokuai	三四万块	0	sansiwankuai	万	wan	mo
sanyisanqianyumoliang	三亿三千余万两	0	sanyisanqianyuwanliang	万	wan	mo
sanyiwuqianlingjiushiyimoyuliang	三亿五千零九十一万余两	0	sanyiwuqianlingjiushiyiwanyuliang	万	wan	mo
saoganjing	扫乾净	0	saoqianjing	乾	qian	gan
saomiaojue	扫描角	0	saomiaojiao	角	jiao	jue
saotianguade	扫田刮地	0	saotianguadi	地	di	de
sashapian	萨沙便	0	sashabian	便	bian	pian
sebiaoji	色表系	0	sebiaoxi	系	xi	ji
senbidei	森彼得	0	senbide	得	de	dei
sepofen	色剖分	0	sepoufen	剖	pou	po
sesuozhao	瑟缩着	0	sesuozhe	着	zhe	zhao
sesuozhuo	瑟缩着	0	sesuozhe	着	zhe	zhuo
shadaihuan	沙大环	0	shadahuan	大	da	dai
shahuangde	沙荒地	0	shahuangdi	地	di	de
shandongdaxuezhongwenji	山东大学中文系	0	shandongdaxuezhongwenxi	系	xi	ji
shanwuling	山恶岭	0	shaneling	恶	e	wu
shangbeigan	上焙乾	0	shangbeiqian	乾	qian	gan
shangbodai	商伯大	0	shangboda	大	da	dai
shangchahang	商茶行	0	shangchaxing	行	xing	hang
shangzhuanqu	上传区	0	shangchuanqu	传	chuan	zhuan
shangdaidong	商大东	0	shangdadong	大	da	dai
shangdeifeng	上得峰	0	shangdefeng	得	de	dei
shangduwang	商都网	0	shangdouwang	都	dou	du
shangduxian	商都县	0	shangdouxian	都	dou	du
shanggaocheng	商高盛	0	shanggaosheng	盛	sheng	cheng
shangguandei	上官得	0	shangguande	得	de	dei
shangguanfengdi	上官俸的	0	shangguanfengde	的	de	di
shanghaiguangdakuaizhanzhongxin	上海光大会展中心	0	shanghaiguangdahuizhanzhongxin	会	hui	kuai
shanghaishilaodonghuoshehuibaozhangju	上海市劳动和社会保障局	0	shanghaishilaodongheshehuibaozhangju	和	he	huo
shanghuozhou	商和周	0	shanghezhou	和	he	huo
shangjiadaiyan	尚家大堰	0	shangjiadayan	大	da	dai
shangjiaose	上胶塞	0	shangjiaosai	塞	sai	se
shangjunchang	尚君长	0	shangjunzhang	长	zhang	chang
shanglihuo	商礼和	0	shanglihe	和	he	huo
shangmodu	上万度	0	shangwandu	万	wan	mo
shangmofa	上万发	0	shangwanfa	万	wan	mo
shangmogongli	上万公里	0	shangwangongli	万	wan	mo
shangmojian	上万间	0	shangwanjian	万	wan	mo
shangmokou	上万口	0	shangwankou	万	wan	mo
shangmomei	上万枚	0	shangwanmei	万	wan	mo
shangmopi	上万匹	0	shangwanpi	万	wan	mo
shangmoyue	上万月	0	shangwanyue	万	wan	mo
shangmozhu	上万株	0	shangwanzhu	万	wan	mo
shangpinshuai	商品率	0	shangpinlv	率	lv	shuai
shangqixian	尚祈见	0	shangqijian	见	jian	xian
shangxibo	尚西泊	0	shangxipo	泊	po	bo
shangyoucheng	尚有盛	0	shangyousheng	盛	sheng	cheng
shangzhangshuai	上涨率	0	shangzhanglv	率	lv	shuai
shannanhang	山南行	0	shannanxing	行	xing	hang
shanshande	讪讪地	0	shanshandi	地	di	de
shanshukuai	山书会	0	shanshuhui	会	hui	kuai
shantoujue	山头角	0	shantoujiao	角	jiao	jue
shanwangxian	山望见	0	shanwangjian	见	jian	xian
shanyaojue	闪耀角	0	shanyaojiao	角	jiao	jue
shaolaoshaodei	少劳少得	0	shaolaoshaode	得	de	dei
shaoyueban	韶乐班	0	shaoleban	乐	le	yue
shaomanchaifei	少慢差费	0	shaomanchafei	差	cha	chai
shaoyanmocu	少盐没醋	0	shaoyanmeicu	没	mei	mo
sharenbuxian	杀人不见	0	sharenbujian	见	jian	xian
sharenyimo	杀人一万	0	sharenyiwan	万	wan	mo
shasengxian	沙僧见	0	shasengjian	见	jian	xian
shasengxin	沙僧寻	0	shasengxun	寻	xun	xin
shatuode	沙坨地	0	shatuodi	地	di	de
shawudea	沙乌地阿	0	shawudia	地	di	de
shayibu	沙伊卜	0	shayibo	卜	bo	bu
shebian	折辩	0	zhebian	折	zhe	she
sheceng	折层	0	zheceng	折	zhe	she
shechuang	折床	0	zhechuang	折	zhe	she
shedie	折迭	0	zhedie	折	zhe	she
zheduishuai	折兑率	0	zheduilv	率	lv	shuai
sheganchunjiao	舌乾脣焦	0	sheqianchunjiao	乾	qian	gan
sheitama	谁他妈	0	shuitama	谁	shui	shei
sheiyancuncao	谁言寸草	0	shuiyancuncao	谁	shui	shei
zhejiashuai	折价率	0	zhejialv	率	lv	shuai
shejiang	折姜	0	zhejiang	折	zhe	she
shejianweimeng	折箭为盟	0	zhejianweimeng	折	zhe	she
shejiaoji	社教系	0	shejiaoxi	系	xi	ji
shejichenhe	折戟沈河	0	zhejishenhe	折	zhe	she
shejishenhe	折戟沈河	0	zhejishenhe	折	zhe	she
zhejichenhe	折戟沈河	0	zhejishenhe	沈	shen	chen
shejiexiangxue	折节向学	0	zhejiexiangxue	折	zhe	she
shejinlai	折进来	0	zhejinlai	折	zhe	she
zhejiushuai	折旧率	0	zhejiulv	率	lv	shuai
shelandeifen	射篮得分	0	shelandefen	得	de	dei
shemao	折矛	0	zhemao	折	zhe	she
shenchenbulu	深沈不露	0	shenshenbulu	沈	shen	chen
shenchengxiu	申呈宿	0	shenchengsu	宿	su	xiu
shenwutongjue	深恶痛觉	0	shenetongjue	恶	e	wu
shengaomadai	身高马大	0	shengaomada	大	da	dai
shengbaikebu	胜败可卜	0	shengbaikebo	卜	bo	bu
shengdeijun	生得俊	0	shengdejun	得	de	dei
shengdeiming	生得明	0	shengdeming	得	de	dei
shengdeiwen	生得闻	0	shengdewen	得	de	dei
shengfeibogedai	圣菲波哥大	0	shengfeibogeda	大	da	dai
shenghuahangshi	声华行实	0	shenghuaxingshi	行	xing	hang
shengqingxiangzhuo	升清降浊	0	shengqingjiangzhuo	降	jiang	xiang
shengweidaizhen	声威大振	0	shengweidazhen	大	da	dai
shengyingqihuo	声应气和	0	shengyingqihe	和	he	huo
shengyoudideng	省油的灯	0	shengyoudedeng	的	de	di
shengyoushuai	生油率	0	shengyoulv	率	lv	shuai
shengyujiazhishuai	剩余价值率	0	shengyujiazhilv	率	lv	shuai
shengyuzhuozhao	声誉卓着	0	shengyuzhuozhe	着	zhe	zhao
shengyuzhuozhuo	声誉卓着	0	shengyuzhuozhe	着	zhe	zhuo
shengzukangchai	声阻抗差	0	shengzukangcha	差	cha	chai
shenhangfa	神行法	0	shenxingfa	行	xing	hang
shenxiangxian	神降仙	0	shenjiangxian	降	jiang	xiang
shenmoke	深万科	0	shenwanke	万	wan	mo
shenxiuling	申宿令	0	shensuling	宿	su	xiu
shenzhenshirendachangweikuai	深圳市人大常委会	0	shenzhenshirendachangweihui	会	hui	kuai
shenzongxian	神宗见	0	shenzongjian	见	jian	xian
sheshanglai	折上来	0	zheshanglai	折	zhe	she
sheshangqu	折上去	0	zheshangqu	折	zhe	she
sheshoubuhui	折首不悔	0	zheshoubuhui	折	zhe	she
sheshuierhang	涉水而行	0	sheshuierxing	行	xing	hang
zhesunshuai	折损率	0	zhesunlv	率	lv	shuai
shewenshu	折文书	0	zhewenshu	折	zhe	she
shexi	折洗	0	zhexi	折	zhe	she
sheyeshenjing	舌咽神经	0	sheyanshenjing	咽	yan	ye
sheye	折叶	0	zheye	折	zhe	she
shezhang	折帐	0	zhezhang	折	zhe	she
shibamojiuqianyu	十八万九千余	0	shibawanjiuqianyu	万	wan	mo
shibeizhishi	使臂指使	0	shibizhishi	臂	bi	bei
shibianshuai	时变率	0	shibianlv	率	lv	shuai
shishenzou	史参奏	0	shicanzou	参	can	shen
shichaipu	示差谱	0	shichapu	差	cha	chai
shizhaobin	史朝宾	0	shichaobin	朝	chao	zhao
shichenchong	史称崇	0	shichengchong	称	cheng	chen
shichenhuang	史称皇	0	shichenghuang	称	cheng	chen
shichenqing	史称庆	0	shichengqing	称	cheng	chen
shichenshen	史称申	0	shichengshen	称	cheng	chen
shichenshun	史称顺	0	shichengshun	称	cheng	chen
shichenyi	史称夷	0	shichengyi	称	cheng	chen
shichenzhen	史称贞	0	shichengzhen	称	cheng	chen
shichongping	史重平	0	shizhongping	重	zhong	chong
shichongshi	史重史	0	shizhongshi	重	zhong	chong
shizhuanke	史传克	0	shichuanke	传	chuan	zhuan
shizhuanpian	史传篇	0	shichuanpian	传	chuan	zhuan
shizhuanwang	史传王	0	shichuanwang	传	chuan	zhuan
shizhuanxiang	时传祥	0	shichuanxiang	传	chuan	zhuan
shizhuanxiaoshuo	史传小说	0	shichuanxiaoshuo	传	chuan	zhuan
shizhuanzou	侍传奏	0	shichuanzou	传	chuan	zhuan
shicongchang	侍从长	0	shicongzhang	长	zhang	chang
shidailang	史大郎	0	shidalang	大	da	dai
shidaimeimei	史大妹妹	0	shidameimei	大	da	dai
shidaisheng	施大生	0	shidasheng	大	da	dai
shidaizhen	史大桢	0	shidazhen	大	da	dai
shideifenshu	实得分数	0	shidefenshu	得	de	dei
shideji	实德系	0	shidexi	系	xi	ji
shitiao	诗调	0	shidiao	调	diao	tiao
shidiaobo	石刁柏	0	shidiaobai	柏	bai	bo
sidongzhijue	似动知觉	0	shidongzhijue	似	shi	si
shiduding	施都丁	0	shidouding	都	dou	du
shiduoxianguang	识多见广	0	shiduojianguang	见	jian	xian
shiduomoliang	十多万两	0	shiduowanliang	万	wan	mo
shiermoliang	十二万两	0	shierwanliang	万	wan	mo
shiermosiqiandan	十二万四千担	0	shierwansiqiandan	万	wan	mo
shiermowuqianyuci	十二万五千余次	0	shierwanwuqianyuci	万	wan	mo
shiermoyuliang	十二万余两	0	shierwanyuliang	万	wan	mo
shieryisanbaibashiermoyuliang	十二亿三百八十二万余两	0	shieryisanbaibashierwanyuliang	万	wan	mo
shieryiwuqianyumoliang	十二亿五千余万两	0	shieryiwuqianyuwanliang	万	wan	mo
shifanyue	十番乐	0	shifanle	乐	le	yue
shifukuai	世妇会	0	shifuhui	会	hui	kuai
shihangzhi	十行纸	0	shixingzhi	行	xing	hang
shihangzi	十行字	0	shixingzi	行	xing	hang
shihengxian	石亨见	0	shihengjian	见	jian	xian
shihuxian	石湖见	0	shihujian	见	jian	xian
shixianchuan	石见穿	0	shijianchuan	见	jian	xian
shixianfu	史见服	0	shijianfu	见	jian	xian
shixianhanshu	视见函数	0	shijianhanshu	见	jian	xian
shixianhong	时见洪	0	shijianhong	见	jian	xian
shixianyang	师见杨	0	shijianyang	见	jian	xian
shijiaodu	释教都	0	shijiaodou	都	dou	du
shijuexing	十角形	0	shijiaoxing	角	jiao	jue
shijiaoyuan	师觉远	0	shijueyuan	觉	jue	jiao
shijimohanyuan	十几万韩元	0	shijiwanhanyuan	万	wan	mo
shijimoliang	十几万两	0	shijiwanliang	万	wan	mo
shijimoyuan	十几万元	0	shijiwanyuan	万	wan	mo
shijingshuai	市净率	0	shijinglv	率	lv	shuai
shijiumosiqianliang	十九万四千两	0	shijiuwansiqianliang	万	wan	mo
shijundaizui	弑君大罪	0	shijundazui	大	da	dai
shiyuegongsi	施乐公司	0	shilegongsi	乐	le	yue
shiyueqi	视乐奇	0	shileqi	乐	le	yue
shiyuezhong	时乐钟	0	shilezhong	乐	le	yue
shilibo	史李柏	0	shilibai	柏	bai	bo
shilicheng	史李盛	0	shilisheng	盛	sheng	cheng
shiliumojiuqiansibaisanshiyimu	十六万九千四百三十一亩	0	shiliuwanjiuqiansibaisanshiyimu	万	wan	mo
shimalunse	施马伦塞	0	shimalunsai	塞	sai	se
shimaodailou	世贸大楼	0	shimaodalou	大	da	dai
simayiyang	似马一样	0	shimayiyang	似	shi	si
shimoyu	石没羽	0	shimeiyu	没	mei	mo
shimokui	史万奎	0	shiwankui	万	wan	mo
shimopeng	石万鹏	0	shiwanpeng	万	wan	mo
shiqimoqiqianbabaiqing	十七万七千八百顷	0	shiqiwanqiqianbabaiqing	万	wan	mo
shiqimozuoyou	十七万左右	0	shiqiwanzuoyou	万	wan	mo
shiqingpian	石清便	0	shiqingbian	便	bian	pian
shiqingxian	石清见	0	shiqingjian	见	jian	xian
siranbi	似然比	0	shiranbi	似	shi	si
sishenfeishen	似神非神	0	shishenfeishen	似	shi	si
shishizhuan	石室传	0	shishichuan	传	chuan	zhuan
shisiyu	石似玉	0	shishiyu	似	shi	si
shishupian	师叔便	0	shishubian	便	bian	pian
shishuhang	十数行	0	shishuxing	行	xing	hang
shishuxian	师叔见	0	shishujian	见	jian	xian
shishumoyuan	十数万元	0	shishuwanyuan	万	wan	mo
shiwumoyingbang	十五万英镑	0	shiwuwanyingbang	万	wan	mo
shiwumoyuan	十五万元	0	shiwuwanyuan	万	wan	mo
shiwuqianse	食物嵌塞	0	shiwuqiansai	塞	sai	se
sixianfeixian	似仙非仙	0	shixianfeixian	似	shi	si
shixiaoweikuai	市消委会	0	shixiaoweihui	会	hui	kuai
shixieyong	时血勇	0	shixueyong	血	xue	xie
shixiupian	石秀便	0	shixiubian	便	bian	pian
shixiudai	石秀大	0	shixiuda	大	da	dai
shixiudu	石秀都	0	shixiudou	都	dou	du
shixiuxian	石秀见	0	shixiujian	见	jian	xian
shiyichen	史亦称	0	shiyicheng	称	cheng	chen
shiyijiuqianerbaisishiliumoliang	十亿九千二百四十六万两	0	shiyijiuqianerbaisishiliuwanliang	万	wan	mo
shiyimolingliubaiyuliang	十一万零六百余两	0	shiyiwanlingliubaiyuliang	万	wan	mo
shiyingshuai	市赢率	0	shiyinglv	率	lv	shuai
shiyumohu	十余万户	0	shiyuwanhu	万	wan	mo
shiyumoliang	十余万两	0	shiyuwanliang	万	wan	mo
shiyumotou	十余万头	0	shiyuwantou	万	wan	mo
shiyumoyuan	十余万元	0	shiyuwanyuan	万	wan	mo
shiyunchang	时云长	0	shiyunzhang	长	zhang	chang
shiyunkuai	世运会	0	shiyunhui	会	hui	kuai
shiyuzhao	十余着	0	shiyuzhe	着	zhe	zhao
shiyuzhuo	十余着	0	shiyuzhe	着	zhe	zhuo
shizhengbo	施正柏	0	shizhengbai	柏	bai	bo
shizidaizhangkou	狮子大张口	0	shizidazhangkou	大	da	dai
shouanshuai	受案率	0	shouanlv	率	lv	shuai
shoubaozhao	手包着	0	shoubaozhe	着	zhe	zhao
shoubaozhuo	手包着	0	shoubaozhe	着	zhe	zhuo
shouzhuanzhe	受传者	0	shouchuanzhe	传	chuan	zhuan
shoucunzhao	收存着	0	shoucunzhe	着	zhe	zhao
shoucunzhuo	收存着	0	shoucunzhe	着	zhe	zhuo
shoutanshi	手弹式	0	shoudanshi	弹	dan	tan
shouhuizhuan	寿辉传	0	shouhuichuan	传	chuan	zhuan
shoujue	首角	0	shoujiao	角	jiao	jue
shoujingshuai	受精率	0	shoujinglv	率	lv	shuai
shoushiganjing	收拾乾净	0	shoushiqianjing	乾	qian	gan
shousunshuai	受损率	0	shousunlv	率	lv	shuai
shousuoshuai	收缩率	0	shousuolv	率	lv	shuai
shoutaishuai	受胎率	0	shoutailv	率	lv	shuai
shouyajinxian	收押禁见	0	shouyajinjian	见	jian	xian
shouyigemo	首一个万	0	shouyigewan	万	wan	mo
shuaibianshuai	衰变率	0	shuaibianlv	率	lv	shuai
shuaizhaolin	帅朝林	0	shuaichaolin	朝	chao	zhao
shuangboxian	双柏县	0	shuangbaixian	柏	bai	bo
shuangbeikahuan	双臂卡环	0	shuangbikahuan	臂	bi	bei
shuangchaisheng	双差生	0	shuangchasheng	差	cha	chai
shuangdailiao	爽呆了	0	shuangdaile	了	le	liao
shuanghangxian	双行线	0	shuangxingxian	行	xing	hang
shuanghecheng	双合盛	0	shuanghesheng	盛	sheng	cheng
shuangjianpian	双剑便	0	shuangjianbian	便	bian	pian
shuangxianyang	双见杨	0	shuangjianyang	见	jian	xian
shuangshuangshe	双双折	0	shuangshuangzhe	折	zhe	she
shuangsiwoliao	爽死我了	0	shuangsiwole	了	le	liao
shuboyue	舒波乐	0	shubole	乐	le	yue
shudaonanhang	蜀道难行	0	shudaonanxing	行	xing	hang
shutiao	竖调	0	shudiao	调	diao	tiao
shueryisanqianerbaisanshiwumoyuliang	数二亿三千二百三十五万余两	0	shueryisanqianerbaisanshiwuwanyuliang	万	wan	mo
shufenzhichai	数分之差	0	shufenzhicha	差	cha	chai
shuganpodan	输肝剖胆	0	shuganpoudan	剖	pou	po
shuideizhengtian	睡得正甜	0	shuidezhengtian	得	de	dei
shuihangzheng	睡行症	0	shuixingzheng	行	xing	hang
shuihangzhou	水行州	0	shuixingzhou	行	xing	hang
shuixianshi	水见式	0	shuijianshi	见	jian	xian
shuiladou	水落斗	0	shuiluodou	落	luo	la
shuiyuewei	水乐维	0	shuilewei	乐	le	yue
shuilikuai	水利会	0	shuilihui	会	hui	kuai
shuimuhang	水木行	0	shuimuxing	行	xing	hang
shuishouchang	水手长	0	shuishouzhang	长	zhang	chang
shujiaoqianran	殊觉歉然	0	shujueqianran	觉	jue	jiao
shujichang	署记长	0	shujizhang	长	zhang	chang
shuliangqianlingqishiyimoliuqianlingsanshiqihu	数两千零七十一万六千零三十七户	0	shuliangqianlingqishiyiwanliuqianlingsanshiqihu	万	wan	mo
shumodao	数万道	0	shuwandao	万	wan	mo
shumoding	数万顶	0	shuwanding	万	wan	mo
shumohu	数万户	0	shuwanhu	万	wan	mo
shumotiao	数万条	0	shuwantiao	万	wan	mo
shumoyimeiyuan	数万亿美元	0	shuwanyimeiyuan	万	wan	mo
shumozhi	数万只	0	shuwanzhi	万	wan	mo
shunhangchongdong	顺行冲动	0	shunxingchongdong	行	xing	hang
shunximobian	顺息万变	0	shunxiwanbian	万	wan	mo
shuqianshumo	数千数万	0	shuqianshuwan	万	wan	mo
shuqianshumoci	数千数万次	0	shuqianshuwanci	万	wan	mo
shusanhuo	舒三和	0	shusanhe	和	he	huo
shushijuan	数十圈	0	shushiquan	圈	quan	juan
shushiwanmo	数十万万	0	shushiwanwan	万	wan	mo
shushizhao	熟视着	0	shushizhe	着	zhe	zhao
shushizhuo	熟视着	0	shushizhe	着	zhe	zhuo
shuxuemuyin	数学模垠	0	shuxuemoyin	模	mo	mu
shuyimoding	数以万订	0	shuyiwanding	万	wan	mo
sibaiduomoliang	四百多万两	0	sibaiduowanliang	万	wan	mo
sibaisanshibamoyudun	四百三十八万余吨	0	sibaisanshibawanyudun	万	wan	mo
sibaisishibamorenci	四百四十八万人次	0	sibaisishibawanrenci	万	wan	mo
sibaisishibamoyuliang	四百四十八万余两	0	sibaisishibawanyuliang	万	wan	mo
sibaiwushiyumoyuan	四百五十余万元	0	sibaiwushiyuwanyuan	万	wan	mo
sibaiyumo	四百余万	0	sibaiyuwan	万	wan	mo
sibaiyumotou	四百余万头	0	sibaiyuwantou	万	wan	mo
sichongfeng	四重峰	0	sizhongfeng	重	zhong	chong
sidiming	斯的明	0	sideming	的	de	di
sihangfang	司行方	0	sixingfang	行	xing	hang
sihangjian	斯行健	0	sixingjian	行	xing	hang
sihehang	司和行	0	sihexing	行	xing	hang
sihuohang	司和行	0	sihexing	和	he	huo
sihuoxing	司和行	0	sihexing	和	he	huo
sihuokao	司和考	0	sihekao	和	he	huo
sijiankuai	四健会	0	sijianhui	会	hui	kuai
sikaoyue	思考乐	0	sikaole	乐	le	yue
sikelunqiao	斯科伦壳	0	sikelunke	壳	ke	qiao
sililachai	斯里拉差	0	sililacha	差	cha	chai
simalinxian	司马林见	0	simalinjian	见	jian	xian
simeierse	斯梅尔塞	0	simeiersai	塞	sai	se
simiantan	四面弹	0	simiandan	弹	dan	tan
simoduohu	四万多户	0	siwanduohu	万	wan	mo
simoduoming	四万多名	0	siwanduoming	万	wan	mo
simoduoyuan	四万多元	0	siwanduoyuan	万	wan	mo
simoqiqiannian	四万七千年	0	siwanqiqiannian	万	wan	mo
simoqiqianqun	四万七千群	0	siwanqiqianqun	万	wan	mo
simoqiqiansanbaiqishiliuyiyuan	四万七千三百七十六亿元	0	siwanqiqiansanbaiqishiliuyiyuan	万	wan	mo
simowuqianyujia	四万五千余家	0	siwanwuqianyujia	万	wan	mo
simoyuan	四万元	0	siwanyuan	万	wan	mo
siqianliubaiershiliumoyuliang	四千六百二十六万余两	0	siqianliubaiershiliuwanyuliang	万	wan	mo
siqianqibaiqishiermoyuliang	四千七百七十二万余两	0	siqianqibaiqishierwanyuliang	万	wan	mo
siqianyibaiwushisimoyuliang	四千一百五十四万余两	0	siqianyibaiwushisiwanyuliang	万	wan	mo
siqichenchen	死气沈沈	0	siqishenshen	沈	shen	chen
siqichenshen	死气沈沈	0	siqishenshen	沈	shen	chen
siqishenchen	死气沈沈	0	siqishenshen	沈	shen	chen
sishibamoqiqianwubaiqishier	四十八万七千五百七十二	0	sishibawanqiqianwubaiqishier	万	wan	mo
sishiduomoliang	四十多万两	0	sishiduowanliang	万	wan	mo
sishijimoliang	四十几万两	0	sishijiwanliang	万	wan	mo
sishijiumo	四十九万	0	sishijiuwan	万	wan	mo
sishisanmopingfangmi	四十三万平方米	0	sishisanwanpingfangmi	万	wan	mo
sishisanmoyu	四十三万余	0	sishisanwanyu	万	wan	mo
sishisimoduopingfanggongli	四十四万多平方公里	0	sishisiwanduopingfanggongli	万	wan	mo
sishisimojiuqianbabaibang	四十四万九千八百镑	0	sishisiwanjiuqianbabaibang	万	wan	mo
sishiwumoliang	四十五万两	0	sishiwuwanliang	万	wan	mo
sishiyumojin	四十余万斤	0	sishiyuwanjin	万	wan	mo
sitamoge	斯塔万格	0	sitawange	万	wan	mo
sitibu	斯提卜	0	sitibo	卜	bo	bu
situwangxin	司徒王寻	0	situwangxun	寻	xun	xin
siwenweide	斯文委地	0	siwenweidi	地	di	de
siwumokuai	四五万块	0	siwuwankuai	万	wan	mo
siwumoyuan	四五万元	0	siwuwanyuan	万	wan	mo
siyeshen	四叶参	0	siyecan	参	can	shen
sizaizhuan	斯再传	0	sizaichuan	传	chuan	zhuan
songbingluxiao	宋兵鲁削	0	songbingluxue	削	xue	xiao
songchenkuo	宋沈括	0	songshenkuo	沈	shen	chen
songdeimin	宋得民	0	songdemin	得	de	dei
songdukai	宋都开	0	songdoukai	都	dou	du
songxianfeng	松见丰	0	songjianfeng	见	jian	xian
songjiangpian	宋江便	0	songjiangbian	便	bian	pian
songjiangchai	宋江差	0	songjiangcha	差	cha	chai
songxiangchen	宋降臣	0	songjiangchen	降	jiang	xiang
songjiangzhuan	宋江传	0	songjiangchuan	传	chuan	zhuan
songjianghang	宋江行	0	songjiangxing	行	xing	hang
songjiangxian	宋江见	0	songjiangjian	见	jian	xian
songxiangjun	宋降军	0	songjiangjun	降	jiang	xiang
songjiangzhao	宋江著	0	songjiangzhu	著	zhu	zhao
songjiangzhe	宋江著	0	songjiangzhu	著	zhu	zhe
songjiangzhuo	宋江著	0	songjiangzhu	著	zhu	zhuo
songjunxiang	宋军降	0	songjunjiang	降	jiang	xiang
songliaosong	耸了耸	0	songlesong	了	le	liao
songliaosongjian	耸了耸肩	0	songlesongjian	了	le	liao
songmoxian	宋万先	0	songwanxian	万	wan	mo
songruankuokou	松软适口	0	songruanshikou	适	shi	kuo
songtingdai	宋廷大	0	songtingda	大	da	dai
songtingxiao	宋廷削	0	songtingxue	削	xue	xiao
songyoubo	松有柏	0	songyoubai	柏	bai	bo
souxie	嗽血	0	souxue	血	xue	xie
souxinqi	搜寻器	0	souxunqi	寻	xun	xin
souyidei	搜易得	0	souyide	得	de	dei
xiuban	宿办	0	suban	宿	su	xiu
suboer	苏泊尔	0	supoer	泊	po	bo
xiuchang	宿娼	0	suchang	宿	su	xiu
xiuchangchun	宿长春	0	suchangchun	宿	su	xiu
suchen	诉称	0	sucheng	称	cheng	chen
xiuchou	宿仇	0	suchou	宿	su	xiu
suchunkuai	苏淳会	0	suchunhui	会	hui	kuai
sutiaoguan	速调管	0	sudiaoguan	调	diao	tiao
xiufu	宿府	0	sufu	宿	su	xiu
suihangfa	穗行法	0	suixingfa	行	xing	hang
suihuotang	隋和唐	0	suihetang	和	he	huo
suijue	髓角	0	suijiao	角	jiao	jue
suiwuzhao	隋五朝	0	suiwuchao	朝	chao	zhao
xiujinanyi	宿疾难医	0	sujinanyi	宿	su	xiu
sukukuai	诉苦会	0	sukuhui	会	hui	kuai
xiuliumianhua	宿柳眠花	0	suliumianhua	宿	su	xiu
xiuminglunzhe	宿命论者	0	suminglunzhe	宿	su	xiu
xiumingzhuyi	宿命主义	0	sumingzhuyi	宿	su	xiu
sunchangyi	孙长义	0	sunzhangyi	长	zhang	chang
sunzhaoyong	孙朝用	0	sunchaoyong	朝	chao	zhao
sunchenzhen	孙沈振	0	sunshenzhen	沈	shen	chen
sunchonggui	孙重贵	0	sunzhonggui	重	zhong	chong
sundainao	孙大闹	0	sundanao	大	da	dai
sundaiqian	孙大千	0	sundaqian	大	da	dai
sundaishan	孙大善	0	sundashan	大	da	dai
sungan	笋乾	0	sunqian	乾	qian	gan
sunganbao	孙乾保	0	sunqianbao	乾	qian	gan
sunganhui	孙乾回	0	sunqianhui	乾	qian	gan
sunganjian	孙乾见	0	sunqianjian	乾	qian	gan
sunganxian	孙乾见	0	sunqianjian	乾	qian	gan
sunqianxian	孙乾见	0	sunqianjian	见	jian	xian
sunganlai	孙乾来	0	sunqianlai	乾	qian	gan
sunganling	孙乾领	0	sunqianling	乾	qian	gan
sunganshou	孙乾守	0	sunqianshou	乾	qian	gan
sungantong	孙乾同	0	sunqiantong	乾	qian	gan
sunganwang	孙乾往	0	sunqianwang	乾	qian	gan
sunganxian	孙乾先	0	sunqianxian	乾	qian	gan
sunganzhi	孙乾至	0	sunqianzhi	乾	qian	gan
sunguoshen	孙国参	0	sunguocan	参	can	shen
sunhaipian	孙海便	0	sunhaibian	便	bian	pian
sunhaoshuai	损耗率	0	sunhaolv	率	lv	shuai
sunhaomuliang	损耗模量	0	sunhaomoliang	模	mo	mu
sunhuobiao	孙和镖	0	sunhebiao	和	he	huo
xiuniaoqi	宿鸟栖	0	suniaoqi	宿	su	xiu
xiuningxin	宿宁馨	0	suningxin	宿	su	xiu
sunyueqi	孙乐祁	0	sunleqi	乐	le	yue
sunlipian	孙立便	0	sunlibian	便	bian	pian
sunquxin	孙去寻	0	sunquxun	寻	xun	xin
sunwenpian	孙文便	0	sunwenbian	便	bian	pian
sunwencheng	孙文盛	0	sunwensheng	盛	sheng	cheng
sunxiaoji	孙削籍	0	sunxueji	削	xue	xiao
sunyongcheng	孙永盛	0	sunyongsheng	盛	sheng	cheng
suochanglin	索长林	0	suozhanglin	长	zhang	chang
suogouxinci	索垢寻疵	0	suogouxunci	寻	xun	xin
suolapingcun	梭落坪村	0	suoluopingcun	落	luo	la
suomeise	索美塞	0	suomeisai	塞	sai	se
suoshesan	缩折伞	0	suozhesan	折	zhe	she
suosuode	索索地	0	suosuodi	地	di	de
suowukuai	所务会	0	suowuhui	会	hui	kuai
supuchang	苏普长	0	supuzhang	长	zhang	chang
supudai	苏普大	0	supuda	大	da	dai
supuxian	苏普见	0	supujian	见	jian	xian
xiuqianxian	宿迁县	0	suqianxian	宿	su	xiu
xiuruhuang	宿儒黄	0	suruhuang	宿	su	xiu
xiusanzhou	宿三州	0	susanzhou	宿	su	xiu
xiushiyuanjia	宿世冤家	0	sushiyuanjia	宿	su	xiu
xiusongkuang	宿松矿	0	susongkuang	宿	su	xiu
xiusongxin	宿松新	0	susongxin	宿	su	xiu
xiutaiwei	宿太尉	0	sutaiwei	宿	su	xiu
xiuweiqin	宿卫亲	0	suweiqin	宿	su	xiu
xiuweizhe	宿卫者	0	suweizhe	宿	su	xiu
xiuxixian	宿西县	0	suxixian	宿	su	xiu
xiuyishi	宿一室	0	suyishi	宿	su	xiu
xiuyuan	宿缘	0	suyuan	宿	su	xiu
suyuandeichang	宿愿得偿	0	suyuandechang	得	de	dei
xiuyuandechang	宿愿得偿	0	suyuandechang	宿	su	xiu
xiuyuandeichang	宿愿得偿	0	suyuandechang	宿	su	xiu
xiuyuanjing	宿元景	0	suyuanjing	宿	su	xiu
xiuyuanyichang	宿愿已偿	0	suyuanyichang	宿	su	xiu
xiuyujia	宿于家	0	suyujia	宿	su	xiu
xiuzhai	宿债	0	suzhai	宿	su	xiu
xiuzhi	宿志	0	suzhi	宿	su	xiu
xiuzhoubo	宿周伯	0	suzhoubo	宿	su	xiu
taiyuewang	太乐网	0	tailewang	乐	le	yue
taishedihe	态射的核	0	taishedehe	的	de	di
taishuangliao	太爽了	0	taishuangle	了	le	liao
taiweihang	太尉行	0	taiweixing	行	xing	hang
taiweixian	太尉见	0	taiweijian	见	jian	xian
taiweixiu	太尉宿	0	taiweisu	宿	su	xiu
tanchenliang	檀称凉	0	tanchengliang	称	cheng	chen
tandainu	谭大怒	0	tandanu	大	da	dai
tandaiqiuquan	贪大求全	0	tandaqiuquan	大	da	dai
tandeicheng	谈得成	0	tandecheng	得	de	dei
tangbinxian	唐斌见	0	tangbinjian	见	jian	xian
tangchaoyang	唐朝阳	0	tangzhaoyang	朝	zhao	chao
tangdaipei	唐大沛	0	tangdapei	大	da	dai
tangercheng	唐而盛	0	tangersheng	盛	sheng	cheng
tangfenghang	唐封行	0	tangfengxing	行	xing	hang
tangganning	唐乾宁	0	tangqianning	乾	qian	gan
tanghuose	唐霍塞	0	tanghuosai	塞	sai	se
tangjiakuaicun	唐家会村	0	tangjiahuicun	会	hui	kuai
tangpeidai	汤沛大	0	tangpeida	大	da	dai
tangpeixian	汤沛见	0	tangpeijian	见	jian	xian
tangsengxian	唐僧见	0	tangsengjian	见	jian	xian
tangtongchai	唐通差	0	tangtongcha	差	cha	chai
tanque	碳炔	0	tangui	炔	gui	que
tanhuzhao	袒护着	0	tanhuzhe	着	zhe	zhao
tanhuzhuo	袒护着	0	tanhuzhe	着	zhe	zhuo
tanxian	探见	0	tanjian	见	jian	xian
tanladu	坍落度	0	tanluodu	落	luo	la
tanruzhao	谭入朝	0	tanruchao	朝	chao	zhao
tanwude	贪污地	0	tanwudi	地	di	de
taodailin	陶大临	0	taodalin	大	da	dai
taodaiyong	陶大镛	0	taodayong	大	da	dai
taodeier	陶得二	0	taodeer	得	de	dei
taojihui	陶系灰	0	taoxihui	系	xi	ji
taoyuexian	陶乐县	0	taolexian	乐	le	yue
taoqingkuoxing	陶情适性	0	taoqingshixing	适	shi	kuo
taoshixinfei	讨是寻非	0	taoshixunfei	寻	xun	xin
taotiandaihuo	滔天大祸	0	taotiandahuo	大	da	dai
tasewei	塔塞维	0	tasaiwei	塞	sai	se
tazhao	趿着	0	tazhe	着	zhe	zhao
tazhuo	趿着	0	tazhe	着	zhe	zhuo
tengji	誊给	0	tenggei	给	gei	ji
tengmocui	滕万翠	0	tengwancui	万	wan	mo
tengxiandaishi	滕县大石	0	tengxiandashi	大	da	dai
tengzexiuhang	藤泽秀行	0	tengzexiuxing	行	xing	hang
tesede	特塞德	0	tesaide	塞	sai	se
texinfang	特寻芳	0	texunfang	寻	xun	xin
tianchangchao	田长焯	0	tianzhangchao	长	zhang	chang
tiandaiwei	田大伟	0	tiandawei	大	da	dai
tiandechong	田德重	0	tiandezhong	重	zhong	chong
tianfudezhou	天覆地舟	0	tianfudizhou	地	di	de
tianganjing	舔乾净	0	tianqianjing	乾	qian	gan
tianhangjian	天行建	0	tianxingjian	行	xing	hang
tianhuolai	田和莱	0	tianhelai	和	he	huo
tianhundecan	天昏地惨	0	tianhundican	地	di	de
tianhundezhuan	天昏地转	0	tianhundizhuan	地	di	de
tianxiannuan	田见暖	0	tianjiannuan	见	jian	xian
tianxianxiu	田见秀	0	tianjianxiu	见	jian	xian
tianlongdehu	天龙地虎	0	tianlongdihu	地	di	de
tianlunyue	天伦乐	0	tianlunle	乐	le	yue
tianmojiang	田万江	0	tianwanjiang	万	wan	mo
tianmotai	田万太	0	tianwantai	万	wan	mo
tiaocaoshuai	跳槽率	0	tiaocaolv	率	lv	shuai
tiaochuanlahai	跳船落海	0	tiaochuanluohai	落	luo	la
tiaodongde	跳动地	0	tiaodongdi	地	di	de
tiaotiaomoli	迢迢万里	0	tiaotiaowanli	万	wan	mo
tibokuai	体博会	0	tibohui	会	hui	kuai
tiduxinyou	梯度寻优	0	tiduxunyou	寻	xun	xin
tiedainiu	铁大牛	0	tiedaniu	大	da	dai
tietan	铁弹	0	tiedan	弹	dan	tan
tiedeerhang	贴地而行	0	tiedierxing	地	di	de
tiedeerxing	贴地而行	0	tiedierxing	地	di	de
tiedierhang	贴地而行	0	tiedierxing	行	xing	hang
tietieyue	贴贴乐	0	tietiele	乐	le	yue
tijue	替角	0	tijiao	角	jiao	jue
tinazhao	提拿着	0	tinazhe	着	zhe	zhao
tinazhuo	提拿着	0	tinazhe	着	zhe	zhuo
tingbode	停泊地	0	tingbodi	地	di	de
tizhao	剃着	0	tizhe	着	zhe	zhao
tizhuo	剃着	0	tizhe	着	zhe	zhuo
tongbobi	砼薄壁	0	tongbaobi	薄	bao	bo
tongdaihuan	童大焕	0	tongdahuan	大	da	dai
tongdailei	佟大雷	0	tongdalei	大	da	dai
tongdaiqin	通大秦	0	tongdaqin	大	da	dai
tongdaixiao	佟大霄	0	tongdaxiao	大	da	dai
tonggenzhao	童跟著	0	tonggenzhu	著	zhu	zhao
tonggenzhe	童跟著	0	tonggenzhu	著	zhu	zhe
tonggenzhuo	童跟著	0	tonggenzhu	著	zhu	zhuo
tonggongshuai	统供率	0	tonggonglv	率	lv	shuai
tongguanxian	童贯见	0	tongguanjian	见	jian	xian
tongxianyang	通见杨	0	tongjianyang	见	jian	xian
tongkugongyue	同苦共乐	0	tongkugongle	乐	le	yue
tongleiji	同类系	0	tongleixi	系	xi	ji
tongpangneijue	同旁内角	0	tongpangneijiao	角	jiao	jue
tongweijue	同位角	0	tongweijiao	角	jiao	jue
tongzhaohuo	童兆和	0	tongzhaohe	和	he	huo
touqiaohuaiqu	头壳坏去	0	toukehuaiqu	壳	ke	qiao
toushemu	投射模	0	toushemo	模	mo	mu
touzishuai	投资率	0	touzilv	率	lv	shuai
tuanshisandai	团十三大	0	tuanshisanda	大	da	dai
tubianchunji	突变纯系	0	tubianchunxi	系	xi	ji
tubuluge	图卜鲁格	0	tuboluge	卜	bo	bu
tubujianhang	徒步健行	0	tubujianxing	行	xing	hang
tuchangwang	涂长望	0	tuzhangwang	长	zhang	chang
tudichonghua	土地重划	0	tudizhonghua	重	zhong	chong
tudeihong	涂得红	0	tudehong	得	de	dei
tuticang	土堤仓	0	tudicang	堤	di	ti
tuerde	吐尔地	0	tuerdi	地	di	de
tuiqiaojisu	蜕壳激素	0	tuikejisu	壳	ke	qiao
tuiweidiren	推诿的人	0	tuiweideren	的	de	di
tuxianghuadao	突降滑道	0	tujianghuadao	降	jiang	xiang
tula	秃落	0	tuluo	落	luo	la
tulubowa	土鲁蕃洼	0	tulufanwa	蕃	fan	bo
tuobucha	脱卜察	0	tuobocha	卜	bo	bu
tuoganjing	拖乾净	0	tuoqianjing	乾	qian	gan
tuomuji	脱模剂	0	tuomoji	模	mo	mu
tuopinshuai	脱贫率	0	tuopinlv	率	lv	shuai
tuoseni	托塞尼	0	tuosaini	塞	sai	se
turangjuan	土壤圈	0	turangquan	圈	quan	juan
tuzaishuai	屠宰率	0	tuzailv	率	lv	shuai
wahabu	瓦哈卜	0	wahabo	卜	bo	bu
waicuojue	外错角	0	waicuojiao	角	jiao	jue
waifenjuexian	外分角线	0	waifenjiaoxian	角	jiao	jue
waiqiangzhonggan	外强中乾	0	waiqiangzhongqian	乾	qian	gan
waixiuxuesheng	外宿学生	0	waisuxuesheng	宿	su	xiu
waiweikuai	外委会	0	waiweihui	会	hui	kuai
wangbadu	王拔都	0	wangbadou	都	dou	du
wangbifang	王辟方	0	wangpifang	辟	pi	bi
wangbikuai	王必会	0	wangbihui	会	hui	kuai
wangbinggan	王丙乾	0	wangbingqian	乾	qian	gan
wangchanglin	王长林	0	wangzhanglin	长	zhang	chang
wangchangshan	王长山	0	wangzhangshan	长	zhang	chang
wangchangshi	王长史	0	wangzhangshi	长	zhang	chang
wangchangshun	王长顺	0	wangzhangshun	长	zhang	chang
wangchenjun	王称君	0	wangchengjun	称	cheng	chen
wangchongmin	王重民	0	wangzhongmin	重	zhong	chong
wangzhuansong	王传淞	0	wangchuansong	传	chuan	zhuan
wangzhuanyi	王传一	0	wangchuanyi	传	chuan	zhuan
wangzhuanyu	王传谕	0	wangchuanyu	传	chuan	zhuan
wangzhuanzhi	王传志	0	wangchuanzhi	传	chuan	zhuan
wangdaikuan	王大宽	0	wangdakuan	大	da	dai
wangdailiang	王大亮	0	wangdaliang	大	da	dai
wangdailin	王大霖	0	wangdalin	大	da	dai
wangdailing	王大令	0	wangdaling	大	da	dai
wangdaiyong	王大勇	0	wangdayong	大	da	dai
wangdaizhen	王大真	0	wangdazhen	大	da	dai
wangdaogan	王道乾	0	wangdaoqian	乾	qian	gan
wangdeilu	王得禄	0	wangdelu	得	de	dei
wangdiji	王的姬	0	wangdeji	的	de	di
wangduxian	望都县	0	wangdouxian	都	dou	du
wangertiao	王尔调	0	wangerdiao	调	diao	tiao
wangganniang	王乾娘	0	wangqianniang	乾	qian	gan
wangguipian	王贵便	0	wangguibian	便	bian	pian
wangguidu	王贵都	0	wangguidou	都	dou	du
wangguiji	王贵系	0	wangguixi	系	xi	ji
wangguoweihuo	王国维和	0	wangguoweihe	和	he	huo
wanghaidu	王海都	0	wanghaidou	都	dou	du
wanghangyao	王行瑶	0	wangxingyao	行	xing	hang
wanghanxian	王汗见	0	wanghanjian	见	jian	xian
wanghuoding	王和定	0	wangheding	和	he	huo
wanghuofuren	王和夫人	0	wanghefuren	和	he	huo
wanghuogao	王和高	0	wanghegao	和	he	huo
wanghuojunshi	王和军师	0	wanghejunshi	和	he	huo
wanghuoru	王和汝	0	wangheru	和	he	huo
wanghuozhong	王和众	0	wanghezhong	和	he	huo
wangkuaisheng	王会生	0	wanghuisheng	会	hui	kuai
wangxianjin	王见晋	0	wangjianjin	见	jian	xian
wangxianyang	王见杨	0	wangjianyang	见	jian	xian
wangjiaosi	王觉斯	0	wangjuesi	觉	jue	jiao
wangjinmo	王金万	0	wangjinwan	万	wan	mo
wangyuekai	王乐恺	0	wanglekai	乐	le	yue
wanglixiang	王立降	0	wanglijiang	降	jiang	xiang
wangshuaishi	王率师	0	wanglvshi	率	lv	shuai
wangmoren	王万仞	0	wangwanren	万	wan	mo
wangmowu	王万勿	0	wangwanwu	万	wan	mo
wangmoyi	汪万翼	0	wangwanyi	万	wan	mo
wangpingxian	王平见	0	wangpingjian	见	jian	xian
wangqingpian	王庆便	0	wangqingbian	便	bian	pian
wangqingchai	王庆差	0	wangqingcha	差	cha	chai
wangqingdai	王庆大	0	wangqingda	大	da	dai
wangqingxian	王庆见	0	wangqingjian	见	jian	xian
wangrenpian	王仁便	0	wangrenbian	便	bian	pian
wangshuangbo	王双柏	0	wangshuangbai	柏	bai	bo
wangsongdai	王宋大	0	wangsongda	大	da	dai
wangsuozhuan	王所传	0	wangsuochuan	传	chuan	zhuan
wangtigan	王体乾	0	wangtiqian	乾	qian	gan
wangtingdei	王听得	0	wangtingde	得	de	dei
wangxiaodai	王小大	0	wangxiaoda	大	da	dai
wangxuedai	王学大	0	wangxueda	大	da	dai
wangyixian	王一见	0	wangyijian	见	jian	xian
wangyuwu	王于恶	0	wangyue	恶	e	wu
wangyueyue	王岳乐	0	wangyuele	乐	le	yue
wangyundai	王允大	0	wangyunda	大	da	dai
wangzhenwu	王镇恶	0	wangzhene	恶	e	wu
wangzhihui	王徵绘	0	wangzhenghui	徵	zheng	zhi
wangzhenzhao	王桢著	0	wangzhenzhu	著	zhu	zhao
wangzhenzhe	王桢著	0	wangzhenzhu	著	zhu	zhe
wangzhenzhuo	王桢著	0	wangzhenzhu	著	zhu	zhuo
wangzhizhao	王治朝	0	wangzhichao	朝	chao	zhao
wangzhiyue	王志乐	0	wangzhile	乐	le	yue
wangzhubo	王朱柏	0	wangzhubai	柏	bai	bo
wangzongji	王宗系	0	wangzongxi	系	xi	ji
wanhaoshuai	完好率	0	wanhaolv	率	lv	shuai
wanshangzhao	玩赏着	0	wanshangzhe	着	zhe	zhao
wanshangzhuo	玩赏着	0	wanshangzhe	着	zhe	zhuo
wanxinhenchong	玩心很重	0	wanxinhenzhong	重	zhong	chong
wasihang	瓦斯行	0	wasixing	行	xing	hang
weibingxian	魏兵见	0	weibingjian	见	jian	xian
weichangxian	魏长贤	0	weizhangxian	长	zhang	chang
weichaodei	魏朝得	0	weichaode	得	de	dei
weizhaode	魏朝得	0	weichaode	朝	chao	zhao
weizhaodei	魏朝得	0	weichaode	朝	chao	zhao
weizhaopin	魏朝聘	0	weichaopin	朝	chao	zhao
weichuhang	魏初行	0	weichuxing	行	xing	hang
weidaijing	维大惊	0	weidajing	大	da	dai
weidazhao	韦达著	0	weidazhu	著	zhu	zhao
weidazhe	韦达著	0	weidazhu	著	zhu	zhe
weidazhuo	韦达著	0	weidazhu	著	zhu	zhuo
weideihuanhe	未得缓和	0	weidehuanhe	得	de	dei
weidejingtian	纬地经天	0	weidijingtian	地	di	de
weidemalazhengfu	危地马拉政府	0	weidimalazhengfu	地	di	de
weidufu	魏都赋	0	weidoufu	都	dou	du
weiduluo	魏都洛	0	weidouluo	都	dou	du
weiduye	魏都邺	0	weidouye	都	dou	du
weifenghuo	卫葑和	0	weifenghe	和	he	huo
weifucheng	魏复盛	0	weifusheng	盛	sheng	cheng
weigongbo	魏宫薄	0	weigongbao	薄	bao	bo
weihuofei	维和费	0	weihefei	和	he	huo
weihongdi	卫红的	0	weihongde	的	de	di
weixiangfansheng	未降反升	0	weijiangfansheng	降	jiang	xiang
weixiangliang	魏降梁	0	weijiangliang	降	jiang	xiang
weixianyichang	未见异常	0	weijianyichang	见	jian	xian
weijiaoji	卫教系	0	weijiaoxi	系	xi	ji
weijishiqing	委系实情	0	weixishiqing	系	xi	ji
weijunxian	魏军见	0	weijunjian	见	jian	xian
weikende	围垦地	0	weikendi	地	di	de
weiliaoweng	魏了翁	0	weileweng	了	le	liao
weimingzhi	魏名徵	0	weimingzheng	徵	zheng	zhi
weimukuai	微模块	0	weimokuai	模	mo	mu
weimula	围模蜡	0	weimola	模	mo	mu
weiseer	韦塞尔	0	weisaier	塞	sai	se
weisejie	卫塞节	0	weisaijie	塞	sai	se
weisibianhuan	位似变换	0	weishibianhuan	似	shi	si
weisizhongxin	位似中心	0	weishizhongxin	似	shi	si
weituohang	委托行	0	weituoxing	行	xing	hang
weiwade	魏瓦地	0	weiwadi	地	di	de
weiwenchang	魏文长	0	weiwenzhang	长	zhang	chang
weiyise	韦伊塞	0	weiyisai	塞	sai	se
weiyuanchong	魏源重	0	weiyuanzhong	重	zhong	chong
weizhangshuai	违章率	0	weizhanglv	率	lv	shuai
weizhidai	魏徵代	0	weizhengdai	徵	zheng	zhi
weizhidian	魏徵典	0	weizhengdian	徵	zheng	zhi
weizhijin	魏徵进	0	weizhengjin	徵	zheng	zhi
weizhishao	魏徵少	0	weizhengshao	徵	zheng	zhi
weizhisui	魏徵遂	0	weizhengsui	徵	zheng	zhi
weizhizu	魏徵卒	0	weizhengzu	徵	zheng	zhi
weizhide	卫之地	0	weizhidi	地	di	de
weizhongyue	卫仲乐	0	weizhongle	乐	le	yue
weizongmo	魏宗万	0	weizongwan	万	wan	mo
weizunwangchong	位尊望重	0	weizunwangzhong	重	zhong	chong
wenchangdaoduan	问长道短	0	wenzhangdaoduan	长	zhang	chang
wenchengjin	文盛瑾	0	wenshengjin	盛	sheng	cheng
wendeibaoyu	闻得宝玉	0	wendebaoyu	得	de	dei
wendeijin	闻得今	0	wendejin	得	de	dei
wendeisun	闻得孙	0	wendesun	得	de	dei
wendeiwang	闻得王	0	wendewang	得	de	dei
wendeixian	闻得贤	0	wendexian	得	de	dei
wendeixiang	闻得香	0	wendexiang	得	de	dei
wendeiyan	闻得燕	0	wendeyan	得	de	dei
wendingbei	稳定臂	0	wendingbi	臂	bi	bei
wendingshuai	稳定率	0	wendinglv	率	lv	shuai
wenduerhan	温都尔汗	0	wendouerhan	都	dou	du
wengdaijing	翁大惊	0	wengdajing	大	da	dai
wengdainu	翁大怒	0	wengdanu	大	da	dai
wengxianyang	翁见杨	0	wengjianyang	见	jian	xian
wenglongcheng	翁隆盛	0	wenglongsheng	盛	sheng	cheng
wengmoliao	翁万料	0	wengwanliao	万	wan	mo
wenkuaiyan	文会宴	0	wenhuiyan	会	hui	kuai
wenjiadai	温家大	0	wenjiada	大	da	dai
wenjiankuai	文建会	0	wenjianhui	会	hui	kuai
wenjiaofei	文觉非	0	wenjuefei	觉	jue	jiao
wenliuxinhua	问柳寻花	0	wenliuxunhua	寻	xun	xin
wenmofu	闻万夫	0	wenwanfu	万	wan	mo
wensete	温塞特	0	wensaite	塞	sai	se
wenshenbu	闻神卜	0	wenshenbo	卜	bo	bu
wentichonggou	问题重构	0	wentizhonggou	重	zhong	chong
wentinghuo	温庭和	0	wentinghe	和	he	huo
wenwendi	温温的	0	wenwende	的	de	di
wenxiankuai	文献会	0	wenxianhui	会	hui	kuai
wenxude	温煦地	0	wenxudi	地	di	de
wenyunchang	闻云长	0	wenyunzhang	长	zhang	chang
wenzhongyouxiang	稳中有降	0	wenzhongyoujiang	降	jiang	xiang
wohangzhongbu	蜗行中步	0	woxingzhongbu	行	xing	hang
woselie	沃塞列	0	wosailie	塞	sai	se
wubailingjiumoliang	五百零九万两	0	wubailingjiuwanliang	万	wan	mo
wubaisanshiyumo	五百三十余万	0	wubaisanshiyuwan	万	wan	mo
wubaiwushiyumoliang	五百五十余万两	0	wubaiwushiyuwanliang	万	wan	mo
wuboying	吴柏英	0	wubaiying	柏	bai	bo
wubeizi	五棓子	0	wubangzi	棓	bang	bei
wubaoshuai	误报率	0	wubaolv	率	lv	shuai
wubingxian	吴兵见	0	wubingjian	见	jian	xian
wubingshe	吴兵折	0	wubingzhe	折	zhe	she
wubingzhao	吴炳著	0	wubingzhu	著	zhu	zhao
wubingzhe	吴炳著	0	wubingzhu	著	zhu	zhe
wubingzhuo	吴炳著	0	wubingzhu	著	zhu	zhuo
wubuzhi	巫卜之	0	wubozhi	卜	bo	bu
wubuzhu	巫卜祝	0	wubozhu	卜	bo	bu
wuchashuai	误差率	0	wuchalv	率	lv	shuai
wuchangde	伍长德	0	wuzhangde	长	zhang	chang
wuchangfeng	吴长风	0	wuzhangfeng	长	zhang	chang
wuchanggui	吴长贵	0	wuzhanggui	长	zhang	chang
wuchenchen	乌沈沈	0	wushenshen	沈	shen	chen
wuchenshen	乌沈沈	0	wushenshen	沈	shen	chen
wushenchen	乌沈沈	0	wushenshen	沈	shen	chen
wuchenfan	吴称藩	0	wuchengfan	称	cheng	chen
wuchengmojiu	无成没就	0	wuchengmeijiu	没	mei	mo
wuchongyuan	吴重远	0	wuzhongyuan	重	zhong	chong
wuzhuanjun	吴传钧	0	wuchuanjun	传	chuan	zhuan
wuzhuanyu	吴传玉	0	wuchuanyu	传	chuan	zhuan
wudaipeng	吴大鹏	0	wudapeng	大	da	dai
wudaiwei	吴大维	0	wudawei	大	da	dai
wudangchang	武当长	0	wudangzhang	长	zhang	chang
wudeiquan	武得全	0	wudequan	得	de	dei
wudeiwei	毋得违	0	wudewei	得	de	dei
wudonghuo	武东和	0	wudonghe	和	he	huo
wududong	武都东	0	wudoudong	都	dou	du
wuduping	吴都平	0	wudouping	都	dou	du
wuduxian	武都县	0	wudouxian	都	dou	du
wuerduwen	乌尔都文	0	wuerdouwen	都	dou	du
wufengqiaoguan	无缝壳冠	0	wufengkeguan	壳	ke	qiao
wujizhi	无给职	0	wugeizhi	给	gei	ji
wuguangpian	吴广便	0	wuguangbian	便	bian	pian
wuque	戊炔	0	wugui	炔	gui	que
wuhuolu	武和鹿	0	wuhelu	和	he	huo
wuhongyue	吴洪乐	0	wuhongle	乐	le	yue
wuhuanxiang	乌桓降	0	wuhuanjiang	降	jiang	xiang
wujiayue	吴家乐	0	wujiale	乐	le	yue
wuxianjing	武见敬	0	wujianjing	见	jian	xian
wujuedasha	五角大厦	0	wujiaodasha	角	jiao	jue
wujiaofei	吴觉非	0	wujuefei	觉	jue	jiao
wujiaonong	吴觉农	0	wujuenong	觉	jue	jiao
wujiaoying	吴觉迎	0	wujueying	觉	jue	jiao
wujizhuan	吴基传	0	wujichuan	传	chuan	zhuan
wujizhua	屋脊爪	0	wujizhao	爪	zhao	zhua
wujuantu	无圈图	0	wuquantu	圈	quan	juan
wuqiaowoniu	无壳蜗牛	0	wukewoniu	壳	ke	qiao
wuyueyao	五樂崾	0	wuleyao	樂	le	yue
wuliangchong	五两重	0	wuliangzhong	重	zhong	chong
wulide	无礼地	0	wulidi	地	di	de
wuliumohu	五六万户	0	wuliuwanhu	万	wan	mo
wuliumomi	五六万米	0	wuliuwanmi	万	wan	mo
wuliumopi	五六万匹	0	wuliuwanpi	万	wan	mo
wumahangkong	无马行空	0	wumaxingkong	行	xing	hang
wumo	伍万	0	wuwan	万	wan	mo
wumobaqianpingfangmi	五万八千平方米	0	wuwanbaqianpingfangmi	万	wan	mo
wumolingwubaigongli	五万零五百公里	0	wuwanlingwubaigongli	万	wan	mo
wumomu	五万亩	0	wuwanmu	万	wan	mo
wumoqiqianduo	五万七千多	0	wuwanqiqianduo	万	wan	mo
wumosanqianduogongli	五万三千多公里	0	wuwansanqianduogongli	万	wan	mo
wumotou	五万头	0	wuwantou	万	wan	mo
wumowuqian	五万五千	0	wuwanwuqian	万	wan	mo
wumoyujia	五万余家	0	wuwanyujia	万	wan	mo
wumoyuliang	五万余两	0	wuwanyuliang	万	wan	mo
wumude	无目地	0	wumudi	地	di	de
wumugaimo	乌姆盖万	0	wumugaiwan	万	wan	mo
wunongzhao	舞弄着	0	wunongzhe	着	zhe	zhao
wunongzhuo	舞弄着	0	wunongzhe	着	zhe	zhuo
wuqiakuai	乌洽会	0	wuqiahui	会	hui	kuai
wuqianduomo	五千多万	0	wuqianduowan	万	wan	mo
wuqianliubaisishiyimoyuliang	五千六百四十一万余两	0	wuqianliubaisishiyiwanyuliang	万	wan	mo
wuqianwubaiyumoyuan	五千五百余万元	0	wuqianwubaiyuwanyuan	万	wan	mo
wushengpian	吴升便	0	wushengbian	便	bian	pian
wushengxian	吴升见	0	wushengjian	见	jian	xian
wushiermoyu	五十二万余	0	wushierwanyu	万	wan	mo
wushiliumoliang	五十六万两	0	wushiliuwanliang	万	wan	mo
wushisimo	五十四万	0	wushisiwan	万	wan	mo
wushiwude	无时无地	0	wushiwudi	地	di	de
wushiwumoliang	五十五万两	0	wushiwuwanliang	万	wan	mo
wushiwumoyu	五十五万余	0	wushiwuwanyu	万	wan	mo
wushiyumopingfanggongli	五十余万平方公里	0	wushiyuwanpingfanggongli	万	wan	mo
wushudi	吴书的	0	wushude	的	de	di
wushushe	无数折	0	wushuzhe	折	zhe	she
wusizhao	乌斯著	0	wusizhu	著	zhu	zhao
wusizhe	乌斯著	0	wusizhu	著	zhu	zhe
wusizhuo	乌斯著	0	wusizhu	著	zhu	zhuo
wusundai	乌孙大	0	wusunda	大	da	dai
wuweikuai	吴为会	0	wuweihui	会	hui	kuai
wuxiaode	无效地	0	wuxiaodi	地	di	de
wuyanongzhua	舞牙弄爪	0	wuyanongzhao	爪	zhao	zhua
wuyongxian	吴用见	0	wuyongjian	见	jian	xian
wuyouxian	吴又见	0	wuyoujian	见	jian	xian
wuzhijiao	无知觉	0	wuzhijue	觉	jue	jiao
wuzhonghang	吴中行	0	wuzhongxing	行	xing	hang
wuzhutan	乌珠弹	0	wuzhudan	弹	dan	tan
wuzishuai	误字率	0	wuzilv	率	lv	shuai
wuzongzhao	武宗朝	0	wuzongchao	朝	chao	zhao
xiabeihujia	下臂护甲	0	xiabihujia	臂	bi	bei
xiabu	西阿卜	0	xiabo	卜	bo	bu
xiafengxian	夏风见	0	xiafengjian	见	jian	xian
xiaganliang	夏乾良	0	xiaqianliang	乾	qian	gan
xiaguohang	夏国行	0	xiaguoxing	行	xing	hang
xiahejuedian	下颌角点	0	xiahejiaodian	角	jiao	jue
xiancaigan	咸菜乾	0	xiancaiqian	乾	qian	gan
xianchenghoushuai	先盛后衰	0	xianshenghoushuai	盛	sheng	cheng
xianchideidian	先驰得点	0	xianchidedian	得	de	dei
xianchong	弦重	0	xianzhong	重	zhong	chong
xianchongshi	弦重市	0	xianzhongshi	重	zhong	chong
xiantan	险弹	0	xiandan	弹	dan	tan
xianti	险堤	0	xiandi	堤	di	ti
xianfenbianshuai	线分辨率	0	xianfenbianlv	率	lv	shuai
xiangchangxin	向长辛	0	xiangzhangxin	长	zhang	chang
xiangzhaozong	项朝宗	0	xiangchaozong	朝	chao	zhao
xiangzhuangong	向传功	0	xiangchuangong	传	chuan	zhuan
xiangdeershuaizheng	相地而衰征	0	xiangdiershuaizheng	地	di	de
xiangeyunhang	响遏云行	0	xiangeyunxing	行	xing	hang
xiangfangshedai	相仿蛇大	0	xiangfangsheda	大	da	dai
xiangfuerhang	相扶而行	0	xiangfuerxing	行	xing	hang
xianggemoli	相隔万里	0	xianggewanli	万	wan	mo
xiangguanyanmu	相关掩模	0	xiangguanyanmo	模	mo	mu
xiangjuecun	象角村	0	xiangjiaocun	角	jiao	jue
xiangjiaohua	向觉华	0	xiangjuehua	觉	jue	jiao
xiangjizhuan	相际传	0	xiangjichuan	传	chuan	zhuan
xiangshikuai	乡事会	0	xiangshihui	会	hui	kuai
xiangsimo	向斯万	0	xiangsiwan	万	wan	mo
xiangxinkuoyi	像心适意	0	xiangxinshiyi	适	shi	kuo
xiangxiujie	向绣桔	0	xiangxiuju	桔	ju	jie
xiangyunkuai	乡运会	0	xiangyunhui	会	hui	kuai
xianhaobixian	纤毫毕见	0	xianhaobijian	见	jian	xian
xianquanji	线圈系	0	xianquanxi	系	xi	ji
xianliaokailai	掀了开来	0	xianlekailai	了	le	liao
xianpengzhangshuai	线膨胀率	0	xianpengzhanglv	率	lv	shuai
xianrenzhaobian	先人着鞭	0	xianrenzhebian	着	zhe	zhao
xianrenzhuobian	先人着鞭	0	xianrenzhebian	着	zhe	zhuo
xiansande	闲散地	0	xiansandi	地	di	de
xianxiu	显宿	0	xiansu	宿	su	xiu
xianweikuai	县委会	0	xianweihui	会	hui	kuai
xianxiandi	咸咸的	0	xianxiande	的	de	di
xianyunkuai	县运会	0	xianyunhui	会	hui	kuai
xianzhaoxing	显着性	0	xianzhexing	着	zhe	zhao
xianzhuoxing	显着性	0	xianzhexing	着	zhe	zhuo
xianzhide	闲置地	0	xianzhidi	地	di	de
xiaobanhuo	萧半和	0	xiaobanhe	和	he	huo
xiaoboshi	小薄氏	0	xiaobaoshi	薄	bao	bo
xiaobaoyu	小宝吁	0	xiaobaoxu	吁	xu	yu
xiaoboqi	削波器	0	xueboqi	削	xue	xiao
xiaocaidaiyong	小才大用	0	xiaocaidayong	大	da	dai
xiaocaidaiyong	小材大用	0	xiaocaidayong	大	da	dai
xiaochangliang	小长梁	0	xiaozhangliang	长	zhang	chang
xiaodi	削低	0	xuedi	削	xue	xiao
xiaofangweiyuan	削方为圆	0	xuefangweiyuan	削	xue	xiao
xiaofenghang	萧峰行	0	xiaofengxing	行	xing	hang
xiaofengxian	萧峰见	0	xiaofengjian	见	jian	xian
xiaofengpinggu	削峰平谷	0	xuefengpinggu	削	xue	xiao
xiaolaixiaoqu	削来削去	0	xuelaixuequ	削	xue	xiao
xiaolaixuequ	削来削去	0	xuelaixuequ	削	xue	xiao
xuelaixiaoqu	削来削去	0	xuelaixuequ	削	xue	xiao
xiaolinjiao	小林觉	0	xiaolinjue	觉	jue	jiao
xiaotianhuozheng	小田和正	0	xiaotianhezheng	和	he	huo
xiaoweikuai	消委会	0	xiaoweihui	会	hui	kuai
xiaoxiaobi	削销笔	0	xuexiaobi	削	xue	xiao
xiaoyantanyu	硝烟弹雨	0	xiaoyandanyu	弹	dan	tan
xiaozujiulv	削足就履	0	xuezujiulv	削	xue	xiao
xibopocun	西柏坡村	0	xibaipocun	柏	bai	bo
xibopoxiang	西柏坡乡	0	xibaipoxiang	柏	bai	bo
xibiekuai	惜别会	0	xibiehui	会	hui	kuai
xibohang	西伯行	0	xiboxing	行	xing	hang
xichangyueting	喜唱乐听	0	xichangleting	乐	le	yue
xichencong	习称葱	0	xichengcong	称	cheng	chen
xichenqin	习称钦	0	xichengqin	称	cheng	chen
xichenwu	习称兀	0	xichengwu	称	cheng	chen
xichuanhang	西川行	0	xichuanxing	行	xing	hang
xichuanxian	西川见	0	xichuanjian	见	jian	xian
xidaiwei	奚大为	0	xidawei	大	da	dai
xideibai	习得白	0	xidebai	得	de	dei
xideixingwei	习得行为	0	xidexingwei	得	de	dei
xidehuantian	喜地欢天	0	xidihuantian	地	di	de
xidelan	西地兰	0	xidilan	地	di	de
xidubin	西都宾	0	xidoubin	都	dou	du
xiebulin	血卟啉	0	xuebulin	血	xue	xie
xiechangting	谢长廷	0	xiezhangting	长	zhang	chang
xieezhidu	邪恶之都	0	xieezhidou	都	dou	du
xiefuzhuyutang	血府逐瘀汤	0	xuefuzhuyutang	血	xue	xie
xiegaizhi	血钙质	0	xuegaizhi	血	xue	xie
xiehangqi	血行器	0	xuexingqi	血	xue	xie
xiexingqi	血行器	0	xuexingqi	血	xue	xie
xuehangqi	血行器	0	xuexingqi	行	xing	hang
xiehuogan	谐和感	0	xiehegan	和	he	huo
xiejuegui	斜角规	0	xiejiaogui	角	jiao	jue
xieke	血科	0	xueke	血	xue	xie
xiekulou	血骷髅	0	xuekulou	血	xue	xie
xieliaoen	谢了恩	0	xieleen	了	le	liao
xielun	血轮	0	xuelun	血	xue	xie
xieshuaibing	谢率兵	0	xielvbing	率	lv	shuai
xiemoxie	谢万谢	0	xiewanxie	万	wan	mo
xieqingsu	血青素	0	xueqingsu	血	xue	xie
xierexing	血热型	0	xuerexing	血	xue	xie
xiesaitong	血塞通	0	xuesaitong	血	xue	xie
xiesetong	血塞通	0	xuesaitong	血	xue	xie
xuesetong	血塞通	0	xuesaitong	塞	sai	se
xiewu	血汙	0	xuewu	血	xue	xie
xiexianchong	血线虫	0	xuexianchong	血	xue	xie
xiexietata	泄泄沓沓	0	xiexietada	沓	da	ta
xiexiu	血绣	0	xuexiu	血	xue	xie
xiexunwu	谢逊恶	0	xiexune	恶	e	wu
xieyingdanbai	血影蛋白	0	xueyingdanbai	血	xue	xie
xieyongruzhu	血涌如注	0	xueyongruzhu	血	xue	xie
xieyu	血域	0	xueyu	血	xue	xie
xieyulongyin	血域龙吟	0	xueyulongyin	血	xue	xie
xieyunchongjian	血运重建	0	xueyunchongjian	血	xue	xie
xieyutan	血余炭	0	xueyutan	血	xue	xie
xiezhao	血诏	0	xuezhao	血	xue	xie
xiezhuanglvde	楔状绿地	0	xiezhuanglvdi	地	di	de
xigancun	溪乾村	0	xiqiancun	乾	qian	gan
xigankun	习乾坤	0	xiqiankun	乾	qian	gan
xique	烯炔	0	xigui	炔	gui	que
xihaopoli	析毫剖厘	0	xihaopouli	剖	pou	po
xihaopomang	析毫剖芒	0	xihaopoumang	剖	pou	po
xihuojie	西和杰	0	xihejie	和	he	huo
xihuoxian	西和县	0	xihexian	和	he	huo
xijingpowei	析精剖微	0	xijingpouwei	剖	pou	po
xijuxueyuanbiaoyanji	戏剧学院表演系	0	xijuxueyuanbiaoyanxi	系	xi	ji
xilimo	西利万	0	xiliwan	万	wan	mo
xinajiu	寻阿舅	0	xunajiu	寻	xun	xin
xinboli	辛柏利	0	xinbaili	柏	bai	bo
xinbansuozhan	寻瘢索绽	0	xunbansuozhan	寻	xun	xin
xinbaotao	寻宝套	0	xunbaotao	寻	xun	xin
xinbaoyu	寻宝玉	0	xunbaoyu	寻	xun	xin
xinbiaoqi	寻标器	0	xunbiaoqi	寻	xun	xin
xinbisuoxia	寻弊索瑕	0	xunbisuoxia	寻	xun	xin
xinboshuai	心膊率	0	xinbolv	率	lv	shuai
xincha	寻查	0	xuncha	寻	xun	xin
xinchangyou	寻常疣	0	xunchangyou	寻	xun	xin
xinchousheng	寻仇生	0	xunchousheng	寻	xun	xin
xindasheng	寻大圣	0	xundasheng	寻	xun	xin
xindaiyu	寻黛玉	0	xundaiyu	寻	xun	xin
xindanyang	寻丹阳	0	xundanyang	寻	xun	xin
xindexian	寻地仙	0	xundixian	寻	xun	xin
xindixian	寻地仙	0	xundixian	寻	xun	xin
xundexian	寻地仙	0	xundixian	地	di	de
xindeya	辛地亚	0	xindiya	地	di	de
xindianer	寻点儿	0	xundianer	寻	xun	xin
xindianhuizuyizuzizhixian	寻甸回族彝族自治县	0	xundianhuizuyizuzizhixian	寻	xun	xin
xindingba	寻丁霸	0	xundingba	寻	xun	xin
xindugu	寻杜谷	0	xundugu	寻	xun	xin
xinfengbuying	寻风捕影	0	xunfengbuying	寻	xun	xin
xinfuzhi	寻夫至	0	xunfuzhi	寻	xun	xin
xingaili	寻改吏	0	xungaili	寻	xun	xin
xingchongcuojue	形重错觉	0	xingzhongcuojue	重	zhong	chong
xingenbashu	寻根拔树	0	xungenbashu	寻	xun	xin
xingenjiudi	寻根究抵	0	xungenjiudi	寻	xun	xin
xingjidiren	性急的人	0	xingjideren	的	de	di
xingongzi	寻公子	0	xungongzi	寻	xun	xin
xingtouhendai	兴头很大	0	xingtouhenda	大	da	dai
xingufeng	寻骨风	0	xungufeng	寻	xun	xin
xinque	辛炔	0	xingui	炔	gui	que
xinguojing	寻郭靖	0	xunguojing	寻	xun	xin
xingwuxian	幸勿见	0	xingwujian	见	jian	xian
xinhangshi	新行势	0	xinxingshi	行	xing	hang
xinhejingqiu	寻壑经丘	0	xunhejingqiu	寻	xun	xin
xinhuangrong	寻黄蓉	0	xunhuangrong	寻	xun	xin
xinkuai	顖会	0	xinhui	会	hui	kuai
xinhuizhe	寻回者	0	xunhuizhe	寻	xun	xin
xinjian	寻检	0	xunjian	寻	xun	xin
xinjinghanshu	寻径函数	0	xunjinghanshu	寻	xun	xin
xinjinli	寻进礼	0	xunjinli	寻	xun	xin
xinjiteng	寻棘藤	0	xunjiteng	寻	xun	xin
xinkaikou	寻开口	0	xunkaikou	寻	xun	xin
xinlaixin	寻来寻	0	xunlaixun	寻	xun	xin
xinlaixun	寻来寻	0	xunlaixun	寻	xun	xin
xunlaixin	寻来寻	0	xunlaixun	寻	xun	xin
xinlan	寻览	0	xunlan	寻	xun	xin
xinlaogao	寻老高	0	xunlaogao	寻	xun	xin
xinlaoyou	寻老尤	0	xunlaoyou	寻	xun	xin
xinlianke	寻连克	0	xunlianke	寻	xun	xin
xinliuzhumo	寻流逐末	0	xunliuzhumo	寻	xun	xin
xinlongru	寻龙入	0	xunlongru	寻	xun	xin
xinlongzhi	寻龙之	0	xunlongzhi	寻	xun	xin
xinluzhan	寻陆展	0	xunluzhan	寻	xun	xin
xinmama	寻妈妈	0	xunmama	寻	xun	xin
xinmeiji	寻妹记	0	xunmeiji	寻	xun	xin
xinmurong	寻慕容	0	xunmurong	寻	xun	xin
xinongzhao	戏弄着	0	xinongzhe	着	zhe	zhao
xinongzhuo	戏弄着	0	xinongzhe	着	zhe	zhuo
xinpian	寻片	0	xunpian	寻	xun	xin
xinqianfeng	寻迁奉	0	xunqianfeng	寻	xun	xin
xinqiaoling	寻巧玲	0	xunqiaoling	寻	xun	xin
xinqiuchulai	寻求出来	0	xunqiuchulai	寻	xun	xin
xinruchao	寻入朝	0	xunruchao	寻	xun	xin
xinruzhao	寻入朝	0	xunruchao	寻	xun	xin
xunruzhao	寻入朝	0	xunruchao	朝	chao	zhao
xinshagu	寻傻姑	0	xunshagu	寻	xun	xin
xinshanwenshui	寻山问水	0	xunshanwenshui	寻	xun	xin
xinshengdailou	新生大楼	0	xinshengdalou	大	da	dai
xinshengwusi	欣生恶死	0	xinshengesi	恶	e	wu
xinshifu	寻师父	0	xunshifu	寻	xun	xin
xinshiqilai	寻视起来	0	xunshiqilai	寻	xun	xin
xinshiqiu	寻师求	0	xunshiqiu	寻	xun	xin
xinshisheng	寻事生	0	xunshisheng	寻	xun	xin
xinshishengfei	寻事生非	0	xunshishengfei	寻	xun	xin
xinshuiquan	寻水泉	0	xunshuiquan	寻	xun	xin
xinshuxian	辛树见	0	xinshujian	见	jian	xian
xinsilaihuo	寻死赖活	0	xunsilaihuo	寻	xun	xin
xinsongjiang	寻宋江	0	xunsongjiang	寻	xun	xin
xinsu	寻俗	0	xunsu	寻	xun	xin
xinwuchang	寻无常	0	xunwuchang	寻	xun	xin
xinwuxian	寻乌县	0	xunwuxian	寻	xun	xin
xinxi	寻隙	0	xunxi	寻	xun	xin
xinxiaobao	寻小宝	0	xunxiaobao	寻	xun	xin
xinxiaolong	寻小龙	0	xunxiaolong	寻	xun	xin
xinxiaowenxi	寻消问息	0	xunxiaowenxi	寻	xun	xin
xinxidandai	心细胆大	0	xinxidanda	大	da	dai
xinxinfa	寻寻法	0	xunxunfa	寻	xun	xin
xinxunfa	寻寻法	0	xunxunfa	寻	xun	xin
xunxinfa	寻寻法	0	xunxunfa	寻	xun	xin
xinyi	寻译	0	xunyi	寻	xun	xin
xinyiji	寻移疾	0	xunyiji	寻	xun	xin
xinyisheng	寻一胜	0	xunyisheng	寻	xun	xin
xinyiwenyao	寻医问药	0	xunyiwenyao	寻	xun	xin
xinyiyan	寻以言	0	xunyiyan	寻	xun	xin
xinyoufangsheng	寻幽访胜	0	xunyoufangsheng	寻	xun	xin
xinyouruwei	寻幽入微	0	xunyouruwei	寻	xun	xin
xinyoutansheng	寻幽探胜	0	xunyoutansheng	寻	xun	xin
xinyuantaoben	寻源讨本	0	xunyuantaoben	寻	xun	xin
xinyuzhuozhao	信誉卓着	0	xinyuzhuozhe	着	zhe	zhao
xinyuzhuozhuo	信誉卓着	0	xinyuzhuozhe	着	zhe	zhuo
xinzhaochulai	寻找出来	0	xunzhaochulai	寻	xun	xin
xinzhaopeng	寻兆鹏	0	xunzhaopeng	寻	xun	xin
xinzhaoshiwu	寻找失物	0	xunzhaoshiwu	寻	xun	xin
xinzhaowuzhuo	寻找无着	0	xunzhaowuzhuo	寻	xun	xin
xinzhongxing	寻中星	0	xunzhongxing	寻	xun	xin
xinzhumu	寻主母	0	xunzhumu	寻	xun	xin
xiongdairun	熊大闰	0	xiongdarun	大	da	dai
xiongdeihen	凶得狠	0	xiongdehen	得	de	dei
xiongjinanbu	凶吉难卜	0	xiongjinanbo	卜	bo	bu
xiongjiujiude	雄赳赳地	0	xiongjiujiudi	地	di	de
xiongkemu	熊可模	0	xiongkemo	模	mo	mu
xiongxiongewu	凶凶恶恶	0	xiongxiongee	恶	e	wu
xiqiakuai	西洽会	0	xiqiahui	会	hui	kuai
xiseshanqu	西塞山区	0	xisaishanqu	塞	sai	se
xishengxian	奚胜见	0	xishengjian	见	jian	xian
xiuchenzeng	修沈增	0	xiushenzeng	沈	shen	chen
xiuhuocai	修和财	0	xiuhecai	和	he	huo
xiuligankun	袖里乾坤	0	xiuliqiankun	乾	qian	gan
xiushuhang	修术行	0	xiushuxing	行	xing	hang
xiuxianchang	修仙长	0	xiuxianzhang	长	zhang	chang
xiuzhengshuai	修正率	0	xiuzhenglv	率	lv	shuai
xiweihang	西魏行	0	xiweixing	行	xing	hang
xixiaogengge	洗削更革	0	xixuegengge	削	xue	xiao
xiyezhe	吸咽者	0	xiyanzhe	咽	yan	ye
xiyinjuan	吸引圈	0	xiyinquan	圈	quan	juan
xuanbeiqiao	悬臂桥	0	xuanbiqiao	臂	bi	bei
xuandaijing	玄大惊	0	xuandajing	大	da	dai
xuandainu	玄大怒	0	xuandanu	大	da	dai
xuandepian	玄德便	0	xuandebian	便	bian	pian
xuandechai	玄德差	0	xuandecha	差	cha	chai
xuandedai	玄德大	0	xuandeda	大	da	dai
xuandexian	玄德见	0	xuandejian	见	jian	xian
xuantiaoguan	旋调管	0	xuandiaoguan	调	diao	tiao
xuanguanzhuan	宣官传	0	xuanguanchuan	传	chuan	zhuan
xuanhuobo	宣和博	0	xuanhebo	和	he	huo
xuanhuojun	宣和君	0	xuanhejun	和	he	huo
xuanjinjue	旋进角	0	xuanjinjiao	角	jiao	jue
xuanraozhao	旋绕着	0	xuanraozhe	着	zhe	zhao
xuanraozhuo	旋绕着	0	xuanraozhe	着	zhe	zhuo
xuanse	旋塞	0	xuansai	塞	sai	se
xuansefa	旋塞阀	0	xuansaifa	塞	sai	se
xuansanzhao	宣三朝	0	xuansanchao	朝	chao	zhao
xuanyudai	轩宇大	0	xuanyuda	大	da	dai
xuanzeshuai	选择率	0	xuanzelv	率	lv	shuai
xuanzidai	玄子大	0	xuanzida	大	da	dai
xubonian	许柏年	0	xubainian	柏	bai	bo
xuboyu	徐柏玉	0	xubaiyu	柏	bai	bo
xucengchong	许曾重	0	xucengzhong	重	zhong	chong
xuchangqing	徐长卿	0	xuzhangqing	长	zhang	chang
xuchaoyang	许朝阳	0	xuzhaoyang	朝	zhao	chao
xuchengchuan	徐盛船	0	xushengchuan	盛	sheng	cheng
xuchenger	徐盛二	0	xushenger	盛	sheng	cheng
xuzhuanxi	许传玺	0	xuchuanxi	传	chuan	zhuan
xudaichun	徐大椿	0	xudachun	大	da	dai
xudailong	许大隆	0	xudalong	大	da	dai
xudaixianggong	许大相公	0	xudaxianggong	大	da	dai
xudeihai	须得海	0	xudehai	得	de	dei
xudeijing	须得静	0	xudejing	得	de	dei
xudeilian	须得连	0	xudelian	得	de	dei
xudeixin	须得寻	0	xudexun	得	de	dei
xudeixun	须得寻	0	xudexun	得	de	dei
xudexin	须得寻	0	xudexun	寻	xun	xin
xudeiyan	须得言	0	xudeyan	得	de	dei
xudeiyi	须得依	0	xudeyi	得	de	dei
xudeshan	许地山	0	xudishan	地	di	de
xutiaofu	徐调孚	0	xudiaofu	调	diao	tiao
xueshenbao	雪参包	0	xuecanbao	参	can	shen
xuezhuanxin	薛传薪	0	xuechuanxin	传	chuan	zhuan
xuedaimeimei	薛大妹妹	0	xuedameimei	大	da	dai
xuejiuqide	学究气地	0	xuejiuqidi	地	di	de
xuemobei	薛万备	0	xuewanbei	万	wan	mo
xuepanxian	薛蟠见	0	xuepanjian	见	jian	xian
xuhaishuai	徐海率	0	xuhailv	率	lv	shuai
xuhuanshan	许还山	0	xuhaishan	还	hai	huan
xuhangfu	续行符	0	xuxingfu	行	xing	hang
xuhangshui	续行水	0	xuxingshui	行	xing	hang
xuhuanerhang	徐缓而行	0	xuhuanerxing	行	xing	hang
xukuaifeng	徐会沣	0	xuhuifeng	会	hui	kuai
xukuailai	徐会来	0	xuhuilai	会	hui	kuai
xujizhao	蓄积着	0	xujizhe	着	zhe	zhao
xujizhuo	蓄积着	0	xujizhe	着	zhe	zhuo
xujuezhao	徐爵朝	0	xujuechao	朝	chao	zhao
xujuexian	徐爵见	0	xujuejian	见	jian	xian
xulaochang	徐老长	0	xulaozhang	长	zhang	chang
xumoli	许万里	0	xuwanli	万	wan	mo
xunhuoben	荀和本	0	xunheben	和	he	huo
xuntianxiade	熏天吓地	0	xuntianxiadi	地	di	de
xunxuxianjin	循序见进	0	xunxujianjin	见	jian	xian
xuseer	许塞尔	0	xusaier	塞	sai	se
xushenzhao	许慎著	0	xushenzhu	著	zhu	zhao
xushenzhe	许慎著	0	xushenzhu	著	zhu	zhe
xushenzhuo	许慎著	0	xushenzhu	著	zhu	zhuo
xushuozhao	叙说着	0	xushuozhe	着	zhe	zhao
xushuozhuo	叙说着	0	xushuozhe	着	zhe	zhuo
yutan	吁叹	0	xutan	吁	xu	yu
xutianyue	徐天乐	0	xutianle	乐	le	yue
xuxuedei	须学得	0	xuxuede	得	de	dei
xuyuanzhao	徐援朝	0	xuyuanchao	朝	chao	zhao
xuzhimu	徐智模	0	xuzhimo	模	mo	mu
yachai	轧差	0	yacha	差	cha	chai
yachangzhou	牙长轴	0	yazhangzhou	长	zhang	chang
yadanqiao	鸭蛋壳	0	yadanke	壳	ke	qiao
yatiao	哑调	0	yadiao	调	diao	tiao
yadulao	鸭都劳	0	yadoulao	都	dou	du
yahuee	雅虎哦哦	0	yahuoo	哦	o	e
yahueo	雅虎哦哦	0	yahuoo	哦	o	e
yahuoe	雅虎哦哦	0	yahuoo	哦	o	e
yajiaoshiying	压觉适应	0	yajueshiying	觉	jue	jiao
yalishandaiguangchang	亚历山大广场	0	yalishandaguangchang	大	da	dai
yalishandaitushuguan	亚历山大图书馆	0	yalishandatushuguan	大	da	dai
yanankangdai	延安抗大	0	yanankangda	大	da	dai
yanbidei	颜彼得	0	yanbide	得	de	dei
yanbogan	言伯乾	0	yanboqian	乾	qian	gan
yeceti	咽侧体	0	yanceti	咽	yan	ye
yanchengting	闫盛霆	0	yanshengting	盛	sheng	cheng
yanzhuan	衍传	0	yanchuan	传	chuan	zhuan
yandaimiao	言大妙	0	yandamiao	大	da	dai
yandiwu	燕的武	0	yandewu	的	de	di
yanwuyimei	掩恶溢美	0	yaneyimei	恶	e	wu
yanfushen	闫副参	0	yanfucan	参	can	shen
yangboling	杨柏龄	0	yangbailing	柏	bai	bo
yangshenwan	洋参丸	0	yangcanwan	参	can	shen
yangchanghuai	杨长槐	0	yangzhanghuai	长	zhang	chang
yangzhaodong	杨朝栋	0	yangchaodong	朝	chao	zhao
yangzhaoying	杨朝英	0	yangchaoying	朝	chao	zhao
yangchengpian	杨诚便	0	yangchengbian	便	bian	pian
yangchengtiao	杨诚调	0	yangchengdiao	调	diao	tiao
yangchengkuai	杨诚会	0	yangchenghui	会	hui	kuai
yangzhuantang	杨传堂	0	yangchuantang	传	chuan	zhuan
yangchunchang	杨春长	0	yangchunzhang	长	zhang	chang
yangdaihong	杨大洪	0	yangdahong	大	da	dai
yangdaizhang	杨大章	0	yangdazhang	大	da	dai
yangdehuo	杨德和	0	yangdehe	和	he	huo
yangdezuowu	养地作物	0	yangdizuowu	地	di	de
yangquechuiguan	氧炔吹管	0	yangguichuiguan	炔	gui	que
yangguoxian	杨过见	0	yangguojian	见	jian	xian
yangguojiao	杨过觉	0	yangguojue	觉	jue	jiao
yangguoshe	杨过折	0	yangguozhe	折	zhe	she
yangguoxiao	杨过削	0	yangguoxue	削	xue	xiao
yanghuoa	杨和阿	0	yanghea	和	he	huo
yanghuochen	杨和陈	0	yanghechen	和	he	huo
yanghuogu	杨和古	0	yanghegu	和	he	huo
yanghuolu	羊和鹿	0	yanghelu	和	he	huo
yanghuoming	杨和明	0	yangheming	和	he	huo
yanghuangbo	阳黄柏	0	yanghuangbai	柏	bai	bo
yanghuayanmu	氧化掩模	0	yanghuayanmo	模	mo	mu
yangjiahuo	杨家和	0	yangjiahe	和	he	huo
yangxiang	佯降	0	yangjiang	降	jiang	xiang
yangjiao	痒觉	0	yangjue	觉	jue	jiao
yangjue	秧角	0	yangjiao	角	jiao	jue
yangjicheng	杨继盛	0	yangjisheng	盛	sheng	cheng
yangjinghang	阳经行	0	yangjingxing	行	xing	hang
yangkangxian	杨康见	0	yangkangjian	见	jian	xian
yangkangla	杨康落	0	yangkangluo	落	luo	la
yangkanzhao	仰看着	0	yangkanzhe	着	zhe	zhao
yangkanzhuo	仰看着	0	yangkanzhe	着	zhe	zhuo
yangkaozhao	仰靠着	0	yangkaozhe	着	zhe	zhao
yangkaozhuo	仰靠着	0	yangkaozhe	着	zhe	zhuo
yanglaizhao	仰赖着	0	yanglaizhe	着	zhe	zhao
yanglaizhuo	仰赖着	0	yanglaizhe	着	zhe	zhuo
yangrenhuo	杨仁和	0	yangrenhe	和	he	huo
yangshanquwu	扬善去恶	0	yangshanque	恶	e	wu
yangshanyinwu	扬善隐恶	0	yangshanyine	恶	e	wu
yangshengdai	扬声大	0	yangshengda	大	da	dai
yangtianhang	杨天行	0	yangtianxing	行	xing	hang
yangtianyue	杨天乐	0	yangtianle	乐	le	yue
yangtongxuju	养痛畜疽	0	yangtongchuju	畜	chu	xu
yanguanshen	言官参	0	yanguancan	参	can	shen
yeguguan	咽鼓管	0	yanguguan	咽	yan	ye
yangxiongpian	杨雄便	0	yangxiongbian	便	bian	pian
yangxiongzhao	扬雄著	0	yangxiongzhu	著	zhu	zhao
yangxiongzhe	扬雄著	0	yangxiongzhu	著	zhu	zhe
yangxiongzhuo	扬雄著	0	yangxiongzhu	著	zhu	zhuo
yangyangmoyan	洋洋万言	0	yangyangwanyan	万	wan	mo
yangyanjuan	羊眼圈	0	yangyanquan	圈	quan	juan
yangyongjie	杨咏桔	0	yangyongju	桔	ju	jie
yangzhipian	杨志便	0	yangzhibian	便	bian	pian
yanhuodong	严和东	0	yanhedong	和	he	huo
yehoubiban	咽后壁瓣	0	yanhoubiban	咽	yan	ye
yanhuatan	烟花弹	0	yanhuadan	弹	dan	tan
yanhuzhao	掩护着	0	yanhuzhe	着	zhe	zhao
yanhuzhuo	掩护着	0	yanhuzhe	着	zhe	zhuo
yanjiande	盐硷地	0	yanjiandi	地	di	de
yanjiehuo	严介和	0	yanjiehe	和	he	huo
yejing	咽镜	0	yanjing	咽	yan	ye
yankangxian	颜康见	0	yankangjian	见	jian	xian
yankaokuai	研考会	0	yankaohui	会	hui	kuai
yankouladai	眼眍落袋	0	yankouluodai	落	luo	la
yanliujuan	岩流圈	0	yanliuquan	圈	quan	juan
yanmo	掩没	0	yanmei	没	mei	mo
yanmuduizhun	掩模对准	0	yanmoduizhun	模	mo	mu
yanpinghang	颜萍行	0	yanpingxing	行	xing	hang
yanqianpibo	眼浅皮薄	0	yanqianpibao	薄	bao	bo
yanqingdai	燕青大	0	yanqingda	大	da	dai
yanruozhao	颜若朝	0	yanruochao	朝	chao	zhao
yansongmo	严嵩万	0	yansongwan	万	wan	mo
yansuxian	严素见	0	yansujian	见	jian	xian
yantaimohua	烟台万华	0	yantaiwanhua	万	wan	mo
yanxikuai	研习会	0	yanxihui	会	hui	kuai
yanxuebo	颜学柏	0	yanxuebai	柏	bai	bo
yanyanzhao	严衍著	0	yanyanzhu	著	zhu	zhao
yanyanzhe	严衍著	0	yanyanzhu	著	zhu	zhe
yanyanzhuo	严衍著	0	yanyanzhu	著	zhu	zhuo
yanyongcheng	颜永盛	0	yanyongsheng	盛	sheng	cheng
yanzhenkuai	严阵会	0	yanzhenhui	会	hui	kuai
yanzongdu	艳宗都	0	yanzongdou	都	dou	du
yaobeizuan	摇臂钻	0	yaobizuan	臂	bi	bei
yaodaiwei	姚大伟	0	yaodawei	大	da	dai
yaogunjuan	摇滚圈	0	yaogunquan	圈	quan	juan
yaoyueyi	姚乐怡	0	yaoleyi	乐	le	yue
yaomingyue	姚明乐	0	yaomingle	乐	le	yue
yaoxiangyinghuo	遥相应和	0	yaoxiangyinghe	和	he	huo
yaozhaochun	咬着唇	0	yaozhechun	着	zhe	zhao
yaozhuochun	咬着唇	0	yaozhechun	着	zhe	zhuo
yaozhenkuai	姚真会	0	yaozhenhui	会	hui	kuai
yawendei	雅温得	0	yawende	得	de	dei
yazhao	轧着	0	yazhe	着	zhe	zhao
yazhuo	轧着	0	yazhe	着	zhe	zhuo
yazideimeng	哑子得梦	0	yazidemeng	得	de	dei
yechenglan	叶盛兰	0	yeshenglan	盛	sheng	cheng
yechengmo	叶诚万	0	yechengwan	万	wan	mo
yechengzhang	叶盛章	0	yeshengzhang	盛	sheng	cheng
yezhuanping	叶传萍	0	yechuanping	传	chuan	zhuan
yedaiying	叶大鹰	0	yedaying	大	da	dai
yedexunlian	野地训练	0	yedixunlian	地	di	de
yeermode	叶尔万德	0	yeerwande	万	wan	mo
yehuoan	叶和鞍	0	yehean	和	he	huo
yehuoya	叶和芽	0	yeheya	和	he	huo
yehuozhen	叶和真	0	yehezhen	和	he	huo
yejinggengchang	夜静更长	0	yejinggengzhang	长	zhang	chang
yejingmukuai	液晶模块	0	yejingmokuai	模	mo	mu
yelvchong	耶律重	0	yelvzhong	重	zhong	chong
yelvchongyuan	耶律重元	0	yelvzhongyuan	重	zhong	chong
yelvdei	耶律得	0	yelvde	得	de	dei
yesening	叶塞宁	0	yesaining	塞	sai	se
yeyuehuazhao	夜月花朝	0	yeyuehuachao	朝	chao	zhao
yibaiduomopingfanggongli	一百多万平方公里	0	yibaiduowanpingfanggongli	万	wan	mo
yibaiershibamo	一百二十八万	0	yibaiershibawan	万	wan	mo
yibaiershiduomo	一百二十多万	0	yibaiershiduowan	万	wan	mo
yibaiershijiumoyuan	一百二十九万元	0	yibaiershijiuwanyuan	万	wan	mo
yibaiershiyimo	一百二十一万	0	yibaiershiyiwan	万	wan	mo
yibailingqiyumoliang	一百零七余万两	0	yibailingqiyuwanliang	万	wan	mo
yibailiushiduomo	一百六十多万	0	yibailiushiduowan	万	wan	mo
yibaimobang	一百万镑	0	yibaiwanbang	万	wan	mo
yibaimohaosheng	一百万毫升	0	yibaiwanhaosheng	万	wan	mo
yibaimohu	一百万户	0	yibaiwanhu	万	wan	mo
yibaimojin	一百万斤	0	yibaiwanjin	万	wan	mo
yibaimoliangze	一百万两则	0	yibaiwanliangze	万	wan	mo
yibaimoping	一百万瓶	0	yibaiwanping	万	wan	mo
yibaiqishiduomo	一百七十多万	0	yibaiqishiduowan	万	wan	mo
yibaiqishiyimosiqianyu	一百七十一万四千余	0	yibaiqishiyiwansiqianyu	万	wan	mo
yibaisanshiduomohu	一百三十多万户	0	yibaisanshiduowanhu	万	wan	mo
yibaisanshiqimoliang	一百三十七万两	0	yibaisanshiqiwanliang	万	wan	mo
yibaisanshisimoduomu	一百三十四万多亩	0	yibaisanshisiwanduomu	万	wan	mo
yibaisanshisimoyuliang	一百三十四万余两	0	yibaisanshisiwanyuliang	万	wan	mo
yibaisanshiwumosanqiansibaiyishibaliang	一百三十五万三千四百一十八两	0	yibaisanshiwuwansanqiansibaiyishibaliang	万	wan	mo
yibaisanshiyumo	一百三十余万	0	yibaisanshiyuwan	万	wan	mo
yibaishiyimo	一百十一万	0	yibaishiyiwan	万	wan	mo
yibaisishiliumo	一百四十六万	0	yibaisishiliuwan	万	wan	mo
yibaisishiqimoyuqing	一百四十七万余顷	0	yibaisishiqiwanyuqing	万	wan	mo
yibaiwushiermo	一百五十二万	0	yibaiwushierwan	万	wan	mo
yibaiwushisimoyu	一百五十四万余	0	yibaiwushisiwanyu	万	wan	mo
yibaiyishibamosanqiansibaiqishiqimu	一百一十八万三千四百七十七亩	0	yibaiyishibawansanqiansibaiqishiqimu	万	wan	mo
yibaiyishiduomohu	一百一十多万户	0	yibaiyishiduowanhu	万	wan	mo
yibaiyishiermo	一百一十二万	0	yibaiyishierwan	万	wan	mo
yibaiyishierzhao	一百一十二着	0	yibaiyishierzhe	着	zhe	zhao
yibaiyishierzhuo	一百一十二着	0	yibaiyishierzhe	着	zhe	zhuo
yibaiyumoliang	一百余万两	0	yibaiyuwanliang	万	wan	mo
yibanshe	一半折	0	yibanzhe	折	zhe	she
yiboshang	衣薄裳	0	yibaoshang	薄	bao	bo
yibimoqing	一碧万倾	0	yibiwanqing	万	wan	mo
yibuchongbo	衣不重帛	0	yibuzhongbo	重	zhong	chong
yichangqi	衣长齐	0	yizhangqi	长	zhang	chang
yichongliu	异重流	0	yizhongliu	重	zhong	chong
yidaibiao	易大彪	0	yidabiao	大	da	dai
yidaililila	意大利里拉	0	yidalilila	大	da	dai
yidailiren	义大利人	0	yidaliren	大	da	dai
yidailishi	义大利式	0	yidalishi	大	da	dai
yidailiwang	义大利王	0	yidaliwang	大	da	dai
yidailiwen	义大利文	0	yidaliwen	大	da	dai
yidangdudai	一党独大	0	yidangduda	大	da	dai
yidesuanerna	依地酸二钠	0	yidisuanerna	地	di	de
yidianwumo	一点五万	0	yidianwuwan	万	wan	mo
yitiaozhixia	一调之下	0	yidiaozhixia	调	diao	tiao
yidongbei	移动臂	0	yidongbi	臂	bi	bei
yidongshuai	移动率	0	yidonglv	率	lv	shuai
yidujin	伊都锦	0	yidoujin	都	dou	du
yifaxian	易发见	0	yifajian	见	jian	xian
yifapodi	一发破的	0	yifapode	的	de	di
yiganerjing	一乾二净	0	yiqianerjing	乾	qian	gan
yigeliangmoduo	一个两万多	0	yigeliangwanduo	万	wan	mo
yigeliangmosiqianyuan	一个两万四千元	0	yigeliangwansiqianyuan	万	wan	mo
yigeshumo	一个数万	0	yigeshuwan	万	wan	mo
yigesijuan	一个四圈	0	yigesiquan	圈	quan	juan
yihemo	伊赫万	0	yihewan	万	wan	mo
yihuozhuang	义和庄	0	yihezhuang	和	he	huo
yihuiershuanghang	一会儿双行	0	yihuiershuangxing	行	xing	hang
yihuxian	一忽见	0	yihujian	见	jian	xian
yijiande	一箭地	0	yijiandi	地	di	de
yixianyiban	以见一斑	0	yijianyiban	见	jian	xian
yijiaoxiang	遗觉象	0	yijuexiang	觉	jue	jiao
yijushudei	一举数得	0	yijushude	得	de	dei
yijusidei	一举四得	0	yijuside	得	de	dei
yikanghuaixiesuanna	异抗坏血酸钠	0	yikanghuaixuesuanna	血	xue	xie
yikaozhao	倚靠着	0	yikaozhe	着	zhe	zhao
yikaozhuo	倚靠着	0	yikaozhe	着	zhe	zhuo
yilaxieshi	一落泻势	0	yiluoxieshi	落	luo	la
yiliangmomeiyuan	一两万美元	0	yiliangwanmeiyuan	万	wan	mo
yiliangshe	一两折	0	yiliangzhe	折	zhe	she
yilinbanzhua	一麟半爪	0	yilinbanzhao	爪	zhao	zhua
yiliuse	伊柳塞	0	yiliusai	塞	sai	se
yishuai	依率	0	yilv	率	lv	shuai
yimobaqianduoyuan	一万八千多元	0	yiwanbaqianduoyuan	万	wan	mo
yimoduoli	一万多例	0	yiwanduoli	万	wan	mo
yimoduopingfanggongli	一万多平方公里	0	yiwanduopingfanggongli	万	wan	mo
yimoduoqing	一万多顷	0	yiwanduoqing	万	wan	mo
yimoerqianli	一万二千里	0	yiwanerqianli	万	wan	mo
yimoerqianliang	一万二千两	0	yiwanerqianliang	万	wan	mo
yimoerqianliubaibashierxiang	一万二千六百八十二箱	0	yiwanerqianliubaibashierxiang	万	wan	mo
yimoerqianming	一万二千名	0	yiwanerqianming	万	wan	mo
yimoerqianmu	一万二千亩	0	yiwanerqianmu	万	wan	mo
yimoerqianwubaiyishier	一万二千五百一十二	0	yiwanerqianwubaiyishier	万	wan	mo
yimoerqianwubaiyu	一万二千五百余	0	yiwanerqianwubaiyu	万	wan	mo
yimoerqianwubaiyudun	一万二千五百余吨	0	yiwanerqianwubaiyudun	万	wan	mo
yimofuweng	义万富翁	0	yiwanfuweng	万	wan	mo
yimojian	一万间	0	yiwanjian	万	wan	mo
yimojian	伊万见	0	yiwanjian	万	wan	mo
yimoxian	伊万见	0	yiwanjian	万	wan	mo
yiwanxian	伊万见	0	yiwanjian	见	jian	xian
yimojiuqianyu	一万九千余	0	yiwanjiuqianyu	万	wan	mo
yimolingwubaiyijin	一万零五百亿斤	0	yiwanlingwubaiyijin	万	wan	mo
yimoliuqiansanbaihu	一万六千三百户	0	yiwanliuqiansanbaihu	万	wan	mo
yimonuowa	伊万诺娃	0	yiwannuowa	万	wan	mo
yimoqiqianduohu	一万七千多户	0	yiwanqiqianduohu	万	wan	mo
yimoqiqianyu	一万七千余	0	yiwanqiqianyu	万	wan	mo
yimosanqiankuai	一万三千块	0	yiwansanqiankuai	万	wan	mo
yimosanqianwubaijin	一万三千五百斤	0	yiwansanqianwubaijin	万	wan	mo
yimosanqianwubaiyishiqi	一万三千五百一十七	0	yiwansanqianwubaiyishiqi	万	wan	mo
yimosanqianyuzhong	一万三千余种	0	yiwansanqianyuzhong	万	wan	mo
yimosheng	一万声	0	yiwansheng	万	wan	mo
yimosiqianduoyuan	一万四千多元	0	yiwansiqianduoyuan	万	wan	mo
yimosiqianerbaisishisanhu	一万四千二百四十三户	0	yiwansiqianerbaisishisanhu	万	wan	mo
yimosiqianyuqing	一万四千余顷	0	yiwansiqianyuqing	万	wan	mo
yimowuqianduo	一万五千多	0	yiwanwuqianduo	万	wan	mo
yimowuqianerbaiyu	一万五千二百余	0	yiwanwuqianerbaiyu	万	wan	mo
yimowuqiange	一万五千个	0	yiwanwuqiange	万	wan	mo
yimowuqianjia	一万五千家	0	yiwanwuqianjia	万	wan	mo
yimowuqianming	一万五千名	0	yiwanwuqianming	万	wan	mo
yimowuqianyibaisishisijuan	一万五千一百四十四卷	0	yiwanwuqianyibaisishisijuan	万	wan	mo
yimowuqianyuan	一万五千元	0	yiwanwuqianyuan	万	wan	mo
yimoyudun	一万余吨	0	yiwanyudun	万	wan	mo
yimoyuqing	一万余顷	0	yiwanyuqing	万	wan	mo
yimozhan	一万盏	0	yiwanzhan	万	wan	mo
yimozong	一万宗	0	yiwanzong	万	wan	mo
yinanchongzheng	疑难重症	0	yinanzhongzheng	重	zhong	chong
yinchenchen	阴沈沈	0	yinshenshen	沈	shen	chen
yinchenshen	阴沈沈	0	yinshenshen	沈	shen	chen
yinshenchen	阴沈沈	0	yinshenshen	沈	shen	chen
yinchengzhang	尹盛章	0	yinshengzhang	盛	sheng	cheng
yindaibing	殷大炳	0	yindabing	大	da	dai
yindaimu	尹大目	0	yindamu	大	da	dai
yindaishi	殷大士	0	yindashi	大	da	dai
yindaixun	尹大勋	0	yindaxun	大	da	dai
yintangongshi	银弹攻势	0	yindangongshi	弹	dan	tan
yindeanhua	印地安话	0	yindianhua	地	di	de
yindejue	阴地蕨	0	yindijue	地	di	de
yinduqu	殷都区	0	yindouqu	都	dou	du
yindugongyelianhekuai	印度工业联合会	0	yindugongyelianhehui	会	hui	kuai
yingchizhide	盈尺之地	0	yingchizhidi	地	di	de
yingchunkuai	迎春会	0	yingchunhui	会	hui	kuai
yingduideiyi	应对得宜	0	yingduideyi	得	de	dei
yingfudeiyi	应付得宜	0	yingfudeyi	得	de	dei
yinggeerse	英格尔塞	0	yinggeersai	塞	sai	se
yingjiyu	应给于	0	yinggeiyu	给	gei	ji
yinghuowankuai	营火晚会	0	yinghuowanhui	会	hui	kuai
yingji	萦系	0	yingxi	系	xi	ji
yingjiezhuan	英杰传	0	yingjiechuan	传	chuan	zhuan
yingjujuan	影剧圈	0	yingjuquan	圈	quan	juan
yingliezhuan	英烈传	0	yingliechuan	传	chuan	zhuan
yingshicheng	应时盛	0	yingshisheng	盛	sheng	cheng
yingsuqiao	罂粟壳	0	yingsuke	壳	ke	qiao
yingyangmoli	鹰扬万里	0	yingyangwanli	万	wan	mo
yingzixian	英子见	0	yingzijian	见	jian	xian
yinhanghangyin	银行行印	0	yinhangxingyin	行	xing	hang
yinjue	阴角	0	yinjiao	角	jiao	jue
yinjixian	殷吉见	0	yinjijian	见	jian	xian
yinjinghang	阴经行	0	yinjingxing	行	xing	hang
yinliao	喑了	0	yinle	了	le	liao
yinmugao	印模膏	0	yinmogao	模	mo	mu
yinmumian	印模面	0	yinmomian	模	mo	mu
yinmushigao	印模石膏	0	yinmoshigao	模	mo	mu
yinmutuopan	印模托盘	0	yinmotuopan	模	mo	mu
yinqipianxian	引起偏见	0	yinqipianjian	见	jian	xian
yinshide	阴世地	0	yinshidi	地	di	de
yinsixian	阴司见	0	yinsijian	见	jian	xian
yinwancheng	银碗盛	0	yinwansheng	盛	sheng	cheng
yinxiaojiandai	因小见大	0	yinxiaojianda	大	da	dai
yinxiaoxianda	因小见大	0	yinxiaojianda	见	jian	xian
yinxiaoxiandai	因小见大	0	yinxiaojianda	见	jian	xian
yinyinchenchen	阴阴沈沈	0	yinyinshenshen	沈	shen	chen
yinyinchenshen	阴阴沈沈	0	yinyinshenshen	沈	shen	chen
yinyinshenchen	阴阴沈沈	0	yinyinshenshen	沈	shen	chen
yinyindi	阴阴的	0	yinyinde	的	de	di
yinzhua	阴爪	0	yinzhao	爪	zhao	zhua
yinzhuangdai	银庄大	0	yinzhuangda	大	da	dai
yiqianerbaiduomo	一千二百多万	0	yiqianerbaiduowan	万	wan	mo
yiqianerbailiushiermoyuliang	一千二百六十二万余两	0	yiqianerbailiushierwanyuliang	万	wan	mo
yiqianjiubailiushiyumoriyuan	一千九百六十余万日元	0	yiqianjiubailiushiyuwanriyuan	万	wan	mo
yiqianliubaiyishiliumoyu	一千六百一十六万余	0	yiqianliubaiyishiliuwanyu	万	wan	mo
yiqiansibaiershiqimoyuliang	一千四百二十七万余两	0	yiqiansibaiershiqiwanyuliang	万	wan	mo
yiqianwubaijiushiwumoyuliang	一千五百九十五万余两	0	yiqianwubaijiushiwuwanyuliang	万	wan	mo
yiqianyibaimodun	一千一百万吨	0	yiqianyibaiwandun	万	wan	mo
yiqianyibaimoyuan	一千一百万元	0	yiqianyibaiwanyuan	万	wan	mo
yiqianyumojin	一千余万斤	0	yiqianyuwanjin	万	wan	mo
yiqianyumoliang	一千余万两	0	yiqianyuwanliang	万	wan	mo
yiqianyumoyuan	一千余万元	0	yiqianyuwanyuan	万	wan	mo
yiqiyangxie	益气养血	0	yiqiyangxue	血	xue	xie
yirenzhuanxu	一人传虚	0	yirenchuanxu	传	chuan	zhuan
yisedun	伊塞顿	0	yisaidun	塞	sai	se
yiseer	伊塞尔	0	yisaier	塞	sai	se
yisekehu	伊塞克湖	0	yisaikehu	塞	sai	se
yishuliaozhi	一树了之	0	yishulezhi	了	le	liao
yishunzhao	依顺着	0	yishunzhe	着	zhe	zhao
yishunzhuo	依顺着	0	yishunzhe	着	zhe	zhuo
yisuihang	易随行	0	yisuixing	行	xing	hang
yiwanghang	亿网行	0	yiwangxing	行	xing	hang
yiweiji	易位系	0	yiweixi	系	xi	ji
yiweizhao	意谓着	0	yiweizhe	着	zhe	zhao
yiweizhuo	意谓着	0	yiweizhe	着	zhe	zhuo
yixiaojiandai	已小见大	0	yixiaojianda	大	da	dai
yixiaoxianda	已小见大	0	yixiaojianda	见	jian	xian
yixiaoxiandai	已小见大	0	yixiaojianda	见	jian	xian
yixiechangxie	以血偿血	0	yixuechangxue	血	xue	xie
yixiechangxue	以血偿血	0	yixuechangxue	血	xue	xie
yixuechangxie	以血偿血	0	yixuechangxue	血	xue	xie
yixunzhao	依循着	0	yixunzhe	着	zhe	zhao
yixunzhuo	依循着	0	yixunzhe	着	zhe	zhuo
yiyibaqianbabaiyumoyuan	一亿八千八百余万元	0	yiyibaqianbabaiyuwanyuan	万	wan	mo
yiyilingyibaimoliang	一亿零一百万两	0	yiyilingyibaiwanliang	万	wan	mo
yiyiliuqianduomoyuan	一亿六千多万元	0	yiyiliuqianduowanyuan	万	wan	mo
yiyisanqianyumoliang	一亿三千余万两	0	yiyisanqianyuwanliang	万	wan	mo
yiyiyiqianduomo	一亿一千多万	0	yiyiyiqianduowan	万	wan	mo
yizhanchangcai	一展长才	0	yizhanzhangcai	长	zhang	chang
yizhigankun	一掷乾坤	0	yizhiqiankun	乾	qian	gan
yizimodai	遗自万代	0	yiziwandai	万	wan	mo
yonghuoguoxiao	永和国小	0	yongheguoxiao	和	he	huo
yonghuoguozhong	永和国中	0	yongheguozhong	和	he	huo
yongxian	庸见	0	yongjian	见	jian	xian
yongyuezhen	永乐镇	0	yonglezhen	乐	le	yue
yongrenzhichang	用人之长	0	yongrenzhizhang	长	zhang	chang
yongse	涌塞	0	yongsai	塞	sai	se
youchang	酉长	0	youzhang	长	zhang	chang
youzhaoting	由朝庭	0	youchaoting	朝	chao	zhao
youzhaoyan	有朝彦	0	youchaoyan	朝	chao	zhao
youdaihong	由大鸿	0	youdahong	大	da	dai
youhangwushi	有行无市	0	youxingwushi	行	xing	hang
youkuaiji	游会稽	0	youhuiji	会	hui	kuai
youkuaijia	优会价	0	youhuijia	会	hui	kuai
youxiangtang	优降糖	0	youjiangtang	降	jiang	xiang
youliangshuai	优良率	0	youlianglv	率	lv	shuai
youmeishen	由美参	0	youmeican	参	can	shen
youmoke	尤万科	0	youwanke	万	wan	mo
youmonuo	尤万诺	0	youwannuo	万	wan	mo
youqiweigan	油漆未乾	0	youqiweiqian	乾	qian	gan
youtianerxiang	由天而降	0	youtianerjiang	降	jiang	xiang
youtoumowei	有头没尾	0	youtoumeiwei	没	mei	mo
youxingde	油性地	0	youxingdi	地	di	de
youxinsifen	忧心似焚	0	youxinshifen	似	shi	si
youxumu	右序模	0	youxumo	模	mo	mu
youyibu	由易卜	0	youyibo	卜	bo	bu
youyouyeye	幽幽咽咽	0	youyouyeyan	咽	yan	ye
youyouzikuo	优游自适	0	youyouzishi	适	shi	kuo
youyuancengji	油源层系	0	youyuancengxi	系	xi	ji
youyucheng	由裕盛	0	youyusheng	盛	sheng	cheng
youyudeishui	犹鱼得水	0	youyudeshui	得	de	dei
yuanchanghai	袁长海	0	yuanzhanghai	长	zhang	chang
yuanchenyi	原称义	0	yuanchengyi	称	cheng	chen
yuandaidu	袁大督	0	yuandadu	大	da	dai
yuandaihong	袁大洪	0	yuandahong	大	da	dai
yuanedaihan	元恶大憨	0	yuanedahan	大	da	dai
yuanwudahan	元恶大憨	0	yuanedahan	恶	e	wu
yuanwudaihan	元恶大憨	0	yuanedahan	恶	e	wu
yuanpanpa	圆盘耙	0	yuanpanba	耙	ba	pa
yuanqidaishuai	元气大衰	0	yuanqidashuai	大	da	dai
yuanshaodai	袁绍大	0	yuanshaoda	大	da	dai
yuanshaoxian	袁绍见	0	yuanshaojian	见	jian	xian
yuanshichong	原石重	0	yuanshizhong	重	zhong	chong
yuanshuiliuchang	源水流长	0	yuanshuiliuzhang	长	zhang	chang
yuantiancheng	元田盛	0	yuantiansheng	盛	sheng	cheng
yuantianyuande	冤天冤地	0	yuantianyuandi	地	di	de
yuantingtiao	元廷调	0	yuantingdiao	调	diao	tiao
yubobi	于薄壁	0	yubaobi	薄	bao	bo
yubeijiang	玉臂匠	0	yubijiang	臂	bi	bei
yucangzhao	预藏着	0	yucangzhe	着	zhe	zhao
yucangzhuo	预藏着	0	yucangzhe	着	zhe	zhuo
yuchanghong	于长洪	0	yuzhanghong	长	zhang	chang
yuchanglin	喻长林	0	yuzhanglin	长	zhang	chang
yuzhaofeng	俞朝奉	0	yuchaofeng	朝	chao	zhao
yuchensuanfu	宇称算符	0	yuchengsuanfu	称	cheng	chen
yudaichang	于大昌	0	yudachang	大	da	dai
yudailong	于大龙	0	yudalong	大	da	dai
yudaiwen	于大汶	0	yudawen	大	da	dai
yudeba	淤地坝	0	yudiba	地	di	de
yudifuhe	域的复合	0	yudefuhe	的	de	di
yudichai	玉帝差	0	yudicha	差	cha	chai
yudizhuan	玉帝传	0	yudichuan	传	chuan	zhuan
yudixian	玉帝见	0	yudijian	见	jian	xian
yuwubo	于恶波	0	yuebo	恶	e	wu
yuedaizhang	岳大掌	0	yuedazhang	大	da	dai
yuekejue	约克角	0	yuekejiao	角	jiao	jue
yueyuecai	岳乐才	0	yuelecai	乐	le	yue
yueyuetan	岳乐叹	0	yueletan	乐	le	yue
yueyuexiao	岳乐笑	0	yuelexiao	乐	le	yue
yuezhikuolv	刖趾适履	0	yuezhishilv	适	shi	kuo
yufubo	俞福柏	0	yufubai	柏	bai	bo
yugandao	于乾道	0	yuqiandao	乾	qian	gan
yuhanggong	於行功	0	yuxinggong	行	xing	hang
yuhuoyao	禹和尧	0	yuheyao	和	he	huo
yuhouhuo	虞候和	0	yuhouhe	和	he	huo
yuhuaihuo	余怀和	0	yuhuaihe	和	he	huo
yuhuangzhuan	玉皇传	0	yuhuangchuan	传	chuan	zhuan
yukuaifang	于会芳	0	yuhuifang	会	hui	kuai
yuxian	迂见	0	yujian	见	jian	xian
yuxianbaoyu	玉见宝玉	0	yujianbaoyu	见	jian	xian
yujiao	预觉	0	yujue	觉	jue	jiao
yuletiao	于乐调	0	yulediao	调	diao	tiao
yuyuediao	于乐调	0	yulediao	乐	le	yue
yuyuetiao	于乐调	0	yulediao	乐	le	yue
yuyueguo	鱼乐国	0	yuleguo	乐	le	yue
yuyueshou	于乐寿	0	yuleshou	乐	le	yue
yuyueyi	于乐艺	0	yuleyi	乐	le	yue
yuyuezhongxin	育乐中心	0	yulezhongxin	乐	le	yue
yulongmo	玉隆万	0	yulongwan	万	wan	mo
yumanjian	预埋件	0	yumaijian	埋	mai	man
yumenbuyue	郁闷不乐	0	yumenbule	乐	le	yue
yumingdouchong	榆暝豆重	0	yumingdouzhong	重	zhong	chong
yumu	羽模	0	yumo	模	mo	mu
yumodu	余万度	0	yuwandu	万	wan	mo
yumogangyuan	余万港元	0	yuwangangyuan	万	wan	mo
yumogongqing	余万公顷	0	yuwangongqing	万	wan	mo
yumogu	余万股	0	yuwangu	万	wan	mo
yumohao	余万号	0	yuwanhao	万	wan	mo
yumoting	于万亭	0	yuwanting	万	wan	mo
yumozhong	余万种	0	yuwanzhong	万	wan	mo
yunchanggong	云长公	0	yunzhanggong	长	zhang	chang
yunchanghe	云长何	0	yunzhanghe	长	zhang	chang
yunchangjiao	云长交	0	yunzhangjiao	长	zhang	chang
yunchangjin	云长今	0	yunzhangjin	长	zhang	chang
yunchangjun	云长军	0	yunzhangjun	长	zhang	chang
yunchangkong	云长恐	0	yunzhangkong	长	zhang	chang
yunchangling	云长领	0	yunzhangling	长	zhang	chang
yunchangnai	云长乃	0	yunzhangnai	长	zhang	chang
yunchangshou	云长守	0	yunzhangshou	长	zhang	chang
yunchangti	云长提	0	yunzhangti	长	zhang	chang
yunchangwei	云长未	0	yunzhangwei	长	zhang	chang
yunchangyin	云长引	0	yunzhangyin	长	zhang	chang
yunchangyu	云长欲	0	yunzhangyu	长	zhang	chang
yunchangzhi	云长知	0	yunzhangzhi	长	zhang	chang
yunxu	孕畜	0	yunchu	畜	chu	xu
yunde	耘地	0	yundi	地	di	de
yunfeishuai	运费率	0	yunfeilv	率	lv	shuai
yungenzhao	云根朝	0	yungenchao	朝	chao	zhao
yunxingpomian	运行剖面	0	yunxingpoumian	剖	pou	po
yunmo	殒没	0	yunmei	没	mei	mo
yuse	郁塞	0	yusai	塞	sai	se
yushanhang	玉山行	0	yushanxing	行	xing	hang
yusheiguizui	欲谁归罪	0	yushuiguizui	谁	shui	shei
yuweikuai	预委会	0	yuweihui	会	hui	kuai
yuwenjiao	宇文觉	0	yuwenjue	觉	jue	jiao
yuwenjiaoyou	宇文觉幼	0	yuwenjueyou	觉	jue	jiao
yuwenyue	余文乐	0	yuwenle	乐	le	yue
yuxie	郁血	0	yuxue	血	xue	xie
yuyanhuanzhi	欲言还止	0	yuyanhaizhi	还	hai	huan
yuyumu	鱼虞模	0	yuyumo	模	mo	mu
yuzuobo	俞作柏	0	yuzuobai	柏	bai	bo
zahuocai	杂和菜	0	zahecai	和	he	huo
zaixuliang	载畜量	0	zaichuliang	畜	chu	xu
zaihaibu	宰海卜	0	zaihaibo	卜	bo	bu
zaihuoqing	宰和卿	0	zaiheqing	和	he	huo
zaihuoyi	宰和邑	0	zaiheyi	和	he	huo
zaihuoshuai	载货率	0	zaihuolv	率	lv	shuai
zaijiuyeshuai	再就业率	0	zaijiuyelv	率	lv	shuai
zaikeshuai	载客率	0	zaikelv	率	lv	shuai
zainalini	再那里呢	0	zainaline	呢	ne	ni
zaiqingcanchong	灾情惨重	0	zaiqingcanzhong	重	zhong	chong
zaitiexianshuai	再贴现率	0	zaitiexianlv	率	lv	shuai
zangzhuanyin	臧传引	0	zangchuanyin	传	chuan	zhuan
zangtan	脏弹	0	zangdan	弹	dan	tan
zanxiang	暂降	0	zanjiang	降	jiang	xiang
zaochengduola	造成堕落	0	zaochengduoluo	落	luo	la
zaokuaishijian	早会时间	0	zaohuishijian	会	hui	kuai
zaojiezaohuan	早借早还	0	zaojiezaohai	还	hai	huan
zechongshanyue	责重山岳	0	zezhongshanyue	重	zhong	chong
zengtianding	增田町	0	zengtianting	町	ting	ding
zengzhishuai	增值率	0	zengzhilv	率	lv	shuai
zengzhishuai	增殖率	0	zengzhilv	率	lv	shuai
zeshenenchong	泽深恩重	0	zeshenenzhong	重	zhong	chong
zhaixiu	斋宿	0	zhaisu	宿	su	xiu
zhangzhaotang	张朝唐	0	zhangchaotang	朝	chao	zhao
zhangzhaoxiang	张朝祥	0	zhangchaoxiang	朝	chao	zhao
zhangchizhao	仗持着	0	zhangchizhe	着	zhe	zhao
zhangchizhuo	仗持着	0	zhangchizhe	着	zhe	zhuo
zhangchizhao	掌持着	0	zhangchizhe	着	zhe	zhao
zhangchizhuo	掌持着	0	zhangchizhe	着	zhe	zhuo
zhangchonghua	张重华	0	zhangzhonghua	重	zhong	chong
zhangzhuanman	张传满	0	zhangchuanman	传	chuan	zhuan
zhangdailang	章大郎	0	zhangdalang	大	da	dai
zhangdaiqilai	涨大起来	0	zhangdaqilai	大	da	dai
zhangdeiqin	张得勤	0	zhangdeqin	得	de	dei
zhangdeixiang	张得象	0	zhangdexiang	得	de	dei
zhangdongjue	章动角	0	zhangdongjiao	角	jiao	jue
zhangdujian	张都监	0	zhangdoujian	都	dou	du
zhangguazhao	张挂着	0	zhangguazhe	着	zhe	zhao
zhangguazhuo	张挂着	0	zhangguazhe	着	zhe	zhuo
zhangguhang	张顾行	0	zhangguxing	行	xing	hang
zhangguoliaotou	涨过了头	0	zhangguoletou	了	le	liao
zhanghangyan	章行严	0	zhangxingyan	行	xing	hang
zhanghuoling	张和龄	0	zhangheling	和	he	huo
zhanghuapian	张华便	0	zhanghuabian	便	bian	pian
zhangjingkuai	掌竟会	0	zhangjinghui	会	hui	kuai
zhanglisi	掌力似	0	zhanglishi	似	shi	si
zhangludai	张鲁大	0	zhangluda	大	da	dai
zhangshuaibing	章率兵	0	zhanglvbing	率	lv	shuai
zhangmoxian	张万仙	0	zhangwanxian	万	wan	mo
zhangpingdi	张平的	0	zhangpingde	的	de	di
zhangqingpian	张清便	0	zhangqingbian	便	bian	pian
zhangqingxian	张清见	0	zhangqingjian	见	jian	xian
zhangshichong	张石重	0	zhangshizhong	重	zhong	chong
zhangshikuai	张士会	0	zhangshihui	会	hui	kuai
zhangshundai	张顺大	0	zhangshunda	大	da	dai
zhangshunxian	张顺见	0	zhangshunjian	见	jian	xian
zhangxiutang	张宿堂	0	zhangsutang	宿	su	xiu
zhangxunzhao	张勋朝	0	zhangxunchao	朝	chao	zhao
zhangyonghuo	张永和	0	zhangyonghe	和	he	huo
zhangzhaochong	张召重	0	zhangzhaozhong	重	zhong	chong
zhangzhendei	掌震得	0	zhangzhende	得	de	dei
zhanhuozhu	詹和主	0	zhanhezhu	和	he	huo
zhanzhaoji	展着剂	0	zhanzheji	着	zhe	zhao
zhanzhuoji	展着剂	0	zhanzheji	着	zhe	zhuo
zhaobiaokuai	招标会	0	zhaobiaohui	会	hui	kuai
zhuabu	爪部	0	zhaobu	爪	zhao	zhua
zhaobuchang	赵步长	0	zhaobuzhang	长	zhang	chang
zhaochangping	赵长平	0	zhaozhangping	长	zhang	chang
zhaochangyi	赵长义	0	zhaozhangyi	长	zhang	chang
zhuachantai	爪蟾肽	0	zhaochantai	爪	zhao	zhua
zhuozhongde	着重地	0	zhuozhongdi	地	di	de
zhaocijinhang	照此进行	0	zhaocijinxing	行	xing	hang
zhaodaichui	赵大锤	0	zhaodachui	大	da	dai
zhaodidaoren	赵的道人	0	zhaodedaoren	的	de	di
zhaodijun	赵的郡	0	zhaodejun	的	de	di
zhaodizhuo	赵的卓	0	zhaodezhuo	的	de	di
zhuadou	爪斗	0	zhaodou	爪	zhao	zhua
zhuahen	爪痕	0	zhaohen	爪	zhao	zhua
zhaohuonianjian	昭和年间	0	zhaohenianjian	和	he	huo
zhaoji	着绩	0	zheji	着	zhe	zhao
zhuoji	着绩	0	zheji	着	zhe	zhuo
zhaojiaoxian	昭觉县	0	zhaojuexian	觉	jue	jiao
zhaoqiao	罩壳	0	zhaoke	壳	ke	qiao
zhaoluguize	著录规则	0	zhuluguize	著	zhu	zhao
zheluguize	著录规则	0	zhuluguize	著	zhu	zhe
zhuoluguize	著录规则	0	zhuluguize	著	zhu	zhuo
zhaominpian	赵敏便	0	zhaominbian	便	bian	pian
zhaominxian	赵敏见	0	zhaominjian	见	jian	xian
zhaoqianxian	赵谦见	0	zhaoqianjian	见	jian	xian
zhaoshangyinhangshenzhenbaoanzhihang	招商银行深圳宝安支行	0	zhaoshangyinhangshenzhenbaoanzhixing	行	xing	hang
zhaosheshuai	照射率	0	zhaoshelv	率	lv	shuai
zhaoshi	著实	0	zhushi	著	zhu	zhao
zheshi	著实	0	zhushi	著	zhu	zhe
zhuoshi	著实	0	zhushi	著	zhu	zhuo
zhaoshu	着述	0	zheshu	着	zhe	zhao
zhuoshu	着述	0	zheshu	着	zhe	zhuo
zhaosijiyin	着丝基因	0	zhesijiyin	着	zhe	zhao
zhuosijiyin	着丝基因	0	zhesijiyin	着	zhe	zhuo
zhaoweikuai	招委会	0	zhaoweihui	会	hui	kuai
zhaoxiangganpian	照相乾片	0	zhaoxiangqianpian	乾	qian	gan
zhaoxuzhao	赵顼朝	0	zhaoxuchao	朝	chao	zhao
zhaoyundei	赵云得	0	zhaoyunde	得	de	dei
zhaozeshuai	沼泽率	0	zhaozelv	率	lv	shuai
zhaozhemulu	著者目录	0	zhuzhemulu	著	zhu	zhao
zhezhemulu	著者目录	0	zhuzhemulu	著	zhu	zhe
zhuozhemulu	著者目录	0	zhuzhemulu	著	zhu	zhuo
zhaozhenzhao	赵祯朝	0	zhaozhenchao	朝	chao	zhao
zhaozhesuoyin	著者索引	0	zhuzhesuoyin	著	zhu	zhao
zhezhesuoyin	著者索引	0	zhuzhesuoyin	著	zhu	zhe
zhuozhesuoyin	著者索引	0	zhuzhesuoyin	著	zhu	zhuo
zhaozuoren	着作人	0	zhezuoren	着	zhe	zhao
zhuozuoren	着作人	0	zhezuoren	着	zhe	zhuo
zhaozuoshi	著作史	0	zhuzuoshi	著	zhu	zhao
zhezuoshi	著作史	0	zhuzuoshi	著	zhu	zhe
zhuozuoshi	著作史	0	zhuzuoshi	著	zhu	zhuo
zhazhaodanzi	奓着胆子	0	zhazhedanzi	着	zhe	zhao
zhazhuodanzi	奓着胆子	0	zhazhedanzi	着	zhe	zhuo
zhexiang	谪降	0	zhejiang	降	jiang	xiang
zhenbuwenzi	贞卜文字	0	zhenbowenzi	卜	bo	bu
zhendanji	震旦系	0	zhendanxi	系	xi	ji
zhendixiang	甄的香	0	zhendexiang	的	de	di
zhenduanshuai	诊断率	0	zhenduanlv	率	lv	shuai
zhengboshun	郑柏顺	0	zhengbaishun	柏	bai	bo
zhengbanshuai	正版率	0	zhengbanlv	率	lv	shuai
zhibingfa	徵兵法	0	zhengbingfa	徵	zheng	zhi
zhibingzhan	徵兵站	0	zhengbingzhan	徵	zheng	zhi
zhengchangshuai	正常率	0	zhengchanglv	率	lv	shuai
zhengchangqing	郑长庆	0	zhengzhangqing	长	zhang	chang
zhengzhaoquan	郑朝铨	0	zhengchaoquan	朝	chao	zhao
zhengerchong	郑而重	0	zhengerzhong	重	zhong	chong
zhengfudeifu	正负得负	0	zhengfudefu	得	de	dei
zhigaolan	徵稿栏	0	zhenggaolan	徵	zheng	zhi
zhengguankuai	证管会	0	zhengguanhui	会	hui	kuai
zhenghangzi	整行字	0	zhengxingzi	行	xing	hang
zhenghuohuan	郑和环	0	zhenghehuan	和	he	huo
zhenghuoqun	郑和群	0	zhenghequn	和	he	huo
zhenghuoxian	政和县	0	zhenghexian	和	he	huo
zhengjiankuai	政见会	0	zhengjianhui	会	hui	kuai
zhengjueer	正角儿	0	zhengjiaoer	角	jiao	jue
zhengjiaohuo	正交和	0	zhengjiaohe	和	he	huo
zhengjiaoji	正交系	0	zhengjiaoxi	系	xi	ji
zhijiling	徵集令	0	zhengjiling	徵	zheng	zhi
zhengmotong	郑万通	0	zhengwantong	万	wan	mo
zhipinrenyuan	徵聘人员	0	zhengpinrenyuan	徵	zheng	zhi
zhengqiaokuai	正巧会	0	zhengqiaohui	会	hui	kuai
zhengqiganjing	整齐乾净	0	zhengqiqianjing	乾	qian	gan
zhishoue	徵收额	0	zhengshoue	徵	zheng	zhi
zhishuie	徵税额	0	zhengshuie	徵	zheng	zhi
zhiwenbisai	徵文比赛	0	zhengwenbisai	徵	zheng	zhi
zhiwenqishi	徵文启事	0	zhengwenqishi	徵	zheng	zhi
zhixinlu	徵信录	0	zhengxinlu	徵	zheng	zhi
zhiyanchu	徵验出	0	zhengyanchu	徵	zheng	zhi
zhengyankuai	政研会	0	zhengyanhui	会	hui	kuai
zhiyoulan	徵友栏	0	zhengyoulan	徵	zheng	zhi
zhengyuanhuo	郑元和	0	zhengyuanhe	和	he	huo
zhenhaiyao	镇咳药	0	zhenkeyao	咳	ke	hai
zhenjue	针角	0	zhenjiao	角	jiao	jue
zhenjiaodailuan	阵脚大乱	0	zhenjiaodaluan	大	da	dai
zhenjieshuai	侦结率	0	zhenjielv	率	lv	shuai
zhentianhaide	震天骇地	0	zhentianhaidi	地	di	de
zheqiakuai	浙洽会	0	zheqiahui	会	hui	kuai
zhiainanhang	滞碍难行	0	zhiainanxing	行	xing	hang
zhiainanhang	踬碍难行	0	zhiainanxing	行	xing	hang
zhibaokuai	治保会	0	zhibaohui	会	hui	kuai
zhibokuai	制博会	0	zhibohui	会	hui	kuai
zhicanshuai	致残率	0	zhicanlv	率	lv	shuai
zhichangjian	支长箭	0	zhizhangjian	长	zhang	chang
zhichengaige	职称改革	0	zhichenggaige	称	cheng	chen
zhichengbei	支承臂	0	zhichengbi	臂	bi	bei
zhichongbiao	指重表	0	zhizhongbiao	重	zhong	chong
zhihaiji	止咳剂	0	zhikeji	咳	ke	hai
zhixingshuai	执行率	0	zhixinglv	率	lv	shuai
zhihuochanshi	智和禅师	0	zhihechanshi	和	he	huo
zhihujue	纸护角	0	zhihujiao	角	jiao	jue
zhijiangmu	纸浆模	0	zhijiangmo	模	mo	mu
zhijue	栀角	0	zhijiao	角	jiao	jue
zhijiebuhuan	只借不还	0	zhijiebuhai	还	hai	huan
zhiyuexiang	只乐乡	0	zhilexiang	乐	le	yue
zhiliaoshuai	治疗率	0	zhiliaolv	率	lv	shuai
zhilingchongshi	指令重试	0	zhilingzhongshi	重	zhong	chong
zhilinpianzhua	只鳞片爪	0	zhilinpianzhao	爪	zhao	zhua
zhinageni	制哪个呢	0	zhinagene	呢	ne	ni
zhinanhangyi	知难行易	0	zhinanxingyi	行	xing	hang
zhinengjuan	智能圈	0	zhinengquan	圈	quan	juan
zhipiaobo	支票薄	0	zhipiaobao	薄	bao	bo
zhise	窒塞	0	zhisai	塞	sai	se
zhishenxian	智深见	0	zhishenjian	见	jian	xian
zhishiqunla	指示群落	0	zhishiqunluo	落	luo	la
zhishoukedei	炙手可得	0	zhishoukede	得	de	dei
zhisibuxiang	至死不降	0	zhisibujiang	降	jiang	xiang
zhixiuwei	支宿卫	0	zhisuwei	宿	su	xiu
zhitianhuade	指天划地	0	zhitianhuadi	地	di	de
zhixinbijin	至信辟金	0	zhixinpijin	辟	pi	bi
zhixinji	质心系	0	zhixinxi	系	xi	ji
zhiyanweihang	直言危行	0	zhiyanweixing	行	xing	hang
zhizaibidei	志在比得	0	zhizaibide	得	de	dei
zhongbiaoshuai	中标率	0	zhongbiaolv	率	lv	shuai
zhongbikuai	终必会	0	zhongbihui	会	hui	kuai
zhongdeifu	终得复	0	zhongdefu	得	de	dei
zhongwubicha	众恶必察	0	zhongebicha	恶	e	wu
zhongfengdaihe	中缝大核	0	zhongfengdahe	大	da	dai
zhongguobaohuxiaofeizhejijinkuai	中国保护消费者基金会	0	zhongguobaohuxiaofeizhejijinhui	会	hui	kuai
zhongguobaojiankuai	中国保监会	0	zhongguobaojianhui	会	hui	kuai
zhongguodaifandian	中国大饭店	0	zhongguodafandian	大	da	dai
zhongguodaijiudian	中国大酒店	0	zhongguodajiudian	大	da	dai
zhongguoguojilvyoujiaoyikuai	中国国际旅游交易会	0	zhongguoguojilvyoujiaoyihui	会	hui	kuai
zhongguomowang	中国万网	0	zhongguowanwang	万	wan	mo
zhongguonongdai	中国农大	0	zhongguonongda	大	da	dai
zhongguoqicheyundonglianhekuai	中国汽车运动联合会	0	zhongguoqicheyundonglianhehui	会	hui	kuai
zhongguoqingshaonianfazhanjijinkuai	中国青少年发展基金会	0	zhongguoqingshaonianfazhanjijinhui	会	hui	kuai
zhongguoqingshaonianjijinkuai	中国青少年基金会	0	zhongguoqingshaonianjijinhui	会	hui	kuai
zhongguoqiyelianhekuai	中国企业联合会	0	zhongguoqiyelianhehui	会	hui	kuai
zhongguoqiyewenhuacujinkuai	中国企业文化促进会	0	zhongguoqiyewenhuacujinhui	会	hui	kuai
zhongguotaohangzhiyanjiuhui	中国陶行知研究会	0	zhongguotaoxingzhiyanjiuhui	行	xing	hang
zhongguotaohangzhiyanjiukuai	中国陶行知研究会	0	zhongguotaoxingzhiyanjiuhui	行	xing	hang
zhongguotaoxingzhiyanjiukuai	中国陶行知研究会	0	zhongguotaoxingzhiyanjiuhui	会	hui	kuai
zhongguoyinyuezhaozuoquanxiehui	中国音乐著作权协会	0	zhongguoyinyuezhuzuoquanxiehui	著	zhu	zhao
zhongguoyinyuezhezuoquanxiehui	中国音乐著作权协会	0	zhongguoyinyuezhuzuoquanxiehui	著	zhu	zhe
zhongguoyinyuezhuozuoquanxiehui	中国音乐著作权协会	0	zhongguoyinyuezhuzuoquanxiehui	著	zhu	zhuo
zhonghuahuozhong	中华和钟	0	zhonghuahezhong	和	he	huo
zhonghuahuanbaojijinkuai	中华环保基金会	0	zhonghuahuanbaojijinhui	会	hui	kuai
zhonghuahuanjingbaohujijinkuai	中华环境保护基金会	0	zhonghuahuanjingbaohujijinhui	会	hui	kuai
zhonghuaminzuwenhuacujinkuai	中华民族文化促进会	0	zhonghuaminzuwenhuacujinhui	会	hui	kuai
zhonghuaquanguojiyoulianhekuai	中华全国集邮联合会	0	zhonghuaquanguojiyoulianhehui	会	hui	kuai
zhonghuashenchai	中华神差	0	zhonghuashencha	差	cha	chai
zhongkuaigong	钟会攻	0	zhonghuigong	会	hui	kuai
zhongkuaigou	钟会构	0	zhonghuigou	会	hui	kuai
zhongjiangshuai	中奖率	0	zhongjianglv	率	lv	shuai
zhongla	衷落	0	zhongluo	落	luo	la
zhongliaoqiandu	中了铅毒	0	zhongleqiandu	了	le	liao
zhonglingdai	钟灵大	0	zhonglingda	大	da	dai
zhonglingxian	钟灵见	0	zhonglingjian	见	jian	xian
zhongmeishangmaolianweikuai	中美商贸联委会	0	zhongmeishangmaolianweihui	会	hui	kuai
zhongmochou	钟万仇	0	zhongwanchou	万	wan	mo
zhongpodingli	中剖定理	0	zhongpoudingli	剖	pou	po
zhongshengde	中省地	0	zhongshengdi	地	di	de
zhongshenzhiwu	终身之恶	0	zhongshenzhie	恶	e	wu
zhongshimoshi	中石没矢	0	zhongshimeishi	没	mei	mo
zhongxihuobi	中西和璧	0	zhongxihebi	和	he	huo
zhongxinyueyi	忠信乐易	0	zhongxinleyi	乐	le	yue
zhongxuankuai	中选会	0	zhongxuanhui	会	hui	kuai
zhongyinmu	终印模	0	zhongyinmo	模	mo	mu
zhongyuanzhidi	众怨之的	0	zhongyuanzhide	的	de	di
zhongzirongchong	种子容重	0	zhongzirongzhong	重	zhong	chong
zhouzhuanying	周传瑛	0	zhouchuanying	传	chuan	zhuan
zhoudaibiao	周大镖	0	zhoudabiao	大	da	dai
zhoudainainai	周大奶奶	0	zhoudanainai	大	da	dai
zhoudaixin	周大新	0	zhoudaxin	大	da	dai
zhoudixian	周砥见	0	zhoudijian	见	jian	xian
zhougongzhuan	周公传	0	zhougongchuan	传	chuan	zhuan
zhouguanzhi	周官徵	0	zhouguanzheng	徵	zheng	zhi
zhouhangjun	周行郡	0	zhouxingjun	行	xing	hang
zhoujue	轴角	0	zhoujiao	角	jiao	jue
zhouqinghang	周庆行	0	zhouqingxing	行	xing	hang
zhouyutiao	周瑜调	0	zhouyudiao	调	diao	tiao
zhouzhikuai	周之会	0	zhouzhihui	会	hui	kuai
zhuadaifangxiao	抓大放小	0	zhuadafangxiao	大	da	dai
zhuanbamo	赚八万	0	zhuanbawan	万	wan	mo
zhuangcheng	壮盛	0	zhuangsheng	盛	sheng	cheng
zhuangchengqi	庄盛琪	0	zhuangshengqi	盛	sheng	cheng
zhuangkexian	庄客见	0	zhuangkejian	见	jian	xian
zhuangmozhaoyang	装模着样	0	zhuangmozheyang	着	zhe	zhao
zhuangmozhuoyang	装模着样	0	zhuangmozheyang	着	zhe	zhuo
zhuangmuzhaoyang	装模着样	0	zhuangmozheyang	模	mo	mu
zhuangmuzheyang	装模着样	0	zhuangmozheyang	模	mo	mu
zhuangmuzhuoyang	装模着样	0	zhuangmozheyang	模	mo	mu
zhuanhuanzhide	转圜之地	0	zhuanhuanzhidi	地	di	de
zhuanmu	砖模	0	zhuanmo	模	mo	mu
zhuannimo	赚你没	0	zhuannimei	没	mei	mo
zhuanyishuai	转移率	0	zhuanyilv	率	lv	shuai
zhubokuai	住博会	0	zhubohui	会	hui	kuai
zhuchanghao	朱长浩	0	zhuzhanghao	长	zhang	chang
zhuchangling	朱长龄	0	zhuzhangling	长	zhang	chang
zhuzhaofeng	祝朝奉	0	zhuchaofeng	朝	chao	zhao
zhuchongba	朱重八	0	zhuzhongba	重	zhong	chong
zhucongxian	朱聪见	0	zhucongjian	见	jian	xian
zhudaiding	朱大定	0	zhudading	大	da	dai
zhudaifan	诸大藩	0	zhudafan	大	da	dai
zhudaike	朱大可	0	zhudake	大	da	dai
zhudaiyun	朱大昀	0	zhudayun	大	da	dai
zhudaochong	祝祷重	0	zhudaozhong	重	zhong	chong
zhuguipian	朱贵便	0	zhuguibian	便	bian	pian
zhuhangbai	诸行百	0	zhuxingbai	行	xing	hang
zhuhangshiyan	株行试验	0	zhuxingshiyan	行	xing	hang
zhuhengbo	朱衡薄	0	zhuhengbao	薄	bao	bo
zhuizhuidi	惴惴的	0	zhuizhuide	的	de	di
zhuxiangchen	诸降臣	0	zhujiangchen	降	jiang	xiang
zhuxiangqiang	诸降羌	0	zhujiangqiang	降	jiang	xiang
zhuxianshen	朱见深	0	zhujianshen	见	jian	xian
zhujieshen	竹节参	0	zhujiecan	参	can	shen
zhuletiao	诸乐调	0	zhulediao	调	diao	tiao
zhuyuediao	诸乐调	0	zhulediao	乐	le	yue
zhuyuetiao	诸乐调	0	zhulediao	乐	le	yue
zhuyueping	朱乐平	0	zhuleping	乐	le	yue
zhumianxiandei	逐免先得	0	zhumianxiande	得	de	dei
zhumoqing	祝万庆	0	zhuwanqing	万	wan	mo
zhunsuzimu	准素子模	0	zhunsuzimo	模	mo	mu
zhunzhunde	谆谆地	0	zhunzhundi	地	di	de
zhuoboka	卓柏卡	0	zhuobaika	柏	bai	bo
zhuodaijing	卓大惊	0	zhuodajing	大	da	dai
zhuohang	拙行	0	zhuoxing	行	xing	hang
zhuohucheng	卓乎盛	0	zhuohusheng	盛	sheng	cheng
zhuojinxianzhou	捉禁见肘	0	zhuojinjianzhou	见	jian	xian
zhuozhao	拙着	0	zhuozhe	着	zhe	zhao
zhuozhuo	拙着	0	zhuozhe	着	zhe	zhuo
zhuqikuai	诸旗会	0	zhuqihui	会	hui	kuai
zhuqimukuai	注气模块	0	zhuqimokuai	模	mo	mu
zhuqipomian	注气剖面	0	zhuqipoumian	剖	pou	po
zhusebeng	柱塞泵	0	zhusaibeng	塞	sai	se
zhusefa	柱塞阀	0	zhusaifa	塞	sai	se
zhushuhang	诸书行	0	zhushuxing	行	xing	hang
zhushuiyachai	注水压差	0	zhushuiyacha	差	cha	chai
zhusumu	注塑模	0	zhusumo	模	mo	mu
zhusungan	竹笋乾	0	zhusunqian	乾	qian	gan
zhutiqunla	主体群落	0	zhutiqunluo	落	luo	la
zhuwenxiang	朱温降	0	zhuwenjiang	降	jiang	xiang
zhuyingxinsheng	逐影寻声	0	zhuyingxunsheng	寻	xun	xin
zhuyiwukuo	主一无适	0	zhuyiwushi	适	shi	kuo
zhuzaojuan	铸造圈	0	zhuzaoquan	圈	quan	juan
zhuzishen	珠子参	0	zhuzican	参	can	shen
zhuzongbu	祝宗卜	0	zhuzongbo	卜	bo	bu
zichangxian	子长县	0	zizhangxian	长	zhang	chang
zizhaodong	子朝栋	0	zichaodong	朝	chao	zhao
zizhuansun	子传孙	0	zichuansun	传	chuan	zhuan
zidezijian	自地自建	0	zidizijian	地	di	de
zidongchongbo	自动重拨	0	zidongzhongbo	重	zhong	chong
zidongtiaoche	自动调车	0	zidongdiaoche	调	diao	tiao
zijiaoji	自交系	0	zijiaoxi	系	xi	ji
zijunla	子菌落	0	zijunluo	落	luo	la
zikuade	自夸地	0	zikuadi	地	di	de
zimubing	子模兵	0	zimobing	模	mo	mu
zimuguo	子模国	0	zimoguo	模	mo	mu
zimujiu	子模旧	0	zimojiu	模	mo	mu
zimujun	子模军	0	zimojun	模	mo	mu
zimuxin	子模新	0	zimoxin	模	mo	mu
zimuyu	子模语	0	zimoyu	模	mo	mu
zinangqiao	子囊壳	0	zinangke	壳	ke	qiao
zirenkuai	自认会	0	zirenhui	会	hui	kuai
zishizhao	子世著	0	zishizhu	著	zhu	zhao
zishizhe	子世著	0	zishizhu	著	zhu	zhe
zishizhuo	子世著	0	zishizhu	著	zhu	zhuo
ziwenchang	紫文长	0	ziwenzhang	长	zhang	chang
ziwendai	紫文大	0	ziwenda	大	da	dai
ziwenjiao	紫文觉	0	ziwenjue	觉	jue	jiao
zixinye	子寻爷	0	zixunye	寻	xun	xin
zongchengtang	宗盛唐	0	zongshengtang	盛	sheng	cheng
zongdaiwei	宗大为	0	zongdawei	大	da	dai
zongtiaolu	宗调露	0	zongdiaolu	调	diao	tiao
zongerzhao	宗二朝	0	zongerchao	朝	chao	zhao
zonggandao	宗乾道	0	zongqiandao	乾	qian	gan
zongganfu	宗乾符	0	zongqianfu	乾	qian	gan
zongganshun	宗乾顺	0	zongqianshun	乾	qian	gan
zonghuoshi	宗和世	0	zongheshi	和	he	huo
zongkuaiwu	总会屋	0	zonghuiwu	会	hui	kuai
zongqiaodan	棕壳蛋	0	zongkedan	壳	ke	qiao
zonglikuo	宗李适	0	zonglishi	适	shi	kuo
zongminxian	宗敏见	0	zongminjian	见	jian	xian
zongshezhao	宗设朝	0	zongshechao	朝	chao	zhao
zongshenhang	纵深行	0	zongshenxing	行	xing	hang
zongweijiao	宗微觉	0	zongweijue	觉	jue	jiao
zourongzhao	邹容著	0	zourongzhu	著	zhu	zhao
zourongzhe	邹容著	0	zourongzhu	著	zhu	zhe
zourongzhuo	邹容著	0	zourongzhu	著	zhu	zhuo
zuandedan	钻地弹	0	zuandidan	地	di	de
zuandetan	钻地弹	0	zuandidan	地	di	de
zuanditan	钻地弹	0	zuandidan	弹	dan	tan
zuantianrude	钻天入地	0	zuantianrudi	地	di	de
zudaibi	祖大弼	0	zudabi	大	da	dai
zudaile	祖大乐	0	zudale	大	da	dai
zudaiyue	祖大乐	0	zudale	大	da	dai
zudayue	祖大乐	0	zudale	乐	le	yue
zuidaikuige	最大亏格	0	zuidakuige	大	da	dai
zuidairongzhu	罪大容诛	0	zuidarongzhu	大	da	dai
zuiede	罪恶地	0	zuiedi	地	di	de
zuiezhide	罪恶之地	0	zuiezhidi	地	di	de
zuihuanpa	最还怕	0	zuihaipa	还	hai	huan
zuiyingwuman	罪盈恶满	0	zuiyingeman	恶	e	wu
zukangjue	阻抗角	0	zukangjiao	角	jiao	jue
zulongdi	祖龙的	0	zulongde	的	de	di
zuochangshi	左长史	0	zuozhangshi	长	zhang	chang
zuodaikuai	作代会	0	zuodaihui	会	hui	kuai
zuodaipei	左大培	0	zuodapei	大	da	dai
zuodaizhang	左大掌	0	zuodazhang	大	da	dai
zuodefenzang	坐地分脏	0	zuodifenzang	地	di	de
zuojuantao	做圈套	0	zuoquantao	圈	quan	juan
zuolingganxin	坐领乾薪	0	zuolingqianxin	乾	qian	gan
zuotankuai	坐谈会	0	zuotanhui	会	hui	kuai
zuoweidu	左卫都	0	zuoweidou	都	dou	du
zuoyoumohu	左右万户	0	zuoyouwanhu	万	wan	mo
zuozhangxiao	左掌削	0	zuozhangxue	削	xue	xiao
zuweikuai	足委会	0	zuweihui	会	hui	kuai
