delete_code	word	freq	why
wokuai	我会	38654	会:hui->kuai del-wrong
suipian	随便	37899	便:bian->pian del-wrong
mocuo	没错	35184	没:mei->mo del-wrong
yuxian	遇见	35071	见:jian->xian del-wrong
yidai	一大	34847	大:da->dai del-wrong
yidaili	意大利	34814	大:da->dai del-wrong
xinzhao	寻找	34726	寻:xun->xin del-wrong
mofa	没法	33907	没:mei->mo del-wrong
yanchangkuai	演唱会	33613	会:hui->kuai del-wrong
zuidai	最大	33403	大:da->dai del-wrong
congmo	从没	33226	没:mei->mo del-wrong
hendai	很大	33186	大:da->dai del-wrong
yimo	一万	33163	万:wan->mo del-wrong
zongkuai	总会	32764	会:hui->kuai del-wrong
dingkuai	定会	32575	会:hui->kuai del-wrong
mokan	没看	32564	没:mei->mo del-wrong
meixian	没见	31585	见:jian->xian del-wrong
mojian	没见	31585	没:mei->mo del-wrong
moxian	没见	31585	没:mei->mo del-wrong
taidai	太大	31453	大:da->dai del-wrong
moxiang	没想	31403	没:mei->mo del-wrong
mole	没了	31107	没:mei->mo del-wrong
moliao	没了	31107	没:mei->mo del-wrong
tiandai	天大	30763	大:da->dai del-wrong
mengxian	梦见	30742	见:jian->xian del-wrong
daili	大利	30581	大:da->dai del-wrong
moban	没办	30431	没:mei->mo del-wrong
changxian	常见	30348	见:jian->xian del-wrong
wankuai	晚会	30334	会:hui->kuai del-wrong
moxiangdao	没想到	30037	没:mei->mo del-wrong
jiaokuai	教会	30013	会:hui->kuai del-wrong
dailou	大楼	29990	大:da->dai del-wrong
conglaimo	从来没	29876	没:mei->mo del-wrong
moqu	没去	29844	没:mei->mo del-wrong
kuaiqu	会去	29821	会:hui->kuai del-wrong
jiadai	加大	29774	大:da->dai del-wrong
shukuo	舒适	29706	适:shi->kuo del-wrong
moqian	没钱	29634	没:mei->mo del-wrong
moguan	没关	29533	没:mei->mo del-wrong
fabukuai	发布会	29515	会:hui->kuai del-wrong
beidai	北大	29237	大:da->dai del-wrong
mode	没得	29193	没:mei->mo del-wrong
modei	没得	29193	没:mei->mo del-wrong
kuaizhu	会主	29050	会:hui->kuai del-wrong
chaodai	超大	28932	大:da->dai del-wrong
kuailai	会来	28912	会:hui->kuai del-wrong
xinqiu	寻求	28878	寻:xun->xin del-wrong
duola	堕落	28846	落:luo->la del-wrong
kuaihou	会后	28839	会:hui->kuai del-wrong
dailao	大佬	28656	大:da->dai del-wrong
jianxian	见见	28643	见:jian->xian del-wrong
xianjian	见见	28643	见:jian->xian del-wrong
xianxian	见见	28643	见:jian->xian del-wrong
houkuai	后会	28573	会:hui->kuai del-wrong
mozhun	没准	28443	没:mei->mo del-wrong
molai	没来	28346	没:mei->mo del-wrong
xinchang	寻常	28214	寻:xun->xin del-wrong
mohui	没回	28201	没:mei->mo del-wrong
kuoyong	适用	28144	适:shi->kuo del-wrong
moren	万人	28101	万:wan->mo del-wrong
gaikuai	该会	28073	会:hui->kuai del-wrong
pianxian	偏见	28045	见:jian->xian del-wrong
haojiumo	好久没	28002	没:mei->mo del-wrong
mochu	没出	27767	没:mei->mo del-wrong
daisan	大三	27680	大:da->dai del-wrong
yuedai	越大	27627	大:da->dai del-wrong
daishan	大山	27615	大:da->dai del-wrong
daiguimo	大规模	27602	大:da->dai del-wrong
kanshi	看似	27562	似:shi->si REVERSED del-prim
mokai	没开	27426	没:mei->mo del-wrong
modao	没到	27390	没:mei->mo del-wrong
likuai	理会	27326	会:hui->kuai del-wrong
leyue	乐乐	27307	乐:le->yue del-wrong
yuele	乐乐	27307	乐:le->yue del-wrong
yueyue	乐乐	27307	乐:le->yue del-wrong
jimo	几万	27288	万:wan->mo del-wrong
nengxian	能见	27277	见:jian->xian del-wrong
zhongdai	中大	27257	大:da->dai del-wrong
changkuai	常会	27073	会:hui->kuai del-wrong
liangmo	两万	27052	万:wan->mo del-wrong
tiankuai	天会	27016	会:hui->kuai del-wrong
yinyuekuai	音乐会	26927	会:hui->kuai del-wrong
moneng	没能	26891	没:mei->mo del-wrong
kuaiyong	会用	26888	会:hui->kuai del-wrong
daiyu	大于	26830	大:da->dai del-wrong
daijiang	大奖	26756	大:da->dai del-wrong
shidai	师大	26744	大:da->dai del-wrong
daiyu	大鱼	26738	大:da->dai del-wrong
gongdai	工大	26691	大:da->dai del-wrong
daifu	大幅	26610	大:da->dai del-wrong
guodai	国大	26590	大:da->dai del-wrong
daixian	大仙	26543	大:da->dai del-wrong
daibu	大步	26504	大:da->dai del-wrong
daige	大个	26482	大:da->dai del-wrong
chengdai	成大	26416	大:da->dai del-wrong
yibaimo	一百万	26220	万:wan->mo del-wrong
daiyan	大眼	26200	大:da->dai del-wrong
shoushishuai	收视率	26189	率:lv->shuai del-wrong
moshang	没上	26158	没:mei->mo del-wrong
daier	大二	26065	大:da->dai del-wrong
kedai	科大	26021	大:da->dai del-wrong
sanmo	三万	25967	万:wan->mo del-wrong
shandai	山大	25949	大:da->dai del-wrong
daisi	大四	25939	大:da->dai del-wrong
kuaisheng	会生	25890	会:hui->kuai del-wrong
kandexian	看得见	25849	见:jian->xian del-wrong
daiqing	大清	25814	大:da->dai del-wrong
nadai	那大	25781	大:da->dai del-wrong
henjiumo	很久没	25750	没:mei->mo del-wrong
zhuanlai	传来	25738	传:chuan->zhuan del-wrong
tedai	特大	25717	大:da->dai del-wrong
moxia	没下	25680	没:mei->mo del-wrong
daibao	大宝	25635	大:da->dai del-wrong
douhaimo	都还没	25615	没:mei->mo del-wrong
daixi	大西	25531	大:da->dai del-wrong
mogei	没给	25480	没:mei->mo del-wrong
moji	没给	25480	没:mei->mo del-wrong
zikuai	子会	25473	会:hui->kuai del-wrong
nandai	南大	25397	大:da->dai del-wrong
jidai	纪大	25382	大:da->dai del-wrong
shangmo	上万	25374	万:wan->mo del-wrong
badai	八大	25366	大:da->dai del-wrong
moduo	万多	25343	万:wan->mo del-wrong
moge	万个	25296	万:wan->mo del-wrong
daidui	大堆	25162	大:da->dai del-wrong
wumo	五万	25125	万:wan->mo del-wrong
lingkuai	领会	25012	会:hui->kuai del-wrong
huikuai	会会	24980	会:hui->kuai del-wrong
kuaihui	会会	24980	会:hui->kuai del-wrong
kuaikuai	会会	24980	会:hui->kuai del-wrong
yanjue	眼角	24968	角:jiao->jue del-wrong
daixiong	大熊	24957	大:da->dai del-wrong
youyue	游乐	24904	乐:le->yue del-wrong
xueshengkuai	学生会	24883	会:hui->kuai del-wrong
yalishandai	亚历山大	24883	大:da->dai del-wrong
shangkuai	上会	24775	会:hui->kuai del-wrong
mofang	没放	24747	没:mei->mo del-wrong
daizhong	大中	24724	大:da->dai del-wrong
laixian	来见	24678	见:jian->xian del-wrong
biandai	变大	24657	大:da->dai del-wrong
mochiguo	没吃过	24576	没:mei->mo del-wrong
daihan	大喊	24562	大:da->dai del-wrong
shangzhuan	上传	24525	传:chuan->zhuan del-wrong
modian	没电	24521	没:mei->mo del-wrong
daidian	大点	24520	大:da->dai del-wrong
zhuanchu	传出	24465	传:chuan->zhuan del-wrong
aodaili	澳大利	24457	大:da->dai del-wrong
liandai	脸大	24448	大:da->dai del-wrong
daima	大马	24435	大:da->dai del-wrong
kuaifen	会分	24420	会:hui->kuai del-wrong
juedai	绝大	24389	大:da->dai del-wrong
duomo	多万	24371	万:wan->mo del-wrong
zhuandao	传到	24343	传:chuan->zhuan del-wrong
kuaikuaileyue	快快乐乐	24321	乐:le->yue del-wrong
moxin	没心	24303	没:mei->mo del-wrong
weikuai	委会	24229	会:hui->kuai del-wrong
xinmi	寻觅	24139	寻:xun->xin del-wrong
mochuan	没穿	24111	没:mei->mo del-wrong
macha	抹茶	24086	抹:mo->ma del-wrong
kaidai	开大	24079	大:da->dai del-wrong
jianmiankuai	见面会	24057	会:hui->kuai del-wrong
daiwei	大为	24002	大:da->dai del-wrong
shishi	似是	23989	似:shi->si REVERSED del-prim
moyuan	万元	23946	万:wan->mo del-wrong
souxin	搜寻	23895	寻:xun->xin del-wrong
shangjue	上角	23870	角:jiao->jue del-wrong
miankuai	面会	23868	会:hui->kuai del-wrong
wudai	五大	23865	大:da->dai del-wrong
daikuai	待会	23847	会:hui->kuai del-wrong
kuoyi	适宜	23813	适:shi->kuo del-wrong
laru	落入	23773	落:luo->la del-wrong
ziyue	自乐	23723	乐:le->yue del-wrong
taikuai	太会	23657	会:hui->kuai del-wrong
simo	四万	23619	万:wan->mo del-wrong
daichu	大厨	23617	大:da->dai del-wrong
daixia	大虾	23615	大:da->dai del-wrong
lala	落落	23608	落:luo->la del-wrong
laluo	落落	23608	落:luo->la del-wrong
luola	落落	23608	落:luo->la del-wrong
suoxian	所见	23592	见:jian->xian del-wrong
ladao	落到	23573	落:luo->la del-wrong
daigui	大规	23553	大:da->dai del-wrong
dailiu	大流	23547	大:da->dai del-wrong
eee	哦哦哦	23545	哦:o->e del-wrong
eeo	哦哦哦	23545	哦:o->e del-wrong
eoe	哦哦哦	23545	哦:o->e del-wrong
eoo	哦哦哦	23545	哦:o->e del-wrong
oee	哦哦哦	23545	哦:o->e del-wrong
oeo	哦哦哦	23545	哦:o->e del-wrong
ooe	哦哦哦	23545	哦:o->e del-wrong
moxi	没洗	23520	没:mei->mo del-wrong
mobian	没变	23493	没:mei->mo del-wrong
shidai	十大	23490	大:da->dai del-wrong
yueshi	乐视	23489	乐:le->yue del-wrong
dailian	大脸	23443	大:da->dai del-wrong
buyue	不乐	23430	乐:le->yue del-wrong
dongdai	东大	23387	大:da->dai del-wrong
moxie	没写	23340	没:mei->mo del-wrong
zhenkuai	真会	23323	会:hui->kuai del-wrong
moli	万里	23314	万:wan->mo del-wrong
zhaoxin	找寻	23309	寻:xun->xin del-wrong
xiajue	下角	23304	角:jiao->jue del-wrong
daishi	大石	23298	大:da->dai del-wrong
moxue	没学	23258	没:mei->mo del-wrong
hengdai	恒大	23210	大:da->dai del-wrong
changyue	常乐	23171	乐:le->yue del-wrong
kuaizhan	会展	23152	会:hui->kuai del-wrong
daizui	大嘴	23147	大:da->dai del-wrong
jiexian	接见	23125	见:jian->xian del-wrong
suisuibianpian	随随便便	23097	便:bian->pian del-wrong
suisuipianbian	随随便便	23097	便:bian->pian del-wrong
suisuipianpian	随随便便	23097	便:bian->pian del-wrong
seer	塞尔	23062	塞:sai->se del-wrong
daibian	大变	23057	大:da->dai del-wrong
mowan	没玩	23027	没:mei->mo del-wrong
daiku	大哭	23012	大:da->dai del-wrong
daipai	大牌	23006	大:da->dai del-wrong
daidong	大东	23005	大:da->dai del-wrong
dandai	胆大	22996	大:da->dai del-wrong
moduojiu	没多久	22975	没:mei->mo del-wrong
modong	没动	22959	没:mei->mo del-wrong
congxiaodaodai	从小到大	22951	大:da->dai del-wrong
daizeng	大增	22944	大:da->dai del-wrong
zuikuo	最适	22938	适:shi->kuo del-wrong
mojin	没进	22892	没:mei->mo del-wrong
gankun	乾坤	22889	乾:qian->gan del-wrong
daijiudian	大酒店	22879	大:da->dai del-wrong
youyuechang	游乐场	22879	乐:le->yue del-wrong
daidu	大肚	22856	大:da->dai del-wrong
jiaodai	交大	22839	大:da->dai del-wrong
shuaigao	率高	22835	率:lv->shuai del-wrong
bianpian	便便	22795	便:bian->pian del-wrong
pianbian	便便	22795	便:bian->pian del-wrong
pianpian	便便	22795	便:bian->pian del-wrong
lexian	乐见	22760	见:jian->xian del-wrong
yuejian	乐见	22760	乐:le->yue del-wrong
yuexian	乐见	22760	乐:le->yue del-wrong
fadaicai	发大财	22746	大:da->dai del-wrong
zhaoyue	找乐	22727	乐:le->yue del-wrong
fudai	福大	22665	大:da->dai del-wrong
jikuai	计会	22656	会:hui->kuai del-wrong
daiguo	大锅	22619	大:da->dai del-wrong
momen	没门	22584	没:mei->mo del-wrong
jiezi	桔子	22533	桔:ju->jie del-wrong
fengkuai	峰会	22517	会:hui->kuai del-wrong
kuoshi	适时	22510	适:shi->kuo del-wrong
pofu	剖腹	22506	剖:pou->po del-wrong
daiying	大英	22504	大:da->dai del-wrong
youxiaoshuai	有效率	22490	率:lv->shuai del-wrong
zhendai	真大	22490	大:da->dai del-wrong
didai	地大	22463	大:da->dai del-wrong
morang	没让	22458	没:mei->mo del-wrong
fenbianshuai	分辨率	22451	率:lv->shuai del-wrong
diaola	掉落	22376	落:luo->la del-wrong
daixiong	大兄	22374	大:da->dai del-wrong
daibaoyu	大暴雨	22371	大:da->dai del-wrong
huadai	华大	22355	大:da->dai del-wrong
dailong	大龙	22338	大:da->dai del-wrong
daijin	大金	22311	大:da->dai del-wrong
bula	不落	22283	落:luo->la del-wrong
daizhao	大招	22280	大:da->dai del-wrong
ligongdai	理工大	22256	大:da->dai del-wrong
wudai	武大	22222	大:da->dai del-wrong
daitang	大唐	22208	大:da->dai del-wrong
weixian	未见	22198	见:jian->xian del-wrong
daika	大咖	22183	大:da->dai del-wrong
daierzi	大儿子	22162	大:da->dai del-wrong
daiwan	大碗	22148	大:da->dai del-wrong
daixiong	大胸	22144	大:da->dai del-wrong
daiwu	大雾	22110	大:da->dai del-wrong
kedai	可大	22102	大:da->dai del-wrong
xiongdai	胸大	22100	大:da->dai del-wrong
daishou	大手	22095	大:da->dai del-wrong
yigejue	一个角	22070	角:jiao->jue del-wrong
jiazhangkuai	家长会	22062	会:hui->kuai del-wrong
daihei	大黑	22046	大:da->dai del-wrong
zhuangei	传给	22028	传:chuan->zhuan del-wrong
zhuanji	传给	22028	传:chuan->zhuan del-wrong
yueba	乐吧	21982	乐:le->yue del-wrong
zhongkuai	终会	21979	会:hui->kuai del-wrong
tingzhengkuai	听证会	21959	会:hui->kuai del-wrong
daiying	大影	21922	大:da->dai del-wrong
daipeng	大棚	21900	大:da->dai del-wrong
qianqianmo	千千万	21897	万:wan->mo del-wrong
mozhe	没辙	21868	没:mei->mo del-wrong
haidai	海大	21839	大:da->dai del-wrong
daiyun	大运	21826	大:da->dai del-wrong
yuecheng	乐橙	21785	乐:le->yue del-wrong
daizhang	大张	21780	大:da->dai del-wrong
daijieju	大结局	21764	大:da->dai del-wrong
ganlong	乾隆	21751	乾:qian->gan del-wrong
tuola	脱落	21746	落:luo->la del-wrong
moji	没记	21691	没:mei->mo del-wrong
pofuchan	剖腹产	21661	剖:pou->po del-wrong
daiping	大屏	21644	大:da->dai del-wrong
daiqi	大旗	21634	大:da->dai del-wrong
dailin	大林	21623	大:da->dai del-wrong
yangdai	养大	21612	大:da->dai del-wrong
daidai	带大	21605	大:da->dai del-wrong
kuaidong	会动	21559	会:hui->kuai del-wrong
motingshuoguo	没听说过	21518	没:mei->mo del-wrong
nongdai	农大	21513	大:da->dai del-wrong
mokuai	万块	21493	万:wan->mo del-wrong
wujue	五角	21488	角:jiao->jue del-wrong
bamo	八万	21487	万:wan->mo del-wrong
base	巴塞	21444	塞:sai->se del-wrong
jijinkuai	基金会	21441	会:hui->kuai del-wrong
meidai	没大	21438	大:da->dai del-wrong
moda	没大	21438	没:mei->mo del-wrong
modai	没大	21438	没:mei->mo del-wrong
huala	花落	21434	落:luo->la del-wrong
beijue	北角	21428	角:jiao->jue del-wrong
youshangjue	右上角	21377	角:jiao->jue del-wrong
daifu	大佛	21368	大:da->dai del-wrong
daifang	大房	21362	大:da->dai del-wrong
mosheng	万圣	21359	万:wan->mo del-wrong
haolemo	好了没	21328	没:mei->mo del-wrong
weihuo	维和	21309	和:he->huo del-wrong
moshengjie	万圣节	21305	万:wan->mo del-wrong
kuaihua	会画	21300	会:hui->kuai del-wrong
jiudai	九大	21287	大:da->dai del-wrong
youxiajue	右下角	21261	角:jiao->jue del-wrong
wangjue	旺角	21190	角:jiao->jue del-wrong
mozhong	没中	21180	没:mei->mo del-wrong
daiguang	大光	21176	大:da->dai del-wrong
poxi	剖析	21137	剖:pou->po del-wrong
daihu	大湖	21131	大:da->dai del-wrong
mosheng	没生	21116	没:mei->mo del-wrong
daicheng	大程	21108	大:da->dai del-wrong
jiayue	家乐	21107	乐:le->yue del-wrong
yima	一抹	21094	抹:mo->ma del-wrong
mojie	没接	21066	没:mei->mo del-wrong
daijian	大件	21061	大:da->dai del-wrong
daijia	大加	21037	大:da->dai del-wrong
daichengdu	大程度	21013	大:da->dai del-wrong
kuaiqian	会前	20993	会:hui->kuai del-wrong
baseluona	巴塞罗那	20984	塞:sai->se del-wrong
butaikuai	不太会	20957	会:hui->kuai del-wrong
liumo	六万	20954	万:wan->mo del-wrong
daifu	大福	20953	大:da->dai del-wrong
juebukuai	决不会	20951	会:hui->kuai del-wrong
moyi	万亿	20949	万:wan->mo del-wrong
bokuai	博会	20940	会:hui->kuai del-wrong
daizha	大闸	20912	大:da->dai del-wrong
chizaokuai	迟早会	20904	会:hui->kuai del-wrong
madiao	抹掉	20891	抹:mo->ma del-wrong
daihang	大行	20886	大:da->dai del-wrong
daixing	大行	20886	大:da->dai del-wrong
huolong	和龙	20867	和:he->huo del-wrong
huokuai	活会	20860	会:hui->kuai del-wrong
moshi	没试	20825	没:mei->mo del-wrong
sejin	塞进	20823	塞:sai->se del-wrong
mogan	没赶	20822	没:mei->mo del-wrong
shengdai	盛大	20780	大:da->dai del-wrong
daicha	大差	20776	大:da->dai del-wrong
daichai	大差	20776	大:da->dai del-wrong
daikeng	大坑	20737	大:da->dai del-wrong
mozi	万字	20735	万:wan->mo del-wrong
daipeng	大鹏	20726	大:da->dai del-wrong
yidai	医大	20723	大:da->dai del-wrong
zhankuai	展会	20710	会:hui->kuai del-wrong
moliangxin	没良心	20695	没:mei->mo del-wrong
guangjue	广角	20679	角:jiao->jue del-wrong
daizhaxie	大闸蟹	20656	大:da->dai del-wrong
daiwu	大武	20636	大:da->dai del-wrong
zuoshangjue	左上角	20610	角:jiao->jue del-wrong
mingdai	明大	20607	大:da->dai del-wrong
sidailin	斯大林	20601	大:da->dai del-wrong
kuaidian	会点	20555	会:hui->kuai del-wrong
mosi	没死	20550	没:mei->mo del-wrong
moyao	没要	20545	没:mei->mo del-wrong
daizhi	大只	20544	大:da->dai del-wrong
shengkuai	盛会	20531	会:hui->kuai del-wrong
daisheng	大生	20523	大:da->dai del-wrong
dainan	大南	20490	大:da->dai del-wrong
bianshuai	辨率	20467	率:lv->shuai del-wrong
daier	大儿	20466	大:da->dai del-wrong
kuaidan	会弹	20458	会:hui->kuai del-wrong
kuaitan	会弹	20458	会:hui->kuai del-wrong
kuaijiao	会教	20450	会:hui->kuai del-wrong
qianchengshijin	前程似锦	20436	似:shi->si REVERSED del-prim
juweikuai	居委会	20433	会:hui->kuai del-wrong
shengrikuai	生日会	20397	会:hui->kuai del-wrong
mojing	没经	20376	没:mei->mo del-wrong
motong	没通	20370	没:mei->mo del-wrong
jizhekuai	记者会	20364	会:hui->kuai del-wrong
minhuo	民和	20344	和:he->huo del-wrong
daiwei	大威	20335	大:da->dai del-wrong
yatelandai	亚特兰大	20330	大:da->dai del-wrong
daidong	大动	20301	大:da->dai del-wrong
mofan	没饭	20289	没:mei->mo del-wrong
daifu	大富	20273	大:da->dai del-wrong
fuhuo	福和	20270	和:he->huo del-wrong
wujuexing	五角星	20258	角:jiao->jue del-wrong
daimei	大妹	20255	大:da->dai del-wrong
landai	兰大	20251	大:da->dai del-wrong
daipaidang	大排档	20226	大:da->dai del-wrong
yimoduo	一万多	20224	万:wan->mo del-wrong
butongxinchang	不同寻常	20213	寻:xun->xin del-wrong
shuangbei	双臂	20197	臂:bi->bei del-wrong
xiaokuai	小会	20192	会:hui->kuai del-wrong
bushi	不似	20189	似:shi->si REVERSED del-prim
mozhong	万种	20188	万:wan->mo del-wrong
layu	落雨	20184	落:luo->la del-wrong
daibie	大别	20175	大:da->dai del-wrong
ermo	二万	20173	万:wan->mo del-wrong
daisheng	大胜	20156	大:da->dai del-wrong
zhuankai	传开	20151	传:chuan->zhuan del-wrong
daishi	大食	20147	大:da->dai del-wrong
moqianmai	没钱买	20129	没:mei->mo del-wrong
shijin	似锦	20117	似:shi->si REVERSED del-prim
daie	大额	20104	大:da->dai del-wrong
seerweiya	塞尔维亚	20100	塞:sai->se del-wrong
shuodai	硕大	20094	大:da->dai del-wrong
moxiao	没消	20085	没:mei->mo del-wrong
daixia	大夏	20057	大:da->dai del-wrong
chuandai	川大	20054	大:da->dai del-wrong
tianyue	天乐	20045	乐:le->yue del-wrong
tanxin	探寻	20030	寻:xun->xin del-wrong
ziyuziyue	自娱自乐	20026	乐:le->yue del-wrong
daidang	大党	20001	大:da->dai del-wrong
xihuo	西和	19997	和:he->huo del-wrong
moci	万次	19984	万:wan->mo del-wrong
zhihai	止咳	19962	咳:ke->hai del-wrong
xindai	新大	19937	大:da->dai del-wrong
zuoxiajue	左下角	19926	角:jiao->jue del-wrong
daitusha	大屠杀	19923	大:da->dai del-wrong
mohuashuo	没话说	19917	没:mei->mo del-wrong
monaozi	没脑子	19912	没:mei->mo del-wrong
haodianmo	好点没	19910	没:mei->mo del-wrong
daidong	大洞	19905	大:da->dai del-wrong
shuaidi	率低	19897	率:lv->shuai del-wrong
mohua	没画	19863	没:mei->mo del-wrong
daiping	大平	19833	大:da->dai del-wrong
daishang	大商	19820	大:da->dai del-wrong
zenkuai	怎会	19818	会:hui->kuai del-wrong
gengpian	更便	19799	便:bian->pian del-wrong
qikuai	期会	19769	会:hui->kuai del-wrong
daiqiao	大乔	19757	大:da->dai del-wrong
shadai	厦大	19732	大:da->dai del-wrong
anhuo	安和	19731	和:he->huo del-wrong
yueping	乐平	19725	乐:le->yue del-wrong
zhedai	浙大	19711	大:da->dai del-wrong
shishui	似水	19695	似:shi->si REVERSED del-prim
daishang	大伤	19690	大:da->dai del-wrong
daidie	大跌	19666	大:da->dai del-wrong
daiwang	大网	19634	大:da->dai del-wrong
jinhuo	金和	19628	和:he->huo del-wrong
daihuilang	大灰狼	19624	大:da->dai del-wrong
yimoge	一万个	19617	万:wan->mo del-wrong
lianhekuai	联合会	19611	会:hui->kuai del-wrong
daideng	大灯	19600	大:da->dai del-wrong
kuaiguan	会管	19588	会:hui->kuai del-wrong
yongshuai	用率	19583	率:lv->shuai del-wrong
huodai	火大	19563	大:da->dai del-wrong
daixian	待见	19555	见:jian->xian del-wrong
zhoudai	洲大	19547	大:da->dai del-wrong
lajing	落井	19537	落:luo->la del-wrong
dailuan	大乱	19526	大:da->dai del-wrong
danghuoguojia	党和国家	19505	和:he->huo del-wrong
zhongkuai	中会	19468	会:hui->kuai del-wrong
daixiong	大雄	19460	大:da->dai del-wrong
jidai	几大	19456	大:da->dai del-wrong
cudai	粗大	19453	大:da->dai del-wrong
mofen	没分	19450	没:mei->mo del-wrong
lishikuai	理事会	19449	会:hui->kuai del-wrong
daipingmu	大屏幕	19444	大:da->dai del-wrong
yuemei	乐美	19428	乐:le->yue del-wrong
daibuda	大不大	19426	大:da->dai del-wrong
tongdai	同大	19415	大:da->dai del-wrong
zhiyue	之乐	19404	乐:le->yue del-wrong
bankuai	班会	19381	会:hui->kuai del-wrong
pianxie	便携	19360	便:bian->pian del-wrong
yongyue	永乐	19359	乐:le->yue del-wrong
tiantianxian	天天见	19353	见:jian->xian del-wrong
huotian	和田	19347	和:he->huo del-wrong
daimeng	大梦	19345	大:da->dai del-wrong
yantaokuai	研讨会	19343	会:hui->kuai del-wrong
daiyong	大用	19341	大:da->dai del-wrong
zhuanxia	传下	19322	传:chuan->zhuan del-wrong
mojiao	没交	19320	没:mei->mo del-wrong
hedai	河大	19319	大:da->dai del-wrong
daidai	大袋	19308	大:da->dai del-wrong
daitu	大土	19275	大:da->dai del-wrong
seya	塞牙	19268	塞:sai->se del-wrong
suipianshuoshuo	随便说说	19265	便:bian->pian del-wrong
yuegu	乐谷	19243	乐:le->yue del-wrong
daiwei	大伟	19233	大:da->dai del-wrong
daibuliedian	大不列颠	19232	大:da->dai del-wrong
moying	没影	19227	没:mei->mo del-wrong
dairetian	大热天	19226	大:da->dai del-wrong
mohua	没花	19222	没:mei->mo del-wrong
yixian	易见	19214	见:jian->xian del-wrong
daiti	大题	19211	大:da->dai del-wrong
mosheng	没声	19202	没:mei->mo del-wrong
daile	大乐	19164	大:da->dai del-wrong
daiyue	大乐	19164	大:da->dai del-wrong
dayue	大乐	19164	乐:le->yue del-wrong
bakuo	巴适	19161	适:shi->kuo del-wrong
moxing	没醒	19161	没:mei->mo del-wrong
shuaibi	率比	19158	率:lv->shuai del-wrong
piandai	偏大	19150	大:da->dai del-wrong
taidai	台大	19150	大:da->dai del-wrong
motou	没头	19147	没:mei->mo del-wrong
mobenshi	没本事	19145	没:mei->mo del-wrong
daiduan	大段	19102	大:da->dai del-wrong
daijuan	大圈	19094	大:da->dai del-wrong
daiquan	大圈	19094	大:da->dai del-wrong
kuaiyue	会约	19086	会:hui->kuai del-wrong
daifang	大放	19074	大:da->dai del-wrong
mobaqian	万八千	19072	万:wan->mo del-wrong
jikuai	级会	19066	会:hui->kuai del-wrong
modaoli	没道理	19065	没:mei->mo del-wrong
mobing	没病	19062	没:mei->mo del-wrong
qimo	七万	18967	万:wan->mo del-wrong
moliyou	没理由	18963	没:mei->mo del-wrong
gushikuai	故事会	18954	会:hui->kuai del-wrong
xianren	见仁	18947	见:jian->xian del-wrong
ladai	拉大	18945	大:da->dai del-wrong
daiyue	大悦	18937	大:da->dai del-wrong
daizheng	大正	18933	大:da->dai del-wrong
daizuiba	大嘴巴	18931	大:da->dai del-wrong
sela	塞拉	18925	塞:sai->se del-wrong
kuaika	会卡	18914	会:hui->kuai del-wrong
daimao	大猫	18910	大:da->dai del-wrong
yonghuo	永和	18906	和:he->huo del-wrong
nanhuo	南和	18900	和:he->huo del-wrong
mozhi	没治	18884	没:mei->mo del-wrong
tonghuo	统和	18884	和:he->huo del-wrong
daijing	大经	18850	大:da->dai del-wrong
yekuai	夜会	18847	会:hui->kuai del-wrong
youzhela	有着落	18839	落:luo->la del-wrong
moqing	没请	18833	没:mei->mo del-wrong
shengshuai	胜率	18832	率:lv->shuai del-wrong
nanmiankuai	难免会	18831	会:hui->kuai del-wrong
yizhuan	一传	18821	传:chuan->zhuan del-wrong
moyang	没养	18820	没:mei->mo del-wrong
yangyueduo	养乐多	18798	乐:le->yue del-wrong
modun	万吨	18778	万:wan->mo del-wrong
daiqian	大千	18759	大:da->dai del-wrong
moxiao	没笑	18757	没:mei->mo del-wrong
daizhen	大真	18756	大:da->dai del-wrong
kuaide	会地	18750	会:hui->kuai del-wrong
kuaidi	会地	18750	会:hui->kuai del-wrong
yishibankuai	一时半会	18736	会:hui->kuai del-wrong
wangxian	望见	18735	见:jian->xian del-wrong
daichang	大厂	18729	大:da->dai del-wrong
xianguomian	见过面	18710	见:jian->xian del-wrong
nongjiayue	农家乐	18702	乐:le->yue del-wrong
daituan	大团	18686	大:da->dai del-wrong
daibang	大棒	18683	大:da->dai del-wrong
shukuai	书会	18679	会:hui->kuai del-wrong
mobei	万倍	18670	万:wan->mo del-wrong
kuaipai	会派	18669	会:hui->kuai del-wrong
daidao	大盗	18661	大:da->dai del-wrong
daiyuan	大原	18658	大:da->dai del-wrong
shumo	数万	18646	万:wan->mo del-wrong
dailielie	大咧咧	18640	大:da->dai del-wrong
mogongli	万公里	18633	万:wan->mo del-wrong
daixing	大星	18631	大:da->dai del-wrong
daiye	大野	18630	大:da->dai del-wrong
zhuankuai	转会	18626	会:hui->kuai del-wrong
daixie	大些	18607	大:da->dai del-wrong
buyikuai	不一会	18572	会:hui->kuai del-wrong
dujue	度角	18565	角:jiao->jue del-wrong
mozuoyou	万左右	18564	万:wan->mo del-wrong
daiping	大瓶	18557	大:da->dai del-wrong
daifangzi	大房子	18554	大:da->dai del-wrong
moqi	没气	18551	没:mei->mo del-wrong
daiqiu	大球	18550	大:da->dai del-wrong
houyuankuai	后援会	18533	会:hui->kuai del-wrong
kuopei	适配	18520	适:shi->kuo del-wrong
zhaohuo	昭和	18512	和:he->huo del-wrong
jiumo	九万	18496	万:wan->mo del-wrong
moshede	没舍得	18475	没:mei->mo del-wrong
huoge	和歌	18423	和:he->huo del-wrong
caidai	财大	18416	大:da->dai del-wrong
yiyue	一乐	18407	乐:le->yue del-wrong
modongjing	没动静	18404	没:mei->mo del-wrong
xianguoshimian	见过世面	18396	见:jian->xian del-wrong
yidailiren	意大利人	18390	大:da->dai del-wrong
zhuanyao	传谣	18388	传:chuan->zhuan del-wrong
yikedai	医科大	18379	大:da->dai del-wrong
modian	万点	18354	万:wan->mo del-wrong
moma	万马	18352	万:wan->mo del-wrong
zhengdai	政大	18349	大:da->dai del-wrong
seluo	塞罗	18345	塞:sai->se del-wrong
daihuo	大祸	18344	大:da->dai del-wrong
moxiao	没效	18328	没:mei->mo del-wrong
daipen	大盆	18309	大:da->dai del-wrong
mobu	万步	18279	万:wan->mo del-wrong
qikuai	起会	18265	会:hui->kuai del-wrong
daihua	大华	18238	大:da->dai del-wrong
yihuo	颐和	18216	和:he->huo del-wrong
moshu	没数	18211	没:mei->mo del-wrong
duoyue	多乐	18201	乐:le->yue del-wrong
qianshangmo	千上万	18201	万:wan->mo del-wrong
zuotankuai	座谈会	18200	会:hui->kuai del-wrong
buduoxian	不多见	18188	见:jian->xian del-wrong
mochang	没唱	18162	没:mei->mo del-wrong
chenailading	尘埃落定	18160	落:luo->la del-wrong
guangkuai	光会	18158	会:hui->kuai del-wrong
paimaikuai	拍卖会	18151	会:hui->kuai del-wrong
zikuai	自会	18126	会:hui->kuai del-wrong
zhongjiukuai	终究会	18125	会:hui->kuai del-wrong
daie	大鹅	18122	大:da->dai del-wrong
qingdai	清大	18113	大:da->dai del-wrong
shuidaijiao	睡大觉	18102	大:da->dai del-wrong
shuidaijue	睡大觉	18102	大:da->dai del-wrong
selei	塞勒	18099	塞:sai->se del-wrong
modang	没当	18086	没:mei->mo del-wrong
daimalu	大马路	18085	大:da->dai del-wrong
daixun	大勋	18085	大:da->dai del-wrong
kuaifu	会服	18074	会:hui->kuai del-wrong
daiyudarou	大鱼大肉	18064	大:da->dai del-wrong
daike	大客	18062	大:da->dai del-wrong
cankuai	餐会	18057	会:hui->kuai del-wrong
mokaoshang	没考上	18052	没:mei->mo del-wrong
kuaizhan	会站	18051	会:hui->kuai del-wrong
daifeng	大丰	18043	大:da->dai del-wrong
zhuanshang	传上	18027	传:chuan->zhuan del-wrong
mozhou	万州	18017	万:wan->mo del-wrong
juexing	角形	18016	角:jiao->jue del-wrong
moliang	没亮	18012	没:mei->mo del-wrong
daijiangsai	大奖赛	17988	大:da->dai del-wrong
daishe	大社	17971	大:da->dai del-wrong
modai	墨大	17967	大:da->dai del-wrong
nandeyixian	难得一见	17966	见:jian->xian del-wrong
zhuanbian	传遍	17955	传:chuan->zhuan del-wrong
shijimo	十几万	17948	万:wan->mo del-wrong
daiai	大碍	17940	大:da->dai del-wrong
daixia	大峡	17930	大:da->dai del-wrong
duojue	多角	17922	角:jiao->jue del-wrong
monadao	没拿到	17922	没:mei->mo del-wrong
daiji	大集	17918	大:da->dai del-wrong
daichang	大场	17905	大:da->dai del-wrong
mopingfang	万平方	17896	万:wan->mo del-wrong
moshou	没受	17892	没:mei->mo del-wrong
qianshoukuai	签售会	17891	会:hui->kuai del-wrong
daixiagu	大峡谷	17883	大:da->dai del-wrong
dailei	大类	17871	大:da->dai del-wrong
zixinfannao	自寻烦恼	17868	寻:xun->xin del-wrong
mojiaoyang	没教养	17840	没:mei->mo del-wrong
mobian	万变	17822	万:wan->mo del-wrong
laqu	落去	17817	落:luo->la del-wrong
dongaokuai	冬奥会	17814	会:hui->kuai del-wrong
moshou	万寿	17794	万:wan->mo del-wrong
xinmeng	寻梦	17783	寻:xun->xin del-wrong
mozhi	万只	17782	万:wan->mo del-wrong
seban	塞班	17763	塞:sai->se del-wrong
daifudu	大幅度	17746	大:da->dai del-wrong
shiyongshuai	使用率	17731	率:lv->shuai del-wrong
xinkuai	新会	17730	会:hui->kuai del-wrong
aiyue	爱乐	17728	乐:le->yue del-wrong
yuehu	乐乎	17727	乐:le->yue del-wrong
yadai	亚大	17727	大:da->dai del-wrong
moliao	没聊	17726	没:mei->mo del-wrong
suidailiu	随大流	17724	大:da->dai del-wrong
fengqingmozhong	风情万种	17722	万:wan->mo del-wrong
kuaizhanzhongxin	会展中心	17704	会:hui->kuai del-wrong
moyun	没运	17685	没:mei->mo del-wrong
shiwumo	十五万	17674	万:wan->mo del-wrong
nairenxinwei	耐人寻味	17672	寻:xun->xin del-wrong
motiandailou	摩天大楼	17668	大:da->dai del-wrong
congweixianguo	从未见过	17656	见:jian->xian del-wrong
yimoer	一万二	17656	万:wan->mo del-wrong
daichao	大吵	17651	大:da->dai del-wrong
yanman	掩埋	17617	埋:mai->man del-wrong
jinjie	金桔	17602	桔:ju->jie del-wrong
yimowu	一万五	17601	万:wan->mo del-wrong
daimaoxian	大冒险	17597	大:da->dai del-wrong
manxia	埋下	17583	埋:mai->man del-wrong
cunweikuai	村委会	17574	会:hui->kuai del-wrong
kuaizhi	会指	17564	会:hui->kuai del-wrong
jiaojue	角角	17564	角:jiao->jue del-wrong
juejiao	角角	17564	角:jiao->jue del-wrong
juejue	角角	17564	角:jiao->jue del-wrong
nvdaishiba	女大十八	17544	大:da->dai del-wrong
daibiaoge	大表哥	17514	大:da->dai del-wrong
dairunfa	大润发	17512	大:da->dai del-wrong
dajiedai	大姐大	17510	大:da->dai del-wrong
xiehuo	谐和	17510	和:he->huo del-wrong
daiyan	大研	17493	大:da->dai del-wrong
liangmowu	两万五	17471	万:wan->mo del-wrong
lianyikuai	联谊会	17464	会:hui->kuai del-wrong
moyan	没演	17448	没:mei->mo del-wrong
modeishuo	没得说	17441	没:mei->mo del-wrong
modeshuo	没得说	17441	没:mei->mo del-wrong
touzheyue	偷着乐	17435	乐:le->yue del-wrong
daimin	大民	17429	大:da->dai del-wrong
daishi	大湿	17418	大:da->dai del-wrong
pokai	剖开	17418	剖:pou->po del-wrong
daichui	大锤	17401	大:da->dai del-wrong
beishidai	北师大	17382	大:da->dai del-wrong
xuanjue	选角	17370	角:jiao->jue del-wrong
kuaisheng	会升	17366	会:hui->kuai del-wrong
daichiyidun	大吃一顿	17354	大:da->dai del-wrong
jiaoliukuai	交流会	17352	会:hui->kuai del-wrong
wudai	吴大	17325	大:da->dai del-wrong
daigeer	大个儿	17313	大:da->dai del-wrong
daitong	大桶	17261	大:da->dai del-wrong
zixin	自寻	17252	寻:xun->xin del-wrong
kuaishai	会晒	17251	会:hui->kuai del-wrong
mozui	没醉	17236	没:mei->mo del-wrong
bukuai	部会	17231	会:hui->kuai del-wrong
gutianyue	古天乐	17223	乐:le->yue del-wrong
daixiang	大箱	17218	大:da->dai del-wrong
daijuan	大卷	17205	大:da->dai del-wrong
daidang	大当	17204	大:da->dai del-wrong
dailongxia	大龙虾	17191	大:da->dai del-wrong
zuobei	左臂	17188	臂:bi->bei del-wrong
jishuai	机率	17178	率:lv->shuai del-wrong
moqu	没取	17174	没:mei->mo del-wrong
shihuo	似火	17170	似:shi->si REVERSED del-prim
kongxian	空见	17163	见:jian->xian del-wrong
jiandai	建大	17161	大:da->dai del-wrong
daien	大恩	17159	大:da->dai del-wrong
xiaoyunkuai	校运会	17153	会:hui->kuai del-wrong
yanjiukuai	研究会	17142	会:hui->kuai del-wrong
daigang	大港	17132	大:da->dai del-wrong
xinwei	寻味	17105	寻:xun->xin del-wrong
mopu	没谱	17103	没:mei->mo del-wrong
jianhuo	建和	17094	和:he->huo del-wrong
mofei	没飞	17078	没:mei->mo del-wrong
xinxin	寻寻	17077	寻:xun->xin del-wrong
xinxun	寻寻	17077	寻:xun->xin del-wrong
xunxin	寻寻	17077	寻:xun->xin del-wrong
daizhi	大直	17073	大:da->dai del-wrong
xiaokuai	校会	17070	会:hui->kuai del-wrong
daizhangwei	大张伟	17064	大:da->dai del-wrong
xingdai	兴大	17063	大:da->dai del-wrong
yanbuxian	眼不见	17050	见:jian->xian del-wrong
daixian	大显	17042	大:da->dai del-wrong
moqian	没签	17042	没:mei->mo del-wrong
liukuai	流会	17034	会:hui->kuai del-wrong
xianbuzhao	见不着	17029	见:jian->xian del-wrong
xianbuzhe	见不着	17029	见:jian->xian del-wrong
xianbuzhuo	见不着	17029	见:jian->xian del-wrong
yanzoukuai	演奏会	17028	会:hui->kuai del-wrong
mopai	没排	17006	没:mei->mo del-wrong
moming	万名	17003	万:wan->mo del-wrong
daisangmen	大嗓门	16992	大:da->dai del-wrong
gemikuai	歌迷会	16967	会:hui->kuai del-wrong
zhenghuo	政和	16963	和:he->huo del-wrong
kuaimole	快没了	16962	没:mei->mo del-wrong
kuaimoliao	快没了	16962	没:mei->mo del-wrong
mobi	没比	16948	没:mei->mo del-wrong
xinghuo	兴和	16944	和:he->huo del-wrong
lading	落定	16939	落:luo->la del-wrong
kuaizuoren	会做人	16932	会:hui->kuai del-wrong
dailuobo	大萝卜	16922	大:da->dai del-wrong
mofu	没付	16915	没:mei->mo del-wrong
yidaibu	一大步	16914	大:da->dai del-wrong
qinghuabeidai	清华北大	16913	大:da->dai del-wrong
daihang	大航	16911	大:da->dai del-wrong
zhikeyikuai	只可意会	16909	会:hui->kuai del-wrong
motiao	万条	16900	万:wan->mo del-wrong
moman	没满	16887	没:mei->mo del-wrong
yimoci	一万次	16886	万:wan->mo del-wrong
dainiao	大鸟	16883	大:da->dai del-wrong
seerwei	塞尔维	16879	塞:sai->se del-wrong
zhuanguo	传过	16877	传:chuan->zhuan del-wrong
yidaijie	一大截	16873	大:da->dai del-wrong
daiyingjia	大赢家	16866	大:da->dai del-wrong
xiankuo	闲适	16858	适:shi->kuo del-wrong
chujingshuai	出镜率	16856	率:lv->shuai del-wrong
daiqiu	大邱	16855	大:da->dai del-wrong
daipianzi	大骗子	16853	大:da->dai del-wrong
mandan	埋单	16851	埋:mai->man del-wrong
yimokuai	一万块	16848	万:wan->mo del-wrong
moyou	没油	16840	没:mei->mo del-wrong
kongdai	空大	16829	大:da->dai del-wrong
yijue	衣角	16828	角:jiao->jue del-wrong
zhongdaijiang	中大奖	16817	大:da->dai del-wrong
sena	塞纳	16811	塞:sai->se del-wrong
moran	没染	16801	没:mei->mo del-wrong
qiukuai	球会	16801	会:hui->kuai del-wrong
shiduomo	十多万	16791	万:wan->mo del-wrong
qingdai	庆大	16768	大:da->dai del-wrong
mobawo	没把握	16765	没:mei->mo del-wrong
masazhusezhou	马萨诸塞州	16754	塞:sai->se del-wrong
xiangdai	湘大	16745	大:da->dai del-wrong
jueer	角儿	16744	角:jiao->jue del-wrong
renxianrenai	人见人爱	16737	见:jian->xian del-wrong
yimobian	一万遍	16733	万:wan->mo del-wrong
daige	大革	16730	大:da->dai del-wrong
yundai	云大	16711	大:da->dai del-wrong
kuaitou	会头	16709	会:hui->kuai del-wrong
huakaihuala	花开花落	16706	落:luo->la del-wrong
dedai	德大	16705	大:da->dai del-wrong
daizhai	大宅	16703	大:da->dai del-wrong
madian	抹点	16688	抹:mo->ma del-wrong
moyu	万余	16681	万:wan->mo del-wrong
momu	万亩	16677	万:wan->mo del-wrong
renzhexianren	仁者见仁	16676	见:jian->xian del-wrong
sesi	塞斯	16665	塞:sai->se del-wrong
moshengqi	没生气	16663	没:mei->mo del-wrong
changweikuai	常委会	16657	会:hui->kuai del-wrong
guazao	聒噪	16651	聒:gua->guo REVERSED del-prim
tongman	同埋	16647	埋:mai->man del-wrong
zhengqueshuai	正确率	16630	率:lv->shuai del-wrong
zhichishuai	支持率	16627	率:lv->shuai del-wrong
zhizhexianzhi	智者见智	16616	见:jian->xian del-wrong
xiaoyue	小乐	16611	乐:le->yue del-wrong
daishe	大蛇	16604	大:da->dai del-wrong
huoyi	和义	16599	和:he->huo del-wrong
xinkaixin	寻开心	16590	寻:xun->xin del-wrong
meilianxianren	没脸见人	16578	见:jian->xian del-wrong
xinchanglu	寻常路	16573	寻:xun->xin del-wrong
huabei	花臂	16569	臂:bi->bei del-wrong
maohuolaoshu	猫和老鼠	16565	和:he->huo del-wrong
zhuanhui	传回	16559	传:chuan->zhuan del-wrong
daihe	大盒	16550	大:da->dai del-wrong
daijiang	大酱	16550	大:da->dai del-wrong
mopo	没破	16542	没:mei->mo del-wrong
xiangkuai	乡会	16538	会:hui->kuai del-wrong
geyoukuai	歌友会	16536	会:hui->kuai del-wrong
jiekuai	节会	16533	会:hui->kuai del-wrong
huoxian	和县	16503	和:he->huo del-wrong
mojianshi	没见识	16499	没:mei->mo del-wrong
moqiantu	没前途	16497	没:mei->mo del-wrong
mohua	万花	16481	万:wan->mo del-wrong
daibizi	大鼻子	16478	大:da->dai del-wrong
qitiandai	齐天大	16471	大:da->dai del-wrong
xianlemian	见了面	16448	见:jian->xian del-wrong
xianliaomian	见了面	16448	见:jian->xian del-wrong
yuesheng	乐声	16415	乐:le->yue del-wrong
mohu	万户	16398	万:wan->mo del-wrong
shangdai	商大	16397	大:da->dai del-wrong
zhukuai	注会	16392	会:hui->kuai del-wrong
danghuorenmin	党和人民	16390	和:he->huo del-wrong
zhenmoxiangdao	真没想到	16389	没:mei->mo del-wrong
momeiyuan	万美元	16387	万:wan->mo del-wrong
daizhuan	代传	16383	传:chuan->zhuan del-wrong
guanweikuai	管委会	16380	会:hui->kuai del-wrong
fanzuishuai	犯罪率	16376	率:lv->shuai del-wrong
moshu	没输	16362	没:mei->mo del-wrong
pomo	破万	16353	万:wan->mo del-wrong
daiyun	大云	16352	大:da->dai del-wrong
yimobei	一万倍	16352	万:wan->mo del-wrong
kuaibo	会播	16344	会:hui->kuai del-wrong
xinzhuan	新传	16328	传:chuan->zhuan del-wrong
liangmoduo	两万多	16313	万:wan->mo del-wrong
mozhuan	没赚	16287	没:mei->mo del-wrong
mosheng	没升	16285	没:mei->mo del-wrong
mozhang	万张	16267	万:wan->mo del-wrong
nanxin	难寻	16260	寻:xun->xin del-wrong
zhengdaiyanjing	睁大眼睛	16239	大:da->dai del-wrong
seyafeng	塞牙缝	16213	塞:sai->se del-wrong
kuaikou	会扣	16212	会:hui->kuai del-wrong
daimu	大木	16211	大:da->dai del-wrong
daidie	大碟	16206	大:da->dai del-wrong
dianhuakuai	电话会	16206	会:hui->kuai del-wrong
mocuoer	没错儿	16196	没:mei->mo del-wrong
daichuan	大船	16194	大:da->dai del-wrong
saise	塞塞	16190	塞:sai->se del-wrong
sesai	塞塞	16190	塞:sai->se del-wrong
sese	塞塞	16190	塞:sai->se del-wrong
sejinqu	塞进去	16186	塞:sai->se del-wrong
dushukuai	读书会	16175	会:hui->kuai del-wrong
meizhuan	没传	16157	传:chuan->zhuan del-wrong
mochuan	没传	16157	没:mei->mo del-wrong
mozhuan	没传	16157	没:mei->mo del-wrong
daimanguan	大满贯	16154	大:da->dai del-wrong
bidingkuai	必定会	16147	会:hui->kuai del-wrong
daishitou	大石头	16146	大:da->dai del-wrong
haikuai	海会	16145	会:hui->kuai del-wrong
dairongliang	大容量	16135	大:da->dai del-wrong
mojiu	没酒	16124	没:mei->mo del-wrong
daihuaidan	大坏蛋	16120	大:da->dai del-wrong
diedie	嗲嗲	16114	嗲:die->dia REVERSED del-prim
shuadaipai	耍大牌	16095	大:da->dai del-wrong
labai	落败	16077	落:luo->la del-wrong
yula	雨落	16053	落:luo->la del-wrong
mozhuner	没准儿	16052	没:mei->mo del-wrong
zhunqueshuai	准确率	16022	率:lv->shuai del-wrong
morenmi	万人迷	16009	万:wan->mo del-wrong
daihuzi	大胡子	16004	大:da->dai del-wrong
moban	没搬	15976	没:mei->mo del-wrong
moshangqu	没上去	15954	没:mei->mo del-wrong
daiyuan	大远	15949	大:da->dai del-wrong
moliu	万六	15931	万:wan->mo del-wrong
zhongla	中落	15931	落:luo->la del-wrong
mobaolu	万宝路	15912	万:wan->mo del-wrong
xingdaiyun	行大运	15909	大:da->dai del-wrong
moer	万二	15907	万:wan->mo del-wrong
moshuochu	没说出	15900	没:mei->mo del-wrong
daifengshou	大丰收	15875	大:da->dai del-wrong
huoshen	和珅	15874	和:he->huo del-wrong
duikuai	队会	15873	会:hui->kuai del-wrong
mochao	没吵	15853	没:mei->mo del-wrong
kekuai	可会	15852	会:hui->kuai del-wrong
gaokuai	高会	15782	会:hui->kuai del-wrong
yimoyuan	一万元	15779	万:wan->mo del-wrong
daike	大颗	15766	大:da->dai del-wrong
shuaixiang	率相	15754	率:lv->shuai del-wrong
moqiu	没求	15747	没:mei->mo del-wrong
zhuanzi	传自	15742	传:chuan->zhuan del-wrong
zhuanzhong	传中	15740	传:chuan->zhuan del-wrong
mozhiwang	没指望	15735	没:mei->mo del-wrong
nengyue	能乐	15721	乐:le->yue del-wrong
yimobu	一万步	15717	万:wan->mo del-wrong
jidai	暨大	15716	大:da->dai del-wrong
lujue	鹿角	15708	角:jiao->jue del-wrong
lingjue	菱角	15705	角:jiao->jue del-wrong
daili	大里	15702	大:da->dai del-wrong
kuaifu	会付	15702	会:hui->kuai del-wrong
mashangkuai	马上会	15698	会:hui->kuai del-wrong
zuokuai	坐会	15687	会:hui->kuai del-wrong
morenci	万人次	15685	万:wan->mo del-wrong
bianhuahendai	变化很大	15684	大:da->dai del-wrong
jimokuai	几万块	15671	万:wan->mo del-wrong
moxiang	没像	15671	没:mei->mo del-wrong
zhoudaifu	周大福	15635	大:da->dai del-wrong
mozhong	没种	15626	没:mei->mo del-wrong
dailuandou	大乱斗	15624	大:da->dai del-wrong
zhunkuai	准会	15621	会:hui->kuai del-wrong
mochao	没抄	15599	没:mei->mo del-wrong
daixiangzi	大箱子	15595	大:da->dai del-wrong
manxian	埋线	15582	埋:mai->man del-wrong
hagongdai	哈工大	15578	大:da->dai del-wrong
baiyue	百乐	15577	乐:le->yue del-wrong
mosan	万三	15576	万:wan->mo del-wrong
daiburuqian	大不如前	15560	大:da->dai del-wrong
mopingfangmi	万平方米	15533	万:wan->mo del-wrong
daicun	大村	15528	大:da->dai del-wrong
baihuodailou	百货大楼	15518	大:da->dai del-wrong
rouqingshishui	柔情似水	15516	似:shi->si REVERSED del-prim
hekuai	合会	15513	会:hui->kuai del-wrong
xianzheyoufen	见者有份	15509	见:jian->xian del-wrong
erzhuan	二传	15494	传:chuan->zhuan del-wrong
lajia	落架	15488	落:luo->la del-wrong
layan	落雁	15484	落:luo->la del-wrong
laban	落班	15475	落:luo->la del-wrong
daiman	带埋	15469	埋:mai->man del-wrong
qianyuqianxin	千与千寻	15456	寻:xun->xin del-wrong
daidao	大岛	15452	大:da->dai del-wrong
sepulusi	塞浦路斯	15442	塞:sai->se del-wrong
daibaoyanfu	大饱眼福	15435	大:da->dai del-wrong
kuaipiao	会票	15429	会:hui->kuai del-wrong
huofeng	和丰	15418	和:he->huo del-wrong
zuidaihua	最大化	15415	大:da->dai del-wrong
daidou	大斗	15410	大:da->dai del-wrong
yidailiyu	意大利语	15407	大:da->dai del-wrong
mosheng	没剩	15398	没:mei->mo del-wrong
huhudaishui	呼呼大睡	15395	大:da->dai del-wrong
daideduo	大得多	15391	大:da->dai del-wrong
daideiduo	大得多	15391	大:da->dai del-wrong
dafudaigui	大富大贵	15384	大:da->dai del-wrong
daifudagui	大富大贵	15384	大:da->dai del-wrong
daifudaigui	大富大贵	15384	大:da->dai del-wrong
fudaigui	富大贵	15384	大:da->dai del-wrong
gaoyue	高乐	15371	乐:le->yue del-wrong
longdai	龙大	15353	大:da->dai del-wrong
daiding	大定	15338	大:da->dai del-wrong
yimoba	一万八	15330	万:wan->mo del-wrong
shike	似可	15326	似:shi->si REVERSED del-prim
haojimo	好几万	15324	万:wan->mo del-wrong
zhangzhuan	长传	15322	传:chuan->zhuan del-wrong
kuola	阔落	15318	落:luo->la del-wrong
daizhi	大值	15315	大:da->dai del-wrong
yuexin	乐心	15309	乐:le->yue del-wrong
tongguoshuai	通过率	15303	率:lv->shuai del-wrong
daihua	大化	15302	大:da->dai del-wrong
shiermo	十二万	15279	万:wan->mo del-wrong
nanshidai	南师大	15276	大:da->dai del-wrong
daiming	大命	15272	大:da->dai del-wrong
daichuan	大串	15268	大:da->dai del-wrong
daiying	大营	15259	大:da->dai del-wrong
modai	万代	15250	万:wan->mo del-wrong
ladaoshichu	落到实处	15248	落:luo->la del-wrong
dainanzizhuyi	大男子主义	15236	大:da->dai del-wrong
zhuanxialai	传下来	15220	传:chuan->zhuan del-wrong
youkuaiyou	又会有	15214	会:hui->kuai del-wrong
seru	塞入	15213	塞:sai->se del-wrong
moshe	没设	15200	没:mei->mo del-wrong
xianguan	见惯	15199	见:jian->xian del-wrong
zhuanzong	传宗	15196	传:chuan->zhuan del-wrong
mobao	万宝	15195	万:wan->mo del-wrong
sebasidian	塞巴斯蒂安	15188	塞:sai->se del-wrong
daiyingdiguo	大英帝国	15187	大:da->dai del-wrong
daici	大慈	15186	大:da->dai del-wrong
moliang	万两	15178	万:wan->mo del-wrong
xianchengxiao	见成效	15165	见:jian->xian del-wrong
aoweikuai	奥委会	15139	会:hui->kuai del-wrong
lidaiwuqiong	力大无穷	15126	大:da->dai del-wrong
modu	没毒	15126	没:mei->mo del-wrong
yingxinwankuai	迎新晚会	15123	会:hui->kuai del-wrong
daichuan	大川	15117	大:da->dai del-wrong
liangmowuqian	两万五千	15115	万:wan->mo del-wrong
moquan	没权	15111	没:mei->mo del-wrong
moshao	没烧	15111	没:mei->mo del-wrong
xinsi	寻死	15108	寻:xun->xin del-wrong
dailing	大岭	15100	大:da->dai del-wrong
yuankuai	院会	15092	会:hui->kuai del-wrong
xinren	寻人	15086	寻:xun->xin del-wrong
huannanxianzhenqing	患难见真情	15083	见:jian->xian del-wrong
qunla	群落	15083	落:luo->la del-wrong
rendachangweikuai	人大常委会	15083	会:hui->kuai del-wrong
caikuaiying	才会赢	15081	会:hui->kuai del-wrong
luseer	鲁塞尔	15081	塞:sai->se del-wrong
dailuo	大罗	15066	大:da->dai del-wrong
daizhen	大震	15055	大:da->dai del-wrong
yanma	艳抹	15044	抹:mo->ma del-wrong
sanmoduo	三万多	15043	万:wan->mo del-wrong
yela	叶落	15041	落:luo->la del-wrong
motai	万台	15040	万:wan->mo del-wrong
mofayong	没法用	15037	没:mei->mo del-wrong
shuila	水落	15033	落:luo->la del-wrong
kezhenkuai	可真会	15021	会:hui->kuai del-wrong
xinxinmimi	寻寻觅觅	15004	寻:xun->xin del-wrong
xinxunmimi	寻寻觅觅	15004	寻:xun->xin del-wrong
xunxinmimi	寻寻觅觅	15004	寻:xun->xin del-wrong
yumo	余万	15004	万:wan->mo del-wrong
daiyouyuan	大又圆	15001	大:da->dai del-wrong
xindao	寻到	14997	寻:xun->xin del-wrong
mama	抹抹	14994	抹:mo->ma del-wrong
mamo	抹抹	14994	抹:mo->ma del-wrong
moma	抹抹	14994	抹:mo->ma del-wrong
liangkuai	两会	14990	会:hui->kuai del-wrong
depiaoshuai	得票率	14987	率:lv->shuai del-wrong
jimoren	几万人	14976	万:wan->mo del-wrong
mopingfanggongli	万平方公里	14970	万:wan->mo del-wrong
pianting	便停	14961	便:bian->pian del-wrong
daidupo	大肚婆	14952	大:da->dai del-wrong
motian	没填	14940	没:mei->mo del-wrong
layu	落于	14936	落:luo->la del-wrong
taolunkuai	讨论会	14920	会:hui->kuai del-wrong
pianjiang	便将	14907	便:bian->pian del-wrong
lashi	落石	14903	落:luo->la del-wrong
pidai	屁大	14903	大:da->dai del-wrong
daishanshenchu	大山深处	14890	大:da->dai del-wrong
qiqiluola	起起落落	14889	落:luo->la del-wrong
daikebubi	大可不必	14887	大:da->dai del-wrong
lihunshuai	离婚率	14856	率:lv->shuai del-wrong
yimowuqian	一万五千	14839	万:wan->mo del-wrong
wujuechang	五角场	14835	角:jiao->jue del-wrong
yijiukuai	依旧会	14826	会:hui->kuai del-wrong
daiwu	大巫	14825	大:da->dai del-wrong
lianhuankuai	联欢会	14804	会:hui->kuai del-wrong
yingse	硬塞	14803	塞:sai->se del-wrong
sibinse	斯宾塞	14785	塞:sai->se del-wrong
daiyi	大艺	14779	大:da->dai del-wrong
daidian	大店	14778	大:da->dai del-wrong
daifangyicai	大放异彩	14774	大:da->dai del-wrong
moba	万把	14756	万:wan->mo del-wrong
bayue	芭乐	14754	乐:le->yue del-wrong
mojie	没借	14747	没:mei->mo del-wrong
weila	未落	14745	落:luo->la del-wrong
moqian	没牵	14730	没:mei->mo del-wrong
baishezhuan	白蛇传	14716	传:chuan->zhuan del-wrong
daiguan	大罐	14712	大:da->dai del-wrong
toupiaoshuai	投票率	14703	率:lv->shuai del-wrong
yibubianyingmobian	以不变应万变	14702	万:wan->mo del-wrong
lianhuo	联和	14678	和:he->huo del-wrong
yidaibang	一大帮	14676	大:da->dai del-wrong
daigu	大谷	14663	大:da->dai del-wrong
laxue	落雪	14660	落:luo->la del-wrong
daixi	大溪	14658	大:da->dai del-wrong
moshu	没书	14658	没:mei->mo del-wrong
moji	没挤	14657	没:mei->mo del-wrong
shenman	深埋	14648	埋:mai->man del-wrong
moxi	没吸	14639	没:mei->mo del-wrong
baimudai	百慕大	14617	大:da->dai del-wrong
kuoling	适龄	14617	适:shi->kuo del-wrong
kuaige	会歌	14616	会:hui->kuai del-wrong
daizhongxiao	大中小	14614	大:da->dai del-wrong
ganranshuai	感染率	14611	率:lv->shuai del-wrong
juzhuan	据传	14596	传:chuan->zhuan del-wrong
chenkuai	晨会	14583	会:hui->kuai del-wrong
mofazi	没法子	14583	没:mei->mo del-wrong
daiguinv	大闺女	14564	大:da->dai del-wrong
xuanjiangkuai	宣讲会	14562	会:hui->kuai del-wrong
daiao	大澳	14553	大:da->dai del-wrong
dese	德塞	14534	塞:sai->se del-wrong
shiyeshuai	失业率	14529	率:lv->shuai del-wrong
ruxian	如见	14520	见:jian->xian del-wrong
haise	海塞	14517	塞:sai->se del-wrong
zhuanzhi	传至	14506	传:chuan->zhuan del-wrong
dajiayue	大家乐	14506	乐:le->yue del-wrong
kuaicuoyi	会错意	14506	会:hui->kuai del-wrong
huzhukuai	互助会	14503	会:hui->kuai del-wrong
daizhen	大振	14500	大:da->dai del-wrong
daigen	大根	14476	大:da->dai del-wrong
daiwei	大维	14475	大:da->dai del-wrong
jiuyeshuai	就业率	14475	率:lv->shuai del-wrong
kuangdai	矿大	14467	大:da->dai del-wrong
molu	没路	14467	没:mei->mo del-wrong
dongnanjue	东南角	14465	角:jiao->jue del-wrong
baselong	巴塞隆	14455	塞:sai->se del-wrong
dianjishuai	点击率	14455	率:lv->shuai del-wrong
semouer	塞缪尔	14451	塞:sai->se del-wrong
daiyang	大阳	14450	大:da->dai del-wrong
yidaitiao	一大跳	14444	大:da->dai del-wrong
daijie	大劫	14435	大:da->dai del-wrong
zhipian	之便	14429	便:bian->pian del-wrong
dudai	独大	14423	大:da->dai del-wrong
gaidai	改大	14405	大:da->dai del-wrong
huashijin	花似锦	14399	似:shi->si REVERSED del-prim
cunhuoshuai	存活率	14388	率:lv->shuai del-wrong
daiyingtao	大樱桃	14386	大:da->dai del-wrong
kedaikexiao	可大可小	14378	大:da->dai del-wrong
rengaomadai	人高马大	14374	大:da->dai del-wrong
malei	抹泪	14363	抹:mo->ma del-wrong
daihu	大虎	14360	大:da->dai del-wrong
daihuang	大荒	14353	大:da->dai del-wrong
yayunkuai	亚运会	14353	会:hui->kuai del-wrong
mie	密哦	14345	哦:o->e del-wrong
zhuanwei	传为	14342	传:chuan->zhuan del-wrong
shiyimo	十一万	14336	万:wan->mo del-wrong
quemoneng	却没能	14331	没:mei->mo del-wrong
mogongfu	没工夫	14311	没:mei->mo del-wrong
laseer	拉塞尔	14289	塞:sai->se del-wrong
monian	没念	14282	没:mei->mo del-wrong
zhuanshanglai	传上来	14261	传:chuan->zhuan del-wrong
zuilise	嘴里塞	14252	塞:sai->se del-wrong
zhengfadai	政法大	14243	大:da->dai del-wrong
yiliangmo	一两万	14229	万:wan->mo del-wrong
geyue	歌乐	14224	乐:le->yue del-wrong
daiji	大记	14212	大:da->dai del-wrong
seke	塞克	14208	塞:sai->se del-wrong
shenshoubuxian	伸手不见	14203	见:jian->xian del-wrong
daiguan	大管	14202	大:da->dai del-wrong
daibuxiangtong	大不相同	14193	大:da->dai del-wrong
zhuanchuqu	传出去	14187	传:chuan->zhuan del-wrong
moqiu	没球	14182	没:mei->mo del-wrong
daibao	大堡	14171	大:da->dai del-wrong
yuanqidaishang	元气大伤	14161	大:da->dai del-wrong
moshen	没神	14151	没:mei->mo del-wrong
xiaowujiandai	小巫见大	14143	大:da->dai del-wrong
xiaowuxianda	小巫见大	14143	见:jian->xian del-wrong
xiaowuxiandai	小巫见大	14143	见:jian->xian del-wrong
daidi	大弟	14141	大:da->dai del-wrong
yibaiduomo	一百多万	14141	万:wan->mo del-wrong
lahui	落灰	14128	落:luo->la del-wrong
manqi	埋起	14118	埋:mai->man del-wrong
kuaizhong	会种	14103	会:hui->kuai del-wrong
daihao	大豪	14099	大:da->dai del-wrong
sezhu	塞住	14093	塞:sai->se del-wrong
mayou	抹油	14091	抹:mo->ma del-wrong
daiwu	大屋	14088	大:da->dai del-wrong
daitaosha	大逃杀	14083	大:da->dai del-wrong
daidunan	大肚腩	14080	大:da->dai del-wrong
daifandian	大饭店	14065	大:da->dai del-wrong
daijuhui	大聚会	14049	大:da->dai del-wrong
huashuai	化率	14045	率:lv->shuai del-wrong
huakuai	画会	14036	会:hui->kuai del-wrong
moqin	没亲	14036	没:mei->mo del-wrong
daishao	大勺	14032	大:da->dai del-wrong
daichun	大春	14007	大:da->dai del-wrong
daiduo	大朵	14002	大:da->dai del-wrong
yuesi	乐死	14001	乐:le->yue del-wrong
shandai	汕大	13993	大:da->dai del-wrong
huchihaise	胡吃海塞	13989	塞:sai->se del-wrong
xianjianmian	见见面	13989	见:jian->xian del-wrong
moce	没测	13989	没:mei->mo del-wrong
dainaotiangong	大闹天宫	13975	大:da->dai del-wrong
beikuai	背会	13965	会:hui->kuai del-wrong
moliang	没量	13965	没:mei->mo del-wrong
modengwo	没等我	13942	没:mei->mo del-wrong
moguang	没光	13941	没:mei->mo del-wrong
kandaitu	看大图	13934	大:da->dai del-wrong
manqilai	埋起来	13926	埋:mai->man del-wrong
cankuai	参会	13919	会:hui->kuai del-wrong
daijingang	大金刚	13918	大:da->dai del-wrong
zikuo	自适	13914	适:shi->kuo del-wrong
linjue	麟角	13905	角:jiao->jue del-wrong
daizhaimen	大宅门	13895	大:da->dai del-wrong
daiboluo	大菠萝	13891	大:da->dai del-wrong
yandai	烟大	13890	大:da->dai del-wrong
kuaikuo	快适	13888	适:shi->kuo del-wrong
moduoyuan	没多远	13882	没:mei->mo del-wrong
shuaibing	率兵	13881	率:lv->shuai del-wrong
xiazhuan	下传	13879	传:chuan->zhuan del-wrong
zhuanxiaqu	传下去	13861	传:chuan->zhuan del-wrong
daihangqidao	大行其道	13851	大:da->dai del-wrong
daixingqidao	大行其道	13851	大:da->dai del-wrong
manjin	埋进	13848	埋:mai->man del-wrong
huansongkuai	欢送会	13842	会:hui->kuai del-wrong
xiejue	斜角	13841	角:jiao->jue del-wrong
xiankuai	先会	13839	会:hui->kuai del-wrong
zhuande	传得	13837	传:chuan->zhuan del-wrong
zhuandei	传得	13837	传:chuan->zhuan del-wrong
xiangxian	详见	13837	见:jian->xian del-wrong
daisha	大鲨	13810	大:da->dai del-wrong
kangdai	抗大	13791	大:da->dai del-wrong
yuankuai	缘会	13779	会:hui->kuai del-wrong
zhangbei	长臂	13765	臂:bi->bei del-wrong
xiaobei	小臂	13763	臂:bi->bei del-wrong
zhuane	传讹	13759	传:chuan->zhuan del-wrong
maping	抹平	13744	抹:mo->ma del-wrong
zhuankan	传看	13738	传:chuan->zhuan del-wrong
mojin	万斤	13729	万:wan->mo del-wrong
daitao	大套	13699	大:da->dai del-wrong
nanduhendai	难度很大	13696	大:da->dai del-wrong
daxiaopian	大小便	13694	便:bian->pian del-wrong
daipian	大篇	13690	大:da->dai del-wrong
zengzhangshuai	增长率	13690	率:lv->shuai del-wrong
danghuozhengfu	党和政府	13672	和:he->huo del-wrong
quanguorendachangweikuai	全国人大常委会	13671	会:hui->kuai del-wrong
daikuai	带会	13665	会:hui->kuai del-wrong
zhuandian	传电	13662	传:chuan->zhuan del-wrong
guangjuejing	广角镜	13658	角:jiao->jue del-wrong
kaoshie	考试哦	13658	哦:o->e del-wrong
moci	没词	13658	没:mei->mo del-wrong
meilianmopi	没脸没皮	13658	没:mei->mo del-wrong
jueqian	角钱	13644	角:jiao->jue del-wrong
zuidaizhi	最大值	13637	大:da->dai del-wrong
haide	咳得	13630	咳:ke->hai del-wrong
haidei	咳得	13630	咳:ke->hai del-wrong
mozhile	没治了	13630	没:mei->mo del-wrong
mozhiliao	没治了	13630	没:mei->mo del-wrong
kuaiqing	会庆	13619	会:hui->kuai del-wrong
lamei	落梅	13604	落:luo->la del-wrong
daidupi	大肚皮	13581	大:da->dai del-wrong
beidaiqinghua	北大清华	13575	大:da->dai del-wrong
yimozhong	一万种	13571	万:wan->mo del-wrong
daiyu	大渔	13558	大:da->dai del-wrong
motao	没讨	13546	没:mei->mo del-wrong
yimoliuqian	一万六千	13536	万:wan->mo del-wrong
moling	万零	13531	万:wan->mo del-wrong
daiyunhui	大运会	13523	大:da->dai del-wrong
daiyunkuai	大运会	13523	大:da->dai del-wrong
dayunkuai	大运会	13523	会:hui->kuai del-wrong
sekesi	塞克斯	13513	塞:sai->se del-wrong
kuofeng	适逢	13507	适:shi->kuo del-wrong
liangdaizeng	量大增	13498	大:da->dai del-wrong
jiaman	加埋	13495	埋:mai->man del-wrong
duoma	多抹	13489	抹:mo->ma del-wrong
liaodai	辽大	13489	大:da->dai del-wrong
lixinhuan	李寻欢	13489	寻:xun->xin del-wrong
mayao	抹药	13489	抹:mo->ma del-wrong
yujiaoyuyue	寓教于乐	13477	乐:le->yue del-wrong
ershiwumo	二十五万	13475	万:wan->mo del-wrong
ershidai	二十大	13472	大:da->dai del-wrong
junyidai	军医大	13469	大:da->dai del-wrong
kuohun	适婚	13447	适:shi->kuo del-wrong
huanjue	换角	13446	角:jiao->jue del-wrong
moxiang	没向	13436	没:mei->mo del-wrong
zhuanshangqu	传上去	13430	传:chuan->zhuan del-wrong
huohuase	火花塞	13411	塞:sai->se del-wrong
daibianju	大变局	13406	大:da->dai del-wrong
daibian	大边	13398	大:da->dai del-wrong
diaodaiyu	钓大鱼	13366	大:da->dai del-wrong
daishu	大鼠	13360	大:da->dai del-wrong
daiyeban	大夜班	13355	大:da->dai del-wrong
cujinkuai	促进会	13354	会:hui->kuai del-wrong
liangsanmo	两三万	13352	万:wan->mo del-wrong
mikuai	密会	13348	会:hui->kuai del-wrong
tingkuai	停会	13329	会:hui->kuai del-wrong
baogaokuai	报告会	13323	会:hui->kuai del-wrong
liankuai	联会	13322	会:hui->kuai del-wrong
tongmengkuai	同盟会	13311	会:hui->kuai del-wrong
shisanmo	十三万	13310	万:wan->mo del-wrong
chenxin	陈寻	13308	寻:xun->xin del-wrong
dongbeijue	东北角	13302	角:jiao->jue del-wrong
yimoyi	一万亿	13290	万:wan->mo del-wrong
shisimo	十四万	13285	万:wan->mo del-wrong
nanguaikuai	难怪会	13282	会:hui->kuai del-wrong
tuiyimo	退一万	13282	万:wan->mo del-wrong
shidaifuzhong	师大附中	13280	大:da->dai del-wrong
suinipian	随你便	13277	便:bian->pian del-wrong
kuaidong	会东	13271	会:hui->kuai del-wrong
daiyuan	大元	13255	大:da->dai del-wrong
chuanzhuan	川传	13252	传:chuan->zhuan del-wrong
daiao	大袄	13245	大:da->dai del-wrong
mozhiqi	没志气	13245	没:mei->mo del-wrong
sesheer	塞舌尔	13241	塞:sai->se del-wrong
qiansuoweixian	前所未见	13225	见:jian->xian del-wrong
moguqi	没骨气	13212	没:mei->mo del-wrong
fugaishuai	覆盖率	13204	率:lv->shuai del-wrong
mofen	没份	13202	没:mei->mo del-wrong
baojiaobaokuai	包教包会	13180	会:hui->kuai del-wrong
daidangjia	大当家	13179	大:da->dai del-wrong
leila	泪落	13171	落:luo->la del-wrong
daipailiang	大排量	13165	大:da->dai del-wrong
wawadaiku	哇哇大哭	13161	大:da->dai del-wrong
daigang	大缸	13147	大:da->dai del-wrong
sebandao	塞班岛	13144	塞:sai->se del-wrong
xinanjue	西南角	13141	角:jiao->jue del-wrong
kuaizi	会子	13136	会:hui->kuai del-wrong
houdai	厚大	13124	大:da->dai del-wrong
daixide	大溪地	13114	大:da->dai del-wrong
daixidi	大溪地	13114	大:da->dai del-wrong
zhezhuan	浙传	13113	传:chuan->zhuan del-wrong
mochao	没炒	13079	没:mei->mo del-wrong
zhuanshu	传书	13068	传:chuan->zhuan del-wrong
zhanshikuai	展示会	13058	会:hui->kuai del-wrong
jiadaikong	假大空	13053	大:da->dai del-wrong
daiyawan	大亚湾	13046	大:da->dai del-wrong
daisanba	大三巴	13036	大:da->dai del-wrong
xianjiaodai	西安交大	13036	大:da->dai del-wrong
xianchu	见出	13030	见:jian->xian del-wrong
chuila	吹落	13024	落:luo->la del-wrong
daibi	大比	13019	大:da->dai del-wrong
daiyandai	大眼袋	13010	大:da->dai del-wrong
daihan	大旱	13002	大:da->dai del-wrong
daibianyang	大变样	12991	大:da->dai del-wrong
zhongxian	重见	12986	见:jian->xian del-wrong
lingkuaidao	领会到	12978	会:hui->kuai del-wrong
daizhu	大珠	12953	大:da->dai del-wrong
juemei	角美	12953	角:jiao->jue del-wrong
daikuaiduoyi	大快朵颐	12945	大:da->dai del-wrong
huoxiaohong	和小红	12939	和:he->huo del-wrong
couhuo	凑和	12938	和:he->huo del-wrong
sezu	塞族	12924	塞:sai->se del-wrong
daiyuan	大源	12912	大:da->dai del-wrong
daizhu	大竹	12907	大:da->dai del-wrong
xinzu	寻租	12905	寻:xun->xin del-wrong
modanghuishi	没当回事	12903	没:mei->mo del-wrong
wucankuai	午餐会	12901	会:hui->kuai del-wrong
ganjie	柑桔	12898	桔:ju->jie del-wrong
fashengshuai	发生率	12888	率:lv->shuai del-wrong
huanyingkuai	欢迎会	12888	会:hui->kuai del-wrong
feidai	匪大	12886	大:da->dai del-wrong
daichaoyijia	大吵一架	12882	大:da->dai del-wrong
dailiangshan	大凉山	12866	大:da->dai del-wrong
liangmokuai	两万块	12866	万:wan->mo del-wrong
ermowuqian	二万五千	12861	万:wan->mo del-wrong
daiqiang	大枪	12853	大:da->dai del-wrong
zhujiajue	朱家角	12845	角:jiao->jue del-wrong
moju	万句	12830	万:wan->mo del-wrong
lianxikuai	联席会	12825	会:hui->kuai del-wrong
sidailingelei	斯大林格勒	12824	大:da->dai del-wrong
daidiao	大雕	12810	大:da->dai del-wrong
daimang	大蟒	12810	大:da->dai del-wrong
liangjue	两角	12802	角:jiao->jue del-wrong
xinxin	寻衅	12800	寻:xun->xin del-wrong
daiwan	大湾	12793	大:da->dai del-wrong
xianzhuang	见状	12782	见:jian->xian del-wrong
daiwei	大位	12777	大:da->dai del-wrong
kuopeiqi	适配器	12758	适:shi->kuo del-wrong
daijin	大锦	12745	大:da->dai del-wrong
moji	万几	12736	万:wan->mo del-wrong
daidu	大赌	12726	大:da->dai del-wrong
daijiean	大劫案	12724	大:da->dai del-wrong
bianbianjiaojue	边边角角	12715	角:jiao->jue del-wrong
diaoshuai	掉率	12713	率:lv->shuai del-wrong
lingxin	另寻	12691	寻:xun->xin del-wrong
daicang	大仓	12683	大:da->dai del-wrong
daichang	大昌	12659	大:da->dai del-wrong
moyuanhu	万元户	12658	万:wan->mo del-wrong
guojiadaijuyuan	国家大剧院	12652	大:da->dai del-wrong
daizuo	大佐	12641	大:da->dai del-wrong
xinanjiaodai	西南交大	12638	大:da->dai del-wrong
dongyuankuai	动员会	12627	会:hui->kuai del-wrong
motou	万头	12624	万:wan->mo del-wrong
lepai	肋排	12612	肋:le->lei REVERSED del-prim
daiyingbowuguan	大英博物馆	12610	大:da->dai del-wrong
xibeijue	西北角	12610	角:jiao->jue del-wrong
mofen	万份	12604	万:wan->mo del-wrong
xiadaili	下大力	12603	大:da->dai del-wrong
fukuai	妇会	12596	会:hui->kuai del-wrong
shouman	收埋	12596	埋:mai->man del-wrong
moshi	没使	12595	没:mei->mo del-wrong
anjue	暗角	12592	角:jiao->jue del-wrong
daiyali	大鸭梨	12591	大:da->dai del-wrong
daibuyiyang	大不一样	12586	大:da->dai del-wrong
shiliumo	十六万	12577	万:wan->mo del-wrong
chaola	潮落	12575	落:luo->la del-wrong
maose	茅塞	12569	塞:sai->se del-wrong
yuanjue	圆角	12569	角:jiao->jue del-wrong
sansimo	三四万	12568	万:wan->mo del-wrong
zongjiekuai	总结会	12568	会:hui->kuai del-wrong
shangbei	上臂	12556	臂:bi->bei del-wrong
mozhehuishi	没这回事	12550	没:mei->mo del-wrong
kuaishichang	会时常	12534	会:hui->kuai del-wrong
mochengxiang	没成想	12526	没:mei->mo del-wrong
yuman	预埋	12520	埋:mai->man del-wrong
yimobaqian	一万八千	12512	万:wan->mo del-wrong
jizhuan	际传	12501	传:chuan->zhuan del-wrong
zhizhuan	直传	12500	传:chuan->zhuan del-wrong
daipo	大坡	12487	大:da->dai del-wrong
daisi	大寺	12480	大:da->dai del-wrong
daidan	大丹	12474	大:da->dai del-wrong
mianjue	面角	12466	角:jiao->jue del-wrong
motingdaoguo	没听到过	12464	没:mei->mo del-wrong
qinxian	亲见	12462	见:jian->xian del-wrong
gongjikuai	共济会	12457	会:hui->kuai del-wrong
jiase	加塞	12456	塞:sai->se del-wrong
kese	克塞	12455	塞:sai->se del-wrong
shanghaijiaodai	上海交大	12454	大:da->dai del-wrong
moshuodao	没说到	12446	没:mei->mo del-wrong
chongdai	宠大	12444	大:da->dai del-wrong
gaopinshuai	高频率	12422	率:lv->shuai del-wrong
daitun	大屯	12419	大:da->dai del-wrong
zhaxian	乍见	12415	见:jian->xian del-wrong
daihoudajiao	大吼大叫	12412	大:da->dai del-wrong
motao	没套	12412	没:mei->mo del-wrong
yuxin	于寻	12407	寻:xun->xin del-wrong
moci	没刺	12390	没:mei->mo del-wrong
jueting	角亭	12384	角:jiao->jue del-wrong
moliang	万辆	12380	万:wan->mo del-wrong
qingchexiandi	清澈见底	12380	见:jian->xian del-wrong
jianjue	尖角	12377	角:jiao->jue del-wrong
suanjue	酸角	12375	角:jiao->jue del-wrong
moce	万册	12371	万:wan->mo del-wrong
mopiao	万票	12368	万:wan->mo del-wrong
xinwu	寻乌	12362	寻:xun->xin del-wrong
zhunbeikuai	准备会	12351	会:hui->kuai del-wrong
daishi	大士	12349	大:da->dai del-wrong
daihuan	大患	12342	大:da->dai del-wrong
qingganlong	清乾隆	12341	乾:qian->gan del-wrong
daimali	大马力	12336	大:da->dai del-wrong
daijia	大甲	12333	大:da->dai del-wrong
diandaiqike	店大欺客	12333	大:da->dai del-wrong
duzoukuai	独奏会	12330	会:hui->kuai del-wrong
mojian	万件	12329	万:wan->mo del-wrong
daipengche	大篷车	12325	大:da->dai del-wrong
renrenyue	人人乐	12324	乐:le->yue del-wrong
daiyao	大姚	12316	大:da->dai del-wrong
molv	万缕	12312	万:wan->mo del-wrong
cangzhuan	藏传	12311	传:chuan->zhuan del-wrong
huayingangla	话音刚落	12307	落:luo->la del-wrong
xinmo	寻摸	12284	寻:xun->xin del-wrong
daipianfu	大篇幅	12283	大:da->dai del-wrong
huzhuan	互传	12280	传:chuan->zhuan del-wrong
daipan	大盘	12278	大:da->dai del-wrong
bangongdailou	办公大楼	12270	大:da->dai del-wrong
canaokuai	残奥会	12270	会:hui->kuai del-wrong
yuehuaile	乐坏了	12237	乐:le->yue del-wrong
yuehuailiao	乐坏了	12237	乐:le->yue del-wrong
daishewan	大蛇丸	12231	大:da->dai del-wrong
daikang	大康	12225	大:da->dai del-wrong
daidaobaoyu	大到暴雨	12223	大:da->dai del-wrong
zhuanguolai	传过来	12220	传:chuan->zhuan del-wrong
keyemo	可也没	12215	没:mei->mo del-wrong
yourongnaidai	有容乃大	12209	大:da->dai del-wrong
seerda	塞尔达	12207	塞:sai->se del-wrong
daidieyanjing	大跌眼镜	12199	大:da->dai del-wrong
ganlongdi	乾隆帝	12199	乾:qian->gan del-wrong
zhanyoushuai	占有率	12194	率:lv->shuai del-wrong
daiping	大坪	12191	大:da->dai del-wrong
daiwanglu	大望路	12189	大:da->dai del-wrong
daiyongchu	大用处	12189	大:da->dai del-wrong
shibikuai	势必会	12180	会:hui->kuai del-wrong
yihuxinchang	异乎寻常	12172	寻:xun->xin del-wrong
yuepingren	乐评人	12158	乐:le->yue del-wrong
gongbukemo	功不可没	12156	没:mei->mo del-wrong
mazui	抹嘴	12147	抹:mo->ma del-wrong
shuyoukuai	书友会	12146	会:hui->kuai del-wrong
semu	塞姆	12145	塞:sai->se del-wrong
zhuangdaiyun	撞大运	12145	大:da->dai del-wrong
liangmobu	两万步	12140	万:wan->mo del-wrong
mobakuai	万把块	12140	万:wan->mo del-wrong
xiangchataidai	相差太大	12140	大:da->dai del-wrong
selaliang	塞拉利昂	12134	塞:sai->se del-wrong
shiyidai	十一大	12133	大:da->dai del-wrong
zhuanxiao	传销	12113	传:chuan->zhuan del-wrong
mocang	没藏	12112	没:mei->mo del-wrong
yimoju	一万句	12111	万:wan->mo del-wrong
chidaikui	吃大亏	12108	大:da->dai del-wrong
huizhuan	回传	12105	传:chuan->zhuan del-wrong
daixian	大县	12099	大:da->dai del-wrong
daishengchan	大生产	12094	大:da->dai del-wrong
dainanmen	大南门	12090	大:da->dai del-wrong
daiyandeng	大眼瞪	12090	大:da->dai del-wrong
luanzhuan	乱传	12090	传:chuan->zhuan del-wrong
jiaoyikuai	交易会	12077	会:hui->kuai del-wrong
houtianxiazhileeryue	后天下之乐而乐	12075	乐:le->yue del-wrong
houtianxiazhiyueerle	后天下之乐而乐	12075	乐:le->yue del-wrong
houtianxiazhiyueeryue	后天下之乐而乐	12075	乐:le->yue del-wrong
shadie	沙嗲	12071	嗲:die->dia REVERSED del-prim
daibaokoufu	大饱口福	12067	大:da->dai del-wrong
daifutigao	大幅提高	12063	大:da->dai del-wrong
daijiu	大久	12051	大:da->dai del-wrong
shuaireng	率仍	12049	率:lv->shuai del-wrong
taitoubujianditouxian	抬头不见低头见	12039	见:jian->xian del-wrong
daiji	大祭	12011	大:da->dai del-wrong
fangshengdaiku	放声大哭	12009	大:da->dai del-wrong
mae	抹额	12002	抹:mo->ma del-wrong
ditoubujiantaitouxian	低头不见抬头见	11991	见:jian->xian del-wrong
huoheqiqi	和和气气	11991	和:he->huo del-wrong
sanmokuai	三万块	11987	万:wan->mo del-wrong
lahai	落海	11969	落:luo->la del-wrong
yijiadudai	一家独大	11962	大:da->dai del-wrong
simoduo	四万多	11956	万:wan->mo del-wrong
shihuan	似幻	11951	似:shi->si REVERSED del-prim
kuyue	苦乐	11946	乐:le->yue del-wrong
daitexie	大特写	11938	大:da->dai del-wrong
daiquan	大泉	11926	大:da->dai del-wrong
mobianbuli	万变不离	11925	万:wan->mo del-wrong
seerweiyaren	塞尔维亚人	11925	塞:sai->se del-wrong
pianqi	便器	11902	便:bian->pian del-wrong
dainongchang	大农场	11901	大:da->dai del-wrong
zhongyue	中乐	11901	乐:le->yue del-wrong
seweiliya	塞维利亚	11898	塞:sai->se del-wrong
xinfang	寻访	11887	寻:xun->xin del-wrong
daimiao	大庙	11886	大:da->dai del-wrong
bianlunkuai	辩论会	11880	会:hui->kuai del-wrong
kuaigou	会够	11880	会:hui->kuai del-wrong
wumoduo	五万多	11863	万:wan->mo del-wrong
zaocankuai	早餐会	11847	会:hui->kuai del-wrong
kuozheshengcun	适者生存	11844	适:shi->kuo del-wrong
juetou	角头	11839	角:jiao->jue del-wrong
shengne	声呐	11835	呐:na->ne del-wrong
daiyuer	大玉儿	11829	大:da->dai del-wrong
yuechao	乐巢	11824	乐:le->yue del-wrong
xianrong	见容	11819	见:jian->xian del-wrong
tuman	土埋	11817	埋:mai->man del-wrong
daimu	大姆	11811	大:da->dai del-wrong
daiyuchi	大鱼吃	11788	大:da->dai del-wrong
shuaxinshuai	刷新率	11780	率:lv->shuai del-wrong
yibaimoge	一百万个	11776	万:wan->mo del-wrong
xuanbei	悬臂	11774	臂:bi->bei del-wrong
daiding	大顶	11772	大:da->dai del-wrong
jimoge	几万个	11772	万:wan->mo del-wrong
jingtiandai	惊天大	11769	大:da->dai del-wrong
doushuokuai	都说会	11768	会:hui->kuai del-wrong
haixing	咳醒	11768	咳:ke->hai del-wrong
mofenkai	没分开	11768	没:mei->mo del-wrong
huohemumu	和和睦睦	11766	和:he->huo del-wrong
mayun	抹匀	11766	抹:mo->ma del-wrong
wuliumo	五六万	11764	万:wan->mo del-wrong
mijie	蜜桔	11749	桔:ju->jie del-wrong
zhuanyin	传音	11747	传:chuan->zhuan del-wrong
daishizi	大十字	11747	大:da->dai del-wrong
mande	埋得	11747	埋:mai->man del-wrong
mandei	埋得	11747	埋:mai->man del-wrong
guojiaoweikuai	国际奥委会	11744	会:hui->kuai del-wrong
daifu	大父	11742	大:da->dai del-wrong
shenkelingkuai	深刻领会	11735	会:hui->kuai del-wrong
moding	没顶	11722	没:mei->mo del-wrong
chuanzhuan	传传	11711	传:chuan->zhuan del-wrong
zhuanchuan	传传	11711	传:chuan->zhuan del-wrong
zhuanzhuan	传传	11711	传:chuan->zhuan del-wrong
zheshidai	浙师大	11710	大:da->dai del-wrong
mobao	万包	11704	万:wan->mo del-wrong
daijiangtang	大讲堂	11703	大:da->dai del-wrong
selasi	塞拉斯	11699	塞:sai->se del-wrong
dubei	独臂	11683	臂:bi->bei del-wrong
shumoren	数万人	11671	万:wan->mo del-wrong
lvxian	屡见	11667	见:jian->xian del-wrong
ershiduomo	二十多万	11659	万:wan->mo del-wrong
dailexie	大了些	11651	大:da->dai del-wrong
dailiaoxie	大了些	11651	大:da->dai del-wrong
neiyanjue	内眼角	11651	角:jiao->jue del-wrong
zhengweiyuankuai	政委员会	11649	会:hui->kuai del-wrong
daiyangge	大秧歌	11643	大:da->dai del-wrong
tongzhikuai	同志会	11643	会:hui->kuai del-wrong
moduokuai	万多块	11636	万:wan->mo del-wrong
kuodakuai	扩大会	11634	会:hui->kuai del-wrong
modui	万对	11634	万:wan->mo del-wrong
baseer	巴塞尔	11628	塞:sai->se del-wrong
suozhuan	所传	11605	传:chuan->zhuan del-wrong
daizhong	大种	11600	大:da->dai del-wrong
yinmo	隐没	11596	没:mei->mo del-wrong
feibixinchang	非比寻常	11594	寻:xun->xin del-wrong
shukuogan	舒适感	11591	适:shi->kuo del-wrong
gaofenbianshuai	高分辨率	11588	率:lv->shuai del-wrong
liumokuai	六万块	11579	万:wan->mo del-wrong
zhuanwei	传位	11575	传:chuan->zhuan del-wrong
yiqianduomo	一千多万	11573	万:wan->mo del-wrong
sanmoren	三万人	11572	万:wan->mo del-wrong
zhuanxin	传信	11571	传:chuan->zhuan del-wrong
suoxianji	所见即	11569	见:jian->xian del-wrong
guanghuore	光和热	11564	和:he->huo del-wrong
beigongdai	北工大	11561	大:da->dai del-wrong
daikaishajie	大开杀戒	11561	大:da->dai del-wrong
pianchengren	便成仁	11550	便:bian->pian del-wrong
daishouhuanying	大受欢迎	11550	大:da->dai del-wrong
kuaiting	会厅	11533	会:hui->kuai del-wrong
shuaiji	率及	11524	率:lv->shuai del-wrong
daigai	大盖	11517	大:da->dai del-wrong
feizhuan	妃传	11517	传:chuan->zhuan del-wrong
yimozhang	一万张	11513	万:wan->mo del-wrong
zhijiagedai	芝加哥大	11509	大:da->dai del-wrong
daizheng	大征	11501	大:da->dai del-wrong
mowang	万网	11495	万:wan->mo del-wrong
runmo	润万	11493	万:wan->mo del-wrong
shibieshuai	识别率	11493	率:lv->shuai del-wrong
wuxian	吾见	11487	见:jian->xian del-wrong
qingman	请埋	11464	埋:mai->man del-wrong
tiexin	贴寻	11464	寻:xun->xin del-wrong
daizhu	大柱	11448	大:da->dai del-wrong
xianzhaochaizhao	见招拆招	11448	见:jian->xian del-wrong
chijiaodaixian	赤脚大仙	11444	大:da->dai del-wrong
lidaiyubi	利大于弊	11444	大:da->dai del-wrong
mabudiao	抹不掉	11444	抹:mo->ma del-wrong
tingcun	町村	11441	町:ting->ding REVERSED del-prim
shukuoxing	舒适性	11431	适:shi->kuo del-wrong
kuaitian	会填	11429	会:hui->kuai del-wrong
sete	塞特	11421	塞:sai->se del-wrong
kuokou	适口	11420	适:shi->kuo del-wrong
kelianxian	可怜见	11416	见:jian->xian del-wrong
duse	杜塞	11412	塞:sai->se del-wrong
feigezhuanshu	飞鸽传书	11399	传:chuan->zhuan del-wrong
yueman	约埋	11399	埋:mai->man del-wrong
liangdailei	两大类	11390	大:da->dai del-wrong
daishiqiao	大石桥	11385	大:da->dai del-wrong
daiwa	大洼	11372	大:da->dai del-wrong
huopai	和牌	11370	和:he->huo del-wrong
huoaozhou	和澳洲	11369	和:he->huo del-wrong
daisuo	大索	11366	大:da->dai del-wrong
maiman	埋埋	11365	埋:mai->man del-wrong
manmai	埋埋	11365	埋:mai->man del-wrong
manman	埋埋	11365	埋:mai->man del-wrong
nongma	浓抹	11365	抹:mo->ma del-wrong
sede	塞德	11365	塞:sai->se del-wrong
changxianbing	常见病	11342	见:jian->xian del-wrong
laman	拉埋	11342	埋:mai->man del-wrong
tongshengzhuan	同声传	11342	传:chuan->zhuan del-wrong
wuhouweidai	无后为大	11342	大:da->dai del-wrong
dagongshuai	大功率	11340	率:lv->shuai del-wrong
daibanshi	大阪市	11336	大:da->dai del-wrong
daihu	大壶	11332	大:da->dai del-wrong
majin	抹金	11332	抹:mo->ma del-wrong
yimosanqian	一万三千	11325	万:wan->mo del-wrong
yizhuanshi	一传十	11320	传:chuan->zhuan del-wrong
yimoqiqian	一万七千	11320	万:wan->mo del-wrong
duonuomo	多诺万	11314	万:wan->mo del-wrong
daiximen	大西门	11307	大:da->dai del-wrong
youxiaodaodai	由小到大	11300	大:da->dai del-wrong
baidai	百大	11292	大:da->dai del-wrong
moguiju	没规矩	11280	没:mei->mo del-wrong
daishu	大输	11268	大:da->dai del-wrong
ganlongnianjian	乾隆年间	11267	乾:qian->gan del-wrong
faxian	发见	11266	见:jian->xian del-wrong
daibiaomei	大表妹	11263	大:da->dai del-wrong
sie	死哦	11263	哦:o->e del-wrong
xianjue	线角	11259	角:jiao->jue del-wrong
daizhalan	大栅栏	11254	大:da->dai del-wrong
nanjingdaitusha	南京大屠杀	11249	大:da->dai del-wrong
shounaokuai	首脑会	11240	会:hui->kuai del-wrong
chaoqichaola	潮起潮落	11228	落:luo->la del-wrong
liangmoren	两万人	11216	万:wan->mo del-wrong
lase	拉塞	11213	塞:sai->se del-wrong
lianhuanwankuai	联欢晚会	11211	会:hui->kuai del-wrong
wajue	挖角	11206	角:jiao->jue del-wrong
kuoshide	适时地	11197	适:shi->kuo del-wrong
kuoshidi	适时地	11197	适:shi->kuo del-wrong
waseer	瓦塞尔	11194	塞:sai->se del-wrong
daike	大棵	11193	大:da->dai del-wrong
yimozuoyou	一万左右	11193	万:wan->mo del-wrong
huifushuai	回复率	11192	率:lv->shuai del-wrong
yiyue	怡乐	11192	乐:le->yue del-wrong
daitang	大塘	11191	大:da->dai del-wrong
xieshuai	斜率	11191	率:lv->shuai del-wrong
qinshuai	亲率	11190	率:lv->shuai del-wrong
duomoyuan	多万元	11158	万:wan->mo del-wrong
laoshukuai	老鼠会	11152	会:hui->kuai del-wrong
dairongshu	大榕树	11151	大:da->dai del-wrong
hudaihuxiao	忽大忽小	11151	大:da->dai del-wrong
zhuojue	桌角	11151	角:jiao->jue del-wrong
duseerduofu	杜塞尔多夫	11144	塞:sai->se del-wrong
zixian	自见	11137	见:jian->xian del-wrong
aiziyue	矮子乐	11120	乐:le->yue del-wrong
moqiao	没敲	11120	没:mei->mo del-wrong
sanshidai	三十大	11120	大:da->dai del-wrong
shangjingshuai	上镜率	11120	率:lv->shuai del-wrong
daili	大粒	11113	大:da->dai del-wrong
daitan	大潭	11102	大:da->dai del-wrong
xinchangbaixing	寻常百姓	11102	寻:xun->xin del-wrong
yimosiqian	一万四千	11096	万:wan->mo del-wrong
yimogongli	一万公里	11094	万:wan->mo del-wrong
shizhuanbai	十传百	11093	传:chuan->zhuan del-wrong
jinjue	金角	11050	角:jiao->jue del-wrong
bila	碧落	11048	落:luo->la del-wrong
daizhongchengshi	大中城市	11045	大:da->dai del-wrong
mami	抹蜜	11045	抹:mo->ma del-wrong
moshou	没守	11045	没:mei->mo del-wrong
yidailidui	意大利队	11013	大:da->dai del-wrong
sanqianduomo	三千多万	11008	万:wan->mo del-wrong
ziwopoxi	自我剖析	11008	剖:pou->po del-wrong
guzhangshuai	故障率	11004	率:lv->shuai del-wrong
shenghese	圣何塞	10993	塞:sai->se del-wrong
cuokuai	错会	10991	会:hui->kuai del-wrong
xinchu	寻出	10972	寻:xun->xin del-wrong
daize	大泽	10969	大:da->dai del-wrong
zhuanqu	传去	10968	传:chuan->zhuan del-wrong
dailetou	大乐透	10968	大:da->dai del-wrong
daiyuetou	大乐透	10968	大:da->dai del-wrong
dayuetou	大乐透	10968	乐:le->yue del-wrong
daiqingguo	大清国	10968	大:da->dai del-wrong
juedehenmo	觉得很没	10968	没:mei->mo del-wrong
laoxiangkuai	老乡会	10968	会:hui->kuai del-wrong
seluo	塞洛	10960	塞:sai->se del-wrong
zhaopinkuai	招聘会	10950	会:hui->kuai del-wrong
xiongdikuai	兄弟会	10947	会:hui->kuai del-wrong
bogedai	波哥大	10945	大:da->dai del-wrong
hegeshuai	合格率	10938	率:lv->shuai del-wrong
masazhuse	马萨诸塞	10933	塞:sai->se del-wrong
ruxueshuai	入学率	10925	率:lv->shuai del-wrong
shineng	似能	10918	似:shi->si REVERSED del-prim
xiaozukuai	小组会	10918	会:hui->kuai del-wrong
zhongzhuan	重传	10904	传:chuan->zhuan del-wrong
sexier	塞西尔	10904	塞:sai->se del-wrong
daifangsong	大放送	10899	大:da->dai del-wrong
jinkuai	浸会	10897	会:hui->kuai del-wrong
yalishandaigang	亚历山大港	10895	大:da->dai del-wrong
moke	万颗	10891	万:wan->mo del-wrong
daisixi	大四喜	10888	大:da->dai del-wrong
juewa	角蛙	10888	角:jiao->jue del-wrong
kuohunnianling	适婚年龄	10888	适:shi->kuo del-wrong
yihuoweigui	以和为贵	10886	和:he->huo del-wrong
bose	波塞	10885	塞:sai->se del-wrong
seleisi	塞勒斯	10884	塞:sai->se del-wrong
renxu	人畜	10872	畜:chu->xu del-wrong
daihuaishu	大槐树	10861	大:da->dai del-wrong
qibamo	七八万	10848	万:wan->mo del-wrong
daimu	大幕	10844	大:da->dai del-wrong
daizhai	大寨	10810	大:da->dai del-wrong
zhuanfeiwen	传绯闻	10806	传:chuan->zhuan del-wrong
haoyuedi	好乐迪	10806	乐:le->yue del-wrong
seweili	塞维利	10803	塞:sai->se del-wrong
zhuanbudao	传不到	10802	传:chuan->zhuan del-wrong
mashuai	码率	10787	率:lv->shuai del-wrong
tianman	填埋	10780	埋:mai->man del-wrong
dila	蒂落	10775	落:luo->la del-wrong
pidoukuai	批斗会	10767	会:hui->kuai del-wrong
xianxing	见性	10752	见:jian->xian del-wrong
cuowushuai	错误率	10750	率:lv->shuai del-wrong
liangmosiqian	两万四千	10748	万:wan->mo del-wrong
kandaiha	坎大哈	10738	大:da->dai del-wrong
kuoyou	适有	10731	适:shi->kuo del-wrong
beiwei	臂围	10729	臂:bi->bei del-wrong
shibamo	十八万	10729	万:wan->mo del-wrong
nuannuanhuohuo	暖暖和和	10728	和:he->huo del-wrong
daixinggong	大行宫	10721	大:da->dai del-wrong
duonianweixian	多年未见	10721	见:jian->xian del-wrong
kuocai	适才	10721	适:shi->kuo del-wrong
mobi	没笔	10721	没:mei->mo del-wrong
mofu	没附	10721	没:mei->mo del-wrong
moreqing	没热情	10721	没:mei->mo del-wrong
mozheng	没征	10721	没:mei->mo del-wrong
shuomingkuai	说明会	10721	会:hui->kuai del-wrong
taxuexinmei	踏雪寻梅	10721	寻:xun->xin del-wrong
yimotiao	一万条	10721	万:wan->mo del-wrong
yuanhuoni	愿和你	10721	和:he->huo del-wrong
maxiang	抹香	10712	抹:mo->ma del-wrong
kuoyongfanwei	适用范围	10710	适:shi->kuo del-wrong
sipanse	斯潘塞	10709	塞:sai->se del-wrong
xila	西落	10698	落:luo->la del-wrong
zhuanguo	传国	10679	传:chuan->zhuan del-wrong
kuohang	适航	10674	适:shi->kuo del-wrong
danbei	单臂	10669	臂:bi->bei del-wrong
zhiyushuai	治愈率	10665	率:lv->shuai del-wrong
feishuai	费率	10663	率:lv->shuai del-wrong
daigui	大柜	10660	大:da->dai del-wrong
bangbaokuo	帮宝适	10659	适:shi->kuo del-wrong
daikongyi	大空翼	10656	大:da->dai del-wrong
daibenxiang	大笨象	10653	大:da->dai del-wrong
shuikuaixiangdao	谁会想到	10650	会:hui->kuai del-wrong
zhihaiyao	止咳药	10650	咳:ke->hai del-wrong
xinxinzishi	寻衅滋事	10642	寻:xun->xin del-wrong
zhuanguoqu	传过去	10636	传:chuan->zhuan del-wrong
daigu	大沽	10636	大:da->dai del-wrong
daijianjia	大减价	10634	大:da->dai del-wrong
duolajie	堕落街	10634	落:luo->la del-wrong
yimozhi	一万只	10634	万:wan->mo del-wrong
zhisishuai	致死率	10628	率:lv->shuai del-wrong
shichangzhanyoushuai	市场占有率	10627	率:lv->shuai del-wrong
zhuanzhu	传主	10604	传:chuan->zhuan del-wrong
qimoduo	七万多	10602	万:wan->mo del-wrong
shangmoge	上万个	10602	万:wan->mo del-wrong
yigui	乙炔	10600	炔:gui->que REVERSED del-prim
daichufengtou	大出风头	10595	大:da->dai del-wrong
yingyujue	英语角	10593	角:jiao->jue del-wrong
saimotisi	塞万提斯	10589	万:wan->mo del-wrong
semotisi	塞万提斯	10589	塞:sai->se del-wrong
sewantisi	塞万提斯	10589	塞:sai->se del-wrong
jiaojiaoluola	角角落落	10585	落:luo->la del-wrong
juejiaoluola	角角落落	10585	角:jiao->jue del-wrong
juejiaoluoluo	角角落落	10585	角:jiao->jue del-wrong
yuewuyou	乐无忧	10583	乐:le->yue del-wrong
shuaiyi	率亦	10582	率:lv->shuai del-wrong
mochuan	没船	10560	没:mei->mo del-wrong
zhesheshuai	折射率	10557	率:lv->shuai del-wrong
pomian	剖面	10554	剖:pou->po del-wrong
baiyuemen	百乐门	10550	乐:le->yue del-wrong
shijiumo	十九万	10550	万:wan->mo del-wrong
juechong	角虫	10543	角:jiao->jue del-wrong
mozhuyi	没主意	10543	没:mei->mo del-wrong
qianmingkuai	签名会	10543	会:hui->kuai del-wrong
qianqiumozai	千秋万载	10543	万:wan->mo del-wrong
shiwanbamo	十万八万	10543	万:wan->mo del-wrong
zuopianqi	坐便器	10543	便:bian->pian del-wrong
daichushi	大厨师	10539	大:da->dai del-wrong
daodaimei	倒大霉	10539	大:da->dai del-wrong
lianman	脸埋	10539	埋:mai->man del-wrong
zhuanbiao	传标	10532	传:chuan->zhuan del-wrong
maliang	抹亮	10520	抹:mo->ma del-wrong
luqushuai	录取率	10507	率:lv->shuai del-wrong
duomoge	多万个	10503	万:wan->mo del-wrong
maxiangjing	抹香鲸	10483	抹:mo->ma del-wrong
baoshuai	爆率	10466	率:lv->shuai del-wrong
sichuxinzhao	四处寻找	10466	寻:xun->xin del-wrong
daifeizhouzhang	大费周章	10448	大:da->dai del-wrong
daishuo	大硕	10448	大:da->dai del-wrong
quanse	全塞	10448	塞:sai->se del-wrong
shoushidai	首师大	10448	大:da->dai del-wrong
suizhuansuidao	随传随到	10448	传:chuan->zhuan del-wrong
wangshangxian	网上见	10448	见:jian->xian del-wrong
wumokuai	五万块	10448	万:wan->mo del-wrong
yigemoli	一个万里	10448	万:wan->mo del-wrong
kengman	坑埋	10443	埋:mai->man del-wrong
hegongdai	合工大	10438	大:da->dai del-wrong
daipu	大浦	10434	大:da->dai del-wrong
daijiaosi	大觉寺	10431	大:da->dai del-wrong
daijuesi	大觉寺	10431	大:da->dai del-wrong
modunji	万吨级	10427	万:wan->mo del-wrong
ruzhushuai	入住率	10419	率:lv->shuai del-wrong
pobai	剖白	10418	剖:pou->po del-wrong
yingxinkuai	迎新会	10417	会:hui->kuai del-wrong
duobankuai	多半会	10412	会:hui->kuai del-wrong
daitaibei	大台北	10409	大:da->dai del-wrong
daizhongxing	大中型	10399	大:da->dai del-wrong
jianchahuo	检查和	10393	和:he->huo del-wrong
seerma	塞尔玛	10385	塞:sai->se del-wrong
daimuzhi	大姆指	10382	大:da->dai del-wrong
semidi	塞米蒂	10369	塞:sai->se del-wrong
jikuai	几会	10350	会:hui->kuai del-wrong
manyie	满意哦	10350	哦:o->e del-wrong
moxingan	没心肝	10350	没:mei->mo del-wrong
xinwu	寻物	10350	寻:xun->xin del-wrong
zhangdai	涨大	10347	大:da->dai del-wrong
sewa	塞瓦	10337	塞:sai->se del-wrong
moshen	万身	10333	万:wan->mo del-wrong
sanshiduomo	三十多万	10331	万:wan->mo del-wrong
jipian	急便	10324	便:bian->pian del-wrong
zhuangshi	状似	10323	似:shi->si REVERSED del-prim
zhuandui	传对	10316	传:chuan->zhuan del-wrong
ouxian	偶见	10316	见:jian->xian del-wrong
jueguo	角果	10315	角:jiao->jue del-wrong
lajin	落进	10314	落:luo->la del-wrong
ermoduo	二万多	10292	万:wan->mo del-wrong
choubeikuai	筹备会	10281	会:hui->kuai del-wrong
dieshengdieqi	嗲声嗲气	10279	嗲:die->dia REVERSED del-prim
daijisi	大祭司	10271	大:da->dai del-wrong
daiqian	大钳	10267	大:da->dai del-wrong
beiwen	臂纹	10249	臂:bi->bei del-wrong
daibiaodi	大表弟	10249	大:da->dai del-wrong
haoxinmohao	好心没好	10249	没:mei->mo del-wrong
yuefantian	乐翻天	10249	乐:le->yue del-wrong
lixian	立见	10249	见:jian->xian del-wrong
matou	抹头	10249	抹:mo->ma del-wrong
moquan	没劝	10249	没:mei->mo del-wrong
yelvdai	耶律大	10242	大:da->dai del-wrong
yelvdaishi	耶律大石	10242	大:da->dai del-wrong
chaoguangjue	超广角	10237	角:jiao->jue del-wrong
tiaowukuai	跳舞会	10237	会:hui->kuai del-wrong
shouyishuai	收益率	10233	率:lv->shuai del-wrong
moyingbang	万英镑	10230	万:wan->mo del-wrong
shuaipian	率偏	10221	率:lv->shuai del-wrong
baoman	包埋	10215	埋:mai->man del-wrong
erjue	二角	10203	角:jiao->jue del-wrong
langsongkuai	朗诵会	10193	会:hui->kuai del-wrong
moduan	万段	10191	万:wan->mo del-wrong
machu	抹除	10190	抹:mo->ma del-wrong
liangqianduomo	两千多万	10175	万:wan->mo del-wrong
daidazhekou	大打折扣	10167	大:da->dai del-wrong
liuqimo	六七万	10167	万:wan->mo del-wrong
huse	胡塞	10154	塞:sai->se del-wrong
chaohuxinchang	超乎寻常	10153	寻:xun->xin del-wrong
xiseluo	西塞罗	10151	塞:sai->se del-wrong
baose	包塞	10142	塞:sai->se del-wrong
mohao	万毫	10142	万:wan->mo del-wrong
wujueqian	五角钱	10142	角:jiao->jue del-wrong
ganlonghuangdi	乾隆皇帝	10136	乾:qian->gan del-wrong
yimoliangqian	一万两千	10135	万:wan->mo del-wrong
kuaimi	会密	10132	会:hui->kuai del-wrong
moduoge	万多个	10132	万:wan->mo del-wrong
shuaijun	率均	10130	率:lv->shuai del-wrong
tonghuopengzhangshuai	通货膨胀率	10128	率:lv->shuai del-wrong
yimoerqian	一万二千	10123	万:wan->mo del-wrong
beidaifuzhong	北大附中	10120	大:da->dai del-wrong
kuoyongfang	适用房	10117	适:shi->kuo del-wrong
jieyuan	桔园	10115	桔:ju->jie del-wrong
mopian	万片	10115	万:wan->mo del-wrong
daiweishan	大围山	10111	大:da->dai del-wrong
gaoshoushishuai	高收视率	10109	率:lv->shuai del-wrong
youkuaizai	又会在	10109	会:hui->kuai del-wrong
bosedong	波塞冬	10099	塞:sai->se del-wrong
sanyue	三乐	10099	乐:le->yue del-wrong
daiyan	大岩	10091	大:da->dai del-wrong
daiyuli	大于利	10091	大:da->dai del-wrong
daigang	大岗	10082	大:da->dai del-wrong
daibaikequan	大百科全	10054	大:da->dai del-wrong
jiehuangse	桔黄色	10053	桔:ju->jie del-wrong
majue	马角	10048	角:jiao->jue del-wrong
quanjue	全角	10048	角:jiao->jue del-wrong
daiguocai	大锅菜	10032	大:da->dai del-wrong
daizhuanpan	大转盘	10032	大:da->dai del-wrong
ximenting	西门町	10032	町:ting->ding REVERSED del-prim
mozuo	万座	10025	万:wan->mo del-wrong
shejue	射角	10007	角:jiao->jue del-wrong
aisekesi	埃塞克斯	9994	塞:sai->se del-wrong
banbei	半臂	9992	臂:bi->bei del-wrong
moshou	万手	9992	万:wan->mo del-wrong
biaokuai	标会	9991	会:hui->kuai del-wrong
xinchou	寻仇	9989	寻:xun->xin del-wrong
moshousi	万寿寺	9988	万:wan->mo del-wrong
senei	塞内	9971	塞:sai->se del-wrong
banjue	半角	9969	角:jiao->jue del-wrong
beichang	臂长	9962	臂:bi->bei del-wrong
beizhang	臂长	9962	臂:bi->bei del-wrong
mopi	万匹	9956	万:wan->mo del-wrong
rushejue	入射角	9956	角:jiao->jue del-wrong
daizhongxiaoxue	大中小学	9938	大:da->dai del-wrong
yidaili	义大利	9927	大:da->dai del-wrong
kuaize	会泽	9923	会:hui->kuai del-wrong
sanbaiduomo	三百多万	9923	万:wan->mo del-wrong
daiguanjia	大管家	9918	大:da->dai del-wrong
daibianshen	大变身	9916	大:da->dai del-wrong
dinghuokuai	订货会	9916	会:hui->kuai del-wrong
jianjianjue	尖尖角	9916	角:jiao->jue del-wrong
malan	抹蓝	9916	抹:mo->ma del-wrong
qiandingningmozhufu	千叮咛万嘱咐	9916	万:wan->mo del-wrong
neijue	内角	9905	角:jiao->jue del-wrong
difenbianshuai	低分辨率	9898	率:lv->shuai del-wrong
daizai	大灾	9894	大:da->dai del-wrong
motao	万套	9893	万:wan->mo del-wrong
shisandai	十三大	9893	大:da->dai del-wrong
moshuode	没说的	9888	没:mei->mo del-wrong
moshuodi	没说的	9888	没:mei->mo del-wrong
daizhuzi	大柱子	9864	大:da->dai del-wrong
lali	落黎	9864	落:luo->la del-wrong
shiman	食埋	9864	埋:mai->man del-wrong
shouqidaola	手起刀落	9861	落:luo->la del-wrong
siwumo	四五万	9861	万:wan->mo del-wrong
daigong	大宫	9853	大:da->dai del-wrong
muse	姆塞	9848	塞:sai->se del-wrong
tuxin	图寻	9844	寻:xun->xin del-wrong
yidailiwen	意大利文	9839	大:da->dai del-wrong
shijue	石角	9837	角:jiao->jue del-wrong
feipangshuai	肥胖率	9833	率:lv->shuai del-wrong
liangbaiduomo	两百多万	9827	万:wan->mo del-wrong
yidaipai	一大排	9827	大:da->dai del-wrong
zhuanbao	传报	9818	传:chuan->zhuan del-wrong
daigaimao	大盖帽	9802	大:da->dai del-wrong
luseen	卢塞恩	9802	塞:sai->se del-wrong
zhuancuo	传错	9795	传:chuan->zhuan del-wrong
daishan	大扇	9795	大:da->dai del-wrong
hanhai	寒咳	9795	咳:ke->hai del-wrong
manju	埋距	9795	埋:mai->man del-wrong
monvzhuan	魔女传	9795	传:chuan->zhuan del-wrong
yehai	夜咳	9795	咳:ke->hai del-wrong
jiaokuaixuexiao	教会学校	9791	会:hui->kuai del-wrong
shiyumo	十余万	9787	万:wan->mo del-wrong
luose	罗塞	9744	塞:sai->se del-wrong
sanwumo	三五万	9742	万:wan->mo del-wrong
yuelawuti	月落乌啼	9742	落:luo->la del-wrong
bingsishuai	病死率	9738	率:lv->shuai del-wrong
chunjiewankuai	春节晚会	9731	会:hui->kuai del-wrong
daigou	大沟	9730	大:da->dai del-wrong
bidaiyuli	弊大于利	9723	大:da->dai del-wrong
daimeisha	大梅沙	9723	大:da->dai del-wrong
daizhuanwan	大转弯	9723	大:da->dai del-wrong
lajiutian	落九天	9723	落:luo->la del-wrong
selaxi	塞拉西	9695	塞:sai->se del-wrong
duomoming	多万名	9693	万:wan->mo del-wrong
daixian	大线	9683	大:da->dai del-wrong
mobu	万部	9678	万:wan->mo del-wrong
bankuaike	班会课	9667	会:hui->kuai del-wrong
dailanmao	大懒猫	9667	大:da->dai del-wrong
jiaoyangshihuo	骄阳似火	9667	似:shi->si REVERSED del-prim
lawu	落屋	9667	落:luo->la del-wrong
moxiao	没销	9667	没:mei->mo del-wrong
mochutou	万出头	9667	万:wan->mo del-wrong
qingxiejue	倾斜角	9663	角:jiao->jue del-wrong
sanmowuqian	三万五千	9659	万:wan->mo del-wrong
yuezhe	乐者	9658	乐:le->yue del-wrong
dinggankun	定乾坤	9657	乾:qian->gan del-wrong
sibaiduomo	四百多万	9657	万:wan->mo del-wrong
sandaijilv	三大纪律	9652	大:da->dai del-wrong
ladai	落袋	9643	落:luo->la del-wrong
xianman	先埋	9643	埋:mai->man del-wrong
seta	塞塔	9619	塞:sai->se del-wrong
daifeiyue	大飞跃	9618	大:da->dai del-wrong
duseer	杜塞尔	9612	塞:sai->se del-wrong
daijin	大津	9603	大:da->dai del-wrong
zhuisikuai	追思会	9599	会:hui->kuai del-wrong
jiqianjimo	几千几万	9592	万:wan->mo del-wrong
daibaikequanshu	大百科全书	9590	大:da->dai del-wrong
daiyuncun	大运村	9578	大:da->dai del-wrong
shenmanzai	深埋在	9578	埋:mai->man del-wrong
yinjue	银角	9578	角:jiao->jue del-wrong
shajue	沙角	9567	角:jiao->jue del-wrong
xuanbei	旋臂	9560	臂:bi->bei del-wrong
juedidai	绝地大	9536	大:da->dai del-wrong
daitiane	大天鹅	9535	大:da->dai del-wrong
juyue	菊乐	9533	乐:le->yue del-wrong
liangmozuoyou	两万左右	9533	万:wan->mo del-wrong
mosheng	没省	9533	没:mei->mo del-wrong
moyida	没一搭	9533	没:mei->mo del-wrong
mengtoudaishui	蒙头大睡	9533	大:da->dai del-wrong
shuangma	霜抹	9533	抹:mo->ma del-wrong
zhongxianguangming	重见光明	9531	见:jian->xian del-wrong
hechuxin	何处寻	9531	寻:xun->xin del-wrong
wudaihu	五大湖	9526	大:da->dai del-wrong
pianzao	便遭	9513	便:bian->pian del-wrong
ershisimo	二十四万	9509	万:wan->mo del-wrong
fenshuai	分率	9508	率:lv->shuai del-wrong
aqi	呵气	9496	呵:he->a del-wrong
daishiye	大视野	9496	大:da->dai del-wrong
mangu	埋骨	9494	埋:mai->man del-wrong
tongmocheng	统万城	9483	万:wan->mo del-wrong
aisekesi	艾塞克斯	9474	塞:sai->se del-wrong
daidongqu	大东区	9463	大:da->dai del-wrong
daiying	大鹰	9458	大:da->dai del-wrong
yuediao	乐调	9458	乐:le->yue del-wrong
yuetiao	乐调	9458	乐:le->yue del-wrong
yuecibubi	乐此不彼	9449	乐:le->yue del-wrong
shuoyiqiandaoyimo	说一千道一万	9449	万:wan->mo del-wrong
fudai	辅大	9445	大:da->dai del-wrong
bupamochaishao	不怕没柴烧	9444	没:mei->mo del-wrong
jijue	几角	9444	角:jiao->jue del-wrong
liumoduo	六万多	9444	万:wan->mo del-wrong
shatangjie	沙糖桔	9444	桔:ju->jie del-wrong
moli	万例	9433	万:wan->mo del-wrong
pianyao	便邀	9427	便:bian->pian del-wrong
moduotiao	万多条	9425	万:wan->mo del-wrong
daiqiuchang	大球场	9424	大:da->dai del-wrong
daixieshuai	代谢率	9424	率:lv->shuai del-wrong
fudejue	佛得角	9416	角:jiao->jue del-wrong
selina	塞丽娜	9410	塞:sai->se del-wrong
yunhuo	蕴和	9409	和:he->huo del-wrong
chuxishuai	出席率	9402	率:lv->shuai del-wrong
seni	塞尼	9401	塞:sai->se del-wrong
dianjue	点角	9392	角:jiao->jue del-wrong
huokongjie	和空姐	9392	和:he->huo del-wrong
maqi	抹起	9392	抹:mo->ma del-wrong
sikuai	死会	9392	会:hui->kuai del-wrong
zhegongdai	浙工大	9392	大:da->dai del-wrong
yimoliang	一万两	9388	万:wan->mo del-wrong
moxian	万县	9385	万:wan->mo del-wrong
anse	安塞	9377	塞:sai->se del-wrong
manru	埋入	9372	埋:mai->man del-wrong
daixiang	大响	9370	大:da->dai del-wrong
huodaihuoxiao	或大或小	9365	大:da->dai del-wrong
diaolazai	掉落在	9350	落:luo->la del-wrong
zhihaishui	止咳水	9349	咳:ke->hai del-wrong
feiguodai	非国大	9335	大:da->dai del-wrong
kuaimeng	会盟	9335	会:hui->kuai del-wrong
daiyuan	大园	9324	大:da->dai del-wrong
aoseti	奥塞梯	9315	塞:sai->se del-wrong
liuxingyue	流行乐	9312	乐:le->yue del-wrong
daiding	大鼎	9294	大:da->dai del-wrong
daiku	大库	9294	大:da->dai del-wrong
daixian	大险	9291	大:da->dai del-wrong
fenshiliangjue	分饰两角	9288	角:jiao->jue del-wrong
daixian	大贤	9282	大:da->dai del-wrong
yimoming	一万名	9268	万:wan->mo del-wrong
yanjiangkuai	演讲会	9266	会:hui->kuai del-wrong
jiumoge	九万个	9264	万:wan->mo del-wrong
daijiao	大蕉	9260	大:da->dai del-wrong
daitimu	大题目	9242	大:da->dai del-wrong
dima	底抹	9242	抹:mo->ma del-wrong
liangma	两抹	9242	抹:mo->ma del-wrong
modao	万刀	9242	万:wan->mo del-wrong
shiquandaibu	十全大补	9242	大:da->dai del-wrong
yijiaojiukuai	一教就会	9242	会:hui->kuai del-wrong
zuima	嘴抹	9242	抹:mo->ma del-wrong
daicidian	大辞典	9230	大:da->dai del-wrong
juezhui	角锥	9230	角:jiao->jue del-wrong
ermowuqianli	二万五千里	9224	万:wan->mo del-wrong
bamoduo	八万多	9216	万:wan->mo del-wrong
daishanzi	大山子	9216	大:da->dai del-wrong
mingjue	明角	9216	角:jiao->jue del-wrong
aikesete	埃克塞特	9215	塞:sai->se del-wrong
daizhuanzhe	大转折	9201	大:da->dai del-wrong
wanjue	玩角	9201	角:jiao->jue del-wrong
daishiba	大石坝	9197	大:da->dai del-wrong
shiqimo	十七万	9195	万:wan->mo del-wrong
juechuan	角川	9186	角:jiao->jue del-wrong
daizhongzhuan	大中专	9185	大:da->dai del-wrong
mogongqing	万公顷	9185	万:wan->mo del-wrong
daibagong	大罢工	9184	大:da->dai del-wrong
shiwudai	十五大	9178	大:da->dai del-wrong
juema	角马	9175	角:jiao->jue del-wrong
chaodaiguimo	超大规模	9164	大:da->dai del-wrong
pipinghuozi	批评和自	9155	和:he->huo del-wrong
lirunshuai	利润率	9134	率:lv->shuai del-wrong
dainanrenzhuyi	大男人主义	9121	大:da->dai del-wrong
shuaizei	率贼	9121	率:lv->shuai del-wrong
yaobei	摇臂	9112	臂:bi->bei del-wrong
meisedesi	梅塞德斯	9106	塞:sai->se del-wrong
zhuanqi	传起	9094	传:chuan->zhuan del-wrong
shuaizhi	率值	9087	率:lv->shuai del-wrong
jiaoyukuai	教育会	9085	会:hui->kuai del-wrong
chunjue	唇角	9084	角:jiao->jue del-wrong
yimojin	一万斤	9084	万:wan->mo del-wrong
buguangkuai	不光会	9083	会:hui->kuai del-wrong
daifuyuan	大福源	9083	大:da->dai del-wrong
ershijimo	二十几万	9083	万:wan->mo del-wrong
hualashuijia	花落谁家	9083	落:luo->la del-wrong
kuanghai	狂咳	9083	咳:ke->hai del-wrong
modie	没爹	9083	没:mei->mo del-wrong
yingmikuai	影迷会	9083	会:hui->kuai del-wrong
yuanyie	愿意哦	9083	哦:o->e del-wrong
zhuyue	住乐	9083	乐:le->yue del-wrong
sanla	伞落	9064	落:luo->la del-wrong
jinxinkuai	浸信会	9060	会:hui->kuai del-wrong
shuaitong	率同	9048	率:lv->shuai del-wrong
moweiwang	万维网	9043	万:wan->mo del-wrong
dainanshan	大南山	9014	大:da->dai del-wrong
duihuakuai	对话会	9012	会:hui->kuai del-wrong
shibaishuai	失败率	9012	率:lv->shuai del-wrong
shineiyue	室内乐	9012	乐:le->yue del-wrong
shuzhuan	数传	9009	传:chuan->zhuan del-wrong
shiwandaishan	十万大山	9006	大:da->dai del-wrong
mofumokai	万夫莫开	8990	万:wan->mo del-wrong
wubaiduomo	五百多万	8990	万:wan->mo del-wrong
fanzhishuai	繁殖率	8974	率:lv->shuai del-wrong
simoren	四万人	8974	万:wan->mo del-wrong
seli	塞利	8968	塞:sai->se del-wrong
bianweikuai	编委会	8959	会:hui->kuai del-wrong
daidaishu	大袋鼠	8955	大:da->dai del-wrong
dailan	大篮	8942	大:da->dai del-wrong
hulapingyang	虎落平阳	8942	落:luo->la del-wrong
mingshengdaizhen	名声大振	8931	大:da->dai del-wrong
jizhuan	籍传	8930	传:chuan->zhuan del-wrong
lipian	利便	8930	便:bian->pian del-wrong
nvyue	女乐	8914	乐:le->yue del-wrong
zhuanfu	传腹	8913	传:chuan->zhuan del-wrong
chuanlaizhuanqu	传来传去	8913	传:chuan->zhuan del-wrong
zhuanlaichuanqu	传来传去	8913	传:chuan->zhuan del-wrong
zhuanlaizhuanqu	传来传去	8913	传:chuan->zhuan del-wrong
jiangman	讲埋	8913	埋:mai->man del-wrong
monahuishi	没那回事	8913	没:mei->mo del-wrong
nongzhuangdanma	浓妆淡抹	8913	抹:mo->ma del-wrong
simokuai	四万块	8913	万:wan->mo del-wrong
pengzhangshuai	膨胀率	8907	率:lv->shuai del-wrong
youyuequ	游乐区	8905	乐:le->yue del-wrong
daidie	大叠	8895	大:da->dai del-wrong
shigushuai	事故率	8893	率:lv->shuai del-wrong
duomodun	多万吨	8890	万:wan->mo del-wrong
jigeshuai	及格率	8890	率:lv->shuai del-wrong
qingkongmoli	晴空万里	8887	万:wan->mo del-wrong
lvdai	旅大	8885	大:da->dai del-wrong
moduozhi	万多只	8864	万:wan->mo del-wrong
qishiwumo	七十五万	8864	万:wan->mo del-wrong
tongqikuai	通气会	8864	会:hui->kuai del-wrong
sejinlai	塞进来	8848	塞:sai->se del-wrong
wujuexing	五角形	8826	角:jiao->jue del-wrong
shuaizhu	率逐	8814	率:lv->shuai del-wrong
gaoma	膏抹	8812	抹:mo->ma del-wrong
zhenshi	真似	8812	似:shi->si REVERSED del-prim
hese	赫塞	8807	塞:sai->se del-wrong
daizuo	大座	8801	大:da->dai del-wrong
gongxianshuai	贡献率	8778	率:lv->shuai del-wrong
mingshengdaizao	名声大噪	8777	大:da->dai del-wrong
changxianwenti	常见问题	8776	见:jian->xian del-wrong
dailiushi	大流士	8760	大:da->dai del-wrong
daiwan	大宛	8757	大:da->dai del-wrong
daijian	大间	8755	大:da->dai del-wrong
daipiancha	大偏差	8755	大:da->dai del-wrong
daiwu	大午	8750	大:da->dai del-wrong
zhulayupan	珠落玉盘	8750	落:luo->la del-wrong
jishuai	即率	8749	率:lv->shuai del-wrong
hongjue	红角	8743	角:jiao->jue del-wrong
seneijia	塞内加	8742	塞:sai->se del-wrong
xiaoyue	笑乐	8741	乐:le->yue del-wrong
daipaichang	大排场	8731	大:da->dai del-wrong
daipaidang	大排挡	8731	大:da->dai del-wrong
daiyugang	大鱼缸	8731	大:da->dai del-wrong
gongyue	共乐	8731	乐:le->yue del-wrong
huanhuanleyue	欢欢乐乐	8731	乐:le->yue del-wrong
jiangma	酱抹	8731	抹:mo->ma del-wrong
rouqingmozhong	柔情万种	8731	万:wan->mo del-wrong
wenman	稳埋	8731	埋:mai->man del-wrong
yimoduokuai	一万多块	8731	万:wan->mo del-wrong
yimotian	一万天	8731	万:wan->mo del-wrong
bianxin	遍寻	8720	寻:xun->xin del-wrong
daiyu	大屿	8720	大:da->dai del-wrong
daiyushan	大屿山	8720	大:da->dai del-wrong
sehanba	塞罕坝	8717	塞:sai->se del-wrong
daihanminguo	大韩民国	8716	大:da->dai del-wrong
lashou	落首	8705	落:luo->la del-wrong
baibei	摆臂	8692	臂:bi->bei del-wrong
daijinhu	大金湖	8692	大:da->dai del-wrong
daiqi	大漆	8692	大:da->dai del-wrong
shengyunkuai	省运会	8692	会:hui->kuai del-wrong
jiehong	桔红	8686	桔:ju->jie del-wrong
rongjishuai	容积率	8686	率:lv->shuai del-wrong
daibanfu	大阪府	8684	大:da->dai del-wrong
seerzhu	塞尔柱	8673	塞:sai->se del-wrong
kuaiqi	会旗	8671	会:hui->kuai del-wrong
chuijue	吹角	8669	角:jiao->jue del-wrong
sidai	私大	8669	大:da->dai del-wrong
dailinghe	大凌河	8668	大:da->dai del-wrong
daisaodang	大扫荡	8668	大:da->dai del-wrong
gedai	革大	8663	大:da->dai del-wrong
qijue	七角	8654	角:jiao->jue del-wrong
shuaishen	率甚	8651	率:lv->shuai del-wrong
sishiwumo	四十五万	8650	万:wan->mo del-wrong
gudongkuai	股东会	8630	会:hui->kuai del-wrong
kuoyi	适意	8620	适:shi->kuo del-wrong
fangcundailuan	方寸大乱	8615	大:da->dai del-wrong
huayinweila	话音未落	8615	落:luo->la del-wrong
sebasidi	塞巴斯蒂	8615	塞:sai->se del-wrong
laying	落樱	8611	落:luo->la del-wrong
liseliu	黎塞留	8608	塞:sai->se del-wrong
xiejinkuai	协进会	8607	会:hui->kuai del-wrong
beikedai	北科大	8604	大:da->dai del-wrong
daixiang	大祥	8604	大:da->dai del-wrong
yueshen	乐神	8604	乐:le->yue del-wrong
zhuanjie	传戒	8598	传:chuan->zhuan del-wrong
qiaosesiku	齐奥塞斯库	8595	塞:sai->se del-wrong
xinzhi	寻址	8595	寻:xun->xin del-wrong
daiyue	大岳	8580	大:da->dai del-wrong
qingyue	清乐	8571	乐:le->yue del-wrong
tuijiekuai	推介会	8557	会:hui->kuai del-wrong
liangmowuqianli	两万五千里	8552	万:wan->mo del-wrong
duihuanshuai	兑换率	8548	率:lv->shuai del-wrong
jiaoxiangyinyuekuai	交响音乐会	8548	会:hui->kuai del-wrong
daizhuxiaozhulayupan	大珠小珠落玉盘	8542	大:da->dai del-wrong
daizhuxiaozhuluoyupan	大珠小珠落玉盘	8542	大:da->dai del-wrong
dazhuxiaozhulayupan	大珠小珠落玉盘	8542	落:luo->la del-wrong
mashangqu	抹上去	8542	抹:mo->ma del-wrong
tongse	桶塞	8542	塞:sai->se del-wrong
daichangpian	大长篇	8535	大:da->dai del-wrong
daijiulou	大酒楼	8535	大:da->dai del-wrong
laimo	莱万	8535	万:wan->mo del-wrong
momiao	万秒	8535	万:wan->mo del-wrong
mozhongfengqing	万种风情	8535	万:wan->mo del-wrong
naila	奈落	8535	落:luo->la del-wrong
shiyingshuai	市盈率	8535	率:lv->shuai del-wrong
tedaijiang	特大奖	8535	大:da->dai del-wrong
xinkuaigen	心会跟	8535	会:hui->kuai del-wrong
yibaimobei	一百万倍	8535	万:wan->mo del-wrong
daiwenkou	大汶口	8522	大:da->dai del-wrong
banjiangkuai	颁奖会	8475	会:hui->kuai del-wrong
chuanshidai	川师大	8470	大:da->dai del-wrong
lazaihoumian	落在后面	8470	落:luo->la del-wrong
wushiduomo	五十多万	8470	万:wan->mo del-wrong
shoula	受落	8444	落:luo->la del-wrong
shierdai	十二大	8432	大:da->dai del-wrong
beizhan	臂展	8424	臂:bi->bei del-wrong
wenmangshuai	文盲率	8418	率:lv->shuai del-wrong
daiyuqiu	大于求	8398	大:da->dai del-wrong
didaihan	地大喊	8398	大:da->dai del-wrong
gongdaiyuqiu	供大于求	8398	大:da->dai del-wrong
weihuobudui	维和部队	8365	和:he->huo del-wrong
daizhongma	大仲马	8347	大:da->dai del-wrong
moshougong	万寿宫	8337	万:wan->mo del-wrong
daisanbapaifang	大三巴牌坊	8331	大:da->dai del-wrong
pukuoxing	普适性	8331	适:shi->kuo del-wrong
zhangdai	胀大	8325	大:da->dai del-wrong
dainaimei	大奶妹	8323	大:da->dai del-wrong
daitiaoshui	大跳水	8323	大:da->dai del-wrong
kanpiankuai	看片会	8323	会:hui->kuai del-wrong
lila	梨落	8323	落:luo->la del-wrong
mamie	抹灭	8323	抹:mo->ma del-wrong
mobugai	万不该	8323	万:wan->mo del-wrong
shujue	薯角	8323	角:jiao->jue del-wrong
wangyoukuai	网友会	8323	会:hui->kuai del-wrong
xinguo	寻过	8323	寻:xun->xin del-wrong
diaodukuai	调度会	8318	会:hui->kuai del-wrong
daibaozou	大暴走	8315	大:da->dai del-wrong
dongfeidailiegu	东非大裂谷	8315	大:da->dai del-wrong
liangpinshuai	良品率	8315	率:lv->shuai del-wrong
selai	塞莱	8296	塞:sai->se del-wrong
liangbei	两臂	8294	臂:bi->bei del-wrong
daizhuang	大庄	8267	大:da->dai del-wrong
yishikuai	议事会	8267	会:hui->kuai del-wrong
xinhuo	寻获	8254	寻:xun->xin del-wrong
shuaikongzhi	率控制	8246	率:lv->shuai del-wrong
zhengjue	整角	8228	角:jiao->jue del-wrong
daihe	大禾	8217	大:da->dai del-wrong
mokou	万口	8217	万:wan->mo del-wrong
shangmoci	上万次	8217	万:wan->mo del-wrong
taotaishuai	淘汰率	8217	率:lv->shuai del-wrong
baoxianfeishuai	保险费率	8216	率:lv->shuai del-wrong
shuaiyi	率依	8216	率:lv->shuai del-wrong
sesaluoniji	塞萨洛尼基	8195	塞:sai->se del-wrong
zhengjiankuai	证监会	8195	会:hui->kuai del-wrong
chouweikuai	筹委会	8194	会:hui->kuai del-wrong
zhejue	折角	8187	角:jiao->jue del-wrong
kelaoseweici	克劳塞维茨	8151	塞:sai->se del-wrong
tuiguangkuai	推广会	8145	会:hui->kuai del-wrong
daizhonghua	大中华	8135	大:da->dai del-wrong
niyajialadaipubu	尼亚加拉大瀑布	8128	大:da->dai del-wrong
daifudutigao	大幅度提高	8127	大:da->dai del-wrong
junweikuai	军委会	8127	会:hui->kuai del-wrong
daibianlun	大辩论	8113	大:da->dai del-wrong
malihuo	玛丽和	8113	和:he->huo del-wrong
tongzhuan	通传	8098	传:chuan->zhuan del-wrong
daxiekuai	答谢会	8097	会:hui->kuai del-wrong
fangshi	仿似	8097	似:shi->si REVERSED del-prim
juexie	角斜	8097	角:jiao->jue del-wrong
daiyi	大异	8094	大:da->dai del-wrong
beijiaodai	北交大	8091	大:da->dai del-wrong
daisudaya	大俗大雅	8091	大:da->dai del-wrong
dingduokuai	顶多会	8091	会:hui->kuai del-wrong
huocaizhuang	和彩妆	8091	和:he->huo del-wrong
xianweizhizhao	见微知着	8091	见:jian->xian del-wrong
xianweizhizhe	见微知着	8091	见:jian->xian del-wrong
xianweizhizhuo	见微知着	8091	见:jian->xian del-wrong
jimobei	几万倍	8091	万:wan->mo del-wrong
jimojishiwan	几万几十万	8091	万:wan->mo del-wrong
liangmoge	两万个	8091	万:wan->mo del-wrong
luanma	乱抹	8091	抹:mo->ma del-wrong
meiyuejia	美乐家	8091	乐:le->yue del-wrong
niudai	扭大	8091	大:da->dai del-wrong
xiela	谢落	8091	落:luo->la del-wrong
zhiyinnanxin	知音难寻	8091	寻:xun->xin del-wrong
daiyong	大庸	8081	大:da->dai del-wrong
daipaizhanglong	大排长龙	8067	大:da->dai del-wrong
ladiao	落掉	8067	落:luo->la del-wrong
madan	抹淡	8067	抹:mo->ma del-wrong
moyingchi	万英尺	8067	万:wan->mo del-wrong
shouyingkuai	首映会	8067	会:hui->kuai del-wrong
xuedaikuai	学代会	8067	会:hui->kuai del-wrong
liushiduomo	六十多万	8058	万:wan->mo del-wrong
daishun	大舜	8049	大:da->dai del-wrong
danjue	单角	8049	角:jiao->jue del-wrong
manshi	埋尸	8049	埋:mai->man del-wrong
kaigongshuai	开工率	8033	率:lv->shuai del-wrong
yimojiuqian	一万九千	8032	万:wan->mo del-wrong
jiehuang	桔黄	8027	桔:ju->jie del-wrong
fanzhaoshuai	反照率	8001	率:lv->shuai del-wrong
nianshuai	年率	8001	率:lv->shuai del-wrong
qiandaideng	前大灯	7992	大:da->dai del-wrong
kuozhe	适者	7978	适:shi->kuo del-wrong
wuyanxianjiang	无颜见江	7978	见:jian->xian del-wrong
wuyanxianjiangdongfulao	无颜见江东父老	7978	见:jian->xian del-wrong
chuzushuai	出租率	7975	率:lv->shuai del-wrong
daojue	倒角	7972	角:jiao->jue del-wrong
yeweikuai	业委会	7972	会:hui->kuai del-wrong
duomopingfanggongli	多万平方公里	7967	万:wan->mo del-wrong
fanjue	反角	7961	角:jiao->jue del-wrong
dairong	大蓉	7959	大:da->dai del-wrong
macheng	抹成	7959	抹:mo->ma del-wrong
moyu	没羽	7959	没:mei->mo del-wrong
kongjianhuoshi	空间和时	7939	和:he->huo del-wrong
laji	落基	7939	落:luo->la del-wrong
lvhuashuai	绿化率	7939	率:lv->shuai del-wrong
zixunkuai	咨询会	7934	会:hui->kuai del-wrong
daisanguan	大散关	7914	大:da->dai del-wrong
yueduan	乐段	7900	乐:le->yue del-wrong
huanbingshuai	患病率	7896	率:lv->shuai del-wrong
sanshiwumo	三十五万	7893	万:wan->mo del-wrong
bangongkuai	办公会	7889	会:hui->kuai del-wrong
juezhu	角柱	7882	角:jiao->jue del-wrong
seka	塞卡	7882	塞:sai->se del-wrong
paipian	排便	7877	便:bian->pian del-wrong
jianjue	键角	7874	角:jiao->jue del-wrong
huibaoshuai	回报率	7855	率:lv->shuai del-wrong
tongbushuai	同步率	7854	率:lv->shuai del-wrong
tandai	贪大	7838	大:da->dai del-wrong
diseer	迪塞尔	7836	塞:sai->se del-wrong
duojuelian	多角恋	7836	角:jiao->jue del-wrong
jiazhuangkuai	假装会	7836	会:hui->kuai del-wrong
kesuizhupian	客随主便	7836	便:bian->pian del-wrong
larusutao	落入俗套	7836	落:luo->la del-wrong
maqilai	抹起来	7836	抹:mo->ma del-wrong
tiela	铁落	7836	落:luo->la del-wrong
xitingzunpian	悉听尊便	7836	便:bian->pian del-wrong
wujue	屋角	7826	角:jiao->jue del-wrong
rihai	日咳	7824	咳:ke->hai del-wrong
shumoming	数万名	7819	万:wan->mo del-wrong
mozhu	万株	7809	万:wan->mo del-wrong
shangmozhi	上万只	7806	万:wan->mo del-wrong
zhiweikuai	执委会	7795	会:hui->kuai del-wrong
sishiduomo	四十多万	7791	万:wan->mo del-wrong
weixianqiren	未见其人	7791	见:jian->xian del-wrong
yixianzhongqing	一见锺情	7791	见:jian->xian del-wrong
zhizheyueshui	智者乐水	7791	乐:le->yue del-wrong
dongdaisi	东大寺	7789	大:da->dai del-wrong
ganjia	乾嘉	7789	乾:qian->gan del-wrong
mingrenzhuan	名人传	7789	传:chuan->zhuan del-wrong
samosete	萨默塞特	7788	塞:sai->se del-wrong
seshang	塞尚	7779	塞:sai->se del-wrong
touguangshuai	透光率	7763	率:lv->shuai del-wrong
juejing	角井	7739	角:jiao->jue del-wrong
shoutingshuai	收听率	7739	率:lv->shuai del-wrong
seleimu	塞勒姆	7730	塞:sai->se del-wrong
shuaila	摔落	7730	落:luo->la del-wrong
xiazhidai	侠之大	7729	大:da->dai del-wrong
xiazhidaizhe	侠之大者	7729	大:da->dai del-wrong
zhongtedai	重特大	7727	大:da->dai del-wrong
tongzhangshuai	通胀率	7727	率:lv->shuai del-wrong
daijiaxi	大甲溪	7721	大:da->dai del-wrong
beishi	臂式	7699	臂:bi->bei del-wrong
zhuanzi	传子	7699	传:chuan->zhuan del-wrong
mojia	万架	7698	万:wan->mo del-wrong
motong	万桶	7695	万:wan->mo del-wrong
kuodai	阔大	7692	大:da->dai del-wrong
aoseluo	奥塞罗	7683	塞:sai->se del-wrong
hunanshidai	湖南师大	7683	大:da->dai del-wrong
shuaizhong	率众	7661	率:lv->shuai del-wrong
shizishuai	识字率	7661	率:lv->shuai del-wrong
wumoyuan	五万元	7660	万:wan->mo del-wrong
nise	尼塞	7646	塞:sai->se del-wrong
beishen	臂伸	7629	臂:bi->bei del-wrong
daibaibai	大拜拜	7629	大:da->dai del-wrong
daijuezhan	大决战	7629	大:da->dai del-wrong
juezhuang	角状	7629	角:jiao->jue del-wrong
zheshejue	折射角	7628	角:jiao->jue del-wrong
moningshi	万宁市	7625	万:wan->mo del-wrong
xindaixin	新大新	7625	大:da->dai del-wrong
moduopingfangmi	万多平方米	7603	万:wan->mo del-wrong
liangle	两肋	7592	肋:le->lei REVERSED del-prim
xiaoweikuai	校委会	7587	会:hui->kuai del-wrong
kentankuai	恳谈会	7585	会:hui->kuai del-wrong
gengkuoyi	更适宜	7564	适:shi->kuo del-wrong
yueshou	乐受	7564	乐:le->yue del-wrong
liangdaizhenying	两大阵营	7562	大:da->dai del-wrong
daishanque	大山雀	7559	大:da->dai del-wrong
chengzhenhuashuai	城镇化率	7556	率:lv->shuai del-wrong
beitidai	北体大	7552	大:da->dai del-wrong
daihuixiong	大灰熊	7552	大:da->dai del-wrong
dainaoyichang	大闹一场	7552	大:da->dai del-wrong
daixinxian	大新县	7552	大:da->dai del-wrong
daiyanbinke	大宴宾客	7552	大:da->dai del-wrong
daiyangshu	大杨树	7552	大:da->dai del-wrong
fanxiushuai	返修率	7552	率:lv->shuai del-wrong
haopingshuai	好评率	7552	率:lv->shuai del-wrong
huoxiaoluo	和小罗	7552	和:he->huo del-wrong
kuaikuan	会款	7552	会:hui->kuai del-wrong
xianduobuguai	见多不怪	7552	见:jian->xian del-wrong
kuolingqingnian	适龄青年	7552	适:shi->kuo del-wrong
yuejuan	乐捐	7552	乐:le->yue del-wrong
moshang	没赏	7552	没:mei->mo del-wrong
pinkuai	拼会	7552	会:hui->kuai del-wrong
sejin	塞紧	7552	塞:sai->se del-wrong
shukuoxing	舒适型	7552	适:shi->kuo del-wrong
yimohui	一万回	7552	万:wan->mo del-wrong
daishahe	大沙河	7512	大:da->dai del-wrong
zuojue	左角	7512	角:jiao->jue del-wrong
sanmoliang	三万两	7509	万:wan->mo del-wrong
daibifen	大比分	7503	大:da->dai del-wrong
juedi	角抵	7485	角:jiao->jue del-wrong
hubei	护臂	7482	臂:bi->bei del-wrong
lazuo	落坐	7482	落:luo->la del-wrong
moshu	万数	7482	万:wan->mo del-wrong
chela	扯落	7477	落:luo->la del-wrong
mopian	万篇	7477	万:wan->mo del-wrong
pomiantu	剖面图	7477	剖:pou->po del-wrong
kongzhishuai	空置率	7474	率:lv->shuai del-wrong
daiqinglv	大清律	7467	大:da->dai del-wrong
zhongguokedai	中国科大	7467	大:da->dai del-wrong
jiayuefu	家乐福	7458	乐:le->yue del-wrong
mogongjin	万公斤	7454	万:wan->mo del-wrong
xietiaokuai	协调会	7422	会:hui->kuai del-wrong
kuohangzheng	适航证	7416	适:shi->kuo del-wrong
kuozhi	适之	7416	适:shi->kuo del-wrong
doushuai	兜率	7399	率:lv->shuai del-wrong
dailangzhen	大朗镇	7393	大:da->dai del-wrong
shangmotiao	上万条	7393	万:wan->mo del-wrong
daizhi	大枝	7387	大:da->dai del-wrong
saimakuai	赛马会	7387	会:hui->kuai del-wrong
yuanjue	远角	7387	角:jiao->jue del-wrong
daiyongchang	大用场	7379	大:da->dai del-wrong
qixiazhuan	奇侠传	7373	传:chuan->zhuan del-wrong
yingjue	迎角	7373	角:jiao->jue del-wrong
beidaiying	北大营	7352	大:da->dai del-wrong
xinzhaojihui	寻找机会	7352	寻:xun->xin del-wrong
daiwantewan	大玩特玩	7351	大:da->dai del-wrong
larenkoushi	落人口实	7351	落:luo->la del-wrong
lidaizui	李大嘴	7351	大:da->dai del-wrong
moselai	莫塞莱	7328	塞:sai->se del-wrong
defenshuai	得分率	7320	率:lv->shuai del-wrong
wankuaijiemu	晚会节目	7320	会:hui->kuai del-wrong
yalishandai	亚力山大	7320	大:da->dai del-wrong
zhihuoliang	质和量	7320	和:he->huo del-wrong
bimukuai	闭幕会	7314	会:hui->kuai del-wrong
sedao	塞岛	7312	塞:sai->se del-wrong
hujikuai	互济会	7303	会:hui->kuai del-wrong
sedi	塞蒂	7302	塞:sai->se del-wrong
yimoyu	一万余	7302	万:wan->mo del-wrong
bengla	崩落	7296	落:luo->la del-wrong
dadaokuai	大刀会	7289	会:hui->kuai del-wrong
nianzengzhangshuai	年增长率	7289	率:lv->shuai del-wrong
liangmobaqian	两万八千	7288	万:wan->mo del-wrong
daiyan	大堰	7273	大:da->dai del-wrong
beiaose	北奥塞	7255	塞:sai->se del-wrong
daizhongxiangfu	大中祥符	7255	大:da->dai del-wrong
fansheshuai	反射率	7255	率:lv->shuai del-wrong
daishoudaji	大受打击	7250	大:da->dai del-wrong
daixiang	大巷	7250	大:da->dai del-wrong
jiazhuan	假传	7250	传:chuan->zhuan del-wrong
juezhi	角雉	7250	角:jiao->jue del-wrong
xiangzhuan	象传	7250	传:chuan->zhuan del-wrong
lajishan	落基山	7247	落:luo->la del-wrong
wanchengshuai	完成率	7247	率:lv->shuai del-wrong
aojue	凹角	7233	角:jiao->jue del-wrong
choushenshi	仇深似	7233	似:shi->si REVERSED del-prim
daicaixiaoyong	大才小用	7233	大:da->dai del-wrong
dakaodaiwan	大考大玩	7233	大:da->dai del-wrong
feifeidadai	肥肥大大	7233	大:da->dai del-wrong
furenzhixian	妇人之见	7233	见:jian->xian del-wrong
kuaizhebunan	会者不难	7233	会:hui->kuai del-wrong
jiaodimayou	脚底抹油	7233	抹:mo->ma del-wrong
jiaweikuai	家委会	7233	会:hui->kuai del-wrong
jiezipi	桔子皮	7233	桔:ju->jie del-wrong
jiezishui	桔子水	7233	桔:ju->jie del-wrong
jimomi	几万米	7233	万:wan->mo del-wrong
piankuai	偏会	7233	会:hui->kuai del-wrong
sanmoyingchi	三万英尺	7233	万:wan->mo del-wrong
shiyunkuai	市运会	7233	会:hui->kuai del-wrong
temaikuai	特卖会	7233	会:hui->kuai del-wrong
xinbian	寻遍	7233	寻:xun->xin del-wrong
yimoduoyidian	一万多一点	7233	万:wan->mo del-wrong
yingdaijiang	赢大奖	7233	大:da->dai del-wrong
youkuaidao	又会到	7233	会:hui->kuai del-wrong
zhuangjue	装角	7233	角:jiao->jue del-wrong
duomorenci	多万人次	7223	万:wan->mo del-wrong
lemo	肋膜	7212	肋:le->lei REVERSED del-prim
ershiermo	二十二万	7201	万:wan->mo del-wrong
junla	菌落	7198	落:luo->la del-wrong
fayue	法乐	7187	乐:le->yue del-wrong
yougaoyoudai	又高又大	7187	大:da->dai del-wrong
moshenmiao	万神庙	7182	万:wan->mo del-wrong
qinxu	禽畜	7173	畜:chu->xu del-wrong
beijue	背角	7167	角:jiao->jue del-wrong
seerweiyayu	塞尔维亚语	7157	塞:sai->se del-wrong
liangmoyuan	两万元	7131	万:wan->mo del-wrong
qieguodaidao	窃国大盗	7131	大:da->dai del-wrong
zhuanyi	传艺	7130	传:chuan->zhuan del-wrong
juebei	角背	7130	角:jiao->jue del-wrong
jimozhi	几万只	7130	万:wan->mo del-wrong
mochang	万场	7130	万:wan->mo del-wrong
yimoduoge	一万多个	7130	万:wan->mo del-wrong
daizhang	大樟	7117	大:da->dai del-wrong
jueqi	角旗	7117	角:jiao->jue del-wrong
yidailibei	意大利杯	7117	大:da->dai del-wrong
yikuweiyue	以苦为乐	7107	乐:le->yue del-wrong
ershiyumo	二十余万	7103	万:wan->mo del-wrong
zuidaizhe	最大者	7103	大:da->dai del-wrong
daiyingbaikequanshu	大英百科全书	7101	大:da->dai del-wrong
geweikuai	革委会	7101	会:hui->kuai del-wrong
seman	塞曼	7101	塞:sai->se del-wrong
daijinta	大金塔	7099	大:da->dai del-wrong
diaojue	调角	7099	角:jiao->jue del-wrong
erbaiduomo	二百多万	7099	万:wan->mo del-wrong
heijue	黑角	7099	角:jiao->jue del-wrong
liumoren	六万人	7099	万:wan->mo del-wrong
qiejue	切角	7099	角:jiao->jue del-wrong
wanhuo	婉和	7099	和:he->huo del-wrong
shumoyuan	数万元	7097	万:wan->mo del-wrong
sanmoyuan	三万元	7095	万:wan->mo del-wrong
susekesi	苏塞克斯	7072	塞:sai->se del-wrong
xinji	寻迹	7062	寻:xun->xin del-wrong
ruandaicheng	阮大铖	7061	大:da->dai del-wrong
sefu	塞夫	7050	塞:sai->se del-wrong
kezuoshuai	客座率	7048	率:lv->shuai del-wrong
liangmoliuqian	两万六千	7032	万:wan->mo del-wrong
sanmoyu	三万余	7020	万:wan->mo del-wrong
chuxushuai	储蓄率	7012	率:lv->shuai del-wrong
kaseer	卡塞尔	7008	塞:sai->se del-wrong
seyi	塞伊	6996	塞:sai->se del-wrong
zuole	左肋	6992	肋:le->lei REVERSED del-prim
ouseer	欧塞尔	6984	塞:sai->se del-wrong
lalei	落雷	6977	落:luo->la del-wrong
yuelun	乐论	6977	乐:le->yue del-wrong
liangjue	量角	6977	角:jiao->jue del-wrong
mosuo	万所	6977	万:wan->mo del-wrong
daiweigaiguan	大为改观	6971	大:da->dai del-wrong
meise	梅塞	6958	塞:sai->se del-wrong
daifujin	大福晋	6943	大:da->dai del-wrong
danboyue	弹拨乐	6943	乐:le->yue del-wrong
shuangjue	双角	6943	角:jiao->jue del-wrong
huazhuan	画传	6933	传:chuan->zhuan del-wrong
daishangyuanqi	大伤元气	6927	大:da->dai del-wrong
juebei	角杯	6927	角:jiao->jue del-wrong
jieshu	桔树	6927	桔:ju->jie del-wrong
qibaiduomo	七百多万	6927	万:wan->mo del-wrong
tiankuo	甜适	6927	适:shi->kuo del-wrong
daiqinghe	大清河	6920	大:da->dai del-wrong
seji	塞吉	6919	塞:sai->se del-wrong
jimoyuan	几万元	6907	万:wan->mo del-wrong
duanla	断落	6903	落:luo->la del-wrong
kuaijishan	会稽山	6903	会:hui->kuai del-wrong
sanmojiuqian	三万九千	6897	万:wan->mo del-wrong
daizainan	大灾难	6883	大:da->dai del-wrong
jiehongse	桔红色	6877	桔:ju->jie del-wrong
modan	万担	6877	万:wan->mo del-wrong
chuankuai	串会	6868	会:hui->kuai del-wrong
daifuxing	大福星	6868	大:da->dai del-wrong
daizhuan	待传	6868	传:chuan->zhuan del-wrong
daimutou	大木头	6868	大:da->dai del-wrong
daiqingsheng	大情圣	6868	大:da->dai del-wrong
daitan	大滩	6868	大:da->dai del-wrong
daiyangxian	大阳线	6868	大:da->dai del-wrong
daiyuruozhi	大愚若智	6868	大:da->dai del-wrong
diede	嗲得	6868	嗲:die->dia REVERSED del-prim
fanxin	翻寻	6868	寻:xun->xin del-wrong
fengzhengkuai	风筝会	6868	会:hui->kuai del-wrong
laoyousuoyue	老有所乐	6868	乐:le->yue del-wrong
manxiaqu	埋下去	6868	埋:mai->man del-wrong
meiquanmoshi	没权没势	6868	没:mei->mo del-wrong
moquanmeishi	没权没势	6868	没:mei->mo del-wrong
moquanmoshi	没权没势	6868	没:mei->mo del-wrong
mozhaomoluo	没着没落	6868	没:mei->mo del-wrong
mozhemoluo	没着没落	6868	没:mei->mo del-wrong
mozhuomoluo	没着没落	6868	没:mei->mo del-wrong
yimotou	一万头	6868	万:wan->mo del-wrong
yiqianyimo	一千一万	6868	万:wan->mo del-wrong
zonggaikuai	总该会	6868	会:hui->kuai del-wrong
jinjuewan	金角湾	6851	角:jiao->jue del-wrong
poshi	颇似	6851	似:shi->si REVERSED del-prim
yasuoshuai	压缩率	6851	率:lv->shuai del-wrong
suishuai	遂率	6848	率:lv->shuai del-wrong
duanxian	断见	6834	见:jian->xian del-wrong
liangmowuqianlizhangzheng	两万五千里长征	6834	万:wan->mo del-wrong
daihuolintou	大祸临头	6824	大:da->dai del-wrong
daizhangpeng	大帐篷	6824	大:da->dai del-wrong
guanyindaishi	观音大士	6824	大:da->dai del-wrong
huangfujuezhi	黄腹角雉	6824	角:jiao->jue del-wrong
mobang	万镑	6824	万:wan->mo del-wrong
daihua	大哗	6820	大:da->dai del-wrong
yidailishi	意大利式	6820	大:da->dai del-wrong
yiqianyibaimo	一千一百万	6806	万:wan->mo del-wrong
liangmoer	两万二	6803	万:wan->mo del-wrong
fuhuaduola	腐化堕落	6796	落:luo->la del-wrong
manzhi	埋置	6796	埋:mai->man del-wrong
banshangdai	搬上大	6795	大:da->dai del-wrong
dabiaoshuai	达标率	6781	率:lv->shuai del-wrong
yexian	谒见	6781	见:jian->xian del-wrong
shuaijie	率皆	6764	率:lv->shuai del-wrong
biteshuai	比特率	6756	率:lv->shuai del-wrong
likese	历克塞	6756	塞:sai->se del-wrong
moyuce	万余册	6756	万:wan->mo del-wrong
zhuhuopai	主和派	6756	和:he->huo del-wrong
kaimukuai	开幕会	6749	会:hui->kuai del-wrong
shangzhuanxiada	上传下达	6749	传:chuan->zhuan del-wrong
daibaishu	大柏树	6722	大:da->dai del-wrong
daiboshu	大柏树	6722	大:da->dai del-wrong
daiheyisheng	大喝一声	6722	大:da->dai del-wrong
xinshi	寻食	6722	寻:xun->xin del-wrong
mobang	万磅	6711	万:wan->mo del-wrong
daiyushu	大榆树	6675	大:da->dai del-wrong
sanmoge	三万个	6675	万:wan->mo del-wrong
daizuorong	大祚荣	6660	大:da->dai del-wrong
nanaoseti	南奥塞梯	6660	塞:sai->se del-wrong
sebo	塞伯	6660	塞:sai->se del-wrong
chuiyue	吹乐	6655	乐:le->yue del-wrong
daichuanlian	大串联	6655	大:da->dai del-wrong
daizhong	大冢	6655	大:da->dai del-wrong
juefeng	角峰	6647	角:jiao->jue del-wrong
yanjue	檐角	6647	角:jiao->jue del-wrong
daiguimoji	大规模集	6638	大:da->dai del-wrong
shuaiyi	率意	6633	率:lv->shuai del-wrong
qinyansuoxian	亲眼所见	6573	见:jian->xian del-wrong
bianhuashuai	变化率	6560	率:lv->shuai del-wrong
xianxiawen	见下文	6560	见:jian->xian del-wrong
kuaidaifu	蒯大富	6560	大:da->dai del-wrong
sesaluo	塞萨洛	6560	塞:sai->se del-wrong
zhongguotongmengkuai	中国同盟会	6560	会:hui->kuai del-wrong
ershibamo	二十八万	6559	万:wan->mo del-wrong
jiumowuqian	九万五千	6559	万:wan->mo del-wrong
daiji	大戟	6551	大:da->dai del-wrong
baselongna	巴塞隆纳	6548	塞:sai->se del-wrong
chuanshushuai	传输率	6534	率:lv->shuai del-wrong
shula	熟落	6528	落:luo->la del-wrong
tiankuo	恬适	6528	适:shi->kuo del-wrong
beijia	臂架	6516	臂:bi->bei del-wrong
jimoming	几万名	6516	万:wan->mo del-wrong
yidailizhengfu	意大利政府	6504	大:da->dai del-wrong
dairongshan	大容山	6487	大:da->dai del-wrong
jiujue	九角	6487	角:jiao->jue del-wrong
mogu	万股	6487	万:wan->mo del-wrong
shangmozhong	上万种	6487	万:wan->mo del-wrong
kuoyongxing	适用性	6473	适:shi->kuo del-wrong
weichikuai	维持会	6468	会:hui->kuai del-wrong
daipei	大赔	6463	大:da->dai del-wrong
daizhou	大舟	6463	大:da->dai del-wrong
juesha	角鲨	6463	角:jiao->jue del-wrong
modun	万顿	6463	万:wan->mo del-wrong
mofu	万幅	6463	万:wan->mo del-wrong
qubei	曲臂	6463	臂:bi->bei del-wrong
xindian	寻甸	6463	寻:xun->xin del-wrong
xiseshan	西塞山	6463	塞:sai->se del-wrong
yaola	摇落	6463	落:luo->la del-wrong
daizhongxuexiao	大中学校	6455	大:da->dai del-wrong
shuaishi	率师	6455	率:lv->shuai del-wrong
anquanjue	安全角	6442	角:jiao->jue del-wrong
dailiushu	大柳树	6442	大:da->dai del-wrong
dailuoshenxian	大罗神仙	6442	大:da->dai del-wrong
daiqiuzhuang	大邱庄	6442	大:da->dai del-wrong
jimotou	几万头	6442	万:wan->mo del-wrong
juexinhendai	决心很大	6442	大:da->dai del-wrong
kuankuandadai	宽宽大大	6442	大:da->dai del-wrong
meibokuai	美博会	6442	会:hui->kuai del-wrong
momian	万面	6442	万:wan->mo del-wrong
queqiaokuai	鹊桥会	6442	会:hui->kuai del-wrong
sebao	塞饱	6442	塞:sai->se del-wrong
shukuoban	舒适版	6442	适:shi->kuo del-wrong
zhuanhuashuai	转化率	6421	率:lv->shuai del-wrong
jianchushuai	检出率	6407	率:lv->shuai del-wrong
zhouqishuai	周期率	6407	率:lv->shuai del-wrong
daicidian	大词典	6403	大:da->dai del-wrong
daigangqu	大港区	6403	大:da->dai del-wrong
mojian	万间	6403	万:wan->mo del-wrong
jueye	角野	6394	角:jiao->jue del-wrong
selungaidi	塞伦盖蒂	6394	塞:sai->se del-wrong
cankuaizhe	参会者	6380	会:hui->kuai del-wrong
dailingyang	大羚羊	6380	大:da->dai del-wrong
daishi	大匙	6380	大:da->dai del-wrong
molei	万类	6380	万:wan->mo del-wrong
zhuanjiebao	传捷报	6369	传:chuan->zhuan del-wrong
xixunzhuanlai	喜讯传来	6369	传:chuan->zhuan del-wrong
dailiangangtie	大炼钢铁	6362	大:da->dai del-wrong
daigukou	大沽口	6359	大:da->dai del-wrong
baiyumo	百余万	6344	万:wan->mo del-wrong
piandian	便殿	6344	便:bian->pian del-wrong
daifuweng	大富翁	6344	大:da->dai del-wrong
wanjue	弯角	6312	角:jiao->jue del-wrong
simoqiqian	四万七千	6308	万:wan->mo del-wrong
diaobei	吊臂	6299	臂:bi->bei del-wrong
fuzhaishuai	负债率	6299	率:lv->shuai del-wrong
kuozu	适足	6299	适:shi->kuo del-wrong
pianxiexing	便携性	6267	便:bian->pian del-wrong
kongzhishuai	控制率	6267	率:lv->shuai del-wrong
daijianshan	大尖山	6242	大:da->dai del-wrong
daizexiang	大泽乡	6242	大:da->dai del-wrong
guochanhuashuai	国产化率	6242	率:lv->shuai del-wrong
kuolingertong	适龄儿童	6242	适:shi->kuo del-wrong
moduojian	万多件	6242	万:wan->mo del-wrong
xijue	西角	6242	角:jiao->jue del-wrong
daiduitou	大堆头	6235	大:da->dai del-wrong
dianyuankuopeiqi	电源适配器	6235	适:shi->kuo del-wrong
qunxiazhuan	群侠传	6235	传:chuan->zhuan del-wrong
seyao	塞药	6235	塞:sai->se del-wrong
sanmojin	三万斤	6235	万:wan->mo del-wrong
sunhuaishuai	损坏率	6235	率:lv->shuai del-wrong
wancankuai	晚餐会	6235	会:hui->kuai del-wrong
daitunshan	大屯山	6228	大:da->dai del-wrong
gangua	乾卦	6228	乾:qian->gan del-wrong
jinghukuai	经互会	6228	会:hui->kuai del-wrong
semanxiaoying	塞曼效应	6228	塞:sai->se del-wrong
shengwuqunla	生物群落	6228	落:luo->la del-wrong
yimonuoweiqi	伊万诺维奇	6228	万:wan->mo del-wrong
daishi	大式	6216	大:da->dai del-wrong
keseer	克塞尔	6216	塞:sai->se del-wrong
maerkuse	马尔库塞	6216	塞:sai->se del-wrong
nase	纳塞	6216	塞:sai->se del-wrong
wujue	无角	6216	角:jiao->jue del-wrong
liangmoyu	两万余	6209	万:wan->mo del-wrong
yubeikuai	预备会	6204	会:hui->kuai del-wrong
baojiankuai	保监会	6186	会:hui->kuai del-wrong
daixun	大汛	6186	大:da->dai del-wrong
jiumoli	九万里	6186	万:wan->mo del-wrong
kuoyongfalv	适用法律	6186	适:shi->kuo del-wrong
tongbaokuai	通报会	6186	会:hui->kuai del-wrong
beiyidai	北医大	6117	大:da->dai del-wrong
daigangqin	大钢琴	6117	大:da->dai del-wrong
dairudou	大如斗	6117	大:da->dai del-wrong
daizizi	大姊姊	6117	大:da->dai del-wrong
fenla	纷落	6117	落:luo->la del-wrong
haiseer	海塞尔	6117	塞:sai->se del-wrong
naixian	乃见	6117	见:jian->xian del-wrong
yubei	玉臂	6117	臂:bi->bei del-wrong
zhanyongshuai	占用率	6117	率:lv->shuai del-wrong
zhengdianshuai	正点率	6117	率:lv->shuai del-wrong
chuanqiong	川芎	6109	芎:qiong->xiong REVERSED del-prim
cishankuai	慈善会	6109	会:hui->kuai del-wrong
daizhongxuesheng	大中学生	6109	大:da->dai del-wrong
poanshuai	破案率	6109	率:lv->shuai del-wrong
zijishuai	自给率	6109	率:lv->shuai del-wrong
daisanyuan	大三元	6105	大:da->dai del-wrong
jianandaizhen	嘉南大圳	6105	大:da->dai del-wrong
seerte	塞尔特	6105	塞:sai->se del-wrong
shela	射落	6105	落:luo->la del-wrong
tianzhongjuerong	田中角荣	6105	角:jiao->jue del-wrong
yumoce	余万册	6105	万:wan->mo del-wrong
huajue	画角	6069	角:jiao->jue del-wrong
nengshuai	能率	6069	率:lv->shuai del-wrong
shaoyue	韶乐	6069	乐:le->yue del-wrong
shiyunkuai	十运会	6069	会:hui->kuai del-wrong
yaoxian	遥见	6069	见:jian->xian del-wrong
youjue	右角	6069	角:jiao->jue del-wrong
jiangyuexian	将乐县	6064	乐:le->yue del-wrong
jila	集落	6064	落:luo->la del-wrong
ribula	日不落	6064	落:luo->la del-wrong
bianshuai	变率	6044	率:lv->shuai del-wrong
manlei	埋雷	6032	埋:mai->man del-wrong
tuxian	突见	6032	见:jian->xian del-wrong
yimoliuqianduo	一万六千多	6032	万:wan->mo del-wrong
sishiermo	四十二万	5978	万:wan->mo del-wrong
misesi	米塞斯	5974	塞:sai->se del-wrong
mojiaci	万架次	5974	万:wan->mo del-wrong
moyujian	万余件	5974	万:wan->mo del-wrong
liumowuqian	六万五千	5944	万:wan->mo del-wrong
bamoge	八万个	5930	万:wan->mo del-wrong
chuidainiu	吹大牛	5930	大:da->dai del-wrong
daiguoshui	大锅水	5930	大:da->dai del-wrong
daihuihuan	大回环	5930	大:da->dai del-wrong
daikan	大侃	5930	大:da->dai del-wrong
dailijiacheng	大利嘉城	5930	大:da->dai del-wrong
dailongtan	大龙潭	5930	大:da->dai del-wrong
daishanding	大山顶	5930	大:da->dai del-wrong
daiweibijia	大未必佳	5930	大:da->dai del-wrong
daiyingpan	大硬盘	5930	大:da->dai del-wrong
daizhongzhuansheng	大中专生	5930	大:da->dai del-wrong
diedi	嗲地	5930	嗲:die->dia REVERSED del-prim
fuyue	佛乐	5930	乐:le->yue del-wrong
geshuyixian	各抒已见	5930	见:jian->xian del-wrong
jianxiazhuan	剑侠传	5930	传:chuan->zhuan del-wrong
jingxian	惊见	5930	见:jian->xian del-wrong
lapiaokuai	拉票会	5930	会:hui->kuai del-wrong
yueming	乐命	5930	乐:le->yue del-wrong
linglingluola	零零落落	5930	落:luo->la del-wrong
mabizi	抹鼻子	5930	抹:mo->ma del-wrong
moman	没慢	5930	没:mei->mo del-wrong
mokelong	万客隆	5930	万:wan->mo del-wrong
mune	木呐	5930	呐:na->ne del-wrong
pengjue	捧角	5930	角:jiao->jue del-wrong
qianbianmobian	千遍万遍	5930	万:wan->mo del-wrong
qimokuai	七万块	5930	万:wan->mo del-wrong
shijiu	似旧	5930	似:shi->si REVERSED del-prim
yimoliangmo	一万两万	5930	万:wan->mo del-wrong
yimoliangwan	一万两万	5930	万:wan->mo del-wrong
yiwanliangmo	一万两万	5930	万:wan->mo del-wrong
yiqianyimoge	一千一万个	5930	万:wan->mo del-wrong
miuxian	谬见	5923	见:jian->xian del-wrong
beihuo	臂或	5899	臂:bi->bei del-wrong
dailongjiao	大龙湫	5899	大:da->dai del-wrong
dailoushan	大娄山	5899	大:da->dai del-wrong
yuelingshi	乐陵市	5899	乐:le->yue del-wrong
seci	塞茨	5899	塞:sai->se del-wrong
xinkuaiqu	新会区	5899	会:hui->kuai del-wrong
daimuchang	大牧场	5895	大:da->dai del-wrong
daiquanzuo	大犬座	5895	大:da->dai del-wrong
daishouyin	大手印	5895	大:da->dai del-wrong
daitangdianxin	大唐电信	5895	大:da->dai del-wrong
jiazhuanshengzhi	假传圣旨	5895	传:chuan->zhuan del-wrong
jiepi	桔皮	5895	桔:ju->jie del-wrong
jucankuai	聚餐会	5895	会:hui->kuai del-wrong
sanshiliumo	三十六万	5895	万:wan->mo del-wrong
shengkuai	胜会	5895	会:hui->kuai del-wrong
xinyi	寻医	5895	寻:xun->xin del-wrong
yimopi	一万匹	5895	万:wan->mo del-wrong
sanmosiqian	三万四千	5890	万:wan->mo del-wrong
daihongshan	大洪山	5879	大:da->dai del-wrong
daiyaoshan	大瑶山	5879	大:da->dai del-wrong
ersanmo	二三万	5879	万:wan->mo del-wrong
jubei	巨臂	5879	臂:bi->bei del-wrong
mingzhuan	铭传	5879	传:chuan->zhuan del-wrong
molingyao	万灵药	5879	万:wan->mo del-wrong
wuxukuai	务虚会	5879	会:hui->kuai del-wrong
yuanbei	猿臂	5879	臂:bi->bei del-wrong
naishuai	乃率	5835	率:lv->shuai del-wrong
selate	塞拉特	5835	塞:sai->se del-wrong
selimu	塞利姆	5835	塞:sai->se del-wrong
setejun	塞特郡	5835	塞:sai->se del-wrong
xiongyalidai	匈牙利大	5835	大:da->dai del-wrong
dazhidaihui	大智大慧	5771	大:da->dai del-wrong
xiaozhongjiandai	小中见大	5771	大:da->dai del-wrong
xiaozhongxianda	小中见大	5771	见:jian->xian del-wrong
xiaozhongxiandai	小中见大	5771	见:jian->xian del-wrong
zaishuai	载率	5771	率:lv->shuai del-wrong
shengcunshuai	生存率	5762	率:lv->shuai del-wrong
bamowu	八万五	5734	万:wan->mo del-wrong
liuhuota	六和塔	5720	和:he->huo del-wrong
lvedaiyu	略大于	5720	大:da->dai del-wrong
shuaituan	率团	5720	率:lv->shuai del-wrong
seqi	塞奇	5720	塞:sai->se del-wrong
pianxieji	便携机	5686	便:bian->pian del-wrong
daiqintielu	大秦铁路	5686	大:da->dai del-wrong
kuoyongrenqun	适用人群	5686	适:shi->kuo del-wrong
ladaiqi	拉大旗	5686	大:da->dai del-wrong
maseer	马塞尔	5686	塞:sai->se del-wrong
modai	万袋	5686	万:wan->mo del-wrong
selaisi	塞莱斯	5686	塞:sai->se del-wrong
wanting	畹町	5686	町:ting->ding REVERSED del-prim
weierhuo	维尔和	5686	和:he->huo del-wrong
xiangpise	橡皮塞	5686	塞:sai->se del-wrong
xinkuaixian	新会县	5686	会:hui->kuai del-wrong
yimoqiqianduo	一万七千多	5686	万:wan->mo del-wrong
yueyue	悦乐	5686	乐:le->yue del-wrong
yumopingfangmi	余万平方米	5686	万:wan->mo del-wrong
daiqiu	大丘	5669	大:da->dai del-wrong
huibaokuai	汇报会	5669	会:hui->kuai del-wrong
lishuai	力率	5669	率:lv->shuai del-wrong
luokajue	罗卡角	5669	角:jiao->jue del-wrong
sanshisanmo	三十三万	5669	万:wan->mo del-wrong
zhonghuacishanzongkuai	中华慈善总会	5669	会:hui->kuai del-wrong
buliangshuai	不良率	5663	率:lv->shuai del-wrong
lianzukuai	联组会	5663	会:hui->kuai del-wrong
moyurenci	万余人次	5663	万:wan->mo del-wrong
ouzhoulishikuai	欧洲理事会	5663	会:hui->kuai del-wrong
wupianxian	无偏见	5663	见:jian->xian del-wrong
xinyi	寻绎	5663	寻:xun->xin del-wrong
yonghuoxian	永和县	5663	和:he->huo del-wrong
haoyoushuai	耗油率	5655	率:lv->shuai del-wrong
zhuanjie	传接	5633	传:chuan->zhuan del-wrong
daizhanglao	大长老	5633	大:da->dai del-wrong
daizhulin	大竹林	5633	大:da->dai del-wrong
dianshengyue	电声乐	5633	乐:le->yue del-wrong
duomogongli	多万公里	5633	万:wan->mo del-wrong
huoxiaojing	和小静	5633	和:he->huo del-wrong
kuaizhanjingji	会展经济	5633	会:hui->kuai del-wrong
jimojin	几万斤	5633	万:wan->mo del-wrong
moyijin	万亿斤	5633	万:wan->mo del-wrong
pingshenkuai	评审会	5633	会:hui->kuai del-wrong
sanqisanla	三起三落	5633	落:luo->la del-wrong
shijue	似角	5633	角:jiao->jue del-wrong
shijiao	似角	5633	似:shi->si REVERSED del-prim
suliaodaipeng	塑料大棚	5633	大:da->dai del-wrong
tedaixinwen	特大新闻	5633	大:da->dai del-wrong
faanshuai	发案率	5581	率:lv->shuai del-wrong
hongyanzhuanshu	鸿雁传书	5581	传:chuan->zhuan del-wrong
sanshisimo	三十四万	5581	万:wan->mo del-wrong
manyishuai	满意率	5577	率:lv->shuai del-wrong
zhongqianshuai	中签率	5577	率:lv->shuai del-wrong
cushuai	粗率	5567	率:lv->shuai del-wrong
luosedi	罗塞蒂	5567	塞:sai->se del-wrong
zhuanyu	传谕	5527	传:chuan->zhuan del-wrong
daiqingzhensi	大清真寺	5527	大:da->dai del-wrong
daiwushan	大武山	5527	大:da->dai del-wrong
dengyaosanjue	等腰三角	5527	角:jiao->jue del-wrong
dingshuai	定率	5527	率:lv->shuai del-wrong
huofulan	和弗兰	5527	和:he->huo del-wrong
xianzhiyu	见之于	5527	见:jian->xian del-wrong
keyuemei	科乐美	5527	乐:le->yue del-wrong
shuaizhu	率诸	5527	率:lv->shuai del-wrong
morendi	万人敌	5527	万:wan->mo del-wrong
wumoyu	五万余	5527	万:wan->mo del-wrong
zengjiashuai	增加率	5527	率:lv->shuai del-wrong
zhuandeng	传灯	5526	传:chuan->zhuan del-wrong
zhuanshu	传述	5526	传:chuan->zhuan del-wrong
lejian	肋间	5526	肋:le->lei REVERSED del-prim
tianmanchang	填埋场	5526	埋:mai->man del-wrong
kanaweilaerjue	卡纳维拉尔角	5498	角:jiao->jue del-wrong
lizhizhuan	立志传	5489	传:chuan->zhuan del-wrong
beidaicang	北大仓	5433	大:da->dai del-wrong
beijingshidai	北京师大	5433	大:da->dai del-wrong
biaozhangkuai	表彰会	5433	会:hui->kuai del-wrong
chengyunkuai	城运会	5433	会:hui->kuai del-wrong
zhuangong	传功	5433	传:chuan->zhuan del-wrong
cidaoshuai	磁导率	5433	率:lv->shuai del-wrong
daishiban	大石板	5433	大:da->dai del-wrong
fenzukuai	分组会	5433	会:hui->kuai del-wrong
xianqi	见弃	5433	见:jian->xian del-wrong
jiaoxuedailou	教学大楼	5433	大:da->dai del-wrong
labiao	落标	5433	落:luo->la del-wrong
liushisanmo	六十三万	5433	万:wan->mo del-wrong
majueba	马角坝	5433	角:jiao->jue del-wrong
segu	塞古	5433	塞:sai->se del-wrong
shangzhuanxiazai	上传下载	5433	传:chuan->zhuan del-wrong
suyue	俗乐	5433	乐:le->yue del-wrong
chongzushuai	充足率	5393	率:lv->shuai del-wrong
daibiwu	大比武	5393	大:da->dai del-wrong
daiyudong	大榆洞	5393	大:da->dai del-wrong
guanmokuai	观摩会	5393	会:hui->kuai del-wrong
quanguoqingnianlianhekuai	全国青年联合会	5393	会:hui->kuai del-wrong
shushuluola	疏疏落落	5393	落:luo->la del-wrong
xinsimihuo	寻死觅活	5393	寻:xun->xin del-wrong
yangxingshuai	阳性率	5393	率:lv->shuai del-wrong
zhunbeijinshuai	准备金率	5393	率:lv->shuai del-wrong
baseluona	巴塞罗纳	5385	塞:sai->se del-wrong
daihuizhuan	大回转	5369	大:da->dai del-wrong
huoranshuai	或然率	5369	率:lv->shuai del-wrong
yinghuokuai	营火会	5369	会:hui->kuai del-wrong
antiguahuobabuda	安提瓜和巴布达	5354	和:he->huo del-wrong
beiseer	贝塞尔	5354	塞:sai->se del-wrong
daibulishi	大不里士	5354	大:da->dai del-wrong
daidukou	大渡口	5354	大:da->dai del-wrong
daishidian	大士殿	5354	大:da->dai del-wrong
dengbiansanjue	等边三角	5354	角:jiao->jue del-wrong
doushuaitian	兜率天	5354	率:lv->shuai del-wrong
ermoren	二万人	5354	万:wan->mo del-wrong
kesenhuo	克森和	5354	和:he->huo del-wrong
mengtese	蒙特塞	5354	塞:sai->se del-wrong
sandaisi	三大寺	5354	大:da->dai del-wrong
shidanfudai	史丹佛大	5354	大:da->dai del-wrong
zhuse	柱塞	5354	塞:sai->se del-wrong
biaozhundaiqi	标准大气	5311	大:da->dai del-wrong
daiyunshan	大云山	5311	大:da->dai del-wrong
fuyangjue	俯仰角	5311	角:jiao->jue del-wrong
jidailei	几大类	5311	大:da->dai del-wrong
kandai	刊大	5311	大:da->dai del-wrong
moduomu	万多亩	5311	万:wan->mo del-wrong
sanmobaqian	三万八千	5311	万:wan->mo del-wrong
wumoliang	五万两	5311	万:wan->mo del-wrong
chengpinshuai	成品率	5286	率:lv->shuai del-wrong
daibaoguang	大爆光	5286	大:da->dai del-wrong
daichuanshao	大串烧	5286	大:da->dai del-wrong
daiduan	大锻	5286	大:da->dai del-wrong
daiduliang	大肚量	5286	大:da->dai del-wrong
daiduqiaohengtiesuohan	大渡桥横铁索寒	5286	大:da->dai del-wrong
daierxi	大儿媳	5286	大:da->dai del-wrong
daikuohao	大括号	5286	大:da->dai del-wrong
dailaoai	大佬爱	5286	大:da->dai del-wrong
daimaoxiong	大猫熊	5286	大:da->dai del-wrong
dairanfang	大染坊	5286	大:da->dai del-wrong
daisuda	大苏打	5286	大:da->dai del-wrong
daiyantong	大岩桐	5286	大:da->dai del-wrong
daiyaoyikou	大咬一口	5286	大:da->dai del-wrong
fanhuashijin	繁华似锦	5286	似:shi->si REVERSED del-prim
fengxian	逢见	5286	见:jian->xian del-wrong
fubokuai	服博会	5286	会:hui->kuai del-wrong
huansongwankuai	欢送晚会	5286	会:hui->kuai del-wrong
huibei	挥臂	5286	臂:bi->bei del-wrong
xianshangtu	见上图	5286	见:jian->xian del-wrong
jueshawan	角鲨烷	5286	角:jiao->jue del-wrong
jietongshuai	接通率	5286	率:lv->shuai del-wrong
jiezhi	桔汁	5286	桔:ju->jie del-wrong
jiezihongle	桔子红了	5286	桔:ju->jie del-wrong
jiezihongliao	桔子红了	5286	桔:ju->jie del-wrong
jiushiduomo	九十多万	5286	万:wan->mo del-wrong
kaimenxianxi	开门见喜	5286	见:jian->xian del-wrong
kebokuai	科博会	5286	会:hui->kuai del-wrong
lahui	落晖	5286	落:luo->la del-wrong
yuexian	乐闲	5286	乐:le->yue del-wrong
molukezou	没路可走	5286	没:mei->mo del-wrong
meishengmoxi	没声没息	5286	没:mei->mo del-wrong
moshengmeixi	没声没息	5286	没:mei->mo del-wrong
moshengmoxi	没声没息	5286	没:mei->mo del-wrong
moyan	没沿	5286	没:mei->mo del-wrong
mozhuntou	没准头	5286	没:mei->mo del-wrong
mianhuoxinbuhe	面和心不和	5286	和:he->huo del-wrong
moduobei	万多倍	5286	万:wan->mo del-wrong
mowa	万瓦	5286	万:wan->mo del-wrong
nandainvxiao	男大女小	5286	大:da->dai del-wrong
qiangjiaola	墙角落	5286	落:luo->la del-wrong
ruxianqiren	如见其人	5286	见:jian->xian del-wrong
senhaiseer	森海塞尔	5286	塞:sai->se del-wrong
shangjuezheng	商角征	5286	角:jiao->jue del-wrong
shiqibamo	十七八万	5286	万:wan->mo del-wrong
shiyouruowu	似有若无	5286	似:shi->si REVERSED del-prim
simoge	四万个	5286	万:wan->mo del-wrong
tuixian	推见	5286	见:jian->xian del-wrong
wuzhenshuai	误诊率	5286	率:lv->shuai del-wrong
xinou	寻偶	5286	寻:xun->xin del-wrong
xinyixin	寻一寻	5286	寻:xun->xin del-wrong
xinyixun	寻一寻	5286	寻:xun->xin del-wrong
xunyixin	寻一寻	5286	寻:xun->xin del-wrong
yandainu	颜大怒	5286	大:da->dai del-wrong
yibokuai	艺博会	5286	会:hui->kuai del-wrong
yimoshuang	一万双	5286	万:wan->mo del-wrong
zhaoxindao	找寻到	5286	寻:xun->xin del-wrong
zuopianqi	座便器	5286	便:bian->pian del-wrong
laise	莱塞	5228	塞:sai->se del-wrong
yimoerqianwubai	一万二千五百	5228	万:wan->mo del-wrong
dailiumang	大流氓	5218	大:da->dai del-wrong
moaoyuan	万澳元	5218	万:wan->mo del-wrong
moduohu	万多户	5218	万:wan->mo del-wrong
moyuge	万余个	5218	万:wan->mo del-wrong
moyujin	万余斤	5218	万:wan->mo del-wrong
sanmohu	三万户	5218	万:wan->mo del-wrong
yumojian	余万件	5218	万:wan->mo del-wrong
bosesiku	伯塞斯库	5167	塞:sai->se del-wrong
daihulaer	大呼拉尔	5167	大:da->dai del-wrong
daipaimai	大拍卖	5167	大:da->dai del-wrong
jimoli	几万里	5167	万:wan->mo del-wrong
qishiduomo	七十多万	5167	万:wan->mo del-wrong
weiseke	韦塞克	5167	塞:sai->se del-wrong
youzhuanbu	邮传部	5167	传:chuan->zhuan del-wrong
zhongguojiaokuai	中国教会	5167	会:hui->kuai del-wrong
zhongkedai	中科大	5167	大:da->dai del-wrong
daichi	大痴	5163	大:da->dai del-wrong
daicong	大丛	5163	大:da->dai del-wrong
daigulu	大沽路	5163	大:da->dai del-wrong
daiketing	大客厅	5163	大:da->dai del-wrong
daiyaowan	大窑湾	5163	大:da->dai del-wrong
fengongkuai	分工会	5163	会:hui->kuai del-wrong
gaola	皋落	5163	落:luo->la del-wrong
juediao	角雕	5163	角:jiao->jue del-wrong
lahun	落魂	5163	落:luo->la del-wrong
lingjue	羚角	5163	角:jiao->jue del-wrong
liudongshuai	流动率	5163	率:lv->shuai del-wrong
lvezhuan	略传	5163	传:chuan->zhuan del-wrong
moduodun	万多吨	5163	万:wan->mo del-wrong
moxiang	万箱	5163	万:wan->mo del-wrong
piaozhuan	票传	5163	传:chuan->zhuan del-wrong
shangmobei	上万倍	5163	万:wan->mo del-wrong
daiweichijing	大为吃惊	5073	大:da->dai del-wrong
fangjue	房角	5073	角:jiao->jue del-wrong
gonghuojian	弓和箭	5073	和:he->huo del-wrong
houlvejue	后掠角	5073	角:jiao->jue del-wrong
jinyue	今乐	5073	乐:le->yue del-wrong
kongxishuai	孔隙率	5073	率:lv->shuai del-wrong
moduopingfanggongli	万多平方公里	5073	万:wan->mo del-wrong
molonghuiyi	万隆会议	5073	万:wan->mo del-wrong
momen	万门	5073	万:wan->mo del-wrong
pianjue	偏角	5073	角:jiao->jue del-wrong
sexiaqu	塞下曲	5073	塞:sai->se del-wrong
daizhongxiaochengshi	大中小城市	5072	大:da->dai del-wrong
jinmojia	进万家	5072	万:wan->mo del-wrong
moyuzhi	万余只	5072	万:wan->mo del-wrong
bendukuai	本笃会	4961	会:hui->kuai del-wrong
pianming	便名	4961	便:bian->pian del-wrong
chengzhangshuai	成长率	4961	率:lv->shuai del-wrong
daiqinmao	大钦茂	4961	大:da->dai del-wrong
daizhi	大旨	4961	大:da->dai del-wrong
feizhouzhijue	非洲之角	4961	角:jiao->jue del-wrong
heisegeweina	黑塞哥维那	4961	塞:sai->se del-wrong
liangmoli	两万里	4961	万:wan->mo del-wrong
liangmoming	两万名	4961	万:wan->mo del-wrong
luoseta	罗塞塔	4961	塞:sai->se del-wrong
moyupingfangmi	万余平方米	4961	万:wan->mo del-wrong
shangdaijia	商大贾	4961	大:da->dai del-wrong
shangshengshuai	上升率	4961	率:lv->shuai del-wrong
yinyue	淫乐	4961	乐:le->yue del-wrong
zhongguozhengjiankuai	中国证监会	4961	会:hui->kuai del-wrong
huolongshi	和龙市	4949	和:he->huo del-wrong
bamowuqian	八万五千	4845	万:wan->mo del-wrong
selaisite	塞莱斯特	4845	塞:sai->se del-wrong
daikeding	大克鼎	4842	大:da->dai del-wrong
daipodaili	大破大立	4842	大:da->dai del-wrong
daipodali	大破大立	4842	大:da->dai del-wrong
dapodaili	大破大立	4842	大:da->dai del-wrong
daisantong	大三通	4842	大:da->dai del-wrong
daitubiao	大图标	4842	大:da->dai del-wrong
dedaiyushi	得大于失	4842	大:da->dai del-wrong
dongjue	东角	4842	角:jiao->jue del-wrong
duomotai	多万台	4842	万:wan->mo del-wrong
duomozhong	多万种	4842	万:wan->mo del-wrong
huoqixia	和栖霞	4842	和:he->huo del-wrong
xianliang	见量	4842	见:jian->xian del-wrong
jiaose	胶塞	4842	塞:sai->se del-wrong
kejidailou	科技大楼	4842	大:da->dai del-wrong
moke	万棵	4842	万:wan->mo del-wrong
momichangpao	万米长跑	4842	万:wan->mo del-wrong
mopan	万盘	4842	万:wan->mo del-wrong
moping	万瓶	4842	万:wan->mo del-wrong
moxian	万线	4842	万:wan->mo del-wrong
sheweikuai	社委会	4842	会:hui->kuai del-wrong
shigang	似钢	4842	似:shi->si REVERSED del-prim
xinse	信塞	4842	塞:sai->se del-wrong
zhanla	斩落	4842	落:luo->la del-wrong
zihuohuang	子和皇	4842	和:he->huo del-wrong
chenla	沉落	4804	落:luo->la del-wrong
daigushan	大孤山	4804	大:da->dai del-wrong
daiheihe	大黑河	4804	大:da->dai del-wrong
lagu	落谷	4804	落:luo->la del-wrong
liumojiuqian	六万九千	4804	万:wan->mo del-wrong
mochengqu	万盛区	4804	万:wan->mo del-wrong
moshengqu	万盛区	4804	万:wan->mo del-wrong
mofudong	万佛洞	4804	万:wan->mo del-wrong
nisehe	尼塞河	4804	塞:sai->se del-wrong
sanhuotu	三和土	4804	和:he->huo del-wrong
shifudailou	市府大楼	4804	大:da->dai del-wrong
yenise	叶尼塞	4804	塞:sai->se del-wrong
daipaicha	大排查	4747	大:da->dai del-wrong
moduoke	万多颗	4747	万:wan->mo del-wrong
caiyangshuai	采样率	4734	率:lv->shuai del-wrong
canzhengkuai	参政会	4734	会:hui->kuai del-wrong
daibajianshan	大霸尖山	4734	大:da->dai del-wrong
daibaozi	大孢子	4734	大:da->dai del-wrong
daiduxi	大肚溪	4734	大:da->dai del-wrong
dailama	大喇嘛	4734	大:da->dai del-wrong
daisanhexian	大三和弦	4734	大:da->dai del-wrong
daitisu	大提速	4734	大:da->dai del-wrong
daizhonghuaqu	大中华区	4734	大:da->dai del-wrong
duomoce	多万册	4734	万:wan->mo del-wrong
huoweiyu	和尾羽	4734	和:he->huo del-wrong
juepinlv	角频率	4734	角:jiao->jue del-wrong
jiashidao	贾似道	4734	似:shi->si REVERSED del-prim
mangjue	芒角	4734	角:jiao->jue del-wrong
nuobeierjijinkuai	诺贝尔基金会	4734	会:hui->kuai del-wrong
semuyu	塞姆语	4734	塞:sai->se del-wrong
simoyu	四万余	4734	万:wan->mo del-wrong
tousheshuai	透射率	4734	率:lv->shuai del-wrong
wumashuai	误码率	4734	率:lv->shuai del-wrong
yizhuan	驿传	4734	传:chuan->zhuan del-wrong
yidailiwangguo	意大利王国	4734	大:da->dai del-wrong
zhaoshuaijiao	赵率教	4734	率:lv->shuai del-wrong
zhongxinjue	中心角	4734	角:jiao->jue del-wrong
daibipin	大比拼	4652	大:da->dai del-wrong
daitukushui	大吐苦水	4652	大:da->dai del-wrong
daizhongxiaoqiye	大中小企业	4652	大:da->dai del-wrong
koushuai	扣率	4652	率:lv->shuai del-wrong
lachui	落锤	4652	落:luo->la del-wrong
moduoli	万多例	4652	万:wan->mo del-wrong
moyuci	万余次	4652	万:wan->mo del-wrong
nongjiukuai	农救会	4652	会:hui->kuai del-wrong
qiantiaomotiao	千条万条	4652	万:wan->mo del-wrong
zhekoushuai	折扣率	4652	率:lv->shuai del-wrong
shenggangdaibagong	省港大罢工	4652	大:da->dai del-wrong
shishaopiantang	食少便溏	4652	便:bian->pian del-wrong
wushiliumo	五十六万	4652	万:wan->mo del-wrong
xiaofeishuai	消费率	4652	率:lv->shuai del-wrong
xinghuoxian	兴和县	4652	和:he->huo del-wrong
yumozhi	余万只	4652	万:wan->mo del-wrong
chucuoshuai	出错率	4643	率:lv->shuai del-wrong
jieanshuai	结案率	4643	率:lv->shuai del-wrong
liangmoliang	两万两	4643	万:wan->mo del-wrong
meiguogonghuodang	美国共和党	4640	和:he->huo del-wrong
shumopi	数万匹	4640	万:wan->mo del-wrong
yananwenyizuotankuai	延安文艺座谈会	4640	会:hui->kuai del-wrong
zichanfuzhaishuai	资产负债率	4640	率:lv->shuai del-wrong
boyueshi	博乐市	4495	乐:le->yue del-wrong
zhuandu	传毒	4495	传:chuan->zhuan del-wrong
daifengxian	大丰县	4495	大:da->dai del-wrong
dailizhen	大沥镇	4495	大:da->dai del-wrong
daimiu	大谬	4495	大:da->dai del-wrong
daipengniao	大鹏鸟	4495	大:da->dai del-wrong
daishipai	大石牌	4495	大:da->dai del-wrong
daitengxia	大藤峡	4495	大:da->dai del-wrong
duomopingfangmi	多万平方米	4495	万:wan->mo del-wrong
ehaozhuanlai	噩耗传来	4495	传:chuan->zhuan del-wrong
kuaizhanye	会展业	4495	会:hui->kuai del-wrong
yuepingjia	乐评家	4495	乐:le->yue del-wrong
moduokou	万多口	4495	万:wan->mo del-wrong
mofumodi	万夫莫敌	4495	万:wan->mo del-wrong
sanpuyouhuo	三浦友和	4495	和:he->huo del-wrong
shalayan	沙落雁	4495	落:luo->la del-wrong
shijue	十角	4495	角:jiao->jue del-wrong
shiyue	室乐	4495	乐:le->yue del-wrong
shisansimo	十三四万	4495	万:wan->mo del-wrong
tanhuakuai	谈话会	4495	会:hui->kuai del-wrong
yongyoushuai	拥有率	4495	率:lv->shuai del-wrong
aokamoge	奥卡万戈	4487	万:wan->mo del-wrong
jiantaokuai	检讨会	4487	会:hui->kuai del-wrong
kaiselin	凯塞琳	4487	塞:sai->se del-wrong
lejianji	肋间肌	4487	肋:le->lei REVERSED del-prim
pogongchan	剖宫产	4487	剖:pou->po del-wrong
seerji	塞尔吉	4487	塞:sai->se del-wrong
yanshikuai	演示会	4487	会:hui->kuai del-wrong
daimingdafang	大鸣大放	4480	大:da->dai del-wrong
daimingdaifang	大鸣大放	4480	大:da->dai del-wrong
damingdaifang	大鸣大放	4480	大:da->dai del-wrong
daixiongdian	大雄殿	4480	大:da->dai del-wrong
daiyuhai	大玉海	4480	大:da->dai del-wrong
jiandingkuai	鉴定会	4480	会:hui->kuai del-wrong
jueliang	角梁	4480	角:jiao->jue del-wrong
jueweiyi	角位移	4480	角:jiao->jue del-wrong
jingshelishikuai	经社理事会	4480	会:hui->kuai del-wrong
kuohangxing	适航性	4480	适:shi->kuo del-wrong
yuepingxian	乐平县	4480	乐:le->yue del-wrong
lijiachengjijinkuai	李嘉诚基金会	4480	会:hui->kuai del-wrong
masazhuse	麻萨诸塞	4480	塞:sai->se del-wrong
moduozhong	万多种	4480	万:wan->mo del-wrong
moyici	万亿次	4480	万:wan->mo del-wrong
moyujuan	万余卷	4480	万:wan->mo del-wrong
qianyumo	千余万	4480	万:wan->mo del-wrong
seweilu	塞维鲁	4480	塞:sai->se del-wrong
sanmoerqian	三万二千	4480	万:wan->mo del-wrong
tangshandaixiong	唐山大兄	4480	大:da->dai del-wrong
weiyenaaiyueyuetuan	维也纳爱乐乐团	4480	乐:le->yue del-wrong
wudailei	五大类	4480	大:da->dai del-wrong
xiaohaoshuai	消耗率	4480	率:lv->shuai del-wrong
zhonggongbadai	中共八大	4480	大:da->dai del-wrong
zhonggongshisandai	中共十三大	4480	大:da->dai del-wrong
zhongguoaoweikuai	中国奥委会	4480	会:hui->kuai del-wrong
abaohuo	阿宝和	4422	和:he->huo del-wrong
bayuezhi	芭乐汁	4422	乐:le->yue del-wrong
baoshuai	暴率	4422	率:lv->shuai del-wrong
baoyoupianxian	抱有偏见	4422	见:jian->xian del-wrong
benbingpi	苯并芘	4422	芘:pi->bi REVERSED del-prim
bukexianguang	不可见光	4422	见:jian->xian del-wrong
zhangbeixia	长臂虾	4422	臂:bi->bei del-wrong
changxianzi	常见字	4422	见:jian->xian del-wrong
zhuanyinrumi	传音入密	4422	传:chuan->zhuan del-wrong
chumiaoshuai	出苗率	4422	率:lv->shuai del-wrong
daibenniao	大笨鸟	4422	大:da->dai del-wrong
daibianlian	大变脸	4422	大:da->dai del-wrong
daigangyoutian	大港油田	4422	大:da->dai del-wrong
dailiju	大丽菊	4422	大:da->dai del-wrong
daitangshijia	大唐世家	4422	大:da->dai del-wrong
daiwaxian	大洼县	4422	大:da->dai del-wrong
dayadaisu	大雅大俗	4422	大:da->dai del-wrong
daizhongxiaoxuesheng	大中小学生	4422	大:da->dai del-wrong
dinghuokuai	定货会	4422	会:hui->kuai del-wrong
eryidai	二医大	4422	大:da->dai del-wrong
feiyeshi	飞也似	4422	似:shi->si REVERSED del-prim
guangjueduan	广角端	4422	角:jiao->jue del-wrong
hadaixian	哈大线	4422	大:da->dai del-wrong
haoxiazhuan	豪侠传	4422	传:chuan->zhuan del-wrong
huotianxian	和田县	4422	和:he->huo del-wrong
huoxiaokong	和小孔	4422	和:he->huo del-wrong
huoxiaoning	和小宁	4422	和:he->huo del-wrong
jianbei	肩臂	4422	臂:bi->bei del-wrong
jianshangkuai	鉴赏会	4422	会:hui->kuai del-wrong
jinjueyin	金角银	4422	角:jiao->jue del-wrong
jiuyunkuai	九运会	4422	会:hui->kuai del-wrong
kongkonglala	空空落落	4422	落:luo->la del-wrong
kongkonglaluo	空空落落	4422	落:luo->la del-wrong
kongkongluola	空空落落	4422	落:luo->la del-wrong
lanqiakuai	兰洽会	4422	会:hui->kuai del-wrong
laxu	落絮	4422	落:luo->la del-wrong
lebagu	肋巴骨	4422	肋:le->lei REVERSED del-prim
liangmobaqianduo	两万八千多	4422	万:wan->mo del-wrong
liangmoduoge	两万多个	4422	万:wan->mo del-wrong
liangmosanqian	两万三千	4422	万:wan->mo del-wrong
linghuchongdai	令狐冲大	4422	大:da->dai del-wrong
liumoge	六万个	4422	万:wan->mo del-wrong
louxian	陋见	4422	见:jian->xian del-wrong
madao	抹刀	4422	抹:mo->ma del-wrong
malaimaqu	抹来抹去	4422	抹:mo->ma del-wrong
malaimoqu	抹来抹去	4422	抹:mo->ma del-wrong
molaimaqu	抹来抹去	4422	抹:mo->ma del-wrong
mobolinqu	万柏林区	4422	万:wan->mo del-wrong
mofu	万副	4422	万:wan->mo del-wrong
moyang	万样	4422	万:wan->mo del-wrong
nuohuonuode	诺和诺德	4422	和:he->huo del-wrong
piaoxian	瞟见	4422	见:jian->xian del-wrong
sanmoliangmo	三万两万	4422	万:wan->mo del-wrong
sanmoliangwan	三万两万	4422	万:wan->mo del-wrong
sanwanliangmo	三万两万	4422	万:wan->mo del-wrong
shangzhuanwanbi	上传完毕	4422	传:chuan->zhuan del-wrong
shanxinlong	山寻龙	4422	寻:xun->xin del-wrong
shaoman	烧埋	4422	埋:mai->man del-wrong
shijimoge	十几万个	4422	万:wan->mo del-wrong
shuochangyue	说唱乐	4422	乐:le->yue del-wrong
tangse	塘塞	4422	塞:sai->se del-wrong
taxin	踏寻	4422	寻:xun->xin del-wrong
tuolasuan	脱落酸	4422	落:luo->la del-wrong
wujuefeng	五角枫	4422	角:jiao->jue del-wrong
wuyanxianren	无颜见人	4422	见:jian->xian del-wrong
xiadizhuanzhong	下底传中	4422	传:chuan->zhuan del-wrong
xinshenlingkuai	心神领会	4422	会:hui->kuai del-wrong
xiubokuai	休博会	4422	会:hui->kuai del-wrong
xuhuo	煦和	4422	和:he->huo del-wrong
yanhuowankuai	焰火晚会	4422	会:hui->kuai del-wrong
yibaimoliang	一百万两	4422	万:wan->mo del-wrong
yimaikuai	义卖会	4422	会:hui->kuai del-wrong
yimodao	一万刀	4422	万:wan->mo del-wrong
yimoduoliang	一万多两	4422	万:wan->mo del-wrong
yimoduozhi	一万多只	4422	万:wan->mo del-wrong
youxiushuai	优秀率	4422	率:lv->shuai del-wrong
yunla	殒落	4422	落:luo->la del-wrong
zhaoxinchu	找寻出	4422	寻:xun->xin del-wrong
zhenkuaishi	真会是	4422	会:hui->kuai del-wrong
zhuguangwankuai	烛光晚会	4422	会:hui->kuai del-wrong
zikuaizai	自会在	4422	会:hui->kuai del-wrong
ziyoushuai	自有率	4422	率:lv->shuai del-wrong
beidaiyiyuan	北大医院	4277	大:da->dai del-wrong
bijiangkuai	必将会	4277	会:hui->kuai del-wrong
changxianjibing	常见疾病	4277	见:jian->xian del-wrong
duomozhu	多万株	4277	万:wan->mo del-wrong
xingmolilu	行万里路	4277	万:wan->mo del-wrong
huonuer	和努尔	4277	和:he->huo del-wrong
jinmoming	近万名	4277	万:wan->mo del-wrong
moduorenci	万多人次	4277	万:wan->mo del-wrong
moyutiao	万余条	4277	万:wan->mo del-wrong
xingqingdaibian	性情大变	4277	大:da->dai del-wrong
yumorenci	余万人次	4277	万:wan->mo del-wrong
bamosanqian	八万三千	4193	万:wan->mo del-wrong
bamoyu	八万余	4193	万:wan->mo del-wrong
bashibamo	八十八万	4193	万:wan->mo del-wrong
bashisanmo	八十三万	4193	万:wan->mo del-wrong
beibu	臂部	4193	臂:bi->bei del-wrong
bianshuai	扁率	4193	率:lv->shuai del-wrong
chashuai	差率	4193	率:lv->shuai del-wrong
zhuanzan	传赞	4193	传:chuan->zhuan del-wrong
cihuashuai	磁化率	4193	率:lv->shuai del-wrong
daifantian	大梵天	4193	大:da->dai del-wrong
daiyanhe	大堰河	4193	大:da->dai del-wrong
daiyawanhedianzhan	大亚湾核电站	4193	大:da->dai del-wrong
duosetejun	多塞特郡	4193	塞:sai->se del-wrong
ermoyu	二万余	4193	万:wan->mo del-wrong
gonggushuai	巩固率	4193	率:lv->shuai del-wrong
haisheng	咳声	4193	咳:ke->hai del-wrong
huanshoushuai	换手率	4193	率:lv->shuai del-wrong
juejiasudu	角加速度	4193	角:jiao->jue del-wrong
lianhekuaibei	联合会杯	4193	会:hui->kuai del-wrong
luosesi	罗塞斯	4193	塞:sai->se del-wrong
mofuge	万佛阁	4193	万:wan->mo del-wrong
moyuzhu	万余株	4193	万:wan->mo del-wrong
mozhouqu	万州区	4193	万:wan->mo del-wrong
naxiqiemo	纳希切万	4193	万:wan->mo del-wrong
nianzengshuai	年增率	4193	率:lv->shuai del-wrong
pingjunmashuai	平均码率	4193	率:lv->shuai del-wrong
pinkunshuai	贫困率	4193	率:lv->shuai del-wrong
ruyuanshuai	入园率	4193	率:lv->shuai del-wrong
segelei	塞格雷	4193	塞:sai->se del-wrong
seweisi	塞维斯	4193	塞:sai->se del-wrong
tuiweikuai	推委会	4193	会:hui->kuai del-wrong
yesete	耶塞特	4193	塞:sai->se del-wrong
zangman	葬埋	4193	埋:mai->man del-wrong
zhuanzhongqiu	传中球	4172	传:chuan->zhuan del-wrong
daijingmai	大静脉	4172	大:da->dai del-wrong
kangsepuxiweng	康塞普西翁	4172	塞:sai->se del-wrong
lianweikuai	联委会	4172	会:hui->kuai del-wrong
seerweiyagongheguo	塞尔维亚共和国	4172	塞:sai->se del-wrong
tiexianshuai	贴现率	4172	率:lv->shuai del-wrong
bamoyuan	八万元	4131	万:wan->mo del-wrong
baohuangkuai	保皇会	4131	会:hui->kuai del-wrong
pianyao	便药	4131	便:bian->pian del-wrong
dairang	大嚷	4131	大:da->dai del-wrong
daishizhen	大石镇	4131	大:da->dai del-wrong
daiyu	大峪	4131	大:da->dai del-wrong
daiyuhao	大于号	4131	大:da->dai del-wrong
duomoliang	多万两	4131	万:wan->mo del-wrong
gaoerfuqiukuai	高尔夫球会	4131	会:hui->kuai del-wrong
hexian	鹤见	4131	见:jian->xian del-wrong
jiela	解落	4131	落:luo->la del-wrong
laguo	落果	4131	落:luo->la del-wrong
shuaituzhibin	率土之滨	4131	率:lv->shuai del-wrong
maocukuai	贸促会	4131	会:hui->kuai del-wrong
minhuoxian	民和县	4131	和:he->huo del-wrong
mobi	万笔	4131	万:wan->mo del-wrong
rengjiukuai	仍旧会	4131	会:hui->kuai del-wrong
sepulusiren	塞浦路斯人	4131	塞:sai->se del-wrong
yingxin	英寻	4131	寻:xun->xin del-wrong
yuyue	育乐	4131	乐:le->yue del-wrong
zhouzhuanshuai	周转率	4131	率:lv->shuai del-wrong
zuoshangbei	左上臂	4131	臂:bi->bei del-wrong
boteshuai	波特率	3861	率:lv->shuai del-wrong
shengdaiwangluo	盛大网络	3861	大:da->dai del-wrong
chuidayue	吹打乐	3861	乐:le->yue del-wrong
xurou	畜肉	3861	畜:chu->xu del-wrong
daicifawang	大慈法王	3861	大:da->dai del-wrong
daidukouqu	大渡口区	3861	大:da->dai del-wrong
daifudujiangdi	大幅度降低	3861	大:da->dai del-wrong
daimeinv	大美女	3861	大:da->dai del-wrong
daipengjin	大鹏金	3861	大:da->dai del-wrong
daipingzhengfang	大平正芳	3861	大:da->dai del-wrong
daishibei	大石碑	3861	大:da->dai del-wrong
daiyuling	大庾岭	3861	大:da->dai del-wrong
futejijinkuai	福特基金会	3861	会:hui->kuai del-wrong
ganling	乾陵	3861	乾:qian->gan del-wrong
hanshuishuai	含水率	3861	率:lv->shuai del-wrong
huobogen	和勃艮	3861	和:he->huo del-wrong
juezhuiti	角锥体	3861	角:jiao->jue del-wrong
meiguohuaxuekuai	美国化学会	3861	会:hui->kuai del-wrong
moxiuqu	万秀区	3861	万:wan->mo del-wrong
qiaojue	翘角	3861	角:jiao->jue del-wrong
qixian	歧见	3861	见:jian->xian del-wrong
qingshangyue	清商乐	3861	乐:le->yue del-wrong
renhuoqu	仁和区	3861	和:he->huo del-wrong
sepulusigongheguo	塞浦路斯共和国	3861	塞:sai->se del-wrong
sesihei	塞思黑	3861	塞:sai->se del-wrong
sewasituoboer	塞瓦斯托波尔	3861	塞:sai->se del-wrong
sanshejue	散射角	3861	角:jiao->jue del-wrong
sasekesi	萨塞克斯	3861	塞:sai->se del-wrong
shouroushuai	瘦肉率	3861	率:lv->shuai del-wrong
shouyunshuai	受孕率	3861	率:lv->shuai del-wrong
sishiyumo	四十余万	3861	万:wan->mo del-wrong
sunshishuai	损失率	3861	率:lv->shuai del-wrong
wangdainu	王大怒	3861	大:da->dai del-wrong
wangluokuopeiqi	网络适配器	3861	适:shi->kuo del-wrong
yibaimomeiyuan	一百万美元	3861	万:wan->mo del-wrong
yimohu	一万户	3861	万:wan->mo del-wrong
yumoliang	余万两	3861	万:wan->mo del-wrong
yumomu	余万亩	3861	万:wan->mo del-wrong
zhengweikuai	政委会	3861	会:hui->kuai del-wrong
zhengwukuai	政务会	3861	会:hui->kuai del-wrong
zhongguoshuxuekuai	中国数学会	3861	会:hui->kuai del-wrong
daikuanshuai	贷款率	3831	率:lv->shuai del-wrong
daiwukouqu	大武口区	3831	大:da->dai del-wrong
duomofen	多万份	3831	万:wan->mo del-wrong
mohesong	万壑松	3831	万:wan->mo del-wrong
moyidun	万亿吨	3831	万:wan->mo del-wrong
wumopi	五万匹	3831	万:wan->mo del-wrong
nianmo	廿万	3727	万:wan->mo del-wrong
selinge	塞林格	3727	塞:sai->se del-wrong
baoyouchengxian	抱有成见	3686	见:jian->xian del-wrong
pianxiebao	便携包	3686	便:bian->pian del-wrong
pianyi	便益	3686	便:bian->pian del-wrong
caiweikuai	裁委会	3686	会:hui->kuai del-wrong
daiduixia	大对虾	3686	大:da->dai del-wrong
daifencun	大芬村	3686	大:da->dai del-wrong
daijingjiu	大京九	3686	大:da->dai del-wrong
daijingtang	大经堂	3686	大:da->dai del-wrong
daipu	大谱	3686	大:da->dai del-wrong
daiqiaobugong	大巧不工	3686	大:da->dai del-wrong
daiwenhe	大汶河	3686	大:da->dai del-wrong
daizuiniao	大嘴鸟	3686	大:da->dai del-wrong
dizhuan	递传	3686	传:chuan->zhuan del-wrong
fengrenpianjiang	逢人便讲	3686	便:bian->pian del-wrong
gongzhankuai	工展会	3686	会:hui->kuai del-wrong
guajue	挂角	3686	角:jiao->jue del-wrong
kenkuai	肯会	3686	会:hui->kuai del-wrong
laxiang	落乡	3686	落:luo->la del-wrong
yuechangshi	乐昌市	3686	乐:le->yue del-wrong
yuejing	乐境	3686	乐:le->yue del-wrong
yuezhixian	乐至县	3686	乐:le->yue del-wrong
liangmojin	两万斤	3686	万:wan->mo del-wrong
maca	抹擦	3686	抹:mo->ma del-wrong
mahuogou	马和狗	3686	和:he->huo del-wrong
mochu	万处	3686	万:wan->mo del-wrong
moduoce	万多册	3686	万:wan->mo del-wrong
moduoliang	万多辆	3686	万:wan->mo del-wrong
mozhan	万盏	3686	万:wan->mo del-wrong
pocheng	剖成	3686	剖:pou->po del-wrong
qianduomodun	千多万吨	3686	万:wan->mo del-wrong
sanmoli	三万里	3686	万:wan->mo del-wrong
shangmojian	上万件	3686	万:wan->mo del-wrong
shaodaizhen	邵大箴	3686	大:da->dai del-wrong
zheguangshuai	折光率	3686	率:lv->shuai del-wrong
shidailei	十大类	3686	大:da->dai del-wrong
simobaqiansui	四万八千岁	3686	万:wan->mo del-wrong
suone	锁呐	3686	呐:na->ne del-wrong
xingui	寻轨	3686	寻:xun->xin del-wrong
xinqiuzhishi	寻求知识	3686	寻:xun->xin del-wrong
yizhuan	译传	3686	传:chuan->zhuan del-wrong
yijue	壹角	3686	角:jiao->jue del-wrong
yimofa	一万发	3686	万:wan->mo del-wrong
beiban	臂板	3468	臂:bi->bei del-wrong
buerseweike	布尔塞维克	3468	塞:sai->se del-wrong
canyushuai	参与率	3468	率:lv->shuai del-wrong
cejueyi	测角仪	3468	角:jiao->jue del-wrong
chuoxueshuai	辍学率	3468	率:lv->shuai del-wrong
xuqun	畜群	3468	畜:chu->xu del-wrong
daibao	大鸨	3468	大:da->dai del-wrong
daigao	大诰	3468	大:da->dai del-wrong
daijinguo	大金国	3468	大:da->dai del-wrong
daikailvdeng	大开绿灯	3468	大:da->dai del-wrong
daileng	大冷	3468	大:da->dai del-wrong
daisinong	大司农	3468	大:da->dai del-wrong
daiyongshi	大庸市	3468	大:da->dai del-wrong
daizeshan	大泽山	3468	大:da->dai del-wrong
daizhuangyuan	大庄园	3468	大:da->dai del-wrong
dizengshuai	递增率	3468	率:lv->shuai del-wrong
duomojian	多万件	3468	万:wan->mo del-wrong
ershiyimo	二十一万	3468	万:wan->mo del-wrong
feiyongshuai	费用率	3468	率:lv->shuai del-wrong
gudingmashuai	固定码率	3468	率:lv->shuai del-wrong
heenjue	合恩角	3468	角:jiao->jue del-wrong
huojijufang	和剂局方	3468	和:he->huo del-wrong
huseer	胡塞尔	3468	塞:sai->se del-wrong
jiangxikuai	讲习会	3468	会:hui->kuai del-wrong
juedanbai	角蛋白	3468	角:jiao->jue del-wrong
jiushiwumo	九十五万	3468	万:wan->mo del-wrong
kangyuexian	康乐县	3468	乐:le->yue del-wrong
lazang	落葬	3468	落:luo->la del-wrong
leruangu	肋软骨	3468	肋:le->lei REVERSED del-prim
yuepingshi	乐平市	3468	乐:le->yue del-wrong
linguankuai	临管会	3468	会:hui->kuai del-wrong
liumoliang	六万两	3468	万:wan->mo del-wrong
liumoyu	六万余	3468	万:wan->mo del-wrong
moningxian	万宁县	3468	万:wan->mo del-wrong
moyupingfanggongli	万余平方公里	3468	万:wan->mo del-wrong
puyuesi	普乐寺	3468	乐:le->yue del-wrong
qianyishuai	迁移率	3468	率:lv->shuai del-wrong
qimoyu	七万余	3468	万:wan->mo del-wrong
qingchushuai	清除率	3468	率:lv->shuai del-wrong
semeier	塞梅尔	3468	塞:sai->se del-wrong
senasheng	塞纳省	3468	塞:sai->se del-wrong
sanmoming	三万名	3468	万:wan->mo del-wrong
shangwangshuai	伤亡率	3468	率:lv->shuai del-wrong
shengmingdaizhen	声名大振	3468	大:da->dai del-wrong
shierjue	十二角	3468	角:jiao->jue del-wrong
shimochen	石万嗔	3468	万:wan->mo del-wrong
suoxianzhe	所见者	3468	见:jian->xian del-wrong
weiseer	维塞尔	3468	塞:sai->se del-wrong
wumoerqian	五万二千	3468	万:wan->mo del-wrong
wumoming	五万名	3468	万:wan->mo del-wrong
xiexian	邪见	3468	见:jian->xian del-wrong
xinanjunzhengweiyuankuai	西南军政委员会	3468	会:hui->kuai del-wrong
xuanbeiliang	悬臂梁	3468	臂:bi->bei del-wrong
yatelandaiaoyunhui	亚特兰大奥运会	3468	大:da->dai del-wrong
yimoduonian	一万多年	3468	万:wan->mo del-wrong
yinjiankuai	银监会	3468	会:hui->kuai del-wrong
yishisanmo	一十三万	3468	万:wan->mo del-wrong
yiweikuai	艺委会	3468	会:hui->kuai del-wrong
yuanxinjue	圆心角	3468	角:jiao->jue del-wrong
zhanbase	占巴塞	3468	塞:sai->se del-wrong
zhongchangkuai	中常会	3468	会:hui->kuai del-wrong
zhonggongerdai	中共二大	3468	大:da->dai del-wrong
zhonggongshiwudai	中共十五大	3468	大:da->dai del-wrong
zhonggongyidai	中共一大	3468	大:da->dai del-wrong
zhongguojianzhuxuekuai	中国建筑学会	3468	会:hui->kuai del-wrong
zhuanhua	传化	3239	传:chuan->zhuan del-wrong
zhuanshen	传审	3239	传:chuan->zhuan del-wrong
cidaoxianhong	刺刀见红	3239	见:jian->xian del-wrong
daihanhangkonggongsi	大韩航空公司	3239	大:da->dai del-wrong
daijianshan	大剑山	3239	大:da->dai del-wrong
dubeidao	独臂刀	3239	臂:bi->bei del-wrong
duomomeiyuan	多万美元	3239	万:wan->mo del-wrong
fengchuicaodixianniuyang	风吹草低见牛羊	3239	见:jian->xian del-wrong
fujiukuai	妇救会	3239	会:hui->kuai del-wrong
hejiahuanyue	合家欢乐	3239	乐:le->yue del-wrong
huoweijianpi	和胃健脾	3239	和:he->huo del-wrong
huabeidaipingyuan	华北大平原	3239	大:da->dai del-wrong
kuaiyang	会阳	3239	会:hui->kuai del-wrong
huqihula	忽起忽落	3239	落:luo->la del-wrong
jizhankuai	技展会	3239	会:hui->kuai del-wrong
kaima	揩抹	3239	抹:mo->ma del-wrong
kuoshengqu	适生区	3239	适:shi->kuo del-wrong
yuelingxian	乐陵县	3239	乐:le->yue del-wrong
liangmoduokuai	两万多块	3239	万:wan->mo del-wrong
liumoyuan	六万元	3239	万:wan->mo del-wrong
moyuli	万余例	3239	万:wan->mo del-wrong
moyupi	万余匹	3239	万:wan->mo del-wrong
nujiangdaixiagu	怒江大峡谷	3239	大:da->dai del-wrong
seerni	塞尔尼	3239	塞:sai->se del-wrong
sanmoduoyuan	三万多元	3239	万:wan->mo del-wrong
tanxinchu	探寻出	3239	寻:xun->xin del-wrong
xingou	寻购	3239	寻:xun->xin del-wrong
xinyoutan	寻幽探	3239	寻:xun->xin del-wrong
xuhuorong	须和戎	3239	和:he->huo del-wrong
yiliangmoyuan	一两万元	3239	万:wan->mo del-wrong
yimoduoyuan	一万多元	3239	万:wan->mo del-wrong
zhixiaoshuai	知晓率	3239	率:lv->shuai del-wrong
zhongguofupinjijinkuai	中国扶贫基金会	3239	会:hui->kuai del-wrong
baiseshi	白塞氏	3135	塞:sai->se del-wrong
daocishuai	导磁率	3135	率:lv->shuai del-wrong
delaise	德莱塞	3135	塞:sai->se del-wrong
kuoxiao	适销	3135	适:shi->kuo del-wrong
liushiermo	六十二万	3135	万:wan->mo del-wrong
liushijiumo	六十九万	3135	万:wan->mo del-wrong
luoseer	罗塞尔	3135	塞:sai->se del-wrong
mohuqianjia	万户千家	3135	万:wan->mo del-wrong
seerta	塞尔塔	3135	塞:sai->se del-wrong
shengsebasidian	圣塞巴斯蒂安	3135	塞:sai->se del-wrong
wubenmoli	无本万利	3135	万:wan->mo del-wrong
zhenhaiji	镇咳剂	3135	咳:ke->hai del-wrong
amakuai	阿玛会	3094	会:hui->kuai del-wrong
ansexian	安塞县	3094	塞:sai->se del-wrong
bamokuai	八万块	3094	万:wan->mo del-wrong
banwukuai	班务会	3094	会:hui->kuai del-wrong
beidaigang	北大港	3094	大:da->dai del-wrong
pianbi	便辟	3094	便:bian->pian del-wrong
pianpi	便辟	3094	便:bian->pian del-wrong
bosedong	波塞东	3094	塞:sai->se del-wrong
bujigeshuai	不及格率	3094	率:lv->shuai del-wrong
bularenhou	不落人后	3094	落:luo->la del-wrong
busejin	布塞进	3094	塞:sai->se del-wrong
zhuanyibo	传衣钵	3094	传:chuan->zhuan del-wrong
chujingshuai	出警率	3094	率:lv->shuai del-wrong
daiboer	大博尔	3094	大:da->dai del-wrong
daichangxian	大厂县	3094	大:da->dai del-wrong
daichi	大齿	3094	大:da->dai del-wrong
daidianzi	大甸子	3094	大:da->dai del-wrong
daiheyikou	大喝一口	3094	大:da->dai del-wrong
daijianshi	大剑师	3094	大:da->dai del-wrong
daijinxin	大锦心	3094	大:da->dai del-wrong
daijuyi	大聚义	3094	大:da->dai del-wrong
dailiangzhen	大良镇	3094	大:da->dai del-wrong
dailianqin	大联勤	3094	大:da->dai del-wrong
daimeifu	大妹夫	3094	大:da->dai del-wrong
dainangou	大南沟	3094	大:da->dai del-wrong
daipingli	大坪里	3094	大:da->dai del-wrong
dairuan	大阮	3094	大:da->dai del-wrong
daishangnaojin	大伤脑筋	3094	大:da->dai del-wrong
daishangsuo	大商所	3094	大:da->dai del-wrong
daishanmao	大山猫	3094	大:da->dai del-wrong
daisonglin	大松林	3094	大:da->dai del-wrong
daiwuli	大屋里	3094	大:da->dai del-wrong
daiyanguo	大燕国	3094	大:da->dai del-wrong
daiyanmao	大沿帽	3094	大:da->dai del-wrong
daiyanzei	大眼贼	3094	大:da->dai del-wrong
daiyanzhen	大研镇	3094	大:da->dai del-wrong
daiyecha	大叶茶	3094	大:da->dai del-wrong
daizhuang	大桩	3094	大:da->dai del-wrong
dajishuai	打击率	3094	率:lv->shuai del-wrong
daoweishuai	到位率	3094	率:lv->shuai del-wrong
dimandeng	地埋灯	3094	埋:mai->man del-wrong
diyima	第一抹	3094	抹:mo->ma del-wrong
duomoshou	多万首	3094	万:wan->mo del-wrong
duomotiao	多万条	3094	万:wan->mo del-wrong
ermoge	二万个	3094	万:wan->mo del-wrong
ermokuai	二万块	3094	万:wan->mo del-wrong
fenbianshuai	分辩率	3094	率:lv->shuai del-wrong
fuhuashuai	孵化率	3094	率:lv->shuai del-wrong
gankundai	乾坤袋	3094	乾:qian->gan del-wrong
geyongkuai	歌咏会	3094	会:hui->kuai del-wrong
guaer	聒耳	3094	聒:gua->guo REVERSED del-prim
guzhiyixian	固执已见	3094	见:jian->xian del-wrong
haosunshuai	耗损率	3094	率:lv->shuai del-wrong
haqiakuai	哈洽会	3094	会:hui->kuai del-wrong
hayidai	哈医大	3094	大:da->dai del-wrong
huohaojun	和蒿俊	3094	和:he->huo del-wrong
huotana	和塔娜	3094	和:he->huo del-wrong
huotuer	和徒儿	3094	和:he->huo del-wrong
huoxiaojian	和小建	3094	和:he->huo del-wrong
huoyutan	和玉檀	3094	和:he->huo del-wrong
kuaigao	会稿	3094	会:hui->kuai del-wrong
huishuokuaixie	会说会写	3094	会:hui->kuai del-wrong
kuaishuohuixie	会说会写	3094	会:hui->kuai del-wrong
kuaishuokuaixie	会说会写	3094	会:hui->kuai del-wrong
huojiangshuai	获奖率	3094	率:lv->shuai del-wrong
huoxingse	火星塞	3094	塞:sai->se del-wrong
jiayueshui	佳乐水	3094	乐:le->yue del-wrong
jianfeiyue	减肥乐	3094	乐:le->yue del-wrong
xianfengshiduo	见风驶舵	3094	见:jian->xian del-wrong
jiangxianghuo	将相和	3094	和:he->huo del-wrong
xianzhibuqu	见之不取	3094	见:jian->xian del-wrong
jiaoliutikuai	交流体会	3094	会:hui->kuai del-wrong
juemeizhen	角美镇	3094	角:jiao->jue del-wrong
juetao	角套	3094	角:jiao->jue del-wrong
jiaoweikuai	教委会	3094	会:hui->kuai del-wrong
jiarukuai	假如会	3094	会:hui->kuai del-wrong
jiaseer	夹塞儿	3094	塞:sai->se del-wrong
jiashekuai	假设会	3094	会:hui->kuai del-wrong
jiegan	桔柑	3094	桔:ju->jie del-wrong
jiewei	桔味	3094	桔:ju->jie del-wrong
jiezijiang	桔子酱	3094	桔:ju->jie del-wrong
jima	几抹	3094	抹:mo->ma del-wrong
jimozhong	几万种	3094	万:wan->mo del-wrong
jiqianjimotiao	几千几万条	3094	万:wan->mo del-wrong
kaipo	开剖	3094	剖:pou->po del-wrong
lafawang	落法网	3094	落:luo->la del-wrong
lahua	落话	3094	落:luo->la del-wrong
lashuang	落霜	3094	落:luo->la del-wrong
latao	落桃	3094	落:luo->la del-wrong
yueerwangxing	乐而忘形	3094	乐:le->yue del-wrong
yuejuanxiang	乐捐箱	3094	乐:le->yue del-wrong
yuetoucai	乐透彩	3094	乐:le->yue del-wrong
yuezhijing	乐之境	3094	乐:le->yue del-wrong
liangmoduoming	两万多名	3094	万:wan->mo del-wrong
liuhuocai	六和彩	3094	和:he->huo del-wrong
maodaigou	毛大狗	3094	大:da->dai del-wrong
maseke	马塞克	3094	塞:sai->se del-wrong
maxiaqu	抹下去	3094	抹:mo->ma del-wrong
meichimochuan	没吃没穿	3094	没:mei->mo del-wrong
mochimeichuan	没吃没穿	3094	没:mei->mo del-wrong
mochimochuan	没吃没穿	3094	没:mei->mo del-wrong
monongzang	没弄脏	3094	没:mei->mo del-wrong
moqiao	没跷	3094	没:mei->mo del-wrong
meiqinmogu	没亲没故	3094	没:mei->mo del-wrong
moqinmeigu	没亲没故	3094	没:mei->mo del-wrong
moqinmogu	没亲没故	3094	没:mei->mo del-wrong
morimoyue	没日没月	3094	没:mei->mo del-wrong
moshoujiaoyu	没受教育	3094	没:mei->mo del-wrong
meixinmogan	没心没肝	3094	没:mei->mo del-wrong
moxinmeigan	没心没肝	3094	没:mei->mo del-wrong
moxinmogan	没心没肝	3094	没:mei->mo del-wrong
mojiegu	万劫谷	3094	万:wan->mo del-wrong
moluan	万峦	3094	万:wan->mo del-wrong
momu	万目	3094	万:wan->mo del-wrong
mosikedaijuyuan	莫斯科大剧院	3094	大:da->dai del-wrong
mosunshuai	磨损率	3094	率:lv->shuai del-wrong
mowei	万尾	3094	万:wan->mo del-wrong
moye	万页	3094	万:wan->mo del-wrong
moyige	万亿个	3094	万:wan->mo del-wrong
mozhan	万站	3094	万:wan->mo del-wrong
mozhang	万帐	3094	万:wan->mo del-wrong
piaola	漂落	3094	落:luo->la del-wrong
pingbikuai	评比会	3094	会:hui->kuai del-wrong
poshi	剖视	3094	剖:pou->po del-wrong
poshitu	剖视图	3094	剖:pou->po del-wrong
qianeryixian	浅而易见	3094	见:jian->xian del-wrong
qianghai	呛咳	3094	咳:ke->hai del-wrong
qianzhenmozhen	千真万真	3094	万:wan->mo del-wrong
qibokuai	汽博会	3094	会:hui->kuai del-wrong
qunyingzhuan	群英传	3094	传:chuan->zhuan del-wrong
rensuogongxian	人所共见	3094	见:jian->xian del-wrong
rujiaoshixi	如胶似膝	3094	似:shi->si REVERSED del-prim
sebi	塞闭	3094	塞:sai->se del-wrong
seencheng	塞恩城	3094	塞:sai->se del-wrong
sanmowumo	三万五万	3094	万:wan->mo del-wrong
sanmowuwan	三万五万	3094	万:wan->mo del-wrong
sanwanwumo	三万五万	3094	万:wan->mo del-wrong
shangzhuanzhe	上传者	3094	传:chuan->zhuan del-wrong
shangmojin	上万斤	3094	万:wan->mo del-wrong
shangmoliang	上万两	3094	万:wan->mo del-wrong
shangmotou	上万头	3094	万:wan->mo del-wrong
shaoxinmofei	少心没肺	3094	没:mei->mo del-wrong
shejiaowankuai	社交晚会	3094	会:hui->kuai del-wrong
shiduomoyuan	十多万元	3094	万:wan->mo del-wrong
shiersanmo	十二三万	3094	万:wan->mo del-wrong
shizhenshijia	似真似假	3094	似:shi->si REVERSED del-prim
shoubuyue	受不乐	3094	乐:le->yue del-wrong
shumofen	数万份	3094	万:wan->mo del-wrong
simoduoge	四万多个	3094	万:wan->mo del-wrong
sixiangduola	思想堕落	3094	落:luo->la del-wrong
suone	琐呐	3094	呐:na->ne del-wrong
suowensuoxian	所闻所见	3094	见:jian->xian del-wrong
teaokuai	特奥会	3094	会:hui->kuai del-wrong
touqiakuai	投洽会	3094	会:hui->kuai del-wrong
weixianhang	未见行	3094	见:jian->xian del-wrong
weixianxing	未见行	3094	见:jian->xian del-wrong
weimiantaimo	未免太没	3094	没:mei->mo del-wrong
xiaodie	笑嗲	3094	嗲:die->dia REVERSED del-prim
xiedimayou	鞋底抹油	3094	抹:mo->ma del-wrong
xindaichang	新大长	3094	大:da->dai del-wrong
xindaizhang	新大长	3094	大:da->dai del-wrong
xingla	兴落	3094	落:luo->la del-wrong
xinhuamiliu	寻花觅柳	3094	寻:xun->xin del-wrong
xishuishuai	吸水率	3094	率:lv->shuai del-wrong
xuanweikuai	选委会	3094	会:hui->kuai del-wrong
yuqi	吁气	3094	吁:xu->yu del-wrong
yenisehe	叶尼塞河	3094	塞:sai->se del-wrong
yibaisanshiduomo	一百三十多万	3094	万:wan->mo del-wrong
yiermo	一二万	3094	万:wan->mo del-wrong
yigejimo	一个几万	3094	万:wan->mo del-wrong
yiliangmokuai	一两万块	3094	万:wan->mo del-wrong
yimo	壹万	3094	万:wan->mo del-wrong
yimoduojin	一万多斤	3094	万:wan->mo del-wrong
yipaijihuo	一拍即和	3094	和:he->huo del-wrong
yuerushumo	月入数万	3094	万:wan->mo del-wrong
zheguangjue	遮光角	3094	角:jiao->jue del-wrong
zhugeliangkuai	诸葛亮会	3094	会:hui->kuai del-wrong
zongrankuai	纵然会	3094	会:hui->kuai del-wrong
