aba	阿坝
abacangzuqiangzuzizhizhou	阿坝藏族羌族自治州
abalaqiya	阿巴拉契亚
abazhou	阿坝州
abirang	阿比让
abixiniya	阿比西尼亚
abo	阿伯
abujia	阿布贾
achangzu	阿昌族
adou	阿斗
aerbeisishan	阿尔卑斯山
aerbeisishanmai	阿尔卑斯山脉
aercihaimo	阿尔茨海默
aerjiliya	阿尔及利亚
aertai	阿尔泰
aertaishanmai	阿尔泰山脉
afanti	阿凡提
agentinggongheguo	阿根廷共和国
aiaowa	艾奥瓦
aibota	艾伯塔
aiche	爱车
aidingbao	爱丁堡
aidong	挨冻
aierlangongheguo	爱尔兰共和国
aierlangonghejun	爱尔兰共和军
aifeier	埃菲尔
aifeiertieta	埃菲尔铁塔
aifudun	埃弗顿
aifusen	艾弗森
aigeer	矮个儿
aigezi	矮个子
aiguotongyizhanxian	爱国统一战线
aiguoxin	爱国心
aiguozhuyizhe	爱国主义者
aihen	爱恨
aijigongheguo	埃及共和国
aijiyin	癌基因
aikesen	埃克森
aimeijiang	艾美奖
aimili	艾米丽
aimuzhe	爱慕者
aipusheng	爱普生
aiqi	爱妻
aiqing	爱卿
aiqing	艾青
aiqingguan	爱情观
aisaiebiyaren	埃塞俄比亚人
aisenhaoweier	艾森豪威尔
aishaniyagongheguo	爱沙尼亚共和国
aixun	挨训
aizhuang	矮壮
ajiao	阿胶
ajiasha	阿加莎
akela	阿克拉
akense	阿肯色
akesu	阿克苏
akuina	阿奎那
alabamazhou	阿拉巴马州
alabobandao	阿拉伯半岛
alaboguojialianmeng	阿拉伯国家联盟
alabolianmeng	阿拉伯联盟
alaboshuzi	阿拉伯数字
alading	阿拉丁
alasijiazhou	阿拉斯加州
aleipo	阿勒颇
aleitai	阿勒泰
alianqiu	阿联酋
alilang	阿里郎
alongsuo	阿隆索
amani	阿玛尼
amansudanguo	阿曼苏丹国
amengsen	阿蒙森
amusitelang	阿姆斯特朗
anbei	安倍
anchen	暗沉
anchenchen	暗沉沉
anchundan	鹌鹑蛋
andailve	安大略
andaluxiya	安达卢西亚
andan	黯淡
andi	安迪
andingmen	安定门
andisi	安第斯
andisishanmai	安第斯山脉
andong	按动
anfan	案犯
anfang	安防
anfang	岸防
anfanying	暗反应
anfeng	暗讽
angang	鞍钢
ange	暗格
anguila	安圭拉
anhong	暗红
anhui	安徽
anhuishifandaxue	安徽师范大学
anhuiyikedaxue	安徽医科大学
anhunqu	安魂曲
anjiafei	安家费
anjianju	安监局
anjianmen	安检门
anjianzhan	安检站
anjielun	安捷伦
anjufang	安居房
anla	安拉
anli	按例
anlushan	安禄山
anman	安曼
anmen	俺们
anmoqi	按摩器
anmoyi	按摩椅
anmoyuan	按摩院
anna	安娜
anni	安妮
anpeili	安培力
anqing	安庆
anqingshi	安庆市
anquanxian	安全线
anquanxie	安全鞋
anquanyuan	安全员
anruo	暗弱
anshui	安睡
anta	安踏
antai	安胎
antigua	安提瓜
antiguahebabuda	安提瓜和巴布达
antuo	安妥
anxian	暗线
anxiang	安享
anyan	铵盐
anyang	安阳
anyong	暗涌
anzhuanggong	安装工
aoao	嗷嗷
aoaojiao	嗷嗷叫
aobai	鳌拜
aobuzhu	熬不住
aodaliyalianbang	澳大利亚联邦
aodaliyaren	澳大利亚人
aodesa	敖德萨
aodi	凹地
aodi	奥迪
aoding	奥丁
aoguolai	熬过来
aohe	螯合
aoheji	螯合剂
aohewu	螯合物
aokema	澳柯玛
aokesi	奥克斯
aolanduo	奥兰多
aolian	熬炼
aolinpikecun	奥林匹克村
aolinpikegongyuan	奥林匹克公园
aolinpikeyundonghui	奥林匹克运动会
aolinuokehe	奥里诺科河
aomenbi	澳门币
aomenjibenfa	澳门基本法
aomentebiexingzhengqu	澳门特别行政区
aomenyuan	澳门元
aomian	凹面
aopula	奥普拉
aosailuo	奥赛罗
aosikajinxiangjiang	奥斯卡金像奖
aosimandiguo	奥斯曼帝国
aositeluofusiji	奥斯特洛夫斯基
aosiweixinjizhongying	奥斯威辛集中营
aoteman	奥特曼
aoweide	奥维德
aoweier	奥威尔
aozhi	熬制
aozhou	澳洲
aozhu	熬煮
aozuwei	奥组委
asaibaijiangren	阿塞拜疆人
asamu	阿萨姆
ashima	阿诗玛
asituliyasi	阿斯图里亚斯
asiwang	阿斯旺
atangge	阿汤哥
atatuerke	阿塔图尔克
atongmu	阿童木
axiuluo	阿修罗
ayuwang	阿育王
babaoshan	八宝山
babaoshangeminggongmu	八宝山革命公墓
babi	芭比
babiao	靶标
babilun	巴比伦
bacao	拔草
bachu	拔出
bachulai	拔出来
badachu	八大处
badaling	八达岭
badanjilinshamo	巴丹吉林沙漠
badian	靶点
baerganbandao	巴尔干半岛
bafeite	巴菲特
baguatu	八卦图
bahe	巴赫
baiaiai	白皑皑
baiban	白斑
baicaoji	佰草集
baichengshi	白城市
baichigantougengjinyibu	百尺竿头更进一步
baichongxi	白崇禧
baichui	摆锤
baida	百搭
baidicheng	白帝城
baie	白俄
baieluosigongheguo	白俄罗斯共和国
baier	拜耳
baifenwei	百分位
baifo	拜佛
baifu	拜服
baifuzhang	百夫长
baifuzi	白附子
baige	白鸽
baigongguan	白公馆
baiguang	白光
baiguazi	白瓜子
baigujing	白骨精
baiguoshu	白果树
baihaitun	白海豚
baihu	白虎
baihua	白化
baihua	白桦
baihua	百花
baihuajiang	百花奖
baihualin	白桦林
baihuanghuang	白晃晃
baihuashu	白桦树
baihuhu	白乎乎
baihuojiao	拜火教
baiji	白及
baijiafan	百家饭
baijian	摆件
baijiaxing	百家姓
baijiesu	白介素
baijiezi	白芥子
baijinka	白金卡
baikai	摆开
bailanhua	白兰花
baili	百丽
bailian	白鲢
bailianjiao	白莲教
bailongma	白龙马
bailun	拜伦
bailuyuan	白鹿原
baima	白马
baimangzhong	百忙中
baimaonv	白毛女
baimatou	拜码头
baimuda	百慕大
baimudaqundao	百慕大群岛
bainiangzi	白娘子
baipuer	摆谱儿
baiqi	白起
baiqiangxian	百强县
baiqitun	白鳍豚
baiqiuen	白求恩
bairen	拜仁
bairihong	百日红
baise	百色
baisensen	白森森
baiseshi	百色市
baishen	拜神
baisibudeqijie	百思不得其解
baisimai	百思买
baisuzhen	白素贞
baitaner	摆摊儿
baitao	败逃
baitiane	白天鹅
baitoufa	白头发
baiwanfenzhiyi	百万分之一
baiwei	百威
baiweishu	百位数
baixianpi	白鲜皮
baixianyong	白先勇
baixie	拜谢
baixun	白鲟
baiyangdian	白洋淀
baiyangzuo	白羊座
baiyansong	白岩松
baiyulan	白玉兰
baiyunguan	白云观
baizaonian	拜早年
baizheng	摆正
baizhi	白纸
baizhima	白芝麻
baizhongren	白种人
baizi	稗子
baizishi	摆姿势
baizu	白族
bajianer	拔尖儿
bajin	巴金
bakelai	巴克莱
bakelaiyinhang	巴克莱银行
baku	巴库
bala	疤瘌
baleisitanguo	巴勒斯坦国
baleisitanjiefangzuzhi	巴勒斯坦解放组织
baleisitanminzuquanlijigou	巴勒斯坦民族权力机构
balikaixuanmen	巴黎凯旋门
balishengmuyuan	巴黎圣母院
balu	八路
bamake	巴马科
banahe	巴拿赫
banamayunhe	巴拿马运河
banbao	板报
banbenhao	版本号
banbianlian	半边莲
banchan	班禅
banchaneerdeni	班禅额尔德尼
banchang	办厂
banchao	班超
bancheng	半程
bandao	扳倒
bandaotiqijian	半导体器件
bandedao	办得到
bandu	伴读
banfei	班费
banfengjianshehui	半封建社会
banganbu	班干部
banganhan	半干旱
bangbaoshi	帮宝适
bangguangai	膀胱癌
bangka	绑卡
bangongchu	办公处
bangonghui	办公会
bangongqu	办公区
bangongyi	办公椅
bangongzhuo	办公桌
bangqiubang	棒球棒
bangu	班固
banguilian	扮鬼脸
bangzha	绑扎
bangzhen	棒针
bangzhu	帮主
banhuang	板簧
banhuilai	搬回来
banjiao	半角
banjiapiao	半价票
banka	办卡
banka	板卡
banli	搬离
banmasuo	绊马索
banmendian	板门店
banpingzihuangdang	半瓶子晃荡
banqiuxing	半球形
banqun	半群
banrizhi	半日制
bansheng	伴生
banshenqun	半身裙
banshenzhao	半身照
banshi	板式
banshirun	半湿润
banshiyuan	办事员
banshouren	半兽人
banshuanggong	半双工
banturen	班图人
banwei	班委
banxian	半仙
banxin	版心
banxing	版型
banxiu	半袖
banyanzhe	扮演者
banying	半影
banyinjie	半音阶
banyou	伴游
banyuanyin	半元音
banyuetan	半月谈
banyuexing	半月形
banyun	拌匀
banzhen	斑疹
banzi	绊子
banzuchang	班组长
banzuo	扮作
baobeier	宝贝儿
baochai	宝钗
baochun	报春
baodao	宝刀
baodao	宝岛
baodaozheng	报到证
baodating	包打听
baodiao	保钓
baoding	保定
baoe	保额
baoermo	鲍尔默
baofu	包覆
baofu	饱腹
baogaitou	宝盖头
baogan	爆肝
baogang	宝钢
baogang	爆缸
baogaodan	报告单
baoge	饱嗝
baogeli	宝格丽
baogong	包公
baogu	苞谷
baoguandan	报关单
baoguanfei	保管费
baoguanren	保管人
baohan	抱憾
baohaosi	包豪斯
baoheyou	薄荷油
baohuang	保皇
baohuangpai	保皇派
baohuceng	保护层
baohufei	保护费
baohumo	保护膜
baohuqi	保护器
baohuqi	保护期
baohutao	保护套
baoji	宝鸡
baojia	保价
baojialiyagongheguo	保加利亚共和国
baojialiyaren	保加利亚人
baojialiyayu	保加利亚语
baojian	保荐
baojiang	爆浆
baojiang	褒奖
baojianhui	保监会
baojianpin	保健品
baojianshi	保健室
baojie	宝洁
baojieyuan	保洁员
baoju	保举
baolanse	宝蓝色
baoli	保利
baoliandeng	宝莲灯
baoliuzi	保留字
baoluo	保罗
baoluo	包络
baomiju	保密局
baomo	包膜
baomo	薄膜
baomuyuan	报幕员
baopingzuo	宝瓶座
baopiqi	暴脾气
baopoyin	爆破音
baoqingtian	包青天
baoshan	保山
baoshi	饱食
baoshijie	保时捷
baoshijin	保释金
baoshishuang	保湿霜
baosongsheng	保送生
baotun	胞吞
baotuquan	趵突泉
baoweichu	保卫处
baoweiquan	包围圈
baowen	报文
baowenceng	保温层
baowentong	保温桶
baowenxiang	保温箱
baoxiandai	保险带
baoxiandai	保鲜袋
baoxianfa	保险法
baoxiang	宝箱
baoxianhe	保鲜盒
baoxianjin	保险金
baoxianye	保险业
baoxiu	报修
baoyang	抱恙
baoyici	褒义词
baoyouliang	保有量
baoyuyuan	保育员
baozhan	报站
baozhang	饱胀
baozhapin	爆炸品
baozhashi	爆炸式
baozheng	包拯
baozhengshu	保证书
baozhu	爆珠
baozhuangdai	包装袋
baozhuanghe	包装盒
baozhuangxiang	包装箱
baozinang	孢子囊
baozipu	包子铺
baozugong	包租公
baozupo	包租婆
baping	霸屏
baqi	八旗
baqie	扒窃
basa	巴萨
basai	罢赛
bashinai	巴氏奶
bashou	扒手
baside	巴斯德
basifu	巴斯夫
basike	巴斯克
batageniya	巴塔哥尼亚
batianhu	霸天虎
bawangcan	霸王餐
bawuzhe	八五折
baxian	八仙
baxiang	靶向
baxibao	靶细胞
baxigui	巴西龟
bayan	罢演
bayankalashan	巴颜喀拉山
bayidianyingzhipianchang	八一电影制片厂
bayijianjunjie	八一建军节
bayinguolengmengguzizhizhou	巴音郭楞蒙古自治州
bayue	八月
bazhe	八折
bazhentu	八阵图
bazhongshi	巴中市
bazi	坝子
beibi	贝币
beican	钡餐
beichao	北朝
beichaoxian	北朝鲜
beida	北大
beidaketazhou	北达科他州
beidao	被盗
beidongshi	被动式
beierfasite	贝尔法斯特
beiershiyanshi	贝尔实验室
beifa	北伐
beifanggongyedaxue	北方工业大学
beifanghua	北方话
beifeng	背风
beigan	备感
beigaoxi	被告席
beiguangdeng	背光灯
beihai	被害
beihan	北韩
beihuan	悲欢
beijia	倍加
beijiaer	贝加尔
beijiaoda	北交大
beijingdaxuechubanshe	北京大学出版社
beijingdianshitai	北京电视台
beijingdianyingxueyuan	北京电影学院
beijingdongwuyuan	北京动物园
beijinggongyedaxue	北京工业大学
beijinggou	北京狗
beijingguangboxueyuan	北京广播学院
beijinggugongbowuyuan	北京故宫博物院
beijinghuagongdaxue	北京化工大学
beijingjingjutuan	北京京剧团
beijingkejidaxue	北京科技大学
beijingligongdaxue	北京理工大学
beijinglinyedaxue	北京林业大学
beijingnongyedaxue	北京农业大学
beijingqingnianbao	北京青年报
beijingrenminyishujuyuan	北京人民艺术剧院
beijingse	背景色
beijingshirenminzhengfu	北京市人民政府
beijingtu	背景图
beijingwaiguoyudaxue	北京外国语大学
beijingxieheyiyuan	北京协和医院
beijingya	北京鸭
beijingyikedaxue	北京医科大学
beijingyoudiandaxue	北京邮电大学
beijiuzhou	北九州
beikaluolainazhou	北卡罗来纳州
beikao	背靠
beile	贝勒
beili	贝利
beiligong	北理工
beilin	碑林
beilu	北麓
beimaliyanaqundao	北马里亚纳群岛
beimei	北美
beimeiziyoumaoyiqu	北美自由贸易区
beimeiziyoumaoyixieding	北美自由贸易协定
beiping	北平
beiqi	北汽
beiqi	北齐
beiqing	悲情
beiqishu	北齐书
beitong	背痛
beitou	背投
beiwang	备忘
beiwei	北魏
beiya	北亚
beiyang	北洋
beiyangjun	北洋军
beiyesi	贝叶斯
beiyewu	北野武
beiyongji	备用机
beiyongjin	备用金
beiyongpin	备用品
beiyou	北邮
beiyue	北越
bengbu	蚌埠
bengchu	迸出
bengfang	泵房
bengjie	崩解
benglian	绷脸
bengong	本宫
bengsong	泵送
bengti	甭提
bengxiang	甭想
benhuangsuan	苯磺酸
benji	本机
benladeng	本拉登
benxi	本溪
benyaming	本雅明
benzhou	本周
biancai	边裁
biancan	便餐
biandan	变蛋
biandanghe	便当盒
biandiansuo	变电所
bianding	编订
bianfa	编发
biangui	变轨
bianhouwei	边后卫
bianhualv	变化率
bianhuci	辩护词
bianjiema	编解码
bianjing	汴京
bianjingxian	边境线
bianlan	边栏
bianliangming	变量名
bianmao	边贸
bianmaochong	鞭毛虫
biannei	编内
bianpinghua	扁平化
bianpingyou	扁平疣
bianpinqi	变频器
bianqianwei	边前卫
bianrou	扁肉
biansaishi	边塞诗
biansejing	变色镜
bianshengqi	变声期
bianti	辩题
bianwai	编外
bianwei	变位
bianwei	变味
bianwei	编委
bianweier	变味儿
bianweihui	编委会
bianxiao	编校
bianxieshidiannao	便携式电脑
bianxingren	变性人
bianya	变压
bianyixing	变异性
bianzhen	变阵
bianzhengweiwulun	辩证唯物论
bianzhezhu	编者注
bianzhidai	编织袋
bianzhou	扁舟
biaoba	标靶
biaobo	表伯
biaocuoqing	表错情
biaohua	裱花
biaojiu	表舅
biaolian	表链
biaoma	彪马
biaomianbo	表面波
biaoshen	表婶
biaoshipai	标示牌
biaoshipai	标识牌
biaotou	表头
biaoxi	飙戏
biaoxianyu	表现欲
biaoxing	表型
biaoxiongmei	表兄妹
biaoyangxin	表扬信
biaoyanyishujia	表演艺术家
biaoyi	表姨
biaozhiwu	标志物
biaozhundaqiya	标准大气压
biaozhunfen	标准分
biaozhunjian	标准件
biaozhunzhi	标准值
biban	壁板
bibeipin	必备品
bidagelasi	毕达哥拉斯
bidai	笔袋
bide	彼得
bideshang	比得上
bidu	必读
biduan	笔端
biejiaohuo	蹩脚货
bieke	别克
biezi	别字
bigai	笔盖
biguang	避光
bigui	壁柜
biguiyuan	碧桂园
bihe	笔盒
bihui	笔会
bihun	逼婚
biji	荸荠
bijiaoyuyanxue	比较语言学
bijiasuo	毕加索
bijuan	闭卷
bikou	闭口
biletuoliya	比勒陀利亚
bilu	闭路
bimayou	蓖麻油
bingbao	冰暴
bingbu	兵部
bingchuanxue	冰川学
bingdaogongheguo	冰岛共和国
bingdaoyu	冰岛语
bingdongsanchifeiyirizhihan	冰冻三尺非一日之寒
bingduku	病毒库
bingersuan	丙二酸
bingfang	丙方
bingfen	冰粉
bingfu	冰敷
binggan	丙肝
binggege	兵哥哥
binggui	并轨
bingguner	冰棍儿
binghaofan	病号饭
binghongcha	冰红茶
bingjia	冰架
bingjiabizhengzhidi	兵家必争之地
bingjian	兵谏
bingjiao	病娇
bingku	冰窟
bingkulong	冰窟窿
bingkuxian	兵库县
bingli	冰粒
bingliuzi	冰溜子
bingshi	冰室
bingsilv	病死率
bingsuan	丙酸
bingtui	病退
bingwang	病亡
bingxian	冰鲜
bingxihua	丙烯画
bingxin	冰心
bingyangyang	病怏怏
bingyuanxue	病原学
bingzhao	冰爪
bingzhi	并置
bingzhong	病种
bingzhongqiudanbai	丙种球蛋白
bingzhu	屏住
bingzhu	秉烛
binli	宾利
binqibu	滨崎步
binxifaniya	宾夕法尼亚
binxifaniyadaxue	宾夕法尼亚大学
binxifaniyazhou	宾夕法尼亚州
binzhou	滨州
biqi	闭气
biquan	币圈
biranxing	必然性
birerong	比热容
bisheng	毕升
bishengke	必胜客
bitelv	比特率
bitian	必填
bixi	笔洗
bixiongquan	比熊犬
bixuan	必选
bixue	鼻血
bixuejian	碧血剑
biyan	闭眼
biyezheng	毕业证
biyi	笔意
biying	必应
biying	鼻影
biyiniao	比翼鸟
biyuju	比喻句
bizhen	避震
bizheng	痹症
bizhenqi	避震器
bizhongji	比重计
boao	博鳌
bobing	薄冰
bocaiye	博彩业
bociwanagongheguo	博茨瓦纳共和国
boen	波恩
boer	玻尔
boerni	伯尔尼
bofangqi	播放器
bogeda	波哥大
bogengzi	脖颈子
bogujia	博古架
bohai	渤海
bohei	波黑
bojing	脖颈
bokai	剥开
bola	拨拉
bolandengbaomen	勃兰登堡门
bolangfeng	勃朗峰
bolangning	勃朗宁
bole	伯乐
bolibang	玻璃棒
bolicha	玻璃碴
boliheng	伯利恒
bolijiao	玻璃胶
bolinhongbaodaxue	柏林洪堡大学
bolinixiya	波利尼西亚
bolisi	玻璃丝
bolizhu	玻璃珠
boluobennisa	伯罗奔尼撒
boluozhi	菠萝汁
bomeiquan	博美犬
bopang	波旁
bopuer	波普尔
bosan	播散
boshi	博世
boshidian	博士点
boshidun	波士顿
boshidundaxue	波士顿大学
boshilun	博士伦
boshimao	博士帽
bosi	波斯
bosideng	波司登
bosiju	波斯菊
bosipulusihaixia	博斯普鲁斯海峡
bosong	泊松
boxian	拨弦
boxing	跛行
boyier	波义耳
bozhenmian	波阵面
bozhong	伯仲
bozhongji	播种机
bozhou	亳州
bozhoushi	亳州市
bubao	布包
bubugao	步步高
budan	不丹
budaochangchengfeihaohan	不到长城非好汉
budaohuanghexinbusi	不到黄河心不死
budezhi	不得志
budingbao	补丁包
budinggen	不定根
buer	布尔
buershenweike	布尔什维克
buershiweike	布尔什维克
buerzhi	布尔值
bufu	步幅
bufushu	不服输
bugai	补钙
buganjiao	不干胶
buganyueleichiyibu	不敢越雷池一步
bugeipin	补给品
bugeizhan	补给站
buji	部级
bujiadi	布加迪
bujialeisite	布加勒斯特
bujianguancaibudiaolei	不见棺材不掉泪
bujiao	补缴
bujidian	补给点
bujie	不洁
bujiemengyundong	不结盟运动
bujin	步进
bujinafasuo	布基纳法索
bujixian	补给线
bulachaiweier	布拉柴维尔
buladisilafa	布拉迪斯拉发
bulaidun	布莱顿
bulaier	布莱尔
bulaimei	不来梅
bulamaputelahe	布拉马普特拉河
bulangzu	布朗族
bulian	布帘
bulianglv	不良率
buliedian	不列颠
bulisituoer	布里斯托尔
bulongdi	布隆迪
bulongdigongheguo	布隆迪共和国
bulou	补漏
bulu	补录
bumian	布面
bumingfeihangwu	不明飞行物
bunao	补脑
buqi	补气
buquan	补全
burenzhang	不认账
buruliu	不入流
buruyishichangbajiu	不如意事常八九
bushe	布设
bushe	补射
bushefang	不设防
bushen	补肾
bushigan	不适感
bushihuo	不识货
bushilushanzhenmianmu	不识庐山真面目
bushu	捕鼠
bushui	补水
busuanzi	卜算子
butie	补铁
butongdian	不同点
butou	布头
buweiwudoumizheyao	不为五斗米折腰
buxiaozi	不孝子
buxie	补鞋
buxinxie	不信邪
buyecheng	不夜城
buyetian	不夜天
buyi	布依
buyizu	布依族
buzhen	布阵
buzhiqing	不知情
buzhuang	补妆
buzhujin	补助金
cahan	擦汗
cahen	擦痕
caibi	彩笔
caicaikan	猜猜看
caichanshui	财产税
caichaxi	采茶戏
caidiao	裁掉
caidie	彩蝶
caidu	彩度
caie	蔡锷
caigangban	彩钢板
caigoubu	采购部
caijia	菜价
caijiao	彩椒
caijiao	菜椒
caijun	才俊
caikangyong	蔡康永
caikeng	踩坑
cailanzigongcheng	菜篮子工程
cailiang	裁量
cailiaofei	材料费
cailun	蔡伦
caimao	才貌
caimiao	菜苗
caimo	彩墨
caipanxi	裁判席
caiping	彩屏
caiqian	彩铅
caiqingchong	菜青虫
caisedayinji	彩色打印机
caisepian	彩色片
caishi	采石
caitan	菜摊
caitao	彩陶
caitou	猜透
caitu	彩图
caiwenji	蔡文姬
caiwubu	财务部
caixian	财险
caixie	采撷
caixin	采信
caiye	彩页
caiye	菜叶
caiyoumen	踩油门
caiyuanzi	菜园子
caiyun	财运
caizhao	彩照
caizhengbu	财政部
caizhengting	财政厅
caizhengxue	财政学
caizhi	彩纸
caizhidao	裁纸刀
canbao	参保
cancha	残差
cancha	餐叉
cangbao	藏宝
cangbuzhu	藏不住
cangerzi	苍耳子
cangfang	仓房
canggai	舱盖
canghai	沧海
cangjie	仓颉
cangjingdong	藏经洞
cangjingge	藏经阁
cangjinglou	藏经楼
cangkou	舱口
canglangting	沧浪亭
cangshulou	藏书楼
cangtoushi	藏头诗
canhe	餐盒
canjirenyundonghui	残疾人运动会
canjizheng	残疾证
cankaojia	参考价
canlian	残联
canluan	蚕卵
canping	参评
cansaidui	参赛队
cansang	蚕桑
cansibei	蚕丝被
cansun	残损
cantuan	参团
canxiang	惨象
canxue	残血
canyi	餐椅
canzhanguo	参战国
canzhanshang	参展商
canzhaowu	参照物
caocao	曹操
caodui	草堆
caoduo	草垛
caofang	草房
caojie	草芥
caokun	曹锟
caopeng	草棚
caopi	曹丕
caoqian	草签
caoqunwu	草裙舞
caoren	草人
caosheng	草绳
caoshixing	草食性
caoti	草体
caowei	曹魏
caowu	草乌
caoyu	曹禺
caozhi	曹植
caozhong	草种
caozitou	草字头
caozongtai	操纵台
caozuogong	操作工
caozuoma	操作码
cebian	侧边
cechongdian	侧重点
cefeng	侧风
ceguang	测光
cehoufang	侧后方
cehuang	测谎
cehuashu	策划书
cehuixue	测绘学
cejing	测井
celian	侧脸
cengcishujuku	层次数据库
cenggong	曾巩
cengqinghong	曾庆红
cengshu	层数
cengsunnv	曾孙女
cengxi	层析
cengzu	曾祖
cengzufu	曾祖父
cengzumu	曾祖母
ceqing	侧倾
ceshi	侧视
ceshiban	测试版
ceshitu	侧视图
ceshui	侧睡
cexiang	侧向
ceyan	侧颜
ceye	册页
ceyi	侧翼
cezi	测字
chaan	查案
chabansheng	插班生
chabiao	查表
chabiehua	差别化
chaboshi	茶博士
chachang	茶厂
chachulai	查出来
chadian	插电
chadie	茶碟
chadong	差动
chaduofen	茶多酚
chafen	查分
chahaer	察哈尔
chahao	叉号
chaidamu	柴达木
chaidamupendi	柴达木盆地
chaidan	拆弹
chaifang	柴房
chaihuo	拆伙
chaikefusiji	柴可夫斯基
chaikefusiji	柴科夫斯基
chaiqianhu	拆迁户
chaixiang	拆箱
chakai	叉开
chake	茶客
chali	查理
chaliman	查理曼
chanajian	刹那间
chanchengpin	产成品
chanchong	馋虫
chanding	禅定
chandou	缠斗
changan	长安
changanjie	长安街
changbaishan	长白山
changchuan	长传
changchun	长春
changchundianyingzhipianchang	长春电影制片厂
changde	常德
changdeshi	常德市
changdu	昌都
changduanju	长短句
change	嫦娥
changfang	厂方
changfu	常服
changgong	唱工
changgong	长工
changgu	长鼓
changgua	长褂
changhenge	长恨歌
changjianghoulangtuiqianlang	长江后浪推前浪
changjiangsanjiaozhou	长江三角洲
changjiao	长焦
changjiaotong	肠绞痛
changjingluan	肠痉挛
changjingtou	长镜头
changju	长句
changjun	场均
changkuan	长款
changliao	畅聊
changlong	长隆
changmaotu	长毛兔
changmianhua	场面话
changmingsuo	长命锁
changongxiao	产供销
changpeng	敞篷
changqi	长崎
changqingshu	常青树
changrongpian	肠溶片
changsanjiao	长三角
changsheng	常胜
changshoumian	长寿面
changshu	常熟
changshushi	常熟市
changtiao	唱跳
changtiaoxing	长条形
changtuqichezhan	长途汽车站
changwai	场外
changweibing	肠胃病
changwen	长文
changxiang	唱响
changxiang	长项
changximo	肠系膜
changxing	畅行
changxiushan	长袖衫
changya	常压
changyandao	常言道
changyou	畅游
changzhang	场长
changzhi	长治
changzhou	常州
changzhou	长轴
changzhujue	唱主角
chanpinxian	产品线
chanquanzheng	产权证
chanrang	禅让
chanru	掺入
chansi	禅寺
chanxue	铲雪
chanyedai	产业带
chanyeyuan	产业园
chanyi	禅意
chanyouyou	颤悠悠
chanza	掺杂
chanzaji	掺杂剂
chaobao	超薄
chaobi	炒币
chaochang	超长
chaocuo	晁错
chaodiwen	超低温
chaoduanku	超短裤
chaofen	炒粉
chaogan	炒肝
chaogaopin	超高频
chaogaowen	超高温
chaogaoya	超高压
chaoguangjiao	超广角
chaohan	朝韩
chaohu	巢湖
chaohu	超乎
chaohuhu	潮乎乎
chaojidao	超级稻
chaoju	潮剧
chaojuxing	超巨星
chaoliang	超量
chaoniangao	炒年糕
chaonv	超女
chaopai	潮牌
chaoqi	抄起
chaoqi	超期
chaoshan	潮汕
chaoshengsu	超声速
chaotianbi	朝天鼻
chaotianmen	朝天门
chaoxiancheng	超线程
chaoxianlaodongdang	朝鲜劳动党
chaoxianrenminjun	朝鲜人民军
chaoxianwen	朝鲜文
chaoyan	超验
chaoyiliu	超一流
chaozhou	潮州
chaozhoucai	潮州菜
chapan	茶盘
chapiao	查票
chaqi	岔气
chaqi	茶器
chaqin	查寝
chasha	查杀
chashaofan	叉烧饭
chashe	茶社
chashi	茶匙
chashi	茶室
chashugu	茶树菇
chashuyou	茶树油
chatuo	茶托
chaweisi	查韦斯
chaxie	茶歇
chaxu	插叙
chayangji	插秧机
chaye	插页
chaye	茶业
chayeguan	茶叶罐
chayidian	差一点
chayiguan	茶艺馆
chayou	茶油
chayuan	茶园
chazha	茶渣
chazhang	查账
chazhi	差值
chazhong	查重
chazhuo	茶桌
chaziyou	茶籽油
chebiao	车标
chechen	车臣
chedan	撤单
chedao	车刀
cheduan	扯断
cheernixuefusiji	车尔尼雪夫斯基
chefeng	车缝
chegulu	车轱辘
chekuang	车况
cheliuliang	车流量
chemafei	车马费
chemi	车迷
chenchong	陈冲
chendanqing	陈丹青
chendu	晨读
chenfeng	晨风
chengbao	承保
chengbaodi	承包地
chengbaoren	承保人
chengbaozerenzhi	承包责任制
chengbaozhi	承包制
chengbing	称病
chengde	承德
chengdeshi	承德市
chengdui	成堆
chengduo	城垛
chengfengu	成分股
chenggongxue	成功学
chenggui	城轨
chengguo	撑过
chenghong	橙红
chenghua	橙花
chenghuang	城隍
chengji	城际
chengjian	城建
chengjian	成键
chengjiaoliang	成交量
chengjiujiang	成就奖
chengmingqu	成名曲
chengou	尘垢
chengpinlv	成品率
chengqi	称奇
chengshang	呈上
chengshihua	程式化
chengshuqi	成熟期
chenguang	晨光
chenguanxi	陈冠希
chengwuzhang	乘务长
chengwuzu	乘务组
chengxiong	逞凶
chengxubao	程序包
chengxuhua	程序化
chengya	承压
chengyaojin	程咬金
chengyuan	乘员
chengzhangxing	成长型
chengzheng	诚征
chengzhongqiang	承重墙
chengzhu	城主
chengzi	蛏子
chenhe	陈赫
chenhuan	尘寰
chenhui	晨会
chenjiageng	陈嘉庚
chenjingrun	陈景润
chenkun	陈坤
chenliegui	陈列柜
chenliepin	陈列品
chenluan	趁乱
chenmian	沉眠
chenmoquan	沉默权
chenpeisi	陈佩斯
chenqiaoen	陈乔恩
chenqingbiao	陈情表
chenshe	陈涉
chenshou	称手
chenshuibian	陈水扁
chenwu	晨雾
chenxiaochun	陈小春
chenxiaqu	沉下去
chenyi	陈毅
chenyifei	陈逸飞
chenyinke	陈寅恪
chenyouliang	陈友谅
chenyuan	沉冤
chenyuanyuan	陈圆圆
chenyun	陈云
chenzha	沉渣
chenzhe	趁着
chenzhou	郴州
chenziang	陈子昂
chepaihao	车牌号
chepeng	车棚
chepeng	车篷
cheqi	车漆
cheqiancao	车前草
cheqianzi	车前子
chequan	车圈
cheshi	车市
chesunxian	车损险
chetou	车头
chewei	车尾
cheweifei	车位费
chexi	车系
chexiao	车削
chexiaoquan	撤销权
chezi	撤资
chezi	车资
chibaizhang	吃败仗
chibifu	赤壁赋
chichen	赤忱
chichi	哧哧
chidaojineiya	赤道几内亚
chidexia	吃得下
chiding	吃定
chidou	赤豆
chidushi	吃独食
chifeng	赤峰
chihen	齿痕
chihong	赤红
chihun	吃荤
chijiuxing	持久性
chikuang	痴狂
chilaoben	吃老本
chileige	敕勒歌
chiruzhu	耻辱柱
chise	赤色
chishui	池水
chishuixian	吃水线
chitianshi	炽天使
chitou	吃透
chituma	赤兔马
chiweidui	赤卫队
chixiaodou	赤小豆
chixing	齿形
chiyin	齿印
chiyiqianzhangyizhi	吃一堑长一智
chiyou	蚩尤
chiyouqi	持有期
chizhengren	持证人
chizhou	池州
chizhoushi	池州市
chizhuang	齿状
chongcao	虫草
chongchuan	重传
chongchuqu	冲出去
chongci	充磁
chongdi	冲抵
chongding	冲顶
chongdu	重读
chonger	重耳
chongfang	重放
chongfangdian	充放电
chongfenghao	冲锋号
chongfengyi	冲锋衣
chongfengzhou	冲锋舟
chongguolai	冲过来
chongguoqu	冲过去
chonghui	冲毁
chongjian	重剑
chongjinlai	冲进来
chongjishan	冲积扇
chongjitu	冲积土
chongkong	冲孔
chongmenmian	充门面
chongming	虫鸣
chongpai	重拍
chongqian	充钱
chongshangqu	冲上去
chongsheng	冲绳
chongshengdao	冲绳岛
chongshengxian	冲绳县
chongshigan	充实感
chongwenmen	崇文门
chongwudian	宠物店
chongwugou	宠物狗
chongxi	冲喜
chongyang	崇仰
chongyang	重阳
chongying	虫瘿
chongzhen	崇祯
chongzu	虫族
chouchulai	抽出来
chouchun	臭椿
choudai	绸带
choudu	稠度
chouju	丑橘
choupijiang	臭皮匠
chourong	愁容
chousi	愁思
chouxianglei	抽象类
chouxiangpai	抽象派
chouxiangxing	抽象性
chouxiaozi	臭小子
chouxie	抽血
chouzhun	瞅准
chuaidu	揣度
chuanbei	川贝
chuanboxue	传播学
chuanchang	串场
chuanchengzhe	传承者
chuanda	川大
chuandaoshi	传道士
chuandi	船底
chuangban	床板
chuangchuqu	闯出去
chuange	船歌
chuangguolai	闯过来
chuanghuzhi	窗户纸
chuangjia	床架
chuangjiang	闯将
chuangjianghu	闯江湖
chuangjilu	创纪录
chuangjin	闯劲
chuangliangan	窗帘杆
chuanglianhe	窗帘盒
chuangmian	创面
chuangru	床褥
chuangsha	窗纱
chuangta	床榻
chuangwei	创维
chuangwei	床尾
chuangxinxing	创新型
chuangxinzhe	创新者
chuangyan	窗沿
chuangyeban	创业板
chuangyejia	创业家
chuangzhao	床照
chuanjia	穿甲
chuanjie	串接
chuankongji	穿孔机
chuanlaodai	船老大
chuanmeiye	传媒业
chuanmeizi	川妹子
chuanmenzi	串门子
chuanqi	川崎
chuanqinqi	串亲戚
chuanrexue	传热学
chuanshukongzhixieyi	传输控制协议
chuansu	船速
chuanwei	传位
chuanwei	船桅
chuanweier	串味儿
chuanxi	川西
chuanxian	穿线
chuanxilu	传习录
chuanxinlian	穿心莲
chuanzhong	传中
chuanzhu	串珠
chubanjie	出版界
chubanquan	出版权
chubuqu	出不去
chucangliang	储藏量
chucaoji	除草机
chuchaifei	出差费
chuchandi	出产地
chuchanfu	初产妇
chuchanpin	畜产品
chuchenqi	除尘器
chuci	楚辞
chucunka	储存卡
chucuolv	出错率
chudian	触点
chuduan	初段
chufadi	出发地
chugaozhong	初高中
chuguan	储罐
chuguan	出关
chuguo	楚国
chuhaikou	出海口
chuhuoliang	出货量
chuiai	垂爱
chuibao	吹爆
chuida	吹打
chuida	锤打
chuifenghui	吹风会
chuijinqu	吹进去
chuilian	锤炼
chuimu	垂暮
chuishiban	炊事班
chuitou	锤头
chuixin	垂心
chuixun	垂询
chuizu	垂足
chujiagong	初加工
chujian	初见
chujiao	初交
chujingyou	出境游
chuju	楚剧
chujun	除菌
chukong	触控
chukouguo	出口国
chuliang	储粮
chuliji	处理机
chuliu	初六
chunbu	唇部
chuncai	蠢才
chuncandaosisifangjin	春蚕到死丝方尽
chunding	唇钉
chunfen	春分
chunfengchuiyousheng	春风吹又生
chungongtu	春宫图
chunjianghuayueye	春江花月夜
chunjie	春节
chunjiu	醇酒
chunlei	春雷
chunlu	纯露
chunmeng	蠢萌
chunpu	纯朴
chunqiuzhuang	春秋装
chunse	唇色
chunshouru	纯收入
chunshu	椿树
chunshuxue	纯数学
chunvdi	处女地
chunwan	春晚
chunwenxue	纯文学
chunxian	唇线
chunxiang	醇香
chunxiao	春晓
chunxiaomai	春小麦
chunxun	春训
chunyang	纯氧
chunyin	纯银
chunyu	唇语
chunzhao	春招
chunzheng	醇正
chunzhong	春种
chuqi	初七
chuqinlv	出勤率
chuque	除却
churuzheng	出入证
chushai	初筛
chushe	初涉
chushen	厨神
chushengde	出生地
chushi	初十
chushi	处室
chushi	除湿
chushibiao	出师表
chushichang	厨师长
chushizhi	初始值
chushu	处暑
chusi	初四
chusu	初速
chusuiliang	褚遂良
chutan	出摊
chutiyan	初体验
chuwen	初吻
chuwu	初五
chuwuxiang	储物箱
chuxie	出血
chuxilv	出席率
chuxiu	除锈
chuxue	初学
chuxue	初雪
chuxue	除雪
chuxusuo	储蓄所
chuyequan	初夜权
chuyi	处以
chuying	雏鹰
chuyun	储运
chuzhang	出账
chuzhankou	出站口
chuzhen	初诊
chuzhi	初值
chuzhiquan	处置权
chuzhou	滁州
chuzhoushi	滁州市
chuzhuangwang	楚庄王
chuziren	出资人
chuzulv	出租率
cidaolv	磁导率
cidian	辞典
cierchun	雌二醇
ciertou	刺儿头
cifan	此番
cifu	慈父
cigang	瓷缸
ciguan	瓷罐
cihua	雌花
cihuiliang	词汇量
ciji	伺机
cijizhai	次级债
ciju	此举
ciliao	磁疗
cineng	磁能
cipaiming	词牌名
cipian	瓷片
ciqingjiao	磁倾角
ciqu	词曲
ciru	刺入
cisheng	此生
citiaoka	磁条卡
citong	磁通
citou	刺头
ciwo	次卧
cixi	慈禧
cixuanfulieche	磁悬浮列车
cixue	磁学
ciyang	刺痒
ciyishibiyishi	此一时彼一时
ciyou	次优
ciyuan	辞源
ciyue	次月
cizhen	磁针
cizhixin	辞职信
cizhouyao	磁州窑
cizuojia	词作家
cizuozhe	词作者
congcong	淙淙
conghuabing	葱花饼
congkan	丛刊
congmo	葱末
congyou	葱油
congzhong	从重
coushanglai	凑上来
coushangqu	凑上去
cuandong	攒动
cuanjin	窜进
cubu	粗布
cuhuani	粗花呢
cuigao	催稿
cuihao	崔颢
cuijiao	催缴
cuiju	翠菊
cuikua	摧垮
cuikuan	催款
cuilvse	翠绿色
cuinen	脆嫩
cuiruoxing	脆弱性
cuirusu	催乳素
cuishengsheng	脆生生
cuixing	脆性
cuiyongyuan	崔永元
cuiyu	翠玉
cuizhai	催债
cuizhu	翠竹
cujing	醋精
cujinji	促进剂
culiu	醋溜
cumabu	粗麻布
cunba	村霸
cuncuntong	村村通
cunguan	村官
cunji	村级
cunkou	村口
cunliangfang	存量房
cunliangwei	村两委
cunpan	存盘
cunshi	存世
cuntou	村头
cunwei	村委
cunwu	村务
cunyi	村医
cunzailun	存在论
cunzhao	存照
cunzheng	存证
cunzhibu	村支部
cuopan	错判
cuoshang	挫伤
cuoshegan	挫折感
cuoti	错题
cuowulv	错误率
cuowuma	错误码
cuozao	搓澡
curen	粗人
cusuanna	醋酸钠
cuxiantiao	粗线条
cuxianwei	粗纤维
cuzhong	粗重
daan	大案
dabachang	打靶场
dabagong	大罢工
dabaizhang	打败仗
dabang	打榜
dabantian	大半天
dabaozi	大孢子
dabashan	大巴山
dabeizhou	大悲咒
dabenzhong	大本钟
dabifang	打比方
dabofu	大伯父
dabomu	大伯母
dabuding	打补丁
dabujing	大不敬
dabukai	打不开
dacaogao	打草稿
dachan	打颤
dachangai	大肠癌
dachao	大钞
dacheng	大乘
dachu	大厨
dachuan	搭船
dacidian	大辞典
dada	鞑靼
dadangjia	大当家
dadao	答道
dadepu	打地铺
dadi	大堤
dadi	大敌
dadie	打碟
daduangong	打短工
daduizhang	大队长
dae	大额
daen	大恩
daerquan	大而全
daerwenzhuyi	达尔文主义
dafengshou	大丰收
dafuni	达芙妮
dafuweng	大富翁
dagao	打糕
dageer	大个儿
dageer	打嗝儿
dagezi	大个子
dagongzu	打工族
dagua	大褂
daguai	打怪
daguai	打拐
daguan	大官
daguanggao	打广告
daguanjia	大管家
daguanyuan	大观园
daguniang	大姑娘
daguzi	大姑子
dahan	大寒
dahanzuzhuyi	大汉族主义
dahaoren	大好人
dahongren	大红人
dahua	大话
dahualian	大花脸
dahuidang	大会党
dahuihuan	大回环
dahuixiong	大灰熊
dahuizhan	大会战
dahuizhuan	大回转
dahuxing	大户型
daianna	黛安娜
daibaitu	大白兔
daibanfei	代办费
daibuzheng	逮捕证
daichanshi	待产室
daida	代打
daidianti	带电体
daier	戴尔
daifaguan	大法官
daifu	代付
daigang	带钢
daigaomao	戴高帽
daihongpao	大红袍
daihuier	待会儿
daihuiqu	带回去
daijia	傣家
daijiao	代缴
daijika	贷记卡
daijin	代金
daiju	带锯
daike	待客
dailifuwuqi	代理服务器
dailing	代领
dailvmao	戴绿帽
daimai	代买
daimao	呆毛
daimulei	戴姆勒
dainian	歹念
daipaocha	袋泡茶
daipian	带偏
daiqiu	带球
daishou	代售
daishou	待售
daishoudian	代售点
daitoutie	大头贴
daitouzhao	大头照
daiwangshu	戴望舒
daiweiying	戴维营
daixielv	代谢率
daiyizhi	代议制
daiyong	代用
daiyongpin	代用品
daiyu	黛玉
daizhu	逮住
daizhuang	带状
daizhuang	袋装
daizu	傣族
daizuo	呆坐
daji	大忌
daji	妲己
dajiahuo	大家伙
dajiang	大酱
dajiangjiansanlang	大江健三郎
dajiangtang	大讲堂
dajianjia	大减价
dajiao	大叫
dajie	大捷
dajiefu	大姐夫
dajiu	大舅
dajiudian	大酒店
dajiyue	打击乐
dakaer	达喀尔
dakaifangbianzhimen	大开方便之门
dakaji	打卡机
dakongji	打孔机
dakuai	大块
daleisisalamu	达累斯萨拉姆
dalengchan	打冷颤
daletou	大乐透
dali	搭理
daliang	大梁
daliangang	大连港
dalianhaishidaxue	大连海事大学
dalianligongdaxue	大连理工大学
dalifu	大礼服
dalinggong	打零工
dalishen	大力神
dalumian	打卤面
daluqiao	大陆桥
damaicha	大麦茶
damalu	大马路
damifan	大米饭
daming	打鸣
daminggong	大明宫
damo	达摩
damoyuan	达摩院
damu	大幕
danban	单板
danban	淡斑
danbaoren	担保人
danbuqi	担不起
dancai	淡菜
dancang	弹仓
danchengpiao	单程票
dandao	单刀
danding	但丁
dandong	丹东
dandongshi	丹东市
danfa	单发
danfan	单反
danfei	氮肥
danfu	丹佛
danfushu	单复数
dangangui	档案柜
danganju	档案局
danganshi	档案室
danganxue	档案学
dangaodian	蛋糕店
dangban	挡板
dangbao	党报
dangbu	党部
dangbuliao	当不了
dangchai	当差
dangdaibiao	党代表
dangdangwang	当当网
dangdao	挡道
dangeng	蛋羹
dangfeng	挡风
danggui	党规
dangguo	党国
dangjian	党建
dangjiaren	当家人
dangke	党课
dangqi	党旗
dangtoupao	当头炮
dangtuqiang	挡土墙
dangwai	党外
dangwei	档位
dangxiangzu	党项族
dangzhengjun	党政军
danhe	单核
danhese	淡褐色
danhongse	淡红色
danhua	氮化
danhua	蛋花
danhuagui	氮化硅
danhuangpai	蛋黄派
danian	大年
danianye	大年夜
danji	单机
danjian	单件
danjian	单肩
danjian	单间
danjiao	蛋饺
danjiban	单机版
danjingdu	单精度
danjinggui	单晶硅
danjingti	单晶体
danka	单卡
danke	单科
dankelong	单克隆
danlei	蛋类
danlibu	弹力布
danliren	单立人
danlv	淡绿
danmaiyu	丹麦语
danmaxi	淡马锡
danmian	单面
dannangai	胆囊癌
dannangyan	胆囊炎
danni	丹尼
danpai	单排
danqiu	弹球
danrenfang	单人房
danrenpang	单人旁
danrenwu	单人舞
danse	淡色
danseguang	单色光
danshengdao	单声道
danshengdi	诞生地
dansheqi	弹射器
danshoujian	单手剑
dantang	弹膛
dantang	蛋汤
dantong	蛋筒
dantongdao	单通道
danwangji	淡旺季
danweizhi	单位制
danxia	丹霞
danxian	单线
danxiancheng	单线程
danxiangfa	单向阀
danxiangsai	单项赛
danxiangshi	单项式
danxing	单性
danxiu	单休
danxuan	单选
danxuankuang	单选框
danxunhuan	单循环
danyuanrenchangjiu	但愿人长久
danzhou	儋州
danzhuodian	弹着点
danzise	淡紫色
daobing	刀柄
daobo	盗播
daochedeng	倒车灯
daochejing	倒车镜
daochuang	道床
daodai	导带
daodang	倒挡
daodejing	道德经
daoding	道钉
daofa	刀法
daogouyuan	导购员
daogu	叨咕
daoguang	道光
daohangdeng	导航灯
daohangtiao	导航条
daohangyi	导航仪
daohao	道号
daohen	刀痕
daojia	刀架
daojia	道家
daojian	刀尖
daojiao	岛礁
daojiao	道教
daojiaotu	道教徒
daojinqu	倒进去
daokou	倒扣
daokou	道口
daolang	刀郎
daolian	盗链
daoliu	导流
daomeigui	倒霉鬼
daomuzei	盗墓贼
daomuzhe	盗墓者
daonian	叨念
daopai	倒排
daopiao	倒票
daoqi	道奇
daoqiang	盗抢
daoqianxin	道歉信
daoqiean	盗窃案
daoqiefan	盗窃犯
daoqiezui	盗窃罪
daore	导热
daoreguan	导热管
daosanjiao	倒三角
daoshang	刀伤
daoshe	盗摄
daoshichai	倒时差
daoshu	刀术
daoshu	道术
daota	刀塔
daotui	倒推
daowenbing	稻瘟病
daoxiangcun	稻香村
daoyou	道友
daozhang	道长
daozhu	岛主
daozhui	倒追
daozizui	刀子嘴
dapan	大盘
dapiliang	大批量
daping	打平
dapingmu	大屏幕
daposhaguowendaodi	打破沙锅问到底
daqiao	搭桥
daqing	大庆
daqingshi	大庆市
daqingtian	大晴天
daqiu	大邱
daqiufeng	打秋风
daquanzuo	大犬座
daqunjia	打群架
daren	打人
daru	大儒
darunfa	大润发
dasanbapaifang	大三巴牌坊
dasangmen	大嗓门
dasanyang	大三阳
dasaochu	大扫除
dashedaqicun	打蛇打七寸
dashen	大婶
dashi	打湿
dashoubi	大手笔
dashoushi	打手势
dashu	大暑
dasima	大司马
dasuda	大苏打
datai	搭台
datang	大唐
dati	答题
datika	答题卡
datong	大同
datou	搭头
datoucai	大头菜
datoupao	打头炮
datouxia	大头虾
datouxie	大头鞋
datouyu	大头鱼
datouzhen	大头针
datuanjie	大团结
datuanyuan	大团圆
dawancha	大碗茶
dawei	大卫
daweiwang	大卫王
dawoer	达斡尔
dawosi	达沃斯
daxianfeng	打先锋
daxibei	大西北
daxidi	大溪地
daxieyi	大写意
daxinghua	大型化
daxingji	大型机
daxingquan	大型犬
daxingxing	大行星
daxue	大雪
daya	大牙
dayang	打样
dayangxian	大阳线
dayanhu	打掩护
dayanta	大雁塔
dayawan	大亚湾
dayingbaikequanshu	大英百科全书
dayingbowuguan	大英博物馆
dayinzhi	打印纸
dayishijingzhou	大意失荆州
dayouyongwuzhidi	大有用武之地
dayu	大禹
dayuchixiaoyu	大鱼吃小鱼
dayuhao	大于号
dayunhui	大运会
dazao	大枣
dazaqiang	打砸抢
dazhangwei	大张伟
dazhao	大招
dazhaomian	打照面
dazhaosi	大昭寺
dazhonghua	大中华
dazhongma	大仲马
dazhongxing	大中型
dazhongzhuan	大中专
dazhou	达州
dazhuansheng	大专生
dazhuyi	打主意
dazuo	大佐
deangzu	德昂族
deban	德班
debiaoxi	德彪西
deerfei	德尔斐
defu	德芙
dehongdaizujingpozuzizhizhou	德宏傣族景颇族自治州
dejin	得劲
dekesasizhou	得克萨斯州
dekeshi	德克士
deli	德里
deluke	德鲁克
deluoba	德罗巴
demokelite	德谟克利特
demu	德牧
dengbiao	灯标
dengchao	邓超
dengfen	等份
denggao	登高
dengguangshi	灯光师
denghua	灯花
denghuier	等会儿
dengjia	灯架
dengjiaxian	邓稼先
dengjiben	登记本
dengjibu	登记簿
dengjichu	登记处
dengjika	登记卡
dengjizheng	登记证
dengju	灯具
dengjucheng	灯具城
dengliang	等量
denglongjiao	灯笼椒
dengluming	登录名
dengluting	登陆艇
dengshanbao	登山包
dengshanxie	登山鞋
dengshi	灯饰
dengshi	瞪视
dengshichang	邓世昌
dengtai	登台
dengtongyu	等同于
dengwei	登位
dengwenxian	等温线
dengxia	等下
dengxiaopinglilun	邓小平理论
dengxin	灯芯
dengyamian	等压面
dengyao	等腰
dengyaping	邓亚萍
dengzhu	瞪住
depu	德扑
dereneng	地热能
dese	嘚瑟
deshengmen	德胜门
deshixin	得失心
deyizhiyinhang	德意志银行
deyunshe	德云社
dezhiti	德智体
dezhou	得州
dezhou	德州
dianban	垫板
dianbiaoxiang	电表箱
diancangban	典藏版
dianchangji	点唱机
dianchangli	电场力
dianchangxian	电场线
dianchaoji	点钞机
dianchi	滇池
dianchiban	电池板
dianchizu	电池组
diancifa	电磁阀
diancuihua	电催化
dianda	电大
diandianhe	点电荷
dianduji	点读机
dianer	点儿
dianfuxing	颠覆性
diangeji	点歌机
diangongxue	电工学
dianguangyuan	点光源
dianguji	点估计
diangun	电棍
dianhangong	电焊工
dianhanji	电焊机
dianhantiao	电焊条
dianhao	电耗
dianhong	滇红
dianhuafei	电话费
dianhuaju	电话局
dianhualing	电话铃
dianhuawu	碘化物
dianhuoguo	电火锅
dianhuoqi	点火器
dianjiao	踮脚
dianjiechi	电解池
dianjieshui	电解水
dianjiezhi	电介质
dianjing	电镜
dianjiu	碘酒
dianka	点卡
diankaolu	电烤炉
diankaoxiang	电烤箱
dianlanxian	电缆线
dianlaoban	店老板
dianliju	电力局
dianlineng	电离能
dianluban	电路板
dianlutu	电路图
dianma	电码
dianming	店名
diannaobao	电脑包
diannaozhuo	电脑桌
diannuanqi	电暖器
diannuanqi	电暖气
dianpen	电喷
dianping	电平
dianqian	垫钱
dianqiao	电桥
dianqigongchengshi	电气工程师
dianqihang	电器行
dianqihuatielu	电气化铁路
dianqing	店庆
dianqiu	垫球
dianrebei	电热杯
dianremo	电热膜
dianreqi	电热器
dianruzi	电褥子
dianshao	颠勺
diansheng	电声
dianshi	电势
dianshi	电石
dianshicha	电势差
dianshidianhuahuiyi	电视电话会议
dianshigui	电视柜
dianshu	电枢
dianshua	电刷
dianshuihu	电水壶
diansuanhua	电算化
diantuizi	电推子
dianwei	点位
dianweicha	电位差
dianweiyi	电位移
dianwen	电文
dianxi	滇西
dianxianbing	癫痫病
dianxiao	点校
dianyan	碘盐
dianye	电业
dianyingju	电影局
dianyuanshipeiqi	电源适配器
dianyundou	电熨斗
dianzhentu	点阵图
dianzhi	店址
dianzhongxing	电中性
dianzhuang	点状
dianzibao	电子报
dianzicheng	电子秤
dianzihua	电子化
dianziping	电子屏
dianziqiang	电子枪
dianzisuo	电子锁
dianzulv	电阻率
dianzusi	电阻丝
diaoban	调班
diaobao	掉包
diaobi	吊臂
diaochadui	调查队
diaodaiqun	吊带裙
diaoduhui	调度会
diaodushi	调度室
diaoduyuan	调度员
diaoer	钓饵
diaojia	吊架
diaojieqi	调节器
diaojieren	调解人
diaojinqu	掉进去
diaojiu	调酒
diaojiushi	调酒师
diaokedao	雕刻刀
diaokeji	雕刻机
diaoli	调离
diaoliaoping	调料瓶
diaoling	调令
diaopai	雕牌
diaosepan	调色盘
diaoshui	调水
diaosu	调速
diaotong	吊桶
diaowang	凋亡
diaoweizhi	调味汁
diaoxiu	调休
diaoxue	掉血
diaoyongzhe	调用者
diaoyun	调运
diaoyutaiguobinguan	钓鱼台国宾馆
diaozha	掉渣
diaozhen	吊针
diaozhen	掉帧
diban	底板
dibang	地磅
dibange	地板革
dibaohu	低保户
diben	底本
dibo	地波
dicao	地槽
dichanshang	地产商
dichaoqi	低潮期
diciji	地磁极
dicixue	地磁学
didaozhan	地道战
dideluo	狄德罗
didianping	低电平
didianya	低电压
didingji	滴定剂
diduidi	地对地
diduikong	地对空
diebaoyuan	谍报员
diechuan	叠穿
dieci	叠词
dieda	跌打
diede	爹地
diegentou	跌跟头
dieji	碟机
dielianhua	蝶恋花
diema	爹妈
dieqilai	叠起来
dierciguoneigemingzhanzheng	第二次国内革命战争
diercishijiedazhan	第二次世界大战
dierjunyidaxue	第二军医大学
diesha	碟刹
dieshang	跌伤
diexialai	跌下来
diexing	碟形
diezhongdie	碟中谍
diezi	叠字
difangbing	地方病
difangshui	地方税
digao	底稿
digaoxin	地高辛
digelisihe	底格里斯河
digengsi	狄更斯
digou	地沟
diguoqu	递过去
diji	第几
dijia	底价
dijiao	底角
dijie	地界
dijing	抵京
dijutang	低聚糖
dikaer	笛卡儿
dikou	敌寇
diku	地库
dilake	狄拉克
dilamu	迪拉姆
dilana	地拉那
dilaohu	地老虎
dileizhan	地雷战
dileizhen	地雷阵
dilixinxixitong	地理信息系统
dimianzhan	地面站
dimidu	低密度
diming	抵命
dimo	地膜
dinenghao	低能耗
dingcan	订餐
dingdaer	丁达尔
dingdangmao	叮当猫
dingdu	定都
dinge	顶饿
dingfang	盯防
dinghuodan	订货单
dinghuohui	订货会
dingjiao	定焦
dingjunhui	丁俊晖
dinglei	丁磊
dingling	丁玲
dingniu	顶牛
dingpeng	顶篷
dingqin	订亲
dingqiu	顶球
dingren	盯人
dingtie	顶帖
dingweidian	定位点
dingweiqi	定位器
dingxi	定西
dingxie	钉鞋
dingzhaozhong	丁肇中
dingzhi	定植
dingzhuang	定妆
dingzi	锭子
dingzuo	订座
dipei	低配
dipin	低频
direnjie	狄仁杰
disanjunyidaxue	第三军医大学
disheng	笛声
dishu	地鼠
dishuiju	地税局
disijunyidaxue	第四军医大学
disinileyuan	迪斯尼乐园
ditan	地坛
ditang	低糖
ditangang	低碳钢
ditanhuo	地摊货
ditanshi	地毯式
ditiexian	地铁线
ditingji	地厅级
ditoubujiantaitoujian	低头不见抬头见
dituxue	地图学
diufen	丢分
diwei	低位
diweidu	低纬度
diwen	地温
diwen	底纹
diwu	底物
dixia	地峡
dixiadang	地下党
dixiahe	地下河
dixiatie	地下铁
dixin	低薪
dixingxue	地形学
diyaoku	低腰裤
diyaquan	抵押权
diyiciguoneigemingzhanzheng	第一次国内革命战争
diyicishijiedazhan	第一次世界大战
diyiciyapianzhanzheng	第一次鸦片战争
diyou	低幼
diyun	低云
dizhentai	地震台
dizhibowuguan	地质博物馆
dizhidui	地质队
dizhiju	地质局
dizhilan	地址栏
dizhiyihaopin	低值易耗品
dizhuang	底妆
dizigui	弟子规
dizijie	低字节
dizitai	低姿态
dongba	东巴
dongbeicai	东北菜
dongbeicaijingdaxue	东北财经大学
dongbeijun	东北军
dongbeiminzhulianjun	东北民主联军
dongbeinongyedaxue	东北农业大学
dongbeishifandaxue	东北师范大学
dongbeiya	东北亚
dongbiwu	董必武
dongchang	东厂
dongcunrui	董存瑞
dongde	东德
dongdoufu	冻豆腐
dongfanghangkonggongsi	东方航空公司
dongfangshuo	东方朔
dongfangxue	东方学
dongfeidaliegu	东非大裂谷
donggete	东哥特
donggong	东宫
donggong	冬宫
dongguacha	冬瓜茶
dongguapi	冬瓜皮
dongguazi	冬瓜子
donghai	东海
donghan	东汉
donghang	东航
dongjianhua	董建华
dongjiao	东郊
dongjin	东晋
dongjingdou	东京都
dongjingzhengquanjiaoyisuo	东京证券交易所
donglaishun	东来顺
dongli	冻梨
donglie	冻裂
dongliji	动力机
dongmaigong	动脉弓
dongmengziyoumaoyiqu	东盟自由贸易区
dongnanou	东南欧
dongnanyaguojialianmeng	东南亚国家联盟
dongnaozi	动脑子
dongpo	东坡
dongporou	东坡肉
dongqian	动迁
dongqianfang	动迁房
dongqichang	董其昌
dongshi	东施
dongtaitu	动态图
dongtou	东头
dongtu	东突
dongwei	东魏
dongwu	东吴
dongxian	东线
dongxiao	洞箫
dongya	东亚
dongye	冬夜
dongyelusaleng	东耶路撒冷
dongying	东瀛
dongying	东营
dongyong	冬泳
dongyuanhui	动员会
dongzao	冬枣
dongzhengjiao	东正教
dongzhi	东芝
dongzhi	冬至
dongzhongshu	董仲舒
dongzhou	东周
dongzhuo	董卓
dongzu	侗族
douba	痘疤
doubing	豆饼
douchulai	抖出来
doufa	斗法
doufukuai	豆腐块
douhen	斗狠
doujiangji	豆浆机
doujuanzi	兜圈子
douli	豆粒
doumian	豆面
douniuwu	斗牛舞
dousen	抖森
doushouchang	斗兽场
doutu	斗图
douyin	痘印
douzeng	陡增
duanbeishan	断背山
duanchui	断炊
duanda	短打
duanda	锻打
duandaishi	断代史
duandao	短刀
duandiao	端掉
duanduan	短短
duangang	锻钢
duangexing	短歌行
duanhou	断后
duanhun	断魂
duankou	断口
duankouhao	端口号
duankuaishan	断块山
duanlu	断路
duanmian	断面
duanmian	缎面
duanpanzi	端盘子
duanpian	短篇
duanping	短评
duanpingkuai	短平快
duanqun	短裙
duanshan	短衫
duanshu	椴树
duanshui	断水
duantu	短途
duanwu	端午
duanxiao	短小
duanxiushan	短袖衫
duanya	锻压
duanyan	端砚
duanyang	端阳
duanyangjie	端阳节
duanyuanyin	短元音
duanyucai	段玉裁
duanzaogong	锻造工
duanzhang	断掌
duanzhi	断指
duanzhou	短轴
duanzu	短租
duben	赌本
dubi	杜比
ducao	渡槽
ducha	督查
duchulai	读出来
dudang	读档
dudu	笃笃
dufu	杜甫
duge	镀铬
dugu	独孤
duhai	渡海
duhangxia	独行侠
duhufu	都护府
duhuo	妒火
duibankai	对半开
duici	对此
duicuo	对错
duidezhu	对得住
duiduihu	对对胡
duige	队歌
duihan	对焊
duikangxingmaodun	对抗性矛盾
duilian	对练
duiouju	对偶句
duipaixu	堆排序
duiren	怼人
duishubiao	对数表
duitaixi	对台戏
duiwaijingmaodaxue	对外经贸大学
duiyi	队医
dujie	渡劫
dujiu	毒酒
dulante	杜兰特
dulasi	杜拉斯
duleisi	杜蕾斯
duliang	肚量
duling	都灵
dulixing	独立性
dulongzu	独龙族
dulou	堵漏
dumogu	毒蘑菇
dumu	杜牧
dundan	炖蛋
dungou	盾构
dunhua	钝化
dunhuang	敦煌
dunhuo	囤货
duniang	度娘
dunie	镀镍
dunji	囤积
dunqing	敦请
dunshi	敦实
dunshi	遁世
duntang	炖汤
dunxialai	蹲下来
dunzuo	蹲坐
duobaotai	多胞胎
duobing	舵柄
duobo	多播
duobukai	躲不开
duodantou	多弹头
duoergun	多尔衮
duofaxing	多发性
duogegongheguo	多哥共和国
duoguo	躲过
duoguolai	躲过来
duohuier	多会儿
duojiaolian	多角恋
duojunling	多菌灵
duolengjing	多棱镜
duolun	舵轮
duoming	夺命
duominijiagongheguo	多米尼加共和国
duoniaozheng	多尿症
duoqilai	躲起来
duorenwu	多任务
duoru	堕入
duoshaoqian	多少钱
duoshou	剁手
duoshupai	多数派
duotailian	多肽链
duoxiancheng	多线程
duoyinjie	多音节
duoyuanchun	多元醇
duozhongxing	多重性
duqishi	毒气室
dushangbie	杜尚别
dushen	赌神
dushengzinvzheng	独生子女证
dushi	毒誓
dushiniang	杜十娘
dushuqiang	毒鼠强
duwei	杜威
duxin	堵心
duxinshu	读心术
duyan	独眼
duyin	赌瘾
duyuesheng	杜月笙
duyuming	杜聿明
duyunshi	都匀市
duzhai	赌债
duzhizui	渎职罪
duzouhui	独奏会
duzoujia	独奏家
echang	鹅肠
echuang	恶疮
edan	鹅蛋
edanlian	鹅蛋脸
eergunahe	额尔古纳河
eerqisihe	额尔齐斯河
eguo	俄国
ehaie	俄亥俄
ehuang	鹅黄
ejun	俄军
ekelahema	俄克拉何马
ekelahemazhou	俄克拉何马州
ekouchuang	鹅口疮
eliteliya	厄立特里亚
eliuquan	扼流圈
elunchun	鄂伦春
eluosikexueyuan	俄罗斯科学院
eluosilianbang	俄罗斯联邦
emei	峨眉
engeerxishu	恩格尔系数
engesi	恩格斯
enian	恶念
eniang	额娘
enlike	恩里克
enshi	恩施
enshitujiazumiaozuzizhizhou	恩施土家族苗族自治州
enzhu	摁住
equwei	恶趣味
erben	二本
erchongcheng	二冲程
erchuan	二传
erchuanshou	二传手
ercishijiedazhan	二次世界大战
erdangjia	二当家
erdengbing	二等兵
erdenggong	二等功
erdengjiang	二等奖
erdengpin	二等品
erdi	二弟
erdieji	二叠纪
erduoyan	耳朵眼
erfang	耳房
erfenfa	二分法
erfu	耳福
ergu	耳骨
erhuan	二环
erhuangdi	儿皇帝
erji	耳际
erjia	耳夹
erjiaan	二甲胺
erjie	二姐
erjing	耳镜
erjixian	耳机线
erjushi	二居室
erke	耳科
erkexue	儿科学
erkong	耳孔
erkuai	饵块
erlang	儿郎
erliao	饵料
erman	耳螨
ermianjiao	二面角
erpilian	二皮脸
ersao	二嫂
ershen	二婶
ersuosuan	二羧酸
ertaoshasanshi	二桃杀三士
ertongchuang	儿童床
ertongfang	儿童房
ertonghua	儿童画
ertongjie	儿童节
ertongpian	儿童片
ertongpiao	儿童票
ertongtuan	儿童团
erwanwuqianli	二万五千里
erwanwuqianlichangzheng	二万五千里长征
erwuyan	二五眼
erwuzi	二五仔
erxian	二线
erxingqianlimudanyou	儿行千里母担忧
eryi	二姨
eryue	二月
eryuehe	二月河
erzhoumu	二周目
erzhui	耳坠
ewenke	鄂温克
exiangdanbiansheng	恶向胆边生
eyu	俄语
eyulei	鳄鱼泪
eyun	噩运
ezhao	噩兆
ezhao	恶兆
ezheng	恶政
ezhihua	恶之花
ezhoushi	鄂州市
fabaoji	发报机
fabaoyuan	发报员
fachao	发潮
fadacai	发大财
fadashui	发大水
fadia	发嗲
fagen	发根
faguangbang	发光棒
faguangti	发光体
fagun	法棍
faguogongchandang	法国共产党
fahai	法海
fahan	发函
fahang	法航
fahangban	发行版
fahangzhe	发行者
fahua	发话
fahuang	发黄
faji	发际
faji	法籍
fajia	法家
fajia	法甲
fajian	发件
fajianxiang	发件箱
fajiaofen	发酵粉
fajiaoguan	发酵罐
fakuandan	罚款单
faladi	法拉第
falan	罚篮
falanxigongheguo	法兰西共和国
faliang	发凉
falingyuan	发令员
falixue	法理学
falvjie	法律界
famen	发闷
famianbing	发面饼
famingquan	发明权
famo	发膜
famugong	伐木工
fanbianyi	反编译
fanbili	反比例
fanbingbing	范冰冰
fanbingdu	反病毒
fanbubao	帆布包
fanbudai	帆布袋
fanbushang	犯不上
fanbutie	反补贴
fanchaoliu	反潮流
fanchengpiao	返程票
fanchong	犯冲
fandaotan	反导弹
fandehua	范德华
fandiao	反调
fandouche	翻斗车
faner	犯二
faner	范儿
fanerdeng	凡尔登
fanfaxisizhanzheng	反法西斯战争
fanfei	翻飞
fanfengjian	反封建
fangai	防癌
fanganjian	放暗箭
fangao	梵高
fangbang	放榜
fangbao	防爆
fangbaosi	防抱死
fangbianxing	方便性
fangbo	方波
fangchanshang	房产商
fangchanshui	房产税
fangchaoxiang	防潮箱
fangchen	防尘
fangchengshisaiche	方程式赛车
fangchenmi	防沉迷
fangchentao	防尘套
fangchenzhao	防尘罩
fangchuixing	纺锤形
fangdanche	防弹车
fangdanfu	防弹服
fangdaochuang	防盗窗
fangdaoqi	防盗器
fangdaowang	防盗网
fangdongye	防冻液
fangdou	防抖
fangfengzheng	放风筝
fangfumu	防腐木
fanggai	房改
fangguanju	房管局
fangguansuo	房管所
fangguanyuan	房管员
fangguzhuan	仿古砖
fanghan	防寒
fanghao	房号
fanghongdi	防洪堤
fanghua	访华
fanghuabing	防化兵
fanghuadian	防滑垫
fanghuafu	防化服
fanghualiao	放化疗
fanghuanyuweiran	防患于未然
fanghudi	防护堤
fanghulan	防护栏
fanghulin	防护林
fanghuomen	防火门
fangjin	方巾
fangjingdian	防静电
fangkonghao	防空壕
fangkuan	房款
fangkuang	方框
fangkuanxin	放宽心
fangkuosan	防扩散
fangla	方腊
fanglei	防雷
fanglengjian	放冷箭
fanglian	方脸
fangliang	房梁
fangling	房龄
fangmai	防霾
fangmeiji	防霉剂
fangmianjun	方面军
fangming	芳名
fangniu	放牛
fangniuwa	放牛娃
fangpao	放炮
fangqifa	放气阀
fangqu	防区
fangre	放热
fangshachang	纺纱厂
fangshaji	纺纱机
fangsheke	放射科
fangshengchi	放生池
fangshenshu	防身术
fangshexingwuzhi	放射性物质
fangshexingyuansu	放射性元素
fangshi	访视
fangshu	防暑
fangshuibu	防水布
fangshuiceng	防水层
fangsong	仿宋
fangtanlu	访谈录
fangtanyi	防弹衣
fanguangban	反光板
fanguanzi	饭馆子
fangweigan	方位感
fangwen	防蚊
fangxian	纺线
fangxiangbiao	方向标
fangxiangduo	方向舵
fangxiangji	芳香剂
fangxiangjian	方向键
fangxiangquan	芳香醛
fangxiangyou	芳香油
fangxiangzu	芳香族
fangxiaoru	方孝孺
fangxiaqu	放下去
fangxie	仿写
fangxing	房型
fangyanghua	防氧化
fangyanxue	方言学
fangyingting	放映厅
fangyingyuan	放映员
fangyizhan	防疫站
fangyuan	房源
fangyubu	防雨布
fangyuzhao	防雨罩
fangzhenhua	仿真花
fangzhiji	纺织机
fangzhimin	方志敏
fangzhou	防皱
fangzhu	防蛀
fangzhuo	方桌
fanhou	饭后
fanhua	反华
fanhua	泛化
fanhuang	泛黄
fanjiajiang	番茄酱
fanjian	翻建
fanjiazhi	番茄汁
fanjizhan	反击战
fanlan	泛蓝
fanli	范蠡
fanliangfan	翻两番
fanlu	翻录
fanlv	泛绿
fanma	反码
fanpai	反拍
fanpai	翻牌
fanpeixi	范佩西
fanqian	饭钱
fanquanpang	反犬旁
fanshai	翻晒
fanshejiao	反射角
fansheng	反省
fanshenzhang	翻身仗
fansheqi	反射器
fanshuguo	藩属国
fansizhe	范思哲
fansu	泛素
fantanju	反贪局
fantian	梵天
fantiban	繁体版
fantuolasifa	反托拉斯法
fanwai	番外
fanwen	梵文
fanwen	范文
fanxing	泛型
fanxiqian	反洗钱
fanxiu	返修
fanxiulv	返修率
fanye	翻页
fanyejian	翻页键
fanyiguan	翻译官
fanyiji	翻译机
fanyin	梵音
fanyingfu	反应釜
fanyingre	反应热
fanyingwu	反应物
fanyiqi	翻译器
fanyixue	翻译学
fanyou	反犹
fanyu	梵语
fanyun	犯晕
fanzhao	翻找
fanzhichang	繁殖场
fanzhidi	繁殖地
fanzhili	繁殖力
fanzhiyi	范志毅
fanzhizi	反质子
fanzhongyan	范仲淹
faou	发呕
faqi	法器
faqing	发青
faqiuju	发球局
faqiuquan	发球权
faqiuxian	罚球线
fareguan	发热管
fareliang	发热量
fasha	发傻
fasheji	发射极
fashejia	发射架
fashengqi	发生器
fashi	发饰
fashua	发刷
fashubolinixiya	法属波利尼西亚
fashuguiyana	法属圭亚那
fashuo	法硕
fasuan	发酸
fatieren	发帖人
fawen	法文
fawu	发物
fawubu	法务部
faxi	罚息
faxingliang	发行量
faxinren	发信人
faxuehui	法学会
fayangao	发言稿
fayi	法裔
faying	发硬
fazhai	发债
fazhanguan	发展观
fazhanjingjixue	发展经济学
fazhen	发疹
fazhi	发质
fazhihua	法制化
feibangzui	诽谤罪
feibianshe	费边社
feibiao	非标
feicha	肥差
feichedang	飞车党
feicheng	费城
feicijielade	菲茨杰拉德
feidi	飞抵
feidian	费电
feidianchi	废电池
feidianxing	非典型
feige	菲戈
feiguanshuibilei	非关税壁垒
feiguoda	非国大
feiguoqu	飞过去
feihangqi	飞行棋
feihe	飞鹤
feihuilai	飞回来
feijialuo	费加罗
feijiku	飞机库
feijing	非晶
feijingmai	肺静脉
feijingti	非晶体
feili	飞离
feilipu	菲利普
feilipu	飞利浦
feiliuzhixiasanqianchi	飞流直下三千尺
feilixing	非理性
feimaipin	非卖品
feimen	非门
feimi	费米
feiniaoji	飞鸟集
feiniji	腓尼基
feinong	非农
feiqiu	非酋
feiqiumian	非球面
feiren	飞人
feishengwu	非生物
feishuansai	肺栓塞
feitelieyishi	腓特烈一世
feitianjiang	飞天奖
feiwo	匪窝
feixiaotong	费孝通
feixingfu	飞行服
feixingjia	飞行家
feixingqu	飞行区
feixingwu	飞行物
feixite	费希特
feixu	飞絮
feixunhuan	肺循环
feiyada	飞亚达
feiyan	飞檐
feiye	肺叶
feiyi	非裔
feiyi	飞蚁
feiyong	菲佣
feiyou	废油
feiyu	肺鱼
feizaofen	肥皂粉
feizaohe	肥皂盒
feizhai	肥宅
feizhengyi	非正义
feizhoubei	非洲杯
feizhouren	非洲人
feizhoushi	非洲狮
feizhoutongyizuzhi	非洲统一组织
feizhu	飞猪
feizhuanye	非专业
feizifen	痱子粉
fenbai	粉白
fenbi	分币
fenbianli	分辨力
fenbing	分兵
fenbo	分拨
fenbushijisuan	分布式计算
fenbushixitong	分布式系统
fencanzhi	分餐制
fenchang	分厂
fenchi	粪池
fenda	芬达
fendianqi	分电器
fendishuang	粉底霜
fendouzhe	奋斗者
fendui	坟堆
fendui	粪堆
fenfenran	忿忿然
fengbi	封笔
fengce	封测
fengchen	封臣
fengchuicaodijianniuyang	风吹草低见牛羊
fengdianchang	风电场
fengdu	封堵
fengefu	分隔符
fengexian	分割线
fengexian	分隔线
fenggou	疯狗
fengguan	凤冠
fengguangpian	风光片
fenghexian	缝合线
fenghuanghua	凤凰花
fenghuangshu	凤凰树
fenghuotai	烽火台
fengjianzhi	封建制
fengjicai	冯骥才
fengjingdian	风景点
fengkouling	封口令
fengliang	风量
fenglilaiyuliqu	风里来雨里去
fenglin	峰林
fengmao	风帽
fengmenglong	冯梦龙
fengmianyu	锋面雨
fengmianzhao	封面照
fengren	锋刃
fengrun	丰润
fengshan	封山
fengshang	封赏
fengshen	封神
fengshitong	风湿痛
fengtian	丰田
fengtian	奉天
fenguan	分馆
fenguangjing	分光镜
fenguangyi	分光仪
fengwozhuang	蜂窝状
fengwuchangyifangyanliang	风物长宜放眼量
fengxiang	封箱
fengxianqu	奉贤区
fengxiaogang	冯小刚
fengxiong	丰胸
fengya	风压
fengzhang	疯涨
fengzhang	疯长
fengzhao	凤爪
fengzhigu	风之谷
fenhe	汾河
fenji	粉剂
fenjie	分界
fenjiedian	分界点
fenjihao	分机号
fenjiu	汾酒
fenke	分科
fenkuai	分块
fenlan	分栏
fenlanyu	芬兰语
fenleiqi	分类器
fenliezheng	分裂症
fenliu	粉瘤
fenmiao	分秒
fenmozhuang	粉末状
fenneishi	分内事
fennen	粉嫩
fenpi	粉皮
fenpian	分片
fenqubiao	分区表
fensanxing	分散性
fenshaolu	焚烧炉
fenshenshu	分身术
fenshi	分式
fenshi	分食
fenshu	份数
fenshu	焚书
fenshuduan	分数段
fensituan	粉丝团
fentang	粉汤
fenxing	分型
fenzhengrou	粉蒸肉
fenzhi	分值
fenzhong	坟冢
fenzhu	分株
fenzhuang	粉状
fodian	佛典
fodian	佛殿
foshi	佛事
foudingci	否定词
foxing	佛性
foye	佛爷
fuban	浮板
fuban	腹板
fubanchang	副班长
fubaoshi	傅抱石
fubiao	附表
fubing	斧柄
fubingzhi	府兵制
fubuchang	副部长
fubuji	副部级
fuchai	夫差
fuchu	抚触
fuchuchang	副处长
fuchulai	孵出来
fudao	妇道
fudao	福岛
fudaoshu	辅导书
fudianhe	负电荷
fudiao	复调
fuduichang	副队长
fuduji	复读机
fuerjia	伏尔加
fufanying	副反应
fufen	赋分
fugao	副高
fugaoyan	附睾炎
fuge	赋格
fugesen	弗格森
fugongshou	副攻手
fuguo	腐国
fuhaobang	富豪榜
fuheju	复合句
fuhualv	孵化率
fuhuayou	氟化铀
fuhuojie	复活节
fuji	富集
fujian	复建
fujian	复检
fujianshifandaxue	福建师范大学
fujianv	富家女
fujiazi	富家子
fujiniyazhou	弗吉尼亚州
fujizhan	伏击战
fujuchang	副局长
fukan	复刊
fuke	福柯
fukebing	妇科病
fukeji	副科级
fukelanqundao	福克兰群岛
fuken	复垦
fukena	福克纳
fukuafeng	浮夸风
fukuanren	付款人
fulaiming	弗莱明
fulajimier	弗拉基米尔
fuleidelike	弗雷德里克
fulian	复联
fuliang	氟里昂
fulidun	弗里敦
fuliye	傅立叶
fuliye	傅里叶
fuloubai	福楼拜
fuluociwafu	弗罗茨瓦夫
fulushou	福禄寿
fumian	幅面
fumingxia	伏明霞
fumo	附魔
fumuguan	父母官
funvjie	妇女节
funvlia	父女俩
fupai	俯拍
fuping	副屏
fuping	复评
fuqiangjing	腹腔镜
fuqinjie	父亲节
fuqiu	浮球
fuquan	父权
fuquan	赋权
furongwang	芙蓉王
fusang	扶桑
fushechen	辐射尘
fushengchang	副省长
fushere	辐射热
fushexian	辐射线
fushi	富士
fushide	浮士德
fushidian	副食店
fushidian	服饰店
fushikang	富士康
fushilou	复式楼
fushitong	富士通
fushitu	俯视图
fushouganweiruziniu	俯首甘为孺子牛
fushouxiang	扶手箱
fushuguo	附属国
fushun	抚顺
fusizhang	副司长
fusuochang	副所长
futai	福态
fute	福特
futejijinhui	福特基金会
futi	副题
futian	伏天
futianqu	福田区
futong	浮筒
futu	附图
futuanchang	副团长
fuwa	福娃
fuwang	父王
fuwuduan	服务端
fuwugongyingshang	服务供应商
fuxi	伏羲
fuxianchang	副县长
fuxianquan	副线圈
fuxiaochang	副校长
fuxihuosuofu	福兮祸所伏
fuxingmen	复兴门
fuxinlang	负心郎
fuxiti	复习题
fuxiu	拂袖
fuxuan	复选
fuyan	复验
fuyan	附言
fuyang	阜阳
fuyangjiao	俯仰角
fuyao	敷药
fuyongguo	附庸国
fuyouxiang	副油箱
fuyu	负于
fuzeng	附赠
fuzengchang	负增长
fuzezhi	负责制
fuzhang	腹胀
fuzhi	副职
fuzhi	肤质
fuzhizhi	腐殖质
fuzhong	复种
fuzhoushi	福州市
fuzhubian	副主编
fuzhuoli	附着力
fuzhuxian	辅助线
fuzi	浮子
fuzi	麸子
fuzimiao	夫子庙
fuzong	副总
fuzongbian	副总编
fuzuchang	副组长
fuzuigan	负罪感
fuzuoyi	傅作义
gabengcui	嘎嘣脆
gaerdan	噶尔丹
gahei	尬黑
gaiban	盖板
gaicheng	改乘
gaichuo	盖戳
gaici	盖茨
gaikuojian	改扩建
gailancai	芥蓝菜
gailvmiduhanshu	概率密度函数
gaimao	概貌
gaiminger	改明儿
gainianche	概念车
gainiangu	概念股
gaipian	钙片
gaisuan	概算
gaitaikuang	钙钛矿
gaixingji	改性剂
gaizhuangche	改装车
ganba	干爸
ganbai	干白
ganbuliao	干不了
ganchang	赶场
ganchun	甘醇
gandan	肝胆
gandeshang	赶得上
ganenjie	感恩节
gangao	港澳
gangban	港版
gangbao	港胞
gangbi	港币
gangbihua	钢笔画
gangbishui	钢笔水
gangbiya	冈比亚
gangbizi	钢笔字
gangchang	肛肠
gangdai	钢带
gangdao	港岛
gangding	钢钉
gangdisi	冈底斯
gangfu	港府
ganggai	缸盖
ganggouqiao	刚构桥
ganggu	港股
gangguogongheguo	刚果共和国
gangguohe	刚果河
gangguominzhugongheguo	刚果民主共和国
ganghua	钢化
ganghuo	港货
gangjia	钢架
gangju	港剧
ganglingxing	纲领性
gangman	港漫
gangmu	纲目
gangongneng	肝功能
gangpao	钢炮
gangpian	港片
gangping	钢瓶
gangqinpu	钢琴谱
gangqiu	钢球
gangshang	港商
gangshui	钢水
gangsishua	钢丝刷
gangsiwang	钢丝网
gangtaiqiang	港台腔
ganguangji	感光剂
ganguolai	赶过来
ganguoqu	赶过去
gangwu	港务
gangying	刚硬
gangzhen	钢针
gangzi	港资
gangzi	缸子
ganhong	干红
ganhua	干花
ganjiejie	干姐姐
ganju	赣剧
ganlanse	橄榄色
ganleng	干冷
ganlu	甘露
ganma	干吗
ganmei	甘美
ganminger	赶明儿
gannan	甘南
gannubuganyan	敢怒不敢言
ganqi	肝气
ganqiao	赶巧
ganqin	干亲
ganranxing	感染性
ganraoji	干扰机
ganraoyuan	干扰源
ganrefeng	干热风
gansha	干啥
ganshanglai	赶上来
ganshi	干湿
gansu	肝素
gantanger	赶趟儿
gantetu	甘特图
ganweitianxiaxian	敢为天下先
ganxibao	肝细胞
ganxidian	干洗店
ganxing	干性
ganyan	感言
ganyiji	干衣机
ganyouzhi	甘油酯
ganzhezhi	甘蔗汁
ganzhi	赶制
ganzhiji	感知机
ganzhou	赣州
ganzhoushi	赣州市
ganzi	柑子
ganzicangzuzizhizhou	甘孜藏族自治州
gaobiesai	告别赛
gaobuding	搞不定
gaocaisheng	高才生
gaocangjian	高仓健
gaodanbai	高蛋白
gaodengjiaoyuchubanshe	高等教育出版社
gaodianping	高电平
gaodong	搞懂
gaodubiao	高度表
gaoduceng	高度层
gaoduixiang	搞对象
gaoduji	高度计
gaoer	高二
gaofaqi	高发期
gaofaqu	高发区
gaofu	告负
gaogandeng	高杆灯
gaogaode	高高的
gaogeer	高个儿
gaohaoneng	高耗能
gaohu	高胡
gaojia	告假
gaojian	高检
gaojigong	高级工
gaojingjian	高精尖
gaojirenminfayuan	高级人民法院
gaokua	搞垮
gaolaotou	高老头
gaoli	高丽
gaoliangjiu	高粱酒
gaoliangmi	高粱米
gaoling	高领
gaolingshi	高岭石
gaolu	高卢
gaolujie	高露洁
gaomao	高帽
gaonianji	高年级
gaopao	高炮
gaopiao	高票
gaopinci	高频词
gaopo	告破
gaoqiya	高气压
gaoshanzu	高山族
gaosusheyingji	高速摄影机
gaotangang	高碳钢
gaoti	膏体
gaotongliang	高通量
gaoxiaosong	高晓松
gaoxuan	高悬
gaoxuezhi	高血脂
gaoyao	高腰
gaoyi	高一
gaoyuanyuan	高圆圆
gaozhishang	高智商
gaozijie	高字节
gaozitai	高姿态
gaozu	高祖
gebenhagendaxue	哥本哈根大学
gebi	戈壁
gedaer	戈达尔
gedai	隔代
gede	各地
gedebahecaixiang	哥德巴赫猜想
gedi	割地
geerbaqiaofu	戈尔巴乔夫
geermen	哥儿们
gegenfen	葛根粉
gehou	割喉
gehuang	铬黄
geji	歌妓
gejutuan	歌剧团
gekai	割开
gelaimei	格莱美
gelanshi	格兰仕
gelanshi	革兰氏
gelao	仡佬
gelaohui	哥老会
gelaozu	仡佬族
geleshan	歌乐山
geli	格力
gelicang	隔离舱
gelili	格里历
geliqiang	隔离墙
gelishi	隔离室
gelunbiyadaxue	哥伦比亚大学
gelunbiyagemingwuzhuangliliang	哥伦比亚革命武装力量
geluoke	格洛克
gelvshi	格律诗
gemener	哥们儿
gemingyingxiongzhuyi	革命英雄主义
gemingzhe	革命者
genbu	根部
gendanyuan	跟单员
gendeshang	跟得上
gendu	跟读
gengchi	羹匙
gengniu	耕牛
gengwan	庚烷
gengxinbao	更新包
gengxinshi	更新世
gengyigui	更衣柜
genmao	根毛
genqianer	跟前儿
gensuizhe	跟随者
gentie	跟帖
gentuan	跟团
genzhi	根植
gepeier	戈培尔
gepu	歌谱
geqiang	隔墙
gereban	隔热板
gereceng	隔热层
gerenzisaomenqianxue	各人自扫门前雪
gesake	哥萨克
gesao	哥嫂
gesha	格杀
geshen	歌神
gesuan	铬酸
getihua	个体化
getinggendaxue	哥廷根大学
getouer	个头儿
gewala	格瓦拉
gewen	格纹
gewupian	歌舞片
gewuting	歌舞厅
geyecha	隔夜茶
geyefan	隔夜饭
geyinmian	隔音棉
geyou	葛优
gezhiwo	胳肢窝
gezhizhi	咯吱吱
gezhouba	葛洲坝
gezilong	鸽子笼
geziqun	格子裙
gongbenfei	工本费
gongbi	公比
gongbu	弓步
gongcai	贡菜
gongchanzhuyiqingniantuan	共产主义青年团
gongchanzhuyizhe	共产主义者
gongchengche	工程车
gongchengdui	工程队
gongchengjun	工程菌
gongchengkuan	工程款
gongchengliang	工程量
gongchengyuan	工程院
gongdaohua	公道话
gongdebei	功德碑
gongdianju	供电局
gongdu	共度
gongduan	工段
gonge	公鹅
gongfa	功法
gongfubufuyouxinren	功夫不负有心人
gongfucha	工夫茶
gongfupian	功夫片
gonggaolan	公告栏
gonggongke	公共课
gonggou	公狗
gonghang	工行
gonghuifa	工会法
gongjia	共价
gongjihui	共济会
gongjiliang	供给量
gongjimian	攻击面
gongjubao	工具包
gongjuche	工具车
gongjugui	工具柜
gongjuwu	共聚物
gongkong	工控
gongli	巩俐
gonglihua	公理化
gonglv	公驴
gonglvbiao	功率表
gongmian	共勉
gongnengqu	功能区
gongnongbingxueyuan	工农兵学员
gongqi	供气
gongqi	公汽
gongqijun	宫崎骏
gongqing	恭请
gongqingtuan	共青团
gongqingtuanzhongyang	共青团中央
gongqingtuanzhongyangshujichu	共青团中央书记处
gongquan	公权
gongquanli	公权力
gongrentiyuchang	工人体育场
gongshangju	工商局
gongshanglian	工商联
gongshangxingzhengguanliju	工商行政管理局
gongshou	攻守
gongsong	恭送
gongsu	攻速
gongsunzan	公孙瓒
gongtian	公田
gongting	恭听
gongwendai	公文袋
gongwuche	公务车
gongxianlv	贡献率
gongxianxing	共线性
gongxiao	工效
gongxiaoshe	供销社
gongxin	工薪
gongyang	供氧
gongyeyan	工业盐
gongyeyuan	工业园
gongyilin	公益林
gongying	恭迎
gongyinshu	公因数
gongyou	供油
gongyuan	贡院
gongzhengyuan	公证员
gongzhi	工质
gongzhuo	供桌
gongzi	公仔
gongzidan	工资单
gongzitiao	工资条
gongzixing	工字型
gongzizhen	龚自珍
gouan	苟安
goubuli	狗不理
goubushang	够不上
gouche	购车
gouchong	钩虫
goucifa	构词法
goudiao	勾掉
goufangzhe	购房者
gouhui	沟回
goujian	勾践
goujin	购进
goulei	勾勒
goulian	狗链
goumianzi	够面子
goushu	够数
gouwudan	购物单
gouwukuang	购物狂
gouwulan	购物篮
gouwuzhe	购物者
gouxian	勾线
gouxiang	构象
gouxiao	购销
gouxue	狗血
gouyaolvdongbin	狗咬吕洞宾
gouyu	狗鱼
gouzhu	勾住
gouzhuwu	构筑物
guabizi	刮鼻子
guadalahala	瓜达拉哈拉
guadan	挂单
guadou	挂斗
guagan	瓜干
guagong	刮宫
guahen	刮痕
guahuangzi	挂幌子
guaibaobao	乖宝宝
guaiguoqu	拐过去
guaihaizi	乖孩子
guailun	怪论
guaishi	怪石
guaizao	拐枣
guajiang	刮奖
guanbenwei	官本位
guancai	管材
guancanghai	观沧海
guanchao	观潮
guanchatuan	观察团
guancheng	管程
guandao	关岛
guandaogong	管道工
guandeng	关灯
guandi	关帝
guandongtang	关东糖
guandu	官渡
guanfu	官服
guangan	广安
guangansuan	胱氨酸
guangbodianshiju	广播电视局
guangbogao	广播稿
guangbolu	光波炉
guangcheng	光程
guangchumei	光触媒
guangcuihua	光催化
guangdao	广岛
guangdian	光点
guangdianju	广电局
guangdianliu	光电流
guangdong	广东
guangdongcai	广东菜
guangdongfazhanyinhang	广东发展银行
guangfanying	光反应
guanggaoci	广告词
guanggaoxue	广告学
guanggaoye	广告业
guanggunhan	光棍汉
guanggunjie	光棍节
guanghangong	广寒宫
guanghuxi	光呼吸
guangjiaohui	广交会
guangjiedu	光洁度
guangliangzi	光量子
guangliuliu	光溜溜
guangmingjie	光明节
guangong	关公
guangqi	广汽
guangre	光热
guangshanshan	光闪闪
guangshi	广式
guangtongxin	光通信
guangua	鳏寡
guanguangtuan	观光团
guangxingcha	光行差
guangxishifandaxue	广西师范大学
guangxiyishuxueyuan	广西艺术学院
guangxizhuangzuzizhiqu	广西壮族自治区
guangxu	光绪
guangxudi	光绪帝
guangya	光压
guangyan	光焰
guangyu	广域
guangyuan	广元
guangyuanshi	广元市
guangyulan	广玉兰
guangzhoubaiyunguojijichang	广州白云国际机场
guangzhouhua	广州话
guangzhoumeishuxueyuan	广州美术学院
guangzhoutiyuxueyuan	广州体育学院
guanhanqing	关汉卿
guanjiandian	关键点
guanjianzhen	关键帧
guanjietong	关节痛
guanjing	管径
guanjinqu	关进去
guanliandu	关联度
guanlianfang	关联方
guanliaozibenzhuyi	官僚资本主义
guanliceng	管理层
guanlixinxixitong	管理信息系统
guanmao	官帽
guanmaozongxieding	关贸总协定
guanmingquan	冠名权
guannengzheng	官能症
guanpei	官配
guanqi	官气
guanqiang	官腔
guanquelou	鹳雀楼
guanru	灌入
guanshang	官商
guanshi	管事
guantanamowan	关塔那摩湾
guantouhe	罐头盒
guantouping	罐头瓶
guanxi	关西
guanxijian	盥洗间
guanxishujuku	关系数据库
guanyao	官窑
guanyin	观音
guanying	官营
guanyintu	观音土
guanyinzhu	观音竹
guanyong	管涌
guanyu	关羽
guanyuedui	管乐队
guanyun	官运
guanzhan	观展
guanzhang	馆长
guanzhao	观照
guanzhiyuan	管制员
guanzhong	关中
guanzhong	管仲
guanzhu	馆主
guanzhuang	灌装
guanzhuang	管状
guarang	瓜瓤
guaxialai	刮下来
guaxiang	卦象
guaziren	瓜子仁
gubaidan	顾拜旦
guben	孤本
gucheng	古称
guchui	鼓槌
guchui	鼓锤
gucunluo	古村落
gudengbao	古登堡
gudianwu	古典舞
gudiao	骨雕
gudinghuilvzhi	固定汇率制
gudongdian	古董店
gudu	咕嘟
gudugan	孤独感
guerbantongguteshamo	古尔班通古特沙漠
gufenhezuozhi	股份合作制
gufenzhi	股份制
guganwang	骨干网
gugong	雇工
gugongbowuyuan	故宫博物院
gugu	咕咕
guguanjie	骨关节
gugujing	股骨颈
gugutou	股骨头
guhuiji	骨灰级
guhuozi	古惑仔
guibaili	跪拜礼
guibinka	贵宾卡
guibinxi	贵宾席
guichuideng	鬼吹灯
guidianzi	鬼点子
guifanzi	规范字
guifei	规费
guigang	硅钢
guigang	贵港
guigangpian	硅钢片
guigehua	规格化
guiguzi	鬼谷子
guihuashi	规划师
guihuashu	桂花树
guihuawu	硅化物
guijia	归家
guijianchou	鬼见愁
guijie	鬼节
guike	贵客
guilin	桂林
guilinshi	桂林市
guimen	柜门
guinie	圭臬
guiqiu	跪求
guirenduowangshi	贵人多忘事
guisuanna	硅酸钠
guitian	跪舔
guiwan	硅烷
guixiang	归降
guiyangwan	硅氧烷
guiyihua	归一化
guiyou	硅油
guiyuan	桂圆
guizaotu	硅藻土
guizhou	贵州
guizhuyi	鬼主意
guizi	跪姿
gujiadan	估价单
gujiashi	估价师
gujiegang	顾颉刚
gujiehe	骨结核
gujilatebang	古吉拉特邦
gujin	股金
gujin	鼓劲
gujun	古菌
gujun	孤军
gukaizhi	顾恺之
gulang	孤狼
gulaorou	咕咾肉
gulijiang	鼓励奖
gulong	古龙
gululu	咕噜噜
guluoma	古罗马
gumidu	骨密度
gumoyan	骨膜炎
gunangnang	鼓囊囊
gunchu	滚出
gunchulai	滚出来
gunchuqu	滚出去
gunfan	滚翻
gunong	雇农
gunre	滚热
gunshi	滚石
gunv	孤女
gunxueqiu	滚雪球
gunzhuan	滚转
guoao	国奥
guoban	国办
guobaohe	过饱和
guobayin	过把瘾
guochanche	国产车
guochanhuo	国产货
guochanpian	国产片
guocuofang	过错方
guodanpi	果丹皮
guodeying	过得硬
guodudai	过渡带
guofangbu	国防部
guofangkejidaxue	国防科技大学
guofangweiyuanhui	国防委员会
guofucheng	郭富城
guofulun	国富论
guoge	国格
guohang	国航
guohuajia	国画家
guohufei	过户费
guohuier	过会儿
guojiaanquanbu	国家安全部
guojiabowuguan	国家博物馆
guojiadajuyuan	国家大剧院
guojiaguangdianzongju	国家广电总局
guojiahaiyangju	国家海洋局
guojiahangkonghangtianju	国家航空航天局
guojiajihuaweiyuanhui	国家计划委员会
guojiakejijinbujiang	国家科技进步奖
guojialinyeju	国家林业局
guojialvyouju	国家旅游局
guojiaobu	裹脚布
guojiapingpangqiudui	国家乒乓球队
guojiasenlingongyuan	国家森林公园
guojiashuiwuzongju	国家税务总局
guojiatiyuzongju	国家体育总局
guojiatushujiang	国家图书奖
guojiawaihuiguanliju	国家外汇管理局
guojiaxingzhengxueyuan	国家行政学院
guojiayancaozhuanmaiju	国家烟草专卖局
guojiayaojianju	国家药监局
guojiayaopinjianduguanliju	国家药品监督管理局
guojiazhongyiyaoguanliju	国家中医药管理局
guojiazirankexuejijin	国家自然科学基金
guojiban	国际版
guojibiaozhunhuazuzhi	国际标准化组织
guojifunvjie	国际妇女节
guojiguangbodiantai	国际广播电台
guojiguanxixueyuan	国际关系学院
guojihaishizuzhi	国际海事组织
guojihongshizihui	国际红十字会
guojihuobijijinzuzhi	国际货币基金组织
guojihushijie	国际护士节
guojilaogongzuzhi	国际劳工组织
guojingjing	郭晶晶
guojingming	郭敬明
guojingxian	国境线
guojiu	国舅
guojixingjingzuzhi	国际刑警组织
guojiyuanzinengjigou	国际原子能机构
guoke	果壳
guoliang	过梁
guolu	过路
guolufang	锅炉房
guolugong	锅炉工
guolv	过虑
guolvwang	过滤网
guomei	国美
guomingemingjun	国民革命军
guominxing	国民性
guominzheng	过敏症
guomoruo	郭沫若
guoneifa	国内法
guoneigemingzhanzheng	国内革命战争
guoneiyou	国内游
guopu	果脯
guoqian	过谦
guoqiaofei	过桥费
guoqilai	裹起来
guoqing	国庆
guoqinlun	过秦论
guoqiu	国球
guose	国色
guoshi	国士
guoshizui	过失罪
guoshoujing	郭守敬
guoshui	国税
guosongtao	郭嵩焘
guosuan	果酸
guotangfeng	过堂风
guotongqu	国统区
guotui	裹腿
guotuju	国土局
guotuziyuanbu	国土资源部
guowen	国文
guowuyuanbangongting	国务院办公厅
guowuyuanfazhanyanjiuzhongxin	国务院发展研究中心
guowuyuantaiwanshiwubangongshi	国务院台湾事务办公室
guowuyuanxinwenban	国务院新闻办
guowuyuanxinwenbangongshi	国务院新闻办公室
guoxiong	裹胸
guoyu	国语
guozhang	过账
guozhuang	锅庄
guozihao	国字号
guozijian	国子监
guozuni	过阻尼
guping	股评
guqian	古钱
guqianbuguhou	顾前不顾后
gurouliu	骨肉瘤
gusao	姑嫂
gushengjie	古生界
gushenxing	谷神星
gushici	古诗词
gushihui	故事会
gushiji	故事集
gushishu	故事书
gushiwen	古诗文
gushixing	故事性
gushu	鼓书
gusu	姑苏
gusuiku	骨髓库
gusuiliu	骨髓瘤
gusuiyan	骨髓炎
guteyi	固特异
gutianle	古天乐
gutifeiqiwu	固体废弃物
gutoubuguwei	顾头不顾尾
gutoutang	骨头汤
guwentuan	顾问团
guxiang	骨相
guxijun	古细菌
guxinshi	古新世
guya	古雅
guyanwu	顾炎武
guyi	古意
guyishanghaizui	故意伤害罪
guyisharenzui	故意杀人罪
guyuan	古猿
guyuan	固原
guyue	鼓乐
guzhen	古镇
guzhi	骨质
guzhuangpian	古装片
guzuzhi	骨组织
hadeng	哈登
haerbingongchengdaxue	哈尔滨工程大学
haerbingongyedaxue	哈尔滨工业大学
haerbinjunshigongchengxueyuan	哈尔滨军事工程学院
haerbinligongdaxue	哈尔滨理工大学
hafushangxueyuan	哈佛商学院
hagongda	哈工大
hahaha	哈哈哈
haidian	海淀
haidianqu	海淀区
haidiao	海雕
haier	海尔
haifeisi	海飞丝
haiguai	海怪
haijingfang	海景房
haijinsha	海金沙
haiku	害苦
haikuopingyuyue	海阔凭鱼跃
hailiu	海流
hailu	海路
hailufeng	海陆风
hailun	海轮
haiman	海鳗
haimingwei	海明威
hainan	海南
haineicunzhiji	海内存知己
haipai	海派
haipaoshi	海泡石
haipi	嗨皮
hairui	海瑞
haisenbao	海森堡
haishangfa	海商法
haishangshengmingyue	海上生明月
haishe	海蛇
haishou	海兽
haitu	海图
haiwang	海王
haiwu	海雾
haixia	海虾
haixie	海蟹
haixin	海信
haiya	海牙
haiyan	海燕
haiyangfa	海洋法
haiyangneng	海洋能
haizhepi	海蜇皮
halaimu	哈莱姆
halalei	哈拉雷
hali	哈利
halifakesi	哈利法克斯
hamasi	哈马斯
hami	哈密
hamidun	哈密顿
hanban	韩版
hanbing	寒冰
hanbingchang	旱冰场
hanbingxie	旱冰鞋
hancan	韩餐
hancencen	汗涔涔
hanchao	汉朝
hancheng	汉城
handai	汉代
handan	邯郸
handao	旱稻
handi	旱地
hanfei	韩非
hanfeizi	韩非子
hanfeng	焊缝
hangaozu	汉高祖
hangbaiju	杭白菊
hangbangcai	杭帮菜
hangdao	巷道
hangeng	韩庚
hanghaitu	航海图
hangjiao	杭椒
hangkongbing	航空兵
hanglidai	行李袋
hanglijia	行李架
hangshidayinji	行式打印机
hangtianfu	航天服
hangtianzhan	航天站
hangtuqiang	夯土墙
hanguang	寒光
hangweifan	行为犯
hangxiangliang	行向量
hangxingdeng	航行灯
hangyou	航油
hangzhengchufafa	行政处罚法
hangzhengguanlixue	行政管理学
hangzhouhua	杭州话
hangzhouwan	杭州湾
hanhan	憨憨
hanhan	韩寒
hanhaoniao	寒号鸟
hanhen	含恨
hanhua	汉化
hanhuaban	汉化版
hanhuabao	汉化包
hanji	旱季
hanji	焊机
hanjiao	汗脚
hanjingdi	汉景帝
hanju	汉剧
hanlao	旱涝
hanliang	寒凉
hanlianshe	韩联社
hanlin	翰林
hanlingdi	汉灵帝
hanlu	寒露
hanma	悍马
hanmai	喊麦
hanmei	寒梅
hanmei	韩媒
hanmo	汉末
hanniba	汉尼拔
hannuota	汉诺塔
hanran	酣然
hanren	汉人
hanse	寒色
hansha	汉莎
hanshansi	寒山寺
hanshi	寒湿
hanshi	韩式
hanshijie	寒食节
hanshizhong	韩世忠
hanshouban	函授班
hanshu	寒暑
hanshu	汉书
hanshubiao	寒暑表
hanshui	汉水
hanshuiliang	含水量
hanshuilv	含水率
hanshuku	函数库
hantangliang	含糖量
hantian	旱田
hantiao	焊条
hanwen	汉文
hanwendi	汉文帝
hanxiandi	汉献帝
hanxiao	憨笑
hanxin	韩信
hanxuandi	汉宣帝
hanxue	汉学
hanxun	函询
hanyang	含氧
hanyangliang	含氧量
hanyanliang	含盐量
hanyi	汉译
hanyu	韩愈
hanyuandi	汉元帝
hanyuefu	汉乐府
hanyuyan	汉语言
hanzeibuliangli	汉贼不两立
hanzhan	寒颤
hanzhen	汗疹
hanzheng	汗蒸
hanzi	汗渍
hanzu	汉族
haocaitou	好彩头
haocao	蒿草
haochufei	好处费
haodianliang	耗电量
haodu	豪赌
haoduan	号段
haohaidong	郝海东
haoheng	豪横
haohuaban	豪华版
haojie	耗竭
haoke	浩克
haolai	好赖
haoli	毫厘
haolilai	好利来
haonaner	好男儿
haopinglv	好评率
haoqing	豪情
haoshen	耗神
haoshengxin	好胜心
haotao	号啕
haowaner	好玩儿
haowen	好闻
haoyin	豪饮
haoyong	耗用
haoyou	耗油
haoyouduo	好又多
haoyue	皓月
haozi	蒿子
haoziyao	耗子药
haqi	哈气
harizu	哈日族
hasake	哈萨克
hawana	哈瓦那
hayeke	哈耶克
heaixing	褐矮星
hebao	核爆
hebeishifandaxue	河北师范大学
hebi	鹤壁
hechangdui	合唱队
hechengkongjingleida	合成孔径雷达
hechi	河池
heci	核磁
hedaji	核打击
hedanbai	核蛋白
hedaotan	核导弹
hedeng	河灯
hedi	河堤
hedinghong	鹤顶红
hedongshi	河东狮
heduan	河段
hefa	核发
hefeigongyedaxue	合肥工业大学
hefeiliao	核废料
hegang	鹤岗
hegangshi	鹤岗市
hegepin	合格品
hegongda	合工大
hegu	颌骨
hehongse	褐红色
hehuachi	荷花池
hehuanshu	合欢树
heibaipian	黑白片
heibaiqi	黑白棋
heibanca	黑板擦
heibao	黑豹
heidou	黑豆
heiguafu	黑寡妇
heiguo	黑锅
heihai	黑海
heihuhu	黑乎乎
heihuo	黑货
heiliangliang	黑亮亮
heiliao	黑料
heilongjiang	黑龙江
heimengmeng	黑蒙蒙
heimi	黑米
heimofa	黑魔法
heipi	黑啤
heipijiu	黑啤酒
heiqiang	黑枪
heiqumei	黑曲霉
heirebing	黑热病
heisenlin	黑森林
heishili	黑势力
heisi	黑丝
heisuibing	黑穗病
heitanmu	黑檀木
heitou	黑头
heiwukuang	黑钨矿
heixian	黑线
heixinchang	黑心肠
heixinmian	黑心棉
heixinqian	黑心钱
heiyaya	黑压压
heiyehou	黑叶猴
heiying	黑鹰
heiyouyou	黑油油
heiyouyou	黑黝黝
heiyu	黑鱼
heiyunyachengchengyucui	黑云压城城欲摧
heizao	黑枣
heizhensuo	黑诊所
heizhenzhu	黑珍珠
heizhima	黑芝麻
heizhongjie	黑中介
heizhongren	黑种人
heizi	黑字
heizuofang	黑作坊
hejia	阖家
hejiahuan	阖家欢
hejian	核减
hejingang	合金钢
hejinqu	喝进去
hejiong	何炅
helakelite	赫拉克利特
helandun	荷兰盾
helanju	荷兰菊
helanwen	荷兰文
helanzhu	荷兰猪
helasi	贺拉斯
heli	核力
hema	荷马
hemei	核酶
hemianbu	颌面部
hemin	赫敏
hemo	核膜
hemudu	河姆渡
henanshifandaxue	河南师范大学
henbuneng	恨不能
hengban	横版
hengda	恒大
hengdeer	亨德尔
hengdi	横笛
hengduanshan	横断山
henggan	横杆
hengli	亨利
hengliang	恒量
hengping	横屏
hengqiemian	横切面
hengshan	恒山
hengsheng	恒生
hengshuishi	衡水市
hengwenxiang	恒温箱
hengxingri	恒星日
hengyang	衡阳
hengyuanxiang	恒源祥
hengzhi	恒指
hengzhi	横置
hengzhou	横轴
henian	贺年
henla	狠辣
henliang	痕量
hepaipian	合拍片
hepingjiang	和平奖
heqin	和亲
heshan	河山
heshen	和珅
heshigu	核事故
hesuanmei	核酸酶
hesuipian	贺岁片
hetang	荷塘
hetaomu	核桃木
hetaoshu	核桃树
hetaoyou	核桃油
heti	赫梯
hetiekuang	褐铁矿
hetonggong	合同工
hetongshu	合同书
hetongzhi	合同制
hewanglan	鹤望兰
heweixie	核威胁
hexia	河虾
hexiangning	何香凝
hexiaxian	颌下腺
hexielou	核泄漏
hexuli	赫胥黎
heyan	核验
heyecha	荷叶茶
heyingqin	何应钦
heyizhi	合议制
heyuan	河源
hezai	荷载
hezao	褐藻
hezha	合闸
hezhanlve	核战略
hezhizhang	贺知章
hezhou	贺州
hezhuang	盒装
hezong	合纵
hongbaishi	红白事
hongbang	红榜
hongbaoshu	红宝书
hongbi	红笔
hongcancan	红灿灿
hongchengchou	洪承畴
hongchong	红虫
hongdian	红点
hongdoushan	红豆杉
hongerfangmianjun	红二方面军
hongfu	鸿福
hongfushi	红富士
hongguan	红馆
honghaier	红孩儿
honghehanizuyizuzizhizhou	红河哈尼族彝族自治州
honghese	红褐色
honghu	红狐
honghuang	洪荒
honghuchiweidui	洪湖赤卫队
hongjiao	红椒
hongkouqu	虹口区
hongkouzuqiuchang	虹口足球场
hongliu	红柳
hongmei	红梅
hongmi	红米
hongmofang	红磨坊
hongniu	红牛
hongpishu	红皮书
hongqigong	洪七公
hongqiqu	红旗渠
hongquan	洪拳
hongrang	红壤
hongshan	红杉
hongshaoyu	红烧鱼
hongsheng	红绳
hongshuangxi	红双喜
hongsifangmianjun	红四方面军
hongsong	红松
hongtashan	红塔山
hongtongtong	红通通
hongwaideng	红外灯
hongwaiguang	红外光
hongwaiguangpuyi	红外光谱仪
hongwu	洪武
hongxiaobing	红小兵
hongxiaodou	红小豆
hongxinyue	红新月
hongxue	红学
hongxuesi	红血丝
hongyifangmianjun	红一方面军
hongyuhei	红与黑
hongyun	鸿运
hongzao	红藻
hongzehu	洪泽湖
hongzhang	红掌
hongzhen	红疹
hongzhizhu	红蜘蛛
hongzhuan	红砖
hongzong	红棕
hongzunyu	虹鳟鱼
houai	喉癌
houbaolin	侯宝林
houchang	后场
houdie	后爹
houfangxian	后防线
houheixue	厚黑学
houhoude	厚厚的
houhuan	后患
houhuiyao	后悔药
houji	候机
houjin	后晋
houjin	后金
houjinsheng	后进生
houjishi	候机室
houlaizhe	后来者
houlang	后浪
houpu	厚朴
houqu	后驱
houshi	后市
houshitu	后视图
houtang	后唐
houtui	后腿
houwang	猴王
houxiandai	后现代
houxiaoxian	侯孝贤
houxuanci	候选词
houyi	后移
houyi	后羿
houyuantuan	后援团
houzang	厚葬
houzhao	后赵
houzhou	后周
houzhuiming	后缀名
houzuoli	后座力
huaban	画板
huabei	花呗
huabeidianlidaxue	华北电力大学
huabiaojiang	华表奖
huabingchang	滑冰场
huabingxie	滑冰鞋
huabu	华埠
huacheng	花城
huadao	滑道
huadao	花道
huadenghao	划等号
huadong	华东
huadongligongdaxue	华东理工大学
huadongshifandaxue	华东师范大学
huaerjie	华尔街
huafenguan	花粉管
huafu	华服
huagai	滑盖
huagu	花菇
huagui	滑轨
huaguniang	花姑娘
huaguofeng	华国锋
huaguoqu	滑过去
huaguoshan	花果山
huahangdao	滑行道
huaidian	坏点
huaieming	怀俄明
huaiguanjie	踝关节
huaihua	怀化
huaihua	槐花
huaiju	淮剧
huaijun	淮军
huailian	怀恋
huainan	淮南
huainanzi	淮南子
huaisu	怀素
huaixiaoxi	坏消息
huaixinyan	坏心眼
huaiyangcai	淮扬菜
huaiyilun	怀疑论
huajia	花架
huajian	化简
huajiaofen	花椒粉
huajiaomian	花椒面
huajiaoyou	花椒油
huajie	划界
huajiju	滑稽剧
huajing	化境
huajixi	滑稽戏
huaju	画具
huajutuan	话剧团
hualan	花篮
hualao	话唠
hualian	花脸
hualimu	花梨木
hualuogeng	华罗庚
huameinan	花美男
huameiniao	画眉鸟
huamiangan	画面感
huamingce	花名册
huamoyan	滑膜炎
huana	华纳
huanan	华南
huananhu	华南虎
huananligongdaxue	华南理工大学
huanannongyedaxue	华南农业大学
huanbaofa	环保法
huanbohai	环渤海
huanchongqi	缓冲期
huanci	环伺
huanen	滑嫩
huaneng	华能
huanfang	幻方
huangama	皇阿玛
huangan	磺胺
huangbo	黄渤
huangcancan	黄灿灿
huangchao	黄巢
huangcheng	皇城
huangdanju	荒诞剧
huangdaomian	黄道面
huangdeng	黄灯
huangdi	黄帝
huangdiling	黄帝陵
huangdouya	黄豆芽
huangdudu	黄赌毒
huange	欢歌
huangfu	皇甫
huanggai	黄盖
huanggang	黄冈
huanggongwang	黄公望
huangguifei	皇贵妃
huangguoshu	黄果树
huanghelou	黄鹤楼
huanghesanjiaozhou	黄河三角洲
huanghuabing	黄化病
huanghuai	黄淮
huanghuaihaipingyuan	黄淮海平原
huanghuali	黄花梨
huanghuangbukezhongri	惶惶不可终日
huangjiao	黄教
huangjiguang	黄继光
huangjin	黄巾
huangjinjun	黄巾军
huanglei	黄磊
huangli	皇历
huangling	皇陵
huanglu	黄栌
huangma	皇马
huangmagua	黄马褂
huangmao	黄毛
huangmei	黄梅
huangmeitian	黄梅天
huangmeixi	黄梅戏
huangmi	黄米
huangni	黄泥
huangniudang	黄牛党
huangpao	黄袍
huangpishu	黄皮书
huangpu	黄埔
huangpu	黄浦
huangpujiang	黄浦江
huangqin	皇亲
huangqin	黄芩
huangquan	黄泉
huangran	惶然
huangshi	黄石
huangshuichuang	黄水疮
huangshulang	黄鼠狼
huangsuan	磺酸
huangtaiji	皇太极
huangtang	黄糖
huangtao	黄桃
huangtingjian	黄庭坚
huanguolai	换过来
huangxiaoming	黄晓明
huangxing	黄兴
huangxiong	皇兄
huangyan	晃眼
huangyang	黄杨
huangyanpei	黄炎培
huangyaoshi	黄药师
huangzhong	黄忠
huangzhongren	黄种人
huangzongxi	黄宗羲
huanhangfu	换行符
huanhui	换汇
huanhuo	换货
huaniaohua	花鸟画
huanjichun	环己醇
huanjingbaohubu	环境保护部
huanjingbaohuju	环境保护局
huanjingguang	环境光
huanjiwan	环己烷
huanlegu	欢乐谷
huanliuzhan	换流站
huannao	欢闹
huanqin	换亲
huanqishan	换气扇
huanraosheng	环绕声
huanre	换热
huanshang	换上
huanshi	幻视
huanshi	缓释
huanshoulv	换手率
huansi	环伺
huanweigong	环卫工
huanxiangfa	换向阀
huanxing	环行
huanxing	缓行
huanxisha	浣溪沙
huanyang	环氧
huanyijian	换衣间
huanyingci	欢迎辞
huanyinghui	欢迎会
huanyuandian	还原点
huanyuanlun	还原论
huanyuanxing	还原性
huanyue	欢跃
huanyuesong	欢乐颂
huapan	花盘
huaqiaocheng	华侨城
huaqingchi	华清池
huaquan	画圈
huarongdao	华容道
huarun	华润
huashang	华商
huashang	画商
huashansong	华山松
huashengdundaxue	华盛顿大学
huashengdunyoubao	华盛顿邮报
huashengtang	花生糖
huashengyou	花生油
huashi	华氏
huashidu	华氏度
huashuo	华硕
huatangqiang	滑膛枪
huatielu	滑铁卢
huatieluzhanyi	滑铁卢战役
huatuban	画图板
huatuo	华佗
huawaiyin	话外音
huawen	华文
huawu	话务
huaxia	华夏
huaxiangshi	画像石
huaxiangzhuan	画像砖
huaxidushibao	华西都市报
huaxueke	化学课
huaxueshi	化学势
huaxuexie	滑雪鞋
huayandan	化验单
huayanjing	华严经
huayanshi	化验室
huayanzong	华严宗
huayi	华谊
huayu	华语
huayuan	画院
huayue	华约
huazhi	画纸
huazhong	华中
huazhonghua	画中画
huazhongnongyedaxue	华中农业大学
huazhongshifandaxue	华中师范大学
huazhuan	花砖
huazhuangbao	化妆包
huazhuangjian	化妆间
huazhuangjing	化妆镜
huazhuangmian	化妆棉
huazhuangtai	化妆台
huazigu	滑子菇
huban	护板
huban	虎斑
hubei	湖北
hubeishengbowuguan	湖北省博物馆
hubi	护臂
hubi	湖笔
hubilie	忽必烈
hubu	户部
hubuqinfantiaoyue	互不侵犯条约
hucai	沪菜
hucaozuo	互操作
huchazi	胡茬子
hudi	忽地
hudian	护垫
hudieyu	蝴蝶鱼
hudongxing	互动性
huercao	虎耳草
hufa	护发
hufu	胡夫
hufupin	护肤品
hufushuang	护肤霜
hugai	壶盖
hugan	互感
huganqi	互感器
huge	胡歌
hugujiu	虎骨酒
huhan	弧焊
huibi	挥笔
huibianqi	汇编器
huibiao	会标
huibo	回拨
huibulai	回不来
huicai	徽菜
huican	会餐
huiche	回撤
huichenchen	灰沉沉
huichengpiao	回程票
huicun	惠存
huierpu	惠而浦
huifen	灰分
huifeng	汇丰
huifulv	回复率
huigu	回鹘
huihe	回纥
huihong	恢弘
huihua	灰化
huihuaceng	会话层
huihuan	回环
huihui	会徽
huijiao	回教
huijiaotu	回教徒
huijifa	会计法
huijixue	会计学
huiju	会聚
huikan	会刊
huikuandan	汇款单
huili	回力
huilongjiao	回笼觉
huiluzui	贿赂罪
huilvse	灰绿色
huimeibing	灰霉病
huimin	回民
huipai	徽派
huipupu	灰扑扑
huiqian	会签
huiqianfang	回迁房
huirui	辉瑞
huishang	徽商
huishi	汇市
huishou	回手
huishu	灰鼠
huishui	回水
huitiao	回调
huituban	绘图板
huituyi	绘图仪
huituyuan	绘图员
huiwei	彗尾
huiwenshi	回文诗
huiwu	会务
huixiang	回乡
huiyinbi	回音壁
huiyizhuo	会议桌
huiyuanfei	会员费
huiyuanjia	会员价
huiyuanka	会员卡
huizhangyan	辉长岩
huizhanye	会展业
huizhi	会址
huizhi	灰质
huizhijia	灰指甲
huizhou	徽州
huizu	回族
hujian	护肩
hujiaomian	胡椒面
hujiashibapai	胡笳十八拍
hujidi	户籍地
hujijing	户籍警
huju	护具
huju	沪剧
hulaoguan	虎牢关
hulatang	胡辣汤
hulianwangxieyi	互联网协议
hulin	护林
hulinyuan	护林员
huliyuan	护理员
huluwa	葫芦娃
humen	虎门
humian	弧面
humian	湖面
huming	户名
hunancai	湖南菜
hunanhua	湖南话
hunanshifandaxue	湖南师范大学
hunantai	湖南台
hunchenchen	昏沉沉
hundan	浑蛋
hundong	混动
hundouluo	魂斗罗
hunguan	昏官
hunguoqu	混过去
hunheqi	混合器
hunjian	婚检
hunjie	婚戒
hunjinqu	混进去
hunju	混居
hunshazhao	婚纱照
hunshengzi	婚生子
hunshi	婚史
hunshi	荤食
hunshuang	混双
hunshui	浑水
hunsi	昏死
hunwailian	婚外恋
hunxiang	混响
hunyong	混用
hunyu	婚育
huobihua	货币化
huobuliao	活不了
huochaihe	火柴盒
huochang	货场
huodan	货单
huodianchang	火电厂
huodianzhan	火电站
huoditu	活地图
huodongliang	活动量
huoduan	祸端
huoer	霍尔
huoermuzihaixia	霍尔木兹海峡
huofa	活法
huofang	伙房
huofu	活佛
huoguan	火罐
huohao	货号
huohezai	活荷载
huohuade	霍华德
huohuaneng	活化能
huojian	火碱
huojiandui	火箭队
huojin	霍金
huokang	火炕
huokou	豁口
huolang	货郎
huoleifeng	活雷锋
huoliang	豁亮
huolidian	火力点
huoliwang	火力网
huoluo	活络
huomeini	霍梅尼
huomianji	和面机
huopin	火拼
huopujinsidaxue	霍普金斯大学
huoqi	火漆
huorong	火绒
huosaidui	活塞队
huosaihuan	活塞环
huoweiyi	火卫一
huoxingche	火星车
huoxingyang	活性氧
huoyaoku	火药库
huoyaotong	火药桶
huoye	活页
huoyejia	活页夹
huoyezhi	活页纸
huoying	火影
huoyuan	火源
huoyuanjia	霍元甲
huoyunliang	货运量
huozhu	货主
huozipang	火字旁
huoziyinshuashu	活字印刷术
huozui	豁嘴
hupai	胡牌
hupo	护坡
huposuan	琥珀酸
hupu	虎扑
huqiangban	护墙板
huqishou	护旗手
huquanqiu	弧圈球
huranjian	忽然间
hurong	互溶
husaier	胡塞尔
huse	湖色
husha	虎鲨
hushan	互删
hushao	呼哨
hushijie	护士节
hushu	户数
hushui	湖水
husi	互撕
husuo	互锁
hutao	护套
hutaomu	胡桃木
hutiaoxia	虎跳峡
hutouxie	虎头鞋
hutudan	糊涂蛋
hutui	护腿
huwan	护腕
huwei	互为
huweidui	护卫队
huxian	狐仙
huxianqiu	弧线球
huxifa	呼吸阀
huxiji	呼吸肌
huxike	呼吸科
huxingtu	户型图
huxinxi	互信息
huxue	虎穴
huyan	护眼
huyandeng	护眼灯
huyao	护腰
huzhao	护罩
huzhi	互质
huzhiming	胡志明
huzhou	湖州
huzhuang	糊状
huzhuzu	互助组
jiabajin	加把劲
jiabanche	加班车
jiabaoyu	贾宝玉
jiachangfan	家常饭
jiachanghua	家常话
jiachanghui	家长会
jiachangshi	钾长石
jiacheng	加成
jiadaoxue	假道学
jiaechou	假恶丑
jiaerwen	加尔文
jiafang	家访
jiafaqi	加法器
jiafei	钾肥
jiafeimao	加菲猫
jiafeng	家风
jiagongfei	加工费
jiahou	加厚
jiahuiqu	加回去
jiajian	加减
jiajian	甲减
jiajianfa	加减法
jiajiehun	假结婚
jiajiemao	假睫毛
jiajieshi	佳洁士
jiajigong	甲基汞
jiajihua	甲基化
jiajing	嘉靖
jiajinlai	加进来
jiajinqu	加进去
jiajiu	假酒
jiaju	佳句
jiajucheng	家具城
jiajufu	家居服
jiakechong	甲壳虫
jiakelei	甲壳类
jiakeshan	夹克衫
jialapagesi	加拉帕戈斯
jialefu	家乐福
jialian	加练
jialifuniya	加利福尼亚
jialifuniyadaxue	加利福尼亚大学
jialifuniyazhou	加利福尼亚州
jialimandandao	加里曼丹岛
jialingjiang	嘉陵江
jialininggelei	加里宁格勒
jialiren	家里人
jiama	伽马
jiamengfei	加盟费
jiamiao	家庙
jiamigou	加密狗
jiamou	加缪
jiamubiao	价目表
jiana	戛纳
jianai	简爱
jianailiang	贾乃亮
jianan	迦南
jianbao	煎包
jianbing	尖兵
jianbingqi	间冰期
jianbuzhaiwangguo	柬埔寨王国
jianbuzhao	见不着
jiancan	简餐
jiancang	建仓
jiancedian	检测点
jianceqi	监测器
jiancezhan	监测站
jianchadian	检查点
jianchang	建厂
jianchayuan	检察员
jianchayuan	监察员
jianchazu	检查组
jianchu	溅出
jianci	尖刺
jiandanju	简单句
jiandati	简答题
jiandi	歼敌
jiandingren	鉴定人
jianduyuan	监督员
jianfa	剪发
jianfeiyao	减肥药
jiangbao	酱爆
jiangbei	江北
jiangcai	酱菜
jiangcha	姜茶
jiangdang	降档
jiangdoufu	酱豆腐
jiangfa	奖罚
jianghongse	绛红色
jianghu	江户
jianghu	糨糊
jianghuai	江淮
jianghuanggua	酱黄瓜
jiangjing	讲经
jiangjingguo	蒋经国
jiangjunling	将军令
jiangliao	浆料
jiangmenshi	江门市
jiangmi	降幂
jiangmo	姜末
jiangniurou	酱牛肉
jiangpaichang	讲排场
jiangpin	降频
jiangqi	匠气
jiangqing	江青
jiangrou	酱肉
jiangshui	浆水
jiangsi	僵死
jiangsu	江苏
jiangsu	降速
jiangsusheng	江苏省
jiangtaigongdiaoyu	姜太公钓鱼
jiangtan	江滩
jiangtang	姜汤
jiangtang	降糖
jianguan	兼管
jianguanjie	肩关节
jiangweisheng	讲卫生
jiangwen	姜文
jiangxiang	酱香
jiangxianghe	将相和
jiangxiangxing	酱香型
jiangxiaqu	降下去
jiangxibao	浆细胞
jiangxin	降薪
jiangxinongyedaxue	江西农业大学
jiangxishifandaxue	江西师范大学
jiangxueliang	降雪量
jiangxuezhi	降血脂
jiangya	酱鸭
jiangyaozhu	江瑶柱
jiangye	浆液
jiangyin	江阴
jiangzhe	江浙
jiangzhehu	江浙沪
jiangzhi	酱汁
jiangzhi	降脂
jiangzise	绛紫色
jiangziya	姜子牙
jiangzui	犟嘴
jianhang	建行
jianhushi	监护室
jianjiao	键角
jianjiaosheng	尖叫声
jianjie	简捷
jianjing	肩颈
jianjingshi	尖晶石
jianjinshi	渐进式
jianjunjie	建军节
jiankangzheng	健康证
jiankaoguan	监考官
jiankaoyuan	监考员
jiankongqi	监控器
jiankongshi	监控室
jiankou	缄口
jiankuan	肩宽
jiankuang	简况
jianlan	剑兰
jianlang	健朗
jianliang	减量
jianliqiang	剪力墙
jianlou	箭楼
jianmian	碱面
jiannanchun	剑南春
jianpao	舰炮
jianpi	健脾
jianpianyi	捡便宜
jianpiao	剪票
jianpiaoyuan	检票员
jianping	简评
jianpolan	捡破烂
jianqi	剑气
jianqiang	渐强
jianqiao	剑桥
jianqiao	剑鞘
jianqilai	捡起来
jianqun	建群
jianrongji	兼容机
jianse	艰涩
jianse	间色
jianshangli	鉴赏力
jiansheju	建设局
jianshenche	健身车
jianshenka	健身卡
jianshenqi	健身器
jianshenqiu	健身球
jianshi	监事
jianshitansuantong	碱式碳酸铜
jiansuji	减速机
jiantaoshu	检讨书
jianti	舰体
jiantie	剪贴
jiantiehua	剪贴画
jiantingqi	监听器
jiantong	箭筒
jiantu	简图
jianwei	键位
jianwendi	建文帝
jianxi	简析
jianxian	剑仙
jianxieqi	间歇期
jianxiequan	间歇泉
jianyanke	检验科
jianyao	煎药
jianyizhan	检疫站
jianyu	箭鱼
jianyu	鲣鱼
jianyuzhang	监狱长
jianzhen	鉴真
jianzhenqi	减振器
jianzhi	减值
jianzhi	键值
jianzhizhen	建制镇
jianzhong	间种
jianzhu	煎煮
jianzhu	箭猪
jianzhuangban	简装版
jianzhuangxing	健壮性
jianzhushang	建筑商
jianzouqu	间奏曲
jiaobaijuan	交白卷
jiaobanbang	搅拌棒
jiaobanche	搅拌车
jiaobanqi	搅拌器
jiaobu	脚部
jiaocheng	脚撑
jiaocun	缴存
jiaodai	胶袋
jiaodaochu	教导处
jiaodaoyuan	教导员
jiaodian	脚垫
jiaodiban	脚底板
jiaodong	胶东
jiaodouchang	角斗场
jiaoduiyuan	校对员
jiaofa	脚法
jiaogan	交感
jiaogao	交稿
jiaogong	教工
jiaoguan	胶管
jiaoguanju	交管局
jiaohan	娇憨
jiaohang	交行
jiaohe	校核
jiaohei	焦黑
jiaohuang	搅黄
jiaohuangguo	教皇国
jiaohuantai	交换台
jiaohuazi	叫化子
jiaohuidian	交汇点
jiaohun	搅浑
jiaohuxing	交互性
jiaojia	叫价
jiaojiquan	交际圈
jiaokewenzuzhi	教科文组织
jiaokuan	交款
jiaolan	娇兰
jiaoli	脚力
jiaolian	交联
jiaolianche	教练车
jiaoliuhui	交流会
jiaoma	叫骂
jiaomei	焦煤
jiaopi	胶皮
jiaoqiao	娇俏
jiaorou	娇柔
jiaoshawan	角鲨烷
jiaoshe	骄奢
jiaoshijie	教师节
jiaoshou	叫兽
jiaosipang	绞丝旁
jiaosuofan	教唆犯
jiaosuozui	教唆罪
jiaotiao	胶条
jiaotijin	胶体金
jiaoting	教廷
jiaotongjing	交通警
jiaotongting	交通厅
jiaotongxian	交通线
jiaotongyunshuye	交通运输业
jiaowei	教委
jiaowuchu	教务处
jiaoxian	郊县
jiaoxue	胶靴
jiaoxunjing	交巡警
jiaoyang	娇养
jiaoyanzu	教研组
jiaoyi	教益
jiaoyiliang	交易量
jiaoyishui	交易税
jiaoyubu	教育部
jiaoyufa	教育法
jiaoyulu	焦裕禄
jiaoyun	搅匀
jiaoyunshi	娇韵诗
jiaoyuzhe	教育者
jiaozao	骄躁
jiaozhengqi	矫正器
jiaozhi	教职
jiaozhi	较之
jiaozhihua	角质化
jiaozhijia	脚趾甲
jiaozhouwan	胶州湾
jiaozhua	脚爪
jiaozi	交子
jiaozi	骄子
jiaozipi	饺子皮
jiaozixian	饺子馅
jiaozuo	叫座
jiaozuo	焦作
jiaozuoshi	焦作市
jiapenggongheguo	加蓬共和国
jiaqiangban	加强版
jiaqiaochongyuedui	甲壳虫乐队
jiaqing	加氢
jiaqing	嘉庆
jiaquan	家犬
jiareqi	加热器
jiasai	加塞
jiasaier	加塞儿
jiasha	加沙
jiashi	家史
jiashibo	嘉士伯
jiashide	佳士得
jiashitai	驾驶台
jiashizuo	驾驶座
jiashu	家书
jiashu	家鼠
jiashui	假睡
jiashulou	家属楼
jiashuyuan	家属院
jiasixie	贾思勰
jiasuanna	甲酸钠
jiasuo	加锁
jiatailuoniya	加泰罗尼亚
jiatailuoniyayu	加泰罗尼亚语
jiatelin	加特林
jiatu	家兔
jiaxiao	假笑
jiaxing	嘉兴
jiaxinwen	假新闻
jiaxue	家学
jiayi	嫁衣
jiayi	贾谊
jiayuan	加元
jiazao	甲藻
jiazei	家贼
jiazhangshi	家长式
jiazhilian	价值链
jiazhilun	价值论
jiazhou	加州
jiazhouligongxueyuan	加州理工学院
jiazhuang	加装
jiazhuang	家装
jiazigong	架子工
jiazuo	加座
jiazushi	家族史
jibaili	吉百利
jibian	激辩
jibing	急病
jibolun	纪伯伦
jibu	基部
jibusi	吉布斯
jibuti	吉布提
jicha	稽察
jichengfa	继承法
jichengkuai	集成块
jichibang	鸡翅膀
jichuan	击穿
jichudaixielv	基础代谢率
jichuji	挤出机
jichulai	挤出来
jichuqu	挤出去
jici	济慈
jidacheng	集大成
jidaguo	记大过
jidian	急电
jidiguan	极地馆
jidimo	基底膜
jidongdui	机动队
jidu	基督
jiduanhua	极端化
jidui	机队
jidujiao	基督教
jidujiaominzhulianmeng	基督教民主联盟
jiduxin	嫉妒心
jieai	节哀
jieante	捷安特
jieao	桀骜
jiebang	揭榜
jiebao	捷豹
jiebei	借呗
jieceji	洁厕剂
jiechajian	接插件
jiechangai	结肠癌
jiechi	戒尺
jiechudian	接触点
jieda	捷达
jiedaichu	接待处
jiedao	借道
jiedi	姐弟
jiedixian	接地线
jiedu	戒赌
jiedufei	借读费
jiefang	接防
jiefangbei	解放碑
jiefangjunzongzhengzhibu	解放军总政治部
jiefangqu	解放区
jiefangxie	解放鞋
jiefuxun	杰弗逊
jiegouhuabiancheng	结构化编程
jiegoujian	结构件
jiegoutu	结构图
jiegouyu	结构域
jiegua	节瓜
jiehejun	结核菌
jiehen	解恨
jieheneng	结合能
jiehu	截胡
jiehua	接话
jiehunzhao	结婚照
jiejiao	结焦
jiejiao	街角
jiejiebing	结节病
jiejifan	劫机犯
jiejiji	截击机
jiejingdu	结晶度
jiejingshi	洁净室
jiekang	拮抗
jiekangji	拮抗剂
jieke	杰克
jiekegongheguo	捷克共和国
jiekesiluofake	捷克斯洛伐克
jiekexun	杰克逊
jiekouka	接口卡
jiekuai	结块
jiekuan	结款
jiekun	解困
jielaodi	揭老底
jielei	街垒
jieli	借力
jieli	节理
jielinghaixuxilingren	解铃还需系铃人
jieliu	截流
jieliu	截留
jielu	结露
jiemaojia	睫毛夹
jiemaoshua	睫毛刷
jiemeipian	姐妹篇
jiemener	姐们儿
jiemian	洁面
jiemianji	截面积
jiemubiao	节目表
jiemudan	节目单
jienan	诘难
jiepai	接拍
jiepai	街拍
jiepodao	解剖刀
jiepoutu	解剖图
jieqin	接亲
jierjisigongheguo	吉尔吉斯共和国
jieru	借入
jieshaofei	介绍费
jieshiquan	解释权
jieshixue	解释学
jieshoufang	接受方
jieshouzhe	接收者
jieshufu	结束符
jiesongche	接送车
jietao	解套
jieti	结题
jietiaoqi	解调器
jiewenyu	接吻鱼
jiexiantu	接线图
jiexiaqiu	阶下囚
jiexiaqu	接下去
jiexika	杰西卡
jiexiqi	解析器
jiexuan	疥癣
jiexuanmei	解旋酶
jieyanfa	戒严法
jieyezheng	结业证
jieyi	节译
jieyou	解忧
jieyue	阶跃
jieyuqi	节育器
jiezha	结扎
jiezhan	接站
jiezhao	接招
jiezhuan	结转
jiezi	芥子
jifa	击发
jifanchuan	机帆船
jifatai	激发态
jifei	计费
jifeng	机锋
jifengzhijincao	疾风知劲草
jifuzheng	急腹症
jigan	鸡肝
jigelv	及格率
jigeng	机耕
jigong	济公
jigong	记功
jiguangcejuyi	激光测距仪
jiguangdeng	激光灯
jiguangshu	激光束
jiguangtou	激光头
jigui	机柜
jihan	饥寒
jiheti	几何体
jihu	疾呼
jihuadanlieshi	计划单列市
jihuan	疾患
jihuohuo	急火火
jihuoji	激活剂
jihuoma	激活码
jijia	技嘉
jijia	机架
jijia	极佳
jijiali	基加利
jijian	击键
jijian	急件
jijian	极简
jijian	计件
jijianwei	纪检委
jijiao	鸡叫
jijicao	芨芨草
jijiedi	集结地
jijiegong	季节工
jijin	急进
jijin	饥馑
jijing	即景
jijirulvling	急急如律令
jijiuche	急救车
jijiushi	急救室
jiju	极具
jijuan	鸡圈
jikua	击垮
jilei	基类
jileniao	极乐鸟
jiliangjingjixue	计量经济学
jiliangxue	计量学
jilihua	吉利话
jilin	吉林
jiliu	肌瘤
jilong	鸡笼
jilubu	记录簿
jimaoxin	鸡毛信
jimin	饥民
jiming	鸡鸣
jiminmeng	基民盟
jimo	季末
jimu	极目
jinai	紧挨
jinaiqi	挤奶器
jinbi	禁闭
jinchaji	晋察冀
jinchajibianqu	晋察冀边区
jinchang	金昌
jincheng	晋城
jincheng	近程
jinchengwu	金城武
jinchukouyinhang	进出口银行
jincouxing	紧凑型
jindai	晋代
jindai	金代
jindao	劲道
jindeqi	禁得起
jindianzi	金点子
jindie	金蝶
jinding	金锭
jindong	今冬
jindong	近东
jindong	靳东
jineima	机内码
jineiyabishao	几内亚比绍
jiner	今儿
jiner	劲儿
jinerge	今儿个
jinfei	禁飞
jinfengkou	进风口
jingang	进港
jingangjing	金刚经
jingangzuan	金刚钻
jingansi	静安寺
jingba	京巴
jingbao	晶胞
jingbaodeng	警报灯
jingbi	井壁
jingbiao	竞标
jingcai	京菜
jingdao	精到
jingdeng	警灯
jingdezhu	经得住
jingdianchang	静电场
jingdianxue	静电学
jingdiwa	井底蛙
jingdongfang	京东方
jingdu	净度
jingdui	警队
jinge	净额
jingesi	金阁寺
jingfugong	景福宫
jinggan	茎秆
jinggang	静冈
jingguangxian	京广线
jinghang	京杭
jinghao	靓号
jinghou	敬候
jinghu	京沪
jinghuaqi	净化器
jinghuasu	精华素
jinghuatie	精华帖
jinghuaye	精华液
jinghuayuan	镜花缘
jinghugaosutielu	京沪高速铁路
jinghuxian	京沪线
jingjia	井架
jingjiagong	精加工
jingjianban	精简版
jingjiao	京郊
jingjicang	经济仓
jingjifa	经济法
jingjihezuoyufazhanzuzhi	经济合作与发展组织
jingjin	京津
jingjingmai	颈静脉
jingjiqu	经济区
jingjishi	经济史
jingjishi	经济师
jingjiweiyuanhui	经济委员会
jingjixing	经济性
jingke	荆轲
jingkong	净空
jingli	靓丽
jingliuru	净流入
jinglun	经纶
jingmai	竞买
jingmaiyan	静脉炎
jingmen	荆门
jingmenshi	荆门市
jingmidu	精密度
jingmoca	静摩擦
jingmu	敬慕
jingniang	精酿
jingongxing	进攻性
jingpianzi	京片子
jingpin	竞聘
jingpinke	精品课
jingpo	景颇
jingpohu	镜泊湖
jingshensunshifei	精神损失费
jingshidaxuetang	京师大学堂
jingshou	经售
jingshu	精梳
jingshui	井水
jingshuiji	净水机
jingshumian	精梳棉
jingsi	警司
jingsiliao	精饲料
jingtangmu	惊堂木
jingtiandiqiguishen	惊天地泣鬼神
jingtiao	荆条
jingtizhendangqi	晶体振荡器
jingtougan	镜头感
jingtun	鲸吞
jingtuzong	净土宗
jingu	紧固
jinguang	金光
jingujian	紧固件
jinguo	晋国
jinguo	金国
jinguoburangxumei	巾帼不让须眉
jingwaiyou	境外游
jingwei	精卫
jingweidu	经纬度
jingweiyuan	警卫员
jingwen	颈纹
jingwu	警务
jingwuhua	静物画
jingxi	京戏
jingxian	敬献
jingxiao	警校
jingxiu	精修
jingxuanji	精选集
jingya	静压
jingyan	精盐
jingyanggang	景阳冈
jingyanlun	经验论
jingyantan	经验谈
jingyao	精要
jingyou	鲸油
jingyuanchang	晶圆厂
jingzeng	净增
jingzhang	警长
jingzhe	惊蛰
jingzhen	颈枕
jingzhi	静置
jingzhuan	净赚
jingzhuangben	精装本
jingzhuangxiu	精装修
jingzu	京族
jinhua	金华
jinhuashi	进化史
jinhuashi	金华市
jinhuashu	进化树
jinhun	金婚
jinianta	纪念塔
jinianzhao	纪念照
jining	济宁
jinisi	吉尼斯
jinisishijiejilu	吉尼斯世界纪录
jinjia	金价
jinjian	进谏
jinjiang	晋江
jinjijiang	金鸡奖
jinjizheng	禁忌症
jinju	晋剧
jinkouhuo	进口货
jinkoushui	进口税
jinkuai	金块
jinling	金陵
jinlun	锦纶
jinlv	劲旅
jinmendao	金门岛
jinmushuihuotu	金木水火土
jinniuzuo	金牛座
jinpang	近旁
jinpogan	紧迫感
jinpoxing	紧迫性
jinqi	进气
jinqi	金器
jinqiansong	金钱松
jinqikou	进气口
jinqimen	进气门
jinqinshu	近亲属
jinqiu	今秋
jinqiujiang	金球奖
jinqujiang	金曲奖
jinrizi	紧日子
jinsangzi	金嗓子
jinsanjiao	金三角
jinshajiang	金沙江
jinshanshan	金闪闪
jinshasa	金沙萨
jinshengtan	金圣叹
jinshenku	紧身裤
jinshidun	金士顿
jinshijiang	金狮奖
jinshijing	近视镜
jinshu	晋书
jinshuiguan	进水管
jinsi	金丝
jinsidun	金斯顿
jinsirong	金丝绒
jinsizhi	近似值
jinsui	紧随
jinsuo	紧锁
jinsuoji	金锁记
jinuozu	基诺族
jinwei	进位
jinweizhi	进位制
jinxian	仅限
jinxiandai	近现代
jinxiang	尽享
jinxiangjiang	金像奖
jinxiaocun	进销存
jinxinhui	浸信会
jinxiongjiang	金熊奖
jinxue	金靴
jinxuejiang	金靴奖
jinya	金牙
jinyan	禁言
jinyindao	金银岛
jinyong	金庸
jinyugang	金鱼缸
jinyuqi	禁渔期
jinzaibuyanzhong	尽在不言中
jinzhan	近战
jinzhanggan	紧张感
jinzhanhua	金盏花
jinzhengri	金正日
jinzhi	紧致
jinzhi	进制
jinzhiling	禁止令
jinzhong	晋中
jinzhongjiang	金钟奖
jinzhongzhao	金钟罩
jinzhou	锦州
jinzhoushi	锦州市
jinzonglv	金棕榈
jiongkun	窘困
jiongtai	窘态
jipo	击破
jipu	吉普
jipusai	吉普赛
jiqian	积欠
jiqiangshou	机枪手
jiqima	机器码
jiqimao	机器猫
jiqiushou	击球手
jiqu	记取
jiqun	肌群
jiru	计入
jiru	记入
jisao	祭扫
jishen	祭神
jisheng	极盛
jishengban	计生办
jishengfeng	寄生蜂
jishengwei	计生委
jishenjing	脊神经
jishi	吉时
jishi	纪事
jishijian	挤时间
jishinianruyiri	几十年如一日
jishitie	即时贴
jishiyuan	计时员
jishu	集数
jishuhuo	技术活
jishukaifaqu	技术开发区
jisi	鸡丝
jisu	极速
jisuanjibingdu	计算机病毒
jisuanjichengxu	计算机程序
jisuanjiruanjian	计算机软件
jisuanjiwangluo	计算机网络
jisuanjixitong	计算机系统
jisuanli	计算力
jisuban	挤塑板
jisuzhi	寄宿制
jitai	基态
jitai	祭台
jitan	积碳
jitian	祭天
jitisuoyouzhi	集体所有制
jitiwu	集体舞
jitizhao	集体照
jiubadao	九把刀
jiuchongtian	九重天
jiuchulai	揪出来
jiucuoma	纠错码
jiuding	九鼎
jiufang	旧房
jiuge	九歌
jiuhanfengganyu	久旱逢甘雨
jiuhaobupaxiangzishen	酒好不怕巷子深
jiuhong	酒红
jiuhuashan	九华山
jiuhuoche	救火车
jiuhuodui	救火队
jiujia	救驾
jiujian	九键
jiujijin	救济金
jiujingdu	酒精度
jiujinggan	酒精肝
jiujiu	啾啾
jiujiyuan	救济院
jiulei	酒类
jiulong	九龙
jiulongbi	九龙壁
jiumaohuanxinyan	旧貌换新颜
jiumingqian	救命钱
jiunianzhi	九年制
jiuping	酒瓶
jiupingzi	酒瓶子
jiuquan	酒泉
jiuquanshi	酒泉市
jiuquanweixingfashezhongxin	酒泉卫星发射中心
jiuqushibawan	九曲十八弯
jiushang	旧伤
jiushang	酒商
jiushehui	旧社会
jiushijun	救世军
jiushiqi	旧石器
jiushiqishidai	旧石器时代
jiushui	酒税
jiutan	酒坛
jiutanzi	酒坛子
jiuwei	就位
jiuxun	九旬
jiuyang	九阳
jiuyeban	就业办
jiuyibashibian	九一八事变
jiuyou	旧有
jiuyue	九月
jiuzhai	旧债
jiuzhuo	酒桌
jiuzhuzhan	救助站
jiuzuo	久坐
jiuzuo	旧作
jiwan	己烷
jiwan	急弯
jiwei	计委
jiwen	积温
jixi	及膝
jixi	计息
jixi	鸡西
jixia	记下
jixianlin	季羡林
jixianzhi	极限值
jixiaolan	纪晓岚
jixiaozhi	极小值
jixiebo	机械波
jixiegongyebu	机械工业部
jixielun	机械论
jixiewu	机械舞
jixin	机芯
jixin	鸡心
jixing	疾行
jixinge	基辛格
jixishi	鸡西市
jixiu	寄宿
jixiu	机修
jixiugong	机修工
jixiusheng	寄宿生
jixu	亟须
jixue	鸡血
jixunying	集训营
jiya	鸡鸭
jiyang	激扬
jiye	积液
jiyou	极右
jiyou	绩优
jiyuexing	集约型
jiyuqi	机遇期
jizai	机载
jizhejie	记者节
jizhengshi	急症室
jizhenke	急诊科
jizhetuan	记者团
jizhezheng	记者证
jizhongzhi	集中制
jizhou	冀州
jizhu	机主
jizhuiyan	脊椎炎
jizhundian	基准点
jizhunjia	基准价
jizi	麂子
jizifang	集资房
jizui	忌嘴
jizuo	机座
jizuo	极左
juanfajia	卷发夹
juanfu	卷福
juanhua	绢花
juanji	卷积
juankuanxiang	捐款箱
juanmian	卷面
juanshe	卷舌
juanshe	圈舍
juansheyin	卷舌音
juanshou	卷首
juanshouyu	卷首语
juantong	卷筒
juantongzhi	卷筒纸
juanxianzhe	捐献者
juanyi	倦意
juanzhamen	卷闸门
jubandi	举办地
jubing	句柄
jucai	聚财
judian	局点
juececeng	决策层
juecezhichixitong	决策支持系统
juedoushi	角斗士
juehu	绝户
jueji	决计
juejin	倔劲
juejin	掘进
juejin	掘金
juejingqi	绝经期
juelu	绝路
juemuren	掘墓人
jueran	决然
jueshengju	决胜局
jueshetou	嚼舌头
juexiang	绝响
jueyuanceng	绝缘层
juezhe	觉着
juezhiceng	角质层
juhuang	橘黄
juhuangse	桔黄色
jujiang	巨奖
jujidi	聚集地
julidian	居里点
jumao	橘猫
jumi	聚醚
juminshenfenzheng	居民身份证
jumo	句末
jumu	巨幕
junci	钧瓷
juneiren	局内人
junfu	军服
jungen	菌根
jungongchang	军工厂
jungu	军鼓
junguan	军管
junhui	军徽
junhun	军婚
junji	军纪
junjie	军界
junjie	军阶
junkong	军控
junlang	俊朗
junli	军礼
junling	军令
junlvse	军绿色
junma	均码
junmao	军帽
junqi	军旗
junquan	军权
junrong	军容
junshibowuguan	军事博物馆
junshikexueyuan	军事科学院
junshishi	军事史
junshitandingbao	君士坦丁堡
junshizhang	军士长
junti	菌体
juntiquan	军体拳
juntuanzhang	军团长
junwang	郡王
junwei	军威
junxian	郡县
junxianzhi	郡县制
junxie	军械
junyao	钧窑
junyi	俊逸
junyongpin	军用品
junzhang	军长
junzhi	军制
junzhong	军种
junzhu	菌株
junzhu	郡主
junzhulixianzhi	君主立宪制
jupi	橘皮
juping	剧评
jurenyuqianlizhiwai	拒人于千里之外
jurenzheng	巨人症
jurusuan	聚乳酸
jusha	狙杀
jushi	居士
jushu	榉树
jutan	巨贪
juwairen	局外人
juwu	剧务
juxie	巨蟹
juxiezuo	巨蟹座
juyongguan	居庸关
juyu	居于
juzhi	巨制
juzhi	橘汁
juzhong	剧种
juzhuquan	居住权
juzi	桔子
juzizhou	橘子洲
juzuo	剧作
juzuo	巨作
kabozi	卡脖子
kabuer	喀布尔
kaca	咔嚓
kada	咔哒
kadeya	卡地亚
kaerbaqianshan	喀尔巴阡山
kafeibei	咖啡杯
kafeifen	咖啡粉
kafeijian	咖啡碱
kahao	卡号
kaibiao	开标
kaicao	开槽
kaiensizhuyi	凯恩斯主义
kaifaban	开发板
kaifabao	开发包
kaifang	开房
kaifangshi	开放式
kaifangzi	开方子
kaigonglv	开工率
kaigou	开沟
kaiguangui	开关柜
kaihuaqi	开花期
kaikuodi	开阔地
kailifang	开立方
kailu	开颅
kaiman	开曼
kaimeirui	凯美瑞
kaimenqijianshi	开门七件事
kaimoer	凯末尔
kaipanjia	开盘价
kaipingfang	开平方
kaisa	凯撒
kaisa	恺撒
kaisang	开嗓
kaishan	开衫
kaishou	开售
kaishuifang	开水房
kaishuiping	开水瓶
kaisuojiang	开锁匠
kaita	开拓
kaitang	开膛
kaitangshou	开膛手
kaitaxing	开拓性
kaitazhe	开拓者
kaiti	开题
kaiyaofang	开药方
kaiyuan	开元
kaizhaijie	开斋节
kakou	卡口
kakou	卡扣
kalabuliya	卡拉布里亚
kalakunlunshan	喀喇昆仑山
kalashennikefu	卡拉什尼科夫
kalayang	卡拉扬
kameilong	卡梅隆
kamian	卡面
kanaiji	卡耐基
kanaweilaerjiao	卡纳维拉尔角
kancha	勘查
kanchajiabandao	堪察加半岛
kanchu	刊出
kandaha	坎大哈
kandao	砍倒
kandeqing	看得清
kaneijiyinyueting	卡内基音乐厅
kaner	坎儿
kangbuzhu	扛不住
kangcixing	抗磁性
kangde	康德
kangding	康定
kangdong	抗冻
kangfushi	抗腐蚀
kangganrao	抗干扰
kangguomin	抗过敏
kanghan	抗寒
kangjia	康佳
kangjunji	抗菌剂
kanglao	抗老
kangli	抗力
kangmeiyuanchaozhanzheng	抗美援朝战争
kangnaierdaxue	康奈尔大学
kangniedigezhou	康涅狄格州
kangning	抗凝
kangnveyao	抗疟药
kangqiao	康桥
kangqilai	扛起来
kangri	抗日
kangrijiuwangyundong	抗日救亡运动
kangrijunzhengdaxue	抗日军政大学
kangriminzutongyizhanxian	抗日民族统一战线
kangshifu	康师傅
kangtang	抗糖
kangtarenzhikai	慷他人之慨
kangtou	炕头
kangxi	康熙
kangxueshuan	抗血栓
kangyan	抗炎
kangyanghua	抗氧化
kangyanyao	抗炎药
kangyiyu	抗抑郁
kangzao	抗造
kangzhi	抗旨
kangzhongliu	抗肿瘤
kangzhou	抗皱
kangzhuo	炕桌
kanjiagou	看家狗
kankun	坎昆
kanmen	看门
kanmengou	看门狗
kanpala	坎帕拉
kanpeila	堪培拉
kansasi	堪萨斯
kanshangyan	看上眼
kantandui	勘探队
kantie	看帖
kaobei	靠背
kaobianzhan	靠边站
kaobo	考博
kaochi	烤翅
kaoci	烤瓷
kaoe	烤鹅
kaohao	考号
kaohongshu	烤红薯
kaoqi	烤漆
kaoqinji	考勤机
kaoqinka	考勤卡
kaoquanyang	烤全羊
kaorouchuan	烤肉串
kaoruzhu	烤乳猪
kaowen	考问
kaoyi	靠椅
kaoyou	靠右
kaoyu	烤鱼
kaozhen	靠枕
kaozhi	烤制
kaqian	卡钳
kaqiusha	喀秋莎
kashan	喀山
kashen	喀什
kashi	喀什
kasidiliya	卡斯蒂利亚
kasitedimao	喀斯特地貌
katonghua	卡通画
katongpian	卡通片
katumu	喀土穆
kaxiou	卡西欧
keaiduo	可爱多
keba	磕巴
kebi	科比
kebixing	可比性
kebu	可怖
kechongdian	可充电
keda	柯达
kedisong	可的松
kedouwen	蝌蚪文
keer	壳儿
keerkezizu	柯尔克孜族
kegebo	克格勃
keguazi	嗑瓜子
kehuqun	客户群
kejia	客家
kejiacai	客家菜
kejiangjie	可降解
kejigu	科技股
kejijie	科技界
kejiyuan	科技园
kekaochuan	科考船
kekedou	可可豆
kekong	可控
kekongxing	可控性
kelaisitecheqi	克赖斯特彻奇
kelaiyin	克莱因
kelaosaiweici	克劳塞维茨
kelasinuoyaersike	克拉斯诺亚尔斯克
keliantianxiafumuxin	可怜天下父母心
kelianxiang	可怜相
keligan	颗粒感
kelimiyabandao	克里米亚半岛
kelimulingong	克里姆林宫
kelisituofu	克里斯托弗
kelite	克里特
keliuliang	客流量
kelizhuang	颗粒状
kelong	科隆
kelongdajiaotang	科隆大教堂
kelunpo	科伦坡
keluoladuohe	科罗拉多河
keluoladuozhou	科罗拉多州
keluoze	克洛泽
kemoluo	科摩罗
kenan	柯南
kenghuo	坑货
kennidihangtianzhongxin	肯尼迪航天中心
kenshi	啃食
kentaji	肯塔基
kepo	磕破
kerener	可人儿
keshi	刻蚀
keshi	可视
keshifei	课时费
keshili	科氏力
keshui	课税
kesouyao	咳嗽药
kewangerbukeji	可望而不可即
kexi	柯西
kexie	科协
kexijia	科西嘉
kexingxingyanjiu	可行性研究
kexirukeliwu	可吸入颗粒物
kexuanxiang	可选项
kexuechubanshe	科学出版社
kexueguan	科学馆
kexuehua	科学化
kexuejishubu	科学技术部
keya	磕牙
keyansuo	科研所
keyuan	科员
kezheng	苛政
kezhengmengyuhu	苛政猛于虎
kezhipei	可支配
kezhixingchengxu	可执行程序
kezhixingwenjian	可执行文件
kezi	刻字
kezi	壳子
kezileisukeerkezizizhizhou	克孜勒苏柯尔克孜自治州
kezuo	客座
kongbaodan	空包弹
kongche	空车
kongdiaoche	空调车
kongdonghua	空洞化
kongdongshan	崆峒山
kongduikong	空对空
kongfang	空房
kongfansen	孔繁森
kongfu	孔府
kongfuzi	孔夫子
kongguquan	控股权
konghuanxi	空欢喜
kongjiangan	空间感
kongke	空客
kongmeng	孔孟
kongming	孔明
kongqiu	孔丘
kongqiu	控球
kongqiyasuoji	空气压缩机
kongquedongnanfei	孔雀东南飞
kongquelan	孔雀蓝
kongquelv	孔雀绿
kongqueyu	孔雀鱼
kongrong	孔融
kongtiaoji	空调机
kongtiaoqi	空调器
kongxiaxin	恐吓信
kongxing	空行
kongxinzhuan	空心砖
kongyaji	空压机
kongyiji	孔乙己
kongyou	控油
kongzhiban	控制板
kongzhidian	控制点
kongzhifa	控制阀
kongzhijian	控制键
kongzhili	控制力
kongzhiliu	控制流
kongzhilv	空置率
kongzhiqu	控制区
kongzhita	控制塔
kongzhixian	控制线
kongzhuan	空转
kongzi	孔子
kouchulai	抠出来
koufuyao	口服药
kougan	口干
kouhuiershibuzhi	口惠而实不至
kouji	叩击
koujian	扣件
kouqiangai	口腔癌
kouqiangke	口腔科
koushou	口授
koushui	扣税
kousuan	口算
kouxie	叩谢
kouyu	口谕
kouyuhua	口语化
kouzhong	口重
kouzhun	寇准
kuabu	胯部
kuafu	夸父
kuahang	跨行
kuaibaner	快板儿
kuaicanting	快餐厅
kuaichuandui	快船队
kuaidao	快刀
kuaidifei	快递费
kuaijizheng	会计证
kuaisulu	快速路
kuakao	跨考
kuanbu	髋部
kuandaiwang	宽带网
kuanfu	宽幅
kuangding	框定
kuangdong	矿洞
kuangfu	匡扶
kuangquan	狂犬
kuangtu	狂徒
kuangwei	匡威
kuangwu	矿务
kuangwuyou	矿物油
kuangxie	狂泻
kuangxuan	框选
kuangzhang	狂涨
kuangzi	筐子
kuanyinmu	宽银幕
kuashiji	跨世纪
kuatuo	夸脱
kuaxia	胯下
kuazhuanye	跨专业
kuchaishi	苦差事
kudingcha	苦丁茶
kuerde	库尔德
kuerlei	库尔勒
kugou	酷狗
kuhan	酷寒
kuhe	枯涸
kuhuang	枯黄
kuihuazi	葵花籽
kuiran	岿然
kuitan	喟叹
kuli	酷吏
kulian	苦恋
kuma	哭骂
kunfa	困乏
kunju	昆剧
kunlun	昆仑
kunminghu	昆明湖
kunshanshi	昆山市
kunshou	困兽
kunzha	捆扎
kunzhu	捆住
kuopin	扩频
kuosanqi	扩散器
kuoxie	扩写
kuozhancao	扩展槽
kuozhanka	扩展卡
kuqiang	哭墙
kuqiao	苦荞
kuqiaomai	苦荞麦
kuquan	苦劝
kurui	酷睿
kuse	枯涩
kushou	枯瘦
kuweisuan	苦味酸
kuxi	哭戏
kuxia	酷夏
kuxian	裤线
kuxingren	苦杏仁
kuxiu	苦修
kuzuo	枯坐
laba	腊八
labin	拉宾
lacai	拉踩
lachanggou	腊肠狗
lachangquan	腊肠犬
ladake	拉达克
ladinghua	拉丁化
ladingming	拉丁名
ladingwu	拉丁舞
lagesi	拉戈斯
laguolai	拉过来
lahoutui	拉后腿
lahu	拉祜
lahuang	蜡黄
lahuangse	蜡黄色
lahuzu	拉祜族
laigao	来稿
laihuipiao	来回票
laika	徕卡
laika	莱卡
lailiao	来料
laiyin	莱茵
laiyinhe	莱茵河
laizi	癞子
lajiang	辣酱
lajiaomian	辣椒面
lajiaoshui	辣椒水
lajichang	垃圾场
lajidai	垃圾袋
lajidao	垃圾道
lajinhu	拉近乎
lajinlai	拉进来
lajizhan	垃圾站
lajuchenghuileishigan	蜡炬成灰泪始干
laladui	拉拉队
lalangpei	拉郎配
lamajiao	喇嘛教
lamake	拉马克
laman	拉曼
lamei	蜡梅
lamusifeierde	拉姆斯菲尔德
lanfa	滥发
langdangzi	浪荡子
langdu	狼毒
langfang	廊坊
langhaobi	狼毫笔
langjian	浪尖
langjiu	郎酒
langlaile	狼来了
langlang	朗朗
langlang	琅琅
langlang	郎朗
langmanpai	浪漫派
langmanshi	浪漫史
langping	郎平
langqin	浪琴
langquan	狼犬
langtaosha	浪淘沙
langtuteng	狼图腾
languang	蓝光
languangdie	蓝光碟
langwen	朗文
langwo	狼窝
langxianping	郎咸平
langxun	朗讯
langyabang	狼牙棒
langyashan	狼牙山
lanhou	懒猴
lanhuise	蓝灰色
lanhuo	揽活
lanjiao	懒觉
lanjingjing	蓝晶晶
lanjingling	蓝精灵
lankongque	蓝孔雀
lankou	兰蔻
lanlingwang	兰陵王
lanmuzu	栏目组
lanping	蓝屏
lanqiuguan	篮球馆
lanqiuxie	篮球鞋
lantan	篮坛
lanwang	篮网
lanwangwang	蓝汪汪
lanxia	篮下
lanxiong	懒熊
lanya	蓝牙
lanyingying	蓝盈盈
lanyingying	蓝莹莹
lanyouyou	蓝幽幽
lanzhanzhan	蓝湛湛
laoai	嫪毐
laobaigan	老白干
laobao	劳保
laobashi	老把式
laochen	老臣
laochencu	老陈醋
laodadang	老搭档
laodaima	老大妈
laodajie	老大姐
laodanan	老大难
laodongfa	劳动法
laodongjiazhilun	劳动价值论
laodongjie	劳动节
laodongju	劳动局
laodongke	劳动课
laodongshengchanlv	劳动生产率
laoduitou	老对头
laofan	牢饭
laofoye	老佛爷
laofu	老妇
laofuye	老佛爷
laofuzi	老夫子
laogaifan	劳改犯
laoganbu	老干部
laoganma	老干妈
laogongfa	劳工法
laoguiju	老规矩
laoguniang	老姑娘
laohangjia	老行家
laohongjun	老红军
laohuaer	老话儿
laohuangli	老黄历
laohuangniu	老黄牛
laohuoji	老伙计
laojiaoqing	老交情
laojiefang	老街坊
laojun	劳军
laoliu	老六
laoluming	劳碌命
laomei	老美
laomiankong	老面孔
laoming	老命
laonaojin	老脑筋
laonianbing	老年病
laonianxingchidai	老年性痴呆
laonianxue	老年学
laonong	老农
laopopo	老婆婆
laopozi	老婆子
laoqi	老气
laoqilai	捞起来
laorenban	老人斑
laoruo	老弱
laosan	老三
laosanjie	老三届
laosanyang	老三样
laoshan	崂山
laoshe	老舍
laoshenzi	劳什子
laoshifu	老师傅
laoshihua	老实话
laoshiren	老实人
laoshouxing	老寿星
laoshuhui	老鼠会
laosibuxiangwanglai	老死不相往来
laotang	老汤
laotouer	老头儿
laowantong	老顽童
laowo	老窝
laowoyu	老挝语
laowu	老屋
laowugong	劳务工
laoxianghui	老乡会
laoxiaohai	老小孩
laoxuejiu	老学究
laoya	老鸦
laoyanguang	老眼光
laoyingdui	老鹰队
laozai	涝灾
laozhai	老宅
laozhanyou	老战友
laozhongqing	老中青
laozhongyi	老中医
laozhugu	老主顾
laozitianxiadiyi	老子天下第一
laozumu	老祖母
laozuzong	老祖宗
lapulatahe	拉普拉塔河
laqian	拉纤
laqiao	拉齐奥
laqin	拉琴
lasa	拉萨
lasheng	拉升
lasi	拉丝
lasiweijiasi	拉斯韦加斯
lasuo	拉索
lawaxi	拉瓦锡
lawei	腊味
laweier	拉威尔
laxia	落下
laxiashui	拉下水
laya	腊鸭
layu	腊鱼
lazha	拉闸
lediandian	乐颠颠
leibaoyu	雷暴雨
leidao	泪道
leifeng	雷锋
leifengshi	类风湿
leigu	擂鼓
leijia	累加
leikeyaweike	雷克雅未克
leiku	类库
leiling	勒令
leinuoa	雷诺阿
leinuoshu	雷诺数
leipai	肋排
leishe	雷蛇
leishiwu	类似物
leisuo	勒索
leitiao	肋条
leixingxue	类型学
leiyuyun	雷雨云
leizhu	擂主
leju	乐句
lengbingbing	冷冰冰
lengbingqi	冷兵器
lengcanggui	冷藏柜
lengcangku	冷藏库
lengcangshi	冷藏室
lengdongshi	冷冻室
lengdongxiang	冷冻箱
lengfeng	冷风
lengguang	冷光
lengguangyuan	冷光源
lenggui	冷柜
lengjiagong	冷加工
lengjian	冷箭
lengkaishui	冷开水
lengku	冷库
lengning	冷凝
lengningshui	冷凝水
lengqituan	冷气团
lengqueqi	冷却器
lengqueye	冷却液
lengre	冷热
lengshen	愣神
lengshuiyu	冷水浴
lengshuizao	冷水澡
lengtang	冷烫
lengya	冷轧
lengyanjing	楞严经
lengzhan	冷颤
lengzhu	愣住
leshan	乐山
leshanshi	乐山市
leshi	乐视
lianaiguan	恋爱观
lianbangchubeiweiyuanhui	联邦储备委员会
lianbangdiaochaju	联邦调查局
lianbangmaoyiweiyuanhui	联邦贸易委员会
lianbi	练笔
lianbo	连播
liancheng	联程
lianchengjue	连城诀
lianchu	联储
lianda	联大
liandaner	脸蛋儿
lianfang	联防
lianfenshu	连分数
liangan	连杆
liangbancai	凉拌菜
liangcai	凉菜
liangchongxing	两重性
liangefang	练歌房
liangfeng	凉风
lianggua	凉瓜
lianghan	两汉
lianghuanghuang	亮晃晃
liangjia	粮价
liangjian	亮剑
liangjingru	梁静茹
liangjushi	两居室
liangkaishui	凉开水
liangkouer	两口儿
liangmao	凉帽
liangmianxing	两面性
liangpian	亮片
liangpin	良品
liangpinlv	良品率
liangqi	凉气
liangshan	梁山
liangshiqiu	梁实秋
liangshu	凉薯
liangshuming	梁漱溟
liangsicheng	梁思成
liangsisi	凉丝丝
liangsousou	凉嗖嗖
liangsousou	凉飕飕
liangtai	凉台
liangtai	晾台
lianguanxing	连贯性
liangwanwuqianlichangzheng	两万五千里长征
liangwudi	梁武帝
liangxiang	两厢
liangxiangche	两厢车
liangxiao	良宵
liangyan	良言
liangyanyimohei	两眼一抹黑
liangyaokukouliyubing	良药苦口利于病
liangyigan	晾衣杆
liangyou	粮油
liangyusheng	梁羽生
liangzhu	梁祝
liangzhu	良渚
liangzishu	量子数
liangzitai	量子态
lianheguoanlihui	联合国安理会
lianheguodahui	联合国大会
lianheguohuanjingguihuashu	联合国环境规划署
lianheguojiaokewenzuzhi	联合国教科文组织
lianheguokaifajihuashu	联合国开发计划署
lianheguoliangnongzuzhi	联合国粮农组织
lianheguoliangshijinongyezuzhi	联合国粮食及农业组织
lianheguomishuchu	联合国秘书处
lianheguorenkoujijin	联合国人口基金
lianheguorineiwabanshichu	联合国日内瓦办事处
lianheng	连横
lianji	练级
lianjiazi	练家子
lianjiedian	连接点
lianjiren	联系人
lianjiu	恋旧
lianlian	涟涟
lianlizhi	连理枝
lianluoxian	联络线
lianluoyuan	联络员
lianmingxin	联名信
lianpai	连拍
lianpiao	联票
lianpo	廉颇
lianpuhua	脸谱化
lianqin	练琴
lianqiu	练球
liansangzi	练嗓子
liansheng	连胜
lianshi	链式
lianshu	脸熟
liantifu	连体服
liantiyi	连体衣
lianwu	练武
lianxibu	练习簿
lianxidian	联系点
lianxihuilvzhi	联系汇率制
lianxin	莲心
lianxiti	练习题
lianye	莲叶
lianyisai	联谊赛
lianyungang	连云港
lianzhan	连战
liaobiao	聊表
liaocheng	聊城
liaodong	辽东
liaohan	撩汉
liaoning	辽宁
liaotianer	聊天儿
liaoxia	撂下
liaoyang	辽阳
liaozhai	聊斋
libai	李白
libai	立白
libaier	礼拜二
libairi	礼拜日
libaisan	礼拜三
libaisi	礼拜四
libaisi	礼拜寺
libaiwu	礼拜五
libaiyi	礼拜一
libing	李冰
libingbing	李冰冰
libiya	利比亚
libu	吏部
libu	礼部
licha	利差
licha	离差
lichade	理查德
lichen	李晨
lichen	里衬
licheng	例程
lichun	立春
lici	励磁
lidan	李诞
lidaoyuan	郦道元
lide	犁地
lidenghui	李登辉
lidian	锂电
liding	厘定
lidong	立冬
lidu	粒度
lidun	立顿
lieba	列巴
liebiaokuang	列表框
liegenxing	劣根性
liehua	劣化
liehuzuo	猎户座
lielie	猎猎
liema	劣马
liening	列宁
lierke	里尔克
lierwang	李尔王
lieshi	猎食
lieshimu	烈士墓
liexing	劣行
liexingjiu	烈性酒
liezhen	列阵
liezhi	列支
liezi	列子
lifafa	立法法
lifaguan	理发馆
lifan	力帆
lifankui	力反馈
lifayuan	立法院
lifazhe	立法者
lifuping	利福平
lifuquan	理肤泉
ligang	离岗
ligen	里根
liguang	李广
ligui	立柜
lihai	里海
lihe	礼盒
lihua	梨花
lihui	立绘
lihunlv	离婚率
lihunzheng	离婚证
liji	礼记
lijiancheng	李建成
lijiang	丽江
lijiexing	礼节性
lijing	李靖
lijirou	里脊肉
likaifu	李开复
likesheng	理科生
likui	李逵
lilianjie	李连杰
lilijiexinku	粒粒皆辛苦
lilinfu	李林甫
liling	立领
lilizi	锂离子
lilongji	李隆基
lilunjie	理论界
lilunke	理论课
lilunwulixue	理论物理学
lilunzhi	理论值
lima	利马
limadou	利玛窦
liman	黎曼
limingbo	李明博
limochou	李莫愁
lina	李娜
linan	临安
linbenerjiasuan	邻苯二甲酸
linbuqing	拎不清
lincang	临沧
linchuan	临川
lindaiyu	林黛玉
lindan	林丹
linfengmian	林风眠
lingchanglei	灵长类
lingdaijia	领带夹
lingdan	零蛋
lingfen	零分
lingfeng	零封
lingguanshui	零关税
linghuchong	令狐冲
linghuo	零活
lingjiantu	零件图
lingke	领克
linglilv	零利率
lingmu	铃木
lingri	凌日
lingshang	领赏
lingshicaipanquan	领事裁判权
lingshouban	零售版
lingshui	领水
lingtouren	领头人
lingwu	领舞
lingxian	零线
lingyinsi	灵隐寺
lingyong	领用
lingyu	鲮鱼
lingzengzhang	零增长
linhuiyin	林徽因
linjiejiao	临界角
linjiezhi	临界值
linjun	淋菌
linjunjie	林俊杰
linken	林肯
linkenjiniantang	林肯纪念堂
linqingxia	林青霞
linran	凛然
linsheng	邻省
linshuhao	林书豪
linsuanan	磷酸铵
linsuanerqingjia	磷酸二氢钾
linsuanhua	磷酸化
linsuanmei	磷酸酶
lintiao	檩条
linwa	林蛙
linxiangru	蔺相如
linxie	鳞屑
linxinru	林心如
linyi	临沂
linyichen	林依晨
linyin	林荫
linyujian	淋浴间
linyuqi	淋浴器
linyutang	林语堂
linzexu	林则徐
linzhi	林芝
linzhimei	磷脂酶
lipindai	礼品袋
lipindian	礼品店
liqian	礼钱
liqiang	李强
liqihuo	力气活
liqingzhao	李清照
liqiu	立秋
liruihuan	李瑞环
lisailiu	黎塞留
lisao	离骚
lishan	骊山
lishangyin	李商隐
lishiguan	历史观
lishiguo	理事国
lishike	历史课
lishiman	里士满
lishishi	李世石
lishizhen	李时珍
lishui	丽水
lishui	利税
lisi	李四
lisi	李斯
lisiguang	李四光
lisu	傈僳
lisuzu	傈僳族
litaibai	李太白
litaowangongheguo	立陶宛共和国
litijue	立体角
lituixiu	离退休
liuanhuamingyouyicun	柳暗花明又一村
liubang	刘邦
liubannong	刘半农
liubei	刘备
liubianxing	流变性
liubiju	六必居
liubowen	刘伯温
liuchao	六朝
liuche	刘彻
liuchongchang	六重唱
liuchulai	溜出来
liuchuqu	溜出去
liudiao	溜掉
liudongzhan	流动站
liugongquan	柳公权
liuguolai	溜过来
liuhaier	刘海儿
liuhangxing	流行性
liuhangyu	流行语
liuhequan	六合拳
liuhuang	硫磺
liuhuangdao	硫磺岛
liuhuatie	硫化铁
liuhuatong	硫化铜
liuhuaxin	硫化锌
liuhulan	刘胡兰
liujialing	刘嘉玲
liujin	鎏金
liujinqu	流进去
liujisheng	留级生
liukong	流控
liulaolao	刘姥姥
liumei	留美
liuniao	硫脲
liupanshui	六盘水
liupian	流片
liuqiu	琉球
liusan	流散
liushuihao	流水号
liusong	刘宋
liusuangen	硫酸根
liusuanxin	硫酸锌
liusuanzhi	硫酸纸
liutaihua	流态化
liutao	刘涛
liutiaoxiang	柳条箱
liutiekuang	硫铁矿
liutonggu	流通股
liuwaner	遛弯儿
liuwei	瘤胃
liuxia	流下
liuxiahui	柳下惠
liuxialai	溜下来
liuxiang	刘翔
liuxiaoqing	刘晓庆
liuxiaqu	流下去
liuxingge	流行歌
liuxingqu	流行曲
liuxingse	流行色
liuxinwu	刘心武
liuxuande	刘玄德
liuyang	浏阳
liuyantiao	留言条
liuyazi	柳亚子
liuye	刘烨
liuye	柳叶
liuyi	六一
liuyi	六艺
liuyifei	刘亦菲
liuyong	柳永
liuyu	刘裕
liuyuan	留园
liuyue	六月
liuyun	流云
liuyuxi	刘禹锡
liuzhenyun	刘震云
liuzhi	流质
liuzhiquan	留置权
liuzhoushi	柳州市
liuzhuanshui	流转税
liuzongyuan	柳宗元
liuzu	六祖
liwaibushiren	里外不是人
liwu	里屋
lixi	离席
lixia	立夏
lixiangzhuyizhe	理想主义者
lixianlong	李显龙
lixiaolu	李小璐
lixiaoran	李小冉
lixing	梨形
lixishui	利息税
lixueyuan	理学院
lixunhuan	李寻欢
liyaer	里亚尔
liyanhong	李彦宏
liyapeng	李亚鹏
liyu	李煜
liyuan	李渊
liyuanhong	黎元洪
liyububaizhidi	立于不败之地
liyuese	李约瑟
liyundi	李云迪
lizhaoxing	李肇星
lizhu	立柱
lizhuang	粒状
lizicheng	李自成
lizihua	离子化
liziliu	离子流
lizitang	离子烫
lizong	理综
lizongren	李宗仁
lizu	黎族
longbi	隆鼻
longchaoshou	龙抄手
longjing	龙井
longmen	龙门
longmendiao	龙门吊
longmenzhen	龙门阵
longnan	陇南
longwang	龙王
longxin	龙芯
longxugou	龙须沟
longyan	龙岩
longyan	龙颜
longyang	笼养
longyingtai	龙应台
longzhao	龙爪
longzhongdui	隆中对
longzhoujie	龙舟节
longzhousai	龙舟赛
longzhu	龙珠
loubao	漏报
louchulai	漏出来
loudi	娄底
loufeng	漏风
louji	漏极
loujianju	楼间距
loulan	楼兰
loushiming	陋室铭
louxianer	露馅儿
louyu	漏雨
louzhen	漏诊
luanchaoai	卵巢癌
luandianyuanyangpu	乱点鸳鸯谱
luanfenfen	乱纷纷
luanfengang	乱坟岗
luanhuajianyumirenyan	乱花渐欲迷人眼
luanletao	乱了套
luansheng	卵生
luanshengzi	孪生子
luantaisheng	卵胎生
luanxibao	卵细胞
luanxu	乱序
luban	鲁班
lubansuo	鲁班锁
lubeizhuang	露背装
lubinghua	鲁冰花
lubinxun	鲁滨逊
lubueryana	卢布尔雅那
lucai	鲁菜
ludejiao	路德教
ludeqing	露得清
ludezong	路德宗
ludi	芦笛
luerqu	鲁尔区
lufangji	录放机
lufei	路飞
lugan	芦柑
luganshi	炉甘石
lugou	撸狗
lugouqiaoshibian	卢沟桥事变
luguhu	泸沽湖
luguo	鲁国
luhaikong	陆海空
luhan	鹿晗
luhu	路虎
luhuanong	露华浓
luhuijiao	芦荟胶
lujian	路肩
lujiazuijinrongmaoyiqu	陆家嘴金融贸易区
lujiu	露酒
lujiuyuan	陆九渊
lujunhangkongbing	陆军航空兵
lulin	绿林
lumajiao	露马脚
lumanmanqixiuyuanxi	路漫漫其修远兮
lumian	露面
lunbadi	伦巴第
lunbo	轮播
lunbolang	伦勃朗
lunchu	论处
lundunjingjixueyuan	伦敦经济学院
lundunjingjizhengzhixueyuan	伦敦经济政治学院
lundunqiao	伦敦桥
lundunzhengquanjiaoyisuo	伦敦证券交易所
lunei	颅内
lunheng	论衡
lunhuaxie	轮滑鞋
luni	鲁尼
lunjizhang	轮机长
lunnade	伦纳德
lunshuti	论述题
lunwang	轮辋
lunyu	论语
luoanda	罗安达
luobangsheng	落榜生
luobazu	珞巴族
luobinhan	罗宾汉
luobinwang	骆宾王
luobogan	萝卜干
luobosi	萝卜丝
luobotang	萝卜汤
luobotui	萝卜腿
luoche	骡车
luodan	罗丹
luodedao	罗得岛
luodian	螺钿
luofa	落发
luoguanzhong	罗贯中
luogudui	锣鼓队
luohansong	罗汉松
luohe	洛河
luohe	络合
luohewu	络合物
luohua	落花
luoji	罗技
luojialiang	罗嘉良
luojiaodian	落脚点
luojishan	落基山
luojixing	逻辑性
luojizhi	逻辑值
luolei	罗勒
luolita	洛丽塔
luomafa	罗马法
luomaniyayu	罗马尼亚语
luomazhu	罗马柱
luomei	洛美
luoronghuan	罗荣桓
luoruiqing	罗瑞卿
luosaihu	络腮胡
luoshenfu	洛神赋
luosifu	罗斯福
luosongtang	罗宋汤
luosu	罗素
luosuo	啰嗦
luowengang	螺纹钢
luoxiafeng	落下风
luoxiayuguwuqifei	落霞与孤鹜齐飞
luoxuanzhuang	螺旋状
luoyelin	落叶林
luoyeshu	落叶树
lupi	鹿皮
luqie	露怯
luqizhuang	露脐装
luroufan	卤肉饭
luruyuan	录入员
lusaka	卢萨卡
lushanzhenmianmu	庐山真面目
lusu	鲁肃
lusuo	卢梭
lutiankuang	露天矿
lutou	露头
luwang	路网
luwuxuan	卢武铉
luxiangting	录像厅
luxiaoman	陆小曼
luxunwenxuejiang	鲁迅文学奖
luyao	路遥
luyingdi	露营地
luyinshi	录音师
luyishou	露一手
luyisianna	路易斯安那
luyisiannazhou	路易斯安那州
luyisiweier	路易斯维尔
luyou	陆游
luyoubiao	路由表
luyu	陆羽
luzhishen	鲁智深
luzhu	卤煮
lvban	铝板
lvbingqin	氯丙嗪
lvbu	吕布
lvbuwei	吕不韦
lvcai	铝材
lvche	驴车
lvcongcong	绿葱葱
lvdagun	驴打滚
lvde	绿地
lvdougao	绿豆糕
lvdousha	绿豆沙
lvdoutang	绿豆汤
lvdouya	绿豆芽
lvdouying	绿豆蝇
lvdouzhou	绿豆粥
lveduoxing	掠夺性
lveying	掠影
lvfen	铝粉
lvfuting	氯氟烃
lvguangpian	滤光片
lvguo	铝锅
lvhangjia	旅行家
lvhua	氯化
lvhuabei	氯化钡
lvhualv	绿化率
lvhuamei	氯化镁
lvhuatie	氯化铁
lvjian	绿箭
lvju	吕剧
lvjuren	绿巨人
lvkouban	铝扣板
lvmao	绿帽
lvmei	旅美
lvmeng	吕蒙
lvmo	滤膜
lvpai	旅拍
lvrou	驴肉
lvsepian	滤色片
lvshituan	律师团
lvshu	旅鼠
lvsong	吕宋
lvsongdao	吕宋岛
lvsuanyan	氯酸盐
lvxingbao	旅行包
lvxingche	旅行车
lvxingxiang	旅行箱
lvxingzheng	旅行证
lvyi	绿意
lvying	绿营
lvyinyin	绿茵茵
lvyouche	旅游车
lvyouxie	旅游鞋
lvzhi	铝制
mabiancao	马鞭草
maci	麻糍
macidui	马刺队
madian	麻点
mading	马丁
madisi	马蒂斯
madoufu	麻豆腐
maer	马儿
maerweinasi	马尔维纳斯
maerweinasiqundao	马尔维纳斯群岛
mafeisan	麻沸散
mafen	马粪
magua	麻瓜
maguan	马倌
mahadi	马哈迪
mahalashitelabang	马哈拉施特拉邦
mahuang	蚂蝗
mahuanggen	麻黄根
mahuateng	马化腾
maicao	麦草
maicha	麦茬
maichuqu	卖出去
maidelong	麦德龙
maidi	麦地
maidi	麦蒂
maidou	麦兜
maifang	卖房
maifanshi	麦饭石
maigan	麦秆
maiguanyan	脉管炎
maihuilai	买回来
maihuiqu	买回去
maijia	麦加
maijin	卖劲
maijishan	麦积山
maikailun	迈凯伦
maikaxizhuyi	麦卡锡主义
maike	迈克
maikebai	麦克白
maikemahongxian	麦克马洪线
maikenxi	麦肯锡
maimairen	买卖人
maimang	麦芒
maimiao	麦苗
mainamai	麦纳麦
maipan	买盘
maipianzhou	麦片粥
maiqiao	卖俏
mairenqing	卖人情
mairu	埋入
mairujia	买入价
maishou	买手
maishou	麦收
maitanweng	卖炭翁
maiteng	迈腾
maitian	麦田
maitianquan	麦田圈
maizhang	买账
majiangguan	麻将馆
majiangji	麻将机
majiangzhuo	麻将桌
majing	马竞
majingtao	马景涛
makesi	马克思
makesilieningzhuyi	马克思列宁主义
makesizhuyi	马克思主义
makesizhuyizhe	马克思主义者
maku	马裤
malaixiong	马来熊
malaixiyaren	马来西亚人
malan	马兰
malantou	马兰头
malawei	马拉维
malawei	麻辣味
male	马勒
mali	玛丽
maliao	马里奥
malilandaxue	马里兰大学
maliuer	麻溜儿
maliujia	马六甲
maliya	玛丽亚
maliya	玛利亚
maliyanaqundao	马里亚纳群岛
managua	马那瓜
manai	马奈
manbu	满布
manchedao	慢车道
mancheng	曼城
manchesitedaxue	曼彻斯特大学
mandela	曼德拉
mandun	慢炖
manfanshe	漫反射
mangci	芒刺
mangfu	莽夫
manggan	盲干
mangmang	莽莽
mangshen	盲审
mangtong	盲童
manguan	漫灌
mangxiao	盲校
mangxuan	盲选
mangyuan	莽原
manhadun	曼哈顿
manhan	颟顸
manhua	漫话
manji	满级
manjianghong	满江红
manlian	曼联
manpaoxie	慢跑鞋
manshe	漫射
mantan	漫谈
manteng	蔓藤
mantingfang	满庭芳
manwen	满文
manxue	满血
manyiwei	满以为
manyoufei	漫游费
manyu	满语
manzhou	满洲
manzhouli	满洲里
manzhu	瞒住
manzu	满族
manzu	蛮族
maoanying	毛岸英
maobizi	毛笔字
maocai	冒菜
maocao	毛糙
maocaowu	茅草屋
maoding	锚定
maodun	茅盾
maodunlun	矛盾论
maodunlv	矛盾律
maodunwenxuejiang	茅盾文学奖
maoerni	猫儿腻
maogai	毛概
maogu	锚固
maoguanlu	毛冠鹿
maohan	毛蚶
maojian	冒尖
maojian	毛尖
maojinbei	毛巾被
maojiner	铆劲儿
maojinjia	毛巾架
maoku	毛裤
maoling	毛领
maolirun	毛利润
maomao	猫毛
maomaoran	贸贸然
maoming	茂名
maomu	毛姆
maonan	毛南
maonangyan	毛囊炎
maonanzu	毛南族
maoni	毛呢
maoniurou	牦牛肉
maorong	毛绒
maoseqiang	毛瑟枪
maoshan	帽衫
maoshan	毛衫
maoshan	茅山
maoshanglai	冒上来
maotao	毛桃
maotianxiazhidabuwei	冒天下之大不韪
maowang	猫王
maowusushamo	毛乌素沙漠
maoxia	毛虾
maoxiewang	毛血旺
maoxiguan	毛细管
maoxiong	猫熊
maoyan	帽沿
maoyanshi	猫眼石
maoyatou	毛丫头
maoyushi	茅于轼
maozao	毛躁
maozedongsixiang	毛泽东思想
maozei	毛贼
maozhuxijiniantang	毛主席纪念堂
mapeng	马棚
maputuo	马普托
maqidungongheguo	马其顿共和国
maqinuo	马奇诺
marou	马肉
masanli	马三立
masazhusaizhou	马萨诸塞州
mashaoer	马绍尔
mashaoerqundao	马绍尔群岛
masheng	麻省
masheng	麻绳
mashengligongxueyuan	麻省理工学院
mashu	麻薯
masike	马斯克
masiluo	马斯洛
matonggai	马桶盖
matouqiang	马头墙
matuan	麻团
maweizao	马尾藻
maxian	麻线
maxieer	马歇尔
maya	妈呀
maya	玛雅
maya	麻鸭
mayakefusiji	马雅可夫斯基
mayaren	玛雅人
maying	马蝇
mayouyou	马友友
mayun	马云
mazhan	骂战
mazhiyuan	马致远
mazida	马自达
mazong	马鬃
mazu	妈祖
mazuike	麻醉科
mazuipin	麻醉品
mazuiqiang	麻醉枪
mazuizhen	麻醉针
meiban	霉斑
meibaolian	美宝莲
meibianer	没边儿
meibiao	美标
meichang	煤场
meichou	美丑
meichuxi	没出息
meicuoer	没错儿
meidian	煤电
meidiguozhuyi	美帝国主义
meidusha	美杜莎
meifadian	美发店
meifazi	没法子
meifen	煤粉
meifen	美分
meigancai	霉干菜
meigonghe	湄公河
meigu	眉骨
meiguangdeng	镁光灯
meiguihong	玫瑰红
meiguise	玫瑰色
meiguocaizhengbu	美国财政部
meiguocanyiyuan	美国参议院
meiguoguangbogongsi	美国广播公司
meiguoguofangbu	美国国防部
meiguoguojiahangkonghangtianju	美国国家航空航天局
meiguoguowuyuan	美国国务院
meiguohangkonghangtianju	美国航空航天局
meiguolao	美国佬
meiguolianbangdiaochaju	美国联邦调查局
meiguominzhudang	美国民主党
meiguoshangwubu	美国商务部
meiguoyouxiandianshixinwenwang	美国有线电视新闻网
meiguoyuhangju	美国宇航局
meiguozhongyiyuan	美国众议院
meiguozuigaofayuan	美国最高法院
meihong	玫红
meihouwang	美猴王
meihuagong	煤化工
meihuashuo	没话说
meihuazhen	梅花针
meihuazhuang	梅花桩
meiji	美籍
meijia	煤价
meijiadian	美甲店
meijiajing	美加净
meijiner	没劲儿
meijinnong	美津浓
meiju	美剧
meijufa	枚举法
meijun	美军
meikuai	煤块
meilaoban	煤老板
meiliangxin	没良心
meilianhang	美联航
meilida	美利达
meilijian	美利坚
meilijianhezhongguo	美利坚合众国
meimen	没门
meimener	没门儿
meimeng	美梦
meinanhe	湄南河
meinanzi	美男子
meini	美腻
meinianda	美年达
meiqideng	煤气灯
meiqifei	煤气费
meiqiguan	煤气罐
meiqilu	煤气炉
meiqizao	煤气灶
meiqizhan	煤气站
meiquer	没趣儿
meishan	眉山
meishanshi	眉山市
meishi	美式
meishicheng	美食城
meishier	没事儿
meishijie	美食节
meisu	美苏
meisuobudamiya	美索不达米亚
meitibofangqi	媒体播放器
meitiku	媒体库
meitui	美腿
meiwei	霉味
meixi	梅西
meixing	眉形
meiyan	煤烟
meiyanfang	梅艳芳
meiyao	煤窑
meiyinger	没影儿
meiyoudeng	煤油灯
meiyu	美育
meiyu	美语
meiyuan	美院
meiyuqi	梅雨期
meizanchen	美赞臣
meizhan	美展
meizhou	梅州
meizhou	美洲
meizhouguojiazuzhi	美洲国家组织
meizhouhu	美洲虎
meizhoushi	美洲狮
meizhuner	没准儿
meizi	糜子
meizu	魅族
menban	门板
menbazu	门巴族
mendianlu	门电路
menfeng	门缝
mengbuding	猛不丁
mengchangjun	孟尝君
mengchen	蒙尘
mengchong	萌宠
mengdana	蒙大拿
mengdeer	孟德尔
mengdi	猛地
mengguguo	蒙古国
mengguwen	蒙古文
menghaoran	孟浩然
menghuo	孟获
menghuo	猛火
mengjiala	孟加拉
mengjiangnv	孟姜女
mengjiao	孟郊
mengke	孟轲
mengliangguzhanyi	孟良崮战役
menglongpai	朦胧派
mengmaxiang	猛犸象
mengmianren	蒙面人
mengnan	猛男
mengniu	蒙牛
mengqilai	蒙起来
mengran	懵然
mengsuanjia	锰酸钾
mengtian	蒙恬
mengtian	蒙田
menguanche	闷罐车
mengun	闷棍
menguo	焖锅
mengwen	蒙文
mengxue	蒙学
mengyu	蒙语
mengzhidui	梦之队
mengzhu	盟主
mengzu	蒙族
menjing	门镜
menjingmai	门静脉
menlian	门帘
menlianer	门脸儿
menmian	焖面
menpaihao	门牌号
menqi	闷气
mensa	门萨
menshao	闷烧
menshijia	门市价
mentougou	门头沟
menweishi	门卫室
mianbaodao	面包刀
mianbaoshi	面包师
miandayi	棉大衣
miandianren	缅甸人
miandianshi	面点师
miandianyu	缅甸语
mianfang	棉纺
mianfangzhi	棉纺织
mianfu	棉服
mianguanzhao	免冠照
mianhexinbuhe	面和心不和
mianjian	免检
mianjinzhi	面巾纸
miankao	免考
mianma	棉麻
mianmaoku	棉毛裤
mianmaoshan	棉毛衫
mianpao	棉袍
mianqu	免去
mianrener	面人儿
mianrou	绵柔
mianshan	面善
miansheng	面生
mianshenjing	面神经
mianshi	免试
mianshuidian	免税店
miantao	棉桃
miantiaoji	面条机
mianwa	棉袜
mianxiangduixiangbiancheng	面向对象编程
mianxianwei	棉纤维
mianxie	棉鞋
mianyang	绵阳
mianyangshi	绵阳市
mianyou	免邮
mianyu	免予
mianzhi	棉质
mianzi	棉籽
mianzui	免罪
miaofang	妙方
miaoli	苗栗
miaomei	描眉
miaoshan	秒删
miaoshufu	描述符
miaotuzhi	描图纸
miaoyu	苗语
miaozhao	妙着
mibiao	咪表
micu	米醋
midianma	密电码
miduban	密度板
mieba	灭霸
miechongji	灭虫剂
miehuoji	灭火剂
mierdun	米尔顿
miesha	灭杀
mieshu	灭鼠
miewendeng	灭蚊灯
mifen	蜜粉
mifengguan	密封罐
mifengquan	密封圈
mifengtiao	密封条
mifengxing	密封性
migang	米缸
migao	米糕
migua	蜜瓜
mihanshu	幂函数
mihu	米糊
mihuangse	米黄色
miji	密级
mijing	秘境
mijixing	密集型
miju	蜜桔
miju	蜜橘
mikailangjiluo	米开朗基罗
mikeluonixiya	密克罗尼西亚
mikeluonixiyalianbang	密克罗尼西亚联邦
miluo	汨罗
miluojiang	汨罗江
miluosheweiqi	米洛舍维奇
mimaben	密码本
mimaxiang	密码箱
minbei	闽北
minben	民本
mincai	闽菜
mincui	民粹
minfaxue	民法学
mingan	明暗
mingcha	名刹
mingchen	明晨
mingchu	名厨
mingdu	明度
minger	明儿
mingerge	明儿个
mingguergongzhi	鸣鼓而攻之
minghe	冥河
minghoutian	明后天
minglanghua	明朗化
minglingshi	命令式
minglingtishifu	命令提示符
mingmian	明面
mingmianer	明面儿
mingmingquan	命名权
mingmo	明末
mingniabolisi	明尼阿波利斯
mingnisudazhou	明尼苏达州
mingonghuang	民工荒
mingpaihuo	名牌货
mingpao	鸣炮
mingqi	名企
mingshashan	鸣沙山
mingsike	明斯克
mingwangxing	冥王星
mingxian	明线
mingxiang	鸣响
mingxiaoling	明孝陵
mingxidan	明细单
mingyan	明艳
mingyanyuan	名演员
mingyuan	鸣冤
mingzhi	明治
minhangqu	闵行区
miniaodao	泌尿道
miniaoke	泌尿科
minjiang	闽江
minju	闽剧
minmeng	民盟
minshangfa	民商法
minsucun	民俗村
mintiao	民调
minxiu	民宿
minyao	民窑
minyu	闽语
minzhi	民智
minzui	抿嘴
minzuwu	民族舞
minzuxing	民族性
minzuzijuequan	民族自决权
miqi	米奇
mirusu	泌乳素
mishi	秘史
mishuxue	秘书学
misuli	密苏里
mitelang	密特朗
miuzan	谬赞
mixiegen	密歇根
mixixibizhou	密西西比州
miyou	蜜柚
mizaza	密匝匝
mizhi	蜜汁
miziqi	米字旗
mobai	摩拜
moben	摹本
mochouhu	莫愁湖
mochu	抹除
modaier	莫代尔
modaoshi	魔导师
modi	蓦地
modouyu	墨斗鱼
moduoke	默多克
moerbendaxue	墨尔本大学
moerduowagongheguo	摩尔多瓦共和国
moersibigang	莫尔斯比港
mofangxiu	模仿秀
mofangzhe	模仿者
mofansheng	模范生
mofazhen	魔法阵
mogen	摩根
mohe	漠河
moheqi	磨合期
mohuanxianshizhuyi	魔幻现实主义
mohuyin	模糊音
mojia	墨家
mojiao	魔教
mojie	摩羯
mojie	魔戒
mojie	魔界
mojiezuo	摩羯座
mojing	魔镜
moju	磨具
mokao	模考
moke	默克
moliai	莫里哀
molian	磨炼
monai	莫奈
monang	墨囊
monikao	模拟考
moniti	模拟题
mopian	膜片
moping	磨平
moqilai	摸起来
moqiuli	墨丘利
morenzhi	默认值
mosade	摩萨德
mosha	抹煞
moshangsang	陌上桑
moshen	魔神
moshenghua	陌生化
moshou	魔兽
moshuibi	墨水笔
moshuiping	墨水瓶
mosikedaxue	莫斯科大学
mosuo	摩梭
mosuoren	摩梭人
motou	摸透
mousi	谋私
mowei	末位
moxi	摩西
moya	摩崖
moyan	莫言
moyu	魔芋
mozhang	魔障
mozhate	莫扎特
mozhi	磨制
mozi	墨子
mozi	抹子
mozu	魔族
muban	母版
muben	木本
mubiaojia	目标价
mubing	募兵
mubingzhi	募兵制
muchan	亩产
muchun	暮春
mudanjiang	牡丹江
mudi	穆迪
mudiban	木地板
mudixing	目的性
mugonghuo	木工活
mujian	母舰
mujiang	木浆
mujiegou	木结构
mujinhua	木槿花
mujuanxiang	募捐箱
mulao	仫佬
mulaozu	仫佬族
muma	母马
muniu	母牛
mupai	木牌
muqiao	木桥
muqinjie	母亲节
murongfu	慕容复
mushi	墓室
mushihua	模式化
mushitagefeng	慕士塔格峰
mushu	木梳
mutianyuchangcheng	慕田峪长城
mutiao	木条
mutouren	木头人
muweier	木卫二
muweisan	木卫三
muweisi	木卫四
muwu	木屋
muxiang	木箱
muxing	木星
muxing	母性
muxurou	木须肉
muyang	母羊
muyangnv	牧羊女
muyuye	沐浴液
muzhu	母猪
muzilia	母子俩
muzipang	木字旁
naban	那般
nadaer	纳达尔
nadamu	那达慕
nadu	拿督
naer	那儿
naideng	氖灯
naigai	奶盖
naigao	奶糕
naiguo	奶锅
naihan	耐旱
naiheqiao	奈何桥
naike	耐克
nailiang	奈良
naimoxing	耐磨性
naipi	奶皮
naipizi	奶皮子
nairexing	耐热性
naishanyang	奶山羊
naitang	奶糖
naixiang	奶香
naiya	奶牙
naiya	耐压
naiyao	耐药
naiye	奶业
naiyouse	奶油色
naizang	耐脏
naizhiyu	乃至于
nalizi	钠离子
namiguan	纳米管
namucuo	纳木措
namucuo	纳木错
nanaodaliya	南澳大利亚
nanban	男伴
nanban	难办
nancesuo	男厕所
nanchao	南朝
nanchong	南充
nandaketazhou	南达科他州
nanfangren	南方人
nanfeigongheguo	南非共和国
nanfeng	南风
nanguabing	南瓜饼
nanguazi	南瓜子
nanguo	南国
nanhai	南海
nanhaier	男孩儿
nanhan	南韩
nanhushi	男护士
naniya	纳尼亚
nanjiao	南郊
nanjingbowuyuan	南京博物院
nanjingchangjiangdaqiao	南京长江大桥
nanjingdatusha	南京大屠杀
nanjingnongyedaxue	南京农业大学
nanjingshifandaxue	南京师范大学
nanjingyikedaxue	南京医科大学
nanjingyishuxueyuan	南京艺术学院
nanjiquan	南极圈
nankai	南开
nankaluolaina	南卡罗来纳
nankaluolainazhou	南卡罗来纳州
nanke	男科
nanlianmeng	南联盟
nanling	南岭
nanmei	南美
nanminchao	难民潮
nanmingxing	男明星
nannai	难耐
nanniwan	南泥湾
nanpeijiao	男配角
nanping	难评
nanpu	男仆
nanqi	南齐
nanqishu	南齐书
nanquan	男权
nanrenwei	男人味
nanrong	难溶
nanse	难色
nansha	南沙
nanshaolin	南少林
nansheng	男声
nanshi	男式
nantianmen	南天门
nantong	南通
nantongxue	男同学
nanxiangzi	南乡子
nanxun	南巡
nanya	南亚
nanyacidalu	南亚次大陆
nanyang	南阳
nanyangshan	南洋杉
nanyihao	男一号
nanyushangqingtian	难于上青天
nanzhu	楠竹
nanzhu	男主
nanzhujue	男主角
nanzhuren	男主人
naobaijin	脑白金
naobing	闹病
naobu	脑部
naodaigua	脑袋瓜
naodianbo	脑电波
naodong	脑洞
naofang	闹房
naogengsai	脑梗塞
naoguazi	脑瓜子
naoke	脑科
naokexue	脑科学
naolilaodongzhe	脑力劳动者
naolu	瑙鲁
naoren	脑仁
naoxueguan	脑血管
naoxueshuan	脑血栓
naoyang	挠痒
naoyijian	闹意见
naozhewan	闹着玩
naozuzhong	脑卒中
nasaier	纳赛尔
nashouxi	拿手戏
naxi	纳西
naxizu	纳西族
nayan	钠盐
nazhaerbayefu	纳扎尔巴耶夫
nazhi	纳指
neibi	内壁
neibulasijia	内布拉斯加
neibulasijiazhou	内布拉斯加州
neicunka	内存卡
neicuntiao	内存条
neida	内搭
neigezhi	内阁制
neiguge	内骨骼
neihangren	内行人
neihanzi	内含子
neihuan	内环
neijiangshi	内江市
neijing	内景
neijing	内镜
neiju	内聚
neili	内力
neiliansheng	内联升
neiliujiao	内六角
neimenggu	内蒙古
neimenggudaxue	内蒙古大学
neimenggugaoyuan	内蒙古高原
neiqiang	内墙
neiqieyuan	内切圆
neiquan	内圈
neiquli	内驱力
neishen	内审
neishuang	内双
neitaniyahu	内塔尼亚胡
neixian	内陷
neixiangxing	内向型
neiye	内页
neiyin	内因
neiyingli	内应力
neiyou	内忧
neiyuan	内援
neiyuanxing	内源性
neizaihua	内在化
neizaixing	内在性
neizhai	内债
neizhengbu	内政部
neizi	内资
neizu	内阻
nenfu	嫩肤
nengliangbang	能量棒
nenhua	嫩滑
nenmo	嫩模
nenshengsheng	嫩生生
nenzhi	嫩枝
nezha	哪吒
nianba	廿八
nianbaba	蔫巴巴
nianbuji	蔫不唧
nianchangzhe	年长者
nianchanliang	年产量
nianchou	黏稠
nianchuyi	年初一
nianer	廿二
niangengyao	年羹尧
niangermen	娘儿们
niangjiaren	娘家人
niangjiuchang	酿酒厂
niangzaojiu	酿造酒
niangzijun	娘子军
nianheji	粘合剂
nianjie	粘结
nianjing	年景
nianjizu	年级组
nianjun	捻军
nianmi	碾米
nianpiao	年票
niantu	粘土
nianxiujia	年休假
nianya	碾轧
nianye	粘液
nianyu	鲇鱼
nianyu	鲶鱼
nianzhujun	念珠菌
niaochanggui	尿常规
niaodanbai	尿蛋白
niaodaoyan	尿道炎
niaoer	鸟儿
niaohu	尿壶
niaolu	尿路
niaopin	尿频
niaoren	鸟人
niaosuan	尿酸
niaoyu	鸟语
nibi	溺毙
nibianhuan	逆变换
niebahan	捏把汗
niechi	啮齿
nieer	聂耳
niehaihua	孽海花
niehaisheng	聂海胜
nielian	捏脸
nieluda	聂鲁达
niezhai	孽债
niguan	尼姑庵
nihe	拟核
nihelu	尼赫鲁
nihu	腻乎
nilia	你俩
nilongsheng	尼龙绳
nimao	呢帽
nimingti	逆命题
nimingxin	匿名信
ningbohua	宁波话
ningchen	佞臣
ningde	宁德
ningdeshi	宁德市
ningduan	拧断
ninghua	凝华
ningjiehe	凝结核
ningjin	拧紧
ningkexinqiyou	宁可信其有
ningmenghuang	柠檬黄
ningmengjing	柠檬精
ningmengshu	柠檬树
ningmi	宁谧
ningru	凝乳
ningsi	凝思
ningxia	宁夏
nipenji	泥盆纪
nipusaguojiang	泥菩萨过江
nirenzhang	泥人张
nirong	呢绒
nisang	尼桑
nisihu	尼斯湖
nitan	泥滩
nitang	泥塘
niuba	牛扒
niubangzi	牛蒡子
niuche	牛车
niuchuru	牛初乳
niuehu	牛轭湖
niufen	牛粪
niugan	牛肝
niuguolai	扭过来
niuhuangsuan	牛磺酸
niujiaojian	牛角尖
niujin	牛津
niujin	牛筋
niujinbu	牛津布
niulangxing	牛郎星
niulanshan	牛栏山
niumaoyu	牛毛雨
niupitang	牛皮糖
niuroutang	牛肉汤
niutoubuduimazui	牛头不对马嘴
niutougeng	牛头梗
niuwan	牛丸
niuwei	牛尾
niuyangge	扭秧歌
niuyatang	牛轧糖
niuyuezhengquanjiaoyisuo	纽约证券交易所
niuza	牛杂
niuzaifu	牛仔服
niweiya	妮维雅
niyajialadapubu	尼亚加拉大瀑布
niyamei	尼亚美
niyiyanwoyiyu	你一言我一语
niyuan	逆元
nizhuanlu	逆转录
nizifen	腻子粉
nongchangzhu	农场主
nongchuang	脓疮
nongfan	弄反
nonggongdang	农工党
nonggongminzhudang	农工民主党
nonghang	农行
nongjiacai	农家菜
nongjiayuan	农家院
nongken	农垦
nonglinmufuyu	农林牧副渔
nonglinmuyuye	农林牧渔业
nongliusuan	浓硫酸
nongmu	农牧
nongmuye	农牧业
nongnuzhi	农奴制
nongquan	弄权
nongshi	农时
nongsuoye	浓缩液
nongtang	弄堂
nongxinshe	农信社
nongxue	脓血
nongxueyuan	农学院
nongyeshui	农业税
nongyin	浓荫
nongyishi	农艺师
nuanfengji	暖风机
nuanhuhu	暖乎乎
nuanhuhu	暖呼呼
nuankongqi	暖空气
nuannuande	暖暖的
nuanqifei	暖气费
nuanqituan	暖气团
nuansediao	暖色调
nuanshuidai	暖水袋
nuanshuihu	暖水壶
nuantong	暖通
nuanwendai	暖温带
nubiya	努比亚
nuhao	怒号
nujian	弩箭
nukualuofa	努库阿洛法
nuobeier	诺贝尔
nuobeierhepingjiang	诺贝尔和平奖
nuobeierhuaxuejiang	诺贝尔化学奖
nuobeierjijinhui	诺贝尔基金会
nuobeierjingjixuejiang	诺贝尔经济学奖
nuobeierwenxuejiang	诺贝尔文学奖
nuobeierwulixuejiang	诺贝尔物理学奖
nuodinghan	诺丁汉
nuodinghandaxue	诺丁汉大学
nuodingshan	诺丁山
nuohua	诺华
nuojiya	诺基亚
nuolan	诺兰
nuomandi	诺曼底
nuomifan	糯米饭
nuomijiu	糯米酒
nuoweiwen	挪威文
nuoya	诺亚
nuoyumi	糯玉米
nuwakexiaote	努瓦克肖特
nuyi	怒意
nuzu	怒族
nvbing	女兵
nvcesuo	女厕所
nvde	女德
nvdiyin	女低音
nvegou	虐狗
nverguo	女儿国
nvetong	虐童
nvewen	虐文
nvguan	女官
nvhaier	女孩儿
nvjiaoshi	女教师
nvkuan	女款
nvlaoban	女老板
nvni	女尼
nvnu	女奴
nvqiu	女囚
nvquanzhuyizhe	女权主义者
nvrenwei	女人味
nvsheng	女声
nvshengjie	女生节
nvshi	女式
nvwa	女娲
nvxia	女侠
nvxie	女鞋
nvyihao	女一号
nvyingxiong	女英雄
nvzhaodai	女招待
nvzhen	女真
nvzhenzu	女真族
nvzhigong	女职工
nvzhongyin	女中音
nvzhu	女主
oubao	欧宝
oufen	藕粉
ougongti	欧共体
ouhua	欧化
ouhuang	欧皇
oujia	藕夹
oujie	藕节
oujinsai	欧锦赛
oulaiya	欧莱雅
oulajiao	欧拉角
oumengweiyuanhui	欧盟委员会
oumijia	欧米茄
oumubiao	欧姆表
oumulong	欧姆龙
oupeike	欧佩克
oushi	欧式
ouxue	呕血
ouya	欧亚
ouyadaluqiao	欧亚大陆桥
ouyangfeng	欧阳锋
ouyangxun	欧阳询
ouyuanqu	欧元区
ouzhougongtongti	欧洲共同体
ouzhouhangtianju	欧洲航天局
ouzhouheziyanjiuzhongxin	欧洲核子研究中心
ouzhoujingjigongtongti	欧洲经济共同体
ouzhoulishihui	欧洲理事会
ouzhouweiyuanhui	欧洲委员会
ouzhouzhongyangyinhang	欧洲中央银行
pachuqu	爬出去
pada	啪嗒
paerma	帕尔马
paibazhang	拍巴掌
paibi	排笔
paibiju	排比句
paichanglong	排长龙
paichili	排斥力
paichufa	排除法
paidianbao	拍电报
paidong	拍动
paifa	派发
paifangliang	排放量
paifeng	排风
paifengshan	排风扇
paiguan	排灌
paigufan	排骨饭
paigumian	排骨面
paigutang	排骨汤
paihan	排汗
paihao	排号
paihua	排华
paiji	牌技
paike	派克
pailuanqi	排卵期
paimaihang	拍卖行
paipin	拍品
paiqianjun	派遣军
paiqifa	排气阀
paiqikou	排气口
paiqiliang	排气量
paishedi	拍摄地
paishenglei	派生类
paishengwu	派生物
paishuibeng	排水泵
paitou	排头
paiwei	排位
paiwufei	排污费
paixi	排戏
paixian	排线
paixie	排协
paiyandao	排烟道
paiyi	排异
paiyou	牌友
paizhonglv	排中律
pajieluo	帕杰罗
pajinsen	帕金森
palading	帕拉丁
palamalibo	帕拉马里博
palao	帕劳
pamier	帕米尔
pamiergaoyuan	帕米尔高原
panan	判案
panci	判词
pancun	盘存
panduanju	判断句
panduanti	判断题
panduola	潘多拉
panfa	盘发
pangniu	胖妞
pangshi	旁氏
pangshou	胖瘦
pangtingxi	旁听席
pangtouyu	胖头鱼
pangu	盘古
pangukaitiandi	盘古开天地
pangzhepu	旁遮普
panjin	盘锦
panjinlian	潘金莲
pankou	盘扣
panmian	盘面
panshanlu	盘山路
pantianshou	潘天寿
panweibo	潘玮柏
panyu	番禺
panyueming	潘粤明
panzheng	盘整
paobudong	跑不动
paobuliao	跑不了
paochu	刨除
paochulai	抛出来
paochuqu	抛出去
paodiao	抛掉
paodong	跑动
paoguan	炮管
paoguangji	抛光机
paoguolai	跑过来
paohuaban	刨花板
paojia	炮架
paokou	炮口
paolou	炮楼
paoshi	抛尸
paotong	炮筒
paotuier	跑腿儿
paowei	跑位
paoyan	炮眼
paozi	刨子
paqilai	爬起来
pasate	帕萨特
pashangqu	爬上去
pasijieernake	帕斯捷尔纳克
pasika	帕斯卡
patenong	帕特农
paxia	趴下
paxiaqu	爬下去
peichangfei	赔偿费
peidao	佩刀
peidian	配电
peidianxiang	配电箱
peigu	配股
peipao	陪跑
peiqi	佩奇
peiqi	配器
peishen	陪审
peishenxi	陪审席
peisongfei	配送费
peitu	配图
peiwei	配位
peixunfei	培训费
peiyinyuan	配音员
peiyongjun	裴勇俊
peiyou	培优
peizangkeng	陪葬坑
peizi	胚子
peiziti	配子体
penchulai	喷出来
pengbei	碰杯
pengboshe	彭博社
penggai	棚改
penghu	澎湖
penglai	蓬莱
penglaige	蓬莱阁
pengliyuan	彭丽媛
pengpengqun	蓬蓬裙
pengshang	碰伤
pengtouhui	碰头会
pengzhanglv	膨胀率
penhui	喷绘
penkou	喷口
penlin	喷淋
pensheqi	喷射器
penshui	喷水
penyoubeng	喷油泵
piandao	偏导
pianerjing	片儿警
pianguo	骗过
pianhun	骗婚
pianmianxing	片面性
piannanfeng	偏南风
pianqu	片区
pianran	翩然
pianse	偏色
pianshui	骗税
piantiwen	骈体文
piantouteng	偏头疼
pianwen	骈文
pianxian	蹁跹
pianxu	偏序
pianyiliang	偏移量
pianyou	偏右
pianyuan	片源
pianzhang	片长
pianzhuang	片状
piaofuwu	漂浮物
piaoguo	飘过
piaohao	票号
piaolianghua	漂亮话
piaomian	票面
piaomiao	缥缈
piaoqi	骠骑
piaorou	飘柔
piaowu	票务
piaoxu	飘絮
pibaogu	皮包骨
pidouhui	批斗会
pierxun	皮尔逊
piezhe	撇折
pifa	披发
pifazi	皮筏子
pijiake	皮夹克
pijianfa	披肩发
pijiazi	皮夹子
pijiuguan	啤酒馆
pijiuwu	啤酒屋
pijiyan	皮肌炎
pikache	皮卡车
pinganye	平安夜
pingdixie	平底鞋
pingdiyishenglei	平地一声雷
pingdong	屏东
pingdong	平动
pingfang	平放
pingfenbiao	评分表
pingfenxian	平分线
pingguangjing	平光镜
pingguocu	苹果醋
pingguolv	苹果绿
pingguoshu	苹果树
pingguosuan	苹果酸
pingguoyuan	苹果园
pinggushi	评估师
pinghengdian	平衡点
pinghenggan	平衡感
pingji	平级
pingju	评剧
pingjunfen	平均分
pingliang	平凉
pinglunjie	评论界
pingpu	平铺
pingtang	平躺
pingwenxing	平稳性
pingxi	屏息
pingxi	评析
pingxiang	萍乡
pingxingguanzhanyi	平型关战役
pingyao	平遥
pingyou	评优
pingzhan	平展
pingzhu	屏住
pingzhuan	评传
pingzhuangshu	平装书
pinjiu	拼酒
pinkunsheng	贫困生
pinkunxian	贫困县
pinkunxian	贫困线
pinmi	频密
pinpaiji	品牌机
pinpei	拼配
pinrenzhi	聘任制
pintuan	拼团
pinxiefa	拼写法
pipaxing	琵琶行
pipilu	皮皮鲁
piroushang	皮肉伤
pishinu	毗湿奴
pitao	皮套
pitiao	批条
pitoushi	披头士
pixiang	皮相
pixie	皮屑
pixue	皮靴
piyajie	皮亚杰
piyanuo	皮亚诺
piying	皮影
pizhi	皮脂
pizhunshu	批准书
pochanfa	破产法
podi	坡地
poguanziposhuai	破罐子破摔
pohuaishen	破坏神
pojipao	迫击炮
polaner	破烂儿
poluo	破落
poluo	笸箩
poluomen	婆罗门
pomo	泼墨
popi	泼皮
posa	泼洒
poshuijie	泼水节
posi	珀斯
posuiji	破碎机
powu	破五
poyang	鄱阳
poyin	破音
pucao	蒲草
puchi	噗哧
puchi	噗嗤
puchi	扑哧
pucong	仆从
pucunxin	濮存昕
pudongfazhanyinhang	浦东发展银行
pudongguojijichang	浦东国际机场
puer	普洱
puercha	普洱茶
puermin	扑尔敏
pugaijuan	铺盖卷
puhao	谱号
puhuo	铺货
pujidao	普吉岛
pujie	扑街
pujinqu	扑进去
pujiu	铺就
pukuai	普快
pulada	普拉达
pulangke	普朗克
pulinsidundaxue	普林斯顿大学
puluokefeiyefu	普罗科菲耶夫
puluomixiusi	普罗米修斯
pulushi	铺路石
pumizu	普米族
puqini	普契尼
pushentu	普什图
pushu	朴树
pusongling	蒲松龄
pususu	扑簌簌
putaotangsuangai	葡萄糖酸钙
putaotangyanghuamei	葡萄糖氧化酶
putaozi	葡萄籽
putian	莆田
putianshi	莆田市
putizi	菩提子
putong	噗通
putongcang	普通舱
putuo	普陀
putuoshan	普陀山
puxi	浦西
puxian	普贤
puyangshi	濮阳市
puyi	溥仪
puyu	璞玉
puyu	葡语
puzhi	朴直
puzhi	朴质
qiadian	掐点
qiafan	恰饭
qianbi	倩碧
qianbiao	浅表
qianbihua	铅笔画
qianbixin	铅笔芯
qianceng	浅层
qiancengbing	千层饼
qianchu	迁出
qianda	欠打
qiandai	前代
qiandan	签单
qiandaochu	签到处
qiandaohu	千岛湖
qiandingningwanzhufu	千叮咛万嘱咐
qiandongnan	黔东南
qianfada	欠发达
qianfen	迁坟
qianfense	浅粉色
qianfenzhi	千分之
qiangban	墙板
qiangbi	呛鼻
qiangbu	墙布
qiangdisong	强的松
qiangduozui	抢夺罪
qiangfeng	墙缝
qianggener	墙根儿
qianggong	抢攻
qianghui	墙绘
qiangjiangshui	强降水
qiangjiangyu	强降雨
qiangjiao	墙脚
qiangjiefan	抢劫犯
qiangjin	强劲
qiangjing	抢镜
qiangjinjiu	将进酒
qiangjiushi	抢救室
qiangke	抢课
qianglou	抢楼
qiangmianqi	墙面漆
qiangnai	呛奶
qiangpi	墙皮
qiangqi	墙漆
qiangqi	抢七
qiangqun	墙裙
qiangsheng	强生
qiangshou	强手
qiangshou	抢收
qiangshui	呛水
qiangtaifeng	强台风
qiangti	墙体
qiangti	腔体
qiangtou	墙头
qiangtou	枪头
qiangunfan	前滚翻
qiangxi	抢戏
qiangxian	抢鲜
qiangya	强压
qiangzhe	强者
qiangzhi	强直
qiangzhixing	强制性
qiangzhonggengyouqiangzhongshou	强中更有强中手
qiangzhuan	墙砖
qiangzu	羌族
qianhan	钎焊
qianhe	嵌合
qianhongxian	牵红线
qianhoujiao	前后脚
qianhuang	浅黄
qianhuise	铅灰色
qianjin	前襟
qianjingse	前景色
qiankuan	钱款
qiankui	前馈
qianlan	浅蓝
qianlanse	浅蓝色
qianliu	潜流
qianliyinyuanyixianqian	千里姻缘一线牵
qianlv	浅绿
qianlvse	浅绿色
qianmianban	前面板
qianmingdang	签名档
qianmo	阡陌
qiannianchong	千年虫
qianniuxing	牵牛星
qianpu	欠曝
qianqin	前秦
qianrushiruanjian	嵌入式软件
qiansanqiang	钱三强
qianshaozhan	前哨站
qiansheng	纤绳
qianshuibeng	潜水泵
qianshuijing	潜水镜
qianshuiwan	浅水湾
qiansui	千岁
qiantan	浅谈
qiantang	钱塘
qiantangchao	钱塘潮
qiantangshi	遣唐使
qianti	前蹄
qiantui	签退
qianwan	前晚
qianwen	前文
qianxin	虔心
qianxinkuang	铅锌矿
qianya	前牙
qianyanbudahouyu	前言不搭后语
qianyi	前移
qianyin	铅印
qianyuan	前缘
qianzaixing	潜在性
qianzhengchu	签证处
qianzhengguan	签证官
qianzhihe	千纸鹤
qianzhongdu	铅中毒
qianzhongshu	钱钟书
qianzhu	签注
qianzi	签子
qianziwen	千字文
qiaobusi	乔布斯
qiaochu	敲除
qiaodong	桥洞
qiaoerkefusiji	齐奥尔科夫斯基
qiaojiao	翘脚
qiaojiner	巧劲儿
qiaolian	侨联
qiaoling	侨领
qiaomaimian	荞麦面
qiaoqiaode	悄悄地
qiaosaisiku	齐奥塞斯库
qiaoshe	翘舌
qiaoxialai	敲下来
qiaoxiaqu	敲下去
qiaoyu	巧遇
qiaozhaleisuozui	敲诈勒索罪
qiaozhi	乔治
qiaqie	恰切
qiatanhui	洽谈会
qiazhu	掐住
qibi	起笔
qibing	起兵
qibing	起病
qibulai	起不来
qibuzou	齐步走
qicha	沏茶
qichang	颀长
qicheng	骑乘
qichepiao	汽车票
qicheye	汽车业
qichongzou	七重奏
qichu	期初
qidaizhi	期待值
qidan	契丹
qidanei	齐达内
qidianzhan	起点站
qidongji	起动机
qidongpan	启动盘
qidongxiang	启动项
qiduan	气短
qiean	窃案
qiechushu	切除术
qieernuobeili	切尔诺贝利
qieerxi	切尔西
qiefen	切分
qiegeji	切割机
qiehua	切花
qieqie	怯怯
qier	弃儿
qierudian	切入点
qiesi	切丝
qiezhen	怯阵
qifa	气阀
qifeng	起风
qifenku	七分裤
qiganggai	气缸盖
qigangtao	气缸套
qige	气割
qigong	启功
qigongshi	气功师
qiguo	齐国
qihanshu	奇函数
qihoudai	气候带
qihua	歧化
qihuare	汽化热
qihuashu	企划书
qihuiqi	启辉器
qijianban	旗舰版
qijiang	漆匠
qijiguang	戚继光
qijing	气井
qijiu	妻舅
qijue	七绝
qikeng	弃坑
qilang	气浪
qilei	棋类
qileng	凄冷
qilimazhaluoshan	乞力马扎罗山
qilu	齐鲁
qimen	气闷
qimenzui	气门嘴
qimi	棋迷
qimian	漆面
qimixing	气密性
qimo	漆膜
qinajiao	耆那教
qinbixin	亲笔信
qindai	秦代
qindian	钦点
qinfang	琴房
qingbaoxue	情报学
qingbaoyuan	情报员
qingbaozhan	情报站
qingchangju	清唱剧
qingchengshan	青城山
qingchong	青虫
qingchu	轻触
qingchuang	清创
qingchunpian	青春片
qingdai	清代
qingdaohaiyangdaxue	青岛海洋大学
qingdongling	清东陵
qingege	亲哥哥
qingfang	轻纺
qingfei	清肺
qinggeju	轻歌剧
qinggong	清宫
qinghaihu	青海湖
qinghao	青蒿
qinghua	氰化
qinghua	清华
qinghuan	轻缓
qinghuaqing	氰化氢
qinghuawu	氢化物
qinghuayu	青花鱼
qinghuayuan	清华园
qinghui	清辉
qinghui	青灰
qinghuo	轻活
qingjiadan	请假单
qingjiao	清缴
qingjieyuan	清洁员
qingjingju	情景剧
qingjinshu	轻金属
qingjun	清军
qingjunce	清君侧
qingkejiu	青稞酒
qingkong	晴空
qinglie	清冽
qinglingling	清凌凌
qingliusuan	氢硫酸
qingluobo	青萝卜
qingmei	青梅
qingmei	青霉
qingmiao	青苗
qingmiaofa	青苗法
qingmingjie	清明节
qingniangong	青年宫
qingnianjie	青年节
qingong	寝宫
qingpingyue	清平乐
qingqi	清漆
qingqiaoqiao	轻悄悄
qingqibing	轻骑兵
qingqing	倾情
qingqingsuan	氢氰酸
qingqiuquan	请求权
qingrenjie	情人节
qingrenyanlichuxishi	情人眼里出西施
qingshaodeng	请稍等
qingshazhang	青纱帐
qingshe	轻奢
qingshe	青蛇
qingsheng	情圣
qingsi	情丝
qingsi	情思
qingting	清廷
qingtongjing	青铜镜
qingtou	清透
qingurou	亲骨肉
qingwa	青瓦
qingwangchao	清王朝
qingwatai	青瓦台
qingweishang	轻微伤
qingwen	晴雯
qingxie	青蟹
qingxiejiao	倾斜角
qingxiji	清洗剂
qingxiju	轻喜剧
qingxin	清心
qingyu	清誉
qingyuan	清远
qingyuanshi	清远市
qingyun	清运
qingyusan	晴雨伞
qingzhang	清账
qingzhang	清障
qingzheng	轻症
qingzhi	轻质
qingzhou	轻舟
qingzhou	青轴
qingzhuan	青砖
qingzhuang	轻装
qinhailu	秦海璐
qinhang	琴行
qinhua	侵华
qinhuai	秦淮
qiniandian	祈年殿
qinianji	七年级
qinjiagong	亲家公
qinjiamu	亲家母
qinjiemei	亲姐妹
qinmu	钦慕
qinna	擒拿
qinniang	亲娘
qinpu	琴谱
qinqiegan	亲切感
qinquanren	侵权人
qinran	侵染
qinri	亲日
qinrou	禽肉
qinsheng	琴声
qinshubao	秦叔宝
qinshui	亲水
qinv	妻女
qinxiongdi	亲兄弟
qinyoutuan	亲友团
qinyuanchun	沁园春
qinzagong	勤杂工
qinzeixianqinwang	擒贼先擒王
qinzheng	亲政
qinzhou	钦州
qionghua	琼花
qiongjufa	穷举法
qiongshangou	穷山沟
qiou	奇偶
qipai	棋牌
qipaishi	棋牌室
qipeicheng	汽配城
qipi	漆皮
qiping	齐平
qiqiang	砌墙
qiqiangpai	骑墙派
qiqiao	乞巧
qiqiao	奇巧
qirui	奇瑞
qishi	奇石
qishi	棋士
qishituan	骑士团
qishiye	起始页
qishu	奇数
qishu	期数
qishui	契税
qiting	启停
qiuchangguo	酋长国
qiuche	囚车
qiuchengtong	丘成桐
qiudeluo	裘德洛
qiufen	秋分
qiufeng	球风
qiufeng	秋风
qiugen	球根
qiuji	球技
qiujier	丘吉尔
qiujin	秋瑾
qiujing	遒劲
qiuku	球裤
qiukuang	球框
qiumenqu	球门区
qiumenxian	球门线
qiumianjing	球面镜
qiupi	裘皮
qiupiao	球票
qiushaoyun	邱少云
qiusheng	求胜
qiushengyu	求生欲
qiushi	求实
qiushuigongchangtianyise	秋水共长天一色
qiushuzhen	邱淑贞
qiutan	球坛
qiutian	秋田
qiutianxian	秋田县
qiuxin	球心
qiuyeyuan	秋叶原
qiuyi	球衣
qiuyi	秋意
qiuyu	求雨
qiuzhoucheng	球轴承
qiuzhuo	球桌
qiwawa	奇瓦瓦
qiwu	起舞
qixi	七喜
qixi	七夕
qixiang	奇想
qixiang	气相
qixiangsepuyi	气相色谱仪
qixiannv	七仙女
qixide	栖息地
qixijie	七夕节
qixiuchang	汽修厂
qiya	起亚
qiyan	七言
qiyang	奇痒
qiyao	齐腰
qiyeji	企业级
qiyejie	企业界
qiyezhai	企业债
qiyou	棋友
qiyouche	汽油车
qiyu	埼玉
qiyu	旗鱼
qiyu	祈雨
qiyuandi	起源地
qiyun	起运
qizheng	齐整
qizhi	起止
qizhou	起皱
qizhu	砌筑
qizongzui	七宗罪
quanchen	权臣
quanfanshe	全反射
quangaoqing	全高清
quanguodaibiaodaihui	全国代表大会
quanguogongshanglian	全国工商联
quanguorendachangweihui	全国人大常委会
quanguowuyilaodongjiangzhang	全国五一劳动奖章
quanguoyipanqi	全国一盘棋
quanguoyundonghui	全国运动会
quanguozonggonghui	全国总工会
quanjiao	全角
quanjiaqi	全加器
quanjingtu	全景图
quanjisai	拳击赛
quanke	全科
quankuan	全款
quanlei	犬类
quanming	全名
quanmingxing	全明星
quanpian	全篇
quanqinjiang	全勤奖
quanrikong	全日空
quanrong	犬戎
quanshu	权属
quanshuanggong	全双工
quantan	拳坛
quantangshi	全唐诗
quanwairen	圈外人
quanxiang	劝降
quanxitu	全息图
quanxuan	全选
quanyecha	犬夜叉
quanyi	圈椅
quanze	权责
quanzhanyi	全站仪
quanzhenjiao	全真教
quanzhi	全脂
quanzhixian	全智贤
quanzi	全资
quchenshi	屈臣氏
quechao	雀巢
quegai	缺钙
quegenxian	缺根弦
quekao	缺考
quequan	确权
querenhan	确认函
querenma	确认码
querenxin	确认信
queyuan	缺员
qufendu	区分度
qufu	曲阜
qufushifandaxue	曲阜师范大学
quguang	屈光
quguangxing	趋光性
quhuo	取货
quji	区级
qujiaozhi	去角质
qujing	曲径
qujing	曲靖
qujiu	屈就
quju	屈居
quju	曲剧
qumei	曲霉
qunchen	群臣
qundiao	群雕
qunhao	群号
qunou	群殴
qunqing	群情
qunuanfei	取暖费
qunuanqi	取暖器
qunzhuang	裙装
qupai	曲牌
qupu	曲谱
qushen	屈伸
qushi	祛湿
qutan	趣谈
qutangxia	瞿塘峡
quwei	区委
quweima	区位码
quwenji	驱蚊剂
quwenqi	驱蚊器
quwufen	去污粉
quwuji	去污剂
quxi	屈膝
quxian	区县
quxianmei	曲线美
quxie	去屑
quxing	去腥
quyuan	屈原
quyuhua	区域化
quzhi	取值
quzhou	衢州
ranarang	冉阿让
ranfang	染坊
rangang	染缸
rangwaibixianannei	攘外必先安内
rangxian	让贤
ranqibiao	燃气表
ranqilu	燃气炉
ranqizao	燃气灶
ranseji	染色剂
ranshaoqi	燃烧器
ranshaore	燃烧热
ranyi	染疫
ranyoubeng	燃油泵
ranyoufei	燃油费
ranyoushui	燃油税
raoguoqu	绕过去
raoren	扰人
raowaner	绕弯儿
recai	热菜
rehonghong	热烘烘
rejiagong	热加工
rejiaohuan	热交换
rela	热辣
reliu	热流
renbishi	任弼时
renboqie	仁波切
renbude	认不得
rencaiku	人才库
renchou	认筹
renchu	人畜
rendachangweihui	人大常委会
rendahua	任达华
rendingshu	认定书
renfan	人贩
rengequan	人格权
renghuiqu	扔回去
rengongshenjingwangluo	人工神经网络
renji	人机
renjiaoban	人教版
renjiner	韧劲儿
renkoulaolinghua	人口老龄化
renlian	人脸
renliuliang	人流量
renliziyuanbu	人力资源部
renlu	认路
renminchubanshe	人民出版社
renmindaibiaodahui	人民代表大会
renminjianchayuan	人民检察院
renminjiaoyuchubanshe	人民教育出版社
renminwenxuechubanshe	人民文学出版社
renminwuzhuangjingchabudui	人民武装警察部队
renminyingxiongjinianbei	人民英雄纪念碑
rennao	人脑
renquanweiyuanhui	人权委员会
rensheng	人声
renshengguan	人生观
renshengqishigulaixi	人生七十古来稀
renshiju	人事局
renshu	忍术
rentiantang	任天堂
rentouma	人头马
renwuhua	人物画
renwushu	任务书
renyijian	任意键
renyoudanxihuofu	人有旦夕祸福
renzaicaoyingxinzaihan	人在曹营心在汉
renzaomao	人造毛
renzaomian	人造棉
renzaorou	人造肉
renzhegui	忍者龟
renzhengfei	任正非
renzhichazewutu	人至察则无徒
renzhongerdaoyuan	任重而道远
renzhongxue	人种学
repengzhang	热膨胀
repingheng	热平衡
reqidong	热启动
rerong	热熔
rerongliang	热容量
resuxing	热塑性
rewu	热舞
rewuran	热污染
rexiaolv	热效率
rexiaoying	热效应
rexing	热性
rexinren	热心人
rexue	热学
rezhuanyin	热转印
rezu	热阻
ribengongchandang	日本共产党
ribenwaiwusheng	日本外务省
richan	日产
ridelanbandao	日德兰半岛
rier	日珥
rihuo	日货
riji	日籍
rijiexian	日界线
rijiujianrenxin	日久见人心
riju	日剧
rijun	日军
rikaze	日喀则
rikou	日寇
rili	日立
riliao	日料
rishai	日晒
rishi	日式
rishuang	日霜
rituo	日托
riwei	日伪
riwen	日文
riyi	日裔
riyuetan	日月潭
riyun	日晕
rizhaoshi	日照市
rizi	日资
rongbaozhai	荣宝斋
rongbuxia	容不下
rongcheng	蓉城
rongduanqi	熔断器
rongge	荣格
ronghua	绒花
ronghuare	熔化热
rongjiao	溶胶
rongjie	熔接
rongjieyang	溶解氧
rongjilv	容积率
rongliangping	容量瓶
rongliu	容留
rongmian	绒面
rongquan	融券
rongrendu	容忍度
rongxianmao	绒线帽
rongxueji	融雪剂
rongyi	绒衣
rongyiren	荣毅仁
rongyugan	荣誉感
rongyuquan	荣誉权
rongzhu	熔铸
roubao	肉包
roubaozi	肉包子
rouchang	肉肠
roufu	柔佛
roufuzhou	柔佛州
rouguang	柔光
rouguifen	肉桂粉
roujia	肉价
roulianchang	肉联厂
roumian	揉面
rounie	揉捏
rouniu	肉牛
roupai	肉排
roupu	肉脯
rourendu	柔韧度
rouruandu	柔软度
rourun	柔润
rouse	肉色
rousimian	肉丝面
routan	肉摊
rouwanzi	肉丸子
rouya	肉芽
rouzijie	肉孜节
rouzong	肉粽
ruanbaozhuang	软包装
ruanbi	软笔
ruanbingdu	朊病毒
ruandan	软蛋
ruanfan	软饭
ruangusu	软骨素
ruanhuanjing	软环境
ruanjianpan	软键盘
ruanjianye	软件业
ruanjianyuan	软件园
ruanjiao	软胶
ruanjingtian	阮经天
ruanke	软壳
ruankexue	软科学
ruanmeng	软萌
ruanmuse	软木塞
ruanpanqudongqi	软盘驱动器
ruanqidong	软启动
ruanqu	软驱
ruantao	软陶
ruantata	软塌塌
ruanxing	软性
ruanyin	软银
ruanying	软硬
ruanzhuang	软装
ruchangzheng	入场证
rudui	入队
ruershi	入耳式
ruge	乳鸽
ruhua	辱华
ruhumen	入户门
ruibu	锐步
ruidianwen	瑞典文
ruidu	锐度
ruili	瑞丽
ruili	瑞利
ruiqi	锐器
ruishidao	瑞士刀
ruixing	瑞星
ruixuezhaofengnian	瑞雪兆丰年
ruizeng	锐增
rujia	儒家
rujia	如家
rujiao	儒教
rujing	入镜
rujingchu	入境处
ruku	入库
rulaifo	如来佛
rumei	入梅
rumengling	如梦令
rumi	乳糜
rumo	辱没
runfu	润肤
runhou	润喉
runhoupian	润喉片
runhuazhi	润滑脂
runmiao	闰秒
runri	闰日
runtu	闰土
runwuxiwusheng	润物细无声
ruodian	弱电
ruoguan	弱冠
ruoyinqi	弱音器
ruozhe	弱者
ruqiu	入秋
ruqun	入群
ruruwurenzhijing	如入无人之境
rushang	儒商
rushe	入射
rushebo	入射波
rusheguang	入射光
rushejiao	入射角
ruxue	儒学
ruzhang	入账
ruzhu	入驻
ruzhulv	入住率
ruzhuoye	乳浊液
ruziniu	孺子牛
sabo	萨博
sadan	撒旦
sadingdao	撒丁岛
sahala	撒哈拉
sahalashamo	撒哈拉沙漠
sahua	撒花
sahuaner	撒欢儿
saierweiyagongheguo	塞尔维亚共和国
saierweiyayu	塞尔维亚语
saijinlai	塞进来
saikuang	赛况
sailinge	塞林格
sainuofei	赛诺菲
saipulusigongheguo	塞浦路斯共和国
saishang	塞尚
saiwai	塞外
saiwasituoboer	塞瓦斯托波尔
saixiansheng	赛先生
saiyang	赛扬
saizhenzhu	赛珍珠
sakelamentuo	萨克拉门托
sakexun	撒克逊
salading	萨拉丁
salazu	撒拉族
saluo	撒落
samanjiao	萨满教
sanbafunvjie	三八妇女节
sanbahongqishou	三八红旗手
sanbajie	三八节
sanbanfu	三板斧
sanbanzhi	三班制
sanbingxian	散兵线
sanbuzou	三步走
sanchalu	三岔路
sanchan	三产
sanchongchang	三重唱
sanchongmen	三重门
sandenggong	三等功
sandengjiang	三等奖
sanduanshi	三段式
sanfutian	三伏天
sangbawu	桑巴舞
sangechoupijiang	三个臭皮匠
sangnafang	桑拿房
sangnayu	桑拿浴
sangyuan	桑园
sanhaosheng	三好生
sanheban	三合板
sanhuangji	三黄鸡
sanhuo	散货
sanjianke	三剑客
sanjiantao	三件套
sanjiaolian	三角恋
sanjiaomei	三角梅
sanjiaoqu	三角区
sanjiaoyi	三角翼
sanjing	三井
sanjushi	三居室
sanlengzhui	三棱锥
sanlianguan	三连冠
sanlianyin	三连音
sanling	三菱
sanlu	三鹿
sanmao	三毛
sanmenxia	三门峡
sanmingshi	三明市
sanpei	三陪
sanqingshan	三清山
sanqueyi	三缺一
sanshengshi	三生石
sanshinianhedong	三十年河东
sanshitu	三视图
sansi	三思
sanweishu	三位数
sanwenji	散文集
sanxian	三线
sanxian	散仙
sanxiang	三相
sanxiangche	三厢车
sanxiaxiang	三下乡
sanya	三亚
sanyang	三洋
sanyanghuaerlv	三氧化二铝
sanyanghuaershen	三氧化二砷
sanyanghuaertie	三氧化二铁
sanyashi	三亚市
sanyuanse	三原色
sanyuanzu	三元组
sanyue	三月
sanyuebuzhirouwei	三月不知肉味
sanzhongzou	三重奏
saochuqu	扫出去
saomiaoqiang	扫描枪
saomiaoxian	扫描线
saoping	扫平
saoqi	骚气
saosi	缫丝
saoxian	扫弦
saqieer	撒切尔
saqima	萨其马
sasikachewen	萨斯喀彻温
sasikachewensheng	萨斯喀彻温省
saxialai	撒下来
sedai	色带
sefen	色粉
segu	涩谷
sehuan	色环
seka	色卡
sekuai	色块
seleisi	色雷斯
sengpao	僧袍
senlinlang	森林狼
senma	森马
sepu	色谱
sepufa	色谱法
sesan	色散
sexi	色系
sexiangwei	色香味
shachepan	刹车盘
shachepian	刹车片
shacheyou	刹车油
shadia	沙嗲
shadui	沙堆
shae	沙俄
shafa	杀伐
shafayi	沙发椅
shagou	傻狗
shahefen	沙河粉
shahehe	傻呵呵
shahua	沙化
shaidan	晒单
shaifen	筛分
shaitai	晒台
shaiwang	筛网
shajin	傻劲
shajin	沙金
shajin	砂金
shajin	纱巾
shakuang	砂矿
shamu	杉木
shanao	山坳
shanbao	善报
shanchayou	山茶油
shancunka	闪存卡
shandao	山道
shandeche	山地车
shandingdong	山顶洞
shandong	山东
shandonggongyimeishuxueyuan	山东工艺美术学院
shandongligongdaxue	山东理工大学
shandongshifandaxue	山东师范大学
shandu	善妒
shanfu	闪付
shangang	山岗
shanganning	陕甘宁
shanganningbianqu	陕甘宁边区
shangbai	上百
shangbiaoju	商标局
shangbin	上宾
shangbing	伤兵
shangbing	伤病
shangbinghao	伤病号
shangce	上册
shangce	上策
shangchao	上朝
shangdai	商代
shangdai	尚待
shangdangci	上档次
shangdao	上道
shangdi	上帝
shangdiao	上调
shangduan	上端
shangfa	商法
shanggangzheng	上岗证
shangganling	上甘岭
shangganlingzhanyi	上甘岭战役
shanggao	上告
shanghai	商海
shanghaibowuguan	上海博物馆
shanghaicaijingdaxue	上海财经大学
shanghaidianshitai	上海电视台
shanghaidongwuyuan	上海动物园
shanghaigujichubanshe	上海古籍出版社
shanghaihongqiaojichang	上海虹桥机场
shanghaijiaotongdaxue	上海交通大学
shanghailigongdaxue	上海理工大学
shanghairenminchubanshe	上海人民出版社
shanghaishidiyizhongjirenminfayuan	上海市第一中级人民法院
shanghaishifandaxue	上海师范大学
shanghaishizhengfu	上海市政府
shanghaitan	上海滩
shanghaitushuguan	上海图书馆
shanghaixijuxueyuan	上海戏剧学院
shanghaiyinyuexueyuan	上海音乐学院
shanghaiyiwenchubanshe	上海译文出版社
shanghaiyixueyuan	上海医学院
shanghaizhengquanjiaoyisuo	上海证券交易所
shanghaizui	伤害罪
shanghanlun	伤寒论
shanghua	赏花
shangji	上集
shangjiang	上浆
shangke	伤科
shanglian	上联
shangpian	上篇
shangpinfang	商品房
shangpu	上铺
shangqi	上汽
shangqian	上千
shangqiushi	商丘市
shangrao	上饶
shangsha	商厦
shangshen	伤神
shangshi	上士
shangshusheng	尚书省
shangsu	上溯
shangsuishu	上岁数
shangtang	商汤
shangtu	上图
shangufeng	山谷风
shangwan	赏玩
shangwangka	上网卡
shangweifa	上位法
shangwuche	商务车
shangwuyinshuguan	商务印书馆
shangxiaxue	上下学
shangxiazhi	上下肢
shangxinshi	上新世
shangyang	商鞅
shangyanpi	上眼皮
shangyebu	商业部
shangyejie	商业街
shangyepian	商业片
shangyi	上移
shangyiyuan	上议院
shangyongche	商用车
shangyou	上釉
shangyu	伤愈
shangyuanjie	上元节
shangzheng	上证
shangzhou	商周
shangzhouer	上周二
shangzhousan	上周三
shangzhuang	上妆
shangzhulou	商住楼
shanhaijing	山海经
shanhuchong	珊瑚虫
shanhuo	山货
shanhuo	煽惑
shanhuyu	珊瑚鱼
shaniu	傻妞
shanjiao	山椒
shanjieban	删节版
shanjieben	删节本
shanjiehao	删节号
shankouzu	山口组
shanlihong	山里红
shanliren	山里人
shanlisuan	山梨酸
shanmian	扇面
shanmin	山民
shanmu	杉木
shanquan	山泉
shanshan	潸潸
shanshu	杉树
shantou	汕头
shanwei	汕尾
shanwei	膻味
shanweishi	汕尾市
shanxi	山西
shanxisheng	陕西省
shanyanghu	山羊胡
shanyao	闪腰
shanyuyulaifengmanlou	山雨欲来风满楼
shanzhapian	山楂片
shanzhashu	山楂树
shanzhen	山珍
shanzhu	山猪
shanzu	闪族
shaodai	捎带
shaoe	烧鹅
shaoerjing	少而精
shaofan	烧饭
shaofeihua	少废话
shaoguan	韶关
shaoguansuo	少管所
shaohua	捎话
shaoji	烧鸡
shaojiazi	烧茄子
shaoju	绍剧
shaokaodian	烧烤店
shaokaolu	烧烤炉
shaolin	少林
shaolinquan	少林拳
shaomai	烧麦
shaonianban	少年班
shaonvzhuang	少女装
shaoshan	韶山
shaoshi	烧蚀
shaoshi	稍事
shaoshuai	少帅
shaoshupai	少数派
shaotangshang	烧烫伤
shaowei	哨位
shaoxiandui	少先队
shaoxing	绍兴
shaoxingjiu	绍兴酒
shaoxun	稍逊
shaoyang	邵阳
shaoyaohua	芍药花
shaoyifu	邵逸夫
shaoyu	少于
shaozhan	哨站
shaozuo	少佐
shaozuo	稍作
shaqun	纱裙
sharang	沙瓤
shaseng	沙僧
shashihou	啥时候
shatanku	沙滩裤
shatanyi	沙滩椅
shatealabowangguo	沙特阿拉伯王国
shatu	砂土
shaweng	莎翁
shawujing	沙悟净
shawushe	杀无赦
shaxian	沙县
shaxiang	沙箱
shaxing	煞星
shayan	砂眼
shazao	沙枣
shazhang	纱帐
shazhitu	沙质土
sheai	舌癌
shediao	射雕
shedu	涉毒
shegenyin	舌根音
sheguo	蛇果
shehuibaoxianfei	社会保险费
shehuibaoxianjin	社会保险金
shehuihuodongjia	社会活动家
shehuikexuejia	社会科学家
shehuikexueyuan	社会科学院
shehuiminzhudang	社会民主党
shehuiqiyuelun	社会契约论
shehuixinlixue	社会心理学
shejiaoquan	社交圈
shejichang	射击场
shejifei	设计费
shejiyuan	设计院
shekeyuan	社科院
shelizi	舍利子
shemianyin	舌面音
shenai	肾癌
shenbaner	身板儿
shendao	神道
shendeng	神灯
shendong	深冬
shenfeng	神风
shenfu	神甫
shengandongniao	圣安东尼奥
shengbainaibingjiachangshi	胜败乃兵家常事
shengbian	声辩
shengbide	圣彼得
shengchangsu	生长素
shengchuanji	升船机
shengcunquan	生存权
shengdan	圣诞
shengdang	升档
shengdanka	圣诞卡
shengdao	省道
shengdiege	圣迭戈
shengdoushi	圣斗士
shengdushinianshu	胜读十年书
shengen	申根
shengfashui	生发水
shenggangdabagong	省港大罢工
shenghesai	圣何塞
shenghuozhao	生活照
shengji	省际
shengjiangduo	升降舵
shengjiangti	升降梯
shengjibao	升级包
shengjici	圣基茨
shengjing	圣经
shengjiwei	省纪委
shengju	胜局
shengjunqu	省军区
shengkao	省考
shengkong	声控
shengli	升力
shengling	圣灵
shengmalinuogongheguo	圣马力诺共和国
shengmiankong	生面孔
shengmingti	生命体
shengmuyuan	圣母院
shengneiwai	省内外
shengneng	声能
shengnv	圣女
shengpizi	生僻字
shengqiang	声强
shengqishi	圣骑士
shengquan	胜券
shengrenda	省人大
shengrige	生日歌
shengsaerwaduo	圣萨尔瓦多
shengshengman	声声慢
shengshi	生食
shengsibu	生死簿
shengsixian	生死线
shengsu	声速
shengtang	盛唐
shengtaosha	圣淘沙
shengun	神棍
shenguolai	伸过来
shengwudian	生物电
shengwumo	生物膜
shengxuelv	升学率
shengxun	声讯
shengya	声压
shengyaoxue	生药学
shengyichang	生意场
shengyuan	声源
shengyun	声韵
shengyuquan	生育权
shengzaoqijifutu	胜造七级浮屠
shengzhangqi	生长期
shengzhe	生者
shengzhidao	生殖道
shenhaiyu	深海鱼
shenhese	深褐色
shenhong	深红
shenhu	神户
shenhuajulebu	申花俱乐部
shenhui	深灰
shenhuxi	深呼吸
shenjiagong	深加工
shenjiao	深交
shenjichang	审计长
shenjiehe	肾结核
shenjingyan	神经炎
shenjishi	审计师
shenkeng	深坑
shenkui	肾亏
shenkuo	沈括
shenlongjianshoubujianwei	神龙见首不见尾
shenlvse	深绿色
shenmiguo	神秘果
shennong	神农
shennongshi	神农氏
shenong	涉农
shenpibiao	审批表
shenpo	神婆
shenqi	肾气
shenqian	深潜
shenqingdan	申请单
shenru	伸入
shenshao	甚少
shenshende	深深地
shenshi	深市
shenshi	神识
shenshuaijie	肾衰竭
shentan	神坛
shentanti	渗碳体
shenti	审题
shenwei	神威
shenxiaoguan	肾小管
shenxu	肾虚
shenyangtiyuxueyuan	沈阳体育学院
shenyao	伸腰
shenyi	神医
shenyijiaoqianyijiao	深一脚浅一脚
shenyizhi	肾移植
shenyong	慎用
shenzaicaoyingxinzaihan	身在曹营心在汉
shenzhenjingjitequ	深圳经济特区
shenzhenzhengquanjiaoyisuo	深圳证券交易所
shenzhou	神舟
sherou	蛇肉
sheru	舍入
sheshi	摄氏
sheshouzuo	射手座
sheshu	麝鼠
sheshui	涉水
shetan	奢谈
shewen	设问
shewenju	设问句
shexiangshi	摄像师
shexidai	舌系带
sheyingji	摄影集
shezhizu	摄制组
shezu	畲族
shibabanbingqi	十八般兵器
shibabanwuyi	十八般武艺
shibailv	失败率
shiban	石斑
shibao	时报
shibi	石壁
shibo	世博
shibosi	市舶司
shiboyuan	世博园
shicai	石材
shichan	试产
shichang	试唱
shichangbu	市场部
shicheju	矢车菊
shichen	使臣
shicheng	师承
shicheng	狮城
shichi	试吃
shichui	石锤
shidai	试戴
shidaigan	时代感
shidakai	石达开
shidaoyan	食道炎
shidati	识大体
shide	失德
shideng	石凳
shidian	视点
shidu	湿毒
shiduji	湿度计
shien	师恩
shier	事儿
shieryue	十二月
shifa	事发
shifadi	始发地
shifanke	示范课
shifei	试飞
shifeiguan	是非观
shifeiti	是非题
shifen	失分
shifeng	石缝
shigaoxian	石膏线
shigongdui	施工队
shigongqiao	石拱桥
shigongyuan	施工员
shiguanai	食管癌
shiguanchang	士官长
shiguanyan	食管炎
shihaoli	石壕吏
shihezi	石河子
shihezidaxue	石河子大学
shihouzhugeliang	事后诸葛亮
shihua	史话
shihuangchun	视黄醇
shihuangsuan	视黄酸
shihuangzhe	拾荒者
shihuhu	湿乎乎
shihui	市徽
shihuifen	石灰粉
shihuishui	石灰水
shiji	史记
shiji	史迹
shiji	实绩
shiji	市级
shijia	世嘉
shijia	试驾
shijianduan	时间段
shijiang	试讲
shijianlun	实践论
shijianma	时间码
shijiao	失焦
shijiaowei	市教委
shijiefanfaxisizhanzheng	世界反法西斯战争
shijielvyouzuzhi	世界旅游组织
shijiemaoyizhongxin	世界贸易中心
shijiemaoyizuzhi	世界贸易组织
shijieqixiangzuzhi	世界气象组织
shijierenquanxuanyan	世界人权宣言
shijieshi	世界史
shijieweishengzuzhi	世界卫生组织
shijieyuanyibolanhui	世界园艺博览会
shijiezhishichanquanzuzhi	世界知识产权组织
shijihe	试剂盒
shijiner	使劲儿
shijing	诗经
shijingshan	石景山
shijingtang	石敬瑭
shijiu	嗜酒
shiju	世居
shijunzi	使君子
shikelang	屎壳郎
shilai	驶来
shilaike	史莱克
shilangsong	诗朗诵
shilei	势垒
shileng	湿冷
shileyuan	失乐园
shiliangji	矢量积
shiliangtu	矢量图
shiliao	石料
shilijia	士力架
shilinlin	湿淋淋
shiliuda	十六大
shiliuqun	石榴裙
shilu	实录
shimao	世贸
shimianzheng	失眠症
shimumen	实木门
shinaian	施耐庵
shinaide	施耐德
shinianmoyijian	十年磨一剑
shinianruyiri	十年如一日
shinubi	史努比
shinv	使女
shinvzuo	室女座
shipindian	食品店
shiping	时评
shipinji	食品级
shipinka	视频卡
shipu	识谱
shiqianshi	史前史
shiqin	侍寝
shiqingsai	世青赛
shirenhua	食人花
shirenzu	食人族
shiritan	十日谈
shisanhang	十三行
shisanjing	十三经
shisanling	十三陵
shishangwunanshi	世上无难事
shishe	诗社
shishen	士绅
shishen	食神
shishenglian	师生恋
shishi	石狮
shishixing	实时性
shishou	市售
shishui	嗜睡
shishui	失水
shisida	十四大
shisiming	史思明
shita	石塔
shitailong	史泰龙
shitang	食糖
shitao	石涛
shitiesheng	史铁生
shitifa	实体法
shitoucheng	石头城
shitouji	石头记
shiwaiji	室外机
shiwei	世卫
shiwen	失稳
shiwu	失物
shiwuda	十五大
shixian	失陷
shixiang	实像
shixiangyun	史湘云
shixiaolong	释小龙
shixiaolv	失效率
shixing	食性
shixinqiu	实心球
shixiqi	实习期
shixizhi	世袭制
shixue	诗学
shixuejie	史学界
shixun	实训
shiyan	十堰
shiyanban	实验班
shiyanke	实验课
shiyanpin	实验品
shiyanshi	十堰市
shiyantai	实验台
shiyantai	试验台
shiyantian	实验田
shiyanxing	实验性
shiyijiesanzhongquanhui	十一届三中全会
shiyin	失音
shiyin	试音
shiyingdu	适应度
shiyingli	适应力
shiyingqi	适应期
shiyingsha	石英砂
shiyingyan	石英岩
shiyingye	试营业
shiyiyue	十一月
shiyongban	试用版
shiyongxing	适用性
shiyongzhuang	试用装
shiyoushuchuguozuzhi	石油输出国组织
shiyu	市域
shiyu	视域
shiyuanshentailang	石原慎太郎
shiyue	十月
shiyun	诗韵
shiyunhang	试运行
shiyuzhu	史玉柱
shizailun	实在论
shizhengxie	市政协
shizhi	时滞
shizhijin	湿纸巾
shizhuangdian	时装店
shizhuangzhou	时装周
shizi	石子
shizibi	狮子鼻
shizihou	狮子吼
shizihui	狮子会
shizilin	狮子林
shizixian	十字线
shizixing	十字星
shizizuo	狮子座
shizongji	示踪剂
shizuishan	石嘴山
shoubi	收笔
shoubo	首播
shoubu	手部
shoucangban	收藏版
shoucangzhe	收藏者
shouchang	首场
shouchu	售出
shouchuan	手串
shouchuo	手戳
shoudai	手袋
shoudixia	手底下
shoudubowuguan	首都博物馆
shouduguojijichang	首都国际机场
shoudushifandaxue	首都师范大学
shoudutiyuguan	首都体育馆
shoudutushuguan	首都图书馆
shouduyikedaxue	首都医科大学
shoufa	受罚
shoufan	首犯
shoufashi	首发式
shoufei	首飞
shoufeichu	收费处
shoufeiyuan	收费员
shoufen	受粉
shoufu	首辅
shoufutuolaji	手扶拖拉机
shougongfei	手工费
shougongke	手工课
shougongsha	守宫砂
shougoujia	收购价
shougu	手鼓
shouhou	售后
shouhuo	收货
shouhuoji	售货机
shouhuoting	售货亭
shouhuxing	守护星
shoujia	售假
shoujifei	手机费
shoujinlai	收进来
shoujinti	瘦金体
shoujitao	手机套
shoukuanji	收款机
shoukuanren	收款人
shoukuanyuan	收款员
shouli	受力
shouling	手令
shoulou	售楼
shoulouchu	售楼处
shoulouyuan	售楼员
shoulu	手炉
shounadai	收纳袋
shounahe	收纳盒
shounanri	受难日
shoupiaodian	售票点
shoupolan	收破烂
shouqi	收起
shouqi	首期
shouqian	售前
shouqian	收钱
shourang	受让
shourangren	受让人
shouren	兽人
shouri	首日
shoushaoyinxinjing	手少阴心经
shousheng	手生
shousheng	手绳
shoushida	首师大
shoushihe	首饰盒
shoushiyu	手势语
shoushudao	手术刀
shousi	手撕
shoutan	收摊
shoutaner	收摊儿
shoutidai	手提袋
shoutinglv	收听率
shoutu	收徒
shoutui	瘦腿
shouwang	收网
shouwangzhe	守望者
shouwanshou	手挽手
shouwen	手纹
shouwu	手误
shouwu	首乌
shouxialai	瘦下来
shouxiaqu	瘦下去
shouxieban	手写板
shouxihu	瘦西湖
shouxuanxiang	首选项
shouyan	寿宴
shouyangren	收养人
shouyao	受邀
shouyao	收腰
shouyingli	首映礼
shouyiren	手艺人
shouyiyuan	兽医院
shouyizhan	兽医站
shouzeng	受赠
shouzhai	收债
shouzhai	收窄
shouzhan	首战
shouzhang	手账
shouzhang	收账
shouzhangxin	手掌心
shouzhi	收治
shouzhihua	手指画
shouzhijia	手指甲
shouzuo	首座
shuabang	刷榜
shuadapai	耍大牌
shuadiao	刷掉
shuaguo	刷锅
shuaheng	耍横
shuahuatou	耍滑头
shuaihuo	甩货
shuaipao	摔炮
shuajiufeng	耍酒疯
shuakaji	刷卡机
shuakaqi	刷卡器
shuaku	耍酷
shualaipi	耍赖皮
shualiumang	耍流氓
shuangbaoxian	双保险
shuangbinyu	双宾语
shuangchengji	双城记
shuangchun	双唇
shuangfen	双份
shuangfengshou	双丰收
shuangfengtuo	双峰驼
shuangguizhi	双轨制
shuanghua	爽滑
shuanghuanglian	双黄连
shuanghuangxian	双黄线
shuangjia	双颊
shuangjiang	霜降
shuangjidao	双季稻
shuangjiegun	双截棍
shuangjielong	双截龙
shuangka	双卡
shuangliao	双料
shuangmu	双目
shuangpinai	双皮奶
shuangseqiu	双色球
shuangsha	双杀
shuangshe	双摄
shuangshengdao	双声道
shuangshengzi	双生子
shuangshijie	双十节
shuanguo	涮锅
shuangxian	双线
shuangxiangpao	双响炮
shuangyu	双鱼
shuangyuzuo	双鱼座
shuangzi	双子
shuangzita	双子塔
shuangzizuo	双子座
shuanjin	拴紧
shuanrou	涮肉
shuapiao	刷票
shuasuan	刷酸
shuatie	刷帖
shuawan	刷碗
shuaweifeng	耍威风
shuaxinyan	耍心眼
shubaoting	书报亭
shubenhua	叔本华
shubiandian	输变电
shubo	叔伯
shucha	树杈
shucheng	书城
shuci	数次
shudan	书单
shudao	蜀道
shudaonan	蜀道难
shudi	倏地
shudianxian	输电线
shudu	数度
shudun	树墩
shuerci	舒尔茨
shufujia	舒肤佳
shugan	薯干
shuguo	蜀国
shuhai	鼠害
shuhan	蜀汉
shuibei	水杯
shuibi	水笔
shuibuzhao	睡不着
shuiche	水车
shuichengyan	水成岩
shuidan	税单
shuidaotian	水稻田
shuidianfei	水电费
shuidianfen	水淀粉
shuie	税额
shuifa	水阀
shuifei	水肥
shuifen	水粉
shuifenhua	水粉画
shuigui	水鬼
shuiguodian	水果店
shuiguoqu	睡过去
shuiguotan	水果摊
shuiguotang	水果糖
shuihou	水喉
shuiji	税基
shuijia	水价
shuijiao	水窖
shuijing	水景
shuijingdeng	水晶灯
shuijingguan	水晶棺
shuijingshi	水晶石
shuijingtou	水晶头
shuijingxie	水晶鞋
shuijingzhu	水经注
shuijunyi	水均益
shuiku	睡裤
shuilian	水帘
shuiliju	水利局
shuilingling	水灵灵
shuilunji	水轮机
shuiluobu	水萝卜
shuimeiqi	水煤气
shuimeiren	睡美人
shuimu	税目
shuinen	水嫩
shuiniban	水泥板
shuinigong	水泥工
shuiniujiao	水牛角
shuinuan	水暖
shuipiao	水瓢
shuiping	水瓶
shuipingxian	水平线
shuipingzuo	水瓶座
shuiqin	水芹
shuiquan	水权
shuiquliu	水曲柳
shuitingqi	水听器
shuitongyao	水桶腰
shuiwang	水网
shuiweiji	水位计
shuiwenxue	水文学
shuiwuju	税务局
shuixie	水榭
shuixie	水鞋
shuixing	水星
shuiyinzhu	水银柱
shuiyu	水浴
shuizang	水葬
shuizao	水藻
shuizhiqingzewuyu	水至清则无鱼
shuizhong	税种
shuiziyuan	水资源
shuizuan	水钻
shuizui	水嘴
shuji	述及
shujiyuan	书记员
shujubao	数据包
shujubiao	数据表
shujukuxitong	数据库系统
shujulian	数据链
shujuwanzhengxing	数据完整性
shujuyuan	数据源
shukeng	树坑
shukoubei	漱口杯
shukouye	漱口液
shulei	薯类
shuliandu	熟练度
shulinzi	树林子
shumaguan	数码管
shuman	舒曼
shumi	书迷
shumi	疏密
shumi	黍米
shumiankong	熟面孔
shumingquan	署名权
shumishi	枢密使
shundi	舜帝
shunfeng	顺丰
shunliu	顺流
shuobuqingdaobuming	说不清道不明
shuodelai	说得来
shuoke	说客
shuokegao	说课稿
shuomingwen	说明文
shuoshichinashikuai	说时迟那时快
shuoshidian	硕士点
shuowangyue	朔望月
shuoyiqiandaoyiwan	说一千道一万
shupeidian	输配电
shuping	述评
shuqi	舒淇
shuqian	数千
shurou	熟肉
shurukuang	输入框
shushang	书商
shushen	赎身
shushengqi	书生气
shushi	书市
shushi	术士
shushidu	舒适度
shushuang	舒爽
shushui	输水
shusongji	输送机
shutan	书摊
shuteng	树藤
shutong	书童
shutu	鼠兔
shuwu	书屋
shuxian	数显
shuxian	竖线
shuxing	树形
shuxingtu	树形图
shuxinpang	竖心旁
shuxiong	树熊
shuxiu	蜀绣
shuxueti	数学题
shuyebeng	输液泵
shuyeguan	输液管
shuyeping	输液瓶
shuyeqi	输液器
shuyi	属意
shuyibaiwanji	数以百万计
shuyiqianwanji	数以千万计
shuyou	输油
shuzhai	书摘
shuzhan	书展
shuzhang	署长
shuzhi	叔侄
shuzhuang	树状
shuzhuangjing	梳妆镜
shuzi	黍子
shuzijian	数字键
shuzituxiangchuli	数字图像处理
shuzuiquan	赎罪券
sibadakesi	斯巴达克斯
sibalu	斯巴鲁
sibaotai	四胞胎
sichongchang	四重唱
sichu	私厨
sichuancai	四川菜
sichuandianshitai	四川电视台
sidalingelei	斯大林格勒
sidayang	四大洋
side	私德
sidingle	死定了
siduoge	斯多葛
sifaju	司法局
sifang	私访
sifanghua	私房话
sifangxing	四方形
sifangzhao	私房照
sifating	司法厅
sifayuan	司法院
siguang	丝光
siguangmian	丝光棉
sihai	死海
sihaoyuan	司号员
sihe	四核
sihuo	私活
sihuo	私货
sijiacai	私家菜
sijiantao	四件套
sijinger	死劲儿
sijiu	私酒
sijuji	司局级
sijunzi	四君子
sikandinaweiya	斯堪的纳维亚
sikang	死扛
sikaoli	思考力
sike	思科
sikeda	斯柯达
siku	司库
silafu	斯拉夫
silibajiawan	斯里巴加湾
silingtai	司令台
siliuji	四六级
siluofakegongheguo	斯洛伐克共和国
siluofakeyu	斯洛伐克语
sima	司马
simaqian	司马迁
simataichangcheng	司马台长城
simayan	司马炎
simazhao	司马昭
simazhaozhixin	司马昭之心
sinaojin	死脑筋
sipierboge	斯皮尔伯格
siqu	四驱
sirenbang	四人帮
sishi	死侍
sishu	四书
sitai	死胎
sitanfudaxue	斯坦福大学
sitangda	司汤达
sitanli	斯坦利
sitelasibao	斯特拉斯堡
siweishu	四位数
sixiali	私下里
sixiaolong	四小龙
sixiaqu	撕下去
sixing	私刑
sixingfan	死刑犯
siyanghuaerdan	四氧化二氮
siyanshi	四言诗
siyingpai	死硬派
siyong	私用
siyu	思域
siyuan	私怨
siyue	四月
sizhang	私章
sizhi	丝织
sizhongzou	四重奏
sizhui	丝锥
songailing	宋霭龄
songci	宋词
songcui	松脆
songdandan	宋丹丹
songfeng	送风
songhu	淞沪
songhuafen	松花粉
songhuoyuan	送货员
songjian	送检
songjiang	宋江
songjiangqu	松江区
songjiaoren	宋教仁
songjin	松劲
songjin	松紧
songkouqi	松口气
songmeiling	宋美龄
songqin	送亲
songqingling	宋庆龄
songqiyin	送气音
songrenqing	送人情
songrenzong	宋仁宗
songsang	送丧
songshanshaolinsi	嵩山少林寺
songshi	松狮
songshuhou	松鼠猴
songshuigong	送水工
songtao	松涛
songxia	松下
songxiaxingzhizhu	松下幸之助
songzhenzong	宋真宗
songzhumei	松竹梅
souchazheng	搜查证
sougou	搜狗
souhuwang	搜狐网
sousuoci	搜索词
souwei	馊味
suancaitang	酸菜汤
suancaiyu	酸菜鱼
suanchou	酸臭
suancuo	算错
suandoujiao	酸豆角
suanfu	算符
suanfu	酸腐
suangan	酸酐
suanhua	酸化
suanhuang	蒜黄
suanjian	酸碱
suanjiandu	酸碱度
suanjianxing	酸碱性
suanjiao	酸角
suanjinlai	算进来
suanjiuzhang	算旧账
suanla	酸辣
suanleba	算了吧
suanmeitang	酸梅汤
suanmo	蒜末
suannaiji	酸奶机
suanniunai	酸牛奶
suanshi	算式
suanshuti	算术题
suansun	酸笋
suantang	酸汤
suanwei	酸味
suanxi	酸洗
suanzaoren	酸枣仁
suanzhi	酸值
suanzhimu	酸枝木
suanzongzhang	算总账
subilierhu	苏必利尔湖
sucai	苏菜
sucaiku	素材库
sucan	素餐
sudangongheguo	苏丹共和国
sudanhong	苏丹红
sudubiao	速度表
sue	苏俄
sufubi	苏富比
sugong	苏共
suhang	苏杭
suhatuo	苏哈托
suhua	塑化
suibing	碎冰
suichuan	隧穿
suidai	隋代
suide	随地
suifenzi	随份子
suihua	碎花
suihua	绥化
suili	随礼
suimo	隋末
suinibian	随你便
suiping	碎屏
suiqian	随迁
suirenshi	燧人氏
suishiji	碎石机
suishu	隋书
suitang	随堂
suiyuan	绥远
suiyueburaoren	岁月不饶人
suizang	随葬
suizhou	随州
suizuizi	碎嘴子
sujuezhan	速决战
suliaobu	塑料布
suliaoguan	塑料管
suliaohe	塑料盒
suliaotong	塑料桶
sulinan	苏里南
sulu	速录
sumeidao	苏梅岛
sumeier	苏美尔
sumendaladao	苏门答腊岛
sumuzhe	苏幕遮
sunan	苏南
sunbei	孙辈
sunbin	孙膑
sungan	笋干
sungua	笋瓜
suning	苏宁
sunjian	孙坚
sunjihai	孙继海
sunli	孙俪
sunli	孙犁
sunwu	孙武
sunxingzhe	孙行者
sunyang	孙杨
sunyanzi	孙燕姿
sunyixian	孙逸仙
sunzhao	损招
sunzhengyi	孙正义
suofeiya	索菲亚
suofeiya	索非亚
suohe	缩合
suoju	缩句
suoju	锁具
suokou	锁扣
suolinnang	锁麟囊
suoluo	梭罗
suoluomen	所罗门
suoluomenqundao	所罗门群岛
suoluosi	索罗斯
suolveci	缩略词
suoqi	索契
suoqiao	索桥
suoqilai	锁起来
suoquan	缩醛
suoshi	唆使
suoshou	缩手
suoshuhao	索书号
suowei	缩微
suoxiang	锁相
suoxianghuan	锁相环
suoxin	锁芯
suoxuer	索绪尔
suozixie	梭子蟹
supi	酥皮
suqian	宿迁
suqin	苏秦
surou	酥肉
suse	素色
susheng	速生
sushi	苏轼
sushizhuyizhe	素食主义者
susu	速速
susuan	速算
sutang	酥糖
suteren	粟特人
suwa	苏瓦
suweiaigongheguo	苏维埃共和国
suwu	俗务
suwu	俗物
suxichang	苏锡常
suxun	苏洵
suyan	俗艳
suyishi	苏伊士
suyishiyunhe	苏伊士运河
suyu	粟裕
suzhehu	苏浙沪
suzhou	宿州
suzhouhe	苏州河
suzhoushi	苏州市
tabizi	塌鼻子
tabuji	踏步机
taersi	塔尔寺
tafa	挞伐
taibaishan	太白山
taiban	台版
taibao	台胞
taibaozheng	台胞证
taibi	台币
taibiao	台标
taidu	台独
taifu	太傅
taigeer	泰戈尔
taiguzhou	太古宙
taihang	太行
taihu	太湖
taijia	抬价
taijiao	抬脚
taijiling	泰姬陵
taijiong	泰囧
taijitu	太极图
taiju	台剧
taiju	泰剧
taikang	泰康
taikongmian	太空棉
tailei	泰勒
taileisi	泰勒斯
tailihua	邰丽华
taimao	胎毛
taimei	台媒
taimeng	台盟
taimo	胎膜
tainan	台南
taipingjun	太平军
taipingtianguoyundong	太平天国运动
taipingyangzhanzheng	太平洋战争
taiqi	胎气
taiqiushi	台球室
taiqiuting	台球厅
taiquan	泰拳
taisen	泰森
taishangqu	抬上去
taisheng	抬升
taishi	泰式
taishici	太史慈
taishiyi	太师椅
taisui	太岁
taisuitoushangdongtu	太岁头上动土
taitan	泰坦
taitouwen	抬头纹
taiwanminzhuzizhitongmeng	台湾民主自治同盟
taiwei	胎位
taiwen	泰文
taiwushi	泰晤士
taixin	胎心
taiyangdui	太阳队
taiyangfan	太阳帆
taiyangmao	太阳帽
taiyangnian	太阳年
taiyangsan	太阳伞
taiyi	胎衣
taiyiyuan	太医院
taiyu	台语
taiyu	泰语
taiyuan	太原
taizhang	台长
taizhou	台州
taizhu	泰铢
taizhuzi	台柱子
taizi	台资
taizigang	太子港
taizou	抬走
taizuo	太座
tajia	塔架
tajiaoban	踏脚板
tajiaoshi	踏脚石
tajike	塔吉克
talia	她俩
talimu	塔里木
talin	塔林
tamude	塔木德
tananalifu	塔那那利佛
tanban	碳板
tanbang	碳棒
tanbeng	谈崩
tanbi	炭笔
tanceyi	探测仪
tanchishe	贪吃蛇
tanchuang	摊床
tandun	谭盾
tangang	碳钢
tanganikahu	坦噶尼喀湖
tangbo	堂伯
tangbohu	唐伯虎
tangchangpu	唐菖蒲
tangdi	汤底
tangewu	探戈舞
tanggao	糖糕
tanggaozong	唐高宗
tanggaozu	唐高祖
tangguo	汤锅
tangguodian	糖果店
tangguoqiang	唐国强
tanghua	糖化
tangji	羰基
tangjia	汤加
tangjiemei	堂姐妹
tangjihua	糖基化
tangjiuhui	糖酒会
tanglangquan	螳螂拳
tangmian	烫面
tangminghuang	唐明皇
tangmo	唐末
tangmu	汤姆
tangningjie	唐宁街
tangren	糖人
tangrenjie	唐人街
tangsancai	唐三彩
tangsancang	唐三藏
tangse	糖色
tangseng	唐僧
tangsengrou	唐僧肉
tangshan	唐山
tangshi	唐诗
tangshi	汤匙
tangshou	烫手
tangshu	堂叔
tangshui	汤水
tangshui	趟水
tangsuan	糖蒜
tangtuan	汤团
tangwei	汤唯
tangxianzu	汤显祖
tangxuanzang	唐玄奘
tangxuanzong	唐玄宗
tangyan	唐嫣
tangyao	唐尧
tangyin	唐寅
tangzhi	糖纸
tangzhuang	唐装
tangzi	糖渍
tanhei	炭黑
tanhua	炭化
tanhuangchuang	弹簧床
tanhuawu	碳化钨
tanhui	贪贿
tanhuo	炭火
tanleiqi	探雷器
tanlong	谈拢
tanlu	炭炉
tanluzhe	探路者
tanmianhua	弹棉花
tanmu	檀木
tanpianyi	贪便宜
tanqinjia	探亲假
tanshao	炭烧
tanshui	贪睡
tansitong	谭嗣同
tansu	碳素
tansuanli	碳酸锂
tansuanmei	碳酸镁
tansuanxin	碳酸锌
tansugang	碳素钢
tansuo	坍缩
tantiaoli	弹跳力
tanxiangmu	檀香木
tanxiangyou	檀香油
tanxiao	谈笑
tanxunhuan	碳循环
tanyaoku	弹药库
tanyuan	探源
tanzang	贪赃
tanzuo	瘫坐
taoba	陶吧
taobaowang	淘宝网
taobudiao	逃不掉
taoer	套儿
taoerduo	掏耳朵
taoguan	陶罐
taohe	桃核
taohongjing	陶弘景
taohongse	桃红色
taohuan	淘换
taojiao	桃胶
taolimantianxia	桃李满天下
taoloushui	逃漏税
taomishui	淘米水
taomu	桃木
taoqibao	淘气包
taoqibao	淘气堡
taoqigui	淘气鬼
taoranting	陶然亭
taosan	逃散
taosheng	涛声
taosu	桃酥
taotoushan	套头衫
taoyao	讨要
taozhexuan	陶哲轩
taozhi	陶制
tapuxue	拓扑学
tashengan	塔什干
tasimaniya	塔斯马尼亚
tasuo	塌缩
tataer	塔塔尔
taxiaqu	塌下去
teaohui	特奥会
tebiefa	特别法
tebu	特步
techangsheng	特长生
tedengjiang	特等奖
tefulong	特氟龙
tegong	特供
tekunsheng	特困生
telahua	特拉华
teluoyimuma	特洛伊木马
tengchulai	腾出来
tengluo	藤萝
tengwan	藤蔓
tengyue	腾跃
tepaituan	特派团
teshuhua	特殊化
texun	特训
texunying	特训营
tezhangban	特长班
tezhao	特招
tiananmenchenglou	天安门城楼
tiananmenguangchang	天安门广场
tianbao	舔包
tiancaitang	甜菜糖
tianchao	天朝
tianchengzuo	天秤座
tianchong	甜宠
tianchongse	填充色
tiandu	甜度
tiane	天蛾
tianehu	天鹅湖
tianezuo	天鹅座
tiangaorenniaofei	天高任鸟飞
tiangong	天宫
tianhan	田汉
tianhe	天河
tianhetiyuzhongxin	天河体育中心
tianhuafen	天花粉
tianhuang	天皇
tianji	田忌
tianjiao	甜椒
tianjingongyedaxue	天津工业大学
tianjinmeishuxueyuan	天津美术学院
tianjinshifandaxue	天津师范大学
tianjintiyuxueyuan	天津体育学院
tianjinyikedaxue	天津医科大学
tianjinyinyuexueyuan	天津音乐学院
tiankongti	填空题
tianliang	田亮
tianlong	田垄
tianmai	填埋
tianmianjiang	甜面酱
tianming	天命
tianmu	天幕
tiannanxing	天南星
tiannini	甜腻腻
tianpindian	甜品店
tianping	填平
tianping	舔屏
tianqing	天晴
tianqinzuo	天琴座
tianqiong	天穹
tianranlin	天然林
tianru	填入
tianshengwocaibiyouyong	天生我材必有用
tianshi	舔食
tianshui	天水
tianshuishi	天水市
tiansisi	甜丝丝
tiantaishan	天台山
tiantaizong	天台宗
tiantan	天坛
tiantang	甜汤
tiantangniao	天堂鸟
tiantian	甜甜
tiantu	填土
tianwang	天网
tianxiadiyiguan	天下第一关
tianxianpei	天仙配
tianxiawunanshi	天下无难事
tianxiezuo	天蝎座
tianyan	天眼
tianyingzuo	天鹰座
tianyoubucefengyun	天有不测风云
tianyu	天宇
tianyumi	甜玉米
tianzhidao	天知道
tianzhu	天主
tianzhujiao	天主教
tianzhujiaoaiguohui	天主教爱国会
tianzidiyihao	天字第一号
tianzizi	甜滋滋
tiaochabiao	调查表
tiaochatuan	调查团
tiaodang	调档
tiaodi	调低
tiaodunren	条顿人
tiaogang	调岗
tiaogao	调高
tiaoguang	调光
tiaoheji	调和剂
tiaoheyou	调和油
tiaohuiqu	跳回去
tiaojiefa	调节阀
tiaojieji	调节剂
tiaojieshu	调解书
tiaojieyuan	调解员
tiaojing	调经
tiaoling	跳羚
tiaomei	挑眉
tiaopigui	调皮鬼
tiaoqilai	挑起来
tiaoqiu	跳球
tiaoru	调入
tiaoshi	挑事
tiaoshi	条石
tiaoshiqi	调试器
tiaoshu	跳鼠
tiaoshuichi	跳水池
tiaoshuitai	跳水台
tiaotiaodalutongluoma	条条大路通罗马
tiaotingren	调停人
tiaotou	跳投
tiaoweiping	调味瓶
tiaowen	调温
tiaowutan	跳舞毯
tiaoxi	调息
tiaoxialai	跳下来
tiaoxian	调弦
tiaoxian	跳线
tiaoxiang	调香
tiaoxin	调薪
tiaoya	调压
tiaoyinqi	调音器
tiaoyinshi	调音师
tiaoyintai	调音台
tiaoyuexing	跳跃性
tiaozhen	跳帧
tiaozhengqi	调整器
tiaoziyan	挑字眼
tibang	蹄膀
tibuxi	替补席
ticaigu	题材股
tichuqu	踢出去
tidaiwu	替代物
tidangxian	提档线
tiebiaoqian	贴标签
tiebingzi	贴饼子
tiebu	贴补
tiebushan	铁布衫
tiechan	铁铲
tiechumochengzhen	铁杵磨成针
tiecixing	铁磁性
tiedaobing	铁道兵
tieding	铁钉
tieguaili	铁拐李
tieguanyin	铁观音
tiehan	铁汉
tiehanzi	铁汉子
tiehejin	铁合金
tiekuai	铁块
tieling	铁岭
tiemao	铁锚
tiemian	贴面
tiemuzhen	铁木真
tiepian	贴片
tiepian	铁片
tieqian	贴钱
tieqian	铁钳
tieren	铁人
tiesanjiao	铁三角
tieshangqu	贴上去
tieshazhang	铁砂掌
tiesuo	铁索
tiesuoqiao	铁索桥
tietiao	贴条
tietuo	铁托
tiexianjue	铁线蕨
tiexianlian	铁线莲
tiexie	铁屑
tiexin	铁心
tiexin	铁芯
tiezhi	铁制
tiezhi	铁质
tigu	剔骨
tihai	题海
tijianbiao	体检表
tijin	蹄筋
tikao	替考
tiliu	提溜
tingbi	停笔
tingbo	停播
tingbuzhu	挺不住
tingchefei	停车费
tingchexian	停车线
tingfa	停发
tinggua	挺括
tingji	厅级
tingjiku	停机库
tinglei	烃类
tingpai	停牌
tingshou	停售
tingyao	停药
tingzhang	艇长
tingzhen	停诊
tingzhen	听诊
tingzheng	听证
tingzhu	停驻
tingzhuang	听装
tingzijian	亭子间
tiqinshou	提琴手
tishifu	提示符
tishikuang	提示框
tishoupang	提手旁
titoujiang	剃头匠
tiwei	体委
tiwenzhe	提问者
tixing	题型
tixu	体虚
tixu	剃须
tixunhuan	体循环
tiyuke	体育课
tizou	踢走
tongbanhua	铜版画
tongbanzhi	铜版纸
tongbi	铜币
tongbuqi	同步器
tongche	童车
tongchen	痛陈
tongcheng	同城
tongchengpai	桐城派
tongchou	铜臭
tongchulai	捅出来
tongdaluoshuigou	痛打落水狗
tongdao	痛悼
tongdiao	铜雕
tongfen	通分
tongfengji	通风机
tongfengjing	通风井
tonggan	通感
tonggongbutongchou	同工不同酬
tongguan	潼关
tongguan	统观
tongguanyue	铜管乐
tongguolv	通过率
tonggusi	通古斯
tonghuafei	通话费
tonghuashi	通化市
tonghui	痛悔
tonghuopengzhanglv	通货膨胀率
tongji	同济
tongjianzui	通奸罪
tongjie	同届
tongjing	铜镜
tongjitu	统计图
tongjun	童军
tongku	恸哭
tongleixiang	同类项
tongliang	通亮
tongliao	通辽
tongling	通令
tongling	铜陵
tongmen	同门
tongpu	通铺
tongqiguan	通气管
tongqingxin	同情心
tongqun	筒裙
tongren	铜仁
tongrentang	同仁堂
tongrentu	同人图
tongsha	通杀
tongsheng	童声
tongshitianyalunluoren	同是天涯沦落人
tongsuhua	通俗化
tongsui	同岁
tongti	酮体
tongxian	铜线
tongxianghui	同乡会
tongxinbing	通信兵
tongxing	同姓
tongxing	通性
tongxingfei	通行费
tongxinjie	同心结
tongxinyuan	同心圆
tongxinyuan	通信员
tongxiu	铜臭
tongxiwu	同系物
tongxuehui	同学会
tongxunbing	通讯兵
tongyan	童颜
tongyixing	同一性
tongyongdianqigongsi	通用电气公司
tongzhao	统招
tongzhi	同治
tongzhou	通州
tongzhuang	桶装
tongziji	童子鸡
tongzilou	筒子楼
tongzong	同宗
tongzu	同族
toubiaoren	投标人
toucha	头茬
touchou	头筹
toudaishi	头戴式
toudang	投档
toudangxian	投档线
toudian	偷电
touduke	偷渡客
toufasi	头发丝
toufu	头伏
toujishang	投机商
toulian	头帘
touloushui	偷漏税
toumiao	偷瞄
toumingzhi	透明纸
touqiu	投球
toushiji	投石机
toutai	头胎
toutao	偷逃
toutaoshui	偷逃税
toutouqi	透透气
touwei	头尾
touwenjian	头文件
touxiangpai	投降派
touxie	头屑
touxing	头型
touyao	投药
touyingmu	投影幕
touzhele	偷着乐
touzhuzhan	投注站
touzishang	投资商
tuanfei	团费
tuanhui	团徽
tuanji	团级
tuankuai	团块
tuanpiao	团票
tuanqi	团旗
tuanticao	团体操
tuanyuanfan	团圆饭
tuanyuanzheng	团员证
tuanzhibu	团支部
tuanzhishu	团支书
tuanzhongyang	团中央
tuanzuzhi	团组织
tubage	兔八哥
tubianti	突变体
tubo	吐蕃
tubu	涂布
tuchu	吐出
tudegong	土地公
tudigemingzhanzheng	土地革命战争
tudimiao	土地庙
tudishui	土地税
tudiye	土地爷
tudizheng	土地证
tudouwang	土豆网
tuergan	涂尔干
tuerqigongheguo	土耳其共和国
tuerye	兔儿爷
tufaxing	突发性
tuhanshu	凸函数
tuhuangse	土黄色
tuhuashu	图画书
tuibeitu	推背图
tuibing	退兵
tuici	退磁
tuidang	退档
tuifa	腿法
tuifei	退费
tuigao	退稿
tuige	退格
tuigu	腿骨
tuigu	退股
tuiguoqu	推过去
tuikeng	退坑
tuila	推拉
tuilachuang	推拉窗
tuimao	腿毛
tuimao	褪毛
tuimian	推免
tuirang	推让
tuiruan	腿软
tuishanglai	推上来
tuitanggu	退堂鼓
tuiwubing	退伍兵
tuixiaqu	推下去
tuizhi	退职
tujia	土家
tujin	突进
tujueyu	突厥语
tukeng	土坑
tuku	图库
tukuai	土块
tulaomao	土老冒
tuling	图灵
tulingjiang	图灵奖
tulixue	土力学
tuluzi	图卢兹
tumenjiang	图们江
tuna	吐纳
tunbing	屯兵
tundiao	吞掉
tunisigongheguo	突尼斯共和国
tuniu	途牛
tunjinqu	吞进去
tuntian	屯田
tuntianzhi	屯田制
tunvlang	兔女郎
tunxiaqu	吞下去
tuoci	托辞
tuoerjin	托尔金
tuogu	托孤
tuoguanxi	托关系
tuojinlai	拖进来
tuolidang	托利党
tuoling	驼铃
tuoluosuan	脱落酸
tuomao	脱帽
tuomo	脱模
tuoqiumian	椭球面
tuoren	托人
tuorong	驼绒
tuosuo	脱羧
tuotenamureci	托特纳姆热刺
tuowei	脱位
tuoyun	拖运
tuoyunfei	托运费
tuozhinai	脱脂奶
tuozhuang	脱妆
tupianzhan	图片展
tupifang	土坯房
tuqiang	土墙
turanggailiangji	土壤改良剂
tushi	图式
tushucheng	图书城
tushushi	图书室
tuwalu	图瓦卢
tuwei	土味
tuweiliu	土卫六
tuwen	图文
tuxian	突现
tuxing	土星
tuxizu	图西族
tuyuhun	吐谷浑
tuzeng	徒增
tuzhi	土质
waguan	瓦罐
wahaha	娃哈哈
waibi	外壁
waibu	外埠
waibuxing	外部性
waicun	外存
waideren	外地人
waidi	外敌
waidiao	外调
waifan	外翻
waifang	外方
waigong	外功
waigou	外购
waiguohuo	外国货
waiguolao	外国佬
waihanghua	外行话
waihuan	外环
waihuiguanliju	外汇管理局
waijiao	外角
waijiaobu	外交部
waijiaoxue	外交学
wailaigong	外来工
wailian	外联
wailimian	外立面
wailiuhe	外流河
wailou	歪楼
waimeng	外蒙
wainaojin	歪脑筋
waipin	外聘
waipin	外频
waiqian	外迁
waiqie	外切
waiquan	外圈
waishen	外审
waishiban	外事办
waishibangongshi	外事办公室
waitai	外胎
waitaomo	外套膜
waixingxing	外行星
waiyang	外洋
waiyanshe	外研社
waiyin	外因
waiyongyao	外用药
waiyuan	外缘
waizaimei	外在美
waizhao	外罩
waizhi	外痔
waizhouxue	外周血
waizhuyi	歪主意
waizu	外族
wanbanjiexiapin	万般皆下品
wanbaolu	万宝路
wanbei	皖北
wanchenglv	完成率
wanchu	碗橱
wanchun	晚春
wandai	腕带
wandao	弯刀
wandao	晚稻
wandie	碗碟
wandouhuang	豌豆黄
wandoujia	豌豆荚
wandoumiao	豌豆苗
wandunji	万吨级
waner	玩儿
wanerming	玩儿命
wanfeng	晚风
wanfubudangzhiyong	万夫不当之勇
wanganyi	王安忆
wangbaochuan	王宝钏
wangbo	王勃
wangchong	王充
wangdong	往东
wangdou	网兜
wangerde	王尔德
wangfanpiao	往返票
wangfei	王菲
wangfei	网费
wangfeng	汪峰
wangfu	旺夫
wangfujingdajie	王府井大街
wangfushi	望夫石
wangfuzhi	王夫之
wanggehua	网格化
wangguowei	王国维
wangguozhen	汪国真
wanghongwen	王洪文
wangjian	王翦
wangjiao	旺角
wangjiawei	王家卫
wangjiaxiang	王稼祥
wangjiesheng	往届生
wangjing	望京
wanglaoji	王老吉
wangliao	网聊
wanglihong	王力宏
wangling	网龄
wangliqin	王励勤
wangluoban	网络版
wangluoshipeiqi	网络适配器
wangming	网名
wangmingtu	亡命徒
wangnan	王楠
wangqishan	王岐山
wangqiupai	网球拍
wangshichong	王世充
wangshouren	王守仁
wangtan	网坛
wangtianshu	望天树
wangtong	网通
wangu	腕骨
wanguanjie	腕关节
wanguoyouzhenglianmeng	万国邮政联盟
wangupai	顽固派
wanguxing	顽固性
wangwei	王维
wangxian	网线
wangxianzhi	王献之
wangxiao	网校
wangxiaobo	王小波
wangxizhi	王羲之
wangyangming	王阳明
wangyi	妄议
wangzhaojun	王昭君
wangzhen	王震
wangzhihuan	王之涣
wangzhizhi	王治郅
wangzhuang	网状
wangzi	旺仔
wangzu	王族
wanhun	晚婚
wanjie	晚节
wanjihua	烷基化
wanju	弯矩
wanjuche	玩具车
wanjudian	玩具店
wankang	顽抗
wanku	纨绔
wanli	万历
wanli	腕力
wanlian	碗莲
wanlingyao	万灵药
wanming	玩命
wannan	皖南
wannengjiao	万能胶
wanpiao	玩票
wanqing	晚清
wanqu	湾区
wanrenmi	万人迷
wanshengjie	万圣节
wanshenmiao	万神庙
wanshibuqiuren	万事不求人
wanshuang	晚霜
wantou	弯头
wanwanqiang	碗碗腔
wanwanrao	弯弯绕
wanxiangyu	晚香玉
wanxiaohua	玩笑话
wanxie	婉谢
wanyier	玩意儿
wanyuepai	婉约派
wanzheng	顽症
wanzhong	万众
wanzhong	晚钟
wanzhuang	晚装
waqian	挖潜
washa	挖沙
watiao	蛙跳
wazu	佤族
weiansuo	慰安所
weibao	卫报
weibei	魏碑
weibu	胃部
weichang	胃肠
weichangyan	胃肠炎
weichuankong	胃穿孔
weichuxue	胃出血
weicuo	位错
weidan	微单
weidang	围挡
weide	韦德
weidian	位点
weidu	惟独
weidu	未读
weiduan	尾段
weiduoliyahu	维多利亚湖
weiduoliyazhou	维多利亚州
weier	味儿
weierdi	威尔第
weierjingqundao	维尔京群岛
weierqi	韦尔奇
weifang	潍坊
weifangshi	潍坊市
weige	伟哥
weiguan	尉官
weiguang	畏光
weiguo	魏国
weihai	威海
weihan	畏寒
weijian	围歼
weijiande	未见得
weijiasuan	维甲酸
weijin	魏晋
weijing	维京
weijingluan	胃痉挛
weikong	惟恐
weikuiyang	胃溃疡
weilaipai	未来派
weilie	围猎
weiliu	慰留
weilong	卫龙
weima	魏玛
weiman	伪满
weimi	维密
weiminghu	未名湖
weiminglun	唯名论
weinan	渭南
weinasi	维纳斯
weineihe	微内核
weinianmo	胃黏膜
weinixiong	维尼熊
weiqilai	围起来
weirenzhi	委任制
weishanhu	微山湖
weisheli	威慑力
weishengchanlilun	唯生产力论
weishengshi	卫生室
weishengsuo	卫生所
weishengyuan	卫生员
weishengyuan	卫生院
weishu	位数
weishu	卫戍
weisikangxingdaxue	威斯康星大学
weisikangxingzhou	威斯康星州
weisiminsite	威斯敏斯特
weisuwei	维苏威
weitegensitan	维特根斯坦
weiwen	维文
weiwenxin	慰问信
weiwolun	唯我论
weiwu	围屋
weiwubianzhengfa	唯物辩证法
weiwuzhuyizhe	唯物主义者
weixiang	危象
weixianqi	危险期
weixiaobao	韦小宝
weixiezui	猥亵罪
weixin	唯心
weixin	微信
weixingche	微型车
weixingguo	卫星国
weixiuchang	维修厂
weixiufei	维修费
weixiuzhan	维修站
weixunhuan	微循环
weiyao	胃药
weiyenaaiyueletuan	维也纳爱乐乐团
weiyi	偎依
weiyingwu	韦应物
weiyu	维语
weizaozui	伪造罪
weizhanmo	胃粘膜
weizhen	维珍
weizheng	魏征
weizhengzui	伪证罪
weizhongbing	危重病
weizhongli	微重力
weizhongxian	魏忠贤
weizhongzheng	危重症
weizhuigu	尾椎骨
weizi	薇姿
weizu	维族
weizuo	伪作
wenbing	温病
wenbusheng	文部省
wenchangji	文昌鸡
wenchuan	汶川
wendati	问答题
wendingban	稳定版
wendingji	稳定剂
wendingqi	稳定器
wenduchuanganqi	温度传感器
wenge	文革
wengongtuan	文工团
wenheqi	吻合器
wenhouyu	问候语
wenhuadageming	文化大革命
wenhuajie	文化界
wenhuake	文化课
wenhuashan	文化衫
wenji	问及
wenjiandai	文件袋
wenjiangqu	温江区
wenjiangui	文件柜
wenju	问句
wenjuhe	文具盒
wenkaishui	温开水
wenkeban	文科班
wenkesheng	文科生
wenkong	温控
wenlian	文联
wenlike	文理科
wenmei	纹眉
wenmo	文末
wenqiuli	文丘里
wenquxing	文曲星
wenrenhua	文人画
wenrouxiang	温柔乡
wenruo	文弱
wenshen	纹身
wenshizhe	文史哲
wenshu	文殊
wentianxiang	文天祥
wentingyun	温庭筠
wentixue	文体学
wenwan	文玩
wenxuejie	文学界
wenxuexi	文学系
wenxuexing	文学性
wenxueyuan	文学院
wenxun	问询
wenxunchu	问讯处
wenyiduo	闻一多
wenyigongzuozhe	文艺工作者
wenyijie	文艺界
wenyixue	文艺学
wenzezhi	问责制
wenzhan	问斩
wenzheng	问政
wenzhou	温州
wenzhouhua	温州话
wenzhoushi	温州市
wenzhuangti	纹状体
wenzhunhen	稳准狠
wenzong	文综
wenzuo	稳坐
wocanmei	卧蚕眉
wochong	涡虫
wodafeng	沃达丰
woerma	沃尔玛
woerwo	沃尔沃
wofu	卧佛
wogua	窝瓜
wohuo	窝火
wojun	我军
wolia	我俩
wopeng	窝棚
wotou	窝头
wozi	卧姿
wubao	五保
wubao	误报
wubaohu	五保户
wubaotai	五胞胎
wubeizi	五倍子
wucaozuo	误操作
wuchabie	无差别
wuchang	武昌
wuchangyu	武昌鱼
wuchengen	吴承恩
wuchuan	误传
wudahu	五大湖
wudaizhou	五大洲
wudang	武当
wudangpai	武当派
wudangpairenshi	无党派人士
wudangshan	武当山
wudaobing	舞蹈病
wudaozi	吴道子
wudou	武斗
wufangbu	无纺布
wufangyan	吴方言
wufangzhai	五芳斋
wufenku	五分裤
wufu	武夫
wufu	误服
wugang	钨钢
wugeku	吴哥窟
wugeyigongcheng	五个一工程
wugongfei	误工费
wugonghai	无公害
wuguanyishenqing	无官一身轻
wuguo	吴国
wuguo	无果
wuhai	乌海
wuhaihua	无害化
wuhanchangjiangdaqiao	武汉长江大桥
wuhanligongdaxue	武汉理工大学
wuhu	芜湖
wuhujiang	五虎将
wujiaju	物价局
wujian	午间
wujiandao	无间道
wujiang	乌江
wujiangshangxiaerqiusuo	吾将上下而求索
wujie	五戒
wujiezhi	无节制
wujihuahewu	无机化合物
wujing	五经
wujing	吴京
wujinglian	吴敬琏
wujisuan	无机酸
wuju	婺剧
wujutuan	舞剧团
wukenaihehualuoqu	无可奈何花落去
wukong	悟空
wukuang	钨矿
wulaershanmai	乌拉尔山脉
wuliang	无良
wulianguan	五连冠
wuliangye	五粮液
wulingyuan	武陵源
wuliuliu	乌溜溜
wuliuyuan	物流园
wulixi	物理系
wulizhuizhidi	无立锥之地
wulumuqishi	乌鲁木齐市
wuma	误码
wumalv	误码率
wumei	乌梅
wumen	午门
wumengda	吴孟达
wumian	雾面
wuminghuo	无名火
wunan	舞男
wunv	巫女
wunv	舞女
wupengchuan	乌篷船
wuqi	吴起
wuqian	无铅
wuqilong	吴奇隆
wuqiu	务求
wuquan	物权
wuquanfa	物权法
wuranyuan	污染源
wuru	误入
wusangui	吴三桂
wuseqi	五色旗
wusha	五杀
wushan	误删
wushen	武神
wushiling	五十铃
wusi	钨丝
wusong	武松
wutaishan	五台山
wutan	物探
wutou	乌头
wutuan	舞团
wuwaihu	无外乎
wuwan	戊烷
wuwangerbusheng	无往而不胜
wuwei	无畏
wuwei	武威
wuwu	污物
wuwukai	五五开
wuxi	无锡
wuxi	武戏
wuxia	巫峡
wuxiaju	武侠剧
wuxiandiantongxin	无线电通信
wuxianwang	无线网
wuxianzuo	武仙座
wuxiaobo	吴晓波
wuxinchaliuliuchengyin	无心插柳柳成荫
wuxiu	无袖
wuyan	五言
wuyanjianjiangdongfulao	无颜见江东父老
wuyanshi	五言诗
wuyanzu	吴彦祖
wuyi	误译
wuyiexiaoerweizhi	勿以恶小而为之
wuyiguojilaodongjie	五一国际劳动节
wuyijie	五一节
wuyilaodongjiangzhang	五一劳动奖章
wuyilaodongjie	五一劳动节
wuyingdeng	无影灯
wuyingjiao	无影脚
wuyonggong	无用功
wuyongwuzhidi	无用武之地
wuyuan	婺源
wuyue	五岳
wuyue	吴越
wuyuejie	五月节
wuyuetian	五月天
wuyusen	吴宇森
wuzhe	武者
wuzhen	乌镇
wuzhengfu	无政府
wuzhenyu	吴镇宇
wuzhibo	物质波
wuzhongzou	五重奏
wuzhu	屋主
wuzhuangbu	武装部
wuzhuangdai	武装带
wuzhuangdaoyachi	武装到牙齿
wuzhuangyuan	武状元
wuzixu	伍子胥
wuzongxian	吴宗宪
wuzun	吴尊
xiabanqi	下半旗
xiabansheng	下半生
xiabanye	下半叶
xiabanyue	下半月
xiabo	下拨
xiace	下册
xiace	下策
xiachu	夏初
xiadao	侠盗
xiaduan	下端
xiafeng	狭缝
xiafu	下腹
xiagongfu	下功夫
xiahou	夏侯
xiahouyuan	夏侯渊
xiahunao	瞎胡闹
xiaji	下集
xiakexing	侠客行
xiakucao	夏枯草
xiala	下拉
xialian	下联
xialiao	下料
xialuoke	夏洛克
xiameng	瞎蒙
xiamo	夏末
xianbai	显白
xianbei	鲜卑
xianbei	鲜贝
xiancai	线材
xiancao	线槽
xianchang	弦长
xianchang	纤长
xianchangban	现场版
xianchao	现钞
xianchuji	县处级
xianci	献辞
xiandaigan	现代感
xiandaishi	现代诗
xiandaiwen	现代文
xiandaixi	现代戏
xiandan	咸蛋
xiandan	霰弹
xiandang	闲荡
xiandao	县道
xiande	贤德
xiandeng	氙灯
xiandian	限电
xiandiao	线雕
xianfaxue	宪法学
xianfeng	咸丰
xianfu	纤夫
xiangao	显高
xiangao	线稿
xiangao	限高
xiangaoxinjishuchanyekaifaqu	西安高新技术产业开发区
xiangbala	香巴拉
xiangbao	箱包
xiangbi	象鼻
xiangbian	相变
xiangbinjin	香槟金
xiangchang	乡长
xiangchu	相除
xiangchunya	香椿芽
xiangcong	香葱
xiangcui	香脆
xiangdangchu	想当初
xiangdangnian	想当年
xiangdao	巷道
xiangegan	湘鄂赣
xiangfanshu	相反数
xiangfei	香榧
xianggangchengshidaxue	香港城市大学
xianggangjiao	香港脚
xianggangjibenfa	香港基本法
xianggangjinhuidaxue	香港浸会大学
xianggangjinrongguanliju	香港金融管理局
xianggangkejidaxue	香港科技大学
xiangganglianzhenggongshu	香港廉政公署
xiangganglifahui	香港立法会
xianggangligongdaxue	香港理工大学
xianggangtebiexingzhengqu	香港特别行政区
xianggangtequzhengfu	香港特区政府
xiangganguang	相干光
xianggangzhongwendaxue	香港中文大学
xiangguandu	相关度
xianghouzhuan	向后转
xianghui	香灰
xiangjian	相减
xiangjiaomu	橡胶木
xiangjiaopi	香蕉皮
xiangjibao	相机包
xiangju	湘剧
xiangke	相克
xiangkongzhen	相控阵
xiangla	香辣
xianglansu	香兰素
xianglaxie	香辣蟹
xiangliang	相量
xiangliangcong	向量丛
xianglinsao	祥林嫂
xianglongshibazhang	降龙十八掌
xiangmaocao	香茅草
xiangmeizi	湘妹子
xiangmi	香米
xiangmo	降魔
xiangmubu	项目部
xiangnaier	香奈儿
xiangongfu	闲工夫
xiangpianzhi	相片纸
xiangpichuan	橡皮船
xiangpifa	橡皮筏
xiangpingheng	相平衡
xiangpiquan	橡皮圈
xiangpishu	橡皮树
xiangpitang	橡皮糖
xiangqiankan	向钱看
xiangqin	香芹
xiangqincai	香芹菜
xiangqingye	详情页
xiangrongxing	相容性
xiangshan	香山
xiangshixing	相似性
xiangsidou	相思豆
xiangsudian	像素点
xiangtan	湘潭
xiangtan	详谈
xiangtanshi	湘潭市
xiangti	箱体
xianguo	鲜果
xiangxi	湘西
xiangxian	乡贤
xiangxian	相线
xiangxie	详写
xiangxielishedajie	香榭丽舍大街
xiangxing	香型
xiangxinliao	香辛料
xiangxiu	湘绣
xiangyabai	象牙白
xiangyang	襄阳
xiangyao	相邀
xiangyase	象牙色
xiangyayixueyuan	湘雅医学院
xiangyouqian	香油钱
xiangyouzhuan	向右转
xiangyu	湘语
xiangyu	项羽
xiangyu	香芋
xiangyunsha	香云纱
xiangzhang	香樟
xiangzhengfu	乡政府
xiangzhi	响指
xiangzuo	向左
xiangzuozhuan	向左转
xianhai	咸海
xianhao	限号
xianhouzuo	仙后座
xianhua	酰化
xianhuadian	鲜花店
xianhui	现汇
xianhui	贤惠
xianji	酰基
xianjia	现价
xianjiao	现浇
xianjiaotongdaxue	西安交通大学
xiankong	线控
xiankuang	线框
xianledui	弦乐队
xianliang	限量
xianliu	腺瘤
xianluo	暹罗
xianlv	酰氯
xiannen	鲜嫩
xianningshi	咸宁市
xiannvzuo	仙女座
xianpang	显胖
xianqi	氙气
xianqideng	氙气灯
xianqiehua	鲜切花
xianrou	鲜肉
xianse	显色
xianshou	先手
xianshou	限售
xianshu	线束
xianshuiyu	咸水鱼
xiantianxiazhiyoueryou	先天下之忧而忧
xiantie	衔铁
xiantou	线头
xianv	侠女
xianwei	咸味
xianwei	限位
xianweiqi	限位器
xianweng	仙翁
xianxia	仙侠
xianxia	鲜虾
xianxiang	险象
xianxinbing	先心病
xianxing	线形
xianxingbiao	线性表
xianxingfangchengzu	线性方程组
xianxinghai	冼星海
xianxinghua	线性化
xianya	县衙
xianyang	咸阳
xianyangshi	咸阳市
xianyingye	显影液
xianyou	鲜有
xianyu	闲鱼
xianyu	鲜鱼
xianzha	鲜榨
xianzhe	贤哲
xianzhe	贤者
xianzhi	现职
xianzhi	贤侄
xianzhi	限值
xianzhuang	线装
xianzhuangshu	线装书
xianzi	蚬子
xiaoban	小班
xiaobang	肖邦
xiaobao	校报
xiaobawang	小霸王
xiaoben	校本
xiaobi	小臂
xiaobianer	小辫儿
xiaobing	小兵
xiaobingqi	小冰期
xiaobona	肖伯纳
xiaobona	萧伯纳
xiaobushen	小布什
xiaocanglan	小苍兰
xiaocao	小草
xiaocheng	小乘
xiaochijie	小吃街
xiaocongbandoufu	小葱拌豆腐
xiaoding	校订
xiaoding	销钉
xiaodingdang	小叮当
xiaodong	校董
xiaodongmai	小动脉
xiaodui	小队
xiaoduizhang	小队长
xiaodushui	消毒水
xiaoduzi	小肚子
xiaoe	小额
xiaofang	效仿
xiaofangfang	萧芳芳
xiaofangti	消防梯
xiaofangzhan	消防站
xiaofeixia	小飞侠
xiaofeiyang	小肥羊
xiaofendui	小分队
xiaofuren	小妇人
xiaogan	孝感
xiaoganshi	孝感市
xiaogao	校稿
xiaogezi	小个子
xiaogong	小工
xiaogu	削骨
xiaoguimu	小规模
xiaoguoqi	效果器
xiaohan	小寒
xiaohehe	笑呵呵
xiaoheizi	小黑子
xiaohong	萧红
xiaohonghua	小红花
xiaohua	硝化
xiaohualv	消化率
xiaohuangyu	小黄鱼
xiaohudui	小虎队
xiaohuoer	小伙儿
xiaohuoji	小伙计
xiaohuxing	小户型
xiaoji	硝基
xiaojiadian	小家电
xiaojiahuo	小家伙
xiaojianpan	小键盘
xiaojiating	小家庭
xiaojiliang	小剂量
xiaojing	孝经
xiaojinguang	肖劲光
xiaojinren	小金人
xiaojiu	小舅
xiaoju	小聚
xiaojungu	小军鼓
xiaokai	小楷
xiaolaba	小喇叭
xiaolaodi	小老弟
xiaolaotou	小老头
xiaolibai	小礼拜
xiaoling	小令
xiaolingtong	小灵通
xiaolongnv	小龙女
xiaolouluo	小喽啰
xiaomaifen	小麦粉
xiaomaimai	小买卖
xiaomaobing	小毛病
xiaomianyang	小绵羊
xiaomizhou	小米粥
xiaomuwu	小木屋
xiaoniu	小妞
xiaonizi	小妮子
xiaonong	小农
xiaonv	孝女
xiaonvzi	小女子
xiaopi	削皮
xiaopidao	削皮刀
xiaopinwen	小品文
xiaoqi	校旗
xiaoqiang	小强
xiaoqianti	小前提
xiaoqiaomen	小窍门
xiaoqie	小妾
xiaoqiuzao	小球藻
xiaorongshu	消融术
xiaosantong	小三通
xiaosanyang	小三阳
xiaoshan	萧山
xiaoshangpin	小商品
xiaosheng	箫声
xiaoshengyi	小生意
xiaoshi	校史
xiaoshimin	小市民
xiaoshoujia	销售价
xiaoshouliang	销售量
xiaoshoushang	销售商
xiaoshoushui	销售税
xiaoshouyuan	销售员
xiaoshouzhi	小手指
xiaoshu	小暑
xiaoshuoji	小说集
xiaoshuwei	小数位
xiaositakeweiqi	肖斯塔科维奇
xiaotanfan	小摊贩
xiaotangshan	小汤山
xiaotiandi	小天地
xiaotieshi	小贴士
xiaoting	小艇
xiaotuanti	小团体
xiaotuzi	小兔子
xiaowangzi	小王子
xiaowanzi	小丸子
xiaoweiba	小尾巴
xiaowendi	孝文帝
xiaowu	校务
xiaowujin	小五金
xiaoxiang	潇湘
xiaoxie	消协
xiaoximian	消息面
xiaoxinghua	小型化
xiaoxiong	小熊
xiaoxiongdi	小兄弟
xiaoxiongzuo	小熊座
xiaoxizhongjianjian	消息中间件
xiaoxue	小雪
xiaoyang	校样
xiaoyangchun	小阳春
xiaoyanger	小样儿
xiaoyanzi	小燕子
xiaoyatou	小丫头
xiaoyaxuan	萧亚轩
xiaoyedeng	小夜灯
xiaoyi	校医
xiaoyinchun	小阴唇
xiaoyingqi	效应器
xiaoyiyuan	校医院
xiaoyong	骁勇
xiaoyuanka	校园卡
xiaoyuanwang	校园网
xiaoyuhao	小于号
xiaozaizi	小崽子
xiaozhendao	小针刀
xiaozhi	校址
xiaozhongma	小仲马
xiaozibao	小字报
xiaozuzhang	小组长
xiapan	下盘
xiapian	下篇
xiapian	虾片
xiapu	夏普
xiaqian	下潜
xiaqila	夏奇拉
xiaqiu	虾球
xiaque	下阕
xiasanlu	下三路
xiashu	下述
xiashuang	下霜
xiatiao	虾条
xiatui	吓退
xiawa	夏娃
xiawan	瞎玩
xiaweiyidaxue	夏威夷大学
xiaxia	辖下
xiaxiace	下下策
xiaxiaqian	下下签
xiaxie	下泄
xiaxueqi	下学期
xiayan	夏衍
xiaye	夏夜
xiayi	下移
xiazailiang	下载量
xiazheteng	瞎折腾
xiazhi	夏至
xiazhou	瞎诌
xibai	惜败
xiban	戏班
xibanzi	戏班子
xibeifeng	西北风
xibeigongyedaxue	西北工业大学
xibeishifandaxue	西北师范大学
xibo	锡伯
xibolai	希伯来
xicai	洗菜
xicha	喜茶
xicha	息差
xichang	西昌
xichangweixingfashezhongxin	西昌卫星发射中心
xiche	洗车
xichechang	洗车场
xichehang	洗车行
xichen	洗尘
xichuyangguanwuguren	西出阳关无故人
xidan	西单
xidao	铣刀
xide	洗地
xide	西德
xidu	细度
xiduzhe	吸毒者
xiebang	蟹棒
xieche	卸车
xiedao	邪道
xiedian	鞋店
xiediaoxing	协调性
xiediaoyuan	协调员
xiedoufu	血豆腐
xieduimian	斜对面
xiefa	解法
xiegao	蟹膏
xiegong	歇工
xiegui	鞋柜
xiehe	鞋盒
xiehongdao	泄洪道
xiehougen	鞋后跟
xiehu	泻湖
xiehuhu	血糊糊
xiehuier	歇会儿
xiejia	鞋架
xiejiaotu	邪教徒
xieke	蟹壳
xiekuabao	斜挎包
xielingyun	谢灵运
xieliu	蟹柳
xiema	鞋码
xiemian	鞋面
xiena	谢娜
xieshan	歇山
xieshangqu	写上去
xieshe	斜射
xieshe	鞋舌
xieshen	邪神
xieshipai	写实派
xieti	泄题
xietiao	谐调
xiewenbu	斜纹布
xiexienin	谢谢您
xiexinren	写信人
xieya	泄压
xieyijia	协议价
xieyin	鞋印
xiezhangshi	斜长石
xiezhenqiang	谐振腔
xiezhuangshui	卸妆水
xiezhuangye	卸妆液
xiezhuangyou	卸妆油
xifang	西方
xifei	矽肺
xifei	西非
xifeng	西风
xifengjiu	西凤酒
xifu	戏服
xifuer	媳妇儿
xifujiniya	西弗吉尼亚
xifujiniyazhou	西弗吉尼亚州
xigong	西贡
xiguadao	西瓜刀
xiguanjie	膝关节
xiguapi	西瓜皮
xiguashuang	西瓜霜
xiguazhi	西瓜汁
xiguazi	西瓜子
xigumi	西谷米
xihaian	西海岸
xihan	吸汗
xihan	西汉
xihu	西湖
xihua	系花
xihua	西化
xihuo	细活
xihuqu	西湖区
xijia	西甲
xijian	席间
xijiangyue	西江月
xijiao	洗脚
xijiao	西郊
xijie	希捷
xijin	西晋
xijin	锡金
xijunxue	细菌学
xijupian	喜剧片
xike	锡克
xikejiao	锡克教
xiku	西裤
xilagongheguo	希腊共和国
xilai	袭来
xilaideng	喜来登
xilake	希拉克
xilan	锡兰
xili	喜力
xilianchi	洗脸池
xiliang	细粮
xilianshui	洗脸水
xilieju	系列剧
xilili	淅沥沥
xilingxia	西陵峡
xiliusuan	稀硫酸
xilu	戏路
xiluo	稀落
ximai	喜脉
ximending	西门町
ximengjialabang	西孟加拉邦
ximi	戏迷
ximinsi	西敏寺
ximozhi	吸墨纸
ximurong	席慕容
ximurong	席慕蓉
xinaishan	西奈山
xinancaijingdaxue	西南财经大学
xinanzhengfadaxue	西南政法大学
xinao	嬉闹
xinbaoyan	心包炎
xinbinghaixuxinyaoyi	心病还须心药医
xinchao	心潮
xindaiyuan	信贷员
xindelei	辛德勒
xindongfang	新东方
xindu	信度
xinfa	心法
xinfan	新番
xinganxian	新干线
xingbao	行包
xingbaoli	性暴力
xingbo	行波
xingbu	刑部
xingchedao	行车道
xingchen	星尘
xingchezheng	行车证
xingchouwen	性丑闻
xingdongdui	行动队
xinge	新歌
xingershang	形而上
xingerxia	形而下
xingfadian	刑法典
xingfushu	幸福树
xinggang	型钢
xinggongneng	性功能
xinggui	星轨
xinghangwei	性行为
xinghe	星河
xinghua	杏花
xinghuang	杏黄
xingjian	星舰
xingjiefang	性解放
xingjingdui	刑警队
xingkai	行楷
xinglicang	行李舱
xinglipai	行李牌
xingmingquan	姓名权
xingqi	腥气
xingqiang	型腔
xingqitian	星期天
xingrencha	杏仁茶
xingrenlu	杏仁露
xingrensu	杏仁酥
xingse	杏色
xingse	行色
xingshanlun	性善论
xingtai	邢台
xingtaishi	邢台市
xingtan	星探
xingtu	星途
xingu	新股
xingwei	腥味
xingwulun	性恶论
xingxianghua	形象化
xingxinghao	行行好
xingxingxixingxing	惺惺惜惺惺
xingxinli	性心理
xingxituan	星系团
xingxiu	兴修
xingxuqiu	性需求
xingye	兴业
xingyiquan	形意拳
xingyongpin	性用品
xingzhan	星战
xingzhengchufafa	行政处罚法
xingzhengguan	行政官
xingzhengsusongfa	行政诉讼法
xingzhengyuan	行政院
xinhanbushenerzhou	新罕布什尔州
xinhaobing	信号兵
xinhaochuliqi	信号处理器
xinhaodan	信号弹
xinhaoji	信号机
xinhaoliang	信号量
xinhaoqi	信号旗
xinhaotai	信号肽
xinhaoxian	信号线
xinhaoyuan	信号源
xinhejin	锌合金
xinhuamen	新华门
xinhuatongxunshe	新华通讯社
xinhuo	心火
xinigejuyuan	悉尼歌剧院
xining	西宁
xiningshi	西宁市
xiniujiao	犀牛角
xinjiang	新疆
xinjiangshifandaxue	新疆师范大学
xinjiao	新教
xinjiapogongheguo	新加坡共和国
xinjiapoguolidaxue	新加坡国立大学
xinjibing	心肌病
xinjie	新界
xinjing	心经
xinkaliduoniya	新喀里多尼亚
xinkebiao	新课标
xinkuang	锌矿
xinkufei	辛苦费
xinlang	新浪
xinlianxin	心连心
xinmatai	新马泰
xinminzhuzhuyi	新民主主义
xinminzhuzhuyigeming	新民主主义革命
xinminzhuzhuyilun	新民主主义论
xinmoxigezhou	新墨西哥州
xinnacui	新纳粹
xinnanweiershi	新南威尔士
xinnanweiershizhou	新南威尔士州
xinnaoxueguanbing	心脑血管病
xinneimo	心内膜
xinniangzi	新娘子
xinnianhao	新年好
xinpin	新品
xinshi	新诗
xinshoucun	新手村
xinshu	新书
xinshuai	心衰
xinsijun	新四军
xinsikeshesheng	新斯科舍省
xinsu	新宿
xintiexin	心贴心
xinwaike	心外科
xinwenhuayundong	新文化运动
xinwenxueyundong	新文学运动
xinwenye	新闻业
xinwo	心窝
xinxiang	新乡
xinxiangshi	新乡市
xinxiaoqi	辛晓琪
xinxiboliya	新西伯利亚
xinxichanyebu	信息产业部
xinxiku	信息库
xinxiliang	信息量
xinxing	心形
xinxinran	欣欣然
xinxishang	信息熵
xinxiyuan	信息源
xinxizhan	信息战
xinyaner	心眼儿
xinyang	信阳
xinyao	新药
xinyi	辛夷
xinyongdu	信用度
xinyushi	新余市
xinzangqiboqi	心脏起搏器
xinzexi	新泽西
xinzhi	新址
xinzhou	忻州
xinzhoushi	忻州市
xinzhu	新竹
xinzhushi	新竹市
xiongan	凶案
xiongbite	熊彼特
xionghua	雄花
xiongjing	胸径
xiongludui	雄鹿队
xiongmao	胸毛
xiongpian	胸片
xiongtong	胸痛
xiongwaike	胸外科
xiongxiang	胸像
xiongyi	胸衣
xiongzi	雄姿
xiou	西欧
xipu	系谱
xiqiang	戏腔
xiruo	细弱
xisha	细砂
xishai	西晒
xishi	西施
xishiji	稀释剂
xishoulv	吸收率
xishuan	洗涮
xishui	嬉水
xishui	戏水
xishui	溪水
xishuixing	吸水性
xisiluo	希思罗
xisiting	西斯廷
xitan	细谈
xitiecheng	西铁城
xitiji	习题集
xitongguanliyuan	系统管理员
xitonglun	系统论
xitongpan	系统盘
xitougao	洗头膏
xitujue	西突厥
xiuchi	修持
xiuchixin	羞耻心
xiudingan	修订案
xiugaiqi	修改器
xiuhuali	溴化锂
xiuhuawu	溴化物
xiuhuayin	溴化银
xiuhuazhen	绣花针
xiuhuoshan	休火山
xiulifei	修理费
xiuligong	修理工
xiulunhu	休伦湖
xiumei	绣眉
xiumianqi	休眠期
xiumo	休谟
xiupeichang	修配厂
xiupian	修片
xiuqiu	绣球
xiushantujiazumiaozuzizhixian	秀山土家族苗族自治县
xiushici	修饰词
xiushifu	修饰符
xiushu	休书
xiusidun	休斯敦
xiusuan	溴酸
xiutanqi	嗅探器
xiuxian	修仙
xiuxianfu	休闲服
xiuxianju	绣线菊
xiuxianzhuang	休闲装
xiuxie	修鞋
xiuxingzhe	修行者
xiuxiting	休息厅
xiuyangsuo	休养所
xiuye	休业
xiuyu	休渔
xiuyu	羞于
xiuyuan	宿怨
xiuzhenban	袖珍版
xiuzhengban	修正版
xiuzhenzhe	修真者
xiuzhi	修枝
xiwangmu	西王母
xiwangong	洗碗工
xiwei	熹微
xiwei	西魏
xiwen	细纹
xixia	西夏
xixiang	细想
xixiao	铣削
xixiawen	西夏文
xiyang	西洋
xiyangli	西洋梨
xiyena	锡耶纳
xiyidai	洗衣袋
xiyin	洗印
xiyouzhi	吸油纸
xiyu	西域
xiyue	西岳
xizang	西藏
xizaopen	洗澡盆
xizaoshui	洗澡水
xizhi	吸脂
xizhilang	喜之郎
xizhongxi	戏中戏
xizhou	西周
xizhuang	戏装
xizhuangku	西装裤
xuanbiliang	悬臂梁
xuancai	选材
xuancheng	宣城
xuanchuanche	宣传车
xuanchuanfei	宣传费
xuanchuanlan	宣传栏
xuandiao	悬吊
xuandiao	选调
xuandiaosheng	选调生
xuandu	选读
xuanduan	选段
xuanfuye	悬浮液
xuangengji	旋耕机
xuanguan	悬棺
xuanguang	眩光
xuanhu	悬乎
xuanjia	悬架
xuanjianghui	宣讲会
xuanjufa	选举法
xuanjuzhi	选举制
xuanke	选科
xuankuang	选矿
xuanlingmu	悬铃木
xuanpin	选聘
xuanqu	选曲
xuanrang	喧嚷
xuantong	宣统
xuanwu	玄武
xuanwuhu	玄武湖
xuanwumen	宣武门
xuanxiangka	选项卡
xuanxing	选型
xuanxiuquan	选秀权
xuanxudiao	宣叙调
xuanyipian	悬疑片
xuanyuan	轩辕
xuanyuanjian	轩辕剑
xuanzang	玄奘
xuanzeqi	选择器
xuanzhong	选种
xuanzhuanbu	宣传部
xuanzhuance	宣传册
xuanzhuanpian	宣传片
xuanzhuoye	悬浊液
xuchang	许昌
xuchangshi	许昌市
xuebaochai	薛宝钗
xuebi	雪碧
xuecai	雪菜
xuechang	血肠
xueche	学车
xuediao	雪雕
xuedinge	薛定谔
xuedixie	雪地鞋
xuedunjie	雪顿节
xuefulan	雪佛兰
xueguang	血光
xuehai	血海
xuehen	血痕
xuehong	血红
xuehuang	血荒
xuejia	血痂
xuejian	血检
xuelai	雪莱
xueleifeng	学雷锋
xueliang	血量
xuelianhua	雪莲花
xuelingqian	学龄前
xueliu	雪柳
xueliuliang	血流量
xuemang	雪盲
xuepao	血泡
xueqian	学前
xueqingxing	血清型
xueqingxue	血清学
xueronghua	雪绒花
xueshe	学舌
xueshengchu	学生处
xueshengpiao	学生票
xueshui	雪水
xuetangyi	血糖仪
xuetielong	雪铁龙
xuetu	雪兔
xuetuzhi	学徒制
xueweizheng	学位证
xuexiji	学习机
xuexingwei	血腥味
xuexu	血虚
xueyang	学养
xueyang	血样
xueyang	血氧
xueyu	血瘀
xueyu	雪域
xuezafei	学杂费
xuezai	雪灾
xuezhang	雪杖
xuezhuan	血赚
xufu	虚浮
xuhan	虚寒
xuhan	虚汗
xuhao	虚耗
xuhua	虚化
xuhuiqu	徐汇区
xujiahui	徐家汇
xujinglei	徐静蕾
xuke	徐克
xumishan	须弥山
xunboge	勋伯格
xuncha	巡察
xundao	训导
xundaozhe	殉道者
xunfang	巡防
xunfei	讯飞
xunhu	寻呼
xunhuanqun	循环群
xunhuanti	循环体
xunhuizhan	巡回展
xunihua	虚拟化
xuniren	虚拟人
xunleibujiyaner	迅雷不及掩耳
xunluoyuan	巡逻员
xunshiyuan	巡视员
xunshou	驯兽
xunshoushi	驯兽师
xunsi	徇私
xunye	巡夜
xunyu	熏鱼
xunyu	荀彧
xunzhan	巡展
xunzhen	巡诊
xupang	虚胖
xuqi	续期
xuqiuliang	需求量
xushe	虚设
xushi	蓄势
xushixue	叙事学
xushuci	序数词
xushuiliang	蓄水量
xushuo	叙说
xushuzhe	叙述者
xuxiake	徐霞客
xuxiangqian	徐向前
xuyang	畜养
xuyang	需氧
xuzhimo	徐志摩
xuzhoushi	徐州市
xuzhuang	絮状
yaan	雅安
yaanshi	雅安市
yabo	鸭脖
yabozi	鸭脖子
yabuli	亚布力
yacha	压差
yachang	鸭肠
yacheng	压秤
yadan	哑弹
yadan	鸭蛋
yadanlian	鸭蛋脸
yadeliyahai	亚得里亚海
yadisiyabeiba	亚的斯亚贝巴
yadonghui	亚冬会
yafeila	亚非拉
yagan	压感
yagang	牙缸
yagang	轧钢
yage	雅阁
yageer	雅戈尔
yagener	压根儿
yaguan	亚冠
yahandai	亚寒带
yahang	亚航
yahang	亚行
yahen	压痕
yahu	雅虎
yahuo	压货
yahuo	哑火
yajian	压减
yajiao	牙胶
yajiao	鸭脚
yajing	压惊
yalabamazhou	亚拉巴马州
yalian	雅利安
yalibiao	压力表
yalinsuan	亚磷酸
yalisangnazhou	亚利桑那州
yalishandacheng	亚历山大城
yalishandagang	亚历山大港
yalishiduode	亚里士多德
yaliusuanqingna	亚硫酸氢钠
yaluzangbujiang	雅鲁藏布江
yamaha	雅马哈
yamase	亚麻色
yamayou	亚麻油
yameiniyagongheguo	亚美尼亚共和国
yamusukeluo	亚穆苏克罗
yanan	延安
yanbi	岩壁
yanbian	延边
yanboting	演播厅
yanbu	咽部
yanbu	眼部
yancai	腌菜
yancha	岩茶
yancheng	盐城
yanchengxu	言承旭
yanchongxing	严重性
yandangshan	雁荡山
yandao	烟道
yandi	炎帝
yandong	岩洞
yanfu	严复
yangba	氧吧
yangbailao	杨白劳
yangbanfang	样板房
yangbanjian	样板间
yangche	养车
yangche	样车
yangcheng	扬程
yangcheng	羊城
yangchenghu	阳澄湖
yangchengwu	杨成武
yangdihuang	洋地黄
yangdong	佯动
yangdu	羊肚
yangfen	羊粪
yangfengchang	养蜂场
yangfumu	养父母
yanggan	养肝
yanggaorong	羊羔绒
yanggong	佯攻
yangguan	羊倌
yangguan	阳关
yangguandao	阳关道
yangguozhong	杨国忠
yanghuagao	氧化锆
yanghuagui	氧化硅
yanghuajia	氧化钾
yanghuali	氧化锂
yanghuamei	氧化酶
yanghuameng	氧化锰
yanghuana	氧化钠
yanghuaqian	氧化铅
yanghuasi	氧化锶
yanghuatai	氧化钛
yanghuatie	氧化铁
yanghuatong	氧化铜
yanghuayin	氧化银
yanghucheng	杨虎城
yangjiajiang	杨家将
yangjian	杨坚
yangjiang	阳江
yangjiangshi	阳江市
yangjiaobian	羊角辫
yangjiechi	杨洁篪
yangjingbang	洋泾浜
yangjingyu	杨靖宇
yangju	扬剧
yangjuan	羊圈
yangkaihui	杨开慧
yangkun	杨坤
yanglan	杨澜
yanglaobaoxianjin	养老保险金
yangleduo	养乐多
yangliping	杨丽萍
yangliwei	杨利伟
yangmao	养猫
yangmaozhan	羊毛毡
yangmi	杨幂
yangmian	仰面
yangmian	阳面
yangmuzhe	仰慕者
yangnu	洋奴
yangpai	仰拍
yangpuqu	杨浦区
yangqi	扬弃
yangqi	阳气
yangqianhua	杨千嬅
yangqidai	氧气袋
yangqiping	氧气瓶
yangqitong	氧气筒
yangquan	阳泉
yangrong	羊绒
yangrongshan	羊绒衫
yangroutang	羊肉汤
yangsha	扬沙
yangshangkun	杨尚昆
yangshen	洋参
yangshi	央视
yangshibiao	样式表
yangshou	扬手
yangshu	样书
yangshuo	阳朔
yangtai	养胎
yangtang	羊汤
yangti	羊蹄
yangtiao	样条
yangtijia	羊蹄甲
yangtui	羊腿
yanguan	烟馆
yanguo	燕国
yangwa	养娃
yangwei	养胃
yangxiezi	羊蝎子
yangxiuqing	杨秀清
yangxue	养血
yangyang	杨洋
yangyuhuan	杨玉环
yangza	羊杂
yangzasui	羊杂碎
yangzhenning	杨振宁
yangzhihu	养殖户
yangzhiqiu	羊脂球
yangzhiyu	羊脂玉
yangzhou	扬州
yangzhuchang	养猪场
yangzi	杨紫
yangzijiang	扬子江
yanhe	烟盒
yanhouai	咽喉癌
yanhouyan	咽喉炎
yanhuang	炎黄
yanhui	颜回
yanjianggao	演讲稿
yanjiangzhe	演讲者
yanjianhua	盐碱化
yanjiantu	盐碱土
yanjiao	岩礁
yanjiao	檐角
yanjiao	燕郊
yanjie	沿街
yanjing	燕京
yanjingdian	眼镜店
yanjinghe	眼镜盒
yanjingjia	眼镜架
yanjingkuang	眼镜框
yanjipai	演技派
yanju	烟具
yankan	验看
yankuang	盐矿
yanling	严令
yanluo	阎罗
yanmei	烟煤
yanmenguan	雁门关
yanmian	岩棉
yanmo	掩模
yanmo	眼膜
yanmoji	研磨机
yanpier	眼皮儿
yanqingju	言情剧
yanren	眼仁
yansang	烟嗓
yanshang	盐商
yanshi	延时
yanshi	艳史
yanshui	盐税
yanshuiya	盐水鸭
yanshuojia	演说家
yansu	艳俗
yanta	延拓
yantai	烟台
yantaoban	研讨班
yanti	岩体
yantong	咽痛
yantu	岩土
yanwang	阎王
yanwangye	阎王爷
yanwei	燕尾
yanxin	焰心
yanxing	艳星
yanxishan	阎锡山
yanxiuban	研修班
yanxue	验血
yanye	盐业
yanyu	腌鱼
yanyuan	眼缘
yanyuan	颜渊
yanzhangxian	延长线
yanzhao	盐沼
yanzhihong	胭脂红
yanzhiyuan	演职员
yanzhou	兖州
yanzhu	掩住
yanzhuang	眼妆
yanzhuo	眼拙
yanzi	盐渍
yanzouhui	演奏会
yanzouyuan	演奏员
yanzui	烟嘴
yaoan	要案
yaobei	腰背
yaobian	窑变
yaochang	药厂
yaochi	瑶池
yaodao	妖道
yaodao	腰刀
yaodi	尧帝
yaodingqingshanbufangsong	咬定青山不放松
yaofen	药粉
yaofu	腰腹
yaoguanzi	药罐子
yaogudui	腰鼓队
yaohe	药盒
yaohua	腰花
yaojia	药价
yaojian	药监
yaojin	咬紧
yaojiu	药酒
yaojixue	药剂学
yaoli	药力
yaoliang	药量
yaomianzi	要面子
yaoming	姚明
yaopinjianduguanliju	药品监督管理局
yaopu	药铺
yaoqi	药企
yaoqizhi	姚期智
yaoshang	腰伤
yaoshibao	钥匙包
yaoshihuan	钥匙环
yaoshikong	钥匙孔
yaoshikou	钥匙扣
yaoshiquan	钥匙圈
yaoshou	妖兽
yaoshun	尧舜
yaoshunyu	尧舜禹
yaotang	药汤
yaoteng	腰疼
yaotong	腰痛
yaoudaluqiao	亚欧大陆桥
yaowei	药味
yaowenyuan	姚文元
yaoxian	腰线
yaoxiang	药箱
yaoye	药业
yaoye	药液
yaoyin	药引
yaoyinzi	药引子
yaoyu	药浴
yaozao	药皂
yaozhu	瑶柱
yaozi	鹞子
yaozu	瑶族
yaozuzizhixian	瑶族自治县
yapao	哑炮
yapian	压片
yapingningbandao	亚平宁半岛
yapogan	压迫感
yaqi	氩气
yarongbei	鸭绒被
yarou	鸭肉
yashe	鸭舌
yashu	亚述
yashuidui	压水堆
yasi	雅思
yasongsen	亚松森
yasuerqundao	亚速尔群岛
yasuhai	亚速海
yasuiyan	牙髓炎
yasuolv	压缩率
yasuoxing	压缩性
yataijinghezuzhi	亚太经合组织
yataijingjihezuozuzhi	亚太经济合作组织
yatelandisi	亚特兰蒂斯
yateng	牙疼
yatui	压腿
yatui	鸭腿
yaxi	轧戏
yaxiangdi	压箱底
yaxiya	亚细亚
yaxue	鸭血
yayi	亚裔
yayin	压印
yayinsu	亚音速
yayousuan	亚油酸
yayun	亚运
yayuncun	亚运村
yazhou	压轴
yazhou	牙周
yazhoukaifayinhang	亚洲开发银行
yazhouxiang	亚洲象
yazhu	压铸
yebaihe	野百合
yebanche	夜班车
yebiao	页表
yeche	夜车
yediao	夜钓
yeerlia	爷儿俩
yeermen	爷儿们
yefeng	野蜂
yeguai	野怪
yehai	液氦
yejiao	页脚
yeju	野菊
yejuhua	野菊花
yekajielinbao	叶卡捷琳堡
yekajielinna	叶卡捷琳娜
yelang	野狼
yelianchang	冶炼厂
yelifu	夜礼服
yelimi	耶利米
yelu	夜路
yelu	耶鲁
yeluotuo	野骆驼
yemei	页眉
yemengongheguo	也门共和国
yemingzhu	夜明珠
yemoxia	夜魔侠
yeniao	野鸟
yeqiangwei	野蔷薇
yeqing	液氢
yequ	野区
yequan	野犬
yerou	叶肉
yerou	椰肉
yeshanyang	野山羊
yeshengtao	叶圣陶
yeshu	椰树
yeshu	页数
yesu	夜宿
yesu	耶稣
yetaiqing	液态氢
yetie	冶铁
yeting	叶挺
yeweihui	业委会
yeweiyang	夜未央
yewuliang	业务量
yexiang	液相
yexingyi	夜行衣
yexinjia	野心家
yeyabeng	液压泵
yeyaji	液压机
yeyayou	液压油
yeyazi	野鸭子
yeyou	页游
yeyoushen	夜游神
yezihua	叶子花
yezishu	椰子树
yeziyou	椰子油
yibai	衣摆
yibaidanbajiang	一百单八将
yibao	怡宝
yibaoka	医保卡
yibian	异变
yibiaoban	仪表板
yibu	移步
yibusheng	易卜生
yichang	宜昌
yichuanbing	遗传病
yichuanhong	一串红
yichun	伊春
yichun	宜春
yiciyuan	异次元
yicundu	依存度
yida	益达
yidaijiankuanzhongbuhui	衣带渐宽终不悔
yidaligongheguo	意大利共和国
yidangzhi	一党制
yidao	驿道
yidengbing	一等兵
yidengcang	一等舱
yidenggong	一等功
yidengpin	一等品
yidi	义弟
yidianer	一点儿
yidianyuan	伊甸园
yidianzhong	一点钟
yidongburuyijing	一动不如一静
yidu	遗毒
yierzai	一而再
yifuduoqizhi	一夫多妻制
yifulou	逸夫楼
yifuyiqizhi	一夫一妻制
yigaorendanda	艺高人胆大
yigouhua	异构化
yiguan	医馆
yiguoduan	一锅端
yiguolian	异国恋
yihaopin	易耗品
yihequan	义和拳
yihetuan	义和团
yihetuanyundong	义和团运动
yiheyuan	颐和园
yihongdao	溢洪道
yihuangtong	异黄酮
yihuankouyihuan	一环扣一环
yihuier	一会儿
yihuo	一伙
yihuo	易货
yijia	宜家
yijia	意甲
yijia	移驾
yijian	翼尖
yijiangchunshuixiangdongliu	一江春水向东流
yijiangnan	忆江南
yijianlian	易建联
yijianshu	意见书
yijie	医界
yijing	易经
yiju	义举
yijun	抑菌
yikuaier	一块儿
yilaigan	依赖感
yilakegongheguo	伊拉克共和国
yilanggaoguoyilang	一浪高过一浪
yilangren	伊朗人
yili	伊利
yili	伊犁
yiliaodui	医疗队
yilihasakezizhizhou	伊犁哈萨克自治州
yilihu	伊利湖
yilinuoyidaxue	伊利诺伊大学
yilinuoyizhou	伊利诺伊州
yiliu	溢流
yiliuer	一溜儿
yilunwen	议论文
yiluowadijiang	伊洛瓦底江
yima	译码
yimaojia	衣帽架
yimengshan	沂蒙山
yiminfa	移民法
yinanbing	疑难病
yinba	印巴
yincece	阴恻恻
yinchulai	引出来
yindian	印第安
yindiannabolisi	印第安纳波利斯
yindiannazhou	印第安纳州
yindugongheguo	印度共和国
yinduhe	印度河
yindujiao	印度教
yinengjing	伊能静
yinertang	银耳汤
yinganyan	英安岩
yingaozheng	隐睾症
yingbang	英镑
yingcai	英才
yingcao	樱草
yingchao	英超
yingcheng	影城
yingchun	迎春
yingdaoli	硬道理
yingdaqi	应答器
yingdi	硬地
yingerchuang	婴儿床
yingeryou	婴儿油
yingfukuan	应付款
yinggelanyinhang	英格兰银行
yinggongfu	硬功夫
yingguan	英冠
yingguangfen	荧光粉
yingguoguangbogongsi	英国广播公司
yingguyu	硬骨鱼
yinghan	英汉
yinghou	迎候
yinghun	英魂
yinghuohui	营火会
yingji	英籍
yingjie	英杰
yingjili	英吉利
yingjilihaixia	英吉利海峡
yingju	英剧
yingkang	硬扛
yingkang	硬抗
yingkesong	迎客松
yingkong	硬控
yingkou	营口
yingkoushi	营口市
yingkuai	硬块
yinglixing	营利性
yinglou	影楼
yingmei	英美
yingmeifa	英美法
yingpanhe	硬盘盒
yingpanqudongqi	硬盘驱动器
yingpibing	硬皮病
yingqigong	硬气功
yingqu	赢取
yingshangqu	迎上去
yingshi	英式
yingshijie	影视界
yingshiquan	影视圈
yingshui	应税
yingsuhua	罂粟花
yingtan	鹰潭
yingtaohong	樱桃红
yingtaomu	樱桃木
yinguolv	因果律
yinguoxing	因果性
yingxian	映现
yingxianzuo	英仙座
yingxiaoyuan	营销员
yingyebu	营业部
yingyeting	营业厅
yingyongfuwuqi	应用服务器
yingyongti	应用题
yingyue	应约
yingyujiao	英语角
yingzheng	嬴政
yingzhi	硬质
yingzhi	英制
yingzhiban	硬纸板
yingzhuang	硬装
yinhan	阴寒
yinhang	引航
yinhangyuan	引航员
yinhao	银号
yinhe	银河
yinheji	银河系
yinhen	阴狠
yinhuabu	印花布
yinhuanshe	银环蛇
yinhui	银灰
yinhuise	银灰色
yinjia	印加
yinjianhui	银监会
yinkuang	银矿
yinlian	银联
yinlianka	银联卡
yinliaoping	饮料瓶
yinma	音码
yinnidun	印尼盾
yinou	印欧
yinpinxian	音频线
yinpo	阴坡
yinqi	阴气
yinqu	音区
yinsensen	阴森森
yinshang	殷商
yinshenyi	隐身衣
yinshuagong	印刷工
yinshuiqu	引水渠
yinsibuluke	因斯布鲁克
yintewang	因特网
yinu	易怒
yinxiangdian	音像店
yinxingguo	银杏果
yinxingjia	银行家
yinxingka	银行卡
yinxingshu	银杏树
yinxingye	银杏叶
yinxu	殷墟
yinyan	银盐
yinyangjia	阴阳家
yinyangli	阴阳历
yinyangshi	阴阳师
yinyangyan	阴阳眼
yinyou	印油
yinyu	饮誉
yinyuan	银圆
yinyuejie	音乐界
yinyuexi	音乐系
yinyutian	阴雨天
yinzhang	音障
yinzhi	引致
yinzhiban	印制板
yinzhun	音准
yinzhuo	银镯
yinzuo	银座
yipiaofoujuequan	一票否决权
yipiaofoujuezhi	一票否决制
yiqi	一汽
yiqi	意气
yiqianlingyiye	一千零一夜
yiqine	忆秦娥
yiqingsuan	异氰酸
yiran	亦然
yiran	易燃
yiranpin	易燃品
yiru	移入
yisaoguang	一扫光
yiselieguofangjun	以色列国防军
yishi	轶事
yishibanhuier	一时半会儿
yishijiqiqiancenglang	一石激起千层浪
yishu	亦舒
yishujie	艺术界
yishumei	艺术美
yishutuan	艺术团
yishuzhao	艺术照
yisilan	伊斯兰
yisilangongheguo	伊斯兰共和国
yisuangan	乙酸酐
yisuanna	乙酸钠
yisuanzhi	乙酸酯
yisuipin	易碎品
yisuo	伊索
yiteng	伊藤
yitiantian	一天天
yitianxiaweijiren	以天下为己任
yiwaixian	意外险
yiwei	异位
yiwei	易位
yiwen	逸闻
yiwenci	疑问词
yiwubing	义务兵
yiwubingyizhi	义务兵役制
yiwuren	义务人
yiwushi	义乌市
yixianai	胰腺癌
yixiang	移项
yixiangpai	意象派
yixianhua	乙酰化
yixianji	乙酰基
yixiantian	一线天
yixinbing	疑心病
yixing	宜兴
yixing	翼型
yixinshengangui	疑心生暗鬼
yixiong	义兄
yixiuge	一休哥
yixuejie	医学界
yixuesheng	医学生
yiya	咿呀
yiyang	益阳
yiyangzhi	一阳指
yiyong	医用
yiyu	一隅
yiyu	彝语
yiyuanercifangcheng	一元二次方程
yiyuanzhi	一院制
yiyue	一月
yiyuyan	易语言
yizhe	医者
yizhi	易帜
yizhi	译制
yizhipian	译制片
yizhongtian	易中天
yizhou	益州
yizhu	译注
yizhuxiang	一炷香
yizu	彝族
yongbao	永葆
yongbing	用兵
yongdao	泳道
yongdi	用地
yongdianliang	用电量
yongdianqi	用电器
yongdingmen	永定门
yongduo	勇夺
yonghegong	雍和宫
yonghuzu	用户组
yongjin	用劲
yongtan	咏叹
yongxing	用刑
yongyi	勇毅
yongzhe	勇者
yongzhengdi	雍正帝
yongzhou	永州
youan	右岸
youbao	邮报
youbaopipabanzhemian	犹抱琵琶半遮面
youbei	有悖
youbi	幽闭
youbian	诱变
youbianfeng	右边锋
youbiziyouyan	有鼻子有眼
youbiziyouyaner	有鼻子有眼儿
youbu	优步
youcai	油彩
youceng	油层
youcha	油茶
youda	犹大
youdianer	有点儿
youerqi	幼儿期
youfaladihe	幼发拉底河
youfang	友方
youfang	油坊
youfei	油费
youfen	忧愤
youfeng	油封
yougang	油缸
yougong	诱供
youguan	油罐
youhoufang	右后方
youhouwei	右后卫
youhu	油壶
youhui	油灰
youhuika	优惠卡
youhuiqi	优惠期
youhun	游魂
youhuoli	诱惑力
youji	右击
youjian	右键
youjiao	右脚
youjifei	邮寄费
youjigui	有机硅
youju	幽居
youkatanbandao	尤卡坦半岛
youkuang	铀矿
youliangliang	油亮亮
youlitai	游离态
youlu	邮路
youlv	油绿
youmian	釉面
youmianjin	油面筋
youmo	油膜
younao	右脑
youni	油泥
younini	油腻腻
youpengziyuanfanglai	有朋自远方来
youqiang	油枪
youqigong	油漆工
youqijiang	油漆匠
youqing	幽情
youquan	幼犬
yourongxing	油溶性
yousha	诱杀
youshangfang	右上方
youshangjiao	右上角
youshengdao	右声道
yousu	油酥
yousuoweiyousuobuwei	有所为有所不为
youta	犹他
youtai	犹太
youtaijiao	犹太教
youtilei	有蹄类
youwen	油温
youxiafang	右下方
youxiajiao	右下角
youxiangtu	有向图
youxianquan	优先权
youxibi	游戏币
youxinfang	右心房
youxing	油性
youxinshi	右心室
youxiting	游戏厅
youxiujiang	优秀奖
youxiusheng	优秀生
youxiwang	游戏王
youxuan	右旋
youya	油压
youyan	右眼
youyanbushitaishan	有眼不识泰山
youyang	有氧
youyi	右移
youyi	游医
youyinji	油印机
youyonggong	有用功
youyongku	游泳裤
youyongmao	游泳帽
youyu	囿于
youyu	幼鱼
youyuanren	有缘人
youyuegan	优越感
youyugan	鱿鱼干
youyusi	鱿鱼丝
youzai	悠哉
youzhaguo	油炸锅
youzhe	有辙
youzhedian	悠着点
youzhi	釉质
youzhibuzainiangao	有志不在年高
youzhisan	油纸伞
youzi	油渍
youziyin	游子吟
yuanban	原版
yuanchang	原厂
yuanchonghuan	袁崇焕
yuandai	元代
yuandatou	袁大头
yuandedian	远地点
yuandeng	圆凳
yuandong	远东
yuandongguojijunshifating	远东国际军事法庭
yuanfang	院方
yuanfei	远非
yuanfu	怨妇
yuangaoxi	原告席
yuangudai	元古代
yuanhai	远海
yuanhao	圆号
yuanhongwai	远红外
yuanhua	原画
yuanhua	原话
yuanhuhu	圆乎乎
yuanji	源极
yuanjian	援建
yuanjiang	援疆
yuanjiaozhi	原教旨
yuanjiaozhizhuyi	原教旨主义
yuanju	圆锯
yuanlian	圆脸
yuanliaoyao	原料药
yuanlingshan	圆领衫
yuanlitu	原理图
yuanmei	袁枚
yuanmingyuan	圆明园
yuanmo	元末
yuanmouren	元谋人
yuanmu	圆木
yuanpan	原判
yuanpian	原片
yuanqinghua	元青花
yuanqu	元曲
yuanshanshan	袁姗姗
yuanshao	袁绍
yuanshi	元史
yuanshigu	原始股
yuanshiyan	远视眼
yuantie	原帖
yuantouzhu	鼋头渚
yuanwenjian	源文件
yuanxi	院系
yuanxinjiao	圆心角
yuanye	原液
yuanyishi	园艺师
yuanyixue	园艺学
yuanyuande	圆圆的
yuanyue	元月
yuanzaju	元杂剧
yuanzang	援藏
yuanzhi	原职
yuanzhoujiao	圆周角
yuanzhuanghuo	原装货
yuanzi	园子
yuanzihua	原子化
yuanzituan	原子团
yubaoyuan	预报员
yubi	玉璧
yubi	育碧
yubujingrensibuxiu	语不惊人死不休
yuchen	宇称
yuchengqing	庾澄庆
yuchu	育雏
yucun	渔村
yucun	预存
yudai	玉带
yudai	雨带
yudiao	玉雕
yudu	余毒
yuebai	月白
yuebuqun	岳不群
yuedanhexian	约旦河西岸
yuedanren	约旦人
yuedong	粤东
yuedong	跃动
yuedushu	阅读数
yuefan	约饭
yuefangyan	粤方言
yuefei	岳飞
yuefumu	岳父母
yuefushi	乐府诗
yuegangao	粤港澳
yuegong	越共
yueguangqu	月光曲
yuehan	约翰
yuehanhuopujinsi	约翰霍普金斯
yuejiancao	月见草
yuejihua	月季花
yuejingqi	月经期
yueju	粤剧
yueju	越剧
yuejun	月均
yueke	约克
yuekejun	约克郡
yuekexia	约克夏
yuelu	岳麓
yuelushan	岳麓山
yuemo	约摸
yuenandun	越南盾
yuenangongchandang	越南共产党
yuenanminzhugongheguo	越南民主共和国
yuenanren	越南人
yuenanyu	越南语
yuepujia	乐谱架
yuequ	粤曲
yuer	鱼儿
yueshuya	约书亚
yuexi	粤西
yuexian	越线
yueyang	越洋
yueyaquan	月牙泉
yueyesai	越野赛
yueyu	粤语
yuezhan	越战
yufanzi	鱼贩子
yufaxue	语法学
yufeimen	与非门
yufufei	预付费
yufukuan	预付款
yufumao	渔夫帽
yuge	渔歌
yugong	愚公
yuguangqu	渔光曲
yuguangzhong	余光中
yuguo	雨果
yuguzu	裕固族
yuhaizhe	遇害者
yuhuashi	雨花石
yuhuashi	鱼化石
yuhuayuan	御花园
yuji	虞姬
yuji	郁积
yujia	渔家
yujiaao	渔家傲
yujianxing	预见性
yujiao	预缴
yujiao	鱼胶
yujiaofen	鱼胶粉
yuju	豫剧
yukesheng	预科生
yukuan	余款
yulan	玉兰
yulanban	预览版
yulanyou	玉兰油
yulecheng	娱乐城
yulepian	娱乐片
yuliangji	雨量计
yulin	榆林
yulinshi	榆林市
yulou	鱼篓
yumai	余脉
yumai	预埋
yumeiren	虞美人
yumenguan	玉门关
yumihu	玉米糊
yumixin	玉米芯
yumixu	玉米须
yumizhou	玉米粥
yunchenchen	晕沉沉
yuncheng	运城
yuncheyao	晕车药
yundongbing	晕动病
yundongku	运动裤
yundongshenjingyuan	运动神经元
yundongyi	运动衣
yundongzhuang	运动装
yunfu	云浮
yunhangtu	运行图
yunhuo	运货
yuni	芋泥
yunjin	云锦
yunliang	云量
yunlvxue	韵律学
yunnan	云南
yunnanrenminchubanshe	云南人民出版社
yunping	熨平
yunshudui	运输队
yunshuji	运输机
yunsuanfu	运算符
yunsuanqi	运算器
yuntie	陨铁
yuntu	云图
yuntuan	云团
yuntunmian	云吞面
yunwanqi	孕晚期
yunweier	韵味儿
yunxia	云霞
yunxie	晕血
yunxingku	运行库
yunzaoqi	孕早期
yupeng	雨篷
yuqian	榆钱
yuqiongqianlimu	欲穷千里目
yuqiuyu	余秋雨
yuren	裕仁
yurenjie	愚人节
yurongbei	羽绒被
yurongyi	羽绒衣
yuruyi	玉如意
yusai	鱼鳃
yushan	御膳
yushan	羽扇
yushi	鱼食
yushigui	浴室柜
yushou	预收
yusiliao	鱼饲料
yusu	语速
yutang	鱼汤
yutie	熨帖
yuwei	余威
yuwen	宇文
yuwenke	语文课
yuwenxue	语文学
yuwu	雨雾
yuxi	玉溪
yuxi	玉玺
yuxi	豫西
yuxia	鱼虾
yuxing	鱼腥
yuxue	淤血
yuxue	雨雪
yuyan	鱼眼
yuyemei	榆叶梅
yuyou	狱友
yuyouren	于右任
yuyuan	豫园
yuyueshi	娱乐室
yuzan	玉簪
yuzheng	渔政
yuzhi	预置
yuzhiban	预制板
yuzhou	渔舟
yuzhuo	玉镯
yuzhuozi	玉镯子
yuzi	鱼籽
yuzuo	御座
zaban	咋办
zafanwan	砸饭碗
zahuopu	杂货铺
zaian	在岸
zaijiejing	再结晶
zailiuzi	载流子
zaiman	载满
zaishengjie	宰牲节
zaishengzhi	再生纸
zaitaofan	在逃犯
zaitiexian	再贴现
zaixiaosheng	在校生
zaiya	在押
zaiyafan	在押犯
zaiyang	栽秧
zajiaodao	杂交稻
zajituan	杂技团
zajun	杂菌
zamu	杂木
zanbiyagongheguo	赞比亚共和国
zancun	暂存
zangdongxi	脏东西
zange	赞歌
zanghuhu	脏乎乎
zangkejia	臧克家
zanglan	藏蓝
zangli	藏历
zangqing	藏青
zangxi	藏戏
zangyao	藏药
zanji	攒机
zankou	暂扣
zanong	咋弄
zanpei	赞佩
zanshixing	暂时性
zanzhu	暂住
zanzhufei	赞助费
zanzi	簪子
zaobanche	早班车
zaocanhui	早餐会
zaochao	早朝
zaochuanye	造船业
zaodaotian	早稻田
zaodaotiandaxue	早稻田大学
zaodu	早读
zaogao	枣糕
zaohe	枣核
zaohong	枣红
zaohua	皂化
zaojian	早间
zaojiaoji	早教机
zaojiashi	造价师
zaojiayuan	造价员
zaojie	遭劫
zaojing	藻井
zaojing	造景
zaojun	灶君
zaokai	凿开
zaoshen	灶神
zaotangzi	澡堂子
zaowangye	灶王爷
zaowuzhe	造物者
zaowuzhu	造物主
zaoxi	遭袭
zaoying	造影
zaoyu	早于
zaozheng	躁症
zaozhuang	枣庄
zapaihuo	杂牌货
zapaizi	砸牌子
zawujian	杂物间
zengchangji	增长极
zengchanglv	增长率
zengfa	增发
zengfei	增肥
zenggaoxie	增高鞋
zenghanshu	增函数
zenghui	增辉
zengjian	增建
zengqiangban	增强版
zengyabeng	增压泵
zengyan	赠言
zengyangji	增氧机
zengyaqi	增压器
zengyu	赠与
zengzhangdian	增长点
zengzhong	增重
zenmezhe	怎么着
zeouguan	择偶观
zerenqu	责任区
zerenshu	责任书
zerentian	责任田
zexiao	择校
zexiaofei	择校费
zeye	择业
zhabayan	眨巴眼
zhacan	柞蚕
zhachuan	炸串
zhada	渣打
zhadao	闸刀
zhaibian	摘编
zhaicai	摘菜
zhaigui	窄轨
zhaijia	宅家
zhaijidi	宅基地
zhaijisong	宅急送
zhaishi	债市
zhaixialai	摘下来
zhaiyue	斋月
zhaizhu	寨主
zhaizi	寨子
zhaizi	摘自
zhajiang	炸酱
zhamao	炸毛
zhanbaiguo	战败国
zhanban	展板
zhanbianer	沾边儿
zhanbushi	占卜师
zhanbuzhu	站不住
zhanchou	粘稠
zhanchoudu	粘稠度
zhandao	战刀
zhandezhu	站得住
zhandoufu	战斗服
zhandouyuan	战斗员
zhandui	战队
zhanfu	粘附
zhangbang	张榜
zhangbiao	长膘
zhangbolun	张伯伦
zhangdiefu	涨跌幅
zhangduoren	掌舵人
zhangfa	掌法
zhangfa	章法
zhangfei	张飞
zhanggugu	胀鼓鼓
zhangguoli	张国立
zhangguorong	张国荣
zhangguotao	张国焘
zhanghan	张翰
zhanghe	张郃
zhangheng	张衡
zhanghenshui	张恨水
zhanghuiti	章回体
zhangjiagang	张家港
zhangjiajie	张家界
zhangjie	张杰
zhangjingying	张靓颖
zhangjiuling	张九龄
zhanglan	张澜
zhanglaopai	长老派
zhangliangji	张量积
zhangliangying	张靓颖
zhangmanyu	张曼玉
zhangmu	樟木
zhangnaoyou	樟脑油
zhangqi	瘴气
zhangqi	胀气
zhangqian	张骞
zhangruoxu	张若虚
zhangsanfeng	张三丰
zhangshang	掌上
zhangshaohan	张韶涵
zhangtailei	张太雷
zhangtong	胀痛
zhangu	战鼓
zhangua	占卦
zhanguo	战国
zhanguo	战果
zhanguoce	战国策
zhangwen	掌纹
zhangwentian	张闻天
zhangwu	账务
zhangwuji	张无忌
zhangxi	长媳
zhangxianzhong	张献忠
zhangxiaolong	张小龙
zhangxiaoxian	张小娴
zhangxin	涨薪
zhangxueliang	张学良
zhangyi	张仪
zhangyining	张怡宁
zhangzeduan	张择端
zhangzhidong	张之洞
zhangzhizhong	张治中
zhangzhongjing	张仲景
zhangzi	獐子
zhangzisong	樟子松
zhangziyi	章子怡
zhangzuolin	张作霖
zhanhe	粘合
zhanheji	粘合剂
zhanhu	粘糊
zhanhuhu	粘糊糊
zhanjia	展架
zhanjiang	战将
zhanjiang	湛江
zhanjie	粘结
zhanjieji	粘结剂
zhankeng	占坑
zhankongbi	占空比
zhanlang	战狼
zhanlanpin	展览品
zhanli	战例
zhanli	颤栗
zhanliao	蘸料
zhanlijue	斩立决
zhanmao	毡帽
zhanpiao	站票
zhanping	战平
zhanqian	战前
zhanqu	展区
zhanshang	展商
zhanshen	战神
zhanshengguo	战胜国
zhanshigui	展示柜
zhanshitai	展示台
zhanshiting	展示厅
zhanshou	沾手
zhanshuibi	蘸水笔
zhantaipiao	站台票
zhantianyou	詹天佑
zhanv	渣女
zhanwei	占位
zhanwei	站位
zhanwuyuan	站务员
zhanxing	展性
zhanyi	战意
zhanyonglv	占用率
zhanyouliang	占有量
zhanyoulv	占有率
zhanyouquan	占有权
zhanyouyu	占有欲
zhanzhengpian	战争片
zhanzhi	粘滞
zhanzhujiao	站住脚
zhanzuo	占座
zhaobenshan	赵本山
zhaobite	兆比特
zhaocha	找碴
zhaochaer	找茬儿
zhaodaifei	招待费
zhaofeiyan	赵飞燕
zhaofu	照拂
zhaogao	昭告
zhaoguo	赵国
zhaohang	招行
zhaohe	昭和
zhaohei	招黑
zhaohezi	兆赫兹
zhaohuanshi	召唤师
zhaohui	朝晖
zhaojinlai	照进来
zhaojun	昭君
zhaokuangyin	赵匡胤
zhaolingchu	招领处
zhaolirong	赵丽蓉
zhaolishuo	照理说
zhaomingdeng	照明灯
zhaonve	找虐
zhaoqing	肇庆
zhaorixinwenshe	朝日新闻社
zhaoshengban	招生办
zhaoshengzhe	朝圣者
zhaotong	昭通
zhaowa	爪哇
zhaowei	赵薇
zhaoxia	朝霞
zhaoxiangzhi	照相纸
zhaoyangshi	朝阳市
zhaoyiman	赵一曼
zhaoyuanren	赵元任
zhaozhang	昭彰
zhaozhouqiao	赵州桥
zhaozilong	赵子龙
zhapianfan	诈骗犯
zharan	乍然
zharan	扎染
zhashou	扎手
zhatu	渣土
zhaxia	炸虾
zhayaobao	炸药包
zhayier	扎伊尔
zhayikan	乍一看
zhayiting	乍一听
zhayou	渣油
zhazha	渣渣
zhazhi	榨汁
zhazidong	渣滓洞
zhebei	浙北
zhebeizi	这辈子
zhebuzhu	遮不住
zheda	浙大
zhedieche	折叠车
zhediechuang	折叠床
zhediesan	折叠伞
zhediezhuo	折叠桌
zheer	这儿
zheguang	遮光
zheguangban	遮光板
zheguanglv	折光率
zheguangzhao	遮光罩
zhegutian	鹧鸪天
zhehuier	这会儿
zhejia	折价
zhejianggongyedaxue	浙江工业大学
zhejiangshifandaxue	浙江师范大学
zhejiangwenyichubanshe	浙江文艺出版社
zhekoudian	折扣店
zhenan	浙南
zhenben	珍本
zhencangban	珍藏版
zhencangpin	珍藏品
zhencha	斟茶
zhencha	诊察
zhendizhan	阵地战
zhenduanxue	诊断学
zhenfa	阵法
zhenfaxing	阵发性
zhengbanqiao	郑板桥
zhengbasai	争霸赛
zhengbei	正北
zhengbian	整编
zhengbingzhi	征兵制
zhengbukai	睁不开
zhengcexing	政策性
zhengche	整车
zhengchuji	正处级
zhengdan	蒸蛋
zhengdang	整党
zhengding	征订
zhengdong	正东
zhengfaliang	蒸发量
zhengfan	正犯
zhengfaqi	蒸发器
zhengfaweiyuanhui	政法委员会
zhengfuji	正负极
zhenggao	正告
zhenggeer	整个儿
zhenggong	正宫
zhenggou	征购
zhenggu	整骨
zhengji	整机
zhengjiao	征缴
zhengjie	正解
zhengkai	挣开
zhengkai	郑恺
zhengkouqi	争口气
zhengmingti	证明题
zhengongfu	真功夫
zhengpian	正片
zhengqi	政企
zhengqian	整钱
zhengqichui	蒸汽锤
zhengqige	正气歌
zhengqiya	蒸汽压
zhengqiyu	蒸汽浴
zhengquanhua	证券化
zhengquelv	正确率
zhengshang	政商
zhengshi	整式
zhengshigong	正式工
zhengshitu	正视图
zhengshou	正手
zhengshubei	整数倍
zhengting	正厅
zhengtingji	正厅级
zhengtu	正途
zhenguan	贞观
zhengwuyuan	政务院
zhengxi	正西
zhengxiang	蒸箱
zhengxie	政协
zhengxiuwen	郑秀文
zhengxuan	郑玄
zhengya	正压
zhengyangmen	正阳门
zhengyigan	正义感
zhengzhenduo	郑振铎
zhengzhixieshanghuiyi	政治协商会议
zhengzhu	蒸煮
zhengzu	整租
zhenhanli	震撼力
zhenhou	震后
zhenhua	真话
zhenhuan	甄嬛
zhenhuo	真货
zhenjian	针尖
zhenjiangshi	镇江市
zhenjiao	针脚
zhenjiao	阵脚
zhenjiushi	针灸师
zhenkongdai	真空袋
zhenlou	镇楼
zhenming	真名
zhenmo	榛蘑
zhenni	珍妮
zhenpin	真品
zhenqi	真气
zhenqin	珍禽
zhenrenbuluxiang	真人不露相
zhensheli	震慑力
zhenshu	帧数
zhentoufeng	枕头风
zhentu	枕秃
zhenxianbao	针线包
zhenxianhe	针线盒
zhenxin	枕芯
zhenxing	阵形
zhenxinhua	真心话
zhenxue	阵雪
zhenzhai	镇宅
zhenzhang	阵仗
zhenzhen	阵阵
zhenzhi	真值
zhenzhishan	针织衫
zhenzhiwu	针织物
zhenzhu	真主
zhenzhubai	珍珠白
zhenzhubei	珍珠贝
zhenzhufen	珍珠粉
zhenzhugang	珍珠港
zhenzhugangshijian	珍珠港事件
zhenzhumi	珍珠米
zhenzhuniao	珍珠鸟
zhenzi	贞子
zhequn	褶裙
zhese	赭色
zheshang	浙商
zhesheguang	折射光
zheshejiao	折射角
zheshida	浙师大
zhexi	浙西
zhexia	遮瑕
zheyangmao	遮阳帽
zheyangpeng	遮阳棚
zheyangpeng	遮阳篷
zheyangsan	遮阳伞
zhezhao	遮罩
zhibanshi	值班室
zhibanxiang	纸板箱
zhibanyuan	值班员
zhibao	质保
zhibi	直逼
zhibing	制冰
zhiboshi	直播室
zhibuding	指不定
zhibuluotuohaixia	直布罗陀海峡
zhibuzhu	止不住
zhicha	枝杈
zhichangai	直肠癌
zhichengdian	支撑点
zhichenggan	支撑杆
zhichierhouyong	知耻而后勇
zhichili	支持力
zhicunxiu	植村秀
zhidaojia	指导价
zhidi	直抵
zhidie	止跌
zhidingding	直盯盯
zhidingtie	置顶帖
zhidu	制毒
zhiduichang	支队长
zhiduxing	制度性
zhier	侄儿
zhifangmei	脂肪酶
zhifeng	指缝
zhige	制革
zhigongdang	致公党
zhigu	指骨
zhigu	趾骨
zhihangguan	执行官
zhihangli	执行力
zhihuanwang	指环王
zhihuashi	芝华士
zhihuifa	止回阀
zhihuijian	指挥舰
zhihuiyuan	指挥员
zhiji	直击
zhijiagedaxue	芝加哥大学
zhijiageshangpinjiaoyisuo	芝加哥商品交易所
zhijiahua	指甲花
zhijianju	质监局
zhijianyuan	质检员
zhiju	支局
zhikao	炙烤
zhike	止渴
zhike	纸壳
zhikeshui	止咳水
zhikeyao	止咳药
zhikong	质控
zhilei	脂类
zhileng	支棱
zhilengji	制冷剂
zhilengji	制冷机
zhili	直隶
zhilian	支链
zhilian	直链
zhiliangjishujianduju	质量技术监督局
zhiliaofei	治疗费
zhiliaoxue	治疗学
zhiliaoyi	治疗仪
zhiliti	智力题
zhiliu	之流
zhiliu	吱溜
zhilou	纸篓
zhilu	支路
zhilupai	指路牌
zhimahu	芝麻糊
zhimai	支脉
zhimajie	芝麻街
zhimang	致盲
zhimatang	芝麻糖
zhiminzhuyizhe	殖民主义者
zhimo	质膜
zhinang	智囊
zhinuo	芝诺
zhinv	织女
zhinvxing	织女星
zhipeiyu	支配欲
zhiqin	值勤
zhiqisuoyiran	知其所以然
zhiquan	直拳
zhirong	植绒
zhiruwu	植入物
zhisha	治沙
zhishe	指涉
zhishe	直射
zhishideng	指示灯
zhishidian	知识点
zhishixing	知识性
zhishui	治水
zhishujie	植树节
zhisilv	致死率
zhisuo	治所
zhitan	指弹
zhitang	制糖
zhitao	指套
zhitengyao	止疼药
zhiti	质体
zhitingting	直挺挺
zhitong	直筒
zhituyuan	制图员
zhiwensuo	指纹锁
zhiwujia	置物架
zhiwuxing	植物性
zhixi	侄媳
zhixian	制宪
zhixiangxing	指向性
zhixie	制鞋
zhixie	止泻
zhixie	纸屑
zhixieyao	止泻药
zhixing	知性
zhixingzi	直性子
zhixinhua	知心话
zhixinren	知心人
zhixu	只需
zhixuedai	止血带
zhixueqian	止血钳
zhixueyao	止血药
zhixuzhouguanfanghuo	只许州官放火
zhiya	枝丫
zhiyang	止痒
zhiyezhuang	职业装
zhiying	直营
zhiyinshui	直饮水
zhiyou	直邮
zhiyu	稚鱼
zhiyuanbiao	职员表
zhiyuanshenzaicishanzhong	只缘身在此山中
zhizhi	吱吱
zhizhu	止住
zhizhujing	蜘蛛精
zhizhuo	执著
zhizhusi	蜘蛛丝
zhizhuxia	蜘蛛侠
zhizibeng	质子泵
zhongbache	中巴车
zhongbiaodian	钟表店
zhongbuliu	中不溜
zhongcaifa	仲裁法
zhongcaiting	仲裁庭
zhongcaiyuan	仲裁员
zhongcanting	中餐厅
zhongce	中策
zhongcenggenkanghong	中曾根康弘
zhongchang	衷肠
zhongchui	重锤
zhongchuixian	中垂线
zhongdianban	重点班
zhongdidang	中低档
zhongdu	中度
zhongduanfuwuqi	终端服务器
zhonger	中二
zhongfa	中法
zhongfuxing	重复性
zhonggainian	种概念
zhonggangtai	中港台
zhongganmao	重感冒
zhonggao	终稿
zhonggaoceng	中高层
zhonggaodang	中高档
zhonggong	中共
zhonggongguizhoushengwei	中共贵州省委
zhonggongshanxishengwei	中共陕西省委
zhonggongzhejiangshengwei	中共浙江省委
zhonggongzhongyangbangongting	中共中央办公厅
zhonggongzhongyangdangxiao	中共中央党校
zhonggongzhongyangduiwailianluobu	中共中央对外联络部
zhonggongzhongyangshujichu	中共中央书记处
zhonggongzhongyangwenxianyanjiushi	中共中央文献研究室
zhonggongzhongyangxuanchuanbu	中共中央宣传部
zhonggongzhongyangzhengzhiju	中共中央政治局
zhonggongzhongyangzuzhibu	中共中央组织部
zhonggulou	钟鼓楼
zhongguobingqigongyejituan	中国兵器工业集团
zhongguodianyingjiaxiehui	中国电影家协会
zhongguodierlishidanganguan	中国第二历史档案馆
zhongguodizhidaxue	中国地质大学
zhongguodongfanghangkonggongsi	中国东方航空公司
zhongguofuzhuangxiehui	中国服装协会
zhongguogongchanzhuyiqingniantuan	中国共产主义青年团
zhongguogongchengwuliyanjiuyuan	中国工程物理研究院
zhongguogongchengyuan	中国工程院
zhongguogongnonghongjun	中国工农红军
zhongguogongshangyinhang	中国工商银行
zhongguoguangdayinhang	中国光大银行
zhongguoguojiguangbodiantai	中国国际广播电台
zhongguoguojihangkonggongsi	中国国际航空公司
zhongguoguojimaoyizhongxin	中国国际贸易中心
zhongguoguojixintuotouzigongsi	中国国际信托投资公司
zhongguoguomindang	中国国民党
zhongguohaiyangshiyouzonggongsi	中国海洋石油总公司
zhongguohongshizihui	中国红十字会
zhongguohongshizizonghui	中国红十字总会
zhongguohua	中国画
zhongguohuayanjiuyuan	中国画研究院
zhongguohulianwangluoxinxizhongxin	中国互联网络信息中心
zhongguojiansheyinhang	中国建设银行
zhongguojinshuxuehui	中国金属学会
zhongguokejidaxue	中国科技大学
zhongguokejiguan	中国科技馆
zhongguokexueyuan	中国科学院
zhongguokexueyuandongwuyanjiusuo	中国科学院动物研究所
zhongguokexueyuanjisuanjishuyanjiusuo	中国科学院计算技术研究所
zhongguokongjianjishuyanjiuyuan	中国空间技术研究院
zhongguokuangyedaxue	中国矿业大学
zhongguolishibowuguan	中国历史博物馆
zhongguolvyouxiehui	中国旅游协会
zhongguomeishuguan	中国美术馆
zhongguomeishuxueyuan	中国美术学院
zhongguominhangzongju	中国民航总局
zhongguominzhutongmeng	中国民主同盟
zhongguonanfanghangkonggongsi	中国南方航空公司
zhongguonanjichangchengzhan	中国南极长城站
zhongguonongkeyuan	中国农科院
zhongguonongyedaxue	中国农业大学
zhongguonongyeyinhang	中国农业银行
zhongguopingpangqiuxiehui	中国乒乓球协会
zhongguoqingnianbao	中国青年报
zhongguorenminbaoxiangongsi	中国人民保险公司
zhongguorenmingemingjunshibowuguan	中国人民革命军事博物馆
zhongguorenminjiefangjun	中国人民解放军
zhongguorenminjiefangjunhaijun	中国人民解放军海军
zhongguorenminjiefangjunjunshikexueyuan	中国人民解放军军事科学院
zhongguorenminjiefangjunzonghouqinbu	中国人民解放军总后勤部
zhongguorenminjiefangjunzongzhengzhibu	中国人民解放军总政治部
zhongguorenminwuzhuangjingchabudui	中国人民武装警察部队
zhongguorenminzhiyuanjun	中国人民志愿军
zhongguoshaonianxianfengdui	中国少年先锋队
zhongguoshekeyuan	中国社科院
zhongguosheyingjiaxiehui	中国摄影家协会
zhongguoshi	中国史
zhongguoshihuajituan	中国石化集团
zhongguoshiyoutianranqijituan	中国石油天然气集团
zhongguotianjingxiehui	中国田径协会
zhongguotieluwengongtuan	中国铁路文工团
zhongguotong	中国通
zhongguotongmenghui	中国同盟会
zhongguotushuguanxuehui	中国图书馆学会
zhongguowaihuijiaoyizhongxin	中国外汇交易中心
zhongguoxijuchubanshe	中国戏剧出版社
zhongguoxinminzhuzhuyiqingniantuan	中国新民主主义青年团
zhongguoxinwenshe	中国新闻社
zhongguoyinyuexueyuan	中国音乐学院
zhongguoyixuekexueyuan	中国医学科学院
zhongguoyixuekexueyuanzhongliuyiyuan	中国医学科学院肿瘤医院
zhongguozhengfadaxue	中国政法大学
zhongguozhengjianhui	中国证监会
zhongguozhongyangdianshitai	中国中央电视台
zhongguozuojiaxiehui	中国作家协会
zhongguozuqiuxiehui	中国足球协会
zhonghan	中韩
zhonghang	中行
zhonghanliang	钟汉良
zhonghuacishanzonghui	中华慈善总会
zhonghuaxun	中华鲟
zhonghuayixuehui	中华医学会
zhonghuo	中火
zhongji	重疾
zhongjiang	重奖
zhongjianjia	中间价
zhongjianti	中间体
zhongjiefu	终结符
zhongkongshi	中控室
zhongkui	钟馗
zhongliang	中粮
zhongliti	钟丽缇
zhongnanshan	终南山
zhongnanshan	钟南山
zhongnao	中脑
zhongou	中欧
zhongpi	种皮
zhongpian	中篇
zhongpin	中频
zhongpu	中铺
zhongqi	中气
zhongqing	衷情
zhongqingbao	中青报
zhongqingdianshitai	重庆电视台
zhongqingjiangbeijichang	重庆江北机场
zhongqiu	中秋
zhongqiujie	中秋节
zhongquan	重拳
zhongri	中日
zhongshanjiniantang	中山纪念堂
zhongshanling	中山陵
zhongshanyikedaxue	中山医科大学
zhongshengxiang	众生相
zhongshi	中士
zhongshihua	中石化
zhongshihuajituan	中石化集团
zhongshiqishidai	中石器时代
zhongshui	重税
zhongsu	中苏
zhongsunzi	重孙子
zhongtong	肿痛
zhongweidu	中纬度
zhongwenming	中文名
zhongwufan	中午饭
zhongxi	中戏
zhongxi	中西
zhongxiao	忠孝
zhongxiaobunengliangquan	忠孝不能两全
zhongxiaoxing	中小型
zhongxiaxun	中下旬
zhongxiaye	仲夏夜
zhongxie	重谢
zhongxin	中信
zhongxinci	中心词
zhongxing	重刑
zhongxinhua	中心化
zhongxinjiao	中心角
zhongxinshe	中新社
zhongxinxian	中心线
zhongxuanbu	中宣部
zhongxue	中雪
zhongya	中亚
zhongyangbangongting	中央办公厅
zhongyangbianyichubanshe	中央编译出版社
zhongyangdianshitai	中央电视台
zhongyanggejuyuan	中央歌剧院
zhongyanggeminggenjudi	中央革命根据地
zhongyangjun	中央军
zhongyangjunshiweiyuanhui	中央军事委员会
zhongyangmeishuxueyuan	中央美术学院
zhongyangminzudaxue	中央民族大学
zhongyangminzuyuetuan	中央民族乐团
zhongyangqixiangju	中央气象局
zhongyangrenminguangbodiantai	中央人民广播电台
zhongyangrenminzhengfu	中央人民政府
zhongyangrenminzhengfuzhengwuyuan	中央人民政府政务院
zhongyangshangwuqu	中央商务区
zhongyangshujichu	中央书记处
zhongyangtai	中央台
zhongyangtongzhanbu	中央统战部
zhongyangweiyuanhui	中央委员会
zhongyangxijuxueyuan	中央戏剧学院
zhongyangxuanchuanbu	中央宣传部
zhongyangyanjiuyuan	中央研究院
zhongyangyinyuexueyuan	中央音乐学院
zhongyangzhengceyanjiushi	中央政策研究室
zhongyangzhengfaweiyuanhui	中央政法委员会
zhongyangzhengzhiju	中央政治局
zhongyangzhengzhijuchangwei	中央政治局常委
zhongyangzhishujiguan	中央直属机关
zhongyangzuzhibu	中央组织部
zhongyannierliyuxing	忠言逆耳利于行
zhongyaocai	中药材
zhongyaofang	中药房
zhongye	种业
zhongyi	钟意
zhongyike	中医科
zhongyin	中音
zhongying	中英
zhongyixue	中医学
zhongyiyaodaxue	中医药大学
zhongyiying	中译英
zhongyiyuan	中医院
zhongyiyuan	众议院
zhongyu	中雨
zhongyuanjie	中元节
zhongzhi	中值
zhongzhi	中置
zhongzhu	种猪
zhongzhuang	重装
zhongzhuansheng	中专生
zhongzitan	中子弹
zhoubotong	周伯通
zhoubu	肘部
zhoudunyi	周敦颐
zhouer	周二
zhouguanjie	肘关节
zhouhen	皱痕
zhouji	州际
zhoujian	昼间
zhoukou	周口
zhoukoushi	周口市
zhouli	周礼
zhoulibo	周立波
zhoumu	州牧
zhouqilv	周期律
zhourunfa	周润发
zhousan	周三
zhoushan	舟山
zhoushu	咒术
zhousi	周四
zhousi	宙斯
zhouwang	纣王
zhouwenzhi	皱纹纸
zhouxiaochuan	周小川
zhouxinguo	轴心国
zhouyafu	周亚夫
zhouyi	周一
zhouyi	周易
zhouyouwang	周幽王
zhouyu	周瑜
zhouyudahuanggai	周瑜打黄盖
zhouzeng	骤增
zhouzhiruo	周芷若
zhouzhuanlv	周转率
zhouzuoren	周作人
zhuahen	抓痕
zhuancha	砖茶
zhuanchang	砖厂
zhuanchang	转场
zhuanchao	转抄
zhuancheng	转呈
zhuanchu	转储
zhuandian	专电
zhuandiao	砖雕
zhuandixing	传递性
zhuandongbi	传动比
zhuandongzhou	传动轴
zhuanduo	转舵
zhuanfang	砖房
zhuangang	转岗
zhuangbuxia	装不下
zhuangche	装车
zhuangdingji	装订机
zhuanghan	壮汉
zhuanghutu	装糊涂
zhuangji	桩基
zhuangjiabing	装甲兵
zhuangjiayunbingche	装甲运兵车
zhuangku	装酷
zhuangmenmian	装门面
zhuangong	专供
zhuangpeishi	装配式
zhuangse	撞色
zhuangshideng	装饰灯
zhuangshiyin	装饰音
zhuangsunzi	装孙子
zhuangxing	壮行
zhuangyangyao	壮阳药
zhuangyangzi	装样子
zhuangyuanlang	状元郎
zhuangzaiji	装载机
zhuangzhou	庄周
zhuangzhu	庄主
zhuangzi	桩子
zhuanhuanlv	转换率
zhuanji	专集
zhuanjieqi	转接器
zhuanjietou	转接头
zhuanjiexian	转接线
zhuanjingtong	转经筒
zhuanjipian	传记片
zhuankan	专刊
zhuankuaifei	转会费
zhuanlun	专论
zhuanmendian	专门店
zhuanqing	专情
zhuanquaner	转圈儿
zhuanquanquan	转圈圈
zhuanshengben	专升本
zhuanshou	转售
zhuanshunjian	转瞬间
zhuansi	专四
zhuansongmen	传送门
zhuanti	篆体
zhuantie	转帖
zhuantie	转贴
zhuantou	转投
zhuanwafang	砖瓦房
zhuanwen	篆文
zhuanxiang	专享
zhuanxingqi	转型期
zhuanxu	颛顼
zhuanyeban	专业版
zhuanyeke	专业课
zhuanyimei	转移酶
zhuanyin	转印
zhuanyin	转阴
zhuanyongche	专用车
zhuanyongdao	专用道
zhuanzi	篆字
zhuanzuo	专座
zhuarong	抓绒
zhuatu	抓图
zhuayin	爪印
zhuazhuangding	抓壮丁
zhubajiezhaojingzi	猪八戒照镜子
zhubanren	主办人
zhubanzhe	主办者
zhubaodian	珠宝店
zhubaoshang	珠宝商
zhubi	主笔
zhubichang	铸币厂
zhucangshi	贮藏室
zhucedi	注册地
zhucezheng	注册证
zhuchang	驻唱
zhuche	驻车
zhuchengxu	主程序
zhuchici	主持词
zhuci	祝词
zhudachang	猪大肠
zhude	朱德
zhudi	朱棣
zhudi	竹笛
zhudiao	竹雕
zhufa	竹筏
zhufang	驻防
zhufei	猪肺
zhufen	猪粪
zhufeng	珠峰
zhufuyu	祝福语
zhugan	猪肝
zhugang	铸钢
zhugaochi	朱高炽
zhuge	诸葛
zhugeliang	诸葛亮
zhugen	主根
zhugongshou	主攻手
zhuguangya	朱光亚
zhuguanti	主观题
zhuhai	珠海
zhuhai	竹海
zhuhu	逐户
zhuhuan	猪獾
zhuhunren	主婚人
zhuidongmai	椎动脉
zhuifan	追番
zhuihuilai	追回来
zhuihuiqu	追回去
zhuijizhan	追击战
zhuiqiuzhe	追求者
zhuixin	锥心
zhuji	诸暨
zhuji	逐级
zhujian	主键
zhujiangkou	珠江口
zhujiangren	主讲人
zhujiangsanjiaozhou	珠江三角洲
zhujiaolian	主教练
zhujiaotang	主教堂
zhujiechong	竹节虫
zhujingban	驻京办
zhuju	主句
zhuju	逐句
zhukao	主考
zhukefu	朱可夫
zhukong	主控
zhukuai	竹筷
zhulandashuiyichangkong	竹篮打水一场空
zhulang	柱廊
zhuli	逐利
zhulian	珠帘
zhulian	竹帘
zhuliang	主粮
zhuliye	朱丽叶
zhulou	竹楼
zhulou	竹篓
zhulu	主路
zhulu	筑路
zhumadian	驻马店
zhumo	著墨
zhumuli	注目礼
zhunfenzi	准分子
zhungaer	准噶尔
zhungaerpendi	准噶尔盆地
zhunhua	准话
zhunjia	准假
zhunwei	准尉
zhunxin	准心
zhunxinniang	准新娘
zhuodi	着地
zhuojiao	桌脚
zhuojiao	桌角
zhuolidian	着力点
zhuosidian	着丝点
zhuotui	桌腿
zhuowenjun	卓文君
zhuoyi	桌椅
zhuozhengyuan	拙政园
zhupi	猪皮
zhupin	主频
zhuran	助燃
zhurong	祝融
zhurongji	朱镕基
zhushen	主审
zhusheye	注射液
zhushitu	主视图
zhushou	猪手
zhusuji	注塑机
zhutan	竹炭
zhutici	主题词
zhutixing	主体性
zhutongfan	竹筒饭
zhutourou	猪头肉
zhuwangmo	蛛网膜
zhuwen	朱温
zhuwo	主卧
zhuxi	朱熹
zhuxiang	逐项
zhuxianwei	竹纤维
zhuxiaosheng	住校生
zhuxie	猪血
zhuxin	烛芯
zhuxin	猪心
zhuxing	柱形
zhuxinsuan	珠心算
zhuxiong	主凶
zhuxiufei	住宿费
zhuxue	猪血
zhuye	竹叶
zhuying	主营
zhuyou	住友
zhuyuanchu	住院处
zhuzai	猪崽
zhuzaochang	铸造厂
zhuzhe	著者
zhuzhi	主治
zhuzhou	株洲
zhuzhoushi	株洲市
zhuzhuang	柱状
zhuzi	逐字
zhuziqing	朱自清
zhuzuozhe	著作者
zibeigan	自卑感
zibenjin	资本金
zibenlun	资本论
zibenmijixing	资本密集型
zibi	自闭
zibian	自贬
zibiaoti	子标题
zibo	淄博
zice	自测
zichanfuzhailv	资产负债率
zichang	字长
zichou	自筹
zichuan	子串
zidanke	子弹壳
zidantou	子弹头
zidian	紫癜
zidibing	子弟兵
zidongji	自动机
ziduan	紫椴
zifangdian	自放电
zifaxing	自发性
zige	自个
zigeer	自个儿
zigezheng	资格证
zigong	自贡
zigongai	子宫癌
zigongqiang	子宫腔
zigongshi	自贡市
ziguang	紫光
zihong	紫红
zijianfang	自建房
zijianxin	自荐信
zijiao	自交
zijiegou	子结构
zijilv	自给率
zijinliu	资金流
zijinshan	紫金山
zijinshantianwentai	紫金山天文台
ziju	字距
zijue	自决
zijuexing	自觉性
zikao	自考
zikongli	自控力
ziku	字库
zili	籽粒
ziliaoka	资料卡
ziliaoshi	资料室
ziliaoyuan	资料员
ziliu	滋溜
zilu	子路
ziluoti	兹罗提
zimeihua	姊妹花
zimoli	紫茉莉
zimu	字模
zimuzu	字幕组
zinve	自虐
zinvekuang	自虐狂
zipu	自曝
ziqidong	自启动
ziranbianzhengfa	自然辩证法
zirancun	自然村
ziranguang	自然光
ziranma	自然码
zishahu	紫砂壶
zishengtang	资生堂
zishu	紫薯
zishui	渍水
zitanmu	紫檀木
zitengluo	紫藤萝
zitiku	字体库
zitonggou	自同构
ziwei	紫微
ziweier	滋味儿
ziweiquan	自卫权
ziweixing	紫微星
zixian	子痫
zixiangmu	子项目
zixike	自习课
zixin	资信
zixing	自性
zixishi	自习室
zixiuke	自修课
zixiushi	自修室
zixuntai	咨询台
ziya	龇牙
ziyaoshui	紫药水
ziyin	滋阴
ziyoumin	自由民
ziyouminzhudang	自由民主党
ziyouren	自由人
ziyoushi	自由诗
ziyuanshui	资源税
zizhi	子侄
zizhi	自知
zizhuanti	自传体
zizhuxing	自主性
zongcan	总参
zongchang	总厂
zongchengji	总成绩
zongchuan	纵穿
zongdaili	总代理
zongdian	总店
zongdui	总队
zongduichang	总队长
zongfanchuan	纵帆船
zonggang	总纲
zonggong	总攻
zonggonggei	总供给
zonghengjia	纵横家
zonghuangse	棕黄色
zonghuozui	纵火罪
zongjiaojie	宗教界
zongjiaotou	总教头
zongjine	总金额
zongjingxiao	总经销
zongkaba	宗喀巴
zongping	总评
zongpu	宗谱
zongzhang	总账
zongzhi	综治
zongzhihui	总指挥
zongzhongliang	总重量
zongzhou	纵轴
zongzichan	总资产
zoubeiyun	走背运
zoubukai	走不开
zoujiduan	走极端
zoulu	走露
zoumaicheng	走麦城
zoumeiyun	走霉运
zoushitu	走势图
zousifan	走私犯
zousizui	走私罪
zoutai	走台
zouzhang	走账
zuangan	钻杆
zuanguolai	钻过来
zuanguoqu	钻过去
zuanjingji	钻井机
zuanta	钻塔
zuanzi	钻子
zubu	足部
zucai	足彩
zuchongzhi	祖冲之
zudanbai	组蛋白
zudi	足底
zugao	组稿
zuhegui	组合柜
zuhejian	组合键
zuidijia	最低价
zuigaorenminfayuan	最高人民法院
zuigaorenminjianchayuan	最高人民检察院
zuiwugan	罪恶感
zuiyan	醉眼
zuizheng	罪证
zujizhan	阻击战
zuju	组局
zujueyinganjing	足厥阴肝经
zulu	祖鲁
zuluren	祖鲁人
zuniqi	阻尼器
zunyi	遵义
zuobanqiu	左半球
zuobi	左臂
zuobianqi	座便器
zuobiaozhou	坐标轴
zuocan	柞蚕
zuochong	座充
zuoditie	坐地铁
zuoer	左耳
zuoer	昨儿
zuoguai	左拐
zuohoufang	左后方
zuohouwei	左后卫
zuojia	作价
zuojiachubanshe	作家出版社
zuojian	左键
zuola	左拉
zuolian	左联
zuolian	左脸
zuolun	左轮
zuoluo	佐罗
zuonao	左脑
zuopiao	坐票
zuopiao	座票
zuoqianfang	左前方
zuoshandiao	座山雕
zuoshangjiao	左上角
zuoshengdao	左声道
zuoshi	作诗
zuotao	座套
zuoti	做题
zuotu	作图
zuowei	作伪
zuoweibiao	座位表
zuoweihao	座位号
zuoxiafang	左下方
zuoxiajiao	左下角
zuoxie	作协
zuoxuan	左旋
zuoyan	左眼
zuoyeben	作业本
zuoyong	坐拥
zuoyongdian	作用点
zuoyounao	左右脑
zuoyu	坐浴
zuozhen	坐诊
zuozhiyadaxue	佐治亚大学
zuozhu	做主
zuqi	租期
zuqiuxie	足球鞋
zusanli	足三里
zushaoyinshenjing	足少阴肾经
zushi	组诗
zuye	祖业
zuyuan	组员
zuzhu	租住
zuzhuangji	组装机
zuzi	卒子
zuzipang	足字旁
