# phrases_discovered.tsv — new-word discovery (CP3c), by discover_new_words.py
# sources: lccc,news,wiki  gates: freq>=10 pmi>=1.0 entropy>=1.5 +stopword +t2s
# 18496 unregistered words. format: word\tcorpus_freq
男神	16379
博主	15099
鹿晗	13976
点半	13363
淡定	12828
颜值	12729
狗粮	11838
网红	11449
干啥	10629
艾特	10329
妹纸	9359
拉黑	9180
学霸	9040
女主	8936
杰伦	8466
同款	8022
盆友	7828
给力	7663
吐槽	7604
老铁	7544
小白	7230
卖萌	7124
喝点	7004
闺蜜	7004
肉肉	6637
男票	6621
孩纸	6498
等下	6338
萌萌	6075
脱单	5847
史上	5769
钱买	5734
男主	5618
雾霾	5277
基友	5180
找找	5148
素颜	5040
刚回	4983
穿上	4799
灏明	4730
傲娇	4728
高冷	4508
渣男	4473
杨幂	4466
直男	4452
奔奔	4428
热搜	4356
从哪	4349
辣条	4318
只剩	4311
逗比	4273
超爱	4270
取关	4258
长痘	4251
粑粑	4173
啥样	4136
脸大	4115
求带	4096
跟谁	4075
带点	3955
万人	3953
悲催	3932
跨年	3920
晨晨	3870
搬砖	3864
艺兴	3811
家店	3809
爱豆	3753
包邮	3735
天穿	3628
只猫	3608
爱死	3608
辣鸡	3582
喵喵	3551
越大	3538
养狗	3490
大脸	3480
节课	3452
留长	3440
桑心	3405
学车	3385
叫啥	3379
月中	3334
刚买	3318
美妞	3261
小红	3234
小编	3216
脑补	3211
车回	3196
阔以	3195
长高	3193
今早	3191
叫上	3150
炒鸡	3132
小黄	3066
刚下	3062
小王	3060
刚从	3041
暖暖	3030
帅帅	3028
腿长	3009
点钱	2998
坑爹	2963
渣渣	2953
月十	2934
咬人	2932
安卓	2932
乐视	2927
兔兔	2898
练车	2882
抖音	2866
暖心	2866
刚出	2841
萝莉	2832
增肥	2820
嗨皮	2809
只狗	2805
秒回	2788
抹茶	2784
发图	2777
人骂	2773
打脸	2757
官网	2740
撒子	2733
抱走	2683
钱给	2683
泡脚	2674
戏精	2657
脑洞	2640
顺丰	2639
主播	2626
斯坦	2595
条狗	2569
跟团	2567
发色	2566
给您	2545
女票	2539
摩羯	2538
笑点	2504
只需	2501
热评	2500
北鼻	2458
张图	2428
少喝	2422
正脸	2404
小帅	2374
蹭饭	2373
剧透	2338
美白	2334
梦中	2311
迷妹	2304
撩妹	2298
泰迪	2282
乐橙	2278
魅族	2274
胸大	2268
追剧	2266
美腻	2264
高二	2248
谁谁	2246
开黑	2240
剁手	2223
入坑	2219
住哪	2212
牙套	2146
超话	2131
面基	2130
脸小	2122
前三	2114
色号	2084
卫衣	2081
胖点	2075
叫小	2066
人设	2065
果果	2052
变胖	2040
瞅瞅	2040
买新	2037
点肉	2032
先给	1999
菇凉	1999
娜姐	1961
球球	1959
跑男	1959
双鞋	1952
嘚瑟	1952
国国	1941
洗白	1938
水煮	1937
显瘦	1936
虐狗	1932
高数	1929
自黑	1927
刚发	1920
较高	1904
跟老	1903
暴击	1887
照骗	1886
线上	1886
蛋疼	1872
先回	1864
条街	1863
阿尔	1853
娜扎	1842
躺下	1840
店买	1837
给谁	1825
挂科	1795
灰常	1791
阿迪	1791
变美	1771
俩人	1765
瘦脸	1765
范儿	1740
胖死	1738
俊凯	1726
胖纸	1722
美剧	1719
学渣	1711
花呗	1693
上飞	1687
打钱	1658
蹭蹭	1652
带伞	1645
饭饭	1636
啥啥	1629
买两	1593
变瘦	1593
杨洋	1593
酒喝	1592
代中	1581
科二	1576
逆天	1575
科三	1574
层主	1571
装嫩	1570
网购	1563
变老	1562
呆萌	1559
二货	1553
字写	1552
美照	1546
张脸	1535
手残	1530
请您	1525
斯科	1519
斯基	1508
谁敢	1499
腿粗	1496
卖给	1495
酷炫	1495
霓娜	1491
小青	1486
水喝	1485
炫富	1481
优酷	1479
互关	1475
狗咬	1471
大胸	1464
难找	1463
年春	1458
啵啵	1456
大嘴	1454
甄嬛	1453
戴上	1446
妮妮	1442
跟男	1424
谁先	1422
腿上	1417
便便	1415
猫粮	1411
州玩	1410
二狗	1408
痘印	1408
穿啥	1405
沥川	1402
刚打	1388
爆照	1379
修图	1375
动图	1375
抢票	1373
打码	1368
飞飞	1368
水逆	1359
胖成	1359
渣浪	1354
越高	1339
昕昕	1338
啾啾	1337
灰机	1330
撸串	1329
约饭	1327
当妈	1323
羊羊	1317
狗带	1310
发博	1307
胃疼	1305
当当	1296
抢镜	1296
斯卡	1294
帅锅	1290
语中	1287
美妆	1285
昕姐	1277
美团	1276
馀生	1276
姑凉	1271
大招	1266
二字	1257
官宣	1247
钱花	1241
带娃	1239
小奶	1238
鸭脖	1237
凡凡	1236
约炮	1236
手抓	1227
尬聊	1224
韬韬	1223
爬上	1221
如花	1217
谢娜	1217
招黑	1216
诗诗	1213
缺爱	1211
雪碧	1211
贝贝	1209
搜搜	1208
蛋挞	1205
边走	1204
恒大	1200
郑恺	1200
吹吹	1196
阿信	1196
奔三	1193
签售	1189
雨中	1189
侧脸	1188
条线	1188
较小	1182
摆拍	1180
跑回	1176
寄几	1175
往哪	1172
张票	1170
杰哥	1170
爱疯	1168
发量	1167
亮亮	1162
钱钱	1161
发质	1159
逆袭	1156
颖宝	1152
风中	1151
先找	1149
生娃	1147
老薛	1147
先走	1143
伯特	1139
魏晨	1136
养只	1132
男二	1131
比谁	1127
哥带	1124
两集	1123
暖男	1123
幂幂	1119
返场	1119
书中	1118
张翰	1115
薇薇	1115
粘人	1113
狗哥	1108
强哥	1105
晨哥	1104
翰哥	1104
林狗	1099
猫狗	1099
业馀	1095
眼妆	1091
佛系	1088
度高	1082
掉进	1081
泡芙	1076
断网	1075
鹿哥	1075
入中	1072
涛涛	1061
食材	1059
张杰	1055
姐带	1049
百变	1043
手抖	1040
知乎	1039
出柜	1034
背锅	1031
较低	1031
卧蚕	1030
露娜	1027
等死	1025
刘烨	1020
脸圆	1013
位女	1010
岁岁	1010
进群	1003
微单	1002
掉毛	1002
吴昕	998
泪点	996
欧巴	994
约拍	992
读博	992
超超	992
老湿	991
成猪	990
向西	989
杯具	987
裁裁	987
拿钱	986
粗腿	984
跑哪	984
武帝	983
涛哥	982
劈腿	981
沾沾	979
量少	979
战狼	977
手速	973
揉揉	973
全无	972
妆容	971
狂魔	970
浪浪	968
正装	967
国考	962
先放	959
峰哥	959
爱妃	958
往外	955
可耐	952
满课	949
早醒	948
三楼	943
板上	943
私发	941
算啥	937
木木	935
唐山	934
大咖	932
软妹	928
打榜	925
点辣	924
爱丽	924
腹黑	922
买包	921
由中	921
高雄	921
入职	920
紫薯	917
夜店	916
哪款	915
条腿	914
俊俊	913
斤肉	910
璐璐	907
手游	903
珊珊	902
凯凯	899
越难	899
换号	895
月半	893
马尔	892
刚走	890
书读	889
御姐	887
炫酷	886
生蚝	883
从何	882
微商	879
爸比	877
只猪	873
邓超	871
任中	869
红米	862
胸小	861
省考	860
胡歌	860
手拿	858
派人	858
瑶瑶	858
龙猫	857
小甜	854
俩字	852
谦谦	850
闲鱼	849
吻戏	847
惹人	847
手帐	845
毕设	845
盗图	844
于正	843
先打	841
百搭	841
老刘	840
咬死	835
票买	835
执念	830
纸上	830
超哥	830
馀额	828
网盘	827
立夏	825
瘦腿	822
子柒	821
够长	817
步走	817
猴哥	816
跑路	815
巴适	812
催婚	811
抗疫	811
俩月	810
剃光	810
磨皮	810
大乔	809
高光	807
鸡排	807
显老	804
杠精	804
穿白	804
艺考	804
体脂	803
漂酿	801
帅比	799
猪精	799
同框	798
办卡	797
魔性	797
跟狗	795
基情	794
冒菜	793
捂脸	790
立春	789
嗨森	788
显胖	788
虐心	787
翘课	786
维密	784
朝天	782
汉纸	781
胖虎	780
吹走	779
遮瑕	779
猴年	778
电竞	775
吸猫	774
腿细	774
亮瞎	772
宅男	769
芈月	767
崽崽	766
率高	766
某宝	765
坤坤	763
安德	763
喜茶	761
卷卷	760
拿铁	759
二刷	755
闹闹	755
小虎	754
炒肉	754
闪退	753
碰瓷	752
幸苦	750
加戏	749
弄点	749
手滑	749
丑照	747
肉粽	746
抱枕	745
鹿饭	743
未见	741
歌听	741
小宇	740
穷游	739
谷歌	736
捏捏	735
假放	731
妲己	730
颗牙	729
政部	728
日料	728
颗星	728
刚入	727
番外	727
老胡	727
先森	726
菲姐	726
猿粪	725
头猪	723
良品	723
拌饭	721
加绒	720
人皆	719
孙俪	719
豪哥	719
煮面	717
阳市	717
从西	716
倩倩	716
写文	716
蠢萌	715
抠脚	714
拉风	713
从南	712
连跪	710
五仁	709
力强	709
小嘴	709
拉低	709
拜仁	709
块肉	707
众筹	706
排片	706
阔爱	705
光腿	704
脸瘦	704
剧版	702
食饭	702
侧颜	698
代文	697
锁屏	697
位元	695
向北	695
岳阳	695
省下	695
发烫	694
小李	694
战中	694
腐女	694
鹏哥	694
鹏鹏	694
漂漂	693
嗨嗨	692
小乔	692
旧爱	691
司考	690
蛋饼	687
腿儿	684
豪车	683
亮哥	682
截屏	681
拼车	680
北漂	679
均为	678
夜跑	678
青团	678
显白	677
攒够	674
超神	673
快播	671
作妖	670
屁颠	670
恐高	670
发糖	669
小绿	668
穿红	668
谦友	668
刷机	667
座山	665
酒驾	663
路飞	662
刚换	661
探班	661
超难	661
化物	658
奶盖	658
神烦	658
生煎	655
等各	655
向外	650
高仿	650
坤哥	649
穿黑	649
老奚	649
酒红	648
楠哥	646
向南	644
晒出	643
春春	641
折耳	638
晨跑	638
本仙	638
较长	638
找骂	637
菲菲	637
官博	636
张卡	635
寄点	634
小圆	634
穿搭	634
刚进	633
坏坏	632
破事	631
大屏	629
芋圆	629
婷姐	627
量高	627
唇釉	626
试色	626
轩轩	626
嘟嘴	624
全脸	623
壮壮	623
哥帅	621
茶喝	620
任重	619
盖上	619
翘臀	617
修眉	616
校考	616
豆皮	615
张纸	614
唱首	612
造业	612
上贴	608
小秋	608
本尊	607
锅锅	607
口饭	606
干锅	605
牛批	604
玩够	603
车撞	603
每条	602
剑三	601
窦骁	601
钱赚	601
脸盲	600
陌陌	600
彤彤	599
地暖	598
门课	598
莎莎	596
并无	595
漫展	595
占全	594
字丑	594
内搭	593
热醒	593
街拍	592
闺密	592
量超	590
骂死	589
充钱	587
内双	587
欧冠	586
耳夹	586
五迷	585
隔空	584
刷出	583
脑花	582
官微	581
灿烈	581
烊烊	581
五楼	580
榜姐	580
逐梦	580
小胡	578
往北	578
留几	577
红毯	577
鸭鸭	576
黑丝	576
加菲	574
黄桃	574
刚剪	573
贴上	573
周周	572
年秋	572
梦泪	572
小蓝	571
岚姐	571
走秀	571
远比	571
及各	570
车坐	570
咋咋	568
够高	568
杰迷	568
于北	567
利斯	567
花嫁	566
熊抱	565
双标	564
迪迪	564
咋弄	563
脸胖	563
儿砸	562
恺恺	562
三省	558
撞上	558
维秘	558
伦家	557
沃尔	557
老墨	557
喝冰	555
报团	555
洲大	555
车停	555
楷楷	554
赵薇	554
从外	552
哪咤	552
川大	551
酷狗	551
万字	550
奶爸	550
克林	547
老罗	546
脸变	545
刘鑫	544
哔哔	543
暖床	543
立秋	543
胖脸	543
宿管	542
牛牛	542
怕狗	541
腰上	541
撞衫	540
撩汉	540
奥尔	539
耽美	539
卡顿	538
度使	538
取票	537
当爹	537
辅食	537
傻妞	536
撸猫	536
养胖	534
风刮	534
欧尼	532
唐嫣	531
钱拿	531
龙珠	531
刷题	529
顿顿	529
斯堡	528
辣辣	528
黑化	528
刷脸	527
聚美	527
赚点	526
增肌	525
居居	525
月嫂	525
玩雪	524
痴汉	524
含韵	523
颜控	523
话讲	522
布鲁	520
杯茶	520
橘猫	520
猴猴	520
网剧	520
肥仔	520
市公	519
路虎	519
手撕	517
尔康	516
断签	516
无糖	514
聪哥	514
魅蓝	513
旺财	512
小樱	510
拿奖	510
裤穿	510
小灰	508
泡椒	508
软萌	508
边哭	508
男银	507
饭圈	507
小刘	506
买双	505
君君	505
灯牌	505
海淘	504
瓶水	504
芳芳	503
只脚	502
躺尸	502
追梦	502
尬舞	501
度低	501
块五	500
小妮	500
洁面	500
只羊	499
往南	498
志龙	498
成冰	498
挑事	498
世勋	497
旁友	497
汤喝	497
长款	497
为零	496
舔屏	496
实锤	495
买糖	494
毒舌	493
边喝	493
先从	492
宝强	491
蹦哒	490
宅女	488
阳县	488
保研	487
画手	487
堪比	486
爆痘	486
肚肚	485
跟您	485
夜华	484
强吻	484
炸毛	484
斯克	482
栋楼	482
米高	482
鱼鱼	482
给俺	480
黛玉	480
长隆	479
雪乡	479
夜奶	478
如歌	478
拿证	477
伦桑	476
爬爬	476
只喵	475
微辣	475
斯蒂	475
数羊	474
袁立	474
四字	473
磊哥	473
比熊	472
自嗨	472
讨喜	472
宋茜	471
刚拿	470
新戏	470
狗仔	470
王总	469
薇姐	469
度娘	467
柯南	467
行测	467
迟点	467
迷弟	467
嘘嘘	464
爪爪	464
私教	464
秋秋	464
场球	463
衣穿	462
雨哥	462
姨家	461
脏辫	461
衣品	461
冰粉	460
秀智	457
秒删	457
域中	455
烤肠	455
旺仔	454
任总	453
倪妮	453
腿比	453
边跑	453
住进	451
杯热	451
梅西	451
添衣	451
失联	450
玲姐	450
边拍	450
剩女	449
小爷	449
由原	449
翘班	449
莫愁	449
踏马	449
专四	448
小聚	448
湿身	448
任主	446
氪金	446
点糖	446
均可	445
科科	444
茜茜	444
匡威	443
瑶姐	443
摊上	442
宠溺	441
色或	441
触碰	441
发尾	440
史中	440
科四	440
秒变	440
为皇	439
买套	439
雪姐	439
台播	438
彩铅	438
找虐	438
话唠	438
山市	437
雷斯	437
冰姐	435
混油	435
煎饺	435
萌新	435
凯哥	434
向全	434
张总	434
打赏	434
搓搓	434
柴犬	434
汗蒸	434
闪瞎	434
乔恩	432
怕晒	432
悦悦	432
深蹲	432
阿娇	432
腻腻	430
林允	428
肤质	428
迪斯	428
唠唠	427
婶儿	427
巨巨	427
摩拜	427
无痕	427
管饭	426
舔舔	426
露养	426
鞋穿	426
国首	425
小窝	425
桌游	425
给爷	425
麦麦	425
福换	424
肥婆	424
墨大	423
斯顿	423
磨脚	423
三连	422
灿灿	422
脑公	422
数钱	421
漫威	420
往西	419
养颜	418
小狼	418
站等	418
老吴	418
加群	417
及文	417
搞忘	417
像某	416
宅家	416
阿宝	416
杨紫	415
间房	415
专八	414
像猪	414
帮您	414
捧花	414
温油	414
陪老	414
雨雨	414
够钱	413
州站	413
欣姐	413
江路	413
秀吉	413
闪婚	413
三叔	412
巨难	412
查重	412
楠楠	412
皮裤	412
先拿	411
御魂	410
敏敏	410
翔哥	410
茨木	410
仍需	409
卡布	409
带雨	408
吉尔	406
穿暖	406
结课	406
小芳	405
大鹅	404
跟猪	404
先提	403
单休	403
噜噜	402
英短	402
启初	401
年增	401
拍张	401
掰弯	401
跨界	401
村花	399
案中	399
至第	399
霸霸	399
慢热	398
暴瘦	398
紫霞	398
银泰	398
月七	397
露腿	397
男款	396
高配	396
实训	395
五周	394
扯上	394
楠姐	394
戾气	393
混搭	393
占座	392
泰囧	392
皆可	392
老赵	392
胆儿	392
肉味	391
至十	391
喊麦	390
回趟	390
蛙蛙	390
文青	389
叫兽	388
衞生	388
跪舔	388
靓靓	388
亦曾	387
后盖	387
型男	387
文综	387
菜炒	387
嘉嘉	386
姨姨	386
夏夏	385
难养	385
坨坨	384
璐姐	384
纳斯	384
陈小	384
鹿鹿	384
鑫哥	383
壁咚	382
烨哥	382
远观	381
颗糖	381
团战	380
黄渤	380
买瓶	379
尖尖	379
度差	379
小诺	378
奶味	377
宇哥	377
腿腿	376
先预	375
咋变	375
汤唯	375
色显	375
前曾	374
小杨	374
式表	374
惊现	374
歌神	373
六星	372
格尔	372
留疤	372
笔写	372
大盆	371
烧脑	371
玫红	371
琳琳	371
票票	371
介样	370
扫码	370
由各	370
马云	370
卫龙	369
掉渣	369
老杨	369
著重	369
块地	368
媛媛	368
梅梅	368
从化	367
健哥	367
王凯	367
素素	367
边坐	367
妖妖	366
斌哥	366
涂上	366
转黑	366
入镜	365
大壮	365
客量	365
抠图	365
显高	365
丽姐	364
店叫	364
欠打	364
烦烦	364
猫砂	364
于各	363
写书	363
女款	363
瓶酒	363
通网	363
静姐	363
刚刷	362
嘉哥	362
大湿	362
爪机	361
脚踩	361
蛮久	361
西米	361
桑感	360
嗨氏	359
素锦	359
五杀	358
先养	358
双廊	358
州城	358
昆凌	358
率低	358
老黄	358
非彼	358
科院	357
绝味	357
袄子	357
兔头	356
困困	356
柯基	356
煎包	356
维尼	356
话痨	356
贼难	356
饼饼	356
菜包	355
板板	354
柴柴	354
湿粮	354
酷骑	353
八公	352
从内	351
养膘	351
怼人	351
报班	351
羊驼	351
耶律	351
夏目	350
州南	350
布布	350
整牙	350
死猪	350
于某	349
刷碗	349
星耀	349
诺儿	349
够帅	348
胸毛	348
飘窗	348
修斯	347
火舞	347
理综	347
小倩	346
汪峰	346
低配	345
倩碧	345
凑活	345
校校	345
爹地	345
追男	345
剧荒	344
景甜	344
老陈	344
先收	343
博友	343
阿布	343
白龙	342
蛋儿	342
物或	341
胖迪	341
菜肉	341
麻溜	341
仁宗	340
洗牙	340
蓝猫	340
蘸酱	340
雯雯	340
鲁斯	340
手伸	339
送餐	339
兰蔻	338
焦焦	338
部及	338
杜江	337
群演	337
剥虾	336
慧姐	336
狗啃	336
挡脸	335
吴磊	334
慧慧	334
楼楼	334
军总	333
朝中	333
欧豪	333
沾点	333
波哥	333
泰剧	333
翠花	333
遍全	333
乱入	332
废柴	332
裙裙	332
西柚	332
变肥	331
敢叫	331
武田	331
韩沉	331
占比	330
娟娟	330
门进	330
哑光	329
旭哥	329
变黄	328
成灰	328
点盐	328
蕾蕾	328
尔文	327
莹姐	327
韩雪	327
外媒	326
陈晓	326
陈赫	326
华哥	325
奶球	325
美昕	325
背背	324
坡上	323
包送	322
发箍	322
搓泥	322
率比	322
砍人	322
给退	322
舌吻	322
碎叫	321
练舞	321
共进	320
养肉	320
家搬	320
毒奶	320
米米	320
金斯	320
中亦	319
未受	319
录屏	318
打晕	318
推特	318
海蓝	318
湾湾	318
茶蛋	318
酸汤	318
团饭	317
掉漆	317
炉石	317
绿萝	317
双卡	316
伯克	315
删博	315
恐婚	315
票圈	315
退圈	315
阿呆	315
挖坟	314
靳东	314
高腰	314
先祝	313
物及	313
侍寝	312
先入	312
城县	312
拔罐	312
族中	312
瞎玩	312
贞子	312
卖车	311
月圆	311
玲花	311
韩庚	311
先瘦	310
植发	310
槽点	310
福德	310
刷博	309
约片	309
菜味	309
阿狸	309
志明	308
短毛	308
群号	308
向右	307
周董	307
怼怼	307
抹点	307
由民	307
眼缘	307
离远	307
鱼哥	307
云养	306
刚坐	306
嘴炮	306
大坂	306
珊姐	306
顶配	306
求您	305
破音	305
贴贴	305
麦霸	305
傻缺	304
向您	304
福袋	304
鸭血	304
条河	303
水润	303
浮潜	303
距地	303
撩撩	302
碎屏	302
阿黄	302
全英	301
月九	301
管局	301
露肉	301
兔纸	300
李晨	300
神级	300
鑫鑫	300
孙杨	299
暖阳	299
二熊	298
市市	298
料包	298
昊昊	298
气爆	298
向左	297
广深	297
拼单	297
榜上	297
蕊蕊	297
雷克	297
安迪	296
站坐	296
专硕	295
剩馀	295
小敏	295
低碳	294
倩姐	294
摩尼	294
脸熟	294
路转	294
撒比	293
模考	293
约占	293
花臂	293
叫王	292
怕痛	292
翻黎	292
偷狗	291
广工	291
至五	291
丹姐	289
凤九	289
及教	289
大勋	289
摆盘	289
渣女	289
站街	289
边唱	289
写满	288
室门	288
歌歌	288
膈应	288
双摄	287
巨婴	287
怕伤	287
换屏	287
桶水	287
狗奴	287
麦兜	287
黑料	287
慕斯	286
撒撒	286
灭霸	286
礼钱	286
药药	286
防抖	286
霉霉	286
夜爬	285
奉上	285
怕猫	285
烤翅	285
皆以	285
冻脚	284
王世	284
脱饭	284
驴友	284
国战	283
彬哥	283
杨总	283
线代	283
二巡	282
亮屏	282
四驱	282
微信	282
暗沉	282
蛇年	282
非裔	282
馀淮	282
先骂	281
力增	281
办酒	281
床照	281
弄啥	281
琳姐	281
绳命	281
者皆	281
姜茶	280
猫奴	280
盼盼	280
雷神	280
仅为	279
墨墨	279
者及	279
路滑	279
连电	279
霍夫	279
青柠	279
左拐	278
斗图	278
毛衫	278
紫米	278
佩佩	277
小贤	277
微博	277
沿著	277
许嵩	277
餐饭	277
馨姐	277
安琪	276
属中	275
桃桃	275
蛮早	275
补刀	275
蹦跶	275
务部	274
底妆	274
琦琦	274
音字	274
产检	273
伍德	273
冰皮	273
匹马	273
先练	272
占总	272
尔曼	272
川普	272
捏脸	272
款车	272
腿瘦	272
补眠	272
李克	271
淤青	271
甜馨	271
萌姐	271
憋出	270
腰细	270
韩式	270
鲁豫	270
刮刮	269
娟姐	269
炸串	269
睿睿	269
川师	268
特步	268
甩锅	268
莎姐	268
跟著	268
吓吓	267
懒癌	267
连拍	267
乌冬	266
希希	266
四郎	265
平王	265
浩哥	265
穿件	265
退群	265
长按	265
免单	264
共十	264
李总	264
炮王	264
萱萱	264
抖腿	263
提莫	263
送伞	263
三刷	262
手账	262
金句	262
银魂	262
黄轩	262
小吴	261
者指	261
宝龙	260
小陈	260
弗兰	260
抠鼻	260
紧致	260
伊藤	259
性化	258
校招	258
收图	257
涂涂	257
玄幻	257
由市	257
脚脚	257
定焦	256
小赵	256
帆哥	256
度较	256
涛姐	256
瓶瓶	256
碧柔	256
耍帅	256
量较	256
先搞	255
布莱	255
慢歌	255
果粒	255
法斗	255
盆盆	255
虐虐	255
露肩	255
牌牌	254
藉著	254
队进	254
先跑	253
化及	253
啃老	253
坑货	253
子夹	253
崴脚	253
浴霸	253
猫神	253
率军	253
白浅	253
艘船	253
初代	252
南广	252
性及	252
拼团	252
讯飞	252
伯贤	251
入台	251
小杰	251
馋人	251
小玲	250
桃蛋	250
士及	249
尼尼	249
条毛	249
燕洵	249
白袜	249
至四	249
任副	248
基基	248
复联	248
小凡	248
汉街	248
瓦哥	248
碗汤	248
罗森	248
翰锅	248
肥宅	248
莫莫	248
仲未	247
华师	247
埃尔	247
学硕	247
琪姐	247
万寿	246
先留	246
拿命	246
曼曼	246
金朝	246
院及	246
互怼	245
共四	245
卖鞋	245
如烟	245
憨憨	245
直击	245
罗德	245
美铝	245
韩版	245
刘涛	244
及民	244
咬狗	244
撸撸	244
晒娃	244
著手	244
裤裤	244
鸣人	244
鸭肠	244
喊老	243
国版	243
均由	243
小凤	243
市境	243
志玲	243
断食	243
法修	243
纯黑	243
老徐	243
二娃	242
市警	242
普斯	242
肿成	242
边读	242
酒酒	242
卖惨	241
右拐	241
娜美	241
小喵	241
小漠	241
怕辣	241
者或	241
肉球	241
邓伦	241
黑框	241
书桓	240
怕掉	240
益达	240
老孙	240
脑婆	240
长焦	240
奶泡	239
存图	239
摇号	239
攒点	239
泪痣	239
犯二	239
返厂	239
陈翔	239
两脚	238
小莹	238
虐死	238
边卖	238
伦哥	237
叫李	237
怕丢	237
米皮	237
认怂	237
久未	236
金瓶	236
限行	236
骁骁	236
于战	235
州州	235
带套	235
汗国	235
江市	235
盘菜	235
考博	235
退赛	235
造者	235
闵行	235
克雷	234
性或	234
您先	234
晨锅	234
村儿	234
言言	234
右脸	233
女银	233
尬黑	233
往东	233
武王	233
马蓉	233
五连	232
从左	232
吴语	232
国驻	232
女仔	232
小橘	232
尼坤	232
潘潘	232
窗边	232
绿植	232
闰土	232
音器	232
食店	232
九妹	231
华仔	231
爆胎	231
牵绳	231
脚疼	231
进组	231
买杯	230
兔牙	230
卡洛	230
射光	230
玲儿	230
走肾	230
瑞瑞	229
芬芬	229
遛遛	229
催催	228
婉婷	228
红绳	228
罐罐	228
范范	228
试驾	228
吴大	227
咋俩	227
大蛇	227
床戏	227
航哥	227
贾总	227
交规	226
俺老	226
偶滴	226
控水	226
塔塔	225
手捧	225
永葆	225
舞跳	225
货号	225
三傻	224
扶墙	224
点映	224
秒秒	224
边牧	224
韩寒	224
微整	223
攻受	223
仙阁	222
凤姐	222
卤煮	222
头帘	222
站站	222
酸笋	222
区建	221
团票	221
奔二	221
新晋	221
求转	221
皆为	221
触屏	221
闷青	221
国漫	220
戴套	220
手癌	220
梦云	220
死磕	220
酥肉	220
兵攻	219
军攻	219
艳艳	219
转票	219
酒吞	219
鸭腿	219
亚冠	218
松狮	218
至六	218
跑进	218
选座	218
中占	217
伯斯	217
口耐	217
小娇	217
小欣	217
斯利	217
狗嘴	217
盖盖	217
霸刀	217
飞总	217
九巴	216
小郭	216
狗焕	216
猫养	216
网黄	216
罗伊	216
雯姐	216
丝儿	215
云姐	215
刚弄	215
婚房	215
灵儿	215
蹭网	215
迷笛	215
馀震	215
只鸟	214
孤芳	214
带纸	214
挑眉	214
旅拍	214
李文	214
根烟	214
略高	214
卷饼	213
支笔	213
斯沃	213
李沁	213
畅畅	213
蒙德	213
跪地	213
阿杜	213
事皆	212
全素	212
寒江	212
带偏	212
掉肉	212
河路	212
钱挣	212
互删	211
佳姐	211
勇哥	211
品或	211
够冷	211
尖上	211
嵩哥	211
显黑	211
玥玥	211
赵高	211
选角	211
顺毛	211
兰迪	210
内内	210
喂胖	210
耶夫	210
卡牌	209
叫青	209
座桥	209
拿书	209
推文	209
甜豆	209
白读	209
腿变	209
跟鬼	209
部设	209
刷票	208
呷哺	208
已退	208
提斯	208
条船	208
色短	208
从六	207
兰国	207
刀郎	207
品品	207
气纯	207
网咖	207
跟某	207
鬼叫	207
入深	206
将原	206
源哥	206
红肠	206
网课	206
辽篮	206
城巴	205
夏普	205
恨嫁	205
斯瓦	205
珍珍	205
西蒙	205
躺赢	205
量低	205
限号	205
二丫	204
何炅	204
像鬼	204
化雪	204
换盆	204
牙白	204
秒拍	204
老腰	204
连输	204
防脱	204
颖儿	204
中仍	203
妆前	203
寒夏	203
怕摔	203
毛腿	203
狗链	203
老魏	203
跑圈	203
依晨	202
剧追	202
副高	202
拔拔	202
提刀	202
爆爆	202
瘦胸	202
石锤	202
腿咋	202
虾滑	202
亦如	201
像陈	201
养蛙	201
噎死	201
抖森	201
条红	201
萍萍	201
三姨	200
刀砍	200
及商	200
带刀	200
怕丑	200
投喂	200
景拍	200
桑桑	200
灯亮	200
爆款	200
皮尔	200
绿箭	200
老朱	200
驻唱	200
世嘉	199
入群	199
吸霾	199
汉军	199
烨烨	199
瓜哥	199
美含	199
追追	199
鑫姐	199
雪冰	199
颖姐	199
丢进	198
从青	198
偷图	198
冰沙	198
品及	198
唱跳	198
弃坑	198
水嫩	198
水浇	198
缺啥	198
芋泥	198
连休	198
闷痘	198
亦未	197
未提	197
梦婷	197
硬拉	197
者将	197
芝姐	197
萌物	197
霸屏	197
军将	196
勋鹿	196
哭戏	196
哲哥	196
室及	196
晓晓	196
沫沫	196
码农	196
砖家	196
编舞	196
脱团	196
贼拉	196
靠著	196
五军	195
包纸	195
嘴笑	195
川哥	195
店卖	195
扫货	195
映客	195
秀腿	195
范爷	195
蛮难	195
雅漾	195
代驾	194
倒库	194
均已	194
戴戴	194
李敖	194
束河	194
燕王	194
约酒	194
网播	194
越烦	194
及英	193
叫黄	193
囧囧	193
弃考	193
揪揪	193
直邮	193
读文	193
钉钉	193
黑蛋	193
均码	192
川渝	192
纳尔	192
莉姐	192
菜式	192
萌照	192
课设	192
馀姚	192
湖工	191
白茶	191
研二	191
绩点	191
腐国	191
葬于	191
角角	191
仙仙	190
先脱	190
入朝	190
屋苑	190
带埋	190
杜拉	190
樱木	190
涵姐	190
玄彬	190
种药	190
秒评	190
粥喝	190
纳德	190
臭猪	190
连麦	190
于汉	189
卖鱼	189
发膜	189
囡囡	189
娇兰	189
小梅	189
小翠	189
怕冻	189
抢饭	189
沥秋	189
田田	189
雅顿	189
养胎	188
子扔	188
杰宝	188
板寸	188
趴趴	188
件或	187
依山	187
借呗	187
八婆	187
南墙	187
小羽	187
票卖	187
老贾	187
边吹	187
台版	186
吴京	186
吴邪	186
尼基	186
扯证	186
拼房	186
李健	186
汤底	186
洲洲	186
老鹿	186
馨馨	186
三郎	185
占城	185
座高	185
打薄	185
星探	185
梦莹	185
点醋	185
狂追	185
约架	185
翠翠	185
豪豪	185
俊哥	184
受封	184
团灭	184
帆帆	184
根根	184
猫毛	184
直树	184
素媛	184
肉炒	184
豹哥	184
辉辉	184
院提	184
非酋	184
龙龙	184
下诏	183
专挑	183
低山	183
周迅	183
城城	183
川美	183
布林	183
派往	183
甩给	183
赚够	183
镁铝	183
何洁	182
兔几	182
助眠	182
变猪	182
嬛嬛	182
斌斌	182
男纸	182
陈醋	182
乘搭	181
劈死	181
嘉欣	181
夜聊	181
家驹	181
市街	181
磕碜	181
立政	181
美鹤	181
者亦	181
虞姬	181
装纯	181
返图	181
先选	180
刷夜	180
奶香	180
建城	180
托夫	180
按原	180
探店	180
穿薄	180
美嘉	180
裙纸	180
贵贵	180
软糯	180
防蚊	180
千禧	179
及建	179
喵姐	179
妹仔	179
州呆	179
怡宝	179
搁哪	179
特鲁	179
端游	179
肚饿	179
乱扔	178
使使	178
内各	178
媛姐	178
眼尾	178
破相	178
药喝	178
萍姐	178
订房	178
锅煮	178
光武	177
帕克	177
扫街	177
无座	177
烫卷	177
猫抓	177
秘制	177
粗门	177
美诗	177
虾虾	177
雨荷	177
仙林	176
存够	176
小薇	176
捯饬	176
杆上	176
泛民	176
游游	176
站姿	176
黄钻	176
从古	175
减龄	175
刘总	175
刷单	175
奈米	175
山站	175
江县	175
润润	175
狗追	175
英剧	175
连座	175
郑国	175
金龙	175
光秀	174
小蝶	174
恬恬	174
扫扫	174
攒攒	174
新番	174
普世	174
甜粽	174
索斯	174
至八	174
花洒	174
辣锅	174
配字	174
均未	173
墩儿	173
小婷	173
戒糖	173
抵港	173
控评	173
斯提	173
老田	173
藏剑	173
飞猪	173
鹅肝	173
像李	172
小朱	172
昼昼	172
查寝	172
洛洛	172
混动	172
肉偿	172
脱妆	172
踩踩	172
霍查	172
从某	171
偷猫	171
带货	171
广式	171
徕卡	171
抓鱼	171
拿票	171
新馀	171
椅上	171
海卫	171
甜口	171
符文	171
纯姐	171
给朕	171
色配	171
虎哥	171
跟李	171
长兼	171
雨刮	171
魏巡	171
黄狗	171
代餐	170
刚搬	170
寒冰	170
川音	170
带瓶	170
彤姐	170
德牧	170
毒唯	170
油碟	170
潘帅	170
省体	170
蓝紫	170
蛋碎	170
诈捐	170
于古	169
古德	169
善存	169
墙外	169
官配	169
往左	169
戒奶	169
撅嘴	169
比伯	169
涵哥	169
粘粘	169
糖姐	169
蓓蓓	169
酒品	169
阿哲	169
鹅子	169
只占	168
喵咪	168
尔市	168
座驾	168
惠帝	168
曾向	168
桓公	168
炫迈	168
犀浦	168
维嘉	168
胖丁	168
脚毛	168
蹭课	168
辣片	168
颈纹	168
人捐	167
佐助	167
共赏	167
宁市	167
宣帝	167
小丁	167
晶姐	167
熬熬	167
爵迹	167
皆由	167
练腿	167
陈总	167
雪藏	167
雪雪	167
霞霞	167
中遭	166
今川	166
偷瞄	166
八组	166
及科	166
带妆	166
带汤	166
式或	166
池中	166
王氏	166
盆水	166
落班	166
京巴	165
俺俩	165
君如	165
怼死	165
点姜	165
犯懒	165
胡巴	165
航航	165
茜姐	165
长胸	165
雷哥	165
华路	164
卫军	164
圆寸	164
块布	164
小宋	164
彪哥	164
志哥	164
教资	164
晴晴	164
李朝	164
焖面	164
练琴	164
脚边	164
锋哥	164
使司	163
富春	163
拉迪	163
砸钱	163
船袜	163
露姐	163
剃掉	162
团宠	162
小萍	162
敢报	162
晓宇	162
沃德	162
米糊	162
蒋欣	162
马竞	162
叫刘	161
如诗	161
嫌热	161
尔达	161
左脸	161
形或	161
武德	161
沈月	161
爆肝	161
眉型	161
砲塔	161
铲雪	161
雪纺	161
飙泪	161
吉克	160
回踩	160
平章	160
旭旭	160
江母	160
细佬	160
于河	159
低脂	159
住脚	159
出黎	159
吉吉	159
壳壳	159
岩岩	159
星爷	159
江区	159
网骗	159
董洁	159
送院	159
高桥	159
鼻影	159
共设	158
抓抓	158
晒命	158
李元	158
琛哥	158
璇姐	158
程及	158
网绿	158
井宝	157
伦伦	157
先攒	157
吐籽	157
向各	157
向英	157
塘主	157
威威	157
微凉	157
挑染	157
改卷	157
曦曦	157
洋哥	157
淼淼	157
狼哥	157
猫叔	157
票投	157
辉哥	157
互撩	156
只汪	156
四顿	156
杂毛	156
烈地	156
版版	156
璇璇	156
白狼	156
裹上	156
豆宝	156
迈腾	156
鱼饼	156
依萍	155
席琳	155
干煸	155
戏演	155
成魔	155
湉湉	155
给妳	155
豆丁	155
郭靖	155
问责	155
亚文	154
仙贝	154
伪娘	154
千帆	154
发癫	154
右二	154
同届	154
啃啃	154
土猫	154
孝陵	154
定档	154
小泽	154
市城	154
捶死	154
敏姐	154
灯灯	154
片寄	154
独宠	154
贴满	154
上疏	153
买齐	153
乱拍	153
先翻	153
南农	153
小灏	153
床帘	153
按按	153
猪妹	153
艾德	153
蕾姐	153
补妆	153
诚品	153
嘉庚	152
嘴型	152
器或	152
小孙	152
炮哥	152
砍下	152
老郭	152
脑内	152
脚冷	152
萌宠	152
蒜香	152
躲进	152
阿甘	152
零八	152
魅友	152
于苏	151
互夸	151
修片	151
只涂	151
叫陈	151
喊喊	151
块糖	151
微距	151
挖挖	151
机厂	151
测测	151
球踢	151
瞎拍	151
美妮	151
老詹	151
诸将	151
逗猫	151
马萨	151
几耐	150
删删	150
宗本	150
店店	150
拉轰	150
林总	150
枪打	150
桐桐	150
殿前	150
涮肉	150
满格	150
父皇	150
王志	150
瑞秋	150
睿哥	150
虎扑	150
诸王	150
二傻	149
亦已	149
俩娃	149
削骨	149
小霞	149
小龟	149
州份	149
捶捶	149
神码	149
立牌	149
站及	149
簋街	149
老梗	149
耍酷	149
长斑	149
闪灵	149
停雨	148
凡哥	148
小潘	148
工坊	148
带壳	148
搅基	148
空馀	148
腿型	148
蹄花	148
驾考	148
喝碗	147
夏雨	147
平县	147
手欠	147
斯斯	147
春娇	147
省各	147
职黑	147
蓝屏	147
鸭架	147
龟速	147
两坨	146
刷剧	146
卧推	146
小妾	146
怕吵	146
新规	146
李陵	146
杯喝	146
毅哥	146
燕姐	146
碰水	146
羽泉	146
考编	146
耳听	146
贝利	146
选歌	146
阿泰	146
先将	145
先弄	145
共六	145
封城	145
尸姐	145
形婚	145
捅死	145
读题	145
阿紫	145
陪跑	145
霞姐	145
颖颖	145
颗树	145
先修	144
冻冻	144
升星	144
吐奶	144
嘴嘴	144
堂食	144
家湾	144
小慧	144
小菲	144
川川	144
放醋	144
烨子	144
爬进	144
珂润	144
甩甩	144
病病	144
胖轩	144
财管	144
酱酱	144
闯闯	144
乱停	143
包烟	143
寺内	143
旧图	143
星玥	143
林丹	143
欧皇	143
燃面	143
爆红	143
纳豆	143
至九	143
萌娃	143
郑凯	143
亮剑	142
从九	142
原博	142
叫豆	142
放葱	142
欠骂	142
炮炮	142
瑶妹	142
翰翰	142
胖熊	142
芭莎	142
芸姐	142
费尔	142
踩雷	142
迪亚	142
飞燕	142
高糊	142
鸭翅	142
丹妮	141
于众	141
卖猪	141
园园	141
培培	141
德王	141
挂水	141
景帝	141
松哥	141
欧包	141
正佳	141
熙熙	141
琦哥	141
窦窦	141
站至	141
陈平	141
零几	141
鸟叔	141
亦由	140
凉拖	140
剩半	140
喂猫	140
够精	140
嬢嬢	140
抠抠	140
斯普	140
梦奇	140
水培	140
眼贴	140
瞎跑	140
老秦	140
脚穿	140
薄涂	140
虐童	140
证办	140
鱼嘴	140
兽兽	139
南迁	139
妙妙	139
心怡	139
成泥	139
捂捂	139
斯皮	139
林杨	139
棉拖	139
狗绳	139
短租	139
索夫	139
者称	139
雨落	139
于唐	138
嫣嫣	138
挽尊	138
捧红	138
湖路	138
痘坑	138
脑仁	138
金木	138
霍光	138
代传	137
孙孙	137
小崔	137
度极	137
抗住	137
晴姐	137
沃斯	137
洛枳	137
满减	137
痘皮	137
登入	137
网袜	137
若望	137
藏于	137
边刷	137
追责	137
钱砸	137
馄炖	137
切耍	136
卡刷	136
垫上	136
小辉	136
尔基	136
弄牙	136
捂热	136
敢偷	136
硬菜	136
秃瓢	136
等均	136
边骂	136
上秤	135
入宫	135
入盆	135
嗲嗲	135
囤点	135
捷豹	135
无眉	135
曹公	135
权法	135
杯冰	135
老蒋	135
脸丑	135
足疗	135
酥酥	135
于农	134
元帝	134
刚退	134
博尔	134
喝醋	134
帮转	134
店舖	134
扣费	134
捂嘴	134
汁喝	134
玉玉	134
环外	134
者均	134
者组	134
超迷	134
侧切	133
允浩	133
刮花	133
助者	133
卡尼	133
及未	133
变矮	133
名族	133
君姐	133
咋嫩	133
晨宝	133
月廿	133
武宗	133
江辰	133
沾上	133
潮男	133
著相	133
证拿	133
趴体	133
逗狗	133
云腿	132
仙洋	132
低至	132
储物	132
县地	132
含香	132
呈上	132
姓啥	132
尔尼	132
拉筋	132
敢抢	132
斯泰	132
洲及	132
菲哥	132
跟陈	132
锤哥	132
阿尼	132
餐餐	132
乱炖	131
先抢	131
医闹	131
咖灰	131
品控	131
哑舍	131
姗宝	131
小鹏	131
川农	131
志伟	131
星轨	131
李志	131
松平	131
湿兄	131
版书	131
破万	131
窥屏	131
网申	131
脱坑	131
菲儿	131
虎斑	131
量足	131
集集	131
黑妞	131
上蹦	130
丽娜	130
于零	130
价卖	130
佩姐	130
克洛	130
填坑	130
帕德	130
店或	130
忘拿	130
撒糖	130
文宣	130
斤算	130
斯勒	130
斯维	130
方茴	130
水泼	130
泥萌	130
率相	130
王源	130
籍中	130
西栅	130
跟俺	130
边跳	130
首秀	130
倒桩	129
努斯	129
喝瓶	129
宣宗	129
小彤	129
小鑫	129
小颖	129
抢抢	129
敷敷	129
暗夜	129
残血	129
灯照	129
美吕	129
群光	129
艾斯	129
醋味	129
优优	128
园路	128
属第	128
建群	128
张牌	128
心霓	128
杀狗	128
梅姐	128
森碟	128
毒毒	128
比惨	128
湿湿	128
牙贴	128
箍牙	128
线裤	128
缺缺	128
罗尼	128
边喊	128
院建	128
亦无	127
刷锅	127
叽歪	127
唐唐	127
孝武	127
川外	127
带闪	127
拿卡	127
昊哥	127
曾受	127
殿中	127
港英	127
脱非	127
至七	127
芝芝	127
茶包	127
虾尾	127
跌至	127
黑镜	127
党党	126
套盒	126
妮姐	126
将使	126
小灿	126
巧巧	126
徐峥	126
方亦	126
族及	126
桑德	126
泽哥	126
爆浆	126
班聚	126
老潘	126
耳鼻	126
若曦	126
跟杨	126
鱼味	126
黑腐	126
写首	125
刷鞋	125
后壳	125
团价	125
姚晨	125
宫缩	125
川县	125
州县	125
戒辣	125
托尼	125
抱娃	125
月尾	125
激萌	125
玉姐	125
王庙	125
由德	125
白鸽	125
祥哥	125
莽子	125
装怪	125
规培	125
辛巴	125
量占	125
阿敏	125
骗炮	125
鸭爪	125
体寒	124
半裙	124
卖烤	124
子璇	124
开撕	124
柱上	124
灰熊	124
灵超	124
烤盘	124
美琪	124
老谭	124
腰线	124
荷兹	124
边耍	124
边逛	124
酷帅	124
青汁	124
音版	124
黛珂	124
亩地	123
呛死	123
密保	123
尬评	123
店庆	123
庞统	123
拿枪	123
捐点	123
潮牌	123
焖子	123
牙咬	123
红印	123
翻左	123
胖揍	123
返学	123
返港	123
鹤儿	123
光洙	122
副班	122
呆毛	122
够甜	122
女寝	122
小咪	122
抓包	122
晕血	122
等皆	122
紫微	122
纳兰	122
针打	122
举牌	121
侨中	121
北移	121
咪咕	121
大祭	121
头撞	121
志文	121
打撸	121
排左	121
改价	121
族或	121
河河	121
洁洁	121
眉尾	121
裂哥	121
返现	121
锅烧	121
陈坤	121
倒追	120
入园	120
剃秃	120
卡贴	120
同距	120
吹死	120
噪点	120
布洛	120
戒口	120
曼尼	120
朝官	120
杨颖	120
梦龙	120
灰蓝	120
环艺	120
珂珂	120
琦姐	120
肚纸	120
腰粗	120
边晒	120
遂成	120
阿泽	120
饭炒	120
冰叔	119
副使	119
奈奈	119
富养	119
德市	119
怂怂	119
扎死	119
晒单	119
李思	119
杨杨	119
涂脸	119
艾米	119
蓝宇	119
蘸料	119
辆小	119
酒配	119
酷派	119
针女	119
颜末	119
买烟	118
二硕	118
互捧	118
佩琦	118
偷菜	118
写词	118
即向	118
卷福	118
厚涂	118
古柏	118
小茜	118
岚岚	118
市域	118
彭城	118
撸铁	118
派件	118
渐长	118
票站	118
续杯	118
罗晋	118
者仍	118
解绑	118
遂以	118
馀杭	118
主卧	117
九爷	117
仨字	117
传至	117
兔宝	117
北石	117
哐哐	117
城站	117
展博	117
幂姐	117
攒劲	117
狂刷	117
翠华	117
色偏	117
蹭车	117
通灵	117
配土	117
雨刷	117
香肩	117
便将	116
允儿	116
兰姐	116
卡宴	116
咸口	116
婧婧	116
府兵	116
式塔	116
德玛	116
恰饭	116
掼蛋	116
撕家	116
无野	116
条蛇	116
洗锅	116
活著	116
犬瘟	116
破千	116
粥粥	116
红汤	116
红馆	116
罗尔	116
翻遍	116
舟舟	116
补款	116
请饮	116
阿龙	116
齐王	116
丑鬼	115
众神	115
卷腹	115
味浓	115
咬唇	115
州耍	115
御守	115
思敏	115
性侵	115
扭蛋	115
拆包	115
搁家	115
斯帕	115
李维	115
炒饼	115
登登	115
训教	115
超厚	115
跟熊	115
高登	115
麦迪	115
九锥	114
买盒	114
事奉	114
从右	114
件衫	114
先订	114
冯叔	114
岛海	114
巡哥	114
张悬	114
撞树	114
牛街	114
皓哥	114
练歌	114
群群	114
翻糖	114
臣等	114
贼贼	114
赏雪	114
赐名	114
蹭住	114
逃班	114
邦邦	114
三俗	113
光寺	113
养喵	113
利克	113
块八	113
堵成	113
嫌冷	113
小鞠	113
少盐	113
山街	113
欠儿	113
求佛	113
深航	113
维稳	113
脑阔	113
蘸水	113
装萌	113
赵雷	113
辰鬼	113
酒庄	113
鸟姐	113
龙族	113
下崽	112
互攻	112
儒略	112
兑水	112
列夫	112
古菌	112
唐门	112
奶绿	112
抢座	112
暖脚	112
森莫	112
烫染	112
特雷	112
狂补	112
狮虎	112
猫妖	112
琪哥	112
秋阳	112
糖宝	112
续团	112
落灰	112
蓉姐	112
赖赖	112
路堵	112
食野	112
于朝	111
亦受	111
佐佐	111
偏红	111
化率	111
博斯	111
卷棒	111
图修	111
婷儿	111
字辈	111
小柯	111
撸狗	111
甜咸	111
笔仙	111
糗事	111
老邢	111
胡渣	111
茶泡	111
药妆	111
虾条	111
课讲	111
闻香	111
露胸	111
鞋套	111
黄总	111
丝滑	110
令全	110
伊伊	110
伟伟	110
兵入	110
内共	110
凑单	110
务局	110
变秃	110
哲哲	110
器及	110
妇男	110
张良	110
拜山	110
斯威	110
斯曾	110
族民	110
树树	110
炫舞	110
猫仔	110
硕硕	110
硬塞	110
老杜	110
臭脸	110
边吐	110
锁车	110
黄磊	110
乔巴	109
于党	109
佳琪	109
双井	109
夜蒲	109
属龙	109
彭彭	109
日俄	109
根弦	109
江江	109
煮煮	109
熏死	109
田总	109
者即	109
胸胸	109
镇魂	109
防狼	109
雅文	109
集各	109
鞋鞋	109
倍润	108
共八	108
兵败	108
嘴臭	108
土澳	108
堂及	108
墩墩	108
室拿	108
尔森	108
山爬	108
座塔	108
惠王	108
拖孩	108
晗晗	108
柳岩	108
样衰	108
点痣	108
焗饭	108
猪妖	108
糗百	108
补卡	108
裔人	108
迪哥	108
途观	108
阳郡	108
鞋码	108
鸟飞	108
齐林	108
入江	107
冰敷	107
刚升	107
初音	107
卜凡	107
双修	107
咸湿	107
奶娃	107
如旧	107
婉容	107
憋笑	107
懒床	107
拖米	107
排舞	107
文森	107
服盆	107
朝著	107
桌桌	107
桥北	107
爆瘦	107
独卫	107
轩哥	107
送鞋	107
雷雷	107
风筒	107
佛牌	106
共治	106
刘雯	106
卓伟	106
厚底	106
吴尊	106
哆哆	106
套图	106
孝文	106
手挡	106
格洛	106
榜中	106
港囧	106
湘大	106
焖锅	106
焯水	106
田氏	106
盘盘	106
破破	106
脸丢	106
达数	106
铁铁	106
零五	106
韩红	106
驾龄	106
举铁	105
伯纳	105
唇印	105
嘴欠	105
团魂	105
夕夕	105
大慈	105
官立	105
小娟	105
尖脸	105
帕尔	105
带碗	105
德雷	105
撞向	105
王李	105
绒绒	105
罗夫	105
老郑	105
车震	105
雪兔	105
黑灰	105
仍由	104
先煮	104
克鲁	104
叶总	104
婉儿	104
布希	104
拿伞	104
摔碗	104
朵拉	104
杰杰	104
查岗	104
楚军	104
流控	104
玉泽	104
瓶冰	104
粿条	104
胖局	104
莫尔	104
虐文	104
西递	104
触控	104
谷中	104
馀光	104
亦使	103
共七	103
及港	103
坝坝	103
宏宏	103
小孟	103
尔扎	103
屋邨	103
岭山	103
帽衫	103
御前	103
悦薇	103
林城	103
林德	103
浇透	103
狐妖	103
猪窝	103
王炸	103
甩肉	103
米煮	103
米诺	103
者曾	103
虎纠	103
跨考	103
边骑	103
俪俪	102
坐拥	102
天枰	102
嫩模	102
嵩鼠	102
并引	102
徐达	102
戴克	102
戴笠	102
手捏	102
挂耳	102
染疫	102
桥镇	102
欧尚	102
由李	102
眼肿	102
磊子	102
站建	102
色染	102
艳压	102
蓝瓶	102
谦哥	102
赵佗	102
雷蒙	102
面铺	102
鸟哥	102
九院	101
互黑	101
信玄	101
修容	101
兔粮	101
共饮	101
利尼	101
及古	101
变弯	101
唰唰	101
小樽	101
尔卡	101
库中	101
泉山	101
洗护	101
盘肉	101
福寺	101
秀忠	101
纯奶	101
蠢狗	101
配速	101
金典	101
闲闲	101
陈冰	101
陈氏	101
两县	100
于亚	100
力抗	100
古尔	100
叫杨	100
小姚	100
州街	100
市桥	100
布冯	100
彩铃	100
手幅	100
抱著	100
杰尼	100
林林	100
歪楼	100
死宅	100
泡杯	100
牵牵	100
皮裙	100
章邯	100
肉烤	100
贼像	100
辽足	100
进坑	100
锐克	100
黑娃	100
亦相	99
仰拍	99
刚染	99
向党	99
吴总	99
够硬	99
婧姐	99
小磊	99
小蕾	99
引战	99
张俪	99
按斤	99
晨勃	99
林佳	99
沐沐	99
王陵	99
粗眉	99
网评	99
翔翔	99
萨德	99
西财	99
赤赤	99
赫斯	99
跑酷	99
送杯	99
键帽	99
陆逊	99
靖王	99
麻批	99
主砲	98
于禁	98
云总	98
仨人	98
佳慧	98
俺姐	98
刊上	98
协警	98
吉田	98
品胜	98
唐七	98
妍姐	98
富富	98
小彬	98
愁嫁	98
投投	98
推塔	98
李芳	98
海县	98
猫咖	98
男宠	98
痛仰	98
直筒	98
科密	98
职院	98
菜煮	98
菜香	98
萌货	98
萨利	98
馋虫	98
首胜	98
鼠鼠	98
修音	97
先刷	97
内屏	97
卖冰	97
卡佩	97
及九	97
口胡	97
复播	97
大勺	97
孟德	97
学琴	97
小琪	97
尔布	97
尧尧	97
山泥	97
左左	97
帽帽	97
抹油	97
李建	97
爆豆	97
猫窝	97
玲子	97
砸中	97
硬广	97
翠湖	97
臭宝	97
至善	97
蚁人	97
选选	97
遁地	97
阎魔	97
马丽	97
鲁西	97
黑田	97
亦常	96
俺滴	96
兵线	96
养龟	96
净月	96
剧迷	96
北环	96
县改	96
奥尼	96
巴卫	96
怕输	96
或某	96
振宇	96
捂汗	96
擀皮	96
斗栱	96
料或	96
昌县	96
梨梨	96
棉袜	96
沙溪	96
浑南	96
秀贤	96
穿貂	96
肥膘	96
腰腹	96
芳姐	96
踢馆	96
迷晕	96
速跑	96
靺鞨	96
韦尔	96
飞饼	96
饼皮	96
香妃	96
二辩	95
便停	95
偶练	95
先炒	95
喵爷	95
场均	95
均需	95
外屏	95
始源	95
封王	95
州港	95
抢食	95
指某	95
梅尔	95
橙橙	95
淡斑	95
火砲	95
环内	95
矮挫	95
肉垫	95
脸尖	95
菌菌	95
蒸菜	95
贴脸	95
辅警	95
速腾	95
郭郭	95
高危	95
三县	94
乔伊	94
九楼	94
化县	94
县东	94
及投	94
堂内	94
山派	94
康城	94
憋憋	94
撞飞	94
支烟	94
期延	94
林夕	94
梁博	94
沛沛	94
洗鞋	94
清帝	94
溪县	94
狂掉	94
琛琛	94
瞎混	94
破军	94
碳烤	94
笨熊	94
耀武	94
茂茂	94
薇迷	94
骂战	94
九图	93
仍属	93
军恋	93
制霸	93
剑纯	93
奶冻	93
嫌远	93
小楠	93
拿纸	93
拿著	93
整租	93
星沙	93
曹氏	93
沃森	93
沃特	93
港风	93
田村	93
祖祖	93
翘舌	93
老萧	93
苗寨	93
裕仁	93
郡治	93
量均	93
黄暴	93
买棉	92
于维	92
优步	92
全幅	92
兴市	92
南财	92
卡纳	92
品展	92
埋进	92
外扩	92
布伦	92
引兵	92
挠人	92
掉帧	92
李诞	92
档口	92
梳毛	92
橙光	92
泰瑞	92
深棕	92
漠哥	92
王杰	92
矿大	92
砸脸	92
票抢	92
秀晶	92
私照	92
立武	92
薄皮	92
蟹脚	92
逆龄	92
金贵	92
院共	92
顶帖	92
驱魔	92
驻村	92
东皇	91
丹羽	91
乱吠	91
云飞	91
余氏	91
兵连	91
半糖	91
员证	91
嗨歌	91
图拼	91
墨言	91
奈雪	91
宋佳	91
小酥	91
少碰	91
德善	91
思琪	91
晓峰	91
泳镜	91
湘湘	91
炫彩	91
百丽	91
碗碗	91
糊掉	91
糖味	91
肖奈	91
臭狗	91
茬儿	91
贺涵	91
逆战	91
邵氏	91
郭嘉	91
陈粒	91
隐婚	91
鱼仔	91
黄喉	91
刀塔	90
区设	90
单招	90
吹爆	90
员将	90
将各	90
庚哥	90
徐总	90
拽拽	90
撞脸	90
旧款	90
普速	90
曦姐	90
曹仁	90
杭电	90
栋栋	90
椒图	90
沁沁	90
泪沟	90
炒豆	90
爬床	90
狗砸	90
猫舍	90
男寝	90
穷养	90
索隆	90
纯肉	90
老蔡	90
肥鹤	90
自曝	90
菲迷	90
萧何	90
萨满	90
豆捞	90
鄞州	90
馋馋	90
冰桶	89
刚烫	89
剩男	89
卡套	89
市售	89
扁扁	89
暂未	89
次卧	89
毒誓	89
水县	89
汉初	89
河镇	89
涉黄	89
煮妇	89
熊脸	89
省首	89
笔刷	89
缓考	89
霸凌	89
丽萍	88
二县	88
冬梅	88
冻梨	88
半宿	88
叔向	88
坡跟	88
够宽	88
宋军	88
官官	88
尝遍	88
惠特	88
慧玲	88
战疫	88
戴著	88
手搓	88
抢课	88
捎点	88
杏色	88
果泥	88
欧派	88
法硕	88
炮姐	88
炮打	88
翻旧	88
老崔	88
老曹	88
逃至	88
青芒	88
非零	88
颗蛋	88
魏王	88
临平	87
二稿	87
先退	87
克伦	87
克曼	87
军驻	87
咸甜	87
团综	87
场输	87
坤儿	87
孝惠	87
寻艺	87
尔河	87
德庄	87
德莱	87
抡博	87
抹药	87
显矮	87
晚樱	87
段段	87
沙阿	87
法棍	87
洲城	87
猫咬	87
生崽	87
病娇	87
眼纹	87
砲兵	87
箭射	87
耐冻	87
莫德	87
虐猫	87
进灰	87
铭哥	87
错峰	87
霜霜	87
魏延	87
于皇	86
偶巴	86
先咬	86
免邮	86
务总	86
县西	86
反杀	86
口鼻	86
咣咣	86
夹肉	86
姓周	86
巨幕	86
愿景	86
杨哥	86
枫哥	86
池田	86
浴火	86
爬窗	86
犬神	86
白丝	86
究极	86
线稿	86
老桩	86
胖橘	86
臭嘴	86
苏眠	86
莘庄	86
萨瓦	86
贤贤	86
进党	86
连招	86
退坑	86
退至	86
钱付	86
麦饼	86
使李	85
函式	85
前燕	85
古剑	85
只龟	85
商台	85
四杀	85
园拍	85
墓中	85
声吓	85
寒寒	85
屯点	85
川路	85
度仍	85
戈登	85
柜姐	85
永辉	85
百鬼	85
胡德	85
药治	85
赵王	85
辟为	85
辰辰	85
阿鲁	85
饭煮	85
东苑	84
中抽	84
偷牛	84
入云	84
凤体	84
刀刮	84
千石	84
古奶	84
套娃	84
如虎	84
小菊	84
尚品	84
平旌	84
废材	84
悦姐	84
承恩	84
摊买	84
政宗	84
敲晕	84
曾指	84
曾改	84
杯垫	84
柳巷	84
江镇	84
泰泰	84
町村	84
破亿	84
神坑	84
童童	84
隐于	84
颖哥	84
鸽鸽	84
串烤	83
九郎	83
先投	83
兰芳	83
冥币	83
双商	83
呆瓜	83
噶话	83
妖姐	83
威锋	83
宝钗	83
小芬	83
德尼	83
慧敏	83
数域	83
曾获	83
森马	83
王允	83
王翦	83
畅聊	83
砖砌	83
绕绕	83
老汪	83
袋袋	83
裁掉	83
赏樱	83
边啃	83
酒泡	83
饵块	83
麻糍	83
亮仔	82
仍受	82
俩菜	82
光宗	82
兴迷	82
孔侑	82
安郡	82
局及	82
巨胖	82
康王	82
托腮	82
抢七	82
暴暴	82
林浅	82
狗遛	82
猛哥	82
绿钻	82
老袁	82
虾蟹	82
赫特	82
镰仓	82
院设	82
霖住	82
领克	82
魂儿	82
丁蟹	81
上炕	81
丽华	81
于秦	81
仍留	81
冻龄	81
女鹅	81
娇俏	81
宋宋	81
宗元	81
密恐	81
寺等	81
小雯	81
岗岗	81
德胜	81
扮嫩	81
拳民	81
暴漫	81
杉菜	81
李佳	81
李治	81
林峰	81
汉庭	81
渤哥	81
瓶喝	81
甜汤	81
肠肠	81
花田	81
虹姐	81
讲声	81
贴条	81
辰哥	81
酒劲	81
醉虾	81
陈寻	81
雪莉	81
预判	81
亦令	80
众泰	80
使朝	80
克克	80
凯瑞	80
刘氏	80
剩蛋	80
四核	80
地栽	80
墓前	80
夜骑	80
夹夹	80
娜宝	80
家坝	80
小姜	80
布瑞	80
庆庆	80
彪子	80
戈斯	80
掰扯	80
撞色	80
改封	80
散尽	80
普攻	80
杨蓉	80
杨迪	80
沙嗲	80
洁姐	80
激凸	80
猪牛	80
率及	80
老梁	80
莓果	80
薄棉	80
裙穿	80
踩脚	80
轰趴	80
量仍	80
金氏	80
雪姨	80
令各	79
匀点	79
十馀	79
厕纸	79
双蛋	79
吉宗	79
吾使	79
坚坚	79
增胖	79
娟儿	79
将将	79
常遭	79
德邦	79
成昆	79
戚薇	79
拼桌	79
摔摔	79
桥路	79
海钓	79
源及	79
溜儿	79
炖蛋	79
点蒜	79
特岗	79
班戟	79
由省	79
瘦腰	79
皆已	79
福禄	79
稿中	79
纳瓦	79
练胸	79
结棍	79
耳返	79
肉泥	79
莉亚	79
莎娃	79
著各	79
蘸醋	79
蛮清	79
衣著	79
谷雨	79
软装	79
部派	79
醉驾	79
院舍	79
静香	79
麦香	79
黑鲨	79
串店	78
于临	78
侯景	78
兔叽	78
兵至	78
具足	78
凡客	78
加葱	78
博博	78
卡迪	78
唐筛	78
唯二	78
头抬	78
妆效	78
娃咋	78
宴上	78
岛北	78
巴迪	78
怕脏	78
惠公	78
暖贴	78
曹参	78
李雪	78
杨文	78
植牙	78
椰丝	78
欠欠	78
民亦	78
添新	78
清透	78
爷您	78
由港	78
签签	78
罗姆	78
艇上	78
艾克	78
茂业	78
萝岗	78
虐菜	78
裱花	78
西姆	78
许巍	78
边摆	78
追尊	78
遮肉	78
锤科	78
闸机	78
阵仗	78
阿飘	78
雀雀	78
食左	78
九局	77
于伊	77
于奥	77
于谦	77
傻猫	77
初初	77
刷酸	77
区辖	77
卡槽	77
吸脂	77
呲牙	77
寺中	77
尔蒂	77
思琦	77
护盾	77
拓海	77
指弹	77
探鱼	77
改款	77
整蛊	77
曦彤	77
曾遭	77
未读	77
极简	77
棍棍	77
水敷	77
永琪	77
滴银	77
球砸	77
琴身	77
站停	77
纸贴	77
美岚	77
艾尔	77
虫咬	77
诸军	77
贼热	77
跳江	77
队战	77
青轴	77
韩餐	77
鳄龟	77
七仔	76
三巡	76
二桥	76
全靠	76
刀捅	76
刚煮	76
口堵	76
古村	76
嘉敏	76
坤音	76
基仔	76
夷狄	76
孤狼	76
官及	76
小轩	76
局指	76
屁桃	76
岛游	76
带俺	76
开趴	76
弄卷	76
张志	76
弱受	76
彩墨	76
怕惹	76
扁肉	76
染绿	76
民皆	76
波妞	76
爆皮	76
猪腿	76
猴紫	76
玥姐	76
瑞恩	76
瓦雷	76
组局	76
老邓	76
航司	76
菜配	76
萨姆	76
趁著	76
辣翅	76
重燃	76
锐哥	76
附著	76
雷格	76
鲁特	76
齐聚	76
九价	75
乡县	75
亦改	75
倒茶	75
元末	75
包臀	75
及肩	75
叶赫	75
城街	75
士亦	75
层厚	75
提档	75
朱莉	75
杜杜	75
横屏	75
洛市	75
浙传	75
深职	75
燕燕	75
爆珠	75
皆非	75
红磡	75
细讲	75
蓝票	75
蝶姐	75
街街	75
赛赛	75
踩车	75
逢春	75
酷奇	75
锅蒸	75
随父	75
青训	75
韵姐	75
龟粮	75
丑橘	74
二妞	74
倍于	74
偏橘	74
像宋	74
六环	74
内迁	74
勾玉	74
区农	74
双闪	74
后驱	74
唐卡	74
嘴咬	74
嘴歪	74
均受	74
域及	74
奥义	74
嫌丑	74
孝敏	74
宠宠	74
家巷	74
小斌	74
小芙	74
小蔡	74
尼卡	74
州属	74
帆姐	74
徐晃	74
抢楼	74
摩押	74
撑撑	74
收腰	74
斯将	74
星途	74
油醋	74
溜狗	74
琳哥	74
男森	74
省图	74
糕糕	74
肥佬	74
舔手	74
薯饼	74
训醒	74
逾百	74
酷跑	74
重邮	74
锤友	74
雾面	74
霍恩	74
韩妆	74
音控	74
魏军	74
麻瓜	74
亏钱	73
俺爹	73
冰玉	73
凉虾	73
凤凤	73
卒于	73
卡萨	73
史坦	73
咪姐	73
商院	73
头雕	73
奥拓	73
孙氏	73
宗座	73
川传	73
怕撞	73
折颜	73
护军	73
拖黑	73
挂挂	73
数独	73
旁氏	73
曾曾	73
桥南	73
泰版	73
淑芬	73
灿哥	73
牛魔	73
狼攻	73
盲审	73
砸晕	73
硬虎	73
罗克	73
芽芽	73
菲佣	73
藏肉	73
蟹腿	73
赫梯	73
递签	73
鞋跑	73
饵丝	73
侧躺	72
先登	72
博饼	72
叫俺	72
叶修	72
嘉玲	72
场赢	72
宁府	72
宋文	72
小渝	72
抗台	72
拿碗	72
普雷	72
朱朱	72
李林	72
李某	72
柳叶	72
洛维	72
派派	72
浓稠	72
源性	72
满杯	72
熙宗	72
独播	72
百优	72
糖甜	72
缠上	72
茹茹	72
补剧	72
词或	72
诚毅	72
跳崖	72
蹲蹲	72
辽师	72
雅莉	72
雷震	72
乃木	71
乔乔	71
伊尹	71
先冲	71
共九	71
厚街	71
叫距	71
可颂	71
吾等	71
圣衣	71
姜姜	71
姜水	71
娇姐	71
屈折	71
广佛	71
开嗓	71
怒刷	71
惠姐	71
掐掐	71
敢冒	71
春招	71
朱氏	71
永旺	71
泡利	71
涨奶	71
涮涮	71
灭灭	71
煲剧	71
特浓	71
玉蝶	71
留著	71
翘脚	71
肩背	71
脚杆	71
腿痛	71
舔盖	71
花粥	71
茅斯	71
莜面	71
葛格	71
蹲起	71
镶钻	71
阮阮	71
限免	71
韩料	71
高昌	71
魔蝎	71
丧茶	70
为郡	70
亦引	70
内购	70
吴聘	70
唐氏	70
均属	70
孙总	70
孤城	70
宇宇	70
属马	70
强撑	70
征西	70
德士	70
戒肉	70
戴黑	70
手绳	70
扑向	70
扒饭	70
抱熊	70
拄拐	70
拍嗝	70
按需	70
提振	70
搭戏	70
杨氏	70
某段	70
柯桥	70
案或	70
梨水	70
止或	70
洁哥	70
溪镇	70
牛骨	70
玮玮	70
缘尽	70
老孟	70
莓莓	70
西延	70
詹密	70
赴台	70
连帽	70
雯子	70
雷军	70
马航	70
东财	69
佳妮	69
傻呆	69
养娃	69
剪卡	69
劳尔	69
即遭	69
及私	69
唇毛	69
够胆	69
姣姣	69
小璇	69
小茹	69
岗顶	69
岳山	69
川字	69
带崽	69
护食	69
换锁	69
未落	69
果啤	69
榜前	69
泽泽	69
爆伤	69
猴纸	69
瑞特	69
田市	69
秀妍	69
糖饼	69
耀哥	69
耳螨	69
蓉儿	69
蓝翔	69
薄款	69
贝岗	69
贝蒂	69
跳坑	69
辩题	69
部均	69
钻五	69
银饰	69
锤爆	69
阿轲	69
霖霖	69
鲁鲁	69
丹哥	68
乔妹	68
乱乱	68
像孙	68
刺挠	68
勾选	68
厄斯	68
商君	68
培正	68
帝豪	68
庞涓	68
废狗	68
度均	68
彼德	68
恺甲	68
抓绒	68
毁剧	68
浩南	68
深唇	68
港丽	68
满树	68
猪骨	68
盐放	68
童薇	68
粘毛	68
粪叉	68
红柚	68
绿尾	68
耳骨	68
舰体	68
蓝底	68
蔡司	68
虾线	68
蚬子	68
警院	68
部仍	68
郭芙	68
醉死	68
金钻	68
金鹰	68
队将	68
陈浩	68
青协	68
乔欣	67
伍佰	67
兔爷	67
冰渣	67
冲扫	67
刚拆	67
刚登	67
华科	67
喵哥	67
墙内	67
头驴	67
官媒	67
小芸	67
崇基	67
张宇	67
手揉	67
拼邮	67
撕书	67
撞门	67
无甘	67
旭姐	67
晷面	67
泥马	67
泫雅	67
狂拍	67
玉清	67
瞎胡	67
罗罗	67
考虫	67
胡亥	67
脱线	67
膜贴	67
芃芃	67
苏总	67
苻丕	67
蛇蛇	67
西敏	67
跳蛋	67
醋王	67
量亦	67
雷蛇	67
魂穿	67
鲜甜	67
七杀	66
互撕	66
卫青	66
唇纹	66
宫寒	66
巧虎	66
广药	66
扣脚	66
揽件	66
星爵	66
晒猫	66
暴龙	66
梅克	66
泰神	66
泽尔	66
湾妹	66
湾海	66
烤兔	66
祸祸	66
秋菊	66
美邦	66
肚痛	66
股股	66
航院	66
虫哥	66
讲野	66
许墨	66
跑焦	66
退博	66
遮掉	66
闫妮	66
雁山	66
韩范	66
驰哥	66
世昌	65
于宋	65
互寄	65
免流	65
公祠	65
匪大	65
卖虾	65
南侵	65
南孚	65
城逛	65
宋国	65
宫二	65
式引	65
微卷	65
护腰	65
掐点	65
文荒	65
斯廷	65
正妻	65
正宇	65
狂吐	65
狼受	65
王派	65
琴琴	65
皆如	65
神隐	65
移速	65
穷狗	65
美朱	65
脑控	65
臭鱼	65
艾琳	65
花郎	65
茶饮	65
菜卷	65
蜀黎	65
西迁	65
诸神	65
越偏	65
转投	65
软壳	65
辣鱼	65
酿皮	65
重瓣	65
阳镇	65
降清	65
驴火	65
刘晓	64
刘队	64
勋勋	64
包浆	64
卓尔	64
小旭	64
尔梅	64
屁民	64
山郡	64
崔崔	64
帧数	64
德县	64
怜怜	64
手剥	64
抗风	64
掉率	64
斯派	64
晒腿	64
曲及	64
灿白	64
猛喝	64
王姓	64
皂基	64
皮冻	64
祛湿	64
秦风	64
粥配	64
老董	64
肉沫	64
色涂	64
萌叔	64
蘸糖	64
议并	64
辣炒	64
违停	64
陵中	64
雨崩	64
雨飘	64
零式	64
馀票	64
香园	64
于吴	63
仅占	63
先嫁	63
兵及	63
冷萃	63
刷街	63
卡普	63
及诸	63
叠纸	63
各朝	63
向李	63
吴王	63
圭贤	63
够嗨	63
将尽	63
将战	63
层膜	63
川市	63
希氏	63
底迪	63
战痘	63
拼酒	63
挡酒	63
掰成	63
曼姐	63
柱式	63
栏上	63
樊哙	63
武吉	63
派及	63
源县	63
澜澜	63
灯闪	63
灵婆	63
牙巴	63
特莱	63
狄克	63
瓦尼	63
略呈	63
示著	63
福蝶	63
羽凡	63
老冯	63
至唐	63
艾格	63
芮芮	63
花妖	63
蘸点	63
跟孙	63
蹭掉	63
逮谁	63
金锁	63
锐度	63
雾散	63
鬼吓	63
魔声	63
鸭王	63
乱翻	62
俺爸	62
光腚	62
六宫	62
冰锐	62
刘志	62
剁掉	62
区占	62
卿尘	62
厂花	62
叫吴	62
君悦	62
嘉琪	62
土锤	62
坪山	62
塔刹	62
外租	62
够粗	62
孔刘	62
孙怡	62
尾戒	62
张玉	62
彤宝	62
拔干	62
掰直	62
播播	62
敬德	62
梦圆	62
椰浆	62
炒香	62
烧汤	62
献唱	62
珍妃	62
瑞哥	62
由副	62
盗笔	62
筹钱	62
素拓	62
胺酸	62
艳芬	62
荣威	62
蔡明	62
跟俊	62
量仅	62
隔屏	62
霓凰	62
验验	62
乱晃	61
二宫	61
仙桥	61
位副	61
依云	61
克塞	61
刺瞎	61
厂等	61
唇蜜	61
商舖	61
喂肥	61
壮熊	61
奶啤	61
娱记	61
孝全	61
局亦	61
影厅	61
扮丑	61
搭搭	61
晕妆	61
未翻	61
极寒	61
森活	61
橙花	61
欣妹	61
水膜	61
溪美	61
爆盆	61
狂虐	61
猫挠	61
王浩	61
破势	61
秤上	61
网投	61
群嘲	61
腿伸	61
茨克	61
茶派	61
软笔	61
遮暇	61
金凤	61
金纺	61
闪屏	61
防摔	61
阿宅	61
顶贴	61
丹敦	60
于辽	60
互骂	60
亚庇	60
像蛇	60
先训	60
几靓	60
半蹲	60
占区	60
叫赵	60
味甘	60
唇膜	60
四县	60
均设	60
小谭	60
小钰	60
手掰	60
推免	60
撸几	60
显脚	60
李村	60
条破	60
染染	60
浓情	60
涂满	60
港铁	60
煲粥	60
疫症	60
脚酸	60
腿摔	60
菇菇	60
赵总	60
跳湖	60
退退	60
酱爆	60
钱捐	60
铭铭	60
陆贞	60
领券	60
麻痺	60
黛西	60
乱搭	59
公瑾	59
六郎	59
县南	59
及伊	59
及皇	59
叫紫	59
各郡	59
咋恁	59
四夷	59
坡县	59
埼玉	59
大蟒	59
字拼	59
宅宅	59
少卿	59
属灵	59
张郃	59
德皇	59
念慈	59
息屏	59
戒撸	59
手拎	59
投档	59
搬书	59
撸妆	59
杆杆	59
柯克	59
民仍	59
河县	59
波叔	59
海牧	59
炸虾	59
王墓	59
瓶奶	59
田忌	59
红轴	59
耶斯	59
脖儿	59
脸宽	59
花滑	59
苻生	59
菜烧	59
藜麦	59
蛋饺	59
蟹棒	59
裤套	59
锤石	59
闹菇	59
雪梅	59
中乙	58
亚楠	58
信繁	58
减胸	58
剃成	58
君威	58
味增	58
唇刷	58
图评	58
声惊	58
奇犽	58
媚媚	58
屠狗	58
岛风	58
彪彪	58
德殿	58
怕烫	58
护甲	58
拆拆	58
捉鬼	58
朗逸	58
朵蜜	58
权游	58
李庄	58
杰锅	58
桑班	58
汤米	58
沈腾	58
溜肩	58
火煮	58
炮炸	58
烟烟	58
熟熟	58
熬制	58
犬养	58
瑶哥	58
瓶邪	58
碧咸	58
粽叶	58
老岳	58
股神	58
背诗	58
莉娜	58
藩主	58
貂绒	58
趁乱	58
路窄	58
踩空	58
辉腾	58
锅炒	58
闪灯	58
阿丁	58
陈光	58
雏田	58
雷总	58
鬼卞	58
丁哥	57
东郡	57
丽姬	57
傣妹	57
充卡	57
先撩	57
全拆	57
南逃	57
卜卜	57
及副	57
召入	57
叶叶	57
咸咸	57
填错	57
增增	57
大渔	57
夹饼	57
奕儿	57
字尾	57
工藤	57
帝元	57
幻城	57
强撩	57
性仍	57
悍马	57
挠墙	57
朱婷	57
林氏	57
柯凡	57
桶桶	57
梨汤	57
榛果	57
欲立	57
武氏	57
沌口	57
沙冰	57
混圈	57
煎熟	57
疯跑	57
皆无	57
皇茶	57
皎月	57
竹鼠	57
箕子	57
翠浓	57
腿抖	57
航飞	57
藤井	57
街站	57
袭胸	57
诸部	57
谱线	57
边撸	57
遭黑	57
镰鼬	57
雪鸮	57
青丘	57
鲜香	57
七郎	56
临牌	56
二厂	56
催稿	56
入佛	56
叫孙	56
员村	56
女雏	56
宣宣	56
小僧	56
小婧	56
小瑛	56
张译	56
德博	56
敲鼓	56
暗角	56
林根	56
格尼	56
梳梳	56
水涨	56
洞内	56
瀚哥	56
猪羊	56
破嘴	56
稍显	56
笔涂	56
米莉	56
维数	56
绿军	56
罗总	56
羽林	56
肋排	56
脚磨	56
茶饼	56
蔓蔓	56
蜱虫	56
读医	56
贤哥	56
赵敏	56
跟吴	56
连刷	56
迪尔	56
酸角	56
镇东	56
雨晴	56
雷尔	56
雷拉	56
靓汤	56
鞋配	56
韩代	56
食饱	56
香蜜	56
驴驴	56
下旨	55
业占	55
云墙	55
佐敦	55
先涂	55
升舱	55
卖烟	55
变灰	55
合辑	55
呆梨	55
城守	55
婷妹	55
存稿	55
宗李	55
小媛	55
小帆	55
尬酒	55
尾鱼	55
川郡	55
张謇	55
怕漏	55
怠速	55
拿瓶	55
搬搬	55
摁住	55
教圣	55
普惠	55
普货	55
李慧	55
格蕾	55
桑格	55
桥桥	55
梅岭	55
炒冰	55
牵狗	55
猫吸	55
璇儿	55
瓣儿	55
田字	55
硬扛	55
祥鹏	55
窗关	55
站亦	55
粘手	55
精酿	55
纳达	55
美梨	55
肉嫩	55
胎停	55
莲莲	55
莺莺	55
葱哥	55
蒂亚	55
虫洞	55
虽未	55
裙底	55
醋泡	55
野怪	55
金妮	55
钱赔	55
钻三	55
镇镇	55
闭麦	55
雪琪	55
音痴	55
餐补	55
饼店	55
驼驼	55
黑棋	55
予新	54
互掐	54
仟吉	54
俄斯	54
偏黑	54
充份	54
力捧	54
卖腐	54
双杀	54
双翘	54
咖位	54
园站	54
图私	54
外审	54
宛平	54
客村	54
小怡	54
左脑	54
布展	54
希律	54
帝建	54
年闰	54
幼猫	54
张券	54
张拼	54
微群	54
怕虐	54
戎狄	54
扣图	54
抹平	54
捂紧	54
旧鞋	54
晓琳	54
晓霞	54
曝出	54
李永	54
条链	54
极挑	54
柚柚	54
桥区	54
溪等	54
溴化	54
燃脂	54
狂流	54
玉玲	54
琦善	54
琶洲	54
禁摩	54
稳坐	54
箱装	54
紫紫	54
红枫	54
纯露	54
纸媒	54
胖伦	54
膏体	54
舍堂	54
花桥	54
若若	54
蕉蕉	54
藕汤	54
袁术	54
袜袜	54
西固	54
观鸟	54
财院	54
足贴	54
踩雪	54
野区	54
钢镚	54
钰姐	54
阿勇	54
阿炳	54
陆毅	54
陪产	54
雅婷	54
面诊	54
飙戏	54
鱼籽	54
鼠婆	54
二驴	53
俊介	53
偏冷	53
先闪	53
卓玛	53
卡诺	53
叫魏	53
嘉宝	53
嘴套	53
噌噌	53
嚼嚼	53
奥莱	53
姗儿	53
子扒	53
封校	53
小邓	53
广警	53
弘大	53
弘毅	53
张俊	53
悟透	53
控卫	53
晴雨	53
条漫	53
柳屋	53
栗栗	53
汤煮	53
油塘	53
浩克	53
烤奶	53
率仍	53
甜虾	53
砲台	53
硬挤	53
神犬	53
稿写	53
索吻	53
纳塔	53
终稿	53
肠姐	53
艳俗	53
若风	53
董卿	53
蛇妖	53
蛋煮	53
补番	53
赏景	53
车锁	53
车陂	53
锁区	53
零九	53
青玉	53
魏氏	53
鱼旦	53
鲁尼	53
齐秦	53
举举	52
亚索	52
俺妹	52
加埋	52
卉姐	52
反撩	52
吐嘈	52
品均	52
唐文	52
喊楼	52
场踢	52
坏牙	52
塔建	52
姚笛	52
娶谁	52
子婴	52
宁王	52
小芽	52
帖文	52
建川	52
德曾	52
截团	52
拼豆	52
捋捋	52
斯佩	52
旅团	52
晓敏	52
染黄	52
桓桓	52
波夫	52
泰禾	52
溪南	52
溪溪	52
灵帝	52
爆辣	52
状或	52
狗爪	52
王朱	52
王鸥	52
玮哥	52
琴桥	52
盲拧	52
神掌	52
穷富	52
简餐	52
糖拌	52
练肩	52
老肖	52
耙耙	52
肥兔	52
荣荣	52
蛋堡	52
讨薪	52
跟赵	52
转笔	52
钱扣	52
队输	52
阿旺	52
院亦	52
难剥	52
非遗	52
马仔	52
鱼钓	52
鹅腿	52
麦蒂	52
三桶	51
世茂	51
东巡	51
买罐	51
俄航	51
入禁	51
兰尼	51
冰饮	51
冻膜	51
南邮	51
友兼	51
叫叶	51
召公	51
台亦	51
均具	51
均指	51
块玉	51
奉先	51
奕宝	51
孙楠	51
尊尊	51
左肩	51
庾亮	51
形石	51
彬姐	51
慧儿	51
扫福	51
拿盆	51
挡挡	51
撸两	51
明侦	51
木糠	51
李唐	51
桐华	51
桥站	51
油润	51
泡仔	51
泰民	51
泳姿	51
灰霾	51
炫炫	51
玉亮	51
瑞吉	51
甜宠	51
盲僧	51
破厂	51
种竹	51
练熟	51
肠镜	51
腿袜	51
菜泥	51
虾堡	51
装醉	51
诸佛	51
诸臣	51
边摘	51
邓艾	51
郭襄	51
金叹	51
金紫	51
锐锐	51
阿翔	51
难掩	51
雨佳	51
驴脸	51
魂十	51
黄歇	51
三薪	50
下邳	50
世杰	50
乡非	50
乱传	50
于诸	50
佛佛	50
先垫	50
兵向	50
嘉文	50
坟前	50
埴轮	50
寺建	50
帝曾	50
幻夜	50
建寺	50
建屋	50
微盘	50
忙季	50
拜耳	50
拿烟	50
搬至	50
斯波	50
昌路	50
晓婷	50
普雅	50
染烫	50
柴田	50
正焕	50
求财	50
汐汐	50
汪涵	50
沪上	50
由威	50
登仙	50
瞎弄	50
秋招	50
秋款	50
策策	50
胧月	50
腰封	50
至宋	50
船船	50
莫尼	50
莱莱	50
菌中	50
菌汤	50
葱香	50
蓝罐	50
补翻	50
袁氏	50
踢爆	50
追番	50
邑人	50
闵妃	50
页纸	50
马哲	50
鱼咬	50
黑紫	50
乔哥	49
于执	49
亚兰	49
亦舒	49
亦遭	49
亭等	49
令停	49
伊迪	49
伏波	49
入秦	49
六顿	49
共枕	49
兵追	49
冒顿	49
军侵	49
刘宏	49
卫庄	49
即撤	49
县制	49
县及	49
双扣	49
变靓	49
史纪	49
各邦	49
向伊	49
唐晶	49
嘴肿	49
囧事	49
围圈	49
土归	49
地扩	49
坡姐	49
境旅	49
壕姐	49
妆造	49
姬姓	49
将李	49
小曦	49
小铭	49
少挨	49
屋滴	49
巨烦	49
巴耶	49
帘儿	49
幽王	49
度稍	49
征南	49
德宣	49
惠文	49
托雷	49
拽起	49
挡水	49
捂胸	49
捞您	49
揪掉	49
摆架	49
敌众	49
料盒	49
昂坪	49
普适	49
晶哥	49
曲屏	49
曾将	49
权并	49
李富	49
条烟	49
染粉	49
根硕	49
桐花	49
桑害	49
棉城	49
棋棋	49
椒辣	49
河童	49
泪泪	49
洲区	49
洲站	49
洲首	49
派官	49
涉入	49
湖村	49
湘湖	49
火币	49
烦喔	49
燕兵	49
狗笼	49
王忠	49
王若	49
现辖	49
由伊	49
皆未	49
盆装	49
神拳	49
立党	49
纸糊	49
统派	49
翘掉	49
肉割	49
胡兰	49
胡建	49
腰窝	49
腿翘	49
舞房	49
艾菲	49
若梦	49
莫乱	49
行祭	49
许某	49
谢玄	49
赫勒	49
赫曼	49
赵氏	49
越稀	49
跟妳	49
踏浪	49
软广	49
途锐	49
速升	49
速奔	49
遛猫	49
酱味	49
酱拌	49
闪充	49
队夺	49
防共	49
雷泽	49
韵韵	49
页游	49
顺拐	49
顿奶	49
黑衬	49
齐飞	49
互互	48
亚战	48
仲话	48
份炸	48
伊洛	48
伯尼	48
佳敏	48
俺咋	48
克伯	48
入洞	48
全尸	48
共渡	48
内卫	48
凡尼	48
刘叔	48
助助	48
华妃	48
华街	48
卖饼	48
及避	48
史瓦	48
右右	48
号厅	48
合戈	48
吐糟	48
吴军	48
员奖	48
品亦	48
唐军	48
售版	48
嘉莉	48
嘴毒	48
声雷	48
壳类	48
奥赛	48
姚小	48
婷宝	48
季季	48
宇轩	48
室聚	48
小睿	48
尔库	48
尔汗	48
尔济	48
尔莫	48
尬吹	48
尼埃	48
山采	48
岸山	48
平郡	48
座寺	48
座房	48
廷臣	48
归元	48
德妃	48
德府	48
志鹏	48
悠唐	48
惠惠	48
成煤	48
手缝	48
抓虫	48
招骂	48
挖宝	48
接档	48
摘桃	48
撞鞋	48
收旧	48
收窄	48
敢爬	48
斑咋	48
料足	48
族史	48
晋文	48
朱嘉	48
李叔	48
杜克	48
条废	48
林育	48
柏德	48
步舞	48
死扛	48
江郡	48
沙普	48
浦县	48
浪货	48
海泉	48
淡香	48
激吻	48
灭敌	48
熊仔	48
父父	48
版刊	48
牛肝	48
犬类	48
王伐	48
王祥	48
玛西	48
球桌	48
田山	48
由俄	48
甲减	48
白凤	48
皂骗	48
盆骨	48
码扫	48
示某	48
移轴	48
米粽	48
纠纠	48
红陶	48
翠屏	48
背壳	48
脑癌	48
膜质	48
英祖	48
莞城	48
菜粥	48
落梅	48
蒙塔	48
蛮烦	48
衫穿	48
袋套	48
裔民	48
裹胸	48
赫歇	48
边晃	48
邦公	48
钻钻	48
银雪	48
锅煎	48
队撤	48
阿柴	48
饮杯	48
馀总	48
高岗	48
鸣哥	48
丑穷	47
业税	47
丽叶	47
乃神	47
云峰	47
亚鹏	47
亦推	47
产烟	47
仁显	47
从钻	47
低筋	47
体呈	47
侯氏	47
俊宇	47
偏财	47
偷摘	47
兔腿	47
全遮	47
共抗	47
养犬	47
冻柠	47
凌凌	47
剑仙	47
副团	47
劲夫	47
华伦	47
卤猪	47
双膝	47
叫壮	47
台籍	47
史古	47
司副	47
吸鼻	47
唇线	47
喂兔	47
嗷叔	47
团副	47
土瓜	47
型农	47
型蛮	47
塘镇	47
声呼	47
奏音	47
奶凶	47
奶喂	47
宁读	47
封袋	47
尼普	47
左胸	47
巨饿	47
布隆	47
平井	47
张氏	47
德瓦	47
忒贵	47
慢摇	47
慢递	47
慧琳	47
憋闹	47
成杆	47
托瓦	47
扣鼻	47
拨片	47
按脚	47
揪咪	47
敢拼	47
斤猪	47
斤称	47
旗兵	47
映红	47
晓庆	47
晕掉	47
晶宝	47
暴揍	47
曾派	47
李泰	47
杨丽	47
杨广	47
林街	47
枣粽	47
榨成	47
歌荒	47
毁图	47
汗汗	47
沿山	47
洗鼻	47
渡金	47
漏肩	47
火燃	47
烧屏	47
爬虾	47
牙酸	47
狗牵	47
猴妹	47
玛尔	47
理兼	47
琳儿	47
瑜姐	47
瓜丝	47
瓜蛋	47
略坑	47
百惠	47
盖伦	47
石距	47
磕掉	47
神赐	47
福佬	47
种倾	47
种胶	47
纯元	47
群狼	47
耳旁	47
肌研	47
育良	47
舒克	47
获批	47
薛薛	47
街旁	47
豆树	47
连袜	47
退社	47
逃单	47
逃港	47
途牛	47
遣兵	47
陆总	47
难啃	47
露腰	47
音寺	47
顶饱	47
顾村	47
马猴	47
麦吉	47
黄村	47
龟孙	47
丹总	46
乱编	46
仍将	46
令史	46
伯丁	46
健叔	46
全俄	46
全抛	46
八叉	46
冯唐	46
冯导	46
冰莓	46
华贸	46
华附	46
卖玉	46
南跨	46
卢斯	46
受侵	46
台县	46
叹世	46
吴建	46
吹凉	46
吾身	46
喝浓	46
囤肉	46
囧死	46
士皆	46
声震	46
套摘	46
嫩滑	46
宋金	46
宗病	46
室搬	46
察组	46
射或	46
尔丁	46
屋建	46
岛岛	46
岛战	46
岸海	46
川区	46
巨慢	46
帽纸	46
庄镇	46
建县	46
弄疯	46
式创	46
律委	46
惟庸	46
慎入	46
憋怕	46
戚风	46
手砍	46
扔扔	46
折向	46
撕纸	46
斜街	46
斯隆	46
昌府	46
晓娜	46
景宗	46
智孝	46
替您	46
李晓	46
柒爷	46
桐妹	46
森田	46
次扩	46
武臣	46
河航	46
泪落	46
混剪	46
渐强	46
湘琴	46
溶脂	46
煮酒	46
燕楚	46
玩蛇	46
瓜叶	46
田站	46
田镇	46
症或	46
症治	46
白棋	46
盖骨	46
票否	46
种艰	46
站撸	46
米粹	46
粤汉	46
糊脸	46
署驻	46
者曰	46
肾六	46
胃饿	46
胞器	46
胸型	46
色渐	46
茄盒	46
荣升	46
董董	46
蒂尼	46
蕾哥	46
薛渣	46
质层	46
辉月	46
辖县	46
连银	46
逸凡	46
遣部	46
金宇	46
金棕	46
镇建	46
闯哥	46
阿坤	46
雀神	46
雨阴	46
靠前	46
韩币	46
韩货	46
首评	46
驴牌	46
驻美	46
鱼烤	46
三苗	45
专坑	45
丘丘	45
丽景	45
乐巢	45
于晋	45
亲核	45
令撤	45
伊布	45
值增	45
兑点	45
军围	45
冷链	45
刀划	45
刘嘉	45
刮毛	45
割喉	45
力扩	45
古仔	45
右侍	45
吴倩	45
吸猪	45
员职	45
咋镇	45
嘉德	45
城塔	45
夜铺	45
头扁	45
夹棉	45
奖颁	45
季播	45
宏宇	45
小冯	45
小蚁	45
尝尽	45
岩井	45
川陕	45
巧碰	45
巴骨	45
序集	45
廖廖	45
张凳	45
张昭	45
形符	45
待宰	45
志编	45
怼谁	45
惯蛋	45
承宗	45
抓羊	45
抗炎	45
拜县	45
拽住	45
按赞	45
挠心	45
捡捡	45
收妖	45
攻战	45
敢嫁	45
斗战	45
无盐	45
既保	45
昭烈	45
晓慧	45
曹总	45
月抛	45
杜卡	45
杨秀	45
枪哥	45
染紫	45
栗田	45
桐姐	45
梁氏	45
植于	45
楼街	45
毛寸	45
水淋	45
海捞	45
湿衣	45
炒黄	45
炼奶	45
烤鹅	45
狗舔	45
球探	45
琳达	45
瓶百	45
甲厚	45
畅姐	45
登城	45
登岛	45
盗猎	45
眼盲	45
石溪	45
破甲	45
碗莲	45
科迪	45
竹伞	45
紫玉	45
红岩	45
缩胸	45
缺牙	45
罗亚	45
翅尖	45
肉燕	45
肥妞	45
胡牌	45
脚跳	45
舔颜	45
航客	45
船戏	45
芋亲	45
菊菊	45
菌群	45
蛮顺	45
袁文	45
诗佳	45
诗琪	45
诺森	45
贝嫂	45
踩碎	45
车刮	45
车巡	45
辆保	45
边钓	45
辽朝	45
逛遍	45
部呈	45
量逐	45
钢炼	45
锦曦	45
陆巡	45
雅居	45
雨浇	45
雪冻	45
雷吓	45
霆霆	45
顶饿	45
项决	45
颗拔	45
馆呆	45
马桥	45
魏文	45
鲜核	45
鸦科	45
黄盖	45
齐耳	45
万茜	44
丫蛋	44
丰唇	44
丹红	44
乱吹	44
于寻	44
于淮	44
亡至	44
亦取	44
从洛	44
众群	44
伞伞	44
低座	44
体锻	44
停招	44
傻愣	44
克塔	44
冒著	44
冻奶	44
切丁	44
创城	44
利佩	44
剁脚	44
剪碎	44
副科	44
劈酒	44
加蒜	44
变嫩	44
古卷	44
史编	44
叶茶	44
名涉	44
含著	44
吴忠	44
吴文	44
吹落	44
命挣	44
咳醒	44
喇沙	44
嘞您	44
团签	44
国梁	44
坨黑	44
坪村	44
型船	44
域市	44
域或	44
墓主	44
处搜	44
奶霜	44
委党	44
威治	44
孟勇	44
定剂	44
小蒋	44
尾指	44
层薄	44
屏摔	44
屯儿	44
岩等	44
岸交	44
已捐	44
师兼	44
年赴	44
庙内	44
延毕	44
廷派	44
弦断	44
德勤	44
忒远	44
志村	44
急撒	44
恶熏	44
懒货	44
手劈	44
打啵	44
拨乱	44
拿针	44
指按	44
摘几	44
放姜	44
放蒜	44
斯凯	44
易辨	44
晒晕	44
普敦	44
景隆	44
林尼	44
林村	44
柴烧	44
桥建	44
椒粉	44
水猛	44
汗位	44
泉寺	44
浴盐	44
润土	44
淮师	44
湿妹	44
溪村	44
滴吖	44
炭烤	44
爷赏	44
狼崽	44
狼族	44
玄龄	44
瑶湖	44
瓜货	44
瓣蒜	44
界仍	44
益受	44
相轮	44
社招	44
种潜	44
科创	44
穷矮	44
笔盖	44
籍法	44
索拉	44
红棕	44
纳吉	44
给扒	44
群攻	44
肉甩	44
脚伸	44
脚滑	44
腰精	44
色荷	44
蒸脸	44
藕带	44
虐爆	44
蛇果	44
蛮乖	44
蛮痛	44
蛮萌	44
血吐	44
角亭	44
豹豹	44
贺总	44
趁夜	44
跟薛	44
酒壮	44
锅炸	44
锋锋	44
锦瑟	44
长驻	44
阿芳	44
陈凯	44
陈嘉	44
隆武	44
雕牌	44
需付	44
静秋	44
魏总	44
黑爪	44
黑轴	44
齐市	44
三厢	43
三罐	43
专享	43
予公	43
二乙	43
仍称	43
佛瑞	43
供客	43
依规	43
兵军	43
刚捡	43
利曼	43
剑姬	43
副厂	43
割眼	43
南撤	43
厅内	43
厚叶	43
口井	43
听涛	43
园逛	43
坑跳	43
堡城	43
夏款	43
夫仔	43
姜狗	43
孝利	43
宋王	43
宗朝	43
宾宾	43
尼叔	43
届金	43
巨根	43
布森	43
帕米	43
帝御	43
帝斯	43
带绑	43
并兼	43
庆府	43
座石	43
康托	43
式亦	43
怕挤	43
慈恩	43
戒网	43
戴银	43
手抠	43
扎俩	43
扫弦	43
承宣	43
拜祖	43
揉腿	43
撕撕	43
撤至	43
收邮	43
数乘	43
斯潘	43
新湘	43
旋式	43
星闪	43
曼巴	43
朝军	43
朱丽	43
林昭	43
染灰	43
梁桥	43
梦琪	43
欧欧	43
水龟	43
沫姐	43
浪奔	43
湖湖	43
滑蛋	43
潭城	43
澳村	43
烟嗓	43
玄策	43
琳妹	43
瓦希	43
瓦数	43
甄姬	43
登斯	43
盒糖	43
盾形	43
破窗	43
禁枪	43
种棵	43
称布	43
站乘	43
竞品	43
端设	43
笨港	43
签绘	43
糖含	43
纸壳	43
羽色	43
胡军	43
脸涂	43
色墨	43
色横	43
苍狗	43
苏德	43
蓝蛙	43
薇姿	43
藏著	43
融创	43
袄袄	43
设县	43
诺记	43
谷深	43
贴士	43
贼慢	43
贼瘦	43
越笨	43
趟南	43
跨江	43
车绕	43
辣莫	43
辫辫	43
辽军	43
退宿	43
金圣	43
阁中	43
阳侯	43
阴转	43
阿梅	43
陈欧	43
隔著	43
雷利	43
青虫	43
静淡	43
鞋踩	43
颗药	43
骨裂	43
鲁东	43
鲁姆	43
主翼	42
丽娟	42
于缓	42
互射	42
井村	42
亡及	42
亦向	42
修宪	42
催死	42
先跪	42
免引	42
兔丁	42
兴镇	42
典典	42
养蛇	42
凤迷	42
刀杀	42
列维	42
初升	42
初登	42
剪秃	42
半罐	42
原郡	42
及俄	42
叔孙	42
古蜀	42
叫杠	42
叫狼	42
哀公	42
圆框	42
埃弗	42
堆糖	42
壕哥	42
夹脚	42
妆卸	42
嫩妹	42
孔卡	42
孙越	42
孟哥	42
安藤	42
宋总	42
尊佛	42
尼耶	42
局官	42
岸各	42
左距	42
巨困	42
床旁	42
形塑	42
怡良	42
抚司	42
拆弹	42
拉森	42
拿胶	42
掘地	42
控屏	42
搬货	42
搭背	42
敲醒	42
晒爆	42
李昌	42
条粉	42
松露	42
林彬	42
染蓝	42
标标	42
根笔	42
格伦	42
桌垫	42
档线	42
桶包	42
款笔	42
水呛	42
汁源	42
泉港	42
波仔	42
港普	42
溪市	42
烤豆	42
煎堆	42
熊爪	42
牢饭	42
犯蠢	42
狂骂	42
狼叫	42
玄女	42
玉凤	42
王仁	42
珊娜	42
疯抢	42
皂皂	42
石佛	42
硬凑	42
站搜	42
筑梦	42
粥或	42
绿园	42
肤霜	42
脆香	42
脚冻	42
脸歪	42
良良	42
苏牙	42
莫宁	42
装厂	42
视若	42
论引	42
贼疼	42
赫蒂	42
越污	42
辣咸	42
送盒	42
通桥	42
郑信	42
采蜜	42
销商	42
院宣	42
零卡	42
顶俩	42
顿麻	42
鸭皮	42
鹤鹤	42
丘比	41
乙女	41
于埃	41
享卡	41
仁孝	41
仗打	41
代祖	41
令英	41
仿妆	41
伊恩	41
伯夷	41
何俊	41
傻左	41
冒鼻	41
刷频	41
加插	41
劲浪	41
勺勺	41
包盒	41
北倾	41
区均	41
单倍	41
卫局	41
古韵	41
吉德	41
向偏	41
吴迪	41
呈圆	41
唱衰	41
喊疼	41
嘴喂	41
四缸	41
园景	41
固伦	41
土嗨	41
坐享	41
垂垂	41
士赢	41
头砍	41
套棉	41
奶迪	41
婚丧	41
守政	41
导导	41
寿春	41
射型	41
屁娃	41
崔哥	41
弊案	41
张膜	41
态射	41
患癌	41
打碟	41
托妞	41
抠手	41
抵台	41
拌拌	41
捏脚	41
排灯	41
攻攻	41
文氏	41
斯菲	41
族墓	41
曾毅	41
曾称	41
朴智	41
权派	41
李雅	41
杜尔	41
杜瓦	41
杯凉	41
林茂	41
柳柳	41
棉湖	41
次浇	41
欣兰	41
民登	41
汪叽	41
沙尔	41
洗肺	41
涛总	41
深宅	41
清莲	41
港港	41
溪路	41
潘总	41
火煎	41
灰棕	41
牙肿	41
牛吹	41
猫崽	41
玩梗	41
百汇	41
皇堡	41
盒马	41
碗杂	41
米饺	41
粥店	41
线延	41
线缝	41
罪判	41
翠园	41
耶罗	41
肠炒	41
肩颈	41
胃寒	41
脆片	41
芒岁	41
花亭	41
芳园	41
苑小	41
英斗	41
药停	41
莉诺	41
萨洛	41
藕夹	41
蛇哥	41
袋狼	41
裤扎	41
见妳	41
言归	41
赏雨	41
赚足	41
趴窗	41
软乎	41
远赴	41
郎将	41
醉蟹	41
重疾	41
金翅	41
门炮	41
阿扁	41
阿衡	41
际战	41
陈留	41
陕博	41
隔江	41
雷伊	41
雾山	41
静怡	41
高岭	41
高钙	41
龟哥	41
丑炸	40
且仍	40
丹朱	40
九堡	40
予特	40
仙君	40
众兴	40
体侧	40
侠留	40
修佛	40
倩儿	40
偷瓜	40
先撸	40
克郡	40
入蜀	40
共融	40
兼总	40
兽哥	40
冬歇	40
凯丽	40
刘佳	40
利雅	40
刺球	40
剧慌	40
副导	40
助设	40
包砸	40
卿哥	40
厂妹	40
压群	40
友捐	40
叫凤	40
叫宋	40
叫朱	40
叫炫	40
吴氏	40
员均	40
售空	40
回攀	40
图君	40
均曾	40
坊主	40
块肌	40
填填	40
墙绘	40
士阶	40
夏乏	40
孟孟	40
季尾	40
宋城	40
客乘	40
客亦	40
小柒	40
尔迪	40
尚浅	40
川博	40
市均	40
庄王	40
底搬	40
延线	40
弄熟	40
张碟	40
弹击	40
强扭	40
待腻	40
急缺	40
恶评	40
惹惹	40
慢炖	40
懒鱼	40
或延	40
戴震	40
扫掉	40
抓稳	40
抗造	40
挠破	40
捕并	40
搞莫	40
敢删	40
敢怼	40
敢闯	40
断触	40
斯宣	40
昕爷	40
星磁	40
昭文	40
晓丹	40
晓晨	40
条绳	40
松竹	40
枚红	40
柔克	40
梁王	40
楼搬	40
水亭	40
汁或	40
洁宝	40
添添	40
渐浓	40
港街	40
滑马	40
炎哥	40
爆屏	40
狂推	40
甘噶	40
画粗	40
砸店	40
碧婷	40
磊小	40
秒抢	40
级舰	40
级虐	40
线雕	40
网综	40
翔姐	40
肠宝	40
肿摸	40
背朝	40
臣皆	40
花枯	40
若遇	40
葛葛	40
薇拉	40
虎泉	40
蛙桑	40
血霉	40
袄裙	40
袋盐	40
袖衫	40
裤纸	40
赏赏	40
辖第	40
速撤	40
遭破	40
酒托	40
量繁	40
金珠	40
队签	40
阿宽	40
陈寿	40
陈陈	40
院创	40
陵市	40
露沟	40
鞋纸	40
韩束	40
饮醉	40
馀音	40
驻韩	40
鸭货	40
且逐	39
二郡	39
仁皇	39
令吉	39
仲景	39
仿版	39
伊阿	39
佳宁	39
俄代	39
俩逛	39
倍价	39
倩哥	39
偏咸	39
傻噶	39
先拆	39
光扫	39
克泰	39
六卿	39
兰岛	39
兵援	39
冰梅	39
凹出	39
列侯	39
医森	39
千页	39
叫诺	39
叶树	39
向井	39
向唐	39
向宋	39
君莫	39
含含	39
启停	39
吵翻	39
吹翻	39
咬胶	39
唐努	39
啃脚	39
嗒滴	39
国侵	39
圣祖	39
埃姆	39
域各	39
堡市	39
墨夫	39
奕星	39
奥莉	39
姓郭	39
娘炮	39
守敬	39
宠妻	39
宴遇	39
寒兮	39
察政	39
将采	39
尔戈	39
局赢	39
岛群	39
岩先	39
巨魔	39
带框	39
帮扩	39
并促	39
庄公	39
廷政	39
弗林	39
彭佳	39
彭越	39
思婷	39
性描	39
恩菲	39
惊惊	39
憋缩	39
截查	39
截胡	39
扒掉	39
抗抗	39
拓新	39
指鹿	39
挤瘦	39
敢捡	39
施泰	39
族占	39
春田	39
昭仪	39
晓波	39
暗黄	39
未脱	39
朱丹	39
权转	39
杜伯	39
柏特	39
根杆	39
格纹	39
格裙	39
桂桂	39
梁文	39
椒鸡	39
楚汉	39
歌榜	39
殿等	39
毅行	39
泊中	39
波卓	39
泰森	39
洲共	39
浮浮	39
湿弟	39
满墙	39
漆面	39
烫熟	39
物吞	39
狼狼	39
猪肺	39
猫喂	39
王乃	39
王蒙	39
玲玉	39
球袜	39
瓜糖	39
瓦洛	39
瓷盆	39
痘疤	39
石村	39
社恐	39
秀玉	39
秀胸	39
种凄	39
程规	39
窄边	39
童靴	39
竹竹	39
等朕	39
箱酒	39
糖耐	39
绿标	39
缘未	39
罩罩	39
置郡	39
翻盆	39
老卢	39
老葛	39
肉堡	39
胸露	39
脆桃	39
腐剧	39
致郁	39
航洋	39
芙清	39
苦菊	39
英朗	39
菲德	39
萨卡	39
藤椒	39
血橙	39
裤链	39
诗巫	39
请埋	39
课逃	39
贴寻	39
赵州	39
边搓	39
遣官	39
遭冷	39
郑氏	39
铺装	39
陈玉	39
雨婷	39
雷吉	39
青泥	39
静雯	39
颗桃	39
骨鱼	39
乃令	38
乃命	38
买貂	38
互损	38
亦足	38
从秦	38
付各	38
令德	38
令李	38
件灰	38
使敌	38
允远	38
先抑	38
光凭	38
兔砸	38
党宣	38
党治	38
入肺	38
全撤	38
共辖	38
兼第	38
冰鲜	38
分遣	38
刘浩	38
初封	38
利嘉	38
利埃	38
券买	38
剑门	38
单蠢	38
卿等	38
县隶	38
双剑	38
叶飘	38
向窗	38
吵赢	38
吾识	38
嘉慧	38
噶野	38
圣玛	38
址及	38
坐窗	38
城郡	38
士均	38
奉佛	38
奖奖	38
奴主	38
姆尼	38
姓何	38
守将	38
宗命	38
尼赫	38
尾箱	38
布殊	38
帝登	38
帮俺	38
弘文	38
德培	38
德瑞	38
戒戒	38
投屏	38
抗英	38
拉踩	38
拖慢	38
拖稿	38
挡刀	38
挡枪	38
揍扁	38
握著	38
搁谁	38
撤往	38
族官	38
昌岗	38
晃醒	38
晋元	38
晒鞋	38
曹格	38
柳氏	38
树牢	38
格瑞	38
梦馨	38
欧联	38
永伴	38
汇金	38
沃夫	38
沃洛	38
沙宣	38
油滤	38
沾杯	38
法审	38
泛函	38
泥泥	38
洲古	38
浅金	38
浩森	38
涂厚	38
清嘉	38
港货	38
湖镇	38
溜猫	38
灵岩	38
烤虾	38
煮豆	38
熙哥	38
牧牧	38
狂冒	38
狂按	38
玄色	38
王丹	38
琪儿	38
琳宝	38
瑟尔	38
甩两	38
田城	38
略丑	38
盆养	38
益提	38
盲选	38
眉画	38
矿等	38
砖拍	38
硬拽	38
硬装	38
碗菜	38
秀策	38
私厨	38
称斤	38
程监	38
篇演	38
米娜	38
索托	38
红樱	38
红瓦	38
约埋	38
绳绳	38
耀宗	38
船渡	38
艳芳	38
药监	38
蓄奴	38
蓄起	38
蓝洞	38
藤田	38
西煤	38
谱法	38
贡井	38
贺图	38
赢咯	38
越丧	38
辈辈	38
连壳	38
连阴	38
迪米	38
遭晒	38
郎山	38
酥服	38
金吾	38
钟灵	38
钻二	38
阅尽	38
阴县	38
阿宋	38
陈村	38
院隔	38
霍士	38
靠外	38
香煎	38
马踏	38
鱼炖	38
鼠窝	38
丁典	37
七塔	37
书币	37
乱按	37
于贫	37
仰恩	37
价购	37
伤敌	37
信忠	37
先填	37
免权	37
入腐	37
全剃	37
兵退	37
动卧	37
包扔	37
化监	37
卷胶	37
厅坐	37
右左	37
吾见	37
唇薄	37
唯伊	37
啪叽	37
城陷	37
套戴	37
姓马	37
孝王	37
孟非	37
宗伯	37
宫苑	37
射至	37
小凸	37
尬尬	37
层冰	37
层设	37
川秀	37
希慎	37
帝乃	37
帝永	37
府副	37
弄晕	37
急增	37
性溶	37
慧珍	37
截停	37
扎嘴	37
抢龙	37
抹金	37
拍扁	37
拿砖	37
据李	37
揉奶	37
搞乃	37
搭嘎	37
攀攀	37
教籍	37
敢翘	37
斜向	37
斯旺	37
星芒	37
春申	37
晓雯	37
暗涌	37
暗纹	37
月湾	37
月痕	37
朱由	37
李牧	37
李若	37
村炮	37
杯鸡	37
林绿	37
柯川	37
树倒	37
梅耶	37
械等	37
椰香	37
橘灿	37
次赴	37
款蓝	37
步骑	37
污王	37
沃思	37
治派	37
洛普	37
洲土	37
浪险	37
涨肚	37
淑妃	37
湿滑	37
灿荣	37
率亦	37
率均	37
珊妹	37
瑞奇	37
甄环	37
疏疏	37
破肚	37
科蜜	37
秒选	37
米虾	37
糕冰	37
纱纱	37
纳纳	37
编编	37
胸背	37
脚搭	37
艾丽	37
芬威	37
芬斯	37
花胶	37
苏胡	37
范增	37
茶轴	37
莎莉	37
萨罗	37
蛮嗨	37
蜂花	37
蜡梅	37
融城	37
训左	37
调岗	37
谢楠	37
豆君	37
贼萌	37
赵文	37
赵鼎	37
跨校	37
迎驾	37
返单	37
返黎	37
遂将	37
酒池	37
锐姐	37
队踢	37
阿衰	37
雪妮	37
雪封	37
震精	37
青萍	37
靖靖	37
颈霜	37
颗纯	37
颗青	37
馀霜	37
魔尊	37
鹏宝	37
黄旭	37
串戏	36
乘夜	36
乱填	36
乱评	36
于霍	36
互称	36
亭集	36
伯顿	36
佑佑	36
体仁	36
使秦	36
倾计	36
偏绿	36
先迈	36
光刺	36
刀刺	36
刘谦	36
利申	36
刷脂	36
割割	36
劝删	36
勋白	36
半残	36
占楼	36
卫团	36
及核	36
变蠢	36
叫徐	36
台徽	36
吴克	36
吴记	36
吾悦	36
咸辣	36
哄娃	36
唇语	36
喃字	36
善缘	36
噶举	36
囧哥	36
国栋	36
场蹲	36
址改	36
坤姐	36
域均	36
塘厦	36
奔仔	36
媛儿	36
孔孔	36
孔德	36
安亭	36
宋廷	36
客隆	36
寺碑	36
将增	36
小琦	36
差劣	36
希迈	36
并扩	36
庆盛	36
序及	36
座座	36
弯酸	36
役制	36
徐氏	36
微烫	36
怒怼	36
性菌	36
慎地	36
成浆	36
或紫	36
戚哥	36
戴防	36
手杆	36
扶扶	36
批卷	36
拉郎	36
挤坏	36
挪车	36
捉鱼	36
捕或	36
捞仔	36
捧脸	36
探清	36
揍谁	36
敢纹	36
敢赌	36
文哲	36
斯亦	36
施令	36
昌幸	36
星辉	36
昭武	36
晓龙	36
未登	36
机揉	36
杜德	36
杨瑞	36
杰娜	36
松枝	36
林派	36
枪枪	36
格诺	36
桂柳	36
桃汁	36
梅利	36
梅奔	36
梅根	36
武僧	36
泊湖	36
泪洒	36
测值	36
海澄	36
消痘	36
淑怡	36
清拆	36
港仍	36
港镇	36
湾镇	36
溜弯	36
滤水	36
爬坑	36
爱萍	36
狮山	36
狼王	36
玉珍	36
王兆	36
王峰	36
瓜熟	36
瓜馅	36
瓦瓦	36
甩饼	36
盘稳	36
盘虾	36
盛极	36
睿姐	36
砍妹	36
硕爷	36
碗冰	36
祖列	36
秋困	36
秋悲	36
种粘	36
站均	36
站搭	36
笋炒	36
笑崩	36
筋儿	36
筒形	36
粗腰	36
系噶	36
继伟	36
绿蓝	36
老婶	36
耐撕	36
股热	36
肺活	36
胎监	36
胡夏	36
胡氏	36
脚翘	36
脸捂	36
腿弯	36
膜撕	36
臣属	36
臭猫	36
至秦	36
致祭	36
舔毛	36
色遮	36
艾弗	36
芒芒	36
花苑	36
英凯	36
荆楚	36
莲华	36
薯泥	36
藤藤	36
虎牌	36
虾虎	36
蛋妞	36
蛮厚	36
蛮灵	36
蟹味	36
补漆	36
裙配	36
词夸	36
贝尼	36
贝爷	36
贼偷	36
赫哲	36
赫西	36
车漆	36
辰山	36
边挖	36
迪威	36
逢源	36
配粥	36
金茂	36
钻四	36
键琴	36
闷倒	36
隆咚	36
雅雯	36
雨彤	36
青啤	36
食盆	36
饼屋	36
骗砸	36
鱼炒	36
黄庭	36
齐军	36
丽雅	35
亦增	35
从俄	35
俊宏	35
傲骄	35
像泼	35
克氏	35
克瑞	35
入唐	35
兵伐	35
兵讨	35
兵队	35
凑九	35
刮坏	35
务官	35
勤换	35
半壶	35
华君	35
厚植	35
叉哥	35
及刑	35
及操	35
及膝	35
受浸	35
叫郭	35
右滑	35
君归	35
呈正	35
哀牢	35
唐史	35
商企	35
喵酱	35
均按	35
墙墙	35
夕瑶	35
外郭	35
奉神	35
套厚	35
姜维	35
孟氏	35
孤舟	35
守墓	35
官塘	35
尊孔	35
层塔	35
展昭	35
岸建	35
崽种	35
州洛	35
州避	35
帝刘	35
式仍	35
归汉	35
征征	35
微扰	35
忒热	35
念祖	35
急呼	35
憋瞎	35
战阶	35
扫楼	35
抓板	35
拉氏	35
招群	35
拿督	35
指廊	35
挨咬	35
挨浇	35
揉进	35
搭噶	35
攒足	35
散骑	35
斯摩	35
春县	35
显粗	35
晓兰	35
曼殊	35
朕准	35
权归	35
李亚	35
杜南	35
条丝	35
条腰	35
极细	35
枚帅	35
桥街	35
梦溪	35
棚拍	35
樱园	35
死盯	35
氏朝	35
沙瓦	35
派专	35
浩宇	35
涂卡	35
湿掉	35
湿父	35
溶豆	35
滩边	35
潘妮	35
灰豆	35
炉煮	35
炖羊	35
燕塘	35
燕妮	35
牛丸	35
独钓	35
猛踩	35
率值	35
琪宝	35
琴社	35
瓶砸	35
由荷	35
白庙	35
皮剥	35
盘麻	35
硬扯	35
碎形	35
碗茶	35
碗香	35
秀芬	35
秦兵	35
秦昊	35
程浩	35
稳翻	35
籍或	35
粪蛋	35
糊辣	35
纳姆	35
综英	35
绿厂	35
置县	35
署及	35
者抄	35
肥噶	35
肥鹅	35
胎压	35
脚抬	35
臭麻	35
舰桥	35
色稍	35
若依	35
茨瓦	35
荷莉	35
莉塔	35
莉香	35
萌兔	35
薇哥	35
蛮熟	35
蛮闲	35
蜀郡	35
袁尚	35
袁泉	35
裙撑	35
贼迷	35
贾母	35
赫利	35
赴前	35
超浓	35
辅国	35
辱华	35
边刮	35
达维	35
达阵	35
迪欧	35
逃逃	35
递刀	35
速退	35
遭毒	35
遭骗	35
郑总	35
酱豆	35
量饮	35
银龙	35
长痣	35
雨薇	35
雾松	35
震器	35
霜涂	35
颗石	35
飞鹤	35
馍夹	35
香氛	35
驴叫	35
高筋	35
鱼馅	35
鹿岛	35
三舅	34
丝饼	34
举脚	34
乐兮	34
于崇	34
互撸	34
伊芙	34
伯尔	34
侯世	34
储值	34
傻嗨	34
先卸	34
先踩	34
入伊	34
兰皇	34
兵征	34
军炮	34
凝凝	34
凝露	34
刚踏	34
删评	34
剥蒜	34
加椰	34
化繁	34
占尽	34
卢克	34
卧蝉	34
向敌	34
向欧	34
呈三	34
唯九	34
喊抓	34
嘉伟	34
地僧	34
均占	34
坤叔	34
塔莉	34
外翘	34
头蒜	34
奔兄	34
奥普	34
奶浴	34
奶罐	34
姗妹	34
孔变	34
宏毅	34
宗伟	34
小廖	34
尚昆	34
尸案	34
尼曾	34
届选	34
属鼠	34
川河	34
川湖	34
巨猪	34
巾包	34
布缝	34
店镇	34
廖化	34
建塔	34
御剑	34
德裔	34
忒斯	34
性氧	34
恭帝	34
悄摸	34
扛旗	34
执医	34
承旨	34
抗痘	34
折折	34
拉埋	34
拌凉	34
拓土	34
招虫	34
掉钻	34
搓掉	34
摆宴	34
敢扔	34
文溪	34
料供	34
施莱	34
日舰	34
春燕	34
普曼	34
杀队	34
李玮	34
杜总	34
杜拜	34
杜林	34
杯粥	34
杰森	34
林亦	34
林洋	34
林爸	34
林银	34
柒姐	34
染浅	34
柴静	34
格妮	34
桌板	34
梅村	34
楠妹	34
橙味	34
橙武	34
欠虐	34
欲杀	34
步迈	34
汁味	34
汁肉	34
池旁	34
泰康	34
津威	34
洲巡	34
淋坏	34
淮西	34
深植	34
港尾	34
灭世	34
烈皇	34
热垫	34
煮糊	34
煮锅	34
犬种	34
犯冲	34
狂轰	34
狗叼	34
献吻	34
球厅	34
琪妹	34
瓶蓝	34
由澳	34
皆受	34
砸醒	34
碗辣	34
种辅	34
科洛	34
秦镇	34
穆雷	34
童款	34
箱箱	34
米洛	34
糖罐	34
纯甄	34
纯绿	34
纳森	34
翅目	34
翠柳	34
翰娜	34
耐滴	34
肖战	34
肠肥	34
膏涂	34
艘小	34
藏密	34
蛮细	34
蠢死	34
血药	34
袖或	34
裹裹	34
言既	34
请睁	34
诺奖	34
赫巴	34
跟郭	34
踩奶	34
软桃	34
辅臣	34
逝于	34
邓邓	34
醉氧	34
野噶	34
野钓	34
防霾	34
阿汪	34
陀陀	34
陈德	34
陈酿	34
降档	34
雅邦	34
雨欣	34
雷剧	34
霞妹	34
颗枣	34
风袭	34
马锡	34
鱼洞	34
鸽王	34
鹿攻	34
麻椒	34
鼠粮	34
龙兄	34
丁墨	33
东涌	33
丢伞	33
乃敢	33
乔玉	33
书郎	33
亦宣	33
仍居	33
伯勒	33
佛缘	33
作赋	33
佳欣	33
依止	33
倾世	33
偏酸	33
像舅	33
元鼎	33
先舔	33
免控	33
入洛	33
入胶	33
兰赢	33
兵官	33
冰袖	33
凉介	33
几坨	33
凤仙	33
凯源	33
凯莉	33
刀剁	33
切洛	33
刘玉	33
刚剃	33
剩俩	33
助农	33
势险	33
勒夫	33
勒支	33
北翼	33
半泽	33
卖蠢	33
卡伦	33
变狼	33
叠彩	33
古港	33
台镇	33
君豪	33
员编	33
喽喽	33
嗦话	33
嘎哒	33
嘴咧	33
图盗	33
圣克	33
圣埃	33
均取	33
壶热	33
夫曾	33
套搭	33
姓孙	33
姿迷	33
娃耍	33
孟云	33
室冻	33
察团	33
封诸	33
尚酷	33
尤德	33
局曾	33
层纸	33
山氏	33
峡水	33
左膝	33
布禁	33
幅字	33
店淘	33
府令	33
弄糊	33
弘农	33
彦值	33
彦彦	33
忒难	33
惹哭	33
慧远	33
懂梗	33
戴蒙	33
托席	33
抠死	33
护胃	33
抹蜜	33
拌米	33
招讨	33
换绑	33
摘菜	33
攻楚	33
敢抄	33
敢拦	33
数媒	33
文侯	33
族族	33
旗升	33
星晴	33
映场	33
晒焦	33
曾宣	33
朗山	33
木塔	33
条杠	33
板绘	33
果馅	33
架架	33
根树	33
桌角	33
楼扔	33
欲将	33
武志	33
母姓	33
氏及	33
氏王	33
民逃	33
民遭	33
求曝	33
沫凡	33
河粉	33
泉市	33
法违	33
波尼	33
派武	33
浅唇	33
淇淇	33
淮军	33
港漫	33
源寺	33
源极	33
潘恩	33
火灭	33
灯杆	33
灿姐	33
炒猪	33
炖白	33
热粥	33
父姓	33
玉婷	33
甲甲	33
百熙	33
皆取	33
眼胶	33
督委	33
瞎涂	33
破局	33
碎牙	33
碧碧	33
碰凉	33
祥祥	33
票涨	33
程延	33
程翔	33
稿交	33
立构	33
笑裂	33
笼蒸	33
粥铺	33
索伦	33
累残	33
红袄	33
线织	33
绿鞋	33
署任	33
署提	33
羊村	33
翅桶	33
肉筋	33
肺疼	33
胎梦	33
脂批	33
脱欧	33
膜内	33
臣及	33
臭妞	33
舒婷	33
艾蜜	33
荒木	33
薄底	33
虾姑	33
蛮蛮	33
蜡蝉	33
蠢猫	33
血鸭	33
衰运	33
袋泡	33
角川	33
豪庭	33
豹女	33
货退	33
费邮	33
超靓	33
越窄	33
跨院	33
转塘	33
辽国	33
速逃	33
邦妮	33
醋缸	33
锅兔	33
锋味	33
锡锡	33
锦记	33
际传	33
雀班	33
雀花	33
雨湿	33
雪莹	33
雷夫	33
雷米	33
震碎	33
鞋控	33
韩宇	33
顿串	33
频闪	33
风阻	33
骨钉	33
鱼煎	33
鲁巴	33
鹅肠	33
鼻鼻	33
七栋	32
七舅	32
三纵	32
丝血	32
乱抓	32
事瞒	32
五桂	32
亦造	32
仙芋	32
仲谋	32
众创	32
伯德	32
作舟	32
佩妮	32
佳伟	32
佳琳	32
依泉	32
侯官	32
便遭	32
俊霞	32
俺弟	32
值判	32
傲雪	32
像郭	32
元昊	32
先灭	32
六县	32
净透	32
凑满	32
刊第	32
刘某	32
刘洋	32
刘维	32
刻停	32
前屯	32
剧虐	32
助弱	32
卓哥	32
卖银	32
及固	32
启赋	32
吻技	32
呈东	32
哀宗	32
品厂	32
唯怡	32
啃爹	32
嘉木	32
器架	32
四巡	32
土妞	32
土狼	32
堡堡	32
塘报	32
墓旁	32
够浓	32
够潮	32
姜葱	32
孔令	32
孝景	32
宗翰	32
宫图	32
容桂	32
射火	32
将苏	32
尔朱	32
尚尚	32
尼嗒	32
尼娜	32
岩哥	32
常刮	32
庄庄	32
庄村	32
床塌	32
店搜	32
庞贝	32
座圣	32
康乾	32
延段	32
张睿	32
彭总	32
径比	32
徐璐	32
德寺	32
德梅	32
忠武	32
性肝	32
怨怨	32
您鼓	32
惠城	32
惹您	32
扎脚	32
托布	32
抓鬼	32
披皮	32
挨训	32
挪挪	32
捕鸟	32
掉筒	32
排扣	32
援队	32
摔炮	32
撞晕	32
撸毛	32
攻魏	32
文宏	32
斗舞	32
旗及	32
春梅	32
晋军	32
晋商	32
晴转	32
曝照	32
朝韩	32
木昂	32
李孝	32
李寄	32
李延	32
杨村	32
杯浓	32
林溪	32
林登	32
果榨	32
步踏	32
武藤	32
氏菌	32
沈凌	32
泡饼	32
泰芒	32
浅眠	32
浅驼	32
浴球	32
浸式	32
涨肉	32
清寺	32
渣攻	32
潘婷	32
澡吹	32
灵契	32
炒螺	32
牌榜	32
犬舍	32
状似	32
狂咬	32
狗扑	32
独醉	32
猛灌	32
猪爪	32
猫喵	32
王宇	32
瓦兹	32
由洛	32
番言	32
痛批	32
盒蛋	32
盟内	32
相兼	32
盾冬	32
眼斜	32
督官	32
硬碰	32
碎骨	32
碗托	32
神祭	32
秋霞	32
秦奋	32
米兹	32
米菲	32
粉瓶	32
粥煮	32
糖藕	32
素馅	32
红盒	32
练腰	32
罗摩	32
脑梗	32
腿砍	32
芽长	32
苑中	32
范县	32
茜哥	32
荒荒	32
菜丝	32
萍妹	32
蒜酱	32
蚊灯	32
蛮巧	32
血刀	32
血赚	32
补涂	32
西郡	32
词词	32
译版	32
请妳	32
贾府	32
赏读	32
赛罗	32
赵四	32
软饮	32
边拐	32
边绕	32
返魂	32
追焦	32
遭警	32
野模	32
铁狼	32
铜官	32
闭闭	32
队击	32
阿灿	32
阿肆	32
阿黎	32
陈铭	32
降曹	32
雪菲	32
雾眉	32
露丝	32
靓爆	32
非吾	32
靴穿	32
韩德	32
音盲	32
预录	32
风荷	32
饮左	32
饰店	32
马蒂	32
驻南	32
魔灵	32
龙腾	32
丝蛋	31
丢雷	31
严宽	31
义兵	31
九村	31
予各	31
于扶	31
于迈	31
互拆	31
五阶	31
仁宇	31
任伊	31
伊克	31
伏龙	31
休妻	31
似幻	31
使伊	31
例仍	31
侧建	31
俊英	31
六郡	31
兵击	31
兵防	31
冰丝	31
凡斯	31
凤鸣	31
凯丹	31
刚敷	31
剂或	31
北亭	31
北撤	31
占士	31
即召	31
即投	31
即著	31
即返	31
即退	31
原耽	31
及宋	31
叫彭	31
叼丝	31
周郎	31
咖咖	31
咸柠	31
唠啥	31
噶噶	31
土培	31
坐莲	31
处躲	31
够坦	31
够壮	31
奉圣	31
妮宝	31
姆河	31
姓金	31
孔桥	31
宋建	31
宏哥	31
尼纳	31
峰兄	31
巷巷	31
布宫	31
布村	31
布灵	31
席任	31
幻类	31
庙拜	31
座巨	31
归德	31
役法	31
往洛	31
忘祖	31
怕踩	31
憋急	31
或固	31
扎伊	31
扬尘	31
持固	31
振武	31
捞王	31
掌盟	31
搭肩	31
撸腿	31
攒假	31
攻秦	31
整噶	31
施丹	31
旗队	31
昭哥	31
显脏	31
晋武	31
晓琪	31
曰孝	31
曹军	31
朝君	31
杀父	31
权独	31
李洪	31
李茂	31
李锦	31
条沟	31
条薄	31
林豪	31
柏金	31
树旁	31
桃纸	31
椒香	31
正谊	31
武堂	31
氏夫	31
民迁	31
沈氏	31
沉眠	31
泉县	31
波赫	31
洞钻	31
浴照	31
液或	31
混江	31
港汇	31
湿吻	31
潘德	31
灰兔	31
灵族	31
炒泡	31
炸酥	31
烤漆	31
烫菜	31
犯犯	31
猫鼠	31
玉堂	31
王伯	31
王玄	31
琴练	31
由朱	31
益及	31
盗文	31
盘炒	31
瞅准	31
破骑	31
种挫	31
穿隧	31
立县	31
章皇	31
箱盖	31
糖煮	31
索科	31
纸折	31
绿泥	31
缘聚	31
罗普	31
罪及	31
置官	31
翻窗	31
股风	31
腔中	31
腰断	31
腰腰	31
腿抬	31
舒胡	31
莓儿	31
菌属	31
萨雷	31
蒋蒋	31
蓝牌	31
虎跃	31
虚焦	31
蛮惊	31
血虐	31
街仔	31
裂或	31
角蛙	31
训营	31
识噶	31
赌约	31
赖总	31
赢赢	31
躁郁	31
辣肿	31
遭偷	31
避战	31
郑智	31
酱饼	31
酱骨	31
醋包	31
量耗	31
金桂	31
钢蹦	31
锁喉	31
锤基	31
队驻	31
阿僧	31
阿靖	31
院培	31
院殿	31
随爹	31
难填	31
雀圣	31
雅堂	31
雨琦	31
零封	31
霸蛮	31
面覆	31
项指	31
餐垫	31
首陈	31
驴哥	31
骨疼	31
骨骨	31
魏蜀	31
麦基	31
七贤	30
两驱	30
乱卷	30
乱碰	30
于湘	30
互捞	30
五郡	30
井字	30
亚迷	30
亦具	30
亦承	30
亭街	30
仍依	30
仍按	30
伊森	30
伍仁	30
伏魔	30
伯伦	30
佐领	30
佳怡	30
佳琦	30
俊鹏	30
偏灰	30
催皮	30
元封	30
克丝	30
养肾	30
初仍	30
南乔	30
卜蜂	30
卡雷	30
卡齐	30
卢瓦	30
厚款	30
变污	30
古乃	30
古牧	30
史卷	30
向秦	30
听郭	30
吴门	30
吾错	30
呈黑	30
唐室	30
唐帝	30
售或	30
唱陈	30
喊寒	30
园街	30
圣皇	30
坊市	30
块巨	30
埋埋	30
域仍	30
塔莫	30
塘区	30
士凯	30
夺钱	30
妆涂	30
妆淡	30
姓潘	30
孔氏	30
孝东	30
孝蟹	30
守防	30
射控	30
尼曼	30
尽享	30
层防	30
属官	30
岸及	30
崩崩	30
左卫	30
巨显	30
帕夫	30
帝遣	30
帽戴	30
幅相	30
广汽	30
庙建	30
废奴	30
廷内	30
彩彩	30
彩椒	30
彭水	30
律严	30
微淘	30
惠皇	30
戏腔	30
成坨	30
抗俄	30
折券	30
抹匀	30
拖箱	30
拼爹	30
拿棉	30
挨踢	30
振东	30
换辆	30
控控	30
撞翻	30
撤展	30
擦线	30
改隶	30
敢扶	30
敢踏	30
敬敬	30
敷眼	30
斩男	30
族源	30
旬老	30
映画	30
春芽	30
显腰	30
晨导	30
朱迪	30
李导	30
李晶	30
李欣	30
杯渡	30
林伯	30
林柏	30
柠七	30
柯柯	30
桶冰	30
梯旁	30
棉棉	30
檬檬	30
次颁	30
欲令	30
民协	30
法赫	30
泛性	30
波塔	30
洋湖	30
洪金	30
浩二	30
浪蝶	30
淋语	30
湖县	30
源村	30
漏脸	30
澄澄	30
灯灭	30
牙胶	30
狂甩	30
狠滴	30
猛药	30
猫摆	30
率偏	30
王晶	30
王毅	30
瑶柱	30
由盛	30
画墙	30
疗药	30
盒冰	30
省临	30
眉眉	30
石撞	30
石码	30
破敌	30
破零	30
砸砸	30
硬控	30
种违	30
秘境	30
篇推	30
籍及	30
糕团	30
红膏	30
纽卡	30
缸养	30
羽羽	30
肉煎	30
肖杰	30
肚困	30
胶套	30
自撰	30
艘舰	30
艾嘉	30
苍云	30
药郎	30
菜拌	30
萌仔	30
著墨	30
薄绒	30
蛋筒	30
蟹柳	30
衫超	30
贝鲁	30
贺贺	30
赏春	30
赤练	30
赫连	30
越痒	30
轻症	30
达荷	30
速冲	30
遂向	30
遂命	30
邦昌	30
酥糊	30
野榜	30
金枕	30
铺货	30
镇抚	30
镇楼	30
陈佳	30
陈慧	30
院均	30
隆街	30
雅琪	30
青笋	30
顶置	30
飞帆	30
馆楼	30
馋肉	30
馍片	30
魔君	30
鱼粥	30
鲜豆	30
东邻	29
中侍	29
丹王	29
乃由	29
乘著	29
九键	29
书抄	29
乱串	29
于操	29
互咬	29
亿亿	29
付付	29
仨儿	29
伊俄	29
众宣	29
众投	29
优酱	29
佐枝	29
何添	29
佳林	29
佳爷	29
佳玉	29
倒幕	29
倩文	29
像朴	29
先煎	29
先蒸	29
入泥	29
入申	29
八郎	29
冰屋	29
冰粥	29
凑团	29
刘俊	29
利姆	29
副元	29
力愈	29
力掩	29
劫财	29
化协	29
北籍	29
单循	29
卷裤	29
厂建	29
县共	29
及跨	29
反袁	29
叫御	29
叫舅	29
向横	29
吕嘉	29
君馨	29
吾洗	29
命犯	29
咸奶	29
咸鲜	29
嘉园	29
圣寺	29
圣武	29
址建	29
坟挖	29
垫桌	29
埃迪	29
塘河	29
墙撞	29
增脂	29
够靓	29
奕含	29
姓姬	29
姬昌	29
婉莹	29
婚讯	29
宫建	29
寺求	29
尊儒	29
尖团	29
局仍	29
局党	29
帕帕	29
帕雷	29
帝封	29
帮妳	29
幕末	29
库管	29
弄瞎	29
张桂	29
弦外	29
弹牙	29
形构	29
待袁	29
徐立	29
御外	29
忒狠	29
急攻	29
恒恒	29
扭脚	29
抓妖	29
拖尾	29
拳馆	29
指掌	29
挨淋	29
振哥	29
捡尸	29
捧火	29
掌阅	29
接促	29
提姆	29
搞辆	29
摆谈	29
撸娃	29
攒齐	29
收捕	29
敲墙	29
敲萌	29
斗湖	29
斗状	29
斜方	29
斯丹	29
斯梅	29
斯雷	29
昆莫	29
晓君	29
晓庄	29
晨刷	29
朱立	29
权领	29
李怡	29
李沧	29
李颖	29
村医	29
杨英	29
杯架	29
杯纸	29
板扎	29
林植	29
林牧	29
枝山	29
枪迷	29
栗棕	29
梗王	29
检站	29
欲取	29
欲爆	29
款绿	29
步爬	29
武烈	29
气熏	29
沙镇	29
河汇	29
泉湾	29
泡馆	29
泰餐	29
海蒂	29
浸盆	29
淑敏	29
渐冷	29
渔阳	29
渡至	29
湾路	29
满桂	29
滴胶	29
演宫	29
灵溪	29
炉烧	29
炫腹	29
焦圈	29
熊叔	29
燃炸	29
燃燃	29
父祖	29
牙洞	29
猴菇	29
王佐	29
王庄	29
瓦伦	29
瓦卢	29
瓦坎	29
甜虐	29
白框	29
百馀	29
皇殿	29
益田	29
盾盾	29
省党	29
省县	29
石铺	29
砸墙	29
硬凹	29
硬撩	29
碗鱼	29
磕坏	29
磨骨	29
祖至	29
禁博	29
种浑	29
秦灭	29
立绘	29
站距	29
笑僵	29
籍球	29
粒红	29
粗溜	29
糊锅	29
纯羊	29
细眉	29
绒棉	29
罪于	29
胀肚	29
胃沉	29
胖彤	29
胶济	29
胸显	29
脚痒	29
色棕	29
花浇	29
若冰	29
若将	29
茜拉	29
萧衍	29
葡式	29
董力	29
蓝血	29
虎吉	29
蛋拌	29
衣裹	29
袜穿	29
袜裤	29
袭王	29
贵县	29
费赚	29
贼厚	29
贼困	29
贼坑	29
赫塞	29
赵括	29
赵武	29
蹭茶	29
辰姐	29
迁于	29
造核	29
遭淋	29
郑王	29
采莲	29
量乘	29
金俊	29
金湾	29
锁锁	29
镇店	29
闪付	29
阁等	29
队编	29
阿朱	29
阿柯	29
阿桂	29
陈永	29
降兵	29
限韩	29
雷布	29
静雅	29
鞋爬	29
颗温	29
颗珠	29
馀温	29
驾证	29
鱼宴	29
鸡冻	29
鹿爷	29
黄氏	29
丁斯	28
东旭	28
东迁	28
乳石	28
争争	28
亦欲	28
亭内	28
仰莲	28
仲恺	28
件稍	28
伊蒂	28
伟嘉	28
位卑	28
位姿	28
佩勒	28
使俄	28
侧风	28
倒档	28
先娶	28
入宋	28
关昕	28
兵占	28
具厂	28
军乘	28
军编	28
凯龙	28
刘亚	28
刘敏	28
刘辩	28
北渡	28
医诊	28
十迈	28
千惠	28
博伊	28
厚唇	28
及沿	28
古亭	28
叫杜	28
叫贪	28
叶童	28
名僧	28
君华	28
含维	28
启启	28
吾够	28
员杨	28
唐宁	28
唐尼	28
喝芝	28
器厂	28
团偏	28
土埋	28
均低	28
均存	28
坑填	28
坦斯	28
型舰	28
堡州	28
境属	28
墨斯	28
外砂	28
夫莫	28
央央	28
头鲸	28
夷列	28
如萍	28
妃传	28
妙玉	28
姆王	28
姓徐	28
姓郑	28
孙强	28
宅舞	28
宇演	28
守著	28
宗曾	28
官志	28
客登	28
宽屏	28
宾王	28
密防	28
封喉	28
封嘴	28
封楼	28
封腾	28
将遭	28
尬撩	28
尺量	28
尽瞎	28
山庙	28
峰寺	28
已剁	28
巾洗	28
帝姬	28
常呈	28
常靠	28
庙门	28
府警	28
座佛	28
座跨	28
张宏	28
彤妹	28
御龙	28
怡园	28
悲悲	28
扎肺	28
扒扒	28
扔鞋	28
扛水	28
执飞	28
护肝	28
拉库	28
挖藕	28
挨吵	28
接梗	28
掰馍	28
揍揍	28
搓脸	28
摔杯	28
撞碎	28
政殿	28
敢撞	28
敬宗	28
新帆	28
族村	28
昆昆	28
昏侯	28
易患	28
显壮	28
晓晴	28
普莱	28
曼曾	28
朝帝	28
村田	28
杜佑	28
杜预	28
林旺	28
染膏	28
梁建	28
械部	28
椒皮	28
次闯	28
欣澳	28
款唇	28
武勇	28
歪脑	28
残馀	28
民申	28
汽运	28
沾灰	28
泊松	28
波隆	28
浩沙	28
涂嘴	28
涛锅	28
渐离	28
澡泡	28
灏哥	28
炒焦	28
炒蒜	28
炮射	28
煮姜	28
熊彼	28
熏弟	28
熙姐	28
熙街	28
燕云	28
爸弄	28
犬粮	28
狂啃	28
狂霸	28
狂鼠	28
猎德	28
球盲	28
瓦蒂	28
瓶纯	28
田川	28
疯兔	28
痒醒	28
盆土	28
盐蒸	28
监介	28
盘撒	28
盲探	28
盾徽	28
眉胶	28
瞎练	28
石澳	28
碧浪	28
碧霞	28
磕糖	28
磨爪	28
稍厚	28
空弦	28
立伊	28
章帝	28
端宗	28
索罗	28
级固	28
绕颈	28
编版	28
缩性	28
翠如	28
翼龙	28
老憨	28
肉蒸	28
肖四	28
肥喵	28
胖杉	28
腰凳	28
臂围	28
舔铁	28
舞舞	28
色蜡	28
苍狼	28
苏炸	28
若林	28
茂哥	28
菲舍	28
葛洪	28
董氏	28
蒂埃	28
蒙巴	28
蒸箱	28
蓝旗	28
虾皇	28
蟹膏	28
补染	28
袁总	28
裕陵	28
西屯	28
豫竹	28
财旺	28
贤妃	28
贵财	28
赌十	28
赛奖	28
赤霞	28
路纵	28
轮中	28
辆破	28
达乌	28
迈罗	28
通渠	28
遛娃	28
遭咬	28
遭禁	28
部驻	28
酷睿	28
镇村	28
队协	28
陆贾	28
陈漫	28
院授	28
雪婷	28
馀款	28
香玉	28
馨爷	28
马奈	28
驻车	28
黄兔	28
齐尔	28
龙爪	28
东汇	27
丞哥	27
丽敏	27
乱捡	27
于曹	27
于赤	27
仁祖	27
仅余	27
仅将	27
代儒	27
令诸	27
份申	27
伊菲	27
佐成	27
何氏	27
佳艺	27
使兼	27
侯爷	27
俊雄	27
俩隔	27
元符	27
兆鹏	27
先剃	27
先揍	27
入澳	27
入衰	27
兮夜	27
养呱	27
兼教	27
冰洁	27
划组	27
刘贾	27
刷榜	27
北鼎	27
区扩	27
厂修	27
及汽	27
双宋	27
叶形	27
向俄	27
吞针	27
吼猴	27
唐叔	27
啃饼	27
嘉豪	27
均均	27
均称	27
培黎	27
堵城	27
塔板	27
塔赫	27
塘路	27
夕颜	27
够蠢	27
头磕	27
夷吾	27
奥森	27
妃妃	27
妖琴	27
妹崽	27
姓司	27
姓田	27
姓韩	27
娃爹	27
孝昭	27
孝章	27
孝贤	27
宗封	27
室窗	27
宪哥	27
寺烧	27
封皇	27
将占	27
将杨	27
尼索	27
尼诺	27
届联	27
属湖	27
岩村	27
崇儒	27
崔文	27
川汉	27
左滑	27
巨堵	27
巨臭	27
已瘫	27
巾拿	27
幅超	27
幼狼	27
废废	27
座陵	27
庸庸	27
廷廷	27
廷文	27
彩池	27
役或	27
役者	27
御风	27
怪盗	27
悬于	27
懵智	27
戴护	27
扇脸	27
扛揍	27
扩扩	27
扫罗	27
找驴	27
护妻	27
披件	27
抹香	27
拉瑞	27
拌酱	27
拜殿	27
挂床	27
挑破	27
挤歪	27
捏腿	27
握兵	27
摆驾	27
撩螺	27
撸秃	27
料碗	27
斜分	27
新儒	27
旭辉	27
星尘	27
朝堂	27
杀狼	27
杂杂	27
李彦	27
李惠	27
李淑	27
杜氏	27
果陀	27
查令	27
树湾	27
桂香	27
椒猪	27
橘橘	27
止汗	27
死侍	27
水炖	27
永芳	27
汇城	27
沙威	27
油浸	27
泉镇	27
泰亨	27
涂匀	27
润万	27
清辉	27
滋源	27
滑嫩	27
炸馍	27
烨叔	27
爆击	27
特琳	27
玄晶	27
王昌	27
王朗	27
玛斯	27
球巡	27
球扔	27
瑞琪	27
瓜怂	27
瓦纳	27
瓶喂	27
皆属	27
短轴	27
码登	27
秋梨	27
科赫	27
租辆	27
移库	27
程潇	27
穆穆	27
穿纱	27
签派	27
简瑶	27
篇读	27
籍者	27
米馅	27
系吾	27
系甘	27
维港	27
缸水	27
美娟	27
翅根	27
翘腿	27
耐斯	27
肉坨	27
肠仔	27
胡纸	27
脱宅	27
腔内	27
至洛	27
船停	27
花酿	27
茄茄	27
荒酱	27
荷航	27
莫耳	27
蒜炒	27
蔡氏	27
蛮狠	27
螺肉	27
西涌	27
角虫	27
詹事	27
象郡	27
贡菜	27
贴标	27
赛踢	27
赤尾	27
越怂	27
越歪	27
路巡	27
踩进	27
躁症	27
身俱	27
达瓦	27
逆毛	27
途漫	27
途航	27
速撞	27
遣将	27
遭整	27
邀您	27
部卸	27
郭松	27
郭氏	27
金莎	27
银石	27
阅文	27
防兵	27
阿梨	27
阿郎	27
陈某	27
院探	27
雅君	27
需申	27
飞旺	27
饼煎	27
马援	27
鬼父	27
魔抗	27
鲁伊	27
鹰酱	27
黄瓶	27
黄雅	27
鼓岭	27
鼠精	27
三轴	26
中插	26
乃乃	26
九龄	26
乱爬	26
亡秦	26
亦甚	26
京沈	26
仅具	26
仅取	26
从浦	26
从缝	26
仔衫	26
任驻	26
仿品	26
伊瑞	26
伍迪	26
倩雯	26
偷桃	26
光倾	26
党媒	26
入喉	26
兵抵	26
兵渡	26
兼且	26
凑桌	26
刚遛	26
初祖	26
刮沙	26
勺糖	26
包盐	26
半掩	26
南翼	26
占占	26
卡堆	26
即率	26
即采	26
叫吕	26
叫扁	26
叫翠	26
叫邓	26
叶紫	26
吐脏	26
含括	26
吴郡	26
吹断	26
吾敢	26
咬脚	26
唇边	26
唇钉	26
善宇	26
嘉俊	26
嘉湖	26
嘴叼	26
囧照	26
土橘	26
坤爷	26
域具	26
堡皇	26
塔区	26
塞尼	26
墓者	26
墙厚	26
墙贴	26
士授	26
夷三	26
夹耳	26
奥诺	26
妖尾	26
姓夏	26
姓魏	26
姿姿	26
婆喊	26
媚姐	26
孙继	26
孝慈	26
宋夏	26
宋玉	26
宫剧	26
富田	26
富邦	26
寺门	26
封层	26
将旧	26
尔托	26
屏屏	26
屏闪	26
岩组	26
巴奴	26
币圈	26
布卢	26
帕彭	26
平侯	26
庄站	26
府召	26
度愈	26
式蒸	26
引援	26
弗勒	26
弘前	26
张恒	26
弦宝	26
弦长	26
弯夸	26
归宗	26
彬演	26
徐建	26
德仁	26
志宏	26
念陈	26
慈文	26
手扒	26
托佛	26
扯八	26
拉翔	26
拿桶	26
挑粪	26
挠门	26
捂死	26
换滤	26
换芯	26
敢甩	26
敲窗	26
文怡	26
斯郡	26
旗歌	26
昌鱼	26
晒距	26
晓玲	26
晓育	26
晴雪	26
曹休	26
未授	26
李凯	26
李振	26
构并	26
析置	26
柱支	26
柳岸	26
柳毅	26
树摘	26
桥往	26
桥村	26
梅婷	26
梅德	26
梨爸	26
械及	26
橘调	26
款耶	26
武县	26
殿及	26
氏亦	26
水喉	26
汉卿	26
沈总	26
泽园	26
洪仁	26
洪德	26
派李	26
海鹏	26
消脂	26
涵妹	26
渡山	26
源堂	26
溪乡	26
滑档	26
满枝	26
澳币	26
炸糖	26
烟龄	26
煮梨	26
牙齐	26
狂扫	26
狂舔	26
狠批	26
猫叼	26
王旗	26
玛纳	26
瑞景	26
瓜吹	26
甜粥	26
由宋	26
甲胶	26
申奥	26
略粗	26
疏林	26
白锤	26
百岳	26
皆曾	26
盟各	26
眠眠	26
瞎瞎	26
码偏	26
碧树	26
磨铁	26
秀敏	26
秦怡	26
竹科	26
笑歪	26
笨猫	26
粘掉	26
纸膜	26
纸鸟	26
绣绣	26
署管	26
美媛	26
翻硕	26
耍勒	26
肖八	26
肿末	26
胎胎	26
胸练	26
脸埋	26
臭香	26
至仁	26
若仙	26
若某	26
若谷	26
茶瓶	26
药贴	26
萌君	26
萌熊	26
葛瑞	26
蕾宝	26
薯愿	26
虫仔	26
蜀南	26
蟹粥	26
街碰	26
詹皇	26
詹詹	26
警查	26
许撩	26
诗雅	26
课翘	26
貂毛	26
赏秋	26
赴南	26
赵忠	26
赵某	26
越馋	26
趟城	26
趟差	26
趴踢	26
轻奢	26
边抠	26
述史	26
逸逸	26
邦内	26
邦立	26
酒兑	26
醋肉	26
金燕	26
铺卖	26
铺镇	26
锁芯	26
锡拉	26
锦云	26
闭户	26
队副	26
防鸟	26
阿笨	26
际互	26
陈朝	26
陈洁	26
陈鹏	26
隆山	26
雪乃	26
雪滑	26
雪粒	26
雪诺	26
雷伯	26
静享	26
韩圈	26
页翻	26
项籍	26
风寨	26
食虫	26
馆设	26
麻汁	26
黄炒	26
黑砖	26
龙龟	26
且促	25
且耗	25
丸汤	25
主赐	25
乌德	25
乌松	25
乱飘	25
予保	25
予英	25
二纵	25
于莱	25
五旬	25
亦曰	25
享殿	25
京旗	25
亭路	25
仁王	25
佐命	25
佑哥	25
佳乃	25
使乘	25
侍臣	25
供予	25
供款	25
供氧	25
侧墙	25
俄德	25
修厂	25
停稳	25
傻猴	25
先撕	25
光绘	25
克沃	25
公钥	25
兰酱	25
兵守	25
具威	25
军征	25
军渡	25
军采	25
冯总	25
冰摇	25
冲杯	25
减胎	25
凤岗	25
凯唯	25
刘宇	25
刘邓	25
割蛋	25
务厅	25
势压	25
勋攻	25
北沿	25
卖鸭	25
卡坦	25
厂制	25
压枪	25
双凤	25
双棉	25
反蒋	25
受薪	25
变丧	25
古鲁	25
史泰	25
史派	25
向宇	25
呈灰	25
哭昏	25
嘉仪	25
四辩	25
场淘	25
均含	25
均配	25
坐柜	25
坑埋	25
坑挖	25
壶烧	25
外框	25
夜摊	25
够嫩	25
够扣	25
失焦	25
夷州	25
奥帆	25
奥纳	25
奶阵	25
妞泡	25
妮玛	25
娜渣	25
婆仔	25
宋政	25
官皆	25
宣抚	25
寿昌	25
将剩	25
尤达	25
尬夸	25
屁垫	25
层布	25
居寺	25
屋敷	25
属淮	25
山殿	25
岗村	25
岛呆	25
崽送	25
帕纳	25
干叼	25
干啤	25
康威	25
弗瑞	25
彬弟	25
役部	25
徐浩	25
德辉	25
忠王	25
怂蛋	25
您抬	25
扎尼	25
扣查	25
扩关	25
扮野	25
扯拐	25
批孔	25
抖脚	25
挖笋	25
挤脚	25
掉扔	25
摇裤	25
摘瓜	25
撑炸	25
教牧	25
敢摘	25
斯奈	25
无薪	25
昌街	25
映票	25
昭皇	25
晓玉	25
暗静	25
曼妮	25
木浦	25
未沾	25
李杜	25
李贤	25
杭杭	25
林玉	25
查坤	25
柴总	25
柴玲	25
桥乡	25
梅香	25
植松	25
椰土	25
款拖	25
止敌	25
汪达	25
沉著	25
沟镇	25
泰医	25
洲史	25
浅粉	25
海昏	25
液倒	25
湾岛	25
源仍	25
澳葡	25
灯晃	25
燃火	25
燕舞	25
爵及	25
父李	25
爸姓	25
牙啃	25
猪屁	25
玉峰	25
玉琳	25
玛依	25
玲音	25
瑜洲	25
瑞兹	25
瑰夏	25
甘瘦	25
甜妞	25
由埃	25
由霍	25
登巴	25
皂角	25
皮萨	25
盆绿	25
盒泡	25
盲拍	25
睿爷	25
石亭	25
石岩	25
石猴	25
砸蛋	25
碗刷	25
碧山	25
私田	25
私锁	25
秒沉	25
窄处	25
立帖	25
篇科	25
粘腻	25
索隐	25
纠治	25
红伞	25
纳卡	25
纸撕	25
绒裙	25
绘本	25
编绳	25
羊血	25
翠山	25
翰宝	25
翻佐	25
肖总	25
肾已	25
脆甜	25
脚筋	25
脸垮	25
舞练	25
色呈	25
芙妹	25
芭东	25
荣迷	25
萌妞	25
萝萝	25
萨巴	25
葛柏	25
蕉城	25
蛮怀	25
蛮搭	25
蜂蜂	25
街村	25
街镇	25
袜纸	25
谁怼	25
豆酥	25
贡丸	25
赤佬	25
赫山	25
趟山	25
踢波	25
轩逸	25
边嗑	25
辽工	25
迷踪	25
选妃	25
速航	25
遂派	25
遂逐	25
邓先	25
邓总	25
郭亮	25
郭永	25
酱炒	25
酱配	25
野湖	25
钟乳	25
链或	25
锐澳	25
镇街	25
阔阔	25
防汗	25
降唐	25
障者	25
雷姆	25
霞路	25
项专	25
颗蓝	25
餐饱	25
饮奶	25
馋哭	25
骂陈	25
魏孝	25
鲁达	25
鹤宝	25
黄蓉	25
龙嘉	25
龙塘	25
龙翔	25
七剑	24
乱撩	24
二诊	24
于违	24
互宠	24
互舔	24
互虐	24
五瓣	24
亚贸	24
产税	24
从辽	24
仓桥	24
令列	24
令港	24
伊势	24
伯曼	24
使宋	24
侧设	24
借伞	24
儿搁	24
先岩	24
先捂	24
克乃	24
入榜	24
兴坪	24
内馅	24
军遭	24
凑仔	24
击暴	24
刑求	24
列昂	24
刘峰	24
创创	24
剑指	24
剧毁	24
割肾	24
助维	24
十郡	24
及荷	24
及陷	24
叠穿	24
叫柳	24
叫潘	24
史航	24
右胸	24
号舰	24
吉娜	24
向企	24
吾怕	24
呆湾	24
员协	24
咸党	24
哩边	24
哭湿	24
唇枪	24
喵君	24
嗑糖	24
嘉怡	24
嘉顿	24
囊泡	24
圆仔	24
土筑	24
块碑	24
坡降	24
域设	24
堡及	24
堵奶	24
塔底	24
塔木	24
壶煮	24
处逃	24
够衰	24
奇洛	24
奉使	24
奉皇	24
奥塔	24
妄议	24
姓熊	24
姓鹿	24
姚记	24
姬无	24
婉君	24
婉清	24
孟良	24
宫遗	24
寒彻	24
寺及	24
寿皇	24
将陈	24
尔索	24
屋村	24
屏录	24
属吴	24
岸向	24
峰唱	24
帕夏	24
帝亦	24
并撤	24
康纳	24
延昭	24
张琳	24
彩页	24
往桌	24
循著	24
德昭	24
德芳	24
性碳	24
恒记	24
手拨	24
托举	24
扛扛	24
扶稳	24
批娃	24
抗血	24
抵毁	24
拼布	24
拽掉	24
指姆	24
挫挫	24
换弦	24
掏掏	24
控雷	24
搓灰	24
摩德	24
撒粮	24
撩倒	24
文彬	24
料厂	24
斜斜	24
斯坎	24
族亦	24
旗旗	24
晃死	24
暴恐	24
曲亦	24
曼丽	24
曾撰	24
望柱	24
木谷	24
未涉	24
未返	24
朱光	24
杉哥	24
李仁	24
李松	24
李泉	24
杨素	24
松浦	24
枝枝	24
枪指	24
柯恩	24
案增	24
梨型	24
梨窝	24
椰青	24
武穆	24
殿顶	24
毛粘	24
汁红	24
汪蛋	24
沙姆	24
沙赫	24
沾辣	24
泛紫	24
泥质	24
泼泼	24
洁婷	24
洛依	24
涩死	24
淮工	24
淹掉	24
溜圈	24
溪古	24
漏签	24
炮架	24
烈冲	24
煎茶	24
熬煮	24
燕玲	24
燕询	24
燥死	24
牛耕	24
狂脱	24
独闯	24
猩哥	24
玄德	24
率甚	24
瑞希	24
瑞达	24
瓜酱	24
瓦蓝	24
甜脆	24
白貂	24
皆具	24
皇孙	24
皇祖	24
盟首	24
盲山	24
督任	24
破秦	24
硬床	24
硬背	24
碎渣	24
碟哥	24
祸于	24
私私	24
租予	24
秦总	24
移盆	24
移驻	24
程氏	24
穆弦	24
站厅	24
章奏	24
竹虫	24
笔描	24
策展	24
篇巨	24
米埔	24
类固	24
粒糖	24
素芬	24
红钻	24
约押	24
统兵	24
维普	24
羯磨	24
翠苑	24
耐饿	24
肥丫	24
胡族	24
脖套	24
脚宽	24
脚抖	24
脚迈	24
腰突	24
臂纹	24
至咸	24
船航	24
芒星	24
若欲	24
苦丁	24
范氏	24
莫欺	24
莫谈	24
葛雷	24
葱饼	24
蓝钻	24
蔡京	24
蔡公	24
藤堂	24
虎臣	24
蛋塔	24
蛙总	24
蛮逗	24
蜀军	24
融科	24
衰衰	24
袁记	24
许冠	24
译课	24
诺将	24
豆煮	24
豆虫	24
费洛	24
赛胜	24
赫奇	24
足劲	24
踩脏	24
辉京	24
辖原	24
辣堡	24
辣庄	24
迎检	24
追妻	24
选侯	24
通寺	24
邓析	24
郭思	24
野萌	24
金扣	24
针转	24
钱穆	24
钻光	24
铁菊	24
镇龙	24
闷熟	24
陈博	24
陈欣	24
隶于	24
难溶	24
雯哥	24
雷炸	24
霆哥	24
静守	24
颗巨	24
颗葱	24
飞霜	24
食铺	24
饭拌	24
饼砸	24
魏源	24
黎叔	24
黎姿	24
黎耀	24
黏著	24
万毫	23
丹磁	23
丽婷	23
丽霞	23
乃指	23
于谋	23
产幻	23
仓仓	23
优熊	23
伯宗	23
何罪	23
余县	23
佛洞	23
佳纯	23
供弹	23
依娜	23
侧妃	23
侧廊	23
倩妹	23
倩爷	23
偏导	23
傻妮	23
克蕾	23
免赔	23
兔腰	23
兴寺	23
兵叛	23
养鹅	23
凑乎	23
凤仪	23
凤萍	23
刀磨	23
切薄	23
刮蹭	23
刹停	23
刺向	23
剃眉	23
剑山	23
勇担	23
勒脚	23
半睁	23
卢西	23
卷翘	23
卷馍	23
厂货	23
县均	23
双侧	23
双壳	23
双缝	23
双雄	23
发腮	23
古佛	23
叫廖	23
叫曹	23
叫霓	23
右副	23
吾翻	23
呆屋	23
味噶	23
哭崩	23
噶哒	23
噻噻	23
囤几	23
圣宗	23
坐竹	23
坨红	23
域扩	23
墙爬	23
夜幽	23
夫亦	23
头掰	23
妹坨	23
姓钟	23
孔昭	23
孙志	23
宅建	23
宅斗	23
宋氏	23
宋皇	23
宿雾	23
密奏	23
密秘	23
寡君	23
封君	23
将登	23
尔堡	23
尔穆	23
尬嘲	23
尺五	23
岭西	23
川村	23
州籍	23
巾送	23
布欧	23
帝既	23
幼仔	23
广珠	23
庙烧	23
廊式	23
弗鲁	23
弯眉	23
弹屏	23
形呈	23
往郊	23
御景	23
忌廉	23
思怡	23
您捧	23
憋装	23
成栋	23
房娶	23
扑兔	23
扑母	23
扒瞎	23
扒虾	23
扔飞	23
扛饿	23
扮靓	23
扯坏	23
抗敏	23
护权	23
拌汤	23
拓拓	23
探灵	23
摸秃	23
擦泪	23
攒钻	23
收缝	23
救赵	23
料堆	23
旗军	23
旧帐	23
易遥	23
昭容	23
晓洁	23
曹县	23
曼威	23
曼迪	23
未申	23
李姓	23
杨凌	23
杨勇	23
杨博	23
杨旭	23
杯纯	23
林嘉	23
林镇	23
某航	23
根钢	23
格奈	23
梅姑	23
梦洁	23
棵葱	23
欣桐	23
欣爷	23
欲攻	23
止侵	23
殿门	23
毒萝	23
求怼	23
池或	23
河旁	23
泛泪	23
泰龙	23
泽华	23
泽善	23
泽阳	23
洛熙	23
洲探	23
浅入	23
浅唱	23
测预	23
涂脚	23
淑君	23
淮盐	23
深柜	23
清尘	23
港村	23
湖骑	23
湾村	23
湾站	23
湿脚	23
满勤	23
滩拍	23
滴嗒	23
漏财	23
潭村	23
灏灏	23
灭佛	23
灰粉	23
熊族	23
熏醒	23
熟番	23
燕军	23
牙崩	23
特帕	23
狸狸	23
狼队	23
猛刷	23
猫撸	23
玉郎	23
王僧	23
王廷	23
王拓	23
璐总	23
璐瑶	23
瓶绿	23
甩翻	23
田佳	23
田守	23
由徐	23
百蚊	23
皆使	23
皮蓬	23
盆虾	23
盒烟	23
盘烤	23
目皆	23
盲盒	23
盲降	23
盼君	23
省革	23
矫牙	23
矮仔	23
碗仔	23
碗卤	23
碗盛	23
碧湖	23
离噶	23
秀莲	23
移驾	23
程返	23
稍贵	23
童免	23
竹田	23
类编	23
粉炸	23
糙糙	23
纪宁	23
线沿	23
维诺	23
罗塞	23
老苑	23
耍疯	23
肉遮	23
肌霸	23
肝肝	23
胡塞	23
脸僵	23
臭鞋	23
芬享	23
花塘	23
药企	23
莉莲	23
莫瑞	23
葬墓	23
蓉包	23
薯粉	23
薯薯	23
虾烤	23
虾粥	23
蛋丁	23
蛋蒸	23
蛮壮	23
血冲	23
衍伸	23
裔及	23
证申	23
语译	23
谋福	23
谋者	23
谋逆	23
豁豁	23
贤夫	23
购购	23
赤司	23
赤玉	23
跟楠	23
跳桥	23
跳蛛	23
踩场	23
踩盘	23
踩线	23
蹭破	23
蹲腿	23
边嚼	23
边趴	23
达洛	23
迪嘉	23
送抵	23
途昂	23
遂至	23
遭杀	23
遭贼	23
郎导	23
酥胡	23
酷炸	23
野野	23
铁胃	23
锡惠	23
键按	23
镜姬	23
阿娟	23
陆虎	23
陈楚	23
陪俺	23
陵及	23
雄虎	23
雅苑	23
雯儿	23
雷洛	23
雷蒂	23
霍芬	23
霓霓	23
靠谱	23
面凹	23
鞋扔	23
鞋拖	23
鞋脏	23
音辨	23
颗闪	23
马庄	23
驼哥	23
骑扣	23
魏斯	23
鹿含	23
七浦	22
三婶	22
三貂	22
丢银	22
串词	22
丹波	22
乌古	22
乌央	22
乔杉	22
买仨	22
乱凑	22
乱喂	22
于揭	22
于粤	22
亚玲	22
亭林	22
亭阁	22
仍遭	22
代沿	22
令令	22
令兵	22
任巡	22
任晋	22
休仁	22
位靓	22
低仿	22
佐渡	22
佳航	22
侧键	22
偏棕	22
元兑	22
元凌	22
先哄	22
光晃	22
免令	22
兵参	22
兵抗	22
兵杀	22
冲坡	22
刀劈	22
刑或	22
刑狱	22
刘刘	22
前囤	22
力驱	22
勒曾	22
北邻	22
区驻	22
卖枣	22
县农	22
及祭	22
及秦	22
叫朴	22
叫肖	22
叶黄	22
吕公	22
君墓	22
吴川	22
哩哇	22
唇涂	22
唐廷	22
啤啤	22
啤梨	22
团骑	22
园村	22
图寻	22
坑娃	22
坑爬	22
埃雷	22
堂亦	22
墙拆	22
增筑	22
够艰	22
奈留	22
奕爸	22
奥康	22
姓梁	22
姓苏	22
姚总	22
姜姓	22
姜煮	22
字谱	22
孙承	22
宁启	22
宋儒	22
宋景	22
宗宗	22
官亭	22
官归	22
宪草	22
寄寄	22
射液	22
尊皇	22
尾街	22
局派	22
层砖	22
屯堡	22
岗山	22
岛港	22
币抓	22
帕利	22
帕竹	22
干碟	22
床缝	22
序编	22
庙山	22
度呈	22
廷官	22
彩塘	22
彬等	22
待妳	22
徐晓	22
微凸	22
德穆	22
忒忒	22
忠政	22
怒怒	22
急令	22
急召	22
成株	22
成沫	22
或液	22
或草	22
或阻	22
扬青	22
抄截	22
抗曹	22
抗秦	22
抛尸	22
拉贾	22
拔针	22
招警	22
拱拱	22
拽走	22
拿剑	22
挨顿	22
捂脚	22
捉紧	22
捡猫	22
捡骂	22
掌朝	22
掐脸	22
掰正	22
援华	22
摘摘	22
撑展	22
撞断	22
敢撕	22
敢砸	22
敢蹦	22
斗俊	22
料均	22
斯玛	22
施蒂	22
旁轴	22
旋球	22
族混	22
易昕	22
映雪	22
显肿	22
晓曦	22
晓燕	22
晶妹	22
曾创	22
朝散	22
朝派	22
杀兔	22
杀妻	22
李仲	22
李忠	22
李树	22
杨永	22
杯碟	22
杯麦	22
林草	22
林逸	22
枪王	22
格玛	22
案仍	22
桥修	22
梁溪	22
森布	22
棵第	22
植脂	22
正楠	22
母曰	22
母蟹	22
毛姆	22
毛燥	22
民署	22
民耕	22
汁拌	22
汁配	22
汉昭	22
汗纸	22
沈括	22
油馍	22
治郎	22
沾糖	22
泥盆	22
泪湿	22
洗衫	22
洲镇	22
海拨	22
涛爷	22
涩费	22
添香	22
漏胸	22
漫滩	22
潮爸	22
灯效	22
灰紫	22
灵摆	22
炉鱼	22
炎爆	22
炸胡	22
焦掉	22
煤工	22
煤煤	22
煮虾	22
爆缸	22
爷党	22
牙骨	22
牛庄	22
狂撒	22
狂狂	22
狂砍	22
狐狐	22
狗怂	22
玉珠	22
王蛇	22
王靖	22
瑶海	22
瓜洲	22
瓶维	22
田孝	22
田康	22
由郭	22
皆依	22
皆称	22
皇庭	22
皮削	22
睫状	22
睿宝	22
矮搓	22
石层	22
破规	22
硕姐	22
碎钻	22
碗秃	22
碗糕	22
秀珠	22
租租	22
税等	22
类抗	22
粪味	22
索普	22
索林	22
紫燕	22
红叉	22
红庙	22
线噶	22
织帽	22
综测	22
网监	22
罗塔	22
署合	22
翼飞	22
者俱	22
耗蓝	22
肩线	22
肾卖	22
胎爆	22
胞形	22
臣亦	22
臭鸭	22
舍曼	22
舟师	22
艳骨	22
艾登	22
芋园	22
花岭	22
莉卡	22
莫菲	22
莫闹	22
莱丝	22
菇牛	22
菜咸	22
葛利	22
董永	22
蒋总	22
蓄满	22
蓉妹	22
薯味	22
藏佛	22
藕饼	22
蚊蚊	22
蛙崽	22
蜂飞	22
蟹皇	22
衣衬	22
袁宏	22
西裔	22
览图	22
谁掏	22
贝伦	22
贝纳	22
败逃	22
贴胶	22
赐婚	22
赴东	22
赴朝	22
赴西	22
跨城	22
踩背	22
软欧	22
边蹦	22
返故	22
连廊	22
退档	22
遂告	22
遂率	22
遭吓	22
郊狼	22
郑县	22
郡城	22
郭威	22
金雀	22
钢钢	22
钱掏	22
铁肩	22
铜铜	22
银湖	22
锅虾	22
锋战	22
闲噶	22
防磨	22
阿妮	22
陈瑶	22
陪驾	22
隔扣	22
雅萍	22
雅迪	22
零晨	22
霍拉	22
靓号	22
韩综	22
颠婆	22
飞丞	22
驱驱	22
高苑	22
鲤锦	22
鸣姐	22
黏腻	22
鼠兔	22
鼻钉	22
龙峡	22
三坨	21
世巡	21
两胁	21
丫爹	21
乃召	21
乌孙	21
乌糖	21
书阁	21
二婷	21
互坑	21
互扇	21
亚蒂	21
亦皆	21
亮润	21
伊健	21
伞遮	21
余华	21
余城	21
余皆	21
佛逝	21
供港	21
侯侯	21
俗俗	21
倍辣	21
倩宝	21
偏弱	21
偏淡	21
傻伦	21
先囤	21
先甩	21
先蹲	21
免免	21
入侍	21
兰波	21
兵侵	21
兵围	21
兵疲	21
兼副	21
兼校	21
冲沙	21
刀冲	21
刘欣	21
初融	21
删贴	21
剑飞	21
割脉	21
功碑	21
劣行	21
包扁	21
区监	21
半臂	21
卡宾	21
卡莉	21
卤鹅	21
厅或	21
厨坛	21
叉劈	21
双碑	21
古洞	21
古莱	21
叮铃	21
台媒	21
史塔	21
史述	21
叶饼	21
各舰	21
合笼	21
向蒋	21
向袁	21
向赵	21
吕佳	21
吴伟	21
吾志	21
呈半	21
呈金	21
周琦	21
呼召	21
咚哥	21
响屁	21
哑掉	21
喊著	21
嘚啵	21
嘴贫	21
园镇	21
圆葱	21
土矿	21
址设	21
坝村	21
坝镇	21
城迁	21
填进	21
墙翻	21
夜钓	21
夫勒	21
妖兽	21
姓曾	21
姓董	21
姜总	21
娃仔	21
娃喂	21
娇傲	21
娇撒	21
娟哥	21
媛妹	21
嫌吵	21
孔繁	21
宋裤	21
宗祖	21
官兼	21
官威	21
宝阁	21
寄封	21
将伊	21
将敌	21
将赵	21
尼宣	21
层棉	21
屠房	21
山碧	21
岗镇	21
岩晒	21
岭村	21
岸居	21
川端	21
巴挡	21
币换	21
帕塔	21
帝召	21
并授	21
并监	21
庄内	21
庄宗	21
床咚	21
床晃	21
府署	21
座核	21
张鹏	21
弯腿	21
彦姐	21
御殿	21
御茶	21
微勃	21
微透	21
德姆	21
德碑	21
德馨	21
志邦	21
态稳	21
怒删	21
怡怡	21
恩赫	21
恰噶	21
惠康	21
憨熊	21
扔冰	21
扔向	21
扔楼	21
托波	21
抓野	21
抗衰	21
抹蓝	21
拖糖	21
括苍	21
按肩	21
挑软	21
挤哭	21
挨炮	21
挨砸	21
损损	21
援非	21
搬屋	21
摔落	21
撞掉	21
攻宋	21
攻灭	21
敢牵	21
文鼎	21
料拌	21
断供	21
斯杜	21
方媛	21
族仍	21
易躲	21
春妮	21
晒胸	21
景仁	21
景陵	21
李威	21
李旦	21
李昭	21
李湘	21
条汪	21
杰仔	21
松村	21
板砸	21
枕部	21
林郡	21
某妞	21
柯拉	21
格氏	21
梁卓	21
梨乃	21
梯爬	21
椒丝	21
横横	21
橘洲	21
橙卡	21
檬姐	21
欲购	21
残荷	21
每艘	21
毫未	21
江亭	21
池池	21
汪伦	21
沾醋	21
泽雅	21
洛威	21
浦公	21
海渔	21
海霞	21
清莱	21
渐冻	21
渐深	21
港甲	21
溪及	21
漏肉	21
灭蟑	21
灵剑	21
炒盘	21
烟弹	21
烤馍	21
烧燃	21
煎妮	21
燕瘦	21
片姜	21
牵马	21
狂抓	21
狂撩	21
猛夸	21
猴砸	21
率依	21
率逐	21
玉桂	21
玉足	21
王遣	21
珊宝	21
珍尼	21
瓜炖	21
瓜粉	21
瓦顶	21
瓶粉	21
甚具	21
田君	21
由弗	21
由浅	21
由蔡	21
申命	21
男僧	21
痛扁	21
痣长	21
痴缠	21
白犀	21
皆失	21
皆改	21
皆言	21
皮撕	21
盐盐	21
盒奶	21
盒鸭	21
盖顶	21
盘扣	21
直斥	21
眉庄	21
督姬	21
矛刺	21
石桌	21
石莲	21
破封	21
破魔	21
碧城	21
社署	21
祖李	21
祖武	21
祭者	21
科瓦	21
程乙	21
穆尼	21
竹苗	21
笨妞	21
箭扣	21
篇专	21
粉凉	21
粉巷	21
粗陶	21
素梅	21
红罐	21
维娜	21
罪或	21
罪指	21
署亦	21
羊仔	21
翔仔	21
肖特	21
肥妮	21
肾换	21
腰肌	21
臣奏	21
臭嗨	21
船往	21
良臣	21
色岩	21
色框	21
色瓷	21
艾姆	21
艾达	21
芯儿	21
芳竹	21
若父	21
苦笋	21
莫氏	21
莹儿	21
菌病	21
萨珊	21
著某	21
著父	21
葛仙	21
葬者	21
蔡叔	21
蔡思	21
蔡总	21
薯或	21
融掉	21
血氧	21
行抽	21
补测	21
裹蒸	21
训噶	21
识谱	21
诗敏	21
豆粽	21
贝托	21
贴钻	21
贼痛	21
赌赌	21
赴港	21
赵志	21
越渴	21
跟冯	21
蹲姿	21
轴相	21
逆市	21
速缓	21
遂取	21
遂由	21
郑俊	21
郡置	21
金允	21
金逸	21
铭姐	21
锦荣	21
闯鬼	21
闻令	21
阿嫂	21
陵光	21
陶文	21
雀舌	21
雨侵	21
雨涵	21
需氧	21
霍伊	21
霍奇	21
韵基	21
页搜	21
项奖	21
颖妹	21
飞醋	21
食粥	21
饺纸	21
饼爷	21
香琴	21
驻英	21
魂八	21
魂断	21
魏建	21
鸟击	21
鸣山	21
麻坛	21
麻酥	21
黄祖	21
鼠尾	21
七页	20
丝汤	20
临淮	20
丸纸	20
乱甩	20
二袁	20
于卢	20
互砍	20
井镇	20
亦促	20
亦儒	20
亦派	20
仁圣	20
仁寺	20
仍设	20
从赤	20
仓敷	20
仔坑	20
代郡	20
令妃	20
件厂	20
任俄	20
份浓	20
低炭	20
侍讲	20
侧或	20
侵攻	20
俄政	20
俺俺	20
倒杆	20
倩丽	20
像鲸	20
儒臣	20
允允	20
元忠	20
先秃	20
先趴	20
入浙	20
入罪	20
入草	20
兰裔	20
共射	20
兵农	20
兵驻	20
兼侍	20
军阻	20
冻晕	20
凝姐	20
击弦	20
切萨	20
刘泽	20
券及	20
削死	20
副县	20
劝您	20
功获	20
勒娃	20
勒沃	20
化忌	20
卓卓	20
博删	20
卤料	20
卫裤	20
印厂	20
厚鹅	20
县仍	20
及侵	20
及插	20
及草	20
叫妳	20
叶群	20
吉鲁	20
名垂	20
吐烟	20
向埃	20
吞卡	20
否延	20
启元	20
吴玉	20
咪酱	20
咸粥	20
唇型	20
唐吉	20
唐宗	20
善妒	20
喇喇	20
嘉雯	20
固政	20
圣姑	20
场刊	20
场撕	20
埋距	20
塑普	20
壕气	20
夏氏	20
夹拖	20
夹笔	20
套壳	20
妙赞	20
姓牛	20
姓陆	20
姓雷	20
姗爷	20
姜切	20
姬路	20
娟妹	20
媚娘	20
孤鸟	20
守臣	20
寒咳	20
察罕	20
寺拜	20
射效	20
尊素	20
少昊	20
尤斯	20
层粉	20
属县	20
屠鸭	20
岳区	20
川府	20
州辖	20
巡巡	20
巴莉	20
巴郡	20
帆儿	20
帕布	20
帝欲	20
庆余	20
庞庞	20
座敷	20
弃核	20
弯转	20
往伊	20
御马	20
微熏	20
微针	20
德弗	20
志忠	20
忧忧	20
怀玉	20
性罪	20
惜吕	20
慈寺	20
慈寿	20
扎刺	20
扎帐	20
扶弱	20
抄牌	20
抓鸟	20
拉兹	20
拉帘	20
拉弦	20
拉芒	20
拓拔	20
招恨	20
按著	20
捣成	20
援任	20
改绑	20
敏德	20
敢违	20
斯霍	20
族移	20
旬入	20
旭姬	20
易泛	20
映秀	20
春乏	20
春亭	20
春芳	20
普瑞	20
普萨	20
暗沙	20
曲桥	20
曹芳	20
曾批	20
木茂	20
杀鼠	20
杨某	20
板拖	20
板摔	20
林振	20
架航	20
染尘	20
柯哀	20
柱柱	20
柳村	20
橘味	20
款眉	20
歪七	20
永祥	20
沃尼	20
沈佳	20
沙币	20
洋岛	20
洛歇	20
津县	20
派仍	20
派翠	20
流亭	20
浙卫	20
润型	20
润霜	20
深汕	20
混丝	20
渣团	20
湖桥	20
湿晒	20
潜潜	20
火摧	20
灭金	20
炸饼	20
爆疫	20
特沃	20
狗叠	20
狗币	20
玄玄	20
王乔	20
王奕	20
王衍	20
玛卡	20
玛莉	20
玮姐	20
班淑	20
瑜瑜	20
瓜拌	20
瓦绿	20
瓶药	20
甩棍	20
甩脑	20
田良	20
由詹	20
疏言	20
皮扒	20
皱成	20
盐糖	20
盖薄	20
盘状	20
盼雪	20
盾铁	20
省宣	20
督兼	20
砖铺	20
碑立	20
碧琦	20
神祈	20
秀梅	20
稍弱	20
穆赫	20
穷癌	20
章组	20
端盆	20
笔签	20
符卡	20
笼笼	20
算违	20
粒钟	20
粗脖	20
素椒	20
紧裹	20
红漆	20
红荔	20
纸扔	20
练壮	20
统延	20
续摊	20
绿墙	20
翘嘴	20
耳帝	20
耶丝	20
胡宇	20
胡撸	20
胡胡	20
脱棉	20
脸痒	20
腿夹	20
臣政	20
舅奶	20
艇等	20
芝迷	20
花馍	20
英廷	20
范伟	20
莫勒	20
莫嫌	20
莫悲	20
莹哥	20
落黎	20
葱段	20
蕾姆	20
薇演	20
薯格	20
藏柜	20
虐腹	20
虫圈	20
虹越	20
虾卷	20
蛮粗	20
融梗	20
螺溪	20
论稿	20
诊医	20
诺沃	20
谷离	20
账记	20
费涨	20
资瓷	20
赏荷	20
赠饮	20
赫迪	20
赵博	20
跪跪	20
车驶	20
软嫩	20
辖域	20
边唠	20
边敷	20
辽狗	20
连窗	20
迪姆	20
送券	20
逢君	20
遂入	20
遂破	20
邦首	20
部迁	20
钻牙	20
铁橙	20
锐雯	20
锦锦	20
门兜	20
闻屁	20
阿龟	20
附魔	20
陈诚	20
障或	20
雅妮	20
雅萌	20
雕雕	20
雨辰	20
雷亚	20
雷尼	20
青芝	20
领县	20
颗冰	20
食埋	20
饰图	20
饼状	20
馋酒	20
香糯	20
馨宝	20
马陵	20
驻企	20
驻伊	20
高雯	20
鬼缠	20
魏叔	20
魔童	20
魔豆	20
鱼庄	20
鲁瓦	20
鸭仔	20
黄庄	20
黎食	20
黑绳	20
龙骑	20
丈二	19
丈八	19
丘山	19
东霓	19
丝卷	19
临停	19
丸山	19
乃取	19
乔总	19
乘降	19
九牧	19
予警	19
于弗	19
于慈	19
云雷	19
五轴	19
仍占	19
任监	19
仿写	19
伐蜀	19
伞裙	19
使朱	19
例亦	19
依琳	19
侧链	19
侯德	19
俊豪	19
俩仨	19
俺答	19
倒拐	19
借刀	19
偏软	19
偷吻	19
像贾	19
兆基	19
先埋	19
先搁	19
入殿	19
八孔	19
共耗	19
兵登	19
典诗	19
兹伯	19
兼领	19
兽首	19
军烨	19
冠忠	19
冠羽	19
冲田	19
凌玲	19
凌霜	19
凯爷	19
划属	19
刚剁	19
剃短	19
前凸	19
副营	19
割耳	19
劝离	19
努瓦	19
勇抗	19
北靠	19
区迁	19
华庭	19
卡莎	19
县归	19
及慈	19
及淮	19
及穆	19
受饥	19
叫卢	19
叫淑	19
叶昭	19
叶秋	19
叼死	19
君父	19
吨水	19
吴昌	19
吸兔	19
吻替	19
咸亨	19
啃土	19
啵酱	19
喂娃	19
喂糖	19
喃俩	19
嗑嗑	19
嘴啃	19
囧爸	19
图绘	19
均呈	19
均获	19
均输	19
埔地	19
堆旁	19
堡镇	19
塔碑	19
填单	19
壶门	19
备稿	19
奉茶	19
套拳	19
奴仔	19
奶挤	19
奶涨	19
妙香	19
姆爷	19
姜醋	19
姬莲	19
威勒	19
威楚	19
娃屋	19
娜芙	19
孝恭	19
季稻	19
宁呆	19
宇昌	19
宋义	19
宋庄	19
宏块	19
宗徒	19
宗登	19
官庄	19
宝鼎	19
实轴	19
审审	19
封桥	19
尊封	19
尔齐	19
尤尼	19
尬膜	19
屑屑	19
属临	19
屯肉	19
山坪	19
岭镇	19
崇智	19
崇雅	19
川镇	19
州滨	19
巡店	19
帝仍	19
帝曹	19
幼幼	19
广仁	19
库建	19
库德	19
庙庙	19
庙碑	19
廊东	19
廖总	19
建辉	19
弗弗	19
张仲	19
张晋	19
张赫	19
张辽	19
影券	19
徐良	19
忒累	19
思捷	19
恰拉	19
愁怨	19
戈萨	19
戏仿	19
戴副	19
扁嘴	19
扇醒	19
扑食	19
承祖	19
抓熊	19
抗糖	19
披著	19
拔刺	19
拱辰	19
拿渡	19
按预	19
挠脸	19
捕及	19
授官	19
掐腰	19
推撞	19
掩星	19
掰掉	19
提币	19
摊饼	19
撞邪	19
敲章	19
料煮	19
料筒	19
斜背	19
斤虾	19
斯乃	19
施普	19
族宗	19
旨令	19
旭仔	19
晃晕	19
晋侯	19
晓倩	19
普塔	19
暖宫	19
暖棕	19
曹彬	19
曹溪	19
曾昭	19
朝兵	19
朝宫	19
朝封	19
李守	19
李廷	19
李琦	19
村屋	19
杜斯	19
杜立	19
杨志	19
杨晓	19
杰罗	19
林伽	19
枝春	19
染引	19
柱门	19
标移	19
树屋	19
树挡	19
桑布	19
桥断	19
梁淑	19
梯及	19
棉靴	19
棕灰	19
森曾	19
楼溜	19
榴芒	19
横置	19
欠登	19
欣宇	19
歪货	19
歹势	19
殿北	19
求鞭	19
汤馆	19
沙塘	19
沟村	19
河宽	19
治霾	19
泉村	19
泡爪	19
泰骑	19
泳泳	19
洪波	19
洪辰	19
派批	19
流汇	19
浇死	19
浩龙	19
涂薄	19
淘货	19
渡渡	19
渡镇	19
溪区	19
滑摔	19
满绩	19
滩游	19
漆饭	19
漏腿	19
潮鞋	19
灌倒	19
火勺	19
火炖	19
灵峰	19
灵泛	19
灵珠	19
炉炉	19
炎及	19
炎或	19
炎魔	19
炒币	19
炒蟹	19
炒鸭	19
熊喵	19
牙磕	19
牛岭	19
牧院	19
狮抱	19
狼芋	19
猛鬼	19
猫捉	19
玉华	19
玉湖	19
王召	19
王弘	19
王旭	19
瑞亚	19
瑞华	19
瓣瓣	19
甘耐	19
田耕	19
由彭	19
盖碎	19
盘羊	19
盛势	19
瞎喊	19
石碎	19
破仁	19
碗端	19
碟碟	19
祖乙	19
秀萝	19
秒拒	19
租碟	19
秦将	19
秦攻	19
积碳	19
程朱	19
穆旦	19
立协	19
章章	19
端妃	19
竹湖	19
筋拉	19
筒筒	19
算翘	19
箱纸	19
篇评	19
粉炒	19
粗矿	19
粽粽	19
糖堆	19
索伯	19
纳兹	19
续繁	19
维托	19
缩衣	19
网纱	19
罚篮	19
羊鞭	19
群邮	19
翘鼻	19
翠儿	19
翼及	19
耀君	19
老廖	19
者操	19
肌群	19
胞菌	19
胡兵	19
胶澳	19
胶贴	19
腿咚	19
臣李	19
臭晕	19
臭酸	19
舒县	19
舟哥	19
芦溪	19
花祭	19
苍爹	19
苟哥	19
若兮	19
若虚	19
茂陵	19
茨维	19
茶歇	19
莫纳	19
莫逗	19
莫雄	19
莱迪	19
菇味	19
菌及	19
萧景	19
落屋	19
落袋	19
葱叶	19
蒙托	19
蓬灰	19
蔡州	19
藕丁	19
藕盒	19
虫爬	19
虾菇	19
蚊纸	19
蜂咬	19
蝶蝶	19
袍穿	19
袭封	19
诺波	19
谁赔	19
豪虾	19
贝莱	19
贝隆	19
贺言	19
赛睿	19
赫雷	19
赵伯	19
赵县	19
越贪	19
距噶	19
辛庄	19
辣藕	19
边剃	19
边栏	19
连撞	19
连霍	19
迟左	19
追魂	19
送妳	19
遭判	19
遭虐	19
郑郑	19
部靠	19
郭熙	19
酷拽	19
酷盖	19
酿酿	19
金姆	19
金弘	19
针缝	19
钢伴	19
银银	19
锐捷	19
镇将	19
镇设	19
阅片	19
阿卓	19
阿囧	19
阿碧	19
陈县	19
陪朕	19
隔窗	19
雨蝶	19
雪狼	19
雷莎	19
靖雯	19
静沉	19
韵部	19
骂袁	19
魂蛋	19
魏政	19
魏朝	19
鲸目	19
鼎文	19
鼠仔	19
龙谷	19
龟蛋	19
三潭	18
且呈	18
东葛	18
丹斯	18
九亭	18
书撕	18
乱怼	18
乱摆	18
乱棍	18
争鲜	18
于彭	18
互踩	18
井深	18
仅列	18
代碑	18
仿英	18
伊姆	18
优桑	18
伟佳	18
伟杰	18
伯龙	18
佛顶	18
佩吉	18
佳宜	18
佳颖	18
侧腰	18
侧转	18
侯者	18
侵朝	18
便邀	18
俄裔	18
俊波	18
俩挨	18
修竹	18
俺酱	18
倒挡	18
偏硬	18
健怡	18
元妃	18
元殿	18
先怼	18
兑酒	18
党占	18
全仓	18
全株	18
兰君	18
兰航	18
兵亦	18
兵逃	18
养肝	18
内凹	18
冒恰	18
军皆	18
冬珠	18
凤岭	18
凯妻	18
刑十	18
刘婷	18
刘湘	18
利沃	18
利茨	18
刻冲	18
剃剃	18
剑质	18
力忒	18
动轴	18
勇俊	18
勇冠	18
勾斯	18
化侵	18
卖煤	18
南扩	18
占坑	18
卡池	18
厂厂	18
厚绒	18
县古	18
县置	18
及埃	18
及扶	18
及燃	18
及砂	18
双薪	18
古曼	18
叫咕	18
叶护	18
向澳	18
君侧	18
吞粪	18
吾德	18
周慎	18
喂鸟	18
喝懵	18
嘉隆	18
图抠	18
坏胃	18
块疤	18
坛水	18
坤唱	18
坤妹	18
坪镇	18
域宽	18
堡建	18
堡战	18
堵爆	18
塔湖	18
塞洛	18
增氧	18
墨村	18
奉父	18
契亚	18
奥菲	18
妙恋	18
妹陀	18
姆布	18
姓孟	18
姓杜	18
姚江	18
姬姬	18
威瑟	18
威驰	18
嫌沉	18
嫌臭	18
孔蒂	18
孙刘	18
孙媳	18
孤帆	18
宅腐	18
宋亡	18
宗亦	18
宗赵	18
宜嘉	18
寄邮	18
尚健	18
尸兄	18
尼亦	18
尾货	18
局采	18
屏贴	18
岩及	18
岩城	18
岭站	18
岳王	18
崔克	18
崔氏	18
巡场	18
巢蜜	18
师盯	18
帕卡	18
帕洛	18
带携	18
庆熙	18
府掌	18
府移	18
庭庭	18
廷宣	18
建庙	18
弄辆	18
张宪	18
张辉	18
弯或	18
形拱	18
彦哥	18
德兼	18
德赫	18
忆忆	18
忒帅	18
志杰	18
您歇	18
慧婷	18
慧珊	18
懒熊	18
或氧	18
或磁	18
战损	18
房窗	18
扁脸	18
扑捉	18
扛冻	18
扣碎	18
批农	18
批奏	18
押至	18
招贼	18
拳匪	18
拿盐	18
挂瓶	18
按某	18
挡拆	18
捏扁	18
捞佬	18
捧著	18
据测	18
掏兜	18
探母	18
插柳	18
搓破	18
摘耳	18
撒椒	18
敏华	18
教祭	18
文浩	18
断陷	18
施维	18
旧怀	18
晓颖	18
景描	18
晶洞	18
曲漫	18
曲编	18
曹节	18
朝核	18
朴初	18
杀羊	18
杀蚊	18
权协	18
李丹	18
李佩	18
李察	18
李昂	18
李杨	18
李梅	18
李盈	18
李虎	18
杜陵	18
杨善	18
板厂	18
某银	18
柔焦	18
校聘	18
格挡	18
桑林	18
梁军	18
梅塔	18
梅姨	18
棉森	18
棋界	18
椒切	18
樱井	18
欲修	18
止核	18
母均	18
毛梳	18
氏墓	18
氏居	18
氏曰	18
氏祖	18
民撤	18
氧净	18
水揉	18
永忠	18
汤洒	18
沉塘	18
沙虎	18
沧月	18
泄欲	18
泛绿	18
波旬	18
波雷	18
泥捏	18
洛姆	18
洲县	18
流溪	18
浇汁	18
测漏	18
浦浦	18
海傍	18
涨薪	18
淋雪	18
淘尽	18
渐显	18
湖荡	18
湖蟹	18
湾内	18
湿毒	18
滑屏	18
滑玛	18
滩风	18
漏肚	18
澡敷	18
灯厂	18
灰导	18
灿宝	18
炖梨	18
炫娃	18
炮攻	18
烤蹄	18
烤饺	18
煲煲	18
熟龄	18
燃性	18
爆扣	18
爬宠	18
狂派	18
王仲	18
王宏	18
王鹤	18
玛吉	18
玛玛	18
环贸	18
球框	18
琦君	18
琴岛	18
瑞米	18
瓦萨	18
田健	18
田洋	18
由梁	18
畅顺	18
疤克	18
登云	18
百瓦	18
皇极	18
皮啃	18
皮脆	18
盆泡	18
益德	18
盒纸	18
盼雨	18
砖砸	18
破曹	18
硕风	18
碳火	18
社番	18
神皂	18
称朕	18
程耗	18
稍偏	18
稳距	18
稿送	18
窝蚕	18
竞彩	18
竹石	18
筒骨	18
篇讲	18
糖棕	18
繁繁	18
纸粘	18
绕湖	18
绳纹	18
维兹	18
绿爪	18
罗县	18
罗琦	18
罩式	18
翰堡	18
者愈	18
耗氧	18
肩窄	18
胃弄	18
胖婶	18
胡狼	18
脚夹	18
脚撑	18
腮骨	18
腿劈	18
腿杆	18
臣臣	18
舅婆	18
航仔	18
般涌	18
船旗	18
船鞋	18
艇体	18
艘英	18
色斜	18
艳玲	18
芋包	18
苏烈	18
若兰	18
荔城	18
莫迪	18
莹仔	18
菊乐	18
菊紧	18
菌粉	18
菜椒	18
菜榨	18
菜蒜	18
葱切	18
蒂法	18
蒋哥	18
蒜叶	18
蒜汁	18
蒸或	18
蓉味	18
蔡琴	18
薛氏	18
虐汪	18
蚊咬	18
蛮勤	18
蛮宽	18
蝉妹	18
蝶妹	18
街尾	18
衫或	18
认筹	18
讯工	18
许氏	18
译语	18
调馅	18
谷寺	18
貂儿	18
贼乱	18
贾政	18
趟趟	18
跨足	18
轩窗	18
轻叹	18
辉姐	18
辉总	18
辖于	18
边剥	18
述著	18
追崇	18
速融	18
遭吹	18
遭批	18
邓文	18
郡辖	18
郡郡	18
金浩	18
鑫仔	18
鑫儿	18
鑫宝	18
铁拐	18
铺铺	18
链链	18
键键	18
闲晃	18
阁内	18
阳坝	18
阳逻	18
陈丹	18
陈晨	18
除菌	18
陵内	18
隐修	18
隧穿	18
雅楠	18
雪晴	18
雷昂	18
雷欧	18
震华	18
霍氏	18
霍洛	18
霜抹	18
靠南	18
领诸	18
饺饺	18
饼筒	18
馀庆	18
驻印	18
驻藏	18
骨仔	18
骨鸭	18
魔魔	18
鱼捞	18
鱼蒸	18
鲤城	18
鹏总	18
麦仁	18
黄宇	18
黄泛	18
黎嘎	18
黑岩	18
齐亚	18
龙泽	18
且沿	17
丽妃	17
乌石	17
乘舟	17
九栋	17
乡霸	17
书苑	17
乱翘	17
乾嘉	17
于孟	17
于溶	17
云桥	17
云谷	17
云阁	17
云鹤	17
亚岛	17
亚朵	17
亚玛	17
亮嫂	17
亮斑	17
亲侄	17
仙溪	17
令朱	17
件貂	17
伊奥	17
伊娜	17
伍尔	17
伞骨	17
伟涛	17
伽拉	17
佛雷	17
佩瑶	17
佳源	17
供皇	17
侧侧	17
侧倾	17
侧式	17
侯城	17
促改	17
俊哲	17
倩玉	17
儿忒	17
先啃	17
六曹	17
兰县	17
兰银	17
典编	17
内芯	17
军溃	17
冬郎	17
冯哥	17
冰融	17
减档	17
减贫	17
凡瑶	17
切赫	17
刊及	17
刊社	17
判商	17
刷酱	17
刻碑	17
剂通	17
削笔	17
剑雨	17
务协	17
劣化	17
势仍	17
勒托	17
勺挖	17
勾漏	17
千姬	17
千鹤	17
华镇	17
南屯	17
博涵	17
博纳	17
卡瑞	17
压趴	17
及磁	17
双射	17
口税	17
口缸	17
古渡	17
叫姜	17
叫愚	17
叫蒜	17
叫蔡	17
台寺	17
史崔	17
叶凡	17
吉村	17
吉杰	17
吕文	17
君李	17
吞入	17
吴敬	17
吾言	17
呛呛	17
呛蟹	17
唐律	17
售股	17
喂龟	17
善射	17
喵叔	17
嗨呦	17
嘉琳	17
嚼两	17
团驻	17
囧菌	17
困蒙	17
围腰	17
固防	17
国誉	17
土佐	17
圣宫	17
圣岛	17
地耕	17
增寿	17
声渐	17
壶镇	17
夜闯	17
夷夏	17
夷王	17
奥园	17
奥扫	17
姆市	17
姆霍	17
姓孔	17
姓肖	17
姨姥	17
孙伯	17
孙辈	17
宁浩	17
宅居	17
宋版	17
宗申	17
官屯	17
宫禁	17
宰牲	17
寿寿	17
寿殿	17
将秦	17
尚街	17
尼库	17
层胶	17
屏霸	17
屯屯	17
山砍	17
岗站	17
岭二	17
州诸	17
巨粗	17
布蕾	17
希捷	17
帕索	17
帕莱	17
帝尊	17
并驱	17
床赖	17
库库	17
废鹅	17
度僧	17
康妮	17
康镇	17
廖永	17
廷任	17
廷顿	17
弗尼	17
张婉	17
张弘	17
弯举	17
弹仓	17
彭氏	17
往澳	17
律仍	17
徐博	17
德琳	17
志雄	17
怒砸	17
急欲	17
恐恐	17
恐袭	17
恩佐	17
患肺	17
惠陵	17
慌撒	17
或撤	17
扎仓	17
批萨	17
抢盐	17
抵黄	17
拆箱	17
拌川	17
拌肉	17
拽紧	17
拿浴	17
挂鞭	17
按劳	17
按弦	17
挨罚	17
挨虐	17
挪位	17
挫男	17
振朗	17
捐予	17
捐兵	17
损招	17
捷信	17
揉胸	17
搓热	17
搭牢	17
撒勒	17
撕皮	17
撰成	17
改郡	17
敏赫	17
敢啃	17
施均	17
旋木	17
族皆	17
既野	17
昆吾	17
星潭	17
晓莉	17
晓雅	17
曲均	17
曹洞	17
曼波	17
曾俊	17
替李	17
朝亡	17
本贯	17
朵霞	17
杀赵	17
权权	17
杉姐	17
李伟	17
李倩	17
李剑	17
李渔	17
李硕	17
李祖	17
杜村	17
条疤	17
杨宇	17
极殿	17
枝状	17
枯掉	17
桐画	17
桑丘	17
森博	17
椒麻	17
橘园	17
欠削	17
欲追	17
款捐	17
款桌	17
止虐	17
武协	17
毅腾	17
汤丸	17
汤炖	17
沃利	17
沈德	17
沙迪	17
泛型	17
泥壕	17
泥湾	17
洛施	17
洲仍	17
洲血	17
流沿	17
润丰	17
润膏	17
淑仪	17
淑玲	17
淑贤	17
溪沙	17
滑套	17
漏奶	17
灌蛋	17
灌风	17
灵泉	17
灿若	17
炫丽	17
炸沉	17
煮羊	17
爆煲	17
爹坑	17
牛堡	17
特弗	17
狂投	17
狮砸	17
狼君	17
狼爪	17
猪柳	17
王昆	17
王橘	17
王璐	17
玛氏	17
琦等	17
瑶琴	17
瓜沥	17
瓜迪	17
瓦哩	17
瓦基	17
甘梅	17
甩脂	17
田伯	17
田坝	17
由余	17
由袁	17
甲吕	17
申侯	17
画歪	17
番番	17
疏港	17
疏请	17
疗愈	17
疤哥	17
痴餐	17
癌治	17
皆指	17
益甚	17
盐搓	17
盘输	17
盛汤	17
盼春	17
眼挫	17
眼癌	17
瞎撩	17
石峰	17
碗醋	17
碧江	17
碳碳	17
祖瑜	17
种黏	17
科僧	17
秦制	17
秦政	17
稳野	17
窝呆	17
竞楠	17
章亦	17
筒拿	17
箱货	17
篇序	17
籍商	17
粉粉	17
粘米	17
粪粪	17
糟辣	17
糯香	17
纳帕	17
练弹	17
细闪	17
织密	17
终抵	17
维齐	17
罗岛	17
翼端	17
耐耐	17
职职	17
联盛	17
肖肖	17
股沟	17
胃胃	17
胶装	17
腊猪	17
腐腐	17
腿叉	17
腿踢	17
臂式	17
至魏	17
舔脸	17
航距	17
舰舰	17
船逃	17
艘同	17
艘核	17
艾派	17
芝童	17
芬迪	17
芳林	17
苑路	17
茜宝	17
茶宠	17
茶棕	17
莲艾	17
萧军	17
萧干	17
萧木	17
萧氏	17
萨伏	17
萨尼	17
蒂蒂	17
蒋梦	17
蓝湾	17
薄凉	17
藕霸	17
虾馅	17
蜂蝶	17
行屠	17
街庄	17
衫短	17
裕廊	17
裕彤	17
西隧	17
詹黑	17
诸吕	17
诸郡	17
谷景	17
贾哥	17
赴海	17
跟翠	17
跟鑫	17
跪碎	17
踏石	17
踩掉	17
轨线	17
迈瑞	17
违体	17
迪诺	17
选贤	17
逗霸	17
遭扣	17
邮邮	17
郑伯	17
郭顶	17
酒灌	17
酸胀	17
酸醋	17
野狐	17
鑫源	17
银临	17
队抵	17
阿睿	17
阿舅	17
陆杨	17
陈敏	17
陈豪	17
陈逸	17
除障	17
隆兴	17
雅姿	17
雅欣	17
雨亭	17
雨淹	17
雪姬	17
雪洁	17
雷纳	17
雷顿	17
震坏	17
青玄	17
音弦	17
顾漫	17
颈链	17
频版	17
颗横	17
食佐	17
饮饮	17
饼丝	17
香焦	17
香芒	17
马乔	17
骂翰	17
骄骄	17
骨炸	17
魅妖	17
魏郡	17
鲁元	17
鲁兹	17
鲁德	17
鸡犬	17
麻藤	17
黎利	17
黑靴	17
鼎香	17
鼓琴	17
齿牙	17
龙旗	17
丁氏	16
丈远	16
世爵	16
义坊	16
义序	16
乱踢	16
予港	16
于乙	16
于疏	16
于碳	16
云亭	16
五弦	16
亚雷	16
亦宜	16
京霾	16
仁恒	16
仍归	16
代牧	16
令胡	16
仲差	16
仿唐	16
众皆	16
佐未	16
佩珊	16
侯总	16
俩牵	16
俺姨	16
偏粉	16
傻佬	16
傻梨	16
傻爹	16
兔酱	16
入淮	16
八井	16
八郡	16
兰纳	16
兵卫	16
兵袭	16
兹德	16
兹拉	16
养崽	16
冯特	16
冲盈	16
冻虾	16
凯姆	16
凸性	16
刀借	16
刀舞	16
刘艳	16
初抵	16
刮奖	16
刺鱼	16
剁馅	16
勇蜜	16
匹及	16
区撤	16
区贫	16
华宇	16
单杆	16
卢总	16
卷梳	16
厅室	16
厅灯	16
厅设	16
厌氧	16
原驻	16
县署	16
及赤	16
叛教	16
叫蒋	16
右偏	16
叹叹	16
叼烟	16
向蔡	16
吕祖	16
吕纸	16
吖姨	16
吴广	16
吸喵	16
吸蚊	16
呈深	16
呛奶	16
味熏	16
唐皇	16
嘴抹	16
嘴雀	16
器库	16
团订	16
囧字	16
图馋	16
圣杰	16
块泥	16
坪洲	16
垂格	16
埔村	16
域占	16
培源	16
塔旁	16
境仍	16
墨竹	16
壶壶	16
壶泡	16
央企	16
夷男	16
奥伯	16
妙戈	16
姆语	16
姑姥	16
姓蔡	16
姓赖	16
姜泡	16
姜辣	16
媛哥	16
孔圣	16
孔甲	16
孙仲	16
孟母	16
孤竹	16
宁郡	16
守祖	16
宏迷	16
官咖	16
官氏	16
官涌	16
寒亭	16
寺旁	16
寺田	16
封李	16
封魏	16
将吴	16
将孙	16
将棋	16
尖吻	16
尬诗	16
尾尖	16
层糕	16
屏膜	16
屏锁	16
属辽	16
山牧	16
屿秋	16
岩翻	16
崇佛	16
崇政	16
崔浩	16
巫毒	16
已枯	16
巾戴	16
巾裹	16
布缠	16
布遮	16
帆妹	16
帘卷	16
帝宫	16
幅描	16
并予	16
并遵	16
幻幻	16
床震	16
库收	16
底抹	16
府旧	16
府皆	16
廊相	16
廊门	16
延龄	16
建亭	16
建忠	16
弗农	16
弗特	16
弘基	16
弟娶	16
彭帅	16
往瑞	16
径较	16
徐松	16
徐永	16
徒集	16
御品	16
御容	16
御河	16
微喇	16
忌辣	16
志勇	16
性乳	16
恒功	16
恩慈	16
恭靖	16
恰酒	16
慈城	16
慈航	16
慧雯	16
戴佛	16
戴圣	16
戴妃	16
戴玉	16
扎肾	16
扔纸	16
托伦	16
扬优	16
承君	16
抗蒙	16
折翅	16
拌猪	16
拖著	16
拟物	16
拽进	16
拿杆	16
捕蛇	16
损或	16
据险	16
授拳	16
掌兵	16
掐秒	16
掰碎	16
摩萨	16
摸兜	16
攒满	16
支薪	16
敬祖	16
敲竹	16
敷冰	16
斑蚊	16
斗霸	16
斤汗	16
斯姆	16
施亦	16
施浸	16
旋旋	16
昌航	16
昌郡	16
星掩	16
星舰	16
晓梅	16
晓涵	16
景衬	16
智仁	16
暴汗	16
暴饮	16
曹志	16
曾氏	16
曾琦	16
曾盛	16
木葱	16
朱建	16
朱瑞	16
杀贼	16
李森	16
李熙	16
李玄	16
李翔	16
村乡	16
杜飞	16
条柴	16
杨乃	16
杨威	16
杨庄	16
杯壁	16
松骨	16
板铺	16
林瑞	16
林纳	16
枚核	16
柯洁	16
柱顶	16
柴郡	16
柴鱼	16
框镜	16
案审	16
桑耶	16
梅勒	16
梅志	16
棒锤	16
椰壳	16
楠神	16
横沥	16
欠怼	16
欠挨	16
欣彤	16
止戈	16
歪密	16
段誉	16
殿基	16
毅宗	16
母船	16
氧血	16
汉儒	16
江横	16
汤臣	16
汤逊	16
汪氏	16
沃伊	16
沙爹	16
泉泉	16
泥状	16
洪烈	16
洲帝	16
活剥	16
派宗	16
浩林	16
浴帘	16
海淹	16
润饼	16
液酸	16
渐暖	16
渡淮	16
渡线	16
港登	16
湖溪	16
湘桥	16
源甚	16
溜娃	16
滨医	16
漏音	16
潘祖	16
潭山	16
潭路	16
澳航	16
灌晕	16
炒馍	16
炸藕	16
炼炼	16
烈震	16
烟笼	16
烤灯	16
烧胃	16
煲水	16
熏倒	16
燕皮	16
爸揍	16
牙挤	16
牙歪	16
牛肠	16
牧渔	16
狂嗨	16
狂敲	16
狗粪	16
狠宰	16
猪厂	16
王岳	16
王菊	16
瑞虎	16
璐爷	16
瓦岗	16
瓦布	16
甘讲	16
甘识	16
田令	16
田宫	16
由抽	16
由操	16
由碳	16
疾者	16
皆停	16
皆遭	16
皆附	16
皇兄	16
直插	16
碧翠	16
祥城	16
祭山	16
禁词	16
禁韩	16
离秃	16
秋芝	16
秒撤	16
秦律	16
称吴	16
窄轨	16
立庙	16
章盖	16
竹塘	16
竹声	16
符玺	16
米佐	16
粉汤	16
粒药	16
粥暖	16
糖盐	16
纳夫	16
线缠	16
练剑	16
细噶	16
绵雨	16
绿棉	16
缝嘴	16
缩句	16
署指	16
羽协	16
耍剑	16
肉剁	16
肉匀	16
肉宴	16
肉馍	16
肿磨	16
背夹	16
脏标	16
脚奴	16
腿遮	16
膏画	16
臣共	16
至淮	16
舔包	16
航协	16
舰员	16
良佐	16
芋香	16
芭菲	16
花藤	16
苑及	16
范妮	16
荷官	16
莹妹	16
莹宝	16
菊姐	16
菲莉	16
萌喵	16
萝贝	16
萧策	16
葛拉	16
葩葩	16
蒙氏	16
蒜片	16
蓝燕	16
蓝盒	16
蔡塘	16
虐攻	16
虫族	16
蛋咪	16
蛮稳	16
蜀蜀	16
蝉蝉	16
蠢鹤	16
血盟	16
街捡	16
袁姓	16
袍兄	16
裂裂	16
裔或	16
裔群	16
裹腹	16
西巷	16
许昕	16
译词	16
诸县	16
谦爷	16
豪仔	16
豹嫂	16
豹龟	16
账算	16
质溶	16
贴胸	16
贾充	16
贾贾	16
赏云	16
赢输	16
越抠	16
跟彬	16
跪迎	16
踢坏	16
踩爆	16
躲掉	16
迁校	16
连盐	16
迪勒	16
迪纳	16
送菊	16
遍植	16
遥领	16
遭堵	16
邦派	16
邪邪	16
郡兵	16
郭父	16
酒剑	16
酒炖	16
野县	16
量呈	16
量愈	16
金捐	16
金鑫	16
鑫妹	16
针刀	16
钉板	16
钟鸣	16
钢蛋	16
铁狮	16
锁止	16
锦溪	16
闭园	16
闲赋	16
附郭	16
陈佩	16
陪妳	16
隔辈	16
雅氏	16
雕爷	16
雪菊	16
震宇	16
震楼	16
霍利	16
霍叔	16
霜贵	16
霞飞	16
靓噶	16
鞋砸	16
韩庄	16
韩琦	16
顶覆	16
须遮	16
风疾	16
饰条	16
首堵	16
香亭	16
香祈	16
驴仔	16
驻汉	16
驼山	16
魔趣	16
鱼疗	16
鸭烧	16
鹅厂	16
鹤球	16
鹿丸	16
黄伟	16
黄碧	16
黄粑	16
黑坨	16
黑碳	16
鼎哥	16
龙拳	16
龟兔	16
三乙	15
世卿	15
丞王	15
丫霸	15
丹绒	15
乌蒙	15
乔叔	15
书券	15
乱扭	15
云塘	15
云帆	15
互娱	15
亚仁	15
亦擅	15
产盐	15
京赴	15
亭及	15
亭记	15
亭镇	15
仍令	15
仍兼	15
从淮	15
仔噶	15
仔姜	15
令君	15
仲系	15
仲食	15
件袄	15
份兼	15
伊岛	15
伐林	15
优贤	15
余姓	15
佩蒂	15
佳宇	15
佳薇	15
使杜	15
使袁	15
使魏	15
供航	15
依婷	15
促党	15
倍倍	15
僧僧	15
僵苗	15
元亨	15
元婴	15
兄逮	15
兆祥	15
先儒	15
先赔	15
克恰	15
克瓦	15
克霍	15
党仍	15
入湘	15
兰兹	15
兰牧	15
兵拒	15
兵皆	15
兹语	15
兽星	15
册书	15
军协	15
军夺	15
冰滑	15
凯琳	15
凹糟	15
刘庄	15
刘彻	15
刘玄	15
刘硕	15
制瓷	15
刷帖	15
剑剑	15
剑破	15
功曹	15
助协	15
勒勒	15
千草	15
半秃	15
卢卢	15
卫兰	15
厅连	15
县石	15
及曹	15
及辅	15
及邻	15
双旋	15
叫董	15
史氏	15
叶氏	15
叶衬	15
各殿	15
名苑	15
向扩	15
吞赞	15
吴佳	15
吴桥	15
吴泽	15
吸腹	15
呈反	15
呼麦	15
咋瞅	15
唐塔	15
唐李	15
啃羊	15
喻指	15
嘉汇	15
嘉逸	15
嘴痒	15
嚼食	15
囊死	15
四弦	15
囧眉	15
园桥	15
国鼎	15
坑跌	15
坡建	15
坨白	15
埃夫	15
埃布	15
城沿	15
域亦	15
堆沙	15
塔湾	15
塘养	15
塞伯	15
增田	15
壁破	15
壳剥	15
夫洛	15
奉宗	15
奉恩	15
奖池	15
奥伦	15
奥酱	15
奶瘾	15
姓党	15
姓辛	15
姜尚	15
婉瑜	15
孙丽	15
孝康	15
孝德	15
季氏	15
宋嘉	15
宗孝	15
宗欲	15
宗罪	15
官镇	15
室啃	15
寸寸	15
寺卿	15
尚氏	15
尼塔	15
尾村	15
层涂	15
屯卫	15
山祭	15
岩矿	15
岭街	15
岭路	15
岳塘	15
岸航	15
崔斯	15
巨惨	15
布寺	15
帆总	15
帕戈	15
幅墨	15
幕臣	15
并夺	15
并迁	15
底揭	15
府辖	15
庞博	15
座碑	15
廊外	15
廖记	15
录频	15
彰南	15
役兵	15
役及	15
彼佛	15
往俄	15
径山	15
径越	15
律藏	15
徐冰	15
徐曼	15
徒聚	15
忒重	15
志诚	15
态链	15
怂夏	15
思沃	15
怪坡	15
恶恶	15
悟净	15
惊羽	15
惠价	15
惠妃	15
惠队	15
慈云	15
慈仁	15
戈耳	15
或乳	15
或侵	15
或兼	15
或灌	15
扇叶	15
扇飞	15
扩写	15
批预	15
折袖	15
披麻	15
拆坏	15
拆盒	15
拉煤	15
拉芬	15
拽文	15
按户	15
挑葱	15
振玉	15
捣捣	15
捷森	15
授武	15
掰折	15
援疆	15
搓圆	15
搜韩	15
摆饰	15
摇脑	15
撞梗	15
撤市	15
操江	15
攻赵	15
放笋	15
敏君	15
敢剃	15
敲背	15
斤翔	15
施姓	15
族均	15
族掌	15
旗官	15
旧屋	15
旧译	15
旭爷	15
昂古	15
昕薇	15
星斑	15
映版	15
显忠	15
晃倒	15
晋初	15
晓晗	15
晓楠	15
晓辉	15
暗杠	15
曹昂	15
曹洪	15
曼达	15
曾刊	15
替某	15
朝盛	15
朝诸	15
木萨	15
未执	15
朱姓	15
朱蒙	15
朱金	15
杀皇	15
权仍	15
杆顶	15
李宏	15
李殿	15
李毅	15
李益	15
李紫	15
李鑫	15
杞梁	15
杨守	15
杨导	15
杨廷	15
杨晨	15
杨浩	15
杨鸣	15
杯姜	15
松丸	15
构规	15
枕秃	15
林宅	15
林泉	15
林洛	15
林淑	15
枚铜	15
枣木	15
架摆	15
柯斯	15
柱及	15
柴荣	15
树绿	15
树芽	15
栗姬	15
株高	15
桂七	15
桂城	15
案遭	15
桐宝	15
桥川	15
桥跨	15
梅田	15
梅粉	15
梅莉	15
森罗	15
橙砸	15
武昭	15
残幅	15
残残	15
段跌	15
比冯	15
毛翘	15
毛蓬	15
民遵	15
水兑	15
江汇	15
江碧	15
江舟	15
汽博	15
沈晨	15
沈沈	15
沙洛	15
沟河	15
河溪	15
泡壶	15
泥轰	15
泰伦	15
泼盆	15
泽元	15
洁莹	15
洛娃	15
洛颜	15
洲湾	15
派亦	15
浓糖	15
浙财	15
浴沙	15
涉谷	15
涩琪	15
液涂	15
淡墨	15
淮淮	15
混燃	15
清怡	15
渡台	15
温枪	15
湖钓	15
湘山	15
源凯	15
溪寺	15
滋溜	15
滋瓷	15
滨区	15
滩镇	15
滴崽	15
漆木	15
漏极	15
漏液	15
潘尼	15
潭镇	15
澳龙	15
灏哲	15
炎性	15
炒羊	15
烂牙	15
熏臭	15
燕青	15
爬杆	15
爸煮	15
物呈	15
特旨	15
特穆	15
犯刑	15
狂咳	15
狮纸	15
猩球	15
玄元	15
玄米	15
率皆	15
率贼	15
玉芬	15
玉芳	15
玉虚	15
王兼	15
王孝	15
王崇	15
王鑫	15
王鹏	15
玫玫	15
瑟姆	15
瓜含	15
甚盛	15
由帕	15
画竹	15
略厚	15
番组	15
皆令	15
盆岭	15
盐蛋	15
盒套	15
盛泽	15
盾立	15
盾萝	15
省扶	15
省检	15
督波	15
瞬秒	15
石券	15
石潭	15
石阵	15
矿院	15
破赵	15
碟刹	15
碳板	15
礼贤	15
祖拜	15
禁娱	15
禁武	15
禁鞭	15
秀惠	15
种凹	15
秤称	15
竹仙	15
竹砸	15
笨兔	15
筑石	15
米草	15
糊汤	15
索姆	15
红痣	15
纳罗	15
纵马	15
绵柔	15
绿樱	15
绿葱	15
缝剂	15
缝处	15
缩版	15
缸放	15
罐冰	15
罗振	15
罗村	15
罗萨	15
罚跑	15
群访	15
羽端	15
翠兰	15
翼虎	15
翼装	15
者撰	15
耕于	15
耗牛	15
耳兔	15
耶户	15
肌酸	15
肝帝	15
肠煎	15
股奶	15
肤肤	15
脸腮	15
臣武	15
臣集	15
臭咸	15
致幻	15
舰岛	15
船划	15
艘海	15
苏酱	15
英俄	15
范尼	15
茜妹	15
荆公	15
荒岩	15
荔园	15
荡尽	15
荣宰	15
莎妹	15
莱娜	15
莱托	15
获泽	15
萍果	15
萧洒	15
葛兰	15
蒋叔	15
蒙召	15
蒙宋	15
蔡斯	15
薯芋	15
藏寺	15
藤氏	15
虎园	15
虫纸	15
虫鱼	15
蛙仔	15
蛮凶	15
蜂叮	15
蝶变	15
袋糖	15
裂掉	15
詹蜜	15
誓将	15
设镇	15
译汉	15
详询	15
请吕	15
谎精	15
财财	15
败楚	15
贺拔	15
贼严	15
贼嫩	15
贾鲁	15
赏灯	15
赐金	15
赤激	15
赫米	15
赴各	15
赵普	15
赵玉	15
赵睿	15
距仲	15
踩低	15
蹭胸	15
转帖	15
辉山	15
辖十	15
边遛	15
迈腿	15
迪娜	15
述耶	15
逆推	15
速返	15
遇蛇	15
遭淹	15
遮腿	15
邮丢	15
郑洁	15
郡改	15
郡望	15
酒茨	15
酥炸	15
酥超	15
采妮	15
金泽	15
铜铁	15
银盆	15
锁鞋	15
锅烫	15
锤砸	15
锤黑	15
锦秋	15
防舰	15
防逃	15
阳溪	15
阴招	15
阶元	15
阿哩	15
阿帆	15
阿芬	15
阿贾	15
陈升	15
陈哲	15
陈树	15
陈涉	15
雀山	15
雅培	15
雅韵	15
雯妹	15
雷凌	15
雷瑟	15
雷耶	15
雾雾	15
霉掉	15
靖县	15
静赏	15
韩媒	15
韩磊	15
颈枕	15
颗孤	15
饶州	15
馀洋	15
馨怡	15
马巷	15
驰姐	15
魂升	15
鱼旨	15
鱼柳	15
鲁台	15
鲁格	15
鲁蜜	15
鲜蒸	15
鸣蝉	15
鸭胸	15
鸽宝	15
鹤归	15
鹰号	15
鹿彤	15
黑棕	15
黑狐	15
鼓敲	15
齐宣	15
龄优	15
七弦	14
丘站	14
丝绕	14
丢魂	14
临晨	14
丹皇	14
丽媛	14
丽泽	14
乃古	14
乌珠	14
于婉	14
于穆	14
云溪	14
云轩	14
互撞	14
互踢	14
五婶	14
井岸	14
井氏	14
亚奥	14
亦兼	14
亦愈	14
产煤	14
亨亨	14
享享	14
亭杂	14
仇英	14
仔尾	14
代陶	14
代雕	14
令伊	14
令宣	14
仲五	14
仲宣	14
任辽	14
伊戈	14
传腹	14
伯林	14
佐井	14
佑康	14
佩君	14
佳雯	14
使曹	14
使诸	14
使赴	14
使郭	14
侠侠	14
便殿	14
促排	14
俄瑞	14
俊浩	14
俺妞	14
俺娃	14
傻喵	14
傻菇	14
先劈	14
兔笼	14
八纵	14
六库	14
兵仍	14
兹达	14
兼巡	14
军趁	14
冬樱	14
冯德	14
冰脉	14
冰裂	14
减疗	14
凡雅	14
凳仔	14
凸字	14
凹特	14
刀扎	14
刘芳	14
初芝	14
初霜	14
判犯	14
制氧	14
券石	14
剑踪	14
剪辫	14
劳劳	14
勃海	14
勤补	14
包枣	14
华兹	14
卡债	14
卧票	14
卿宝	14
及叛	14
及喉	14
及帕	14
及郭	14
口咽	14
口嚼	14
叫倩	14
叫冯	14
叫卤	14
叫朕	14
叫鑫	14
史探	14
叶遮	14
号锡	14
各俱	14
合宪	14
吉洛	14
吉纳	14
向操	14
吕总	14
君侯	14
君庙	14
吞药	14
吨货	14
吴某	14
吸灰	14
吾兰	14
吾讲	14
呈棕	14
呈淡	14
员监	14
呛口	14
呛声	14
呛醒	14
咦耶	14
哀至	14
喂粮	14
嘉绒	14
嘴漏	14
团赴	14
圣塔	14
坛酒	14
坡岭	14
坪乡	14
垂枝	14
垫球	14
埃军	14
埃莱	14
城侯	14
域跨	14
塔沟	14
塔洛	14
塔玛	14
士兼	14
士毅	14
夹冰	14
奉孝	14
奥兹	14
妙玲	14
妮雅	14
妮飘	14
姓彭	14
姓施	14
姓族	14
姓罗	14
姓贾	14
姓邓	14
姚崇	14
字碑	14
孙砸	14
孟叔	14
守塔	14
守守	14
守序	14
守藏	14
守陵	14
宋宜	14
宗令	14
宗宣	14
宫妃	14
密仪	14
寝殿	14
寨山	14
封妃	14
封岛	14
封窗	14
射落	14
将启	14
将扩	14
将皆	14
尔奈	14
尔芬	14
层均	14
层隔	14
属湘	14
山矿	14
屿岛	14
岸河	14
峰幂	14
川乡	14
川宁	14
巡街	14
左副	14
左旗	14
巨柱	14
巨硬	14
巴郎	14
巾巾	14
布喇	14
布琳	14
帆爷	14
帕迪	14
帝宠	14
幅插	14
幕帘	14
庆宫	14
庆寺	14
床栏	14
序按	14
座墓	14
庭亦	14
康姆	14
廊及	14
廖姐	14
廷支	14
异坤	14
弃尸	14
引闪	14
弘德	14
张楠	14
张玮	14
弹炸	14
彤款	14
彭宇	14
往歪	14
德扑	14
德曰	14
德芬	14
忒勒	14
怕跌	14
怡景	14
怡芬	14
总菊	14
怼哭	14
恩浩	14
悟悟	14
惯惯	14
愁断	14
愈强	14
愿妳	14
或抽	14
或拘	14
或插	14
或靠	14
扁球	14
扛鼎	14
承唐	14
抖胸	14
抗凝	14
抗旨	14
抗韩	14
折堕	14
拌糖	14
拒诊	14
拓麻	14
拳架	14
拽词	14
拿肾	14
振威	14
振江	14
捂暖	14
捕虾	14
摇树	14
摊尸	14
摘野	14
撑饱	14
撩闲	14
攒局	14
敲甜	14
料佐	14
断翅	14
斯忒	14
施农	14
旗津	14
旗驻	14
无妄	14
昂旺	14
昆丁	14
昌符	14
春帖	14
昭德	14
昭忠	14
晋晋	14
晓莹	14
景怡	14
景窗	14
晶圆	14
智伯	14
曹庄	14
曹德	14
曾奉	14
曾涉	14
曾登	14
朝仍	14
朝延	14
朝征	14
未允	14
未填	14
权侵	14
李凌	14
李寿	14
李弘	14
材厂	14
杜叔	14
杜宾	14
杜蒙	14
杜诗	14
杨怡	14
杨毅	14
板滑	14
板腔	14
构拟	14
林奕	14
林碧	14
枣山	14
枣枣	14
柳宿	14
柳总	14
桂味	14
桂馨	14
桃叶	14
梅吹	14
梅津	14
梅酱	14
梨味	14
械或	14
梳顺	14
森亦	14
椅坐	14
植栽	14
椒圈	14
椒泡	14
楚涵	14
楠爷	14
楼栋	14
楼歪	14
欠偶	14
欠曝	14
欧妮	14
欲废	14
欲断	14
武磊	14
残古	14
母慈	14
氏曾	14
民奉	14
汁冰	14
汁汁	14
汁猪	14
江乘	14
江巡	14
池县	14
沃兹	14
沈崇	14
沈曼	14
沈祖	14
治癌	14
治蜀	14
沾锅	14
沿淮	14
泉野	14
波伊	14
波吕	14
洛吉	14
洪基	14
洪承	14
洪氏	14
洪阳	14
洲亦	14
洲巨	14
洲洋	14
派僧	14
派纷	14
浦市	14
浩总	14
浩锅	14
海缸	14
涛叔	14
涛岛	14
涵迷	14
淑慧	14
添件	14
渐荒	14
渔粉	14
湘州	14
溪桥	14
滑胎	14
漏墨	14
潮涨	14
激恼	14
灰汤	14
灿锅	14
炒藕	14
炖狗	14
炮叔	14
烈祖	14
烟吸	14
烨姐	14
煎烤	14
煮野	14
熊谷	14
熬鹰	14
爆揍	14
爆汗	14
爪抓	14
爬藤	14
片敷	14
狂怼	14
狮岭	14
狼奔	14
猎空	14
玉梅	14
王亭	14
王倩	14
王御	14
王翼	14
王赐	14
王锦	14
环翠	14
珊演	14
琳酱	14
瑞杰	14
瓜煮	14
瓶灌	14
甄糕	14
田宗	14
由沃	14
由邓	14
疑遭	14
痘痕	14
皆悉	14
皇御	14
皮酥	14
皱叶	14
盈馀	14
盐撒	14
盖洛	14
盟盟	14
石梁	14
石砸	14
砍省	14
砍脚	14
硬桃	14
碗扣	14
碗状	14
磊姐	14
祖乃	14
祖即	14
祖峰	14
神壕	14
神爵	14
神疲	14
祭牲	14
秋浦	14
秋萍	14
种笋	14
秦景	14
秦氏	14
积恶	14
称伊	14
称汗	14
稳岗	14
稻荷	14
站皆	14
章氏	14
竹梅	14
笔抄	14
笨脑	14
等撰	14
篇古	14
篇著	14
篇诗	14
籍传	14
籍籍	14
米仲	14
类矿	14
粗翔	14
粘罕	14
粤粤	14
糖粘	14
糖蒸	14
索伊	14
紫莹	14
紫袍	14
红岭	14
纯扯	14
纱网	14
纸铺	14
纹绣	14
织织	14
绒羽	14
绣线	14
绳挂	14
维扬	14
绿虫	14
缘混	14
缠死	14
缩骨	14
缸缸	14
罗兹	14
罗娜	14
罢鸟	14
罪并	14
翅翅	14
者藉	14
耳羽	14
聪爷	14
肃州	14
肉卤	14
肉燥	14
肉糙	14
肩扛	14
胃涨	14
胖莹	14
胜攻	14
胶枪	14
胸裙	14
脆鱼	14
脖圈	14
脚跨	14
腹甲	14
臂展	14
至奉	14
至赤	14
致描	14
致肺	14
舞贼	14
舟姐	14
舰进	14
艇尾	14
艘新	14
艾薯	14
芋米	14
苑三	14
茄饼	14
草制	14
荔景	14
药涂	14
莞深	14
莫蒂	14
莱丽	14
莱兹	14
菇香	14
菌药	14
菜缸	14
菠菠	14
营兵	14
营归	14
萨沙	14
萨迷	14
葛林	14
葬入	14
蒂丝	14
蒙尼	14
薛涛	14
虾汤	14
蛇夫	14
蛇科	14
蛙类	14
蛛科	14
蛮耐	14
血魔	14
街噶	14
街扫	14
衰噶	14
衰左	14
衰野	14
袋敷	14
装胶	14
裤叉	14
覆著	14
誓永	14
讲埋	14
设巡	14
词抄	14
诗派	14
诸帝	14
诺普	14
谷旅	14
贝瑞	14
败犬	14
贺佳	14
贾导	14
赖叽	14
赫塔	14
跨膜	14
跳频	14
踩断	14
踩滑	14
蹦米	14
身侍	14
躺输	14
轩仔	14
轩墨	14
轻摇	14
辆装	14
辆运	14
边磕	14
辽迷	14
连枝	14
述引	14
迷昏	14
造寺	14
遥墙	14
遭侵	14
遭屠	14
避敌	14
邦建	14
郊线	14
郎延	14
部驱	14
郭导	14
配筋	14
酥锅	14
采桑	14
采薇	14
野核	14
野洋	14
野菌	14
金帆	14
鑫峰	14
针挑	14
钻墙	14
铜佛	14
锁键	14
锋范	14
锦艺	14
镇古	14
阿婷	14
陆浑	14
陌刀	14
院割	14
陶虹	14
雅馨	14
雪媚	14
雪薇	14
雪貂	14
霍德	14
霍桑	14
霸陵	14
青茫	14
静妃	14
鞋湿	14
韩氏	14
领衫	14
饼君	14
驻苏	14
骗捐	14
骨煲	14
高税	14
魏室	14
魏末	14
魏皇	14
魔族	14
鸟羽	14
鸦哥	14
鹰哥	14
鹿苑	14
黄伞	14
黄芽	14
黎既	14
黎氏	14
黎讲	14
黎饮	14
鼎山	14
鼠牙	14
龙壁	14
龙隐	14
丁炒	13
三诊	13
且愈	13
丘区	13
丞星	13
丽埃	13
丽晶	13
丽蓉	13
乃依	13
义井	13
乔克	13
乔峰	13
乖桑	13
九莲	13
乱挥	13
乾卦	13
二曦	13
于抽	13
云轨	13
互逆	13
井伊	13
亚姆	13
亚稳	13
亚菲	13
亚驻	13
亦沿	13
亦获	13
仍尚	13
令赵	13
任湘	13
伊尼	13
伊帕	13
伐陈	13
众卿	13
伞淋	13
伯森	13
佐伊	13
佐尼	13
佑宁	13
佛莱	13
作插	13
佳玲	13
侍疾	13
侯莫	13
侵台	13
俊亨	13
俊伟	13
俊昊	13
俊熙	13
倒刹	13
倒醋	13
偏厚	13
偏橙	13
僧官	13
僵僵	13
兆佳	13
先剁	13
光盯	13
兑兑	13
兔喵	13
党创	13
入浴	13
八嫂	13
兰占	13
兰粉	13
共执	13
兵屯	13
兼司	13
军沿	13
冰涵	13
冻毁	13
净挑	13
净植	13
凝香	13
凤桥	13
凤鸟	13
击秦	13
刘仁	13
刘凯	13
刘协	13
刘毅	13
券投	13
削微	13
剥剥	13
副副	13
副屏	13
力摧	13
功授	13
勿入	13
卓猴	13
卖碟	13
南坝	13
南埔	13
卡鲁	13
卢德	13
即赴	13
厚仁	13
县党	13
及侍	13
及捐	13
及矿	13
及陶	13
及雕	13
叠涂	13
叠涩	13
口扒	13
口拦	13
古伊	13
叫杏	13
叫芭	13
叫饥	13
台轰	13
右屯	13
叶枯	13
吉乃	13
向魏	13
君亦	13
吞音	13
启秀	13
吴亦	13
告彭	13
味坊	13
咒术	13
咖妃	13
咸镜	13
哩句	13
哩程	13
嗦螺	13
嗨屁	13
嘉荣	13
嘉莹	13
噗噜	13
囤两	13
囧妹	13
园赏	13
固陵	13
国勋	13
块砸	13
坛南	13
坛坛	13
垂向	13
垫床	13
埔公	13
域属	13
域皆	13
塘县	13
墓内	13
墙漆	13
墙灰	13
墙顶	13
增项	13
墨胆	13
士衡	13
壶喝	13
壶套	13
处漏	13
处违	13
复遣	13
夜蝶	13
够怂	13
够翘	13
夹翘	13
奕少	13
套遮	13
妳忙	13
姆威	13
姆鲁	13
姓袁	13
姓顾	13
姓龙	13
姬瓦	13
娱圈	13
婉琪	13
媚妖	13
嫁予	13
孔鲤	13
孙博	13
孙叔	13
孝端	13
孟总	13
孟获	13
宁财	13
宇兄	13
宇翔	13
守岛	13
守忠	13
宪公	13
宰掉	13
宾楼	13
寒烟	13
察权	13
寨城	13
寺佛	13
寺街	13
寻获	13
封陈	13
将俄	13
将辞	13
尔赫	13
尚湖	13
尼洛	13
局申	13
屁胡	13
层壳	13
展旗	13
岛骑	13
岩波	13
崇善	13
崔普	13
州晋	13
州驻	13
巾军	13
币夹	13
帕托	13
帕林	13
帝朱	13
幼圆	13
底粘	13
店蹲	13
度抽	13
度疲	13
座占	13
庭君	13
庭芳	13
廷曾	13
廷朝	13
建诸	13
式旋	13
张勋	13
张帆	13
张鹤	13
弯拐	13
弹枪	13
彦猪	13
彬叔	13
役失	13
徐惠	13
徐敬	13
徐熙	13
徐萌	13
徒逃	13
微协	13
微弯	13
徽由	13
志毅	13
怕熏	13
怨灵	13
恒兴	13
恒古	13
恩戈	13
恰哒	13
您赐	13
惠勒	13
惠敏	13
慎氏	13
戈夫	13
或扩	13
戚芳	13
戴罪	13
户返	13
扒门	13
扯呼	13
批援	13
批跨	13
抗阻	13
抗霸	13
抚触	13
抠牙	13
抢券	13
拆骨	13
拿叉	13
拿秤	13
挂宠	13
按律	13
挡剑	13
挨怼	13
振林	13
捐掉	13
捕逃	13
据截	13
掌刑	13
措措	13
揍哭	13
摆臂	13
摆阵	13
摊制	13
撤向	13
攻燕	13
散逃	13
敬仲	13
数扩	13
斤涨	13
斯迈	13
斯遂	13
旁述	13
族旗	13
旗县	13
旗忠	13
旗摇	13
旧患	13
旧粮	13
旭神	13
昏咯	13
星呈	13
星拱	13
星脉	13
春宴	13
昭化	13
晋末	13
晨嫂	13
普腾	13
智媛	13
曼琳	13
曼苏	13
曾劝	13
曾犯	13
曾赴	13
曾邀	13
朗阁	13
未踏	13
朱俊	13
朱克	13
朱升	13
朱序	13
朱永	13
朱玉	13
朱玫	13
朵飘	13
机插	13
杀币	13
杆或	13
李亨	13
李哲	13
李媛	13
李彬	13
李玲	13
杏糊	13
杜伦	13
杨伯	13
杨惠	13
杭盖	13
极润	13
林亭	13
林哲	13
枝香	13
柠溪	13
柯狗	13
柳仲	13
柴桑	13
栗原	13
桃村	13
案均	13
桑托	13
桥堵	13
梁志	13
梅塞	13
梅季	13
梅杰	13
梅迪	13
梨切	13
梨香	13
棵菜	13
椒兔	13
榴园	13
欣宜	13
欧吉	13
欧辰	13
欲归	13
款棉	13
殿英	13
毅军	13
毛坨	13
氏仍	13
氏掌	13
江浩	13
池泡	13
污糟	13
汤煲	13
沃罗	13
波频	13
泥馅	13
泰吴	13
泰洛	13
泰皇	13
洁齿	13
洛氏	13
洛瑞	13
津桥	13
洪区	13
洪桥	13
洪范	13
派占	13
浅涂	13
浮板	13
浴洗	13
润洁	13
润透	13
液呈	13
渐彪	13
湾岸	13
湾河	13
湿裤	13
源尚	13
溜鸟	13
溪洞	13
溪洲	13
漆笔	13
潮退	13
灯暗	13
灿盛	13
炉或	13
炎药	13
炒葱	13
炖红	13
炸脆	13
炼器	13
烤盐	13
父遗	13
牌瘾	13
牙粘	13
犬咬	13
犯嫌	13
犯晕	13
狂涂	13
狂踩	13
狮狮	13
狮航	13
猪婷	13
猫笼	13
玄铁	13
玉墨	13
玉廷	13
王淑	13
王莹	13
王萧	13
王辰	13
王遂	13
珊妮	13
琦妹	13
琳曾	13
琴枕	13
琴派	13
琴盒	13
瑞莎	13
瓦林	13
瓶扔	13
甘达	13
由曹	13
申伯	13
畅轻	13
登榜	13
白勺	13
皮沾	13
皮皱	13
盐醋	13
盗盗	13
盘酱	13
相携	13
省沿	13
眉弯	13
督李	13
短寸	13
矮壮	13
矮寨	13
石逆	13
砖缝	13
砸缸	13
硬怼	13
硬掰	13
祖墓	13
神僧	13
票亭	13
秃鲁	13
积层	13
称赵	13
稳埋	13
立浙	13
站坪	13
笔财	13
籍科	13
粘床	13
粪斗	13
粽香	13
糯软	13
紫帽	13
紫粉	13
红吕	13
纱质	13
纸草	13
线斜	13
线绑	13
练枪	13
细齿	13
绍勋	13
绒袜	13
绣眉	13
绳绑	13
维森	13
绿杨	13
罗登	13
罗蒙	13
罩裙	13
罪处	13
署建	13
羊刀	13
羽墨	13
翔味	13
翠亭	13
翠峰	13
翠珠	13
翰颖	13
翼套	13
肉酥	13
肝五	13
肝爆	13
肩担	13
背巾	13
胶黏	13
胸腰	13
脉内	13
腻乎	13
腿蹦	13
腿迈	13
膏抹	13
膏立	13
至洪	13
船炮	13
色绣	13
艾莫	13
芋奶	13
芬曾	13
芳春	13
苏氏	13
苏糊	13
苏荷	13
苑二	13
苗疆	13
若涵	13
范迪	13
茨将	13
茶煲	13
草摩	13
草树	13
莫诺	13
莫贪	13
获封	13
菊部	13
菌或	13
菌消	13
菜蒸	13
萧观	13
萨玛	13
萨维	13
萨萨	13
著若	13
葛城	13
葛德	13
董伟	13
葱卷	13
葱烧	13
蒸羊	13
蔽处	13
蕾爷	13
薇婷	13
薯蓉	13
藏殿	13
虫爷	13
虾剥	13
虾苗	13
蛇框	13
蛇院	13
蛮浓	13
蠢鱼	13
衡柳	13
袁志	13
袖飘	13
装憨	13
裙砸	13
讯网	13
诸贤	13
诺伯	13
豆粑	13
费渡	13
贼硬	13
贾宪	13
贾尔	13
贾德	13
赤川	13
赫罗	13
赴抗	13
赴援	13
踪者	13
躺喂	13
辑编	13
辖临	13
辰州	13
边挠	13
达诺	13
迈卡	13
进棚	13
选岗	13
透扇	13
透纳	13
逮逮	13
逸志	13
遭封	13
遭查	13
遭炸	13
遭烧	13
邦将	13
邪剑	13
郎指	13
郎曾	13
部悬	13
部覆	13
郭淮	13
郭维	13
郭象	13
郭静	13
配予	13
酱抹	13
酸菌	13
野岛	13
金塘	13
金稻	13
铁坨	13
银酱	13
锅捏	13
锅煲	13
锤胸	13
锦集	13
键鼠	13
阁阁	13
队竞	13
阿彪	13
阿怡	13
阿昭	13
阿董	13
阿蒂	13
陈庄	13
陈震	13
限售	13
陵陵	13
雅志	13
雕兄	13
雪玲	13
雯婷	13
霍妮	13
霓姐	13
露凶	13
靓瞎	13
鞭法	13
颗绿	13
颠球	13
饮噶	13
馀佳	13
马崽	13
马琳	13
马驼	13
驴皮	13
驴骑	13
驻朝	13
骨寒	13
鬼伞	13
魏将	13
魔毯	13
鲁索	13
鹏宇	13
鹿鞭	13
麦嘎	13
麻吕	13
黄姚	13
黄璐	13
黄荆	13
龟岛	13
龟蜜	13
七筒	12
且擅	12
丰乡	12
丹佐	12
丹萍	12
主隧	12
丽珊	12
乃奏	12
乃率	12
义辉	12
乱污	12
予取	12
予官	12
井泉	12
亚萍	12
亡甚	12
亦含	12
仁曾	12
仍掌	12
从萧	12
仙岭	12
仙靓	12
令宋	12
令封	12
令秦	12
令陈	12
仨聚	12
仲山	12
仲达	12
伊丝	12
伊兹	12
伊罗	12
伏塔	12
伞落	12
伟健	12
伟龙	12
伯侯	12
伯玉	12
伯蒂	12
低丘	12
低盐	12
佐周	12
余载	12
佳维	12
佳鑫	12
俄舰	12
俊仔	12
俊华	12
俗尘	12
俩枣	12
俩馍	12
俺爷	12
倩云	12
偏薄	12
僧团	12
允贤	12
元昭	12
光凝	12
克姆	12
兔熊	12
入牢	12
入陕	12
六夷	12
兰塔	12
共捐	12
兵射	12
兵轮	12
兵返	12
兼桑	12
兼省	12
军曹	12
军陷	12
冯梦	12
冻饮	12
凉饮	12
凌峰	12
凡胎	12
刘丹	12
刘伟	12
刘旭	12
刘淑	12
刘豫	12
利侵	12
制撤	12
剑宿	12
剑豪	12
割嘴	12
勋旧	12
勋臣	12
勿贪	12
匪哥	12
区巡	12
区沿	12
卡兹	12
卡擦	12
即抵	12
卷棚	12
卸腿	12
厂搬	12
厕厕	12
叉掉	12
及廉	12
及抽	12
及肝	12
及蔡	12
及驻	12
叔捏	12
受拘	12
古瓦	12
叫姬	12
叫婶	12
叫孟	12
叫轩	12
叫酥	12
召诸	12
召陵	12
史伯	12
史莱	12
叶佳	12
叶尖	12
叶煮	12
叼杠	12
吉玛	12
吉诺	12
吐刺	12
向赤	12
向赫	12
含藏	12
吴将	12
吴志	12
吴晓	12
吴梅	12
吴永	12
呈流	12
呈环	12
周锐	12
咬尾	12
咸酸	12
唐婉	12
唐志	12
唐括	12
啃冰	12
啃咬	12
喊爹	12
喵嗷	12
嘉仁	12
嘉杰	12
嘉裕	12
囤囤	12
园摘	12
困懵	12
圆叶	12
土粒	12
圣袍	12
圣骑	12
场仗	12
块碳	12
块蒸	12
坤未	12
坦佩	12
坦威	12
坨毛	12
坨牛	12
垂顺	12
型呈	12
型塑	12
堆灰	12
塔曾	12
塔维	12
塔防	12
境皆	12
墓塔	12
墙隔	12
墨兰	12
声敲	12
声轰	12
壶春	12
壶装	12
奈落	12
奏闻	12
契爷	12
奕山	12
奥洛	12
奶壶	12
妆贼	12
妞爸	12
姓廖	12
委审	12
姚伟	12
姚哥	12
姜武	12
娜酱	12
婉仪	12
婉琳	12
媛宝	12
孙晓	12
孙楚	12
孽待	12
守孤	12
宋尚	12
宋忠	12
宋辽	12
宗御	12
宗赐	12
宠粉	12
宣旨	12
宰宰	12
宰臣	12
宰辅	12
寄付	12
封测	12
射核	12
将倾	12
将氧	12
尊胜	12
尔杜	12
尔芒	12
尖帽	12
尤氏	12
尸块	12
尺七	12
局呈	12
屋租	12
属犯	12
屠屠	12
屠狼	12
山铜	12
山鹰	12
岛君	12
岛田	12
岳寺	12
岳屏	12
岸旁	12
川雄	12
州腔	12
左辅	12
巨塔	12
帕奇	12
帝乘	12
席宴	12
幕挡	12
并牢	12
幻魔	12
幼细	12
庄叔	12
庄司	12
庄街	12
庆伟	12
床摇	12
库印	12
库楼	12
庙村	12
府判	12
府庙	12
康梁	12
廊曼	12
延延	12
廷封	12
建鹏	12
弄残	12
弊者	12
弘进	12
张檬	12
张毅	12
张鑫	12
张铭	12
弥茶	12
弹舌	12
彭伯	12
彭杨	12
往尖	12
徐锦	12
徒搭	12
御碑	12
微刊	12
微溶	12
微翘	12
微鲸	12
德铭	12
忒丑	12
忒久	12
忒低	12
忒棒	12
志凌	12
忘摘	12
忠勤	12
忠粉	12
忠雄	12
念稿	12
怕呛	12
怡婷	12
性肾	12
怨夫	12
恒流	12
恒顺	12
恭仁	12
悔悔	12
悲哉	12
慈惠	12
慧芳	12
憋扯	12
戈戈	12
或斜	12
或疏	12
戚姬	12
截截	12
扇呼	12
扑爬	12
扒谱	12
扫灰	12
扶著	12
抓墙	12
抵饿	12
押司	12
拆塔	12
拳崇	12
拼盆	12
拾忆	12
按孔	12
挤胸	12
挫照	12
捕抓	12
捧林	12
提刑	12
援支	12
携妻	12
摔屏	12
撰修	12
救危	12
敢掏	12
文彦	12
斜板	12
斜跨	12
断轴	12
斯柏	12
新栽	12
族侵	12
族繁	12
昆医	12
昌侯	12
昭仁	12
晒糊	12
晓伟	12
晓凡	12
晓娟	12
晓欣	12
晓琴	12
晓芬	12
晓菲	12
晓蕾	12
晨橙	12
景湾	12
景迈	12
晶钻	12
暗魔	12
曦妹	12
曰仁	12
曲县	12
曹杨	12
曼琪	12
曼龙	12
朕朕	12
朗润	12
朝悦	12
朝逐	12
未逮	12
朱某	12
朴田	12
杀杨	12
权革	12
李孟	12
李洛	12
李裕	12
条沾	12
杨凯	12
杨桐	12
杭椒	12
杰兄	12
林洪	12
树浇	12
校牧	12
桂芬	12
桌摆	12
档裤	12
桶塞	12
梁玉	12
梅赫	12
械技	12
械科	12
棚式	12
棵香	12
植林	12
椒粒	12
榨干	12
槽槽	12
横溪	12
橘朵	12
欣仔	12
止俄	12
武乙	12
歪坏	12
母妃	12
母皆	12
毒哑	12
民屯	12
汁煮	12
汇华	12
汉臣	12
江湘	12
沃格	12
沾牙	12
沾黏	12
沿黄	12
泄压	12
泉宫	12
泉街	12
泛蓝	12
波蒂	12
泥拌	12
洞堵	12
津川	12
派伊	12
派船	12
流霞	12
浴桶	12
涂绿	12
涉台	12
润园	12
润妇	12
淀殿	12
淑淑	12
淮秀	12
渣勇	12
溪兰	12
潜浮	12
潭江	12
潭站	12
澳芒	12
灌翻	12
灭吴	12
灯幅	12
灰咖	12
灵寺	12
灵昭	12
灿勋	12
炸焦	12
烟饼	12
烧壶	12
煤产	12
煮馍	12
爆锤	12
爷庙	12
狂抄	12
狼咬	12
玄光	12
玄言	12
玄黄	12
率诸	12
玉昆	12
玉轩	12
王婷	12
王跃	12
玲演	12
琦唱	12
瓣嘴	12
瓣花	12
瓦凉	12
甘细	12
田震	12
由乙	12
由磁	12
略凶	12
疗疗	12
疫防	12
疼讯	12
瘦佐	12
瘫掉	12
登塔	12
皆归	12
益捐	12
盖砸	12
盖逃	12
盛碗	12
盲毒	12
盼阳	12
睿思	12
石壕	12
石晶	12
破胎	12
硬憋	12
碎鸟	12
碧斯	12
碳氧	12
碳烧	12
祖亦	12
祖封	12
祖陵	12
祭先	12
秀坊	12
秃掉	12
秋酿	12
秦亡	12
称孙	12
税税	12
穆利	12
穆瓦	12
空杆	12
立郡	12
站蹲	12
端附	12
竹苑	12
笋片	12
笋笋	12
笋肉	12
筑摩	12
策藏	12
筷架	12
箱漏	12
米埃	12
米拌	12
米楠	12
粉兔	12
粉拌	12
粗嗓	12
粘灰	12
粤华	12
粮拌	12
索移	12
索诺	12
紧扭	12
紫君	12
紫峰	12
紫琪	12
紫瓶	12
紫钻	12
紫陌	12
红鼎	12
纳扎	12
线绕	12
绿橙	12
缸鱼	12
罗茜	12
署共	12
署改	12
翔鹤	12
者弗	12
耐噶	12
耳链	12
肖春	12
肠烤	12
肥啾	12
肥轩	12
肥鸽	12
胎菊	12
胜胜	12
脏串	12
脸凹	12
脸狐	12
腔室	12
臂伸	12
臣商	12
致延	12
艘巨	12
良忠	12
色凝	12
芝林	12
芦台	12
芦芦	12
苏岩	12
苏摩	12
苟住	12
苟苟	12
若弗	12
若浮	12
茂春	12
药锦	12
莫哩	12
莫拆	12
莱万	12
萌兽	12
萧玉	12
萨吉	12
萨屯	12
萨诺	12
著伊	12
葛罗	12
董昌	12
葬绿	12
蓝晶	12
蔡永	12
蔡确	12
蕾演	12
薄叶	12
薯汤	12
藤虎	12
虎溪	12
虎牢	12
虾塘	12
蚊叮	12
蛇蛋	12
蛙兄	12
蛮脏	12
衫军	12
衫薄	12
袁军	12
袁博	12
袋扔	12
袭战	12
袭父	12
裕树	12
诗瑶	12
诸胡	12
诺爷	12
谷村	12
谷耍	12
谷谷	12
貂穿	12
账写	12
货梯	12
费翔	12
贼俊	12
赐号	12
赤命	12
赫卡	12
赴欧	12
赵德	12
跟茜	12
踢断	12
轩宝	12
轩缘	12
轴或	12
辖四	12
边拽	12
边挪	12
边郊	12
达茂	12
迁房	12
连敷	12
迪森	12
速燃	12
遂废	12
遂陷	12
遭毁	12
邪灵	12
郡内	12
郡制	12
郭志	12
郭雨	12
酸枝	12
野培	12
野采	12
量碳	12
金柱	12
钻柱	12
铜牛	12
铜石	12
银桑	12
银胶	12
销冠	12
锅扔	12
锦芳	12
镇府	12
闭屏	12
间插	12
闻君	12
闻烟	12
阳亭	12
阿姜	12
阿弗	12
阿楠	12
陆云	12
陆氏	12
陈桥	12
陈泽	12
陈紫	12
降秦	12
降阶	12
限滑	12
院覆	12
除疲	12
陵侯	12
陶德	12
陶阳	12
隆景	12
难咽	12
雅惠	12
雅玲	12
雨洪	12
雨瑶	12
雪凝	12
雪椰	12
雪芳	12
霆峰	12
震泽	12
青椰	12
静涵	12
靠武	12
革弊	12
韵悠	12
韵类	12
颗肾	12
风亭	12
马寨	12
马驰	12
驴拉	12
驻锡	12
骂葛	12
骂辽	12
魅丽	12
鹿草	12
鹿鸣	12
黄框	12
黄渡	12
黏牙	12
鼠君	12
齿痕	12
龟井	12
丁村	11
万熙	11
东坪	11
临促	11
丸根	11
丹曾	11
丹炉	11
主拱	11
乃悉	11
乌乌	11
乘乘	11
乘敌	11
乱缠	11
予俄	11
予秦	11
于荆	11
井站	11
亚巡	11
亦忧	11
亦颇	11
仁仁	11
仁君	11
仁糖	11
仅售	11
仓管	11
仔黎	11
代瓷	11
令废	11
令梁	11
仲容	11
份草	11
仿似	11
企稳	11
伊予	11
伊波	11
伊耶	11
伏低	11
伐燕	11
伞挡	11
伞撑	11
伯益	11
低税	11
佐斯	11
余德	11
佩雯	11
佬仔	11
佳俊	11
佳晴	11
使乳	11
使卢	11
例皆	11
侧均	11
侯伯	11
俄蒙	11
信巫	11
倒扁	11
倩妞	11
偶扑	11
僧房	11
僧格	11
儒风	11
兆康	11
克吕	11
兔妖	11
八寨	11
六弦	11
兵仗	11
兵犯	11
典刑	11
兼社	11
兽魔	11
内驱	11
冒芽	11
军赴	11
冰橙	11
凶灵	11
凹入	11
击阵	11
切葱	11
刘岩	11
刘镇	11
刮嘴	11
券洞	11
力耕	11
勺米	11
勿失	11
北潭	11
区晃	11
升副	11
华伪	11
卑尔	11
卓展	11
卓立	11
卖卤	11
卫卫	11
印稿	11
即乘	11
即辞	11
卷烫	11
卿何	11
卿族	11
卿言	11
县撤	11
县村	11
及僧	11
及溶	11
及灌	11
及袁	11
双叉	11
另娶	11
叫崔	11
叫蚂	11
叫蚕	11
叮肿	11
叶君	11
叼根	11
叽萝	11
向妳	11
吕哩	11
君毅	11
吞蛋	11
否登	11
启圣	11
吸潘	11
吾饮	11
呆鹅	11
呈八	11
呈球	11
员拦	11
员薪	11
命曰	11
咪仔	11
咸茶	11
咸蟹	11
哀声	11
唐娜	11
唐狮	11
啡啡	11
喵仔	11
嗝爷	11
嘉依	11
嘉宁	11
嘉颖	11
嘴嚼	11
四轴	11
囧呆	11
囧图	11
囧脸	11
圆拱	11
圆枣	11
圣慈	11
坊巷	11
坝水	11
坡岛	11
埋尸	11
城遂	11
埔站	11
域巡	11
域航	11
培杰	11
堡曾	11
塔砖	11
塘市	11
增驾	11
壁厚	11
士朱	11
壮泰	11
壳厚	11
壳层	11
壳摔	11
壳煮	11
处迁	11
夏姬	11
夏沃	11
夕烧	11
夫堡	11
夹扁	11
夹烟	11
夺舍	11
奇蒂	11
奥罗	11
奶兑	11
奶潘	11
妮酱	11
妳妳	11
妻妻	11
姆博	11
姆塞	11
姑侄	11
姓岳	11
姓沈	11
姓洪	11
姓符	11
姜氏	11
姬坦	11
威烈	11
媒材	11
嫂纸	11
孙玉	11
孟春	11
宏运	11
宗嘉	11
宗朱	11
宗遣	11
室柜	11
室衰	11
室趴	11
密遣	11
寒潭	11
寝疾	11
寡佬	11
寺古	11
封膜	11
射束	11
射破	11
将横	11
尊守	11
屁爹	11
层绒	11
属乌	11
属燕	11
属诸	11
屯货	11
岩烧	11
岩顶	11
岸石	11
岸设	11
峡州	11
崩断	11
川忠	11
川湘	11
巡唱	11
巡楼	11
巡讲	11
左弯	11
巾扔	11
布兜	11
布库	11
帕蒂	11
帕默	11
帝祖	11
席官	11
幅巨	11
幽蓝	11
幽鬼	11
广汕	11
序逐	11
库柏	11
库鸟	11
府奉	11
庞籍	11
废宅	11
庭葛	11
延儒	11
延签	11
延著	11
廷供	11
廷指	11
建墓	11
建殿	11
式刊	11
引喻	11
张淑	11
弹挡	11
彤爷	11
彩叶	11
往横	11
徐帆	11
徒兵	11
微皱	11
德乙	11
德郡	11
忒强	11
怂萌	11
怒喊	11
怒撕	11
怕腥	11
性斑	11
恩熙	11
悦读	11
悲崔	11
慈氏	11
慧娟	11
憨货	11
戈洛	11
或乙	11
战秦	11
房昭	11
扎洞	11
扎胎	11
扒肉	11
扣仔	11
扣喉	11
扮扮	11
扮萌	11
扶智	11
抄诗	11
抗魔	11
抚南	11
抠坏	11
抠紧	11
护崽	11
披块	11
披披	11
抹灭	11
拆违	11
拉豁	11
拐哒	11
拦河	11
挠越	11
挨针	11
振德	11
捕鹿	11
捡纸	11
捷捷	11
授李	11
插电	11
搜杨	11
撞桌	11
撞歪	11
攀龙	11
攒肚	11
收葬	11
攻洛	11
敏仪	11
敏浩	11
敲断	11
敲爆	11
文宪	11
料填	11
料罐	11
斜平	11
族祖	11
族祭	11
族迁	11
旗镇	11
旧番	11
旭华	11
旺妻	11
晃掉	11
晋史	11
晋室	11
晓帆	11
晓艳	11
晓诺	11
晓锋	11
普丁	11
普桑	11
普蒂	11
曰广	11
曰昭	11
曹性	11
曼岛	11
替俺	11
末裔	11
杀殿	11
杂劲	11
权县	11
杉达	11
李儒	11
李允	11
李旭	11
李艳	11
杏湖	11
条拌	11
杨晶	11
杭县	11
构均	11
枉付	11
林呈	11
林奚	11
林慧	11
林桂	11
林颖	11
枪钻	11
枪队	11
柏忌	11
柏青	11
某婷	11
某幻	11
柒夜	11
柳川	11
树叉	11
栗香	11
桂军	11
桃枝	11
案获	11
桌洞	11
桑迪	11
桥塌	11
梁架	11
梁某	11
梁田	11
梅川	11
梅纳	11
梨落	11
棉窝	11
棚改	11
森村	11
森碗	11
森磨	11
椒叶	11
楠仔	11
楠宝	11
榜奖	11
武郡	11
殿修	11
毅毅	11
毒咒	11
毛嗑	11
毯星	11
毯盖	11
氏县	11
民捐	11
江洪	11
汪酱	11
沃纳	11
沈晓	11
治斑	11
泉旁	11
泉湖	11
泉溪	11
法颇	11
泡姜	11
波佐	11
波滑	11
泥混	11
泽宇	11
泽鹏	11
洗肾	11
洞镇	11
津郡	11
洪拳	11
派赴	11
浅咖	11
涯叔	11
淋冰	11
淑华	11
淑惠	11
混寝	11
渐涨	11
渔溪	11
渡夏	11
溪旁	11
漏牙	11
漏背	11
潘兴	11
潘达	11
灌田	11
灭夏	11
灭秦	11
炖奶	11
炖熟	11
炖罐	11
炮营	11
烟呛	11
烤柿	11
烤蒜	11
煮鸭	11
熏艾	11
熙朝	11
熙河	11
爬垫	11
犬丘	11
犬犬	11
狂扁	11
狼兄	11
狼堡	11
猎区	11
猥猥	11
猫舔	11
献菊	11
玄烨	11
王卢	11
王怡	11
王琦	11
王磊	11
王祭	11
王辉	11
玛巴	11
玛琪	11
玛萨	11
班彪	11
琪仔	11
琴察	11
琴爹	11
琴竹	11
琴萝	11
瑞林	11
瑞祥	11
璐妹	11
瓜镇	11
瓦官	11
瓶盐	11
瓶碎	11
瓷光	11
甘茂	11
甘靓	11
甜芋	11
甩货	11
田丰	11
田亦	11
由湘	11
由郡	11
略狠	11
疤疤	11
疫境	11
痘膏	11
瘫瘫	11
皂液	11
皆云	11
皆散	11
皆欲	11
益昌	11
益权	11
益菌	11
盒笔	11
盒药	11
盗摄	11
盗洞	11
盟官	11
盯盯	11
省宪	11
省撤	11
短翼	11
石堪	11
石氏	11
破伞	11
砸断	11
碗酱	11
碳键	11
磁流	11
祖圣	11
神鞭	11
祥街	11
祭歌	11
禁封	11
离巢	11
秋燕	11
秒闪	11
秦君	11
秦府	11
稚龟	11
窗逃	11
章乃	11
章伯	11
童贯	11
童酱	11
端呈	11
端氏	11
竹棚	11
笑瘫	11
笨蕉	11
筒内	11
箭伤	11
箱剩	11
籍亦	11
籍船	11
米酿	11
粉橘	11
粉涂	11
粗砂	11
粘满	11
粘糖	11
粘钻	11
糖沾	11
糖粥	11
糖链	11
糯甜	11
索嗨	11
索邦	11
紫仓	11
紫怡	11
紫裙	11
纳塞	11
纵置	11
纸堵	11
纹状	11
绑卡	11
绑腰	11
绒款	11
统监	11
缓苗	11
编稿	11
缠枝	11
缩脚	11
罩饼	11
置益	11
群盗	11
群邪	11
羯胡	11
羽织	11
羽缘	11
翼各	11
翼德	11
耍贫	11
耳扣	11
耿马	11
肌源	11
肩羽	11
胃散	11
胃舒	11
胃遭	11
胜旧	11
胡锡	11
脆枣	11
腔及	11
臣街	11
臭泥	11
至辽	11
舒敏	11
舔粪	11
舔醒	11
舟东	11
舰均	11
船摇	11
船撞	11
船沿	11
艇或	11
良妻	11
花狸	11
苑北	11
若君	11
若昂	11
英乙	11
英殖	11
英葡	11
茜妞	11
茨曾	11
草灯	11
荷属	11
莞莞	11
莫辨	11
莲宗	11
莲峰	11
莲瓣	11
获刑	11
菊香	11
菌产	11
菜芯	11
菲灵	11
萨丁	11
萨莫	11
著固	11
董贤	11
葱根	11
蒂奇	11
蒋军	11
蒋氏	11
蒙疆	11
蒸炉	11
蓝厂	11
蔡崇	11
薄衫	11
薯角	11
藏尸	11
藤利	11
虎航	11
虾煮	11
虾煲	11
蚊仔	11
蛇叔	11
蛇骨	11
蛋龟	11
蜀江	11
蜂圈	11
蜡膜	11
螺味	11
螺壳	11
蟹爬	11
蠢坏	11
蠢熊	11
街篮	11
补扣	11
衫衫	11
裕达	11
裹满	11
裹蛋	11
覆土	11
览者	11
角井	11
角斜	11
订订	11
讨逆	11
诸省	11
诺仔	11
诺罗	11
谈固	11
谷逛	11
豫王	11
豫陕	11
豹兄	11
豹哭	11
贡菊	11
贤君	11
贴窗	11
贵昆	11
贼凶	11
贼尬	11
贼粗	11
贾尼	11
赏诗	11
赤湾	11
赤溪	11
跟娟	11
跟萍	11
跨季	11
蹦掉	11
躺姿	11
轩粉	11
轩迷	11
辛怡	11
辽塔	11
辽宋	11
返左	11
返杭	11
连蹦	11
迪蹦	11
逊曾	11
逊称	11
遂称	11
遂退	11
遛街	11
遣左	11
遭坑	11
邻床	11
郊山	11
郊迎	11
郎雄	11
郭佳	11
郭达	11
酒浸	11
酸乙	11
金振	11
金爵	11
金玲	11
金鼎	11
鑫总	11
银桂	11
锋兄	11
锦辉	11
锻刀	11
镇妖	11
闪崩	11
闯灯	11
队巡	11
队赴	11
阶项	11
阿彭	11
阿辉	11
陆港	11
陈若	11
陈馀	11
陵湖	11
陶墨	11
隆永	11
隆背	11
隆裕	11
难嚼	11
雄烈	11
雄狼	11
雅倩	11
雅芬	11
雪芙	11
静悠	11
非碳	11
鞋尖	11
韩侯	11
韩屋	11
韵妞	11
韵苑	11
顶歪	11
顾耐	11
颠勺	11
饭勺	11
馀韵	11
香盈	11
馨园	11
馨苑	11
马劈	11
驰驰	11
驻各	11
魏元	11
魏兵	11
魏初	11
魏宗	11
魏德	11
魔弹	11
鱼崽	11
鲁伯	11
鲁艺	11
鸟撞	11
鹅烧	11
鹅童	11
鹅纸	11
鹤类	11
鹿唯	11
麦汁	11
麦琪	11
黏菌	11
黑吕	11
鼠兄	11
齐祖	11
龙剑	11
龙崽	11
龙庙	11
龟汤	11
龟箱	11
丝拌	10
丝缠	10
丧萌	10
临御	10
乃宣	10
乃益	10
乌巢	10
乌玛	10
乔司	10
九纵	10
九黎	10
乱劈	10
乱抹	10
予优	10
予叔	10
予私	10
于耕	10
亏亏	10
云泥	10
互嘲	10
井亭	10
亚萨	10
亦藉	10
亭湖	10
仁勇	10
仁县	10
仁淑	10
仁荷	10
仇仇	10
仍延	10
仗著	10
付薪	10
仙葫	10
令曹	10
仲吾	10
仲甘	10
仲细	10
仲讲	10
仲靓	10
任侍	10
仿货	10
伏八	10
伐叛	10
佐樱	10
佐竹	10
佑寺	10
余军	10
佛郎	10
佩玲	10
佩莱	10
佳仪	10
佳悦	10
佳莉	10
侧刻	10
侵宋	10
俄派	10
俊威	10
俊辰	10
借辆	10
偏浅	10
健吾	10
偷肾	10
傅夏	10
傍山	10
催嫁	10
催返	10
傻佐	10
傻库	10
傻砸	10
傻笨	10
傻蠢	10
兆民	10
兆龙	10
先屯	10
先扒	10
先掰	10
先磕	10
克肖	10
免遗	10
兜齿	10
入刑	10
八瓣	10
兮若	10
兰朵	10
兵乘	10
兵锋	10
兵齐	10
兼掌	10
内储	10
内插	10
军兼	10
军遂	10
冰凝	10
冰邦	10
凝砂	10
凯威	10
凶逆	10
刑架	10
刑罪	10
刘仲	10
刘佩	10
刘启	10
刘瑜	10
刘郎	10
刮肠	10
刮脚	10
剂洗	10
剑刺	10
剥蟹	10
剩渣	10
功郎	10
助肌	10
势渐	10
勤吸	10
勿急	10
华岩	10
华茂	10
卖龟	10
博硕	10
占田	10
卡券	10
卡账	10
卢汉	10
卧牛	10
卫岗	10
卫镇	10
即奉	10
即遣	10
厂产	10
原姬	10
厨炒	10
县杨	10
县析	10
县迁	10
叉骨	10
及弗	10
及拘	10
及玄	10
及颈	10
双柱	10
变糙	10
古巷	10
叫姚	10
叫藕	10
召委	10
史郎	10
叶炒	10
吐壳	10
向塘	10
向董	10
吕担	10
吞剑	10
吨煤	10
吴丹	10
吹垮	10
呈倒	10
呈暗	10
呈紫	10
呈逐	10
味碟	10
呼符	10
咔灰	10
咽痛	10
哀侯	10
唇唇	10
唇笔	10
唐泽	10
唐编	10
喂虫	10
喵爪	10
喵萝	10
嘉吉	10
嘉迪	10
嘴捂	10
嘴裂	10
囊袋	10
团怼	10
围廊	10
图扩	10
土填	10
圣剑	10
圣奥	10
均移	10
坎布	10
坏怂	10
坐扁	10
坝河	10
坤弟	10
坦伯	10
坨纸	10
坪沟	10
埃瓦	10
域呈	10
基乙	10
塌掉	10
塔均	10
塔娜	10
塔岛	10
塔柱	10
塔蒂	10
填缝	10
墙围	10
墨染	10
墨蓝	10
壁墙	10
士曹	10
声振	10
壳敲	10
壳硬	10
夹卷	10
夹糕	10
奉朝	10
奋奋	10
奥茨	10
妃亦	10
妮仔	10
姓冯	10
姓宗	10
姓庄	10
姓曹	10
姬佬	10
姬圈	10
娃崽	10
孙勇	10
孙浩	10
孙涛	10
孤棚	10
守侯	10
宋官	10
宗召	10
宗崇	10
官寺	10
室井	10
宫侍	10
宫卫	10
密披	10
寒疾	10
寨乡	10
寨村	10
寸劲	10
寺丞	10
寺修	10
寺曾	10
寺石	10
寿街	10
封县	10
封寝	10
封忠	10
将夺	10
将杜	10
将沃	10
将陷	10
尚宫	10
尝谓	10
尤姓	10
尸臭	10
局授	10
局棋	10
层钢	10
属晋	10
属沈	10
屯站	10
山僧	10
山叠	10
岗岭	10
岭谷	10
岸港	10
峰村	10
崔泽	10
崔立	10
崽养	10
巡司	10
巨痒	10
巾丢	10
巾搭	10
巾擦	10
巾盖	10
希孟	10
帐内	10
帕坦	10
帖撒	10
帝皆	10
席亦	10
幕遮	10
幻紫	10
幻阁	10
庄羽	10
庆祥	10
床抬	10
床挨	10
床粘	10
库鲁	10
府丞	10
废喵	10
废郡	10
度颇	10
座殿	10
廷将	10
廷授	10
式插	10
弘忍	10
弦及	10
彪死	10
影拓	10
待朕	10
徒仍	10
御猫	10
微扬	10
德姬	10
德淘	10
德莉	10
忆君	10
忒忙	10
忒深	10
怒冲	10
急挫	10
恒昌	10
惟德	10
慈湖	10
慧兰	10
慧欣	10
憋乱	10
憨狗	10
懒喵	10
懒筋	10
懵仔	10
戈雅	10
扔窗	10
扔笔	10
托县	10
托瑞	10
扩列	10
批乘	10
抖屏	10
抚民	10
抛饼	10
披耶	10
抹淡	10
拓词	10
拨杆	10
挂胸	10
按奈	10
按尺	10
挖财	10
挣挣	10
挥旗	10
挨挨	10
捂臭	10
捏娃	10
捐捐	10
授爵	10
掌峰	10
掌邦	10
掐醒	10
搞姬	10
摆酷	10
摘茶	10
撑胃	10
撕嘴	10
撞警	10
撸喵	10
撸羊	10
敏佳	10
敢盯	10
敦巴	10
敲昏	10
斯卢	10
施仁	10
施雅	10
昆钢	10
昌谷	10
晋语	10
晓彬	10
晓芳	10
晓薇	10
晨洁	10
景监	10
景靓	10
晰晰	10
暗哑	10
暗嫩	10
暗斑	10
暗牧	10
曦总	10
曹曹	10
曼菲	10
曾患	10
替妳	10
朝仓	10
朝洪	10
朱博	10
朱唇	10
朱晨	10
朵唯	10
杀秦	10
杂蔬	10
权倾	10
杉妹	10
杉山	10
李崇	10
李弥	10
李恒	10
李楠	10
李添	10
李燃	10
李萍	10
李锐	10
杜赫	10
杨倩	10
杨艳	10
杨芳	10
杨辉	10
杯催	10
枪冲	10
柏溪	10
某烨	10
某篇	10
柠绿	10
柳玉	10
树芳	10
株树	10
桂昌	10
桃浦	10
桑森	10
桥冲	10
桥址	10
梁效	10
梁永	10
梅峰	10
梗梗	10
梦琦	10
棋具	10
森宣	10
森雅	10
植绒	10
横叉	10
横纵	10
横跳	10
欣羽	10
欲借	10
欲吐	10
欲夺	10
欲渡	10
止泄	10
武仁	10
毁毁	10
母孝	10
毛睿	10
毯毯	10
民叛	10
汇景	10
汉廷	10
江苑	10
污云	10
汤浓	10
汪伪	10
沃丁	10
沈导	10
沙姜	10
泄药	10
泉谷	10
泛泰	10
波亭	10
波嫂	10
泥膜	10
泽锋	10
洛迪	10
洲旗	10
派宋	10
派徐	10
派瑞	10
流呈	10
浇菜	10
浩洋	10
涉江	10
涛娃	10
渐露	10
渡航	10
溜坡	10
溪石	10
滑丝	10
滨滨	10
漆绘	10
澳港	10
炖鸭	10
炫雅	10
炭路	10
炮萝	10
炸射	10
炸尸	10
炸枣	10
烂根	10
烤脆	10
烫斗	10
热憨	10
煮咸	10
煮炒	10
熏吐	10
熟蒜	10
爆汁	10
爪鸡	10
爷捏	10
爸扔	10
狂抖	10
狂炫	10
狂胜	10
狐球	10
狗扒	10
狠踩	10
独狼	10
狮舞	10
狼尾	10
猪嫂	10
猪宰	10
猫趴	10
猴仔	10
猴爹	10
玉珊	10
玉琴	10
玉篇	10
王坟	10
王岭	10
王硕	10
王董	10
珠串	10
琴湾	10
瑞纳	10
瑞迪	10
瑟曼	10
瓜尖	10
瓜秃	10
瓷技	10
甘迟	10
甜菊	10
田嘉	10
田坎	10
田忠	10
田敏	10
由宰	10
由斜	10
由柯	10
由穆	10
甲螺	10
画叉	10
番黎	10
疑症	10
疼痒	10
痘毁	10
瘫尸	10
皆亡	10
皆封	10
皆川	10
皇廷	10
皮馅	10
盈隆	10
益蟹	10
盐烤	10
盒蓝	10
盗播	10
盲井	10
省巡	10
省监	10
眉夹	10
督督	10
瞎贫	10
矮闲	10
石崇	10
砂忍	10
砍菜	10
破拆	10
破陌	10
砸肿	10
硬陶	10
碎催	10
碑楼	10
碗蒜	10
碗蒸	10
碟或	10
碧丽	10
磊叔	10
祖欲	10
祥仔	10
祭仲	10
禁寺	10
禁苑	10
秋怡	10
秋楠	10
秋韵	10
租赋	10
秦廷	10
移液	10
移葬	10
稍具	10
稍欠	10
稳雯	10
窗吹	10
端登	10
竹盐	10
笨噢	10
笼式	10
筒或	10
籍官	10
籍警	10
粤匪	10
粥熬	10
糟卤	10
糯性	10
紫泥	10
紫芋	10
红蜡	10
纯芝	10
纳丹	10
纳亚	10
纳蒂	10
纸裹	10
纹胸	10
纽村	10
线绣	10
细胆	10
绕耳	10
绘风	10
绿瓦	10
缘粪	10
缠丝	10
缠腰	10
罐鸡	10
罗冠	10
罗迪	10
罗麦	10
罪罪	10
署向	10
羊炮	10
群愤	10
羽村	10
翠云	10
翼宗	10
翼镜	10
者寡	10
联轴	10
聚币	10
聚徒	10
肆客	10
肩练	10
育蓉	10
背谱	10
胖楠	10
胜寺	10
胞共	10
脂渣	10
脱焦	10
脸瘫	10
腿啃	10
腿扭	10
膜膜	10
臂或	10
臭贫	10
至刑	10
至曹	10
至湘	10
舅氏	10
舌侧	10
舞协	10
舞痴	10
舟渡	10
艘轻	10
艾勒	10
芋仔	10
芋饼	10
花坪	10
若尘	10
若菊	10
茶兑	10
草商	10
莎朗	10
莫塔	10
菇炖	10
菇煮	10
菊仙	10
菲欧	10
萨普	10
落樱	10
葛莱	10
董秘	10
葱末	10
蒂奥	10
蒋文	10
蒙泰	10
蒙皇	10
蒙郡	10
蒜台	10
蒸梨	10
蒸烤	10
蒸蟹	10
薄毯	10
薇唱	10
虎虾	10
虫吓	10
虫尾	10
虫爹	10
蠢汪	10
血燕	10
衫尾	10
袁木	10
袁袁	10
詹狗	10
训犬	10
讯处	10
设郡	10
诗怡	10
诗涵	10
诸夏	10
诸镇	10
诺邓	10
谷县	10
谷饶	10
豫菜	10
豹尾	10
貌俊	10
账先	10
贪耍	10
贼狠	10
贼蠢	10
赏鲸	10
赤井	10
赫布	10
赫敏	10
赴华	10
赴德	10
赴火	10
赴苏	10
赴黄	10
赵恒	10
赵石	10
踩坑	10
踩稳	10
踩箱	10
踪网	10
轩叔	10
轻抬	10
辽参	10
辽吉	10
迎奉	10
进屯	10
进巷	10
透膜	10
途途	10
逸豪	10
遂制	10
遂撤	10
遛圈	10
遭孽	10
遭惨	10
遭挤	10
遭暗	10
遭甩	10
遭盗	10
遭砍	10
邓恩	10
邓通	10
邦攻	10
邦硬	10
郑吉	10
郭峰	10
郭崇	10
郭庄	10
配蒜	10
酥香	10
酸咸	10
醉鹅	10
量忒	10
量悬	10
金框	10
金漆	10
金翠	10
金辉	10
金铭	10
金鹏	10
钟砸	10
铃玉	10
铃音	10
链配	10
销骨	10
锅寿	10
锤敲	10
镇兵	10
闯爷	10
闲妻	10
闻臭	10
队扩	10
防秃	10
阿彬	10
阿邓	10
陈启	10
陈姓	10
陈洪	10
陈绍	10
陈诗	10
陈雅	10
陵兵	10
陶勇	10
雅诺	10
雕佛	10
雪岩	10
雯宝	10
雯总	10
零诊	10
雷维	10
雾绕	10
雾迷	10
霍勒	10
霍童	10
霜染	10
露薇	10
霸榜	10
青杠	10
靓姨	10
靖南	10
靠制	10
靠德	10
韭叶	10
顶栏	10
项职	10
顾瑶	10
顿撑	10
颈肩	10
颗挂	10
颗蒜	10
颠趴	10
餐粥	10
饰板	10
饰纹	10
馀波	10
馆订	10
骨锁	10
魂魂	10
魏帝	10
鲜啤	10
鸟虫	10
鸦鸦	10
鸭粥	10
鹅仔	10
鹅翅	10
鹏叔	10
鹿撞	10
麦罗	10
黄橙	10
黄泽	10
黄翠	10
黑巫	10
鼠耳	10
齐膝	10
